filename,filepath,tsne_dim1,tsne_dim2
xtal_1.cif,./U3Si5/2/xtal_1.cif,-73.8004,8.579597
xtal_10.cif,./U3Si5/2/xtal_10.cif,-15.073331,8.02763
xtal_100.cif,./U3Si5/2/xtal_100.cif,14.872828,-106.53673
xtal_11.cif,./U3Si5/2/xtal_11.cif,69.610535,4.3617697
xtal_12.cif,./U3Si5/2/xtal_12.cif,21.784899,-50.335804
xtal_13.cif,./U3Si5/2/xtal_13.cif,-70.57592,-19.306932
xtal_14.cif,./U3Si5/2/xtal_14.cif,-45.41117,-50.343296
xtal_15.cif,./U3Si5/2/xtal_15.cif,-66.00189,67.7359
xtal_16.cif,./U3Si5/2/xtal_16.cif,-6.7925177,-30.718914
xtal_17.cif,./U3Si5/2/xtal_17.cif,8.458153,-84.751366
xtal_18.cif,./U3Si5/2/xtal_18.cif,22.66128,-57.479794
xtal_19.cif,./U3Si5/2/xtal_19.cif,-98.92798,0.030336572
xtal_2.cif,./U3Si5/2/xtal_2.cif,-5.938713,-33.33554
xtal_20.cif,./U3Si5/2/xtal_20.cif,-77.71055,4.188063
xtal_21.cif,./U3Si5/2/xtal_21.cif,-94.73196,36.210167
xtal_22.cif,./U3Si5/2/xtal_22.cif,-55.14045,-77.47692
xtal_23.cif,./U3Si5/2/xtal_23.cif,-42.600655,40.523525
xtal_24.cif,./U3Si5/2/xtal_24.cif,14.56177,-30.882654
xtal_25.cif,./U3Si5/2/xtal_25.cif,-40.28318,89.59142
xtal_26.cif,./U3Si5/2/xtal_26.cif,-101.64619,13.922072
xtal_27.cif,./U3Si5/2/xtal_27.cif,-5.6673455,-102.72867
xtal_28.cif,./U3Si5/2/xtal_28.cif,-42.60489,-46.560444
xtal_29.cif,./U3Si5/2/xtal_29.cif,-55.074158,-33.355053
xtal_3.cif,./U3Si5/2/xtal_3.cif,-6.5611024,-14.332452
xtal_30.cif,./U3Si5/2/xtal_30.cif,18.33964,-2.231944
xtal_31.cif,./U3Si5/2/xtal_31.cif,-6.2082944,-34.22563
xtal_32.cif,./U3Si5/2/xtal_32.cif,19.11505,-106.42417
xtal_33.cif,./U3Si5/2/xtal_33.cif,-26.985018,-96.372406
xtal_34.cif,./U3Si5/2/xtal_34.cif,50.623146,-69.98709
xtal_35.cif,./U3Si5/2/xtal_35.cif,18.22108,-106.788414
xtal_36.cif,./U3Si5/2/xtal_36.cif,-84.16717,-20.087435
xtal_37.cif,./U3Si5/2/xtal_37.cif,8.547907,-30.92137
xtal_38.cif,./U3Si5/2/xtal_38.cif,-85.23518,22.266819
xtal_39.cif,./U3Si5/2/xtal_39.cif,-88.63456,-27.488028
xtal_4.cif,./U3Si5/2/xtal_4.cif,20.30288,-55.660114
xtal_40.cif,./U3Si5/2/xtal_40.cif,-79.73765,5.514531
xtal_41.cif,./U3Si5/2/xtal_41.cif,-77.69962,28.111414
xtal_42.cif,./U3Si5/2/xtal_42.cif,9.619929,-39.07659
xtal_43.cif,./U3Si5/2/xtal_43.cif,8.484799,-10.935407
xtal_44.cif,./U3Si5/2/xtal_44.cif,-74.33526,9.321731
xtal_46.cif,./U3Si5/2/xtal_46.cif,-32.617104,-93.45352
xtal_47.cif,./U3Si5/2/xtal_47.cif,-74.09537,-64.77537
xtal_48.cif,./U3Si5/2/xtal_48.cif,9.637212,-31.093157
xtal_49.cif,./U3Si5/2/xtal_49.cif,7.625948,-44.941853
xtal_5.cif,./U3Si5/2/xtal_5.cif,7.203206,-43.230133
xtal_50.cif,./U3Si5/2/xtal_50.cif,-9.658099,-102.99318
xtal_51.cif,./U3Si5/2/xtal_51.cif,7.7699428,-44.08095
xtal_52.cif,./U3Si5/2/xtal_52.cif,-5.553122,-32.273453
xtal_53.cif,./U3Si5/2/xtal_53.cif,33.18495,-2.2769516
xtal_54.cif,./U3Si5/2/xtal_54.cif,-52.669685,-25.685873
xtal_55.cif,./U3Si5/2/xtal_55.cif,-44.02785,96.41483
xtal_56.cif,./U3Si5/2/xtal_56.cif,8.090176,-98.734795
xtal_57.cif,./U3Si5/2/xtal_57.cif,-54.764996,-33.34497
xtal_58.cif,./U3Si5/2/xtal_58.cif,46.99764,-21.592155
xtal_59.cif,./U3Si5/2/xtal_59.cif,7.317816,-43.23801
xtal_60.cif,./U3Si5/2/xtal_60.cif,-3.8172736,-102.829254
xtal_61.cif,./U3Si5/2/xtal_61.cif,-8.159082,-16.013014
xtal_62.cif,./U3Si5/2/xtal_62.cif,35.282047,-96.843445
xtal_63.cif,./U3Si5/2/xtal_63.cif,-30.610441,-87.4191
xtal_64.cif,./U3Si5/2/xtal_64.cif,-6.0332265,-33.368267
xtal_65.cif,./U3Si5/2/xtal_65.cif,-25.10067,-91.32993
xtal_66.cif,./U3Si5/2/xtal_66.cif,-72.962685,-65.20138
xtal_67.cif,./U3Si5/2/xtal_67.cif,-55.10676,80.070366
xtal_68.cif,./U3Si5/2/xtal_68.cif,-67.42145,65.76826
xtal_69.cif,./U3Si5/2/xtal_69.cif,-9.805542,-88.6467
xtal_7.cif,./U3Si5/2/xtal_7.cif,-7.7364597,-99.881256
xtal_70.cif,./U3Si5/2/xtal_70.cif,-73.996284,14.876027
xtal_71.cif,./U3Si5/2/xtal_71.cif,16.110973,-53.747066
xtal_72.cif,./U3Si5/2/xtal_72.cif,-32.151264,-93.60356
xtal_73.cif,./U3Si5/2/xtal_73.cif,-41.43259,-70.91994
xtal_74.cif,./U3Si5/2/xtal_74.cif,26.279512,-73.97453
xtal_75.cif,./U3Si5/2/xtal_75.cif,-49.9616,-33.57732
xtal_76.cif,./U3Si5/2/xtal_76.cif,-79.70824,10.333029
xtal_77.cif,./U3Si5/2/xtal_77.cif,8.2809725,-85.52505
xtal_78.cif,./U3Si5/2/xtal_78.cif,27.299643,-47.94798
xtal_79.cif,./U3Si5/2/xtal_79.cif,19.77214,-54.631905
xtal_8.cif,./U3Si5/2/xtal_8.cif,-47.243988,94.6095
xtal_80.cif,./U3Si5/2/xtal_80.cif,-65.596886,58.81244
xtal_81.cif,./U3Si5/2/xtal_81.cif,-85.47647,29.002083
xtal_82.cif,./U3Si5/2/xtal_82.cif,-1.4831655,-25.591717
xtal_83.cif,./U3Si5/2/xtal_83.cif,-83.78218,44.26169
xtal_84.cif,./U3Si5/2/xtal_84.cif,-71.545135,13.228468
xtal_85.cif,./U3Si5/2/xtal_85.cif,-56.287582,84.15453
xtal_86.cif,./U3Si5/2/xtal_86.cif,-83.4614,41.048244
xtal_87.cif,./U3Si5/2/xtal_87.cif,28.048237,3.9770129
xtal_88.cif,./U3Si5/2/xtal_88.cif,-77.33204,7.9014444
xtal_89.cif,./U3Si5/2/xtal_89.cif,-22.179022,108.25027
xtal_9.cif,./U3Si5/2/xtal_9.cif,-43.169685,-53.01156
xtal_90.cif,./U3Si5/2/xtal_90.cif,-90.578804,-19.357496
xtal_91.cif,./U3Si5/2/xtal_91.cif,-70.44501,57.75427
xtal_92.cif,./U3Si5/2/xtal_92.cif,-81.99412,-4.437091
xtal_93.cif,./U3Si5/2/xtal_93.cif,-56.30741,83.697014
xtal_94.cif,./U3Si5/2/xtal_94.cif,17.359997,-104.243774
xtal_95.cif,./U3Si5/2/xtal_95.cif,14.982746,-40.193073
xtal_96.cif,./U3Si5/2/xtal_96.cif,-81.11748,26.497313
xtal_97.cif,./U3Si5/2/xtal_97.cif,19.230385,-36.12322
xtal_98.cif,./U3Si5/2/xtal_98.cif,15.183635,-45.5503
xtal_99.cif,./U3Si5/2/xtal_99.cif,19.61412,-106.68546
xtal_10.cif,./U3Si5/3/xtal_10.cif,47.212593,-21.246874
xtal_100.cif,./U3Si5/3/xtal_100.cif,-76.92855,28.523874
xtal_11.cif,./U3Si5/3/xtal_11.cif,-45.05705,94.919334
xtal_12.cif,./U3Si5/3/xtal_12.cif,7.9238033,45.598186
xtal_13.cif,./U3Si5/3/xtal_13.cif,26.541883,85.57512
xtal_14.cif,./U3Si5/3/xtal_14.cif,-86.63943,-2.0879447
xtal_15.cif,./U3Si5/3/xtal_15.cif,25.513454,-45.090504
xtal_16.cif,./U3Si5/3/xtal_16.cif,38.950226,57.249992
xtal_17.cif,./U3Si5/3/xtal_17.cif,48.58615,43.990997
xtal_19.cif,./U3Si5/3/xtal_19.cif,7.3618507,-16.665138
xtal_2.cif,./U3Si5/3/xtal_2.cif,-50.772488,-35.415585
xtal_20.cif,./U3Si5/3/xtal_20.cif,-55.731453,77.41123
xtal_21.cif,./U3Si5/3/xtal_21.cif,-82.83112,29.152184
xtal_24.cif,./U3Si5/3/xtal_24.cif,-8.491116,-93.34002
xtal_25.cif,./U3Si5/3/xtal_25.cif,-81.82814,26.177431
xtal_26.cif,./U3Si5/3/xtal_26.cif,26.65623,73.53312
xtal_29.cif,./U3Si5/3/xtal_29.cif,18.013897,-30.119776
xtal_3.cif,./U3Si5/3/xtal_3.cif,-15.596555,8.933194
xtal_33.cif,./U3Si5/3/xtal_33.cif,-83.56051,-25.021711
xtal_34.cif,./U3Si5/3/xtal_34.cif,8.200804,104.845566
xtal_35.cif,./U3Si5/3/xtal_35.cif,-87.11108,52.71128
xtal_36.cif,./U3Si5/3/xtal_36.cif,-75.71458,4.3946347
xtal_39.cif,./U3Si5/3/xtal_39.cif,-32.454815,-89.87904
xtal_40.cif,./U3Si5/3/xtal_40.cif,-83.271286,17.127298
xtal_42.cif,./U3Si5/3/xtal_42.cif,-87.31792,47.454357
xtal_46.cif,./U3Si5/3/xtal_46.cif,5.137489,106.936966
xtal_47.cif,./U3Si5/3/xtal_47.cif,12.650733,4.1439934
xtal_48.cif,./U3Si5/3/xtal_48.cif,36.968376,78.1415
xtal_49.cif,./U3Si5/3/xtal_49.cif,-6.0513716,-22.608664
xtal_5.cif,./U3Si5/3/xtal_5.cif,-62.409805,76.30798
xtal_50.cif,./U3Si5/3/xtal_50.cif,26.184511,83.70549
xtal_52.cif,./U3Si5/3/xtal_52.cif,-83.695435,29.525728
xtal_53.cif,./U3Si5/3/xtal_53.cif,-58.45359,79.462715
xtal_54.cif,./U3Si5/3/xtal_54.cif,-86.737076,18.363361
xtal_56.cif,./U3Si5/3/xtal_56.cif,-48.80532,94.0105
xtal_57.cif,./U3Si5/3/xtal_57.cif,-73.84156,6.290905
xtal_58.cif,./U3Si5/3/xtal_58.cif,27.7368,14.388805
xtal_59.cif,./U3Si5/3/xtal_59.cif,-84.05869,-33.93048
xtal_6.cif,./U3Si5/3/xtal_6.cif,10.892604,-40.690037
xtal_61.cif,./U3Si5/3/xtal_61.cif,-54.04316,75.440506
xtal_62.cif,./U3Si5/3/xtal_62.cif,-50.24635,-39.567604
xtal_63.cif,./U3Si5/3/xtal_63.cif,-51.469334,-28.195282
xtal_64.cif,./U3Si5/3/xtal_64.cif,28.350887,-35.07123
xtal_66.cif,./U3Si5/3/xtal_66.cif,-2.9642577,9.070144
xtal_67.cif,./U3Si5/3/xtal_67.cif,-72.94507,69.48765
xtal_68.cif,./U3Si5/3/xtal_68.cif,-85.318886,54.669632
xtal_70.cif,./U3Si5/3/xtal_70.cif,27.968527,72.270676
xtal_72.cif,./U3Si5/3/xtal_72.cif,-78.908066,13.611903
xtal_73.cif,./U3Si5/3/xtal_73.cif,-41.113205,98.0414
xtal_74.cif,./U3Si5/3/xtal_74.cif,-42.703625,100.82258
xtal_75.cif,./U3Si5/3/xtal_75.cif,16.666773,22.287453
xtal_77.cif,./U3Si5/3/xtal_77.cif,-72.035965,8.469157
xtal_78.cif,./U3Si5/3/xtal_78.cif,-39.88876,103.582695
xtal_79.cif,./U3Si5/3/xtal_79.cif,-41.47127,79.91258
xtal_8.cif,./U3Si5/3/xtal_8.cif,-1.5354356,1.1818492
xtal_84.cif,./U3Si5/3/xtal_84.cif,34.18854,83.67145
xtal_86.cif,./U3Si5/3/xtal_86.cif,37.087337,-9.831611
xtal_89.cif,./U3Si5/3/xtal_89.cif,17.81923,-30.708538
xtal_90.cif,./U3Si5/3/xtal_90.cif,6.5248246,-86.974525
xtal_91.cif,./U3Si5/3/xtal_91.cif,-12.938344,7.896864
xtal_93.cif,./U3Si5/3/xtal_93.cif,1.9842169,109.56131
xtal_94.cif,./U3Si5/3/xtal_94.cif,-12.628491,106.63693
xtal_95.cif,./U3Si5/3/xtal_95.cif,25.343252,75.130615
xtal_97.cif,./U3Si5/3/xtal_97.cif,-34.028336,89.51876
xtal_98.cif,./U3Si5/3/xtal_98.cif,-82.55822,-8.721597
xtal_99.cif,./U3Si5/3/xtal_99.cif,-78.102135,53.318035
xtal_100.cif,./U3Si5/4/xtal_100.cif,-73.84465,14.850589
xtal_12.cif,./U3Si5/4/xtal_12.cif,-60.05706,-36.811287
xtal_14.cif,./U3Si5/4/xtal_14.cif,-30.079098,106.25721
xtal_15.cif,./U3Si5/4/xtal_15.cif,-50.23829,72.24074
xtal_16.cif,./U3Si5/4/xtal_16.cif,-77.503044,-3.1795678
xtal_17.cif,./U3Si5/4/xtal_17.cif,-14.351846,110.573784
xtal_2.cif,./U3Si5/4/xtal_2.cif,-69.98617,74.86424
xtal_20.cif,./U3Si5/4/xtal_20.cif,8.948781,-23.972914
xtal_23.cif,./U3Si5/4/xtal_23.cif,3.9217813,-17.083809
xtal_25.cif,./U3Si5/4/xtal_25.cif,45.740356,-17.633417
xtal_26.cif,./U3Si5/4/xtal_26.cif,45.452248,-18.129559
xtal_27.cif,./U3Si5/4/xtal_27.cif,-83.15311,24.698822
xtal_29.cif,./U3Si5/4/xtal_29.cif,-54.61041,75.83138
xtal_3.cif,./U3Si5/4/xtal_3.cif,-20.234724,-30.93467
xtal_30.cif,./U3Si5/4/xtal_30.cif,23.277946,-12.400963
xtal_31.cif,./U3Si5/4/xtal_31.cif,-12.685014,-9.740654
xtal_33.cif,./U3Si5/4/xtal_33.cif,-85.35455,53.352512
xtal_34.cif,./U3Si5/4/xtal_34.cif,-77.24376,15.539925
xtal_37.cif,./U3Si5/4/xtal_37.cif,23.084517,10.246588
xtal_38.cif,./U3Si5/4/xtal_38.cif,-69.10751,74.87591
xtal_39.cif,./U3Si5/4/xtal_39.cif,-61.44666,-32.232864
xtal_4.cif,./U3Si5/4/xtal_4.cif,-50.117485,-34.505245
xtal_40.cif,./U3Si5/4/xtal_40.cif,39.35644,-19.563799
xtal_42.cif,./U3Si5/4/xtal_42.cif,-96.79724,22.768747
xtal_43.cif,./U3Si5/4/xtal_43.cif,-40.31547,98.94801
xtal_44.cif,./U3Si5/4/xtal_44.cif,21.069588,-36.246716
xtal_47.cif,./U3Si5/4/xtal_47.cif,5.8297253,-16.9161
xtal_50.cif,./U3Si5/4/xtal_50.cif,32.739323,-19.142153
xtal_52.cif,./U3Si5/4/xtal_52.cif,-20.75469,108.26173
xtal_53.cif,./U3Si5/4/xtal_53.cif,19.617067,-39.47205
xtal_54.cif,./U3Si5/4/xtal_54.cif,39.998505,-18.441694
xtal_55.cif,./U3Si5/4/xtal_55.cif,-86.786476,-2.4050117
xtal_56.cif,./U3Si5/4/xtal_56.cif,28.488127,-23.940351
xtal_58.cif,./U3Si5/4/xtal_58.cif,-44.98892,-51.58013
xtal_59.cif,./U3Si5/4/xtal_59.cif,-11.664319,110.22377
xtal_61.cif,./U3Si5/4/xtal_61.cif,7.9046474,44.64995
xtal_63.cif,./U3Si5/4/xtal_63.cif,44.23276,-17.953192
xtal_65.cif,./U3Si5/4/xtal_65.cif,-55.28488,80.330795
xtal_66.cif,./U3Si5/4/xtal_66.cif,-78.04916,14.760166
xtal_68.cif,./U3Si5/4/xtal_68.cif,-60.761604,-36.93739
xtal_69.cif,./U3Si5/4/xtal_69.cif,43.947273,-19.005873
xtal_7.cif,./U3Si5/4/xtal_7.cif,-84.9301,29.609985
xtal_70.cif,./U3Si5/4/xtal_70.cif,19.887379,-36.59448
xtal_71.cif,./U3Si5/4/xtal_71.cif,30.939064,-20.775473
xtal_72.cif,./U3Si5/4/xtal_72.cif,41.052692,-24.343655
xtal_73.cif,./U3Si5/4/xtal_73.cif,-3.7154217,-26.318771
xtal_75.cif,./U3Si5/4/xtal_75.cif,-81.60481,-3.749333
xtal_76.cif,./U3Si5/4/xtal_76.cif,-52.28028,-32.277466
xtal_77.cif,./U3Si5/4/xtal_77.cif,-45.130188,96.06351
xtal_78.cif,./U3Si5/4/xtal_78.cif,-90.6328,44.35261
xtal_80.cif,./U3Si5/4/xtal_80.cif,-80.857124,-8.132729
xtal_81.cif,./U3Si5/4/xtal_81.cif,-77.64516,-3.287982
xtal_82.cif,./U3Si5/4/xtal_82.cif,39.35858,-16.803415
xtal_83.cif,./U3Si5/4/xtal_83.cif,-90.84031,-18.316721
xtal_84.cif,./U3Si5/4/xtal_84.cif,23.08669,10.259176
xtal_88.cif,./U3Si5/4/xtal_88.cif,-77.71703,64.335915
xtal_92.cif,./U3Si5/4/xtal_92.cif,-72.000404,9.042504
xtal_93.cif,./U3Si5/4/xtal_93.cif,-82.645485,42.6974
xtal_94.cif,./U3Si5/4/xtal_94.cif,40.067234,-22.046915
xtal_95.cif,./U3Si5/4/xtal_95.cif,-81.030495,13.115378
xtal_98.cif,./U3Si5/4/xtal_98.cif,-77.48696,15.539707
xtal_10.cif,./U3Si5/5/xtal_10.cif,22.497473,-4.776691
xtal_12.cif,./U3Si5/5/xtal_12.cif,24.425955,74.84904
xtal_14.cif,./U3Si5/5/xtal_14.cif,27.880135,20.727535
xtal_16.cif,./U3Si5/5/xtal_16.cif,-91.368484,37.147472
xtal_17.cif,./U3Si5/5/xtal_17.cif,-6.9834223,-15.572583
xtal_19.cif,./U3Si5/5/xtal_19.cif,-60.019073,54.71877
xtal_2.cif,./U3Si5/5/xtal_2.cif,-5.808317,-26.795467
xtal_23.cif,./U3Si5/5/xtal_23.cif,-69.96084,73.3956
xtal_26.cif,./U3Si5/5/xtal_26.cif,24.559443,46.572247
xtal_28.cif,./U3Si5/5/xtal_28.cif,-77.41694,40.586563
xtal_29.cif,./U3Si5/5/xtal_29.cif,31.763893,35.114117
xtal_3.cif,./U3Si5/5/xtal_3.cif,-13.490101,-13.068439
xtal_31.cif,./U3Si5/5/xtal_31.cif,-54.87846,80.59304
xtal_32.cif,./U3Si5/5/xtal_32.cif,23.06567,11.152403
xtal_33.cif,./U3Si5/5/xtal_33.cif,39.947598,-24.978153
xtal_35.cif,./U3Si5/5/xtal_35.cif,12.197531,-27.547955
xtal_36.cif,./U3Si5/5/xtal_36.cif,16.766745,-30.221535
xtal_38.cif,./U3Si5/5/xtal_38.cif,24.099907,34.671227
xtal_4.cif,./U3Si5/5/xtal_4.cif,24.80309,8.248919
xtal_40.cif,./U3Si5/5/xtal_40.cif,23.894941,-32.184387
xtal_43.cif,./U3Si5/5/xtal_43.cif,23.970432,39.86984
xtal_44.cif,./U3Si5/5/xtal_44.cif,-32.787426,-28.583145
xtal_45.cif,./U3Si5/5/xtal_45.cif,4.5227747,104.84641
xtal_47.cif,./U3Si5/5/xtal_47.cif,42.64781,44.522068
xtal_48.cif,./U3Si5/5/xtal_48.cif,15.976526,-29.43219
xtal_49.cif,./U3Si5/5/xtal_49.cif,-58.248917,79.125916
xtal_5.cif,./U3Si5/5/xtal_5.cif,47.711124,-21.550997
xtal_53.cif,./U3Si5/5/xtal_53.cif,-15.108716,110.05146
xtal_54.cif,./U3Si5/5/xtal_54.cif,-76.07262,16.872423
xtal_55.cif,./U3Si5/5/xtal_55.cif,-69.70288,3.2632537
xtal_57.cif,./U3Si5/5/xtal_57.cif,44.654655,72.95473
xtal_59.cif,./U3Si5/5/xtal_59.cif,-76.99867,58.79017
xtal_6.cif,./U3Si5/5/xtal_6.cif,-56.013664,75.85944
xtal_61.cif,./U3Si5/5/xtal_61.cif,-71.63803,13.7387
xtal_63.cif,./U3Si5/5/xtal_63.cif,-83.77264,26.559801
xtal_66.cif,./U3Si5/5/xtal_66.cif,-7.527013,109.99628
xtal_68.cif,./U3Si5/5/xtal_68.cif,-84.41679,28.477709
xtal_69.cif,./U3Si5/5/xtal_69.cif,22.287325,14.013175
xtal_72.cif,./U3Si5/5/xtal_72.cif,-29.38694,116.62582
xtal_73.cif,./U3Si5/5/xtal_73.cif,-18.895824,106.65538
xtal_74.cif,./U3Si5/5/xtal_74.cif,-41.163002,-70.90868
xtal_79.cif,./U3Si5/5/xtal_79.cif,5.6338634,-83.735275
xtal_8.cif,./U3Si5/5/xtal_8.cif,16.977674,-13.730359
xtal_80.cif,./U3Si5/5/xtal_80.cif,10.527463,-86.88719
xtal_81.cif,./U3Si5/5/xtal_81.cif,-10.019824,110.48674
xtal_84.cif,./U3Si5/5/xtal_84.cif,4.834311,48.54914
xtal_85.cif,./U3Si5/5/xtal_85.cif,-96.84725,34.9696
xtal_87.cif,./U3Si5/5/xtal_87.cif,56.59781,72.70692
xtal_88.cif,./U3Si5/5/xtal_88.cif,-6.7866683,105.6484
xtal_9.cif,./U3Si5/5/xtal_9.cif,41.87732,-27.195177
xtal_90.cif,./U3Si5/5/xtal_90.cif,5.95707,-18.117537
xtal_92.cif,./U3Si5/5/xtal_92.cif,30.747438,30.186563
xtal_95.cif,./U3Si5/5/xtal_95.cif,9.585079,-40.896088
xtal_99.cif,./U3Si5/5/xtal_99.cif,-96.96267,31.306215
xtal_1.cif,./U3Si5/6/xtal_1.cif,-38.41513,99.41574
xtal_10.cif,./U3Si5/6/xtal_10.cif,-71.65938,13.217155
xtal_100.cif,./U3Si5/6/xtal_100.cif,49.301853,44.397686
xtal_17.cif,./U3Si5/6/xtal_17.cif,-84.54227,39.54023
xtal_2.cif,./U3Si5/6/xtal_2.cif,38.31887,56.632553
xtal_20.cif,./U3Si5/6/xtal_20.cif,-2.7905762,2.9975495
xtal_22.cif,./U3Si5/6/xtal_22.cif,27.844961,72.94807
xtal_23.cif,./U3Si5/6/xtal_23.cif,-76.57404,5.6892915
xtal_27.cif,./U3Si5/6/xtal_27.cif,-85.73078,-32.564667
xtal_28.cif,./U3Si5/6/xtal_28.cif,-34.610394,-8.837189
xtal_29.cif,./U3Si5/6/xtal_29.cif,-73.51314,61.038998
xtal_31.cif,./U3Si5/6/xtal_31.cif,6.4087048,48.55286
xtal_34.cif,./U3Si5/6/xtal_34.cif,-81.414856,39.972015
xtal_35.cif,./U3Si5/6/xtal_35.cif,7.284811,-11.6899605
xtal_37.cif,./U3Si5/6/xtal_37.cif,38.017834,-6.4679565
xtal_39.cif,./U3Si5/6/xtal_39.cif,-82.606415,57.26107
xtal_41.cif,./U3Si5/6/xtal_41.cif,-30.30423,106.27902
xtal_42.cif,./U3Si5/6/xtal_42.cif,0.13135831,38.006783
xtal_43.cif,./U3Si5/6/xtal_43.cif,33.716167,74.726456
xtal_44.cif,./U3Si5/6/xtal_44.cif,32.958843,78.04474
xtal_51.cif,./U3Si5/6/xtal_51.cif,39.70881,-18.046867
xtal_53.cif,./U3Si5/6/xtal_53.cif,11.961872,32.528465
xtal_54.cif,./U3Si5/6/xtal_54.cif,-74.171234,15.213513
xtal_57.cif,./U3Si5/6/xtal_57.cif,-11.468874,-14.661128
xtal_59.cif,./U3Si5/6/xtal_59.cif,9.74916,-32.75802
xtal_61.cif,./U3Si5/6/xtal_61.cif,16.726421,-13.718651
xtal_64.cif,./U3Si5/6/xtal_64.cif,22.66314,-31.087627
xtal_69.cif,./U3Si5/6/xtal_69.cif,-7.266192,-101.49462
xtal_74.cif,./U3Si5/6/xtal_74.cif,24.035662,39.929436
xtal_75.cif,./U3Si5/6/xtal_75.cif,-6.6304474,109.55238
xtal_77.cif,./U3Si5/6/xtal_77.cif,-75.41701,-3.3202126
xtal_80.cif,./U3Si5/6/xtal_80.cif,-45.83554,97.65223
xtal_82.cif,./U3Si5/6/xtal_82.cif,-75.64419,24.719397
xtal_83.cif,./U3Si5/6/xtal_83.cif,-3.4913824,-34.062393
xtal_84.cif,./U3Si5/6/xtal_84.cif,11.977864,30.34772
xtal_85.cif,./U3Si5/6/xtal_85.cif,37.634018,-5.8716693
xtal_87.cif,./U3Si5/6/xtal_87.cif,13.398042,35.937298
xtal_88.cif,./U3Si5/6/xtal_88.cif,39.426476,-17.05618
xtal_9.cif,./U3Si5/6/xtal_9.cif,-8.685726,-18.126081
xtal_92.cif,./U3Si5/6/xtal_92.cif,19.452772,12.440838
xtal_94.cif,./U3Si5/6/xtal_94.cif,-70.92418,-2.896241
xtal_95.cif,./U3Si5/6/xtal_95.cif,-4.07008,4.985215
xtal_96.cif,./U3Si5/6/xtal_96.cif,12.326344,-30.115093
xtal_98.cif,./U3Si5/6/xtal_98.cif,2.3305538,36.83444
xtal_1.cif,./U3Si5/7/xtal_1.cif,-46.063206,-52.445084
xtal_10.cif,./U3Si5/7/xtal_10.cif,-79.13946,-3.6384776
xtal_100.cif,./U3Si5/7/xtal_100.cif,33.851917,75.53698
xtal_11.cif,./U3Si5/7/xtal_11.cif,-54.387737,75.43945
xtal_12.cif,./U3Si5/7/xtal_12.cif,-70.33627,72.62071
xtal_13.cif,./U3Si5/7/xtal_13.cif,21.852325,-35.612514
xtal_14.cif,./U3Si5/7/xtal_14.cif,-6.115787,-10.515264
xtal_15.cif,./U3Si5/7/xtal_15.cif,-72.34919,7.7488923
xtal_16.cif,./U3Si5/7/xtal_16.cif,17.460358,71.179825
xtal_17.cif,./U3Si5/7/xtal_17.cif,23.128744,11.599402
xtal_18.cif,./U3Si5/7/xtal_18.cif,-11.89745,-10.846626
xtal_19.cif,./U3Si5/7/xtal_19.cif,15.779447,-25.530579
xtal_2.cif,./U3Si5/7/xtal_2.cif,-43.054245,-47.052944
xtal_20.cif,./U3Si5/7/xtal_20.cif,35.939754,-9.302902
xtal_21.cif,./U3Si5/7/xtal_21.cif,-75.43377,5.8297167
xtal_22.cif,./U3Si5/7/xtal_22.cif,7.61266,0.8303437
xtal_23.cif,./U3Si5/7/xtal_23.cif,12.478624,-41.384098
xtal_24.cif,./U3Si5/7/xtal_24.cif,-41.614105,-70.614006
xtal_25.cif,./U3Si5/7/xtal_25.cif,-4.653797,2.5332708
xtal_26.cif,./U3Si5/7/xtal_26.cif,30.47909,-69.54514
xtal_27.cif,./U3Si5/7/xtal_27.cif,-5.193696,-28.571297
xtal_28.cif,./U3Si5/7/xtal_28.cif,22.193186,73.56325
xtal_29.cif,./U3Si5/7/xtal_29.cif,-10.579553,-16.278814
xtal_3.cif,./U3Si5/7/xtal_3.cif,29.50668,-20.311262
xtal_30.cif,./U3Si5/7/xtal_30.cif,-54.529503,-29.175993
xtal_31.cif,./U3Si5/7/xtal_31.cif,16.887877,-36.641743
xtal_32.cif,./U3Si5/7/xtal_32.cif,13.94286,-26.09288
xtal_33.cif,./U3Si5/7/xtal_33.cif,-59.35196,52.76814
xtal_34.cif,./U3Si5/7/xtal_34.cif,-5.993174,-27.093493
xtal_35.cif,./U3Si5/7/xtal_35.cif,-60.035168,54.33558
xtal_36.cif,./U3Si5/7/xtal_36.cif,-10.798815,-18.219528
xtal_37.cif,./U3Si5/7/xtal_37.cif,22.577574,-35.13616
xtal_38.cif,./U3Si5/7/xtal_38.cif,-49.876343,-33.427288
xtal_39.cif,./U3Si5/7/xtal_39.cif,-72.69662,15.107811
xtal_4.cif,./U3Si5/7/xtal_4.cif,-7.2859077,-34.623592
xtal_40.cif,./U3Si5/7/xtal_40.cif,-84.60287,22.88811
xtal_41.cif,./U3Si5/7/xtal_41.cif,-67.37721,65.73437
xtal_42.cif,./U3Si5/7/xtal_42.cif,-5.641166,-28.660698
xtal_43.cif,./U3Si5/7/xtal_43.cif,39.328743,-17.740664
xtal_44.cif,./U3Si5/7/xtal_44.cif,15.989022,18.524315
xtal_46.cif,./U3Si5/7/xtal_46.cif,24.418835,74.15018
xtal_47.cif,./U3Si5/7/xtal_47.cif,-20.084343,-30.124952
xtal_48.cif,./U3Si5/7/xtal_48.cif,32.724155,91.22034
xtal_49.cif,./U3Si5/7/xtal_49.cif,-9.82396,32.46457
xtal_5.cif,./U3Si5/7/xtal_5.cif,26.592299,48.091064
xtal_50.cif,./U3Si5/7/xtal_50.cif,40.752224,-17.310377
xtal_52.cif,./U3Si5/7/xtal_52.cif,-13.022331,-12.793249
xtal_53.cif,./U3Si5/7/xtal_53.cif,19.65041,-30.445133
xtal_54.cif,./U3Si5/7/xtal_54.cif,-81.94787,25.10937
xtal_55.cif,./U3Si5/7/xtal_55.cif,46.93952,-21.857115
xtal_56.cif,./U3Si5/7/xtal_56.cif,25.683292,2.4648879
xtal_57.cif,./U3Si5/7/xtal_57.cif,-33.043114,106.96584
xtal_58.cif,./U3Si5/7/xtal_58.cif,36.53905,42.037357
xtal_59.cif,./U3Si5/7/xtal_59.cif,-78.949875,13.433157
xtal_6.cif,./U3Si5/7/xtal_6.cif,-3.4338665,-72.97607
xtal_60.cif,./U3Si5/7/xtal_60.cif,6.4910693,47.525818
xtal_61.cif,./U3Si5/7/xtal_61.cif,-79.053215,4.3919
xtal_62.cif,./U3Si5/7/xtal_62.cif,-82.52084,-33.02318
xtal_63.cif,./U3Si5/7/xtal_63.cif,-93.7427,-4.8706527
xtal_64.cif,./U3Si5/7/xtal_64.cif,-9.865741,-15.107276
xtal_65.cif,./U3Si5/7/xtal_65.cif,13.838599,4.8421564
xtal_66.cif,./U3Si5/7/xtal_66.cif,0.49529353,37.902523
xtal_67.cif,./U3Si5/7/xtal_67.cif,-57.77966,53.440235
xtal_68.cif,./U3Si5/7/xtal_68.cif,-11.753564,-12.070557
xtal_69.cif,./U3Si5/7/xtal_69.cif,-49.882885,-33.148083
xtal_7.cif,./U3Si5/7/xtal_7.cif,32.889214,-21.578531
xtal_70.cif,./U3Si5/7/xtal_70.cif,-80.07044,10.317721
xtal_71.cif,./U3Si5/7/xtal_71.cif,1.353519,112.33871
xtal_72.cif,./U3Si5/7/xtal_72.cif,13.378132,-29.044258
xtal_73.cif,./U3Si5/7/xtal_73.cif,20.854681,69.582924
xtal_74.cif,./U3Si5/7/xtal_74.cif,-6.226499,-27.817879
xtal_75.cif,./U3Si5/7/xtal_75.cif,-73.17167,43.390507
xtal_76.cif,./U3Si5/7/xtal_76.cif,-82.43495,29.118742
xtal_77.cif,./U3Si5/7/xtal_77.cif,37.530766,-20.842907
xtal_78.cif,./U3Si5/7/xtal_78.cif,-7.733923,-15.62447
xtal_79.cif,./U3Si5/7/xtal_79.cif,-19.060505,-30.494879
xtal_8.cif,./U3Si5/7/xtal_8.cif,-80.75392,-5.477147
xtal_80.cif,./U3Si5/7/xtal_80.cif,-9.110099,-12.118465
xtal_81.cif,./U3Si5/7/xtal_81.cif,-93.63905,-9.710371
xtal_82.cif,./U3Si5/7/xtal_82.cif,30.866404,71.99023
xtal_83.cif,./U3Si5/7/xtal_83.cif,-23.476757,109.00618
xtal_84.cif,./U3Si5/7/xtal_84.cif,-10.727334,-15.052108
xtal_85.cif,./U3Si5/7/xtal_85.cif,25.38463,71.15935
xtal_86.cif,./U3Si5/7/xtal_86.cif,-60.967846,-32.631664
xtal_87.cif,./U3Si5/7/xtal_87.cif,-3.0199149,-103.11677
xtal_88.cif,./U3Si5/7/xtal_88.cif,17.590267,-13.744995
xtal_89.cif,./U3Si5/7/xtal_89.cif,-20.37621,-31.245306
xtal_9.cif,./U3Si5/7/xtal_9.cif,-31.303026,-90.10829
xtal_90.cif,./U3Si5/7/xtal_90.cif,34.132343,83.34314
xtal_91.cif,./U3Si5/7/xtal_91.cif,25.86455,35.63781
xtal_92.cif,./U3Si5/7/xtal_92.cif,-74.304436,1.2657374
xtal_93.cif,./U3Si5/7/xtal_93.cif,-11.139447,110.44874
xtal_94.cif,./U3Si5/7/xtal_94.cif,-7.8077965,-20.178816
xtal_95.cif,./U3Si5/7/xtal_95.cif,-7.4523034,-90.70369
xtal_96.cif,./U3Si5/7/xtal_96.cif,-40.684494,98.624596
xtal_97.cif,./U3Si5/7/xtal_97.cif,29.422033,-21.49288
xtal_98.cif,./U3Si5/7/xtal_98.cif,-14.833919,29.98866
xtal_99.cif,./U3Si5/7/xtal_99.cif,-68.21937,65.34924
xtal_1.cif,./U3Si5/8/xtal_1.cif,32.55914,89.166504
xtal_10.cif,./U3Si5/8/xtal_10.cif,22.745663,72.600136
xtal_100.cif,./U3Si5/8/xtal_100.cif,-89.65956,0.46224687
xtal_13.cif,./U3Si5/8/xtal_13.cif,0.5483556,110.20828
xtal_14.cif,./U3Si5/8/xtal_14.cif,-74.44519,28.445002
xtal_15.cif,./U3Si5/8/xtal_15.cif,30.613396,41.99637
xtal_16.cif,./U3Si5/8/xtal_16.cif,40.50959,-10.454512
xtal_17.cif,./U3Si5/8/xtal_17.cif,49.078644,44.284683
xtal_18.cif,./U3Si5/8/xtal_18.cif,29.588095,42.78881
xtal_2.cif,./U3Si5/8/xtal_2.cif,18.813498,36.29952
xtal_25.cif,./U3Si5/8/xtal_25.cif,25.79153,-22.237127
xtal_26.cif,./U3Si5/8/xtal_26.cif,37.133724,-10.029909
xtal_27.cif,./U3Si5/8/xtal_27.cif,43.642365,54.866787
xtal_29.cif,./U3Si5/8/xtal_29.cif,-80.220924,8.123707
xtal_3.cif,./U3Si5/8/xtal_3.cif,-3.9488428,9.537484
xtal_30.cif,./U3Si5/8/xtal_30.cif,26.329283,70.796585
xtal_31.cif,./U3Si5/8/xtal_31.cif,-78.258224,14.879686
xtal_33.cif,./U3Si5/8/xtal_33.cif,-11.076369,1.9907985
xtal_35.cif,./U3Si5/8/xtal_35.cif,34.324203,87.891014
xtal_36.cif,./U3Si5/8/xtal_36.cif,17.505617,-36.2669
xtal_38.cif,./U3Si5/8/xtal_38.cif,40.58261,-10.58268
xtal_39.cif,./U3Si5/8/xtal_39.cif,8.059451,-42.000454
xtal_4.cif,./U3Si5/8/xtal_4.cif,30.582731,9.299836
xtal_41.cif,./U3Si5/8/xtal_41.cif,8.782549,104.42895
xtal_42.cif,./U3Si5/8/xtal_42.cif,-82.4553,42.12919
xtal_44.cif,./U3Si5/8/xtal_44.cif,-79.28476,12.48184
xtal_47.cif,./U3Si5/8/xtal_47.cif,44.08135,54.95275
xtal_50.cif,./U3Si5/8/xtal_50.cif,-13.769593,29.626385
xtal_51.cif,./U3Si5/8/xtal_51.cif,-5.518764,8.97904
xtal_54.cif,./U3Si5/8/xtal_54.cif,44.54274,79.904106
xtal_56.cif,./U3Si5/8/xtal_56.cif,-73.63646,63.62923
xtal_6.cif,./U3Si5/8/xtal_6.cif,42.608463,97.921715
xtal_60.cif,./U3Si5/8/xtal_60.cif,10.731599,43.30193
xtal_62.cif,./U3Si5/8/xtal_62.cif,-78.90588,14.006294
xtal_63.cif,./U3Si5/8/xtal_63.cif,38.85311,-19.349085
xtal_65.cif,./U3Si5/8/xtal_65.cif,-35.09507,-8.766414
xtal_67.cif,./U3Si5/8/xtal_67.cif,7.7466054,-15.689909
xtal_70.cif,./U3Si5/8/xtal_70.cif,20.10148,69.83094
xtal_74.cif,./U3Si5/8/xtal_74.cif,31.461876,23.169668
xtal_76.cif,./U3Si5/8/xtal_76.cif,41.604145,-24.59813
xtal_77.cif,./U3Si5/8/xtal_77.cif,29.54612,23.936666
xtal_79.cif,./U3Si5/8/xtal_79.cif,10.94193,101.236534
xtal_82.cif,./U3Si5/8/xtal_82.cif,-70.75794,56.508965
xtal_83.cif,./U3Si5/8/xtal_83.cif,-47.237225,95.45516
xtal_84.cif,./U3Si5/8/xtal_84.cif,26.911507,35.480053
xtal_86.cif,./U3Si5/8/xtal_86.cif,37.25791,-10.362261
xtal_88.cif,./U3Si5/8/xtal_88.cif,32.921127,92.75987
xtal_89.cif,./U3Si5/8/xtal_89.cif,55.383453,-24.668001
xtal_90.cif,./U3Si5/8/xtal_90.cif,-56.203365,82.9216
xtal_91.cif,./U3Si5/8/xtal_91.cif,-75.395546,-40.935234
xtal_94.cif,./U3Si5/8/xtal_94.cif,-54.82008,67.53494
xtal_95.cif,./U3Si5/8/xtal_95.cif,45.130577,81.79719
xtal_97.cif,./U3Si5/8/xtal_97.cif,20.43797,69.04049
xtal_98.cif,./U3Si5/8/xtal_98.cif,44.843784,82.12079
xtal_10.cif,./U3Si5/10/xtal_10.cif,1.9279501,109.420334
xtal_11.cif,./U3Si5/10/xtal_11.cif,-41.905037,99.738625
xtal_12.cif,./U3Si5/10/xtal_12.cif,-83.74225,42.61529
xtal_14.cif,./U3Si5/10/xtal_14.cif,27.089317,-84.898766
xtal_15.cif,./U3Si5/10/xtal_15.cif,-73.6722,6.6512957
xtal_17.cif,./U3Si5/10/xtal_17.cif,-6.5473876,-90.88781
xtal_18.cif,./U3Si5/10/xtal_18.cif,-34.281498,-41.96986
xtal_2.cif,./U3Si5/10/xtal_2.cif,-62.286015,-36.305676
xtal_20.cif,./U3Si5/10/xtal_20.cif,-75.101166,60.10044
xtal_22.cif,./U3Si5/10/xtal_22.cif,-39.44145,-63.299114
xtal_24.cif,./U3Si5/10/xtal_24.cif,-45.00002,93.70667
xtal_25.cif,./U3Si5/10/xtal_25.cif,52.641033,-35.085636
xtal_26.cif,./U3Si5/10/xtal_26.cif,46.35604,-20.305666
xtal_27.cif,./U3Si5/10/xtal_27.cif,-87.213455,-20.746426
xtal_29.cif,./U3Si5/10/xtal_29.cif,21.67196,-55.92257
xtal_30.cif,./U3Si5/10/xtal_30.cif,-79.60434,23.05522
xtal_32.cif,./U3Si5/10/xtal_32.cif,-69.11492,75.1331
xtal_33.cif,./U3Si5/10/xtal_33.cif,-38.645424,-74.4091
xtal_34.cif,./U3Si5/10/xtal_34.cif,34.67532,-22.233982
xtal_35.cif,./U3Si5/10/xtal_35.cif,22.738987,-37.74503
xtal_37.cif,./U3Si5/10/xtal_37.cif,-82.3433,-8.717822
xtal_39.cif,./U3Si5/10/xtal_39.cif,-67.69348,-10.4676075
xtal_41.cif,./U3Si5/10/xtal_41.cif,-23.250498,-4.649613
xtal_42.cif,./U3Si5/10/xtal_42.cif,-34.517326,102.73868
xtal_43.cif,./U3Si5/10/xtal_43.cif,-52.97675,-27.762636
xtal_46.cif,./U3Si5/10/xtal_46.cif,42.255653,8.870323
xtal_47.cif,./U3Si5/10/xtal_47.cif,56.77731,-38.93784
xtal_49.cif,./U3Si5/10/xtal_49.cif,42.79519,-72.53368
xtal_5.cif,./U3Si5/10/xtal_5.cif,-76.8192,55.73164
xtal_51.cif,./U3Si5/10/xtal_51.cif,1.3435328,95.17534
xtal_52.cif,./U3Si5/10/xtal_52.cif,74.94444,-76.851616
xtal_54.cif,./U3Si5/10/xtal_54.cif,26.467567,-77.42837
xtal_55.cif,./U3Si5/10/xtal_55.cif,-42.039993,-70.96936
xtal_57.cif,./U3Si5/10/xtal_57.cif,31.605848,-21.202593
xtal_6.cif,./U3Si5/10/xtal_6.cif,-50.539024,34.90028
xtal_60.cif,./U3Si5/10/xtal_60.cif,-13.1044035,107.12751
xtal_62.cif,./U3Si5/10/xtal_62.cif,-31.939087,0.23845191
xtal_63.cif,./U3Si5/10/xtal_63.cif,97.88788,16.908407
xtal_64.cif,./U3Si5/10/xtal_64.cif,-68.16699,-48.394424
xtal_67.cif,./U3Si5/10/xtal_67.cif,-13.651937,110.32429
xtal_68.cif,./U3Si5/10/xtal_68.cif,10.929814,101.107765
xtal_69.cif,./U3Si5/10/xtal_69.cif,20.135923,-106.85194
xtal_7.cif,./U3Si5/10/xtal_7.cif,46.35906,-29.392826
xtal_71.cif,./U3Si5/10/xtal_71.cif,11.526888,-41.37566
xtal_72.cif,./U3Si5/10/xtal_72.cif,42.573357,2.9690778
xtal_73.cif,./U3Si5/10/xtal_73.cif,9.879196,103.72444
xtal_75.cif,./U3Si5/10/xtal_75.cif,-42.473026,99.851135
xtal_76.cif,./U3Si5/10/xtal_76.cif,-63.78183,36.95595
xtal_77.cif,./U3Si5/10/xtal_77.cif,-81.519165,13.00237
xtal_8.cif,./U3Si5/10/xtal_8.cif,-66.378,62.962276
xtal_80.cif,./U3Si5/10/xtal_80.cif,-1.521764,-72.81585
xtal_81.cif,./U3Si5/10/xtal_81.cif,-61.12532,-44.556885
xtal_83.cif,./U3Si5/10/xtal_83.cif,-5.2400846,-12.178194
xtal_85.cif,./U3Si5/10/xtal_85.cif,29.471535,-71.5725
xtal_88.cif,./U3Si5/10/xtal_88.cif,-80.663376,10.586275
xtal_9.cif,./U3Si5/10/xtal_9.cif,-24.004099,106.76682
xtal_90.cif,./U3Si5/10/xtal_90.cif,15.872352,-42.23848
xtal_91.cif,./U3Si5/10/xtal_91.cif,-92.44879,31.725216
xtal_92.cif,./U3Si5/10/xtal_92.cif,-88.96294,25.647644
xtal_93.cif,./U3Si5/10/xtal_93.cif,-10.729371,-8.76234
xtal_94.cif,./U3Si5/10/xtal_94.cif,27.205833,-53.61412
xtal_95.cif,./U3Si5/10/xtal_95.cif,77.97688,-59.519157
xtal_96.cif,./U3Si5/10/xtal_96.cif,-24.78875,107.39224
xtal_97.cif,./U3Si5/10/xtal_97.cif,-32.775333,31.211899
xtal_98.cif,./U3Si5/10/xtal_98.cif,-82.3811,61.8577
xtal_99.cif,./U3Si5/10/xtal_99.cif,45.246365,-70.953636
xtal_1.cif,./U3Si5/11/xtal_1.cif,24.07066,-45.147575
xtal_10.cif,./U3Si5/11/xtal_10.cif,37.40739,-96.66328
xtal_11.cif,./U3Si5/11/xtal_11.cif,-54.453266,-77.665504
xtal_12.cif,./U3Si5/11/xtal_12.cif,10.693961,102.65653
xtal_13.cif,./U3Si5/11/xtal_13.cif,28.761904,-22.662573
xtal_14.cif,./U3Si5/11/xtal_14.cif,23.388884,-70.529816
xtal_15.cif,./U3Si5/11/xtal_15.cif,-3.4876184,106.426025
xtal_16.cif,./U3Si5/11/xtal_16.cif,-79.477806,-22.615463
xtal_17.cif,./U3Si5/11/xtal_17.cif,-20.909575,108.50105
xtal_18.cif,./U3Si5/11/xtal_18.cif,1.3154634,3.242061
xtal_20.cif,./U3Si5/11/xtal_20.cif,22.137194,-46.95369
xtal_21.cif,./U3Si5/11/xtal_21.cif,32.652626,-91.11026
xtal_23.cif,./U3Si5/11/xtal_23.cif,-12.1717615,-87.7235
xtal_24.cif,./U3Si5/11/xtal_24.cif,-42.801346,-72.15019
xtal_25.cif,./U3Si5/11/xtal_25.cif,-77.4628,-38.752533
xtal_26.cif,./U3Si5/11/xtal_26.cif,-54.38959,74.71543
xtal_27.cif,./U3Si5/11/xtal_27.cif,36.34513,-69.09653
xtal_29.cif,./U3Si5/11/xtal_29.cif,-42.433277,-73.72585
xtal_3.cif,./U3Si5/11/xtal_3.cif,-43.2054,77.9968
xtal_30.cif,./U3Si5/11/xtal_30.cif,-72.60117,44.730453
xtal_31.cif,./U3Si5/11/xtal_31.cif,13.70117,-45.36368
xtal_32.cif,./U3Si5/11/xtal_32.cif,-1.9268866,-14.0247555
xtal_33.cif,./U3Si5/11/xtal_33.cif,14.244401,-3.6795669
xtal_34.cif,./U3Si5/11/xtal_34.cif,-43.8693,-75.855774
xtal_35.cif,./U3Si5/11/xtal_35.cif,18.83741,-5.003503
xtal_36.cif,./U3Si5/11/xtal_36.cif,-90.54239,41.183002
xtal_39.cif,./U3Si5/11/xtal_39.cif,-6.8124237,109.18409
xtal_4.cif,./U3Si5/11/xtal_4.cif,83.49237,3.6260998
xtal_40.cif,./U3Si5/11/xtal_40.cif,-45.042892,-61.492855
xtal_41.cif,./U3Si5/11/xtal_41.cif,8.453413,104.95448
xtal_42.cif,./U3Si5/11/xtal_42.cif,-5.698187,-36.607105
xtal_43.cif,./U3Si5/11/xtal_43.cif,-79.95136,11.739201
xtal_45.cif,./U3Si5/11/xtal_45.cif,-62.49844,-31.18454
xtal_46.cif,./U3Si5/11/xtal_46.cif,8.410278,-27.402275
xtal_47.cif,./U3Si5/11/xtal_47.cif,24.443754,-41.172504
xtal_48.cif,./U3Si5/11/xtal_48.cif,-55.185776,-47.86017
xtal_49.cif,./U3Si5/11/xtal_49.cif,-51.947433,-33.679447
xtal_5.cif,./U3Si5/11/xtal_5.cif,-3.0342007,1.5770905
xtal_50.cif,./U3Si5/11/xtal_50.cif,-23.454485,107.764824
xtal_51.cif,./U3Si5/11/xtal_51.cif,-65.69516,30.496922
xtal_52.cif,./U3Si5/11/xtal_52.cif,24.971563,-38.426586
xtal_53.cif,./U3Si5/11/xtal_53.cif,-30.236538,-5.4409537
xtal_54.cif,./U3Si5/11/xtal_54.cif,17.856577,-54.971638
xtal_55.cif,./U3Si5/11/xtal_55.cif,-79.6599,11.205308
xtal_56.cif,./U3Si5/11/xtal_56.cif,18.060637,-69.531944
xtal_57.cif,./U3Si5/11/xtal_57.cif,-82.9743,40.15544
xtal_58.cif,./U3Si5/11/xtal_58.cif,-92.99842,9.886899
xtal_59.cif,./U3Si5/11/xtal_59.cif,-76.20168,55.69198
xtal_60.cif,./U3Si5/11/xtal_60.cif,11.039724,101.12822
xtal_61.cif,./U3Si5/11/xtal_61.cif,-69.418785,50.10674
xtal_62.cif,./U3Si5/11/xtal_62.cif,-6.7287283,-28.425938
xtal_63.cif,./U3Si5/11/xtal_63.cif,-3.5069916,105.864006
xtal_64.cif,./U3Si5/11/xtal_64.cif,26.956347,3.6568232
xtal_65.cif,./U3Si5/11/xtal_65.cif,-49.182842,-41.75051
xtal_66.cif,./U3Si5/11/xtal_66.cif,-45.600155,-26.559147
xtal_67.cif,./U3Si5/11/xtal_67.cif,1.3332678,-18.211151
xtal_69.cif,./U3Si5/11/xtal_69.cif,-7.131045,-103.57459
xtal_7.cif,./U3Si5/11/xtal_7.cif,23.780521,-38.31718
xtal_70.cif,./U3Si5/11/xtal_70.cif,-53.455624,-79.79125
xtal_71.cif,./U3Si5/11/xtal_71.cif,-72.58594,9.903847
xtal_72.cif,./U3Si5/11/xtal_72.cif,27.850378,-30.053013
xtal_73.cif,./U3Si5/11/xtal_73.cif,-62.884884,37.377
xtal_75.cif,./U3Si5/11/xtal_75.cif,-90.852646,42.74447
xtal_76.cif,./U3Si5/11/xtal_76.cif,7.4037952,-12.166588
xtal_77.cif,./U3Si5/11/xtal_77.cif,16.383404,-68.39709
xtal_78.cif,./U3Si5/11/xtal_78.cif,-48.51756,-46.83884
xtal_8.cif,./U3Si5/11/xtal_8.cif,-42.638042,-80.84778
xtal_80.cif,./U3Si5/11/xtal_80.cif,20.993488,-36.936142
xtal_81.cif,./U3Si5/11/xtal_81.cif,-61.247253,-37.00297
xtal_83.cif,./U3Si5/11/xtal_83.cif,-72.427666,-47.68956
xtal_84.cif,./U3Si5/11/xtal_84.cif,41.50415,-29.581127
xtal_85.cif,./U3Si5/11/xtal_85.cif,-89.14142,-0.6757151
xtal_86.cif,./U3Si5/11/xtal_86.cif,-90.785934,43.176792
xtal_87.cif,./U3Si5/11/xtal_87.cif,13.340798,-45.92413
xtal_88.cif,./U3Si5/11/xtal_88.cif,-82.19271,-11.450237
xtal_89.cif,./U3Si5/11/xtal_89.cif,-47.330315,-49.417408
xtal_91.cif,./U3Si5/11/xtal_91.cif,-44.876015,98.52591
xtal_92.cif,./U3Si5/11/xtal_92.cif,-79.54494,8.850163
xtal_93.cif,./U3Si5/11/xtal_93.cif,-80.793945,10.681148
xtal_94.cif,./U3Si5/11/xtal_94.cif,-78.36385,-7.011968
xtal_95.cif,./U3Si5/11/xtal_95.cif,-41.373734,-70.85664
xtal_96.cif,./U3Si5/11/xtal_96.cif,-1.0580628,-75.7105
xtal_97.cif,./U3Si5/11/xtal_97.cif,-10.980958,110.37812
xtal_98.cif,./U3Si5/11/xtal_98.cif,23.373257,-37.824753
xtal_99.cif,./U3Si5/11/xtal_99.cif,17.038563,-45.088276
xtal_14.cif,./U3Si5/12/xtal_14.cif,-4.3404818,-78.99851
xtal_16.cif,./U3Si5/12/xtal_16.cif,110.07961,36.831585
xtal_18.cif,./U3Si5/12/xtal_18.cif,-58.672913,16.349289
xtal_19.cif,./U3Si5/12/xtal_19.cif,-46.44919,-3.6512904
xtal_2.cif,./U3Si5/12/xtal_2.cif,57.445107,25.684683
xtal_24.cif,./U3Si5/12/xtal_24.cif,-58.939457,-32.151634
xtal_25.cif,./U3Si5/12/xtal_25.cif,-75.2894,56.54533
xtal_28.cif,./U3Si5/12/xtal_28.cif,-28.538696,91.797035
xtal_3.cif,./U3Si5/12/xtal_3.cif,-25.030195,105.28855
xtal_33.cif,./U3Si5/12/xtal_33.cif,10.268695,-90.103386
xtal_37.cif,./U3Si5/12/xtal_37.cif,-27.47664,-0.9434897
xtal_39.cif,./U3Si5/12/xtal_39.cif,-31.98573,-61.549557
xtal_4.cif,./U3Si5/12/xtal_4.cif,-3.9889865,-102.46876
xtal_40.cif,./U3Si5/12/xtal_40.cif,69.13604,16.746372
xtal_45.cif,./U3Si5/12/xtal_45.cif,58.205093,-53.267906
xtal_46.cif,./U3Si5/12/xtal_46.cif,-5.735105,111.72333
xtal_54.cif,./U3Si5/12/xtal_54.cif,-4.3643456,-83.03639
xtal_57.cif,./U3Si5/12/xtal_57.cif,-74.28435,-44.022408
xtal_58.cif,./U3Si5/12/xtal_58.cif,34.804276,-19.377714
xtal_6.cif,./U3Si5/12/xtal_6.cif,28.68264,-30.835655
xtal_61.cif,./U3Si5/12/xtal_61.cif,-39.05189,36.86294
xtal_62.cif,./U3Si5/12/xtal_62.cif,-29.43672,12.443252
xtal_65.cif,./U3Si5/12/xtal_65.cif,-51.232727,47.953133
xtal_66.cif,./U3Si5/12/xtal_66.cif,84.60984,2.683453
xtal_71.cif,./U3Si5/12/xtal_71.cif,-91.234604,-19.63788
xtal_73.cif,./U3Si5/12/xtal_73.cif,-2.151994,79.75015
xtal_75.cif,./U3Si5/12/xtal_75.cif,-1.4045417,103.73749
xtal_76.cif,./U3Si5/12/xtal_76.cif,109.859406,5.5438437
xtal_79.cif,./U3Si5/12/xtal_79.cif,-15.619391,28.337458
xtal_8.cif,./U3Si5/12/xtal_8.cif,-71.78316,75.57087
xtal_80.cif,./U3Si5/12/xtal_80.cif,10.968312,-45.737373
xtal_86.cif,./U3Si5/12/xtal_86.cif,-79.366585,62.458057
xtal_87.cif,./U3Si5/12/xtal_87.cif,66.09693,14.072976
xtal_88.cif,./U3Si5/12/xtal_88.cif,11.772562,-53.923676
xtal_91.cif,./U3Si5/12/xtal_91.cif,-98.80682,4.6793447
xtal_93.cif,./U3Si5/12/xtal_93.cif,35.69542,-17.946554
xtal_94.cif,./U3Si5/12/xtal_94.cif,-41.44584,98.55241
xtal_97.cif,./U3Si5/12/xtal_97.cif,-80.77031,24.38192
xtal_99.cif,./U3Si5/12/xtal_99.cif,-17.63069,59.1558
xtal_1.cif,./U3Si5/13/xtal_1.cif,-67.67741,-52.477894
xtal_10.cif,./U3Si5/13/xtal_10.cif,-5.0010605,110.35007
xtal_100.cif,./U3Si5/13/xtal_100.cif,56.79691,-88.21294
xtal_11.cif,./U3Si5/13/xtal_11.cif,-32.416313,-0.73203826
xtal_12.cif,./U3Si5/13/xtal_12.cif,-63.287888,80.98082
xtal_13.cif,./U3Si5/13/xtal_13.cif,9.925719,103.920334
xtal_14.cif,./U3Si5/13/xtal_14.cif,27.928175,-84.63509
xtal_15.cif,./U3Si5/13/xtal_15.cif,-74.49634,-32.19299
xtal_16.cif,./U3Si5/13/xtal_16.cif,-89.94901,39.468845
xtal_17.cif,./U3Si5/13/xtal_17.cif,-43.945312,-72.63329
xtal_18.cif,./U3Si5/13/xtal_18.cif,30.644434,-56.337753
xtal_19.cif,./U3Si5/13/xtal_19.cif,-6.760847,110.37569
xtal_2.cif,./U3Si5/13/xtal_2.cif,-10.336819,-82.99755
xtal_20.cif,./U3Si5/13/xtal_20.cif,23.974937,-97.69734
xtal_21.cif,./U3Si5/13/xtal_21.cif,-23.50919,91.61218
xtal_22.cif,./U3Si5/13/xtal_22.cif,58.143642,-23.190006
xtal_23.cif,./U3Si5/13/xtal_23.cif,12.373199,6.351293
xtal_24.cif,./U3Si5/13/xtal_24.cif,29.72766,-22.932756
xtal_25.cif,./U3Si5/13/xtal_25.cif,89.77522,-61.961414
xtal_26.cif,./U3Si5/13/xtal_26.cif,-23.979305,109.33593
xtal_27.cif,./U3Si5/13/xtal_27.cif,-63.8835,-65.55841
xtal_28.cif,./U3Si5/13/xtal_28.cif,20.26721,-35.000393
xtal_29.cif,./U3Si5/13/xtal_29.cif,-52.134083,-29.980206
xtal_3.cif,./U3Si5/13/xtal_3.cif,-65.83643,76.37068
xtal_30.cif,./U3Si5/13/xtal_30.cif,-95.03312,29.484634
xtal_31.cif,./U3Si5/13/xtal_31.cif,-45.914795,-52.371307
xtal_32.cif,./U3Si5/13/xtal_32.cif,-58.668022,-33.06386
xtal_33.cif,./U3Si5/13/xtal_33.cif,-3.0692887,106.25192
xtal_34.cif,./U3Si5/13/xtal_34.cif,18.89345,-35.9014
xtal_35.cif,./U3Si5/13/xtal_35.cif,40.775166,-23.467875
xtal_36.cif,./U3Si5/13/xtal_36.cif,21.453367,-105.91883
xtal_37.cif,./U3Si5/13/xtal_37.cif,-93.459435,32.094765
xtal_38.cif,./U3Si5/13/xtal_38.cif,-94.294716,4.001599
xtal_39.cif,./U3Si5/13/xtal_39.cif,-50.80655,-51.5462
xtal_4.cif,./U3Si5/13/xtal_4.cif,-97.39597,30.962955
xtal_40.cif,./U3Si5/13/xtal_40.cif,-74.78756,-32.153667
xtal_41.cif,./U3Si5/13/xtal_41.cif,43.99155,-17.905949
xtal_42.cif,./U3Si5/13/xtal_42.cif,31.228516,-58.477528
xtal_43.cif,./U3Si5/13/xtal_43.cif,42.39665,-71.91095
xtal_44.cif,./U3Si5/13/xtal_44.cif,-2.4526298,-103.4462
xtal_45.cif,./U3Si5/13/xtal_45.cif,-29.015938,-48.63417
xtal_46.cif,./U3Si5/13/xtal_46.cif,26.63185,-85.55133
xtal_47.cif,./U3Si5/13/xtal_47.cif,13.607745,-52.773575
xtal_48.cif,./U3Si5/13/xtal_48.cif,-89.134384,48.347183
xtal_49.cif,./U3Si5/13/xtal_49.cif,-102.01808,15.246623
xtal_5.cif,./U3Si5/13/xtal_5.cif,-83.730545,54.85616
xtal_50.cif,./U3Si5/13/xtal_50.cif,-102.0131,15.067827
xtal_51.cif,./U3Si5/13/xtal_51.cif,12.7082615,3.5064654
xtal_52.cif,./U3Si5/13/xtal_52.cif,-5.61779,-99.36904
xtal_53.cif,./U3Si5/13/xtal_53.cif,-19.00858,-30.467176
xtal_54.cif,./U3Si5/13/xtal_54.cif,15.413423,-39.905045
xtal_55.cif,./U3Si5/13/xtal_55.cif,-73.83133,-26.348606
xtal_56.cif,./U3Si5/13/xtal_56.cif,-64.04681,75.727646
xtal_57.cif,./U3Si5/13/xtal_57.cif,-9.89298,-19.635376
xtal_58.cif,./U3Si5/13/xtal_58.cif,-49.15992,90.626816
xtal_59.cif,./U3Si5/13/xtal_59.cif,-11.115818,110.704636
xtal_6.cif,./U3Si5/13/xtal_6.cif,2.557684,-87.43757
xtal_60.cif,./U3Si5/13/xtal_60.cif,-38.0774,101.29701
xtal_61.cif,./U3Si5/13/xtal_61.cif,-4.953381,108.59185
xtal_62.cif,./U3Si5/13/xtal_62.cif,-55.452385,-38.610195
xtal_63.cif,./U3Si5/13/xtal_63.cif,39.748848,-24.324339
xtal_64.cif,./U3Si5/13/xtal_64.cif,16.613827,-39.17086
xtal_65.cif,./U3Si5/13/xtal_65.cif,12.738451,-29.735891
xtal_66.cif,./U3Si5/13/xtal_66.cif,-57.823578,-67.24167
xtal_67.cif,./U3Si5/13/xtal_67.cif,-5.5815487,-98.81358
xtal_68.cif,./U3Si5/13/xtal_68.cif,13.110282,-41.996338
xtal_69.cif,./U3Si5/13/xtal_69.cif,29.010437,4.744601
xtal_7.cif,./U3Si5/13/xtal_7.cif,-112.723946,4.980881
xtal_70.cif,./U3Si5/13/xtal_70.cif,-69.80308,49.639114
xtal_71.cif,./U3Si5/13/xtal_71.cif,-74.6826,7.9746575
xtal_72.cif,./U3Si5/13/xtal_72.cif,32.325462,-60.68135
xtal_73.cif,./U3Si5/13/xtal_73.cif,21.661282,-102.0512
xtal_74.cif,./U3Si5/13/xtal_74.cif,35.9142,-9.372923
xtal_75.cif,./U3Si5/13/xtal_75.cif,28.573746,-77.16059
xtal_76.cif,./U3Si5/13/xtal_76.cif,-18.161892,96.28438
xtal_77.cif,./U3Si5/13/xtal_77.cif,-102.07848,-1.6786858
xtal_78.cif,./U3Si5/13/xtal_78.cif,-51.79425,-67.317276
xtal_79.cif,./U3Si5/13/xtal_79.cif,18.836458,-95.34256
xtal_8.cif,./U3Si5/13/xtal_8.cif,-20.18825,-30.74631
xtal_80.cif,./U3Si5/13/xtal_80.cif,-88.524185,-1.754196
xtal_81.cif,./U3Si5/13/xtal_81.cif,-85.92466,2.3585136
xtal_82.cif,./U3Si5/13/xtal_82.cif,-89.19138,42.114784
xtal_83.cif,./U3Si5/13/xtal_83.cif,-44.38997,94.50382
xtal_84.cif,./U3Si5/13/xtal_84.cif,-71.3447,-43.183937
xtal_85.cif,./U3Si5/13/xtal_85.cif,-29.86713,-36.78101
xtal_86.cif,./U3Si5/13/xtal_86.cif,9.41794,-27.628914
xtal_87.cif,./U3Si5/13/xtal_87.cif,26.381966,-77.000694
xtal_88.cif,./U3Si5/13/xtal_88.cif,27.553736,-30.76263
xtal_89.cif,./U3Si5/13/xtal_89.cif,-86.16502,-25.02382
xtal_9.cif,./U3Si5/13/xtal_9.cif,-53.659363,86.2568
xtal_90.cif,./U3Si5/13/xtal_90.cif,6.4405046,-23.62469
xtal_91.cif,./U3Si5/13/xtal_91.cif,7.5378814,-42.742294
xtal_92.cif,./U3Si5/13/xtal_92.cif,-27.118753,-96.36887
xtal_93.cif,./U3Si5/13/xtal_93.cif,-16.982237,-97.94643
xtal_94.cif,./U3Si5/13/xtal_94.cif,-54.406933,-33.726006
xtal_95.cif,./U3Si5/13/xtal_95.cif,-52.35044,72.76634
xtal_96.cif,./U3Si5/13/xtal_96.cif,-51.417294,-84.72362
xtal_97.cif,./U3Si5/13/xtal_97.cif,-29.879154,-36.078518
xtal_98.cif,./U3Si5/13/xtal_98.cif,-68.71399,-41.471703
xtal_99.cif,./U3Si5/13/xtal_99.cif,-59.567112,54.261528
xtal_1.cif,./U3Si5/14/xtal_1.cif,46.44804,-20.238302
xtal_10.cif,./U3Si5/14/xtal_10.cif,18.74623,-53.62505
xtal_100.cif,./U3Si5/14/xtal_100.cif,35.674023,-18.776115
xtal_11.cif,./U3Si5/14/xtal_11.cif,42.381607,-18.32663
xtal_12.cif,./U3Si5/14/xtal_12.cif,-78.771194,14.603127
xtal_13.cif,./U3Si5/14/xtal_13.cif,-61.22447,-33.101433
xtal_14.cif,./U3Si5/14/xtal_14.cif,-67.4616,-34.631844
xtal_15.cif,./U3Si5/14/xtal_15.cif,34.303146,-93.315575
xtal_16.cif,./U3Si5/14/xtal_16.cif,19.981382,-101.98414
xtal_17.cif,./U3Si5/14/xtal_17.cif,-21.773209,-94.66105
xtal_18.cif,./U3Si5/14/xtal_18.cif,-38.748203,-75.66686
xtal_19.cif,./U3Si5/14/xtal_19.cif,-100.28998,14.274284
xtal_2.cif,./U3Si5/14/xtal_2.cif,-85.01561,63.447693
xtal_20.cif,./U3Si5/14/xtal_20.cif,-60.147507,-34.07087
xtal_21.cif,./U3Si5/14/xtal_21.cif,-6.747669,-10.090457
xtal_22.cif,./U3Si5/14/xtal_22.cif,-47.492657,-47.090622
xtal_23.cif,./U3Si5/14/xtal_23.cif,83.79067,-2.2106624
xtal_24.cif,./U3Si5/14/xtal_24.cif,9.866418,-27.478388
xtal_25.cif,./U3Si5/14/xtal_25.cif,-72.88475,-30.837313
xtal_26.cif,./U3Si5/14/xtal_26.cif,25.819519,-24.421736
xtal_27.cif,./U3Si5/14/xtal_27.cif,-53.16745,-77.51122
xtal_28.cif,./U3Si5/14/xtal_28.cif,20.056265,-61.941887
xtal_29.cif,./U3Si5/14/xtal_29.cif,-31.269133,106.142914
xtal_3.cif,./U3Si5/14/xtal_3.cif,25.792883,-47.581985
xtal_30.cif,./U3Si5/14/xtal_30.cif,33.08297,-89.9138
xtal_31.cif,./U3Si5/14/xtal_31.cif,-25.131674,-69.05553
xtal_32.cif,./U3Si5/14/xtal_32.cif,12.150992,-21.814571
xtal_33.cif,./U3Si5/14/xtal_33.cif,-75.87908,6.3580284
xtal_34.cif,./U3Si5/14/xtal_34.cif,27.793495,-46.05796
xtal_35.cif,./U3Si5/14/xtal_35.cif,-5.890798,-27.846046
xtal_36.cif,./U3Si5/14/xtal_36.cif,-7.0459476,-9.978646
xtal_37.cif,./U3Si5/14/xtal_37.cif,-6.251356,-33.89542
xtal_38.cif,./U3Si5/14/xtal_38.cif,43.87204,-17.892645
xtal_39.cif,./U3Si5/14/xtal_39.cif,-4.604882,-100.77799
xtal_4.cif,./U3Si5/14/xtal_4.cif,22.610155,-101.5831
xtal_40.cif,./U3Si5/14/xtal_40.cif,-42.64318,-53.204224
xtal_41.cif,./U3Si5/14/xtal_41.cif,42.65246,-72.230484
xtal_42.cif,./U3Si5/14/xtal_42.cif,36.165874,-40.12443
xtal_43.cif,./U3Si5/14/xtal_43.cif,-48.35492,92.163185
xtal_44.cif,./U3Si5/14/xtal_44.cif,-54.269753,-48.74227
xtal_45.cif,./U3Si5/14/xtal_45.cif,-75.07333,61.82599
xtal_46.cif,./U3Si5/14/xtal_46.cif,-76.34679,-45.45607
xtal_47.cif,./U3Si5/14/xtal_47.cif,20.165272,-101.01792
xtal_48.cif,./U3Si5/14/xtal_48.cif,-66.90538,68.55655
xtal_49.cif,./U3Si5/14/xtal_49.cif,-82.61109,-17.88971
xtal_5.cif,./U3Si5/14/xtal_5.cif,16.877121,-45.18835
xtal_50.cif,./U3Si5/14/xtal_50.cif,-73.431244,-58.714798
xtal_51.cif,./U3Si5/14/xtal_51.cif,-62.02533,-34.250946
xtal_52.cif,./U3Si5/14/xtal_52.cif,-93.73009,4.269982
xtal_53.cif,./U3Si5/14/xtal_53.cif,4.836835,-84.1303
xtal_54.cif,./U3Si5/14/xtal_54.cif,34.910236,-84.09723
xtal_55.cif,./U3Si5/14/xtal_55.cif,-18.912508,-43.679905
xtal_56.cif,./U3Si5/14/xtal_56.cif,-78.29796,-37.927162
xtal_57.cif,./U3Si5/14/xtal_57.cif,-90.119415,30.049025
xtal_58.cif,./U3Si5/14/xtal_58.cif,-49.1632,-35.92525
xtal_59.cif,./U3Si5/14/xtal_59.cif,-93.06665,-5.061522
xtal_6.cif,./U3Si5/14/xtal_6.cif,25.45491,-38.655605
xtal_60.cif,./U3Si5/14/xtal_60.cif,-116.644745,18.556833
xtal_61.cif,./U3Si5/14/xtal_61.cif,-84.14275,63.837902
xtal_62.cif,./U3Si5/14/xtal_62.cif,21.758472,-57.239635
xtal_63.cif,./U3Si5/14/xtal_63.cif,-84.19862,55.08425
xtal_64.cif,./U3Si5/14/xtal_64.cif,-80.206,23.3692
xtal_65.cif,./U3Si5/14/xtal_65.cif,16.100311,-53.43357
xtal_66.cif,./U3Si5/14/xtal_66.cif,1.3814843,111.519356
xtal_67.cif,./U3Si5/14/xtal_67.cif,-44.98787,97.892334
xtal_68.cif,./U3Si5/14/xtal_68.cif,-20.644808,109.76213
xtal_69.cif,./U3Si5/14/xtal_69.cif,-3.1183517,-101.008865
xtal_7.cif,./U3Si5/14/xtal_7.cif,-18.38923,-79.543236
xtal_70.cif,./U3Si5/14/xtal_70.cif,32.72444,25.148087
xtal_71.cif,./U3Si5/14/xtal_71.cif,-54.455112,-59.979713
xtal_72.cif,./U3Si5/14/xtal_72.cif,-60.886513,-31.835514
xtal_73.cif,./U3Si5/14/xtal_73.cif,-82.637886,40.36915
xtal_74.cif,./U3Si5/14/xtal_74.cif,-68.39617,93.63573
xtal_75.cif,./U3Si5/14/xtal_75.cif,2.3248625,109.18515
xtal_76.cif,./U3Si5/14/xtal_76.cif,-65.35251,95.406044
xtal_77.cif,./U3Si5/14/xtal_77.cif,-52.65943,-28.974253
xtal_78.cif,./U3Si5/14/xtal_78.cif,-16.68773,-41.38042
xtal_79.cif,./U3Si5/14/xtal_79.cif,23.54893,-55.658215
xtal_8.cif,./U3Si5/14/xtal_8.cif,-40.7603,94.222084
xtal_80.cif,./U3Si5/14/xtal_80.cif,23.74205,-49.252285
xtal_81.cif,./U3Si5/14/xtal_81.cif,14.862033,-98.59263
xtal_82.cif,./U3Si5/14/xtal_82.cif,5.8607697,-92.592735
xtal_83.cif,./U3Si5/14/xtal_83.cif,-6.1351967,-100.139565
xtal_84.cif,./U3Si5/14/xtal_84.cif,-93.14301,27.821987
xtal_85.cif,./U3Si5/14/xtal_85.cif,-52.099453,-71.63853
xtal_86.cif,./U3Si5/14/xtal_86.cif,43.811764,-62.147633
xtal_87.cif,./U3Si5/14/xtal_87.cif,47.220562,-22.781195
xtal_88.cif,./U3Si5/14/xtal_88.cif,-3.0877087,-100.78774
xtal_89.cif,./U3Si5/14/xtal_89.cif,-89.04126,10.747847
xtal_9.cif,./U3Si5/14/xtal_9.cif,-6.202908,-35.001522
xtal_90.cif,./U3Si5/14/xtal_90.cif,54.389427,-25.931372
xtal_91.cif,./U3Si5/14/xtal_91.cif,86.78547,-39.977837
xtal_92.cif,./U3Si5/14/xtal_92.cif,-75.322685,-64.77934
xtal_93.cif,./U3Si5/14/xtal_93.cif,-81.924286,-33.123825
xtal_94.cif,./U3Si5/14/xtal_94.cif,7.5724516,-15.508752
xtal_95.cif,./U3Si5/14/xtal_95.cif,30.2858,-21.89529
xtal_96.cif,./U3Si5/14/xtal_96.cif,34.20653,-36.25511
xtal_97.cif,./U3Si5/14/xtal_97.cif,-77.78742,15.2824135
xtal_98.cif,./U3Si5/14/xtal_98.cif,-4.4453897,-100.7768
xtal_99.cif,./U3Si5/14/xtal_99.cif,-5.5513396,-29.71905
xtal_1.cif,./U3Si5/16/xtal_1.cif,-34.53462,55.883533
xtal_10.cif,./U3Si5/16/xtal_10.cif,21.152891,-59.456448
xtal_100.cif,./U3Si5/16/xtal_100.cif,63.636444,-28.47477
xtal_11.cif,./U3Si5/16/xtal_11.cif,-66.910835,-70.68502
xtal_12.cif,./U3Si5/16/xtal_12.cif,-56.834805,85.693695
xtal_13.cif,./U3Si5/16/xtal_13.cif,-53.777733,-30.170668
xtal_14.cif,./U3Si5/16/xtal_14.cif,-88.564606,47.80223
xtal_15.cif,./U3Si5/16/xtal_15.cif,11.281026,-52.82867
xtal_16.cif,./U3Si5/16/xtal_16.cif,-12.230091,-14.592188
xtal_17.cif,./U3Si5/16/xtal_17.cif,-80.87649,13.289101
xtal_18.cif,./U3Si5/16/xtal_18.cif,97.02481,57.214577
xtal_19.cif,./U3Si5/16/xtal_19.cif,26.462746,-46.33206
xtal_2.cif,./U3Si5/16/xtal_2.cif,72.77869,-75.79748
xtal_20.cif,./U3Si5/16/xtal_20.cif,-42.970116,-46.589165
xtal_21.cif,./U3Si5/16/xtal_21.cif,20.105495,-94.23397
xtal_22.cif,./U3Si5/16/xtal_22.cif,103.883354,12.921681
xtal_23.cif,./U3Si5/16/xtal_23.cif,-44.092957,41.12147
xtal_24.cif,./U3Si5/16/xtal_24.cif,-77.12932,28.630737
xtal_25.cif,./U3Si5/16/xtal_25.cif,80.54209,-4.027552
xtal_26.cif,./U3Si5/16/xtal_26.cif,-28.574541,-24.129545
xtal_27.cif,./U3Si5/16/xtal_27.cif,18.01548,-53.243454
xtal_28.cif,./U3Si5/16/xtal_28.cif,56.60477,-12.436407
xtal_29.cif,./U3Si5/16/xtal_29.cif,-68.10422,77.84717
xtal_30.cif,./U3Si5/16/xtal_30.cif,-75.76603,-64.32692
xtal_31.cif,./U3Si5/16/xtal_31.cif,-71.57782,-2.8857002
xtal_32.cif,./U3Si5/16/xtal_32.cif,40.420963,8.127334
xtal_33.cif,./U3Si5/16/xtal_33.cif,-75.81095,56.116035
xtal_37.cif,./U3Si5/16/xtal_37.cif,-34.77133,-27.890991
xtal_39.cif,./U3Si5/16/xtal_39.cif,-20.302252,-91.962654
xtal_4.cif,./U3Si5/16/xtal_4.cif,48.057053,-37.644413
xtal_40.cif,./U3Si5/16/xtal_40.cif,-37.615917,-75.9954
xtal_41.cif,./U3Si5/16/xtal_41.cif,-82.58798,57.547104
xtal_44.cif,./U3Si5/16/xtal_44.cif,3.2659345,-101.96267
xtal_45.cif,./U3Si5/16/xtal_45.cif,-51.21609,-49.15744
xtal_46.cif,./U3Si5/16/xtal_46.cif,-66.5659,-71.065094
xtal_47.cif,./U3Si5/16/xtal_47.cif,-78.36373,-6.874232
xtal_48.cif,./U3Si5/16/xtal_48.cif,65.02347,-38.69809
xtal_49.cif,./U3Si5/16/xtal_49.cif,24.50382,-28.46873
xtal_50.cif,./U3Si5/16/xtal_50.cif,-77.08096,-37.89703
xtal_53.cif,./U3Si5/16/xtal_53.cif,54.213257,-31.445234
xtal_54.cif,./U3Si5/16/xtal_54.cif,-38.739063,-73.161
xtal_55.cif,./U3Si5/16/xtal_55.cif,-23.06636,4.0362444
xtal_56.cif,./U3Si5/16/xtal_56.cif,-6.009705,-61.881187
xtal_57.cif,./U3Si5/16/xtal_57.cif,-17.269955,52.696747
xtal_58.cif,./U3Si5/16/xtal_58.cif,-84.35183,28.778202
xtal_59.cif,./U3Si5/16/xtal_59.cif,18.767025,-51.749187
xtal_6.cif,./U3Si5/16/xtal_6.cif,-62.2224,61.006638
xtal_61.cif,./U3Si5/16/xtal_61.cif,58.63244,-10.989057
xtal_62.cif,./U3Si5/16/xtal_62.cif,23.010176,-95.84782
xtal_63.cif,./U3Si5/16/xtal_63.cif,-104.03925,10.642747
xtal_64.cif,./U3Si5/16/xtal_64.cif,-68.92446,16.557373
xtal_65.cif,./U3Si5/16/xtal_65.cif,102.76559,-39.626038
xtal_66.cif,./U3Si5/16/xtal_66.cif,-59.777763,-35.416267
xtal_67.cif,./U3Si5/16/xtal_67.cif,58.58132,-38.259212
xtal_68.cif,./U3Si5/16/xtal_68.cif,-82.63184,-2.7071228
xtal_7.cif,./U3Si5/16/xtal_7.cif,-8.032054,-33.16911
xtal_70.cif,./U3Si5/16/xtal_70.cif,63.19088,-65.24203
xtal_72.cif,./U3Si5/16/xtal_72.cif,9.786176,104.36431
xtal_73.cif,./U3Si5/16/xtal_73.cif,-94.08774,38.392693
xtal_74.cif,./U3Si5/16/xtal_74.cif,22.752012,-45.88502
xtal_75.cif,./U3Si5/16/xtal_75.cif,-9.5121355,-79.30513
xtal_77.cif,./U3Si5/16/xtal_77.cif,-77.829315,63.584007
xtal_78.cif,./U3Si5/16/xtal_78.cif,-30.16614,101.23611
xtal_79.cif,./U3Si5/16/xtal_79.cif,-71.99774,9.668304
xtal_80.cif,./U3Si5/16/xtal_80.cif,-0.7320351,-73.14475
xtal_81.cif,./U3Si5/16/xtal_81.cif,-86.7283,-30.16146
xtal_82.cif,./U3Si5/16/xtal_82.cif,-16.358583,62.026226
xtal_85.cif,./U3Si5/16/xtal_85.cif,23.061205,-73.311226
xtal_86.cif,./U3Si5/16/xtal_86.cif,10.222962,-28.48808
xtal_87.cif,./U3Si5/16/xtal_87.cif,46.860043,-29.140717
xtal_88.cif,./U3Si5/16/xtal_88.cif,-63.716705,-32.45689
xtal_9.cif,./U3Si5/16/xtal_9.cif,-56.989914,83.12338
xtal_91.cif,./U3Si5/16/xtal_91.cif,4.1240687,-79.24769
xtal_93.cif,./U3Si5/16/xtal_93.cif,-76.37119,64.864586
xtal_94.cif,./U3Si5/16/xtal_94.cif,6.9207506,-45.939392
xtal_97.cif,./U3Si5/16/xtal_97.cif,-40.2345,101.19962
xtal_98.cif,./U3Si5/16/xtal_98.cif,-9.949543,-9.365582
xtal_99.cif,./U3Si5/16/xtal_99.cif,4.78022,109.31584
xtal_10.cif,./U3Si5/17/xtal_10.cif,-80.636475,-39.579197
xtal_12.cif,./U3Si5/17/xtal_12.cif,25.759396,-38.219284
xtal_14.cif,./U3Si5/17/xtal_14.cif,22.581125,-101.96477
xtal_15.cif,./U3Si5/17/xtal_15.cif,17.67372,-44.955776
xtal_16.cif,./U3Si5/17/xtal_16.cif,-96.097534,27.175743
xtal_17.cif,./U3Si5/17/xtal_17.cif,-60.632847,-36.78067
xtal_18.cif,./U3Si5/17/xtal_18.cif,-76.06306,-28.79368
xtal_19.cif,./U3Si5/17/xtal_19.cif,26.0582,-59.845997
xtal_2.cif,./U3Si5/17/xtal_2.cif,-84.06528,48.555687
xtal_20.cif,./U3Si5/17/xtal_20.cif,-19.471075,-22.274277
xtal_21.cif,./U3Si5/17/xtal_21.cif,-86.196106,-14.0771265
xtal_22.cif,./U3Si5/17/xtal_22.cif,0.7033059,-75.02496
xtal_25.cif,./U3Si5/17/xtal_25.cif,-94.27636,34.236332
xtal_26.cif,./U3Si5/17/xtal_26.cif,-52.874134,92.98919
xtal_29.cif,./U3Si5/17/xtal_29.cif,-77.83057,-38.688736
xtal_3.cif,./U3Si5/17/xtal_3.cif,-93.98602,31.45208
xtal_30.cif,./U3Si5/17/xtal_30.cif,7.4679923,107.1581
xtal_31.cif,./U3Si5/17/xtal_31.cif,-72.872086,-63.759106
xtal_34.cif,./U3Si5/17/xtal_34.cif,-90.879036,39.189926
xtal_37.cif,./U3Si5/17/xtal_37.cif,-78.38262,-6.6006565
xtal_38.cif,./U3Si5/17/xtal_38.cif,15.890503,-29.408714
xtal_40.cif,./U3Si5/17/xtal_40.cif,-94.68984,30.202183
xtal_42.cif,./U3Si5/17/xtal_42.cif,-41.682827,78.54972
xtal_43.cif,./U3Si5/17/xtal_43.cif,-1.6208446,-72.48657
xtal_44.cif,./U3Si5/17/xtal_44.cif,-86.02654,57.794476
xtal_45.cif,./U3Si5/17/xtal_45.cif,22.866987,-102.56269
xtal_47.cif,./U3Si5/17/xtal_47.cif,-83.09779,-39.569687
xtal_48.cif,./U3Si5/17/xtal_48.cif,-9.866928,-88.66661
xtal_5.cif,./U3Si5/17/xtal_5.cif,-89.23644,40.115025
xtal_51.cif,./U3Si5/17/xtal_51.cif,-65.512436,-35.54007
xtal_52.cif,./U3Si5/17/xtal_52.cif,23.470434,-56.375336
xtal_57.cif,./U3Si5/17/xtal_57.cif,-79.94803,13.840477
xtal_58.cif,./U3Si5/17/xtal_58.cif,-77.36049,-32.980167
xtal_60.cif,./U3Si5/17/xtal_60.cif,44.384815,-17.878284
xtal_61.cif,./U3Si5/17/xtal_61.cif,44.91728,-16.629332
xtal_62.cif,./U3Si5/17/xtal_62.cif,-100.22726,14.967414
xtal_65.cif,./U3Si5/17/xtal_65.cif,-80.37997,59.6129
xtal_66.cif,./U3Si5/17/xtal_66.cif,-74.91074,-65.23758
xtal_7.cif,./U3Si5/17/xtal_7.cif,-37.683247,88.192406
xtal_70.cif,./U3Si5/17/xtal_70.cif,-63.71709,61.312946
xtal_71.cif,./U3Si5/17/xtal_71.cif,-9.347372,-95.94201
xtal_74.cif,./U3Si5/17/xtal_74.cif,-80.34115,26.651468
xtal_75.cif,./U3Si5/17/xtal_75.cif,-67.9969,-18.69508
xtal_76.cif,./U3Si5/17/xtal_76.cif,22.38558,-33.247723
xtal_77.cif,./U3Si5/17/xtal_77.cif,-49.963387,-40.275707
xtal_8.cif,./U3Si5/17/xtal_8.cif,29.303812,-24.297869
xtal_83.cif,./U3Si5/17/xtal_83.cif,18.788002,-48.181202
xtal_87.cif,./U3Si5/17/xtal_87.cif,-69.92055,65.97405
xtal_88.cif,./U3Si5/17/xtal_88.cif,-72.78749,-64.78036
xtal_90.cif,./U3Si5/17/xtal_90.cif,41.01555,-27.200245
xtal_91.cif,./U3Si5/17/xtal_91.cif,-86.28081,2.404965
xtal_92.cif,./U3Si5/17/xtal_92.cif,-72.694084,-63.860035
xtal_96.cif,./U3Si5/17/xtal_96.cif,-53.18742,-27.75166
xtal_99.cif,./U3Si5/17/xtal_99.cif,-52.409977,-33.55087
xtal_1.cif,./U3Si5/18/xtal_1.cif,-57.09857,-34.0661
xtal_10.cif,./U3Si5/18/xtal_10.cif,-85.18624,0.48028812
xtal_100.cif,./U3Si5/18/xtal_100.cif,-75.65996,-42.775272
xtal_12.cif,./U3Si5/18/xtal_12.cif,16.964682,-17.049786
xtal_13.cif,./U3Si5/18/xtal_13.cif,34.541157,-19.393206
xtal_14.cif,./U3Si5/18/xtal_14.cif,-2.110597,-20.654703
xtal_16.cif,./U3Si5/18/xtal_16.cif,52.497906,-25.024618
xtal_17.cif,./U3Si5/18/xtal_17.cif,-10.039736,-80.16155
xtal_18.cif,./U3Si5/18/xtal_18.cif,-81.50279,-39.595837
xtal_19.cif,./U3Si5/18/xtal_19.cif,2.5683644,107.985405
xtal_2.cif,./U3Si5/18/xtal_2.cif,-81.47889,-29.637861
xtal_20.cif,./U3Si5/18/xtal_20.cif,-52.932636,-39.709732
xtal_21.cif,./U3Si5/18/xtal_21.cif,-80.39852,65.10077
xtal_22.cif,./U3Si5/18/xtal_22.cif,33.165157,-90.80485
xtal_23.cif,./U3Si5/18/xtal_23.cif,53.170883,-26.234915
xtal_24.cif,./U3Si5/18/xtal_24.cif,43.50362,-23.669079
xtal_25.cif,./U3Si5/18/xtal_25.cif,-101.27256,-1.6664162
xtal_28.cif,./U3Si5/18/xtal_28.cif,27.240213,-102.11787
xtal_29.cif,./U3Si5/18/xtal_29.cif,-65.52071,67.96097
xtal_3.cif,./U3Si5/18/xtal_3.cif,-90.63997,-0.6264824
xtal_31.cif,./U3Si5/18/xtal_31.cif,-86.05866,21.826202
xtal_33.cif,./U3Si5/18/xtal_33.cif,21.395155,-51.31533
xtal_34.cif,./U3Si5/18/xtal_34.cif,-20.433838,-31.489254
xtal_35.cif,./U3Si5/18/xtal_35.cif,-5.8526387,-12.240696
xtal_36.cif,./U3Si5/18/xtal_36.cif,-97.53156,12.251999
xtal_37.cif,./U3Si5/18/xtal_37.cif,-48.807835,94.383255
xtal_38.cif,./U3Si5/18/xtal_38.cif,21.798891,-100.91134
xtal_4.cif,./U3Si5/18/xtal_4.cif,-36.01129,-83.79563
xtal_40.cif,./U3Si5/18/xtal_40.cif,-40.98953,-93.379326
xtal_41.cif,./U3Si5/18/xtal_41.cif,-72.13138,73.94249
xtal_42.cif,./U3Si5/18/xtal_42.cif,-44.109753,-51.715145
xtal_44.cif,./U3Si5/18/xtal_44.cif,-2.6060195,-42.55676
xtal_45.cif,./U3Si5/18/xtal_45.cif,-73.02095,69.76232
xtal_46.cif,./U3Si5/18/xtal_46.cif,-78.528496,14.252282
xtal_47.cif,./U3Si5/18/xtal_47.cif,-15.815084,110.97179
xtal_49.cif,./U3Si5/18/xtal_49.cif,39.086132,-93.67503
xtal_5.cif,./U3Si5/18/xtal_5.cif,33.26335,-18.889513
xtal_50.cif,./U3Si5/18/xtal_50.cif,5.586006,-13.70058
xtal_51.cif,./U3Si5/18/xtal_51.cif,-20.14524,-30.883783
xtal_52.cif,./U3Si5/18/xtal_52.cif,26.151491,-41.327633
xtal_53.cif,./U3Si5/18/xtal_53.cif,-47.877052,87.93667
xtal_54.cif,./U3Si5/18/xtal_54.cif,21.212217,-34.165195
xtal_55.cif,./U3Si5/18/xtal_55.cif,-81.425545,63.4916
xtal_56.cif,./U3Si5/18/xtal_56.cif,-83.72093,23.591919
xtal_57.cif,./U3Si5/18/xtal_57.cif,-63.768497,-32.476254
xtal_58.cif,./U3Si5/18/xtal_58.cif,-81.791046,26.161076
xtal_59.cif,./U3Si5/18/xtal_59.cif,-58.32383,80.65403
xtal_6.cif,./U3Si5/18/xtal_6.cif,37.97619,-20.639051
xtal_60.cif,./U3Si5/18/xtal_60.cif,-95.48802,36.958862
xtal_61.cif,./U3Si5/18/xtal_61.cif,-76.87628,3.7333229
xtal_62.cif,./U3Si5/18/xtal_62.cif,36.259975,-52.511536
xtal_63.cif,./U3Si5/18/xtal_63.cif,-5.019797,110.27226
xtal_64.cif,./U3Si5/18/xtal_64.cif,-84.39882,63.374348
xtal_65.cif,./U3Si5/18/xtal_65.cif,-74.740845,10.190859
xtal_66.cif,./U3Si5/18/xtal_66.cif,50.86582,-28.509111
xtal_68.cif,./U3Si5/18/xtal_68.cif,-39.243923,-90.43735
xtal_7.cif,./U3Si5/18/xtal_7.cif,40.136467,-18.992186
xtal_70.cif,./U3Si5/18/xtal_70.cif,-59.099327,-58.354015
xtal_71.cif,./U3Si5/18/xtal_71.cif,-76.9646,64.733025
xtal_72.cif,./U3Si5/18/xtal_72.cif,-17.985554,-41.46559
xtal_73.cif,./U3Si5/18/xtal_73.cif,-84.78114,40.075478
xtal_74.cif,./U3Si5/18/xtal_74.cif,20.668827,-35.890545
xtal_75.cif,./U3Si5/18/xtal_75.cif,1.6051413,111.21
xtal_76.cif,./U3Si5/18/xtal_76.cif,-86.35112,2.2646751
xtal_77.cif,./U3Si5/18/xtal_77.cif,-28.824228,-34.936424
xtal_78.cif,./U3Si5/18/xtal_78.cif,-45.09079,-74.81514
xtal_79.cif,./U3Si5/18/xtal_79.cif,-80.73972,-3.0041678
xtal_80.cif,./U3Si5/18/xtal_80.cif,-71.994316,-55.37634
xtal_81.cif,./U3Si5/18/xtal_81.cif,-82.44964,14.37556
xtal_82.cif,./U3Si5/18/xtal_82.cif,6.520206,-47.10424
xtal_84.cif,./U3Si5/18/xtal_84.cif,-77.332954,40.510677
xtal_86.cif,./U3Si5/18/xtal_86.cif,-83.50884,63.33448
xtal_87.cif,./U3Si5/18/xtal_87.cif,-3.17075,-23.197311
xtal_88.cif,./U3Si5/18/xtal_88.cif,-41.10865,97.868805
xtal_89.cif,./U3Si5/18/xtal_89.cif,-78.57061,7.8124743
xtal_9.cif,./U3Si5/18/xtal_9.cif,14.387305,-30.454576
xtal_90.cif,./U3Si5/18/xtal_90.cif,-98.2648,18.354136
xtal_91.cif,./U3Si5/18/xtal_91.cif,-17.334023,-40.837116
xtal_92.cif,./U3Si5/18/xtal_92.cif,-37.397923,103.60161
xtal_93.cif,./U3Si5/18/xtal_93.cif,-5.0080757,-35.18558
xtal_94.cif,./U3Si5/18/xtal_94.cif,-101.2943,12.968098
xtal_96.cif,./U3Si5/18/xtal_96.cif,7.8373995,106.60688
xtal_97.cif,./U3Si5/18/xtal_97.cif,83.679955,-74.60536
xtal_98.cif,./U3Si5/18/xtal_98.cif,3.3821862,109.77158
xtal_99.cif,./U3Si5/18/xtal_99.cif,-64.083725,-34.20658
xtal_1.cif,./U3Si5/21/xtal_1.cif,-49.04312,66.44458
xtal_10.cif,./U3Si5/21/xtal_10.cif,29.930586,-24.70057
xtal_100.cif,./U3Si5/21/xtal_100.cif,96.55977,-44.971737
xtal_14.cif,./U3Si5/21/xtal_14.cif,-74.14711,13.447079
xtal_18.cif,./U3Si5/21/xtal_18.cif,56.06851,-24.721485
xtal_19.cif,./U3Si5/21/xtal_19.cif,106.267235,-16.926888
xtal_2.cif,./U3Si5/21/xtal_2.cif,33.079597,-21.512611
xtal_20.cif,./U3Si5/21/xtal_20.cif,50.275482,-92.77971
xtal_21.cif,./U3Si5/21/xtal_21.cif,-45.73336,97.6635
xtal_22.cif,./U3Si5/21/xtal_22.cif,12.970706,34.430984
xtal_23.cif,./U3Si5/21/xtal_23.cif,60.250202,31.926994
xtal_24.cif,./U3Si5/21/xtal_24.cif,-61.905087,77.21136
xtal_25.cif,./U3Si5/21/xtal_25.cif,-60.773514,79.03344
xtal_26.cif,./U3Si5/21/xtal_26.cif,-52.230835,78.93729
xtal_28.cif,./U3Si5/21/xtal_28.cif,-52.61539,92.20573
xtal_31.cif,./U3Si5/21/xtal_31.cif,90.664154,2.5706065
xtal_33.cif,./U3Si5/21/xtal_33.cif,109.62875,-9.784015
xtal_34.cif,./U3Si5/21/xtal_34.cif,-68.27145,44.72107
xtal_36.cif,./U3Si5/21/xtal_36.cif,12.859639,34.235725
xtal_37.cif,./U3Si5/21/xtal_37.cif,70.15817,20.495373
xtal_39.cif,./U3Si5/21/xtal_39.cif,8.264578,-46.44808
xtal_4.cif,./U3Si5/21/xtal_4.cif,-80.23458,-25.554462
xtal_40.cif,./U3Si5/21/xtal_40.cif,-74.36163,61.268013
xtal_42.cif,./U3Si5/21/xtal_42.cif,-30.303251,-77.75621
xtal_43.cif,./U3Si5/21/xtal_43.cif,-18.626657,-24.808523
xtal_44.cif,./U3Si5/21/xtal_44.cif,12.746635,-8.6275625
xtal_45.cif,./U3Si5/21/xtal_45.cif,-39.614185,29.988438
xtal_48.cif,./U3Si5/21/xtal_48.cif,30.854666,-46.41106
xtal_5.cif,./U3Si5/21/xtal_5.cif,11.025396,100.47948
xtal_50.cif,./U3Si5/21/xtal_50.cif,50.304653,-20.030363
xtal_52.cif,./U3Si5/21/xtal_52.cif,-25.099411,63.010387
xtal_54.cif,./U3Si5/21/xtal_54.cif,70.22863,2.798754
xtal_56.cif,./U3Si5/21/xtal_56.cif,-71.53675,8.86836
xtal_59.cif,./U3Si5/21/xtal_59.cif,-75.413246,57.065907
xtal_6.cif,./U3Si5/21/xtal_6.cif,-93.45192,4.968444
xtal_60.cif,./U3Si5/21/xtal_60.cif,6.3358545,-13.358023
xtal_62.cif,./U3Si5/21/xtal_62.cif,-60.46066,34.259743
xtal_64.cif,./U3Si5/21/xtal_64.cif,3.366948,-18.274279
xtal_67.cif,./U3Si5/21/xtal_67.cif,-26.982836,1.2560127
xtal_68.cif,./U3Si5/21/xtal_68.cif,101.42278,18.987011
xtal_70.cif,./U3Si5/21/xtal_70.cif,-48.8339,-40.72249
xtal_71.cif,./U3Si5/21/xtal_71.cif,14.849103,-17.55007
xtal_72.cif,./U3Si5/21/xtal_72.cif,-49.923527,-34.297215
xtal_74.cif,./U3Si5/21/xtal_74.cif,-1.7627339,-44.67188
xtal_76.cif,./U3Si5/21/xtal_76.cif,104.33354,-36.44157
xtal_78.cif,./U3Si5/21/xtal_78.cif,29.962141,22.165112
xtal_79.cif,./U3Si5/21/xtal_79.cif,9.945689,28.327856
xtal_8.cif,./U3Si5/21/xtal_8.cif,-68.27267,77.52606
xtal_80.cif,./U3Si5/21/xtal_80.cif,112.65319,-12.778235
xtal_81.cif,./U3Si5/21/xtal_81.cif,-80.845894,38.957474
xtal_82.cif,./U3Si5/21/xtal_82.cif,-101.478516,17.451145
xtal_84.cif,./U3Si5/21/xtal_84.cif,-15.491062,37.9119
xtal_85.cif,./U3Si5/21/xtal_85.cif,14.859746,-27.486164
xtal_86.cif,./U3Si5/21/xtal_86.cif,-100.817726,17.583088
xtal_87.cif,./U3Si5/21/xtal_87.cif,6.4932275,38.710106
xtal_89.cif,./U3Si5/21/xtal_89.cif,-83.4452,67.55904
xtal_90.cif,./U3Si5/21/xtal_90.cif,-62.289173,77.283806
xtal_93.cif,./U3Si5/21/xtal_93.cif,-17.615469,-50.584347
xtal_94.cif,./U3Si5/21/xtal_94.cif,-72.88569,-30.442034
xtal_95.cif,./U3Si5/21/xtal_95.cif,-30.446335,101.19061
xtal_96.cif,./U3Si5/21/xtal_96.cif,28.54076,24.303398
xtal_97.cif,./U3Si5/21/xtal_97.cif,57.127773,-23.891623
xtal_98.cif,./U3Si5/21/xtal_98.cif,22.739683,14.04573
xtal_11.cif,./U3Si5/23/xtal_11.cif,-100.33178,-0.7928417
xtal_12.cif,./U3Si5/23/xtal_12.cif,113.75743,-14.490167
xtal_13.cif,./U3Si5/23/xtal_13.cif,-53.610294,-29.90634
xtal_14.cif,./U3Si5/23/xtal_14.cif,-76.17771,-64.258575
xtal_15.cif,./U3Si5/23/xtal_15.cif,-68.42484,80.58876
xtal_16.cif,./U3Si5/23/xtal_16.cif,33.670177,-30.754442
xtal_18.cif,./U3Si5/23/xtal_18.cif,-87.810295,51.926785
xtal_19.cif,./U3Si5/23/xtal_19.cif,-34.404514,89.75447
xtal_21.cif,./U3Si5/23/xtal_21.cif,-98.88958,21.437492
xtal_22.cif,./U3Si5/23/xtal_22.cif,19.849567,-6.916862
xtal_23.cif,./U3Si5/23/xtal_23.cif,0.15655246,64.26067
xtal_26.cif,./U3Si5/23/xtal_26.cif,93.940834,-15.529739
xtal_28.cif,./U3Si5/23/xtal_28.cif,-96.76031,23.820967
xtal_3.cif,./U3Si5/23/xtal_3.cif,101.19171,-35.594086
xtal_30.cif,./U3Si5/23/xtal_30.cif,64.67818,-9.979833
xtal_31.cif,./U3Si5/23/xtal_31.cif,-79.918,-23.739796
xtal_32.cif,./U3Si5/23/xtal_32.cif,43.050323,-94.27876
xtal_34.cif,./U3Si5/23/xtal_34.cif,-64.1498,75.746925
xtal_35.cif,./U3Si5/23/xtal_35.cif,-68.31412,-53.364063
xtal_36.cif,./U3Si5/23/xtal_36.cif,-41.999577,-44.390568
xtal_37.cif,./U3Si5/23/xtal_37.cif,52.082806,-31.67766
xtal_38.cif,./U3Si5/23/xtal_38.cif,2.1485138,115.65516
xtal_4.cif,./U3Si5/23/xtal_4.cif,68.37214,16.126493
xtal_40.cif,./U3Si5/23/xtal_40.cif,-73.012184,-31.302776
xtal_41.cif,./U3Si5/23/xtal_41.cif,-72.71715,14.55782
xtal_42.cif,./U3Si5/23/xtal_42.cif,-40.804493,91.25164
xtal_43.cif,./U3Si5/23/xtal_43.cif,-17.65312,-91.19269
xtal_46.cif,./U3Si5/23/xtal_46.cif,103.929825,-17.697517
xtal_47.cif,./U3Si5/23/xtal_47.cif,62.69395,-29.07032
xtal_48.cif,./U3Si5/23/xtal_48.cif,-30.348232,12.801658
xtal_49.cif,./U3Si5/23/xtal_49.cif,-61.529922,-67.61226
xtal_50.cif,./U3Si5/23/xtal_50.cif,27.24783,-52.71929
xtal_52.cif,./U3Si5/23/xtal_52.cif,-97.51191,32.270103
xtal_53.cif,./U3Si5/23/xtal_53.cif,-86.18328,3.0493076
xtal_55.cif,./U3Si5/23/xtal_55.cif,-71.48455,-20.670498
xtal_59.cif,./U3Si5/23/xtal_59.cif,-67.36795,-73.103165
xtal_6.cif,./U3Si5/23/xtal_6.cif,-87.23588,-18.792187
xtal_60.cif,./U3Si5/23/xtal_60.cif,44.208168,-22.559977
xtal_61.cif,./U3Si5/23/xtal_61.cif,-44.877243,-72.36253
xtal_62.cif,./U3Si5/23/xtal_62.cif,-31.722052,30.018171
xtal_63.cif,./U3Si5/23/xtal_63.cif,55.225742,-66.86889
xtal_64.cif,./U3Si5/23/xtal_64.cif,112.31242,-11.583202
xtal_65.cif,./U3Si5/23/xtal_65.cif,33.004974,-86.15749
xtal_66.cif,./U3Si5/23/xtal_66.cif,-32.352642,106.01321
xtal_67.cif,./U3Si5/23/xtal_67.cif,-50.697796,53.211113
xtal_69.cif,./U3Si5/23/xtal_69.cif,-103.06909,-0.061001558
xtal_7.cif,./U3Si5/23/xtal_7.cif,24.359867,-74.09954
xtal_70.cif,./U3Si5/23/xtal_70.cif,-82.8896,67.08983
xtal_71.cif,./U3Si5/23/xtal_71.cif,-65.21676,96.385345
xtal_72.cif,./U3Si5/23/xtal_72.cif,57.163654,-69.39142
xtal_73.cif,./U3Si5/23/xtal_73.cif,32.495316,-44.814144
xtal_74.cif,./U3Si5/23/xtal_74.cif,9.651956,101.98944
xtal_76.cif,./U3Si5/23/xtal_76.cif,-71.93309,69.08512
xtal_77.cif,./U3Si5/23/xtal_77.cif,-87.83713,-18.614056
xtal_78.cif,./U3Si5/23/xtal_78.cif,-82.24502,-18.905851
xtal_79.cif,./U3Si5/23/xtal_79.cif,8.2847805,105.27602
xtal_8.cif,./U3Si5/23/xtal_8.cif,47.19171,-79.85824
xtal_81.cif,./U3Si5/23/xtal_81.cif,98.97048,26.521698
xtal_83.cif,./U3Si5/23/xtal_83.cif,-78.53114,29.44811
xtal_84.cif,./U3Si5/23/xtal_84.cif,82.29704,-37.93708
xtal_85.cif,./U3Si5/23/xtal_85.cif,47.028694,-72.840866
xtal_88.cif,./U3Si5/23/xtal_88.cif,27.810087,-103.8369
xtal_89.cif,./U3Si5/23/xtal_89.cif,-94.71147,-12.111452
xtal_90.cif,./U3Si5/23/xtal_90.cif,-93.669334,10.204779
xtal_91.cif,./U3Si5/23/xtal_91.cif,29.41849,-6.292002
xtal_92.cif,./U3Si5/23/xtal_92.cif,84.27267,-74.53028
xtal_94.cif,./U3Si5/23/xtal_94.cif,104.297516,26.261225
xtal_95.cif,./U3Si5/23/xtal_95.cif,66.73941,16.641327
xtal_96.cif,./U3Si5/23/xtal_96.cif,-52.628395,-47.56941
xtal_97.cif,./U3Si5/23/xtal_97.cif,-52.682964,58.184513
xtal_99.cif,./U3Si5/23/xtal_99.cif,100.37947,29.486181
xtal_12.cif,./U3Si5/25/xtal_12.cif,49.207508,-21.086735
xtal_13.cif,./U3Si5/25/xtal_13.cif,-54.98941,65.30972
xtal_14.cif,./U3Si5/25/xtal_14.cif,-81.72914,25.994228
xtal_15.cif,./U3Si5/25/xtal_15.cif,29.70936,-46.175663
xtal_16.cif,./U3Si5/25/xtal_16.cif,-25.071304,105.20372
xtal_18.cif,./U3Si5/25/xtal_18.cif,33.249634,83.7538
xtal_20.cif,./U3Si5/25/xtal_20.cif,-29.358625,106.47386
xtal_21.cif,./U3Si5/25/xtal_21.cif,-73.51495,14.988588
xtal_22.cif,./U3Si5/25/xtal_22.cif,-9.997306,2.273549
xtal_25.cif,./U3Si5/25/xtal_25.cif,-71.12958,11.297784
xtal_27.cif,./U3Si5/25/xtal_27.cif,22.013744,73.43494
xtal_29.cif,./U3Si5/25/xtal_29.cif,-62.271736,-34.2047
xtal_32.cif,./U3Si5/25/xtal_32.cif,-28.485666,-3.2056193
xtal_33.cif,./U3Si5/25/xtal_33.cif,45.503277,40.287388
xtal_36.cif,./U3Si5/25/xtal_36.cif,-78.85898,27.699205
xtal_38.cif,./U3Si5/25/xtal_38.cif,28.79588,38.24359
xtal_40.cif,./U3Si5/25/xtal_40.cif,47.947407,-21.544641
xtal_41.cif,./U3Si5/25/xtal_41.cif,-17.436754,112.04222
xtal_42.cif,./U3Si5/25/xtal_42.cif,-13.016112,8.226344
xtal_43.cif,./U3Si5/25/xtal_43.cif,36.749374,74.14533
xtal_45.cif,./U3Si5/25/xtal_45.cif,26.612453,77.893654
xtal_49.cif,./U3Si5/25/xtal_49.cif,30.760782,-31.403183
xtal_5.cif,./U3Si5/25/xtal_5.cif,10.738069,41.833763
xtal_50.cif,./U3Si5/25/xtal_50.cif,5.4026456,48.831493
xtal_52.cif,./U3Si5/25/xtal_52.cif,-2.113141,39.35205
xtal_55.cif,./U3Si5/25/xtal_55.cif,-37.532513,-77.39741
xtal_57.cif,./U3Si5/25/xtal_57.cif,-0.5214634,3.935263
xtal_58.cif,./U3Si5/25/xtal_58.cif,27.983068,72.95869
xtal_59.cif,./U3Si5/25/xtal_59.cif,28.445742,-35.653202
xtal_6.cif,./U3Si5/25/xtal_6.cif,-48.412968,-64.79654
xtal_60.cif,./U3Si5/25/xtal_60.cif,14.607517,31.056242
xtal_61.cif,./U3Si5/25/xtal_61.cif,22.430847,-38.12527
xtal_63.cif,./U3Si5/25/xtal_63.cif,-25.808832,50.08462
xtal_66.cif,./U3Si5/25/xtal_66.cif,44.124557,-16.950048
xtal_68.cif,./U3Si5/25/xtal_68.cif,-82.6277,11.683583
xtal_69.cif,./U3Si5/25/xtal_69.cif,20.271397,-8.971214
xtal_72.cif,./U3Si5/25/xtal_72.cif,28.279778,-34.902348
xtal_74.cif,./U3Si5/25/xtal_74.cif,-83.89442,38.568867
xtal_77.cif,./U3Si5/25/xtal_77.cif,7.6604657,32.934464
xtal_83.cif,./U3Si5/25/xtal_83.cif,-93.85471,-14.65376
xtal_84.cif,./U3Si5/25/xtal_84.cif,-13.631565,107.42945
xtal_85.cif,./U3Si5/25/xtal_85.cif,-82.10016,28.254864
xtal_88.cif,./U3Si5/25/xtal_88.cif,-10.352542,2.3961356
xtal_9.cif,./U3Si5/25/xtal_9.cif,-1.5633198,-55.1102
xtal_93.cif,./U3Si5/25/xtal_93.cif,-73.90461,65.69736
xtal_94.cif,./U3Si5/25/xtal_94.cif,-8.654461,-10.111366
xtal_97.cif,./U3Si5/25/xtal_97.cif,28.427935,-35.612427
xtal_98.cif,./U3Si5/25/xtal_98.cif,-86.12751,6.5535436
xtal_10.cif,./U3Si5/26/xtal_10.cif,-3.7946305,9.509199
xtal_100.cif,./U3Si5/26/xtal_100.cif,-55.103973,-78.026436
xtal_11.cif,./U3Si5/26/xtal_11.cif,-3.7889643,46.47416
xtal_12.cif,./U3Si5/26/xtal_12.cif,-60.169525,-31.190022
xtal_13.cif,./U3Si5/26/xtal_13.cif,38.950523,-21.330328
xtal_15.cif,./U3Si5/26/xtal_15.cif,-43.675694,-43.47782
xtal_16.cif,./U3Si5/26/xtal_16.cif,6.422595,48.502224
xtal_17.cif,./U3Si5/26/xtal_17.cif,-72.006454,-63.930653
xtal_18.cif,./U3Si5/26/xtal_18.cif,-63.75945,81.14259
xtal_19.cif,./U3Si5/26/xtal_19.cif,-34.377644,-75.876785
xtal_20.cif,./U3Si5/26/xtal_20.cif,50.188,-92.79032
xtal_21.cif,./U3Si5/26/xtal_21.cif,-45.373276,-51.81349
xtal_22.cif,./U3Si5/26/xtal_22.cif,-83.49151,61.236126
xtal_23.cif,./U3Si5/26/xtal_23.cif,44.152374,-62.02889
xtal_24.cif,./U3Si5/26/xtal_24.cif,-62.84999,-33.36079
xtal_25.cif,./U3Si5/26/xtal_25.cif,-61.19017,79.01793
xtal_26.cif,./U3Si5/26/xtal_26.cif,43.456867,55.771244
xtal_3.cif,./U3Si5/26/xtal_3.cif,-63.065563,80.86445
xtal_31.cif,./U3Si5/26/xtal_31.cif,-43.950302,96.38797
xtal_32.cif,./U3Si5/26/xtal_32.cif,-80.61912,-3.0199091
xtal_34.cif,./U3Si5/26/xtal_34.cif,-58.99423,-27.580505
xtal_35.cif,./U3Si5/26/xtal_35.cif,31.510132,-21.227303
xtal_39.cif,./U3Si5/26/xtal_39.cif,-32.830433,0.13613844
xtal_4.cif,./U3Si5/26/xtal_4.cif,14.956871,24.852858
xtal_42.cif,./U3Si5/26/xtal_42.cif,-81.62948,57.378807
xtal_45.cif,./U3Si5/26/xtal_45.cif,-85.261375,0.0002790822
xtal_49.cif,./U3Si5/26/xtal_49.cif,-83.532684,-20.441122
xtal_5.cif,./U3Si5/26/xtal_5.cif,52.634617,-65.54136
xtal_50.cif,./U3Si5/26/xtal_50.cif,18.226257,-4.478335
xtal_53.cif,./U3Si5/26/xtal_53.cif,4.648772,-19.25014
xtal_54.cif,./U3Si5/26/xtal_54.cif,-54.209923,-31.107138
xtal_55.cif,./U3Si5/26/xtal_55.cif,-48.607616,-22.568953
xtal_57.cif,./U3Si5/26/xtal_57.cif,-36.561493,104.11528
xtal_58.cif,./U3Si5/26/xtal_58.cif,6.6128225,-16.081959
xtal_6.cif,./U3Si5/26/xtal_6.cif,-89.04529,-1.1942122
xtal_60.cif,./U3Si5/26/xtal_60.cif,37.777344,41.178364
xtal_61.cif,./U3Si5/26/xtal_61.cif,-53.8695,75.76605
xtal_62.cif,./U3Si5/26/xtal_62.cif,-96.55795,35.502266
xtal_63.cif,./U3Si5/26/xtal_63.cif,-86.809425,28.43629
xtal_64.cif,./U3Si5/26/xtal_64.cif,41.594406,-18.407093
xtal_66.cif,./U3Si5/26/xtal_66.cif,31.59665,-21.283
xtal_67.cif,./U3Si5/26/xtal_67.cif,2.7948833,35.89107
xtal_68.cif,./U3Si5/26/xtal_68.cif,71.47082,7.5878525
xtal_7.cif,./U3Si5/26/xtal_7.cif,-33.912994,-85.31006
xtal_72.cif,./U3Si5/26/xtal_72.cif,-18.976501,-30.367897
xtal_73.cif,./U3Si5/26/xtal_73.cif,23.594347,-4.6087036
xtal_75.cif,./U3Si5/26/xtal_75.cif,30.170868,-46.227592
xtal_77.cif,./U3Si5/26/xtal_77.cif,-28.834772,-34.943485
xtal_81.cif,./U3Si5/26/xtal_81.cif,-55.553123,-38.552902
xtal_83.cif,./U3Si5/26/xtal_83.cif,-41.304756,99.75182
xtal_84.cif,./U3Si5/26/xtal_84.cif,-82.571556,-39.11562
xtal_85.cif,./U3Si5/26/xtal_85.cif,-40.033134,94.607544
xtal_87.cif,./U3Si5/26/xtal_87.cif,-9.286028,-33.284317
xtal_88.cif,./U3Si5/26/xtal_88.cif,33.253212,-88.45951
xtal_95.cif,./U3Si5/26/xtal_95.cif,2.077089,37.781147
xtal_97.cif,./U3Si5/26/xtal_97.cif,-49.314106,-46.543434
xtal_99.cif,./U3Si5/26/xtal_99.cif,-62.946003,80.90375
xtal_10.cif,./U3Si5/27/xtal_10.cif,32.473988,-18.763681
xtal_100.cif,./U3Si5/27/xtal_100.cif,-10.20692,109.66249
xtal_11.cif,./U3Si5/27/xtal_11.cif,26.099335,37.32495
xtal_16.cif,./U3Si5/27/xtal_16.cif,8.935599,103.28138
xtal_28.cif,./U3Si5/27/xtal_28.cif,19.863205,-10.411775
xtal_38.cif,./U3Si5/27/xtal_38.cif,-41.08375,98.652405
xtal_40.cif,./U3Si5/27/xtal_40.cif,-56.50876,80.19956
xtal_43.cif,./U3Si5/27/xtal_43.cif,-83.983604,28.685472
xtal_50.cif,./U3Si5/27/xtal_50.cif,-5.116747,110.34884
xtal_51.cif,./U3Si5/27/xtal_51.cif,14.956742,30.497742
xtal_77.cif,./U3Si5/27/xtal_77.cif,-2.3588135,-10.568524
xtal_78.cif,./U3Si5/27/xtal_78.cif,44.380325,-17.216875
xtal_86.cif,./U3Si5/27/xtal_86.cif,29.297781,-35.062405
xtal_93.cif,./U3Si5/27/xtal_93.cif,-51.834297,-30.97059
xtal_95.cif,./U3Si5/27/xtal_95.cif,8.195427,-0.6340742
xtal_1.cif,./U3Si5/28/xtal_1.cif,-32.98837,106.082054
xtal_10.cif,./U3Si5/28/xtal_10.cif,-63.159496,8.991956
xtal_11.cif,./U3Si5/28/xtal_11.cif,57.188545,73.177795
xtal_12.cif,./U3Si5/28/xtal_12.cif,17.845474,71.16144
xtal_13.cif,./U3Si5/28/xtal_13.cif,38.35905,95.332466
xtal_14.cif,./U3Si5/28/xtal_14.cif,15.094311,34.58696
xtal_15.cif,./U3Si5/28/xtal_15.cif,22.148157,73.55668
xtal_16.cif,./U3Si5/28/xtal_16.cif,48.59585,-21.178558
xtal_17.cif,./U3Si5/28/xtal_17.cif,35.12805,-43.691467
xtal_19.cif,./U3Si5/28/xtal_19.cif,-24.172457,108.662346
xtal_20.cif,./U3Si5/28/xtal_20.cif,-28.815601,88.313286
xtal_21.cif,./U3Si5/28/xtal_21.cif,-79.68738,27.573055
xtal_24.cif,./U3Si5/28/xtal_24.cif,-82.969925,43.92389
xtal_25.cif,./U3Si5/28/xtal_25.cif,-2.6234708,5.7615495
xtal_26.cif,./U3Si5/28/xtal_26.cif,-5.7708197,2.2201903
xtal_28.cif,./U3Si5/28/xtal_28.cif,-79.37434,21.153862
xtal_29.cif,./U3Si5/28/xtal_29.cif,-83.332664,3.6546428
xtal_3.cif,./U3Si5/28/xtal_3.cif,-61.470608,78.5785
xtal_30.cif,./U3Si5/28/xtal_30.cif,-13.225105,7.0978365
xtal_31.cif,./U3Si5/28/xtal_31.cif,38.428005,-23.753223
xtal_32.cif,./U3Si5/28/xtal_32.cif,-47.52715,63.382515
xtal_33.cif,./U3Si5/28/xtal_33.cif,-8.9729805,3.132682
xtal_34.cif,./U3Si5/28/xtal_34.cif,31.126755,72.01996
xtal_35.cif,./U3Si5/28/xtal_35.cif,-71.84619,75.217865
xtal_36.cif,./U3Si5/28/xtal_36.cif,-3.5045645,4.582445
xtal_37.cif,./U3Si5/28/xtal_37.cif,25.012522,73.38241
xtal_38.cif,./U3Si5/28/xtal_38.cif,38.294655,-6.2273245
xtal_39.cif,./U3Si5/28/xtal_39.cif,-72.19196,41.990417
xtal_4.cif,./U3Si5/28/xtal_4.cif,-85.30941,52.493267
xtal_40.cif,./U3Si5/28/xtal_40.cif,-73.317764,6.870427
xtal_43.cif,./U3Si5/28/xtal_43.cif,-3.5956464,-13.220295
xtal_44.cif,./U3Si5/28/xtal_44.cif,-80.5009,40.489265
xtal_45.cif,./U3Si5/28/xtal_45.cif,-75.09891,-37.574497
xtal_46.cif,./U3Si5/28/xtal_46.cif,-17.431498,110.861916
xtal_47.cif,./U3Si5/28/xtal_47.cif,32.298225,89.068474
xtal_48.cif,./U3Si5/28/xtal_48.cif,9.384303,-2.9459958
xtal_49.cif,./U3Si5/28/xtal_49.cif,-75.877914,55.793648
xtal_5.cif,./U3Si5/28/xtal_5.cif,-0.0049137915,-9.068137
xtal_50.cif,./U3Si5/28/xtal_50.cif,-93.39798,23.06045
xtal_51.cif,./U3Si5/28/xtal_51.cif,-77.0618,-32.88257
xtal_53.cif,./U3Si5/28/xtal_53.cif,-44.24233,96.57408
xtal_54.cif,./U3Si5/28/xtal_54.cif,-75.2886,24.277458
xtal_55.cif,./U3Si5/28/xtal_55.cif,44.348427,-17.738796
xtal_56.cif,./U3Si5/28/xtal_56.cif,-24.209332,106.63489
xtal_57.cif,./U3Si5/28/xtal_57.cif,-52.343323,77.243744
xtal_59.cif,./U3Si5/28/xtal_59.cif,-11.293243,4.680355
xtal_6.cif,./U3Si5/28/xtal_6.cif,39.01792,-8.628242
xtal_60.cif,./U3Si5/28/xtal_60.cif,-80.33218,34.172714
xtal_62.cif,./U3Si5/28/xtal_62.cif,1.2571715,37.454353
xtal_63.cif,./U3Si5/28/xtal_63.cif,38.160286,96.93562
xtal_64.cif,./U3Si5/28/xtal_64.cif,13.034092,28.076834
xtal_65.cif,./U3Si5/28/xtal_65.cif,34.80293,89.63693
xtal_67.cif,./U3Si5/28/xtal_67.cif,-3.278168,9.194937
xtal_68.cif,./U3Si5/28/xtal_68.cif,10.23338,-22.866009
xtal_69.cif,./U3Si5/28/xtal_69.cif,24.172441,-48.682323
xtal_70.cif,./U3Si5/28/xtal_70.cif,-44.96175,98.29554
xtal_71.cif,./U3Si5/28/xtal_71.cif,-62.448406,69.39714
xtal_74.cif,./U3Si5/28/xtal_74.cif,41.5337,91.84064
xtal_75.cif,./U3Si5/28/xtal_75.cif,14.218718,34.989414
xtal_76.cif,./U3Si5/28/xtal_76.cif,19.97089,-30.559898
xtal_77.cif,./U3Si5/28/xtal_77.cif,-76.65132,63.989857
xtal_78.cif,./U3Si5/28/xtal_78.cif,-2.9850602,-18.126179
xtal_79.cif,./U3Si5/28/xtal_79.cif,27.290485,-47.754562
xtal_80.cif,./U3Si5/28/xtal_80.cif,-97.36705,17.29497
xtal_83.cif,./U3Si5/28/xtal_83.cif,12.715373,3.6093678
xtal_86.cif,./U3Si5/28/xtal_86.cif,3.6546462,3.2817152
xtal_87.cif,./U3Si5/28/xtal_87.cif,6.77864,36.062366
xtal_88.cif,./U3Si5/28/xtal_88.cif,-60.855762,55.186962
xtal_89.cif,./U3Si5/28/xtal_89.cif,-4.7382016,-21.65901
xtal_9.cif,./U3Si5/28/xtal_9.cif,-5.535704,-22.786087
xtal_90.cif,./U3Si5/28/xtal_90.cif,16.82849,25.357874
xtal_91.cif,./U3Si5/28/xtal_91.cif,23.025854,-33.073082
xtal_94.cif,./U3Si5/28/xtal_94.cif,-100.637314,15.969378
xtal_96.cif,./U3Si5/28/xtal_96.cif,-30.506437,-35.337215
xtal_97.cif,./U3Si5/28/xtal_97.cif,25.021898,-22.799822
xtal_98.cif,./U3Si5/28/xtal_98.cif,-56.11204,84.751366
xtal_99.cif,./U3Si5/28/xtal_99.cif,12.21175,-35.10106
xtal_1.cif,./U3Si5/30/xtal_1.cif,-102.11251,-4.512848
xtal_10.cif,./U3Si5/30/xtal_10.cif,24.421755,50.96676
xtal_11.cif,./U3Si5/30/xtal_11.cif,-33.51454,103.48512
xtal_12.cif,./U3Si5/30/xtal_12.cif,28.792936,-76.49339
xtal_15.cif,./U3Si5/30/xtal_15.cif,8.772363,-31.121132
xtal_16.cif,./U3Si5/30/xtal_16.cif,20.68044,12.231571
xtal_18.cif,./U3Si5/30/xtal_18.cif,-56.769005,74.49532
xtal_22.cif,./U3Si5/30/xtal_22.cif,-90.504875,39.889652
xtal_23.cif,./U3Si5/30/xtal_23.cif,-0.19947065,109.94364
xtal_24.cif,./U3Si5/30/xtal_24.cif,-72.22933,56.332478
xtal_25.cif,./U3Si5/30/xtal_25.cif,36.128403,-9.149945
xtal_26.cif,./U3Si5/30/xtal_26.cif,-83.35816,-39.977737
xtal_27.cif,./U3Si5/30/xtal_27.cif,-79.70993,-33.87904
xtal_28.cif,./U3Si5/30/xtal_28.cif,21.45495,8.13342
xtal_29.cif,./U3Si5/30/xtal_29.cif,14.8848295,-5.2495494
xtal_3.cif,./U3Si5/30/xtal_3.cif,-3.4001162,-27.68764
xtal_31.cif,./U3Si5/30/xtal_31.cif,-18.9879,-19.713215
xtal_32.cif,./U3Si5/30/xtal_32.cif,-5.708499,-14.203434
xtal_33.cif,./U3Si5/30/xtal_33.cif,46.463364,-16.714954
xtal_36.cif,./U3Si5/30/xtal_36.cif,-7.8851304,-32.434814
xtal_38.cif,./U3Si5/30/xtal_38.cif,-67.60038,-57.767715
xtal_4.cif,./U3Si5/30/xtal_4.cif,0.72436386,-35.546856
xtal_40.cif,./U3Si5/30/xtal_40.cif,9.070952,-5.950211
xtal_42.cif,./U3Si5/30/xtal_42.cif,-71.26266,-31.846159
xtal_45.cif,./U3Si5/30/xtal_45.cif,14.196335,7.044474
xtal_46.cif,./U3Si5/30/xtal_46.cif,-5.6324115,-32.570377
xtal_49.cif,./U3Si5/30/xtal_49.cif,-101.369606,16.272955
xtal_51.cif,./U3Si5/30/xtal_51.cif,27.102924,3.710202
xtal_52.cif,./U3Si5/30/xtal_52.cif,17.167225,-0.61755484
xtal_53.cif,./U3Si5/30/xtal_53.cif,-85.47393,54.441776
xtal_54.cif,./U3Si5/30/xtal_54.cif,8.458529,-24.082077
xtal_55.cif,./U3Si5/30/xtal_55.cif,-88.179535,22.28936
xtal_56.cif,./U3Si5/30/xtal_56.cif,-7.2046075,105.878136
xtal_6.cif,./U3Si5/30/xtal_6.cif,-52.411003,-84.47957
xtal_66.cif,./U3Si5/30/xtal_66.cif,20.102745,-10.72308
xtal_67.cif,./U3Si5/30/xtal_67.cif,-45.930664,-48.2051
xtal_68.cif,./U3Si5/30/xtal_68.cif,-69.47552,50.119526
xtal_69.cif,./U3Si5/30/xtal_69.cif,24.520992,34.387966
xtal_7.cif,./U3Si5/30/xtal_7.cif,-97.161896,17.328295
xtal_72.cif,./U3Si5/30/xtal_72.cif,-55.061234,81.91111
xtal_74.cif,./U3Si5/30/xtal_74.cif,-33.112427,-89.61285
xtal_77.cif,./U3Si5/30/xtal_77.cif,1.8411964,37.263172
xtal_8.cif,./U3Si5/30/xtal_8.cif,-52.91485,94.10701
xtal_82.cif,./U3Si5/30/xtal_82.cif,-52.593575,-30.994936
xtal_84.cif,./U3Si5/30/xtal_84.cif,43.2893,-70.61863
xtal_86.cif,./U3Si5/30/xtal_86.cif,-90.452896,-22.613346
xtal_87.cif,./U3Si5/30/xtal_87.cif,-7.884394,-21.07347
xtal_88.cif,./U3Si5/30/xtal_88.cif,-79.115616,25.927116
xtal_9.cif,./U3Si5/30/xtal_9.cif,-91.18106,-14.5377
xtal_90.cif,./U3Si5/30/xtal_90.cif,-14.189362,-31.685081
xtal_91.cif,./U3Si5/30/xtal_91.cif,-75.70891,-42.930573
xtal_92.cif,./U3Si5/30/xtal_92.cif,18.812643,-35.821606
xtal_93.cif,./U3Si5/30/xtal_93.cif,-82.32307,25.643166
xtal_94.cif,./U3Si5/30/xtal_94.cif,-2.1219194,-27.805315
xtal_95.cif,./U3Si5/30/xtal_95.cif,-1.6799973,-21.130642
xtal_96.cif,./U3Si5/30/xtal_96.cif,34.318394,83.535965
xtal_97.cif,./U3Si5/30/xtal_97.cif,16.635147,-36.025757
xtal_99.cif,./U3Si5/30/xtal_99.cif,-3.523608,-22.013983
xtal_1.cif,./U3Si5/31/xtal_1.cif,-5.7852035,110.36962
xtal_11.cif,./U3Si5/31/xtal_11.cif,31.80497,33.55667
xtal_12.cif,./U3Si5/31/xtal_12.cif,15.019757,-45.050407
xtal_20.cif,./U3Si5/31/xtal_20.cif,-33.71822,105.90329
xtal_21.cif,./U3Si5/31/xtal_21.cif,-82.872,-4.8080215
xtal_29.cif,./U3Si5/31/xtal_29.cif,-33.092133,107.673416
xtal_30.cif,./U3Si5/31/xtal_30.cif,20.834688,-36.026173
xtal_31.cif,./U3Si5/31/xtal_31.cif,-84.15802,31.035421
xtal_32.cif,./U3Si5/31/xtal_32.cif,-52.780636,-79.8594
xtal_33.cif,./U3Si5/31/xtal_33.cif,-77.296684,29.485743
xtal_34.cif,./U3Si5/31/xtal_34.cif,-84.049164,31.1936
xtal_35.cif,./U3Si5/31/xtal_35.cif,-38.41557,100.816666
xtal_36.cif,./U3Si5/31/xtal_36.cif,39.497986,-19.574734
xtal_37.cif,./U3Si5/31/xtal_37.cif,-49.56393,96.520584
xtal_38.cif,./U3Si5/31/xtal_38.cif,-43.505665,-42.60297
xtal_39.cif,./U3Si5/31/xtal_39.cif,-84.596245,55.03635
xtal_4.cif,./U3Si5/31/xtal_4.cif,6.3202987,-22.311993
xtal_44.cif,./U3Si5/31/xtal_44.cif,-97.21145,19.31625
xtal_45.cif,./U3Si5/31/xtal_45.cif,-0.62667143,117.894516
xtal_47.cif,./U3Si5/31/xtal_47.cif,-42.1394,98.184296
xtal_49.cif,./U3Si5/31/xtal_49.cif,22.727934,-45.840668
xtal_51.cif,./U3Si5/31/xtal_51.cif,-56.939663,74.39259
xtal_52.cif,./U3Si5/31/xtal_52.cif,-78.67588,-20.319025
xtal_55.cif,./U3Si5/31/xtal_55.cif,20.225212,12.586739
xtal_58.cif,./U3Si5/31/xtal_58.cif,-80.103966,29.09513
xtal_64.cif,./U3Si5/31/xtal_64.cif,25.772318,-47.730976
xtal_68.cif,./U3Si5/31/xtal_68.cif,30.269793,41.193348
xtal_69.cif,./U3Si5/31/xtal_69.cif,-31.460234,41.137978
xtal_75.cif,./U3Si5/31/xtal_75.cif,-25.678865,90.00885
xtal_79.cif,./U3Si5/31/xtal_79.cif,-60.252243,54.069427
xtal_8.cif,./U3Si5/31/xtal_8.cif,-24.702679,101.158615
xtal_85.cif,./U3Si5/31/xtal_85.cif,23.134108,10.515229
xtal_9.cif,./U3Si5/31/xtal_9.cif,30.193836,74.08839
xtal_91.cif,./U3Si5/31/xtal_91.cif,-5.6881714,110.19394
xtal_1.cif,./U3Si5/32/xtal_1.cif,-51.389835,85.017624
xtal_13.cif,./U3Si5/32/xtal_13.cif,21.68829,70.38621
xtal_14.cif,./U3Si5/32/xtal_14.cif,33.90595,75.65254
xtal_15.cif,./U3Si5/32/xtal_15.cif,49.270187,44.385643
xtal_16.cif,./U3Si5/32/xtal_16.cif,43.77971,81.601715
xtal_17.cif,./U3Si5/32/xtal_17.cif,31.950245,84.04356
xtal_18.cif,./U3Si5/32/xtal_18.cif,-88.209755,77.35178
xtal_19.cif,./U3Si5/32/xtal_19.cif,52.57108,70.37857
xtal_2.cif,./U3Si5/32/xtal_2.cif,-5.045476,3.545856
xtal_23.cif,./U3Si5/32/xtal_23.cif,23.748133,-48.959946
xtal_24.cif,./U3Si5/32/xtal_24.cif,-5.534061,9.190209
xtal_33.cif,./U3Si5/32/xtal_33.cif,25.738396,70.936554
xtal_35.cif,./U3Si5/32/xtal_35.cif,-57.561882,49.993378
xtal_38.cif,./U3Si5/32/xtal_38.cif,41.13285,-17.380438
xtal_4.cif,./U3Si5/32/xtal_4.cif,17.91411,-38.140823
xtal_42.cif,./U3Si5/32/xtal_42.cif,38.946728,97.47529
xtal_46.cif,./U3Si5/32/xtal_46.cif,-17.85157,109.915115
xtal_48.cif,./U3Si5/32/xtal_48.cif,14.57638,-31.225079
xtal_5.cif,./U3Si5/32/xtal_5.cif,34.915062,-8.122909
xtal_60.cif,./U3Si5/32/xtal_60.cif,-15.5231495,8.109848
xtal_64.cif,./U3Si5/32/xtal_64.cif,19.902674,73.75173
xtal_68.cif,./U3Si5/32/xtal_68.cif,-83.51182,-32.045727
xtal_69.cif,./U3Si5/32/xtal_69.cif,25.038538,8.178032
xtal_75.cif,./U3Si5/32/xtal_75.cif,-71.2313,56.54104
xtal_76.cif,./U3Si5/32/xtal_76.cif,54.89248,-67.05122
xtal_79.cif,./U3Si5/32/xtal_79.cif,26.543962,-47.218113
xtal_8.cif,./U3Si5/32/xtal_8.cif,-10.887867,31.620886
xtal_81.cif,./U3Si5/32/xtal_81.cif,-76.61335,5.9164042
xtal_82.cif,./U3Si5/32/xtal_82.cif,34.849926,-1.6591437
xtal_83.cif,./U3Si5/32/xtal_83.cif,-28.618406,105.33961
xtal_86.cif,./U3Si5/32/xtal_86.cif,22.909668,72.94042
xtal_89.cif,./U3Si5/32/xtal_89.cif,-21.84464,109.29422
xtal_9.cif,./U3Si5/32/xtal_9.cif,39.080894,-23.953876
xtal_92.cif,./U3Si5/32/xtal_92.cif,-73.62202,19.871214
xtal_93.cif,./U3Si5/32/xtal_93.cif,41.612083,97.65834
xtal_10.cif,./U3Si5/34/xtal_10.cif,17.509377,-4.6344514
xtal_11.cif,./U3Si5/34/xtal_11.cif,-46.27452,95.88774
xtal_12.cif,./U3Si5/34/xtal_12.cif,-57.69045,83.04978
xtal_15.cif,./U3Si5/34/xtal_15.cif,6.2381654,110.155556
xtal_17.cif,./U3Si5/34/xtal_17.cif,7.2107854,-18.404106
xtal_18.cif,./U3Si5/34/xtal_18.cif,60.150475,-51.703667
xtal_19.cif,./U3Si5/34/xtal_19.cif,-66.87986,64.81899
xtal_21.cif,./U3Si5/34/xtal_21.cif,23.168556,-8.995177
xtal_22.cif,./U3Si5/34/xtal_22.cif,7.03566,-51.080826
xtal_23.cif,./U3Si5/34/xtal_23.cif,10.771842,36.920406
xtal_25.cif,./U3Si5/34/xtal_25.cif,-78.58242,-4.5317674
xtal_26.cif,./U3Si5/34/xtal_26.cif,7.5763335,-15.470672
xtal_28.cif,./U3Si5/34/xtal_28.cif,37.80784,48.656544
xtal_30.cif,./U3Si5/34/xtal_30.cif,-77.541595,19.095625
xtal_33.cif,./U3Si5/34/xtal_33.cif,-79.9744,10.38729
xtal_34.cif,./U3Si5/34/xtal_34.cif,10.095198,43.647316
xtal_38.cif,./U3Si5/34/xtal_38.cif,-84.66003,38.641384
xtal_40.cif,./U3Si5/34/xtal_40.cif,-28.89368,107.51189
xtal_41.cif,./U3Si5/34/xtal_41.cif,-55.55798,79.28396
xtal_42.cif,./U3Si5/34/xtal_42.cif,-83.24506,8.280427
xtal_45.cif,./U3Si5/34/xtal_45.cif,-73.16931,14.772116
xtal_46.cif,./U3Si5/34/xtal_46.cif,40.98862,-27.119665
xtal_47.cif,./U3Si5/34/xtal_47.cif,24.366821,51.10139
xtal_49.cif,./U3Si5/34/xtal_49.cif,23.736235,41.371433
xtal_50.cif,./U3Si5/34/xtal_50.cif,27.345497,23.111145
xtal_51.cif,./U3Si5/34/xtal_51.cif,-78.34376,40.566208
xtal_53.cif,./U3Si5/34/xtal_53.cif,-69.87407,49.431393
xtal_54.cif,./U3Si5/34/xtal_54.cif,-81.13469,9.507788
xtal_57.cif,./U3Si5/34/xtal_57.cif,-73.2484,1.2486757
xtal_58.cif,./U3Si5/34/xtal_58.cif,2.8652275,106.69337
xtal_59.cif,./U3Si5/34/xtal_59.cif,34.382538,40.219204
xtal_60.cif,./U3Si5/34/xtal_60.cif,-71.49919,13.892356
xtal_61.cif,./U3Si5/34/xtal_61.cif,-89.411545,48.722477
xtal_62.cif,./U3Si5/34/xtal_62.cif,-86.84597,-25.45385
xtal_63.cif,./U3Si5/34/xtal_63.cif,-82.99611,38.304615
xtal_65.cif,./U3Si5/34/xtal_65.cif,10.686369,41.904846
xtal_66.cif,./U3Si5/34/xtal_66.cif,-57.808437,53.998833
xtal_67.cif,./U3Si5/34/xtal_67.cif,-3.4542036,-16.675488
xtal_68.cif,./U3Si5/34/xtal_68.cif,-59.065037,54.72687
xtal_7.cif,./U3Si5/34/xtal_7.cif,-69.58891,73.15329
xtal_70.cif,./U3Si5/34/xtal_70.cif,-39.305477,98.330315
xtal_73.cif,./U3Si5/34/xtal_73.cif,-7.188949,-31.024435
xtal_75.cif,./U3Si5/34/xtal_75.cif,37.956944,88.703354
xtal_76.cif,./U3Si5/34/xtal_76.cif,-72.73198,14.086726
xtal_77.cif,./U3Si5/34/xtal_77.cif,15.611852,-2.6272042
xtal_8.cif,./U3Si5/34/xtal_8.cif,-97.26614,10.5535755
xtal_81.cif,./U3Si5/34/xtal_81.cif,-64.85283,62.382626
xtal_84.cif,./U3Si5/34/xtal_84.cif,-38.716125,-74.419754
xtal_85.cif,./U3Si5/34/xtal_85.cif,-35.816093,103.257065
xtal_87.cif,./U3Si5/34/xtal_87.cif,-42.942154,-43.14676
xtal_88.cif,./U3Si5/34/xtal_88.cif,-86.770424,-18.823208
xtal_91.cif,./U3Si5/34/xtal_91.cif,10.765229,43.64971
xtal_92.cif,./U3Si5/34/xtal_92.cif,-30.101086,-2.0543869
xtal_100.cif,./U3Si5/35/xtal_100.cif,9.945889,2.3218858
xtal_12.cif,./U3Si5/35/xtal_12.cif,-15.2090025,33.05335
xtal_16.cif,./U3Si5/35/xtal_16.cif,-19.01262,106.322655
xtal_21.cif,./U3Si5/35/xtal_21.cif,-39.058167,103.42738
xtal_25.cif,./U3Si5/35/xtal_25.cif,-75.776726,25.280216
xtal_26.cif,./U3Si5/35/xtal_26.cif,-55.66248,79.7669
xtal_29.cif,./U3Si5/35/xtal_29.cif,-8.092749,-7.548735
xtal_3.cif,./U3Si5/35/xtal_3.cif,-10.117311,32.52356
xtal_30.cif,./U3Si5/35/xtal_30.cif,42.196373,96.948975
xtal_32.cif,./U3Si5/35/xtal_32.cif,45.89419,97.21126
xtal_38.cif,./U3Si5/35/xtal_38.cif,24.710762,77.08076
xtal_40.cif,./U3Si5/35/xtal_40.cif,56.818825,74.43872
xtal_42.cif,./U3Si5/35/xtal_42.cif,-15.449088,31.493547
xtal_43.cif,./U3Si5/35/xtal_43.cif,1.0500281,3.4421172
xtal_44.cif,./U3Si5/35/xtal_44.cif,41.169754,97.817444
xtal_45.cif,./U3Si5/35/xtal_45.cif,8.203614,100.49761
xtal_47.cif,./U3Si5/35/xtal_47.cif,34.732807,83.07185
xtal_48.cif,./U3Si5/35/xtal_48.cif,-1.9205505,107.85703
xtal_5.cif,./U3Si5/35/xtal_5.cif,24.082253,76.48279
xtal_54.cif,./U3Si5/35/xtal_54.cif,-73.73497,59.127098
xtal_57.cif,./U3Si5/35/xtal_57.cif,112.478485,-10.989156
xtal_58.cif,./U3Si5/35/xtal_58.cif,39.187946,96.4178
xtal_61.cif,./U3Si5/35/xtal_61.cif,-74.38252,59.08534
xtal_65.cif,./U3Si5/35/xtal_65.cif,-52.08888,87.122
xtal_70.cif,./U3Si5/35/xtal_70.cif,-2.9843132,6.973483
xtal_8.cif,./U3Si5/35/xtal_8.cif,47.13671,77.35756
xtal_81.cif,./U3Si5/35/xtal_81.cif,-2.8717372,6.8971443
xtal_82.cif,./U3Si5/35/xtal_82.cif,-81.84132,2.0381079
xtal_85.cif,./U3Si5/35/xtal_85.cif,-13.249667,30.844393
xtal_90.cif,./U3Si5/35/xtal_90.cif,-10.509069,31.886408
xtal_91.cif,./U3Si5/35/xtal_91.cif,39.85801,46.68105
xtal_96.cif,./U3Si5/35/xtal_96.cif,104.61491,7.1674967
xtal_98.cif,./U3Si5/35/xtal_98.cif,34.08751,87.08623
xtal_99.cif,./U3Si5/35/xtal_99.cif,20.007324,73.32884
xtal_1.cif,./U3Si5/38/xtal_1.cif,57.13285,-51.45906
xtal_10.cif,./U3Si5/38/xtal_10.cif,92.59506,7.7097015
xtal_100.cif,./U3Si5/38/xtal_100.cif,-24.420387,15.08531
xtal_11.cif,./U3Si5/38/xtal_11.cif,16.05628,-13.348872
xtal_16.cif,./U3Si5/38/xtal_16.cif,-54.207508,75.241974
xtal_17.cif,./U3Si5/38/xtal_17.cif,-92.53795,-4.691939
xtal_18.cif,./U3Si5/38/xtal_18.cif,-81.32236,11.029384
xtal_20.cif,./U3Si5/38/xtal_20.cif,-45.64712,95.65663
xtal_23.cif,./U3Si5/38/xtal_23.cif,102.69166,-16.829792
xtal_24.cif,./U3Si5/38/xtal_24.cif,27.447186,-3.9432845
xtal_25.cif,./U3Si5/38/xtal_25.cif,25.720047,-1.2006725
xtal_27.cif,./U3Si5/38/xtal_27.cif,-81.884445,-18.374783
xtal_29.cif,./U3Si5/38/xtal_29.cif,-9.8419695,1.9064806
xtal_3.cif,./U3Si5/38/xtal_3.cif,-22.191908,87.65086
xtal_31.cif,./U3Si5/38/xtal_31.cif,-89.18331,38.488888
xtal_32.cif,./U3Si5/38/xtal_32.cif,-94.23855,-2.07331
xtal_36.cif,./U3Si5/38/xtal_36.cif,-80.67073,-26.618095
xtal_38.cif,./U3Si5/38/xtal_38.cif,-9.783556,1.3171856
xtal_39.cif,./U3Si5/38/xtal_39.cif,66.39561,-32.519676
xtal_43.cif,./U3Si5/38/xtal_43.cif,-75.45196,59.628666
xtal_45.cif,./U3Si5/38/xtal_45.cif,3.440771,-6.1420293
xtal_46.cif,./U3Si5/38/xtal_46.cif,29.085419,-35.09311
xtal_47.cif,./U3Si5/38/xtal_47.cif,-30.352646,85.851
xtal_48.cif,./U3Si5/38/xtal_48.cif,-76.98301,9.286084
xtal_5.cif,./U3Si5/38/xtal_5.cif,56.318394,-63.219288
xtal_53.cif,./U3Si5/38/xtal_53.cif,-4.1093264,-23.966608
xtal_54.cif,./U3Si5/38/xtal_54.cif,73.132095,-65.20608
xtal_57.cif,./U3Si5/38/xtal_57.cif,58.23483,-69.432556
xtal_58.cif,./U3Si5/38/xtal_58.cif,-57.867565,53.130516
xtal_6.cif,./U3Si5/38/xtal_6.cif,-59.357395,52.597656
xtal_60.cif,./U3Si5/38/xtal_60.cif,32.66331,8.909176
xtal_65.cif,./U3Si5/38/xtal_65.cif,30.083057,25.28968
xtal_67.cif,./U3Si5/38/xtal_67.cif,-90.44177,36.765064
xtal_7.cif,./U3Si5/38/xtal_7.cif,30.811928,38.70279
xtal_72.cif,./U3Si5/38/xtal_72.cif,-80.409775,23.41628
xtal_73.cif,./U3Si5/38/xtal_73.cif,83.85525,4.473726
xtal_80.cif,./U3Si5/38/xtal_80.cif,65.96565,-53.446075
xtal_82.cif,./U3Si5/38/xtal_82.cif,104.07637,-19.09141
xtal_84.cif,./U3Si5/38/xtal_84.cif,-12.355779,-11.263145
xtal_9.cif,./U3Si5/38/xtal_9.cif,-78.984344,5.6968923
xtal_91.cif,./U3Si5/38/xtal_91.cif,-78.811615,40.36105
xtal_92.cif,./U3Si5/38/xtal_92.cif,-60.49954,53.04829
xtal_94.cif,./U3Si5/38/xtal_94.cif,47.969807,-17.469177
xtal_96.cif,./U3Si5/38/xtal_96.cif,-82.50136,11.720387
xtal_97.cif,./U3Si5/38/xtal_97.cif,56.081963,-24.04857
xtal_98.cif,./U3Si5/38/xtal_98.cif,34.129055,-36.445786
xtal_99.cif,./U3Si5/38/xtal_99.cif,-89.25364,14.63793
xtal_12.cif,./U3Si5/44/xtal_12.cif,12.941924,27.027212
xtal_14.cif,./U3Si5/44/xtal_14.cif,-8.387675,-79.1924
xtal_16.cif,./U3Si5/44/xtal_16.cif,-17.620544,-10.374383
xtal_22.cif,./U3Si5/44/xtal_22.cif,9.867388,103.81537
xtal_23.cif,./U3Si5/44/xtal_23.cif,-10.857512,95.23133
xtal_24.cif,./U3Si5/44/xtal_24.cif,-30.019072,96.68732
xtal_26.cif,./U3Si5/44/xtal_26.cif,-2.3507094,-32.201904
xtal_34.cif,./U3Si5/44/xtal_34.cif,-44.632458,-59.696323
xtal_36.cif,./U3Si5/44/xtal_36.cif,-88.623886,10.361894
xtal_38.cif,./U3Si5/44/xtal_38.cif,16.403994,-35.736588
xtal_42.cif,./U3Si5/44/xtal_42.cif,-84.25543,59.2801
xtal_44.cif,./U3Si5/44/xtal_44.cif,99.22324,16.76429
xtal_46.cif,./U3Si5/44/xtal_46.cif,-83.80509,38.370377
xtal_5.cif,./U3Si5/44/xtal_5.cif,27.356665,37.441162
xtal_52.cif,./U3Si5/44/xtal_52.cif,-3.988635,111.200226
xtal_57.cif,./U3Si5/44/xtal_57.cif,-73.79465,4.8469954
xtal_59.cif,./U3Si5/44/xtal_59.cif,30.83732,72.88544
xtal_68.cif,./U3Si5/44/xtal_68.cif,-49.612232,75.07145
xtal_7.cif,./U3Si5/44/xtal_7.cif,48.926857,-20.93029
xtal_75.cif,./U3Si5/44/xtal_75.cif,24.68557,7.233063
xtal_76.cif,./U3Si5/44/xtal_76.cif,-44.55095,98.73762
xtal_79.cif,./U3Si5/44/xtal_79.cif,42.43857,38.78036
xtal_82.cif,./U3Si5/44/xtal_82.cif,27.027472,-101.49838
xtal_91.cif,./U3Si5/44/xtal_91.cif,12.525853,28.733791
xtal_92.cif,./U3Si5/44/xtal_92.cif,9.864687,-0.44573915
xtal_95.cif,./U3Si5/44/xtal_95.cif,31.792536,0.39271706
xtal_96.cif,./U3Si5/44/xtal_96.cif,32.805717,30.41368
xtal_98.cif,./U3Si5/44/xtal_98.cif,50.663406,-21.421356
xtal_99.cif,./U3Si5/44/xtal_99.cif,47.63556,60.960102
xtal_1.cif,./U3Si5/47/xtal_1.cif,60.5509,20.717443
xtal_10.cif,./U3Si5/47/xtal_10.cif,-80.074745,9.889844
xtal_11.cif,./U3Si5/47/xtal_11.cif,107.81349,-18.959478
xtal_12.cif,./U3Si5/47/xtal_12.cif,-60.623966,54.33918
xtal_13.cif,./U3Si5/47/xtal_13.cif,-33.181225,88.66626
xtal_15.cif,./U3Si5/47/xtal_15.cif,44.302734,-78.450165
xtal_16.cif,./U3Si5/47/xtal_16.cif,-56.62183,81.9472
xtal_17.cif,./U3Si5/47/xtal_17.cif,-71.035934,-62.018063
xtal_18.cif,./U3Si5/47/xtal_18.cif,-6.626414,-33.513134
xtal_19.cif,./U3Si5/47/xtal_19.cif,-40.39148,100.86213
xtal_2.cif,./U3Si5/47/xtal_2.cif,-19.569672,-93.5353
xtal_20.cif,./U3Si5/47/xtal_20.cif,-94.59735,-20.055292
xtal_21.cif,./U3Si5/47/xtal_21.cif,-39.736706,-27.535995
xtal_22.cif,./U3Si5/47/xtal_22.cif,110.264175,36.66515
xtal_23.cif,./U3Si5/47/xtal_23.cif,-43.277054,-50.807163
xtal_24.cif,./U3Si5/47/xtal_24.cif,-63.78432,-32.776985
xtal_25.cif,./U3Si5/47/xtal_25.cif,5.2090654,69.8545
xtal_26.cif,./U3Si5/47/xtal_26.cif,52.795994,16.740076
xtal_27.cif,./U3Si5/47/xtal_27.cif,-8.2796755,-50.106106
xtal_28.cif,./U3Si5/47/xtal_28.cif,-58.709415,80.14236
xtal_29.cif,./U3Si5/47/xtal_29.cif,59.92585,13.1091795
xtal_3.cif,./U3Si5/47/xtal_3.cif,93.23422,-10.531093
xtal_30.cif,./U3Si5/47/xtal_30.cif,-40.221363,100.996155
xtal_31.cif,./U3Si5/47/xtal_31.cif,-51.32901,-61.660603
xtal_32.cif,./U3Si5/47/xtal_32.cif,-20.1818,-95.87819
xtal_33.cif,./U3Si5/47/xtal_33.cif,-3.555388,-33.938667
xtal_34.cif,./U3Si5/47/xtal_34.cif,-74.1136,44.036083
xtal_35.cif,./U3Si5/47/xtal_35.cif,-5.4983835,-103.09393
xtal_36.cif,./U3Si5/47/xtal_36.cif,-67.25269,-72.71654
xtal_37.cif,./U3Si5/47/xtal_37.cif,43.589825,-23.321789
xtal_38.cif,./U3Si5/47/xtal_38.cif,-2.2129087,-105.0417
xtal_39.cif,./U3Si5/47/xtal_39.cif,-36.25365,-75.5511
xtal_4.cif,./U3Si5/47/xtal_4.cif,-79.563614,9.302872
xtal_40.cif,./U3Si5/47/xtal_40.cif,-21.934973,-27.315422
xtal_41.cif,./U3Si5/47/xtal_41.cif,-5.4726515,-13.741486
xtal_42.cif,./U3Si5/47/xtal_42.cif,78.243004,-69.84467
xtal_43.cif,./U3Si5/47/xtal_43.cif,-34.044487,80.22134
xtal_44.cif,./U3Si5/47/xtal_44.cif,-7.533373,-102.99182
xtal_46.cif,./U3Si5/47/xtal_46.cif,-45.47523,-62.38493
xtal_47.cif,./U3Si5/47/xtal_47.cif,-44.30757,-59.37465
xtal_48.cif,./U3Si5/47/xtal_48.cif,-33.054543,-89.56371
xtal_49.cif,./U3Si5/47/xtal_49.cif,59.40164,-6.3206854
xtal_5.cif,./U3Si5/47/xtal_5.cif,70.446,-48.56909
xtal_50.cif,./U3Si5/47/xtal_50.cif,55.41153,-38.11803
xtal_51.cif,./U3Si5/47/xtal_51.cif,-97.42006,12.687337
xtal_52.cif,./U3Si5/47/xtal_52.cif,-87.378174,4.624429
xtal_53.cif,./U3Si5/47/xtal_53.cif,-29.395472,107.021324
xtal_54.cif,./U3Si5/47/xtal_54.cif,28.563015,-23.757305
xtal_56.cif,./U3Si5/47/xtal_56.cif,75.61395,-74.20994
xtal_57.cif,./U3Si5/47/xtal_57.cif,-42.75698,-82.724556
xtal_58.cif,./U3Si5/47/xtal_58.cif,-90.23092,-21.956581
xtal_59.cif,./U3Si5/47/xtal_59.cif,-94.66116,15.2169
xtal_6.cif,./U3Si5/47/xtal_6.cif,10.901139,-71.497475
xtal_60.cif,./U3Si5/47/xtal_60.cif,-79.03643,-24.242752
xtal_61.cif,./U3Si5/47/xtal_61.cif,-52.88346,87.803474
xtal_62.cif,./U3Si5/47/xtal_62.cif,-34.65327,0.95511335
xtal_63.cif,./U3Si5/47/xtal_63.cif,-31.043411,-89.20723
xtal_64.cif,./U3Si5/47/xtal_64.cif,54.169895,-67.70096
xtal_65.cif,./U3Si5/47/xtal_65.cif,-15.900714,41.39057
xtal_66.cif,./U3Si5/47/xtal_66.cif,30.738747,-46.300446
xtal_67.cif,./U3Si5/47/xtal_67.cif,-80.410164,-18.815708
xtal_68.cif,./U3Si5/47/xtal_68.cif,83.40856,-39.049183
xtal_7.cif,./U3Si5/47/xtal_7.cif,-14.352308,53.084946
xtal_70.cif,./U3Si5/47/xtal_70.cif,-65.02819,48.47334
xtal_71.cif,./U3Si5/47/xtal_71.cif,-43.647804,-52.175884
xtal_72.cif,./U3Si5/47/xtal_72.cif,-75.36792,56.88885
xtal_73.cif,./U3Si5/47/xtal_73.cif,-10.154282,-98.250946
xtal_74.cif,./U3Si5/47/xtal_74.cif,22.891758,-35.62226
xtal_75.cif,./U3Si5/47/xtal_75.cif,-62.916584,-37.565228
xtal_76.cif,./U3Si5/47/xtal_76.cif,-48.486736,-6.8011727
xtal_77.cif,./U3Si5/47/xtal_77.cif,-62.456654,-34.864983
xtal_78.cif,./U3Si5/47/xtal_78.cif,-27.360928,-3.2737186
xtal_79.cif,./U3Si5/47/xtal_79.cif,-0.40463725,110.113914
xtal_8.cif,./U3Si5/47/xtal_8.cif,1.0747601,110.95848
xtal_80.cif,./U3Si5/47/xtal_80.cif,19.137701,-54.904762
xtal_81.cif,./U3Si5/47/xtal_81.cif,-20.854342,107.95087
xtal_82.cif,./U3Si5/47/xtal_82.cif,-82.19094,39.58061
xtal_83.cif,./U3Si5/47/xtal_83.cif,-51.488285,0.78399575
xtal_84.cif,./U3Si5/47/xtal_84.cif,-53.493565,-33.613667
xtal_85.cif,./U3Si5/47/xtal_85.cif,-51.442593,-74.936
xtal_86.cif,./U3Si5/47/xtal_86.cif,-33.925636,-45.250446
xtal_87.cif,./U3Si5/47/xtal_87.cif,-5.766915,-102.91173
xtal_88.cif,./U3Si5/47/xtal_88.cif,-44.635406,-60.62589
xtal_89.cif,./U3Si5/47/xtal_89.cif,-8.884537,26.94116
xtal_9.cif,./U3Si5/47/xtal_9.cif,-24.173023,-32.555984
xtal_90.cif,./U3Si5/47/xtal_90.cif,25.55763,-81.187454
xtal_91.cif,./U3Si5/47/xtal_91.cif,-44.303204,-47.493385
xtal_92.cif,./U3Si5/47/xtal_92.cif,70.9348,-79.13886
xtal_93.cif,./U3Si5/47/xtal_93.cif,-33.71189,-85.9927
xtal_95.cif,./U3Si5/47/xtal_95.cif,93.548676,-41.12223
xtal_96.cif,./U3Si5/47/xtal_96.cif,-3.5434675,-52.537678
xtal_97.cif,./U3Si5/47/xtal_97.cif,-32.00375,106.16724
xtal_98.cif,./U3Si5/47/xtal_98.cif,26.720255,-54.687424
xtal_99.cif,./U3Si5/47/xtal_99.cif,49.116756,-86.99651
xtal_1.cif,./U3Si5/48/xtal_1.cif,-28.803453,100.0268
xtal_10.cif,./U3Si5/48/xtal_10.cif,-70.48563,-49.229992
xtal_11.cif,./U3Si5/48/xtal_11.cif,-83.41001,48.82332
xtal_12.cif,./U3Si5/48/xtal_12.cif,-80.10372,68.23405
xtal_13.cif,./U3Si5/48/xtal_13.cif,8.110369,100.3044
xtal_14.cif,./U3Si5/48/xtal_14.cif,-37.98785,77.49923
xtal_16.cif,./U3Si5/48/xtal_16.cif,67.95979,-51.45989
xtal_17.cif,./U3Si5/48/xtal_17.cif,-93.60473,5.0809846
xtal_18.cif,./U3Si5/48/xtal_18.cif,-17.197153,-87.17754
xtal_19.cif,./U3Si5/48/xtal_19.cif,0.39497653,-93.17684
xtal_2.cif,./U3Si5/48/xtal_2.cif,-78.64185,51.86978
xtal_20.cif,./U3Si5/48/xtal_20.cif,-14.254972,54.71123
xtal_21.cif,./U3Si5/48/xtal_21.cif,10.200761,101.38179
xtal_22.cif,./U3Si5/48/xtal_22.cif,-48.395885,-61.590984
xtal_23.cif,./U3Si5/48/xtal_23.cif,-47.755417,31.771935
xtal_24.cif,./U3Si5/48/xtal_24.cif,34.98983,-96.71554
xtal_25.cif,./U3Si5/48/xtal_25.cif,16.82451,-97.28139
xtal_26.cif,./U3Si5/48/xtal_26.cif,-28.694431,-63.974632
xtal_27.cif,./U3Si5/48/xtal_27.cif,-46.717735,85.588806
xtal_28.cif,./U3Si5/48/xtal_28.cif,-25.164858,-73.81812
xtal_29.cif,./U3Si5/48/xtal_29.cif,103.82272,-38.46721
xtal_3.cif,./U3Si5/48/xtal_3.cif,-101.209465,18.374771
xtal_30.cif,./U3Si5/48/xtal_30.cif,37.83059,-18.499449
xtal_31.cif,./U3Si5/48/xtal_31.cif,-95.27345,29.582323
xtal_32.cif,./U3Si5/48/xtal_32.cif,-23.919046,108.838554
xtal_33.cif,./U3Si5/48/xtal_33.cif,18.88064,-66.98027
xtal_34.cif,./U3Si5/48/xtal_34.cif,-22.732183,-73.639305
xtal_35.cif,./U3Si5/48/xtal_35.cif,70.11199,2.6374302
xtal_36.cif,./U3Si5/48/xtal_36.cif,-31.996696,-85.36291
xtal_37.cif,./U3Si5/48/xtal_37.cif,-3.5308492,-72.450554
xtal_38.cif,./U3Si5/48/xtal_38.cif,-11.031731,-97.81374
xtal_39.cif,./U3Si5/48/xtal_39.cif,-11.542954,110.503494
xtal_4.cif,./U3Si5/48/xtal_4.cif,0.49836448,-88.34018
xtal_40.cif,./U3Si5/48/xtal_40.cif,-78.8929,28.161362
xtal_41.cif,./U3Si5/48/xtal_41.cif,-17.350784,-46.102955
xtal_42.cif,./U3Si5/48/xtal_42.cif,0.60021365,-101.35913
xtal_43.cif,./U3Si5/48/xtal_43.cif,51.15987,-20.782093
xtal_44.cif,./U3Si5/48/xtal_44.cif,53.657608,-26.088518
xtal_45.cif,./U3Si5/48/xtal_45.cif,33.74598,-86.57568
xtal_46.cif,./U3Si5/48/xtal_46.cif,-56.59829,61.31055
xtal_47.cif,./U3Si5/48/xtal_47.cif,-80.895256,-15.782563
xtal_48.cif,./U3Si5/48/xtal_48.cif,22.58691,-104.25114
xtal_49.cif,./U3Si5/48/xtal_49.cif,-77.570854,-38.665855
xtal_5.cif,./U3Si5/48/xtal_5.cif,-93.32982,2.7009559
xtal_50.cif,./U3Si5/48/xtal_50.cif,20.812023,-90.58532
xtal_51.cif,./U3Si5/48/xtal_51.cif,-23.073004,-66.05347
xtal_52.cif,./U3Si5/48/xtal_52.cif,-6.814106,-65.16986
xtal_53.cif,./U3Si5/48/xtal_53.cif,83.59441,3.4295588
xtal_54.cif,./U3Si5/48/xtal_54.cif,-40.94195,-93.32408
xtal_55.cif,./U3Si5/48/xtal_55.cif,-98.61271,16.362188
xtal_56.cif,./U3Si5/48/xtal_56.cif,-67.167015,-32.13688
xtal_57.cif,./U3Si5/48/xtal_57.cif,-68.65662,-48.487713
xtal_58.cif,./U3Si5/48/xtal_58.cif,-47.698566,-66.236595
xtal_59.cif,./U3Si5/48/xtal_59.cif,-15.217363,-99.67829
xtal_6.cif,./U3Si5/48/xtal_6.cif,-14.513077,-74.5131
xtal_60.cif,./U3Si5/48/xtal_60.cif,-96.32293,30.936523
xtal_61.cif,./U3Si5/48/xtal_61.cif,52.130684,-52.978405
xtal_62.cif,./U3Si5/48/xtal_62.cif,43.98048,-17.483913
xtal_63.cif,./U3Si5/48/xtal_63.cif,37.877697,-42.035927
xtal_64.cif,./U3Si5/48/xtal_64.cif,-98.075615,1.0602107
xtal_65.cif,./U3Si5/48/xtal_65.cif,-1.3656297,-89.58582
xtal_66.cif,./U3Si5/48/xtal_66.cif,38.575603,-83.521255
xtal_67.cif,./U3Si5/48/xtal_67.cif,-29.637781,-4.16111
xtal_68.cif,./U3Si5/48/xtal_68.cif,-43.206482,77.600784
xtal_69.cif,./U3Si5/48/xtal_69.cif,-5.397265,-77.72934
xtal_7.cif,./U3Si5/48/xtal_7.cif,38.42397,-65.22896
xtal_70.cif,./U3Si5/48/xtal_70.cif,-7.064251,-60.480114
xtal_71.cif,./U3Si5/48/xtal_71.cif,-89.3703,2.4790509
xtal_72.cif,./U3Si5/48/xtal_72.cif,-18.068842,-93.98698
xtal_73.cif,./U3Si5/48/xtal_73.cif,7.531648,-92.572205
xtal_74.cif,./U3Si5/48/xtal_74.cif,-25.654942,6.806036
xtal_75.cif,./U3Si5/48/xtal_75.cif,-5.2171707,-66.25317
xtal_76.cif,./U3Si5/48/xtal_76.cif,-71.97389,-54.302654
xtal_77.cif,./U3Si5/48/xtal_77.cif,-25.390572,104.56941
xtal_78.cif,./U3Si5/48/xtal_78.cif,-52.474392,-75.059875
xtal_79.cif,./U3Si5/48/xtal_79.cif,-29.261692,-3.3876452
xtal_8.cif,./U3Si5/48/xtal_8.cif,-67.68781,-6.225534
xtal_80.cif,./U3Si5/48/xtal_80.cif,-10.397198,16.247599
xtal_81.cif,./U3Si5/48/xtal_81.cif,6.7701817,-73.92037
xtal_82.cif,./U3Si5/48/xtal_82.cif,-76.41251,6.1003175
xtal_83.cif,./U3Si5/48/xtal_83.cif,15.73618,-96.85635
xtal_84.cif,./U3Si5/48/xtal_84.cif,-39.423306,42.527615
xtal_85.cif,./U3Si5/48/xtal_85.cif,-92.80111,-11.082754
xtal_86.cif,./U3Si5/48/xtal_86.cif,-90.68302,-8.455912
xtal_87.cif,./U3Si5/48/xtal_87.cif,-10.402955,109.853874
xtal_88.cif,./U3Si5/48/xtal_88.cif,50.982334,-20.064857
xtal_89.cif,./U3Si5/48/xtal_89.cif,-89.60359,2.0390644
xtal_9.cif,./U3Si5/48/xtal_9.cif,-85.70892,54.82213
xtal_90.cif,./U3Si5/48/xtal_90.cif,0.7523541,-93.408905
xtal_91.cif,./U3Si5/48/xtal_91.cif,-5.5044093,-68.47191
xtal_92.cif,./U3Si5/48/xtal_92.cif,-34.607048,-91.99163
xtal_93.cif,./U3Si5/48/xtal_93.cif,-84.28607,-17.360548
xtal_94.cif,./U3Si5/48/xtal_94.cif,-32.0464,-48.45043
xtal_95.cif,./U3Si5/48/xtal_95.cif,-59.82341,42.879063
xtal_96.cif,./U3Si5/48/xtal_96.cif,-78.36383,-41.35332
xtal_97.cif,./U3Si5/48/xtal_97.cif,64.397224,-11.051183
xtal_98.cif,./U3Si5/48/xtal_98.cif,-21.845675,-94.54358
xtal_99.cif,./U3Si5/48/xtal_99.cif,-6.174102,-69.18643
xtal_10.cif,./U3Si5/49/xtal_10.cif,23.538137,-85.25762
xtal_100.cif,./U3Si5/49/xtal_100.cif,-39.336235,94.260574
xtal_12.cif,./U3Si5/49/xtal_12.cif,-20.122824,88.621506
xtal_15.cif,./U3Si5/49/xtal_15.cif,-49.436752,-33.799786
xtal_16.cif,./U3Si5/49/xtal_16.cif,-57.958405,55.168118
xtal_17.cif,./U3Si5/49/xtal_17.cif,-47.626583,84.72651
xtal_18.cif,./U3Si5/49/xtal_18.cif,-78.88005,35.906513
xtal_19.cif,./U3Si5/49/xtal_19.cif,-4.342617,-11.512981
xtal_2.cif,./U3Si5/49/xtal_2.cif,-85.44963,63.14449
xtal_20.cif,./U3Si5/49/xtal_20.cif,24.87161,3.0999782
xtal_23.cif,./U3Si5/49/xtal_23.cif,53.08363,-68.703705
xtal_26.cif,./U3Si5/49/xtal_26.cif,-85.556465,49.124393
xtal_27.cif,./U3Si5/49/xtal_27.cif,-43.85365,95.10914
xtal_28.cif,./U3Si5/49/xtal_28.cif,-8.024237,-15.967379
xtal_29.cif,./U3Si5/49/xtal_29.cif,104.566734,13.036039
xtal_3.cif,./U3Si5/49/xtal_3.cif,8.603574,104.940285
xtal_30.cif,./U3Si5/49/xtal_30.cif,0.26957682,109.12831
xtal_31.cif,./U3Si5/49/xtal_31.cif,-10.789812,112.05067
xtal_33.cif,./U3Si5/49/xtal_33.cif,58.35571,-38.31822
xtal_35.cif,./U3Si5/49/xtal_35.cif,-27.570173,-3.2045226
xtal_37.cif,./U3Si5/49/xtal_37.cif,25.792046,-34.279346
xtal_38.cif,./U3Si5/49/xtal_38.cif,-39.245064,87.336334
xtal_39.cif,./U3Si5/49/xtal_39.cif,-11.055472,17.392956
xtal_4.cif,./U3Si5/49/xtal_4.cif,102.48703,-18.305014
xtal_40.cif,./U3Si5/49/xtal_40.cif,70.38379,-5.6356144
xtal_42.cif,./U3Si5/49/xtal_42.cif,-42.753265,-46.023323
xtal_43.cif,./U3Si5/49/xtal_43.cif,26.085348,-90.44642
xtal_44.cif,./U3Si5/49/xtal_44.cif,-75.29537,60.733654
xtal_45.cif,./U3Si5/49/xtal_45.cif,-1.537983,-33.35759
xtal_48.cif,./U3Si5/49/xtal_48.cif,-87.46896,0.1537454
xtal_5.cif,./U3Si5/49/xtal_5.cif,-94.50961,36.65691
xtal_50.cif,./U3Si5/49/xtal_50.cif,-6.885764,-15.88116
xtal_51.cif,./U3Si5/49/xtal_51.cif,-10.57457,2.772694
xtal_52.cif,./U3Si5/49/xtal_52.cif,-60.391357,-67.76688
xtal_54.cif,./U3Si5/49/xtal_54.cif,7.977076,-0.06338685
xtal_57.cif,./U3Si5/49/xtal_57.cif,-84.21455,55.217503
xtal_58.cif,./U3Si5/49/xtal_58.cif,-79.02965,7.401163
xtal_59.cif,./U3Si5/49/xtal_59.cif,-59.95455,45.631996
xtal_6.cif,./U3Si5/49/xtal_6.cif,-41.187523,101.12836
xtal_60.cif,./U3Si5/49/xtal_60.cif,-19.960844,-77.84612
xtal_62.cif,./U3Si5/49/xtal_62.cif,-77.45117,3.7868543
xtal_63.cif,./U3Si5/49/xtal_63.cif,-76.24637,28.637241
xtal_64.cif,./U3Si5/49/xtal_64.cif,-23.067617,38.975384
xtal_65.cif,./U3Si5/49/xtal_65.cif,-22.011316,42.40455
xtal_66.cif,./U3Si5/49/xtal_66.cif,45.414444,-37.555023
xtal_67.cif,./U3Si5/49/xtal_67.cif,30.481169,72.608086
xtal_68.cif,./U3Si5/49/xtal_68.cif,-3.3076696,5.586117
xtal_70.cif,./U3Si5/49/xtal_70.cif,-7.3886414,-76.723206
xtal_73.cif,./U3Si5/49/xtal_73.cif,-89.70191,-2.3115997
xtal_74.cif,./U3Si5/49/xtal_74.cif,-85.181076,-24.132023
xtal_76.cif,./U3Si5/49/xtal_76.cif,-73.93404,9.078714
xtal_77.cif,./U3Si5/49/xtal_77.cif,-26.053623,-74.40701
xtal_8.cif,./U3Si5/49/xtal_8.cif,5.2921443,68.30504
xtal_80.cif,./U3Si5/49/xtal_80.cif,-60.776478,79.55758
xtal_82.cif,./U3Si5/49/xtal_82.cif,-71.13633,59.68238
xtal_84.cif,./U3Si5/49/xtal_84.cif,-17.96558,37.75493
xtal_85.cif,./U3Si5/49/xtal_85.cif,-8.445939,-35.659313
xtal_88.cif,./U3Si5/49/xtal_88.cif,-30.088055,-29.197077
xtal_89.cif,./U3Si5/49/xtal_89.cif,79.38702,-7.8024507
xtal_90.cif,./U3Si5/49/xtal_90.cif,-12.843795,29.794554
xtal_91.cif,./U3Si5/49/xtal_91.cif,-3.9318898,-14.321541
xtal_93.cif,./U3Si5/49/xtal_93.cif,-78.540085,41.375786
xtal_94.cif,./U3Si5/49/xtal_94.cif,-74.162636,8.396156
xtal_96.cif,./U3Si5/49/xtal_96.cif,-29.256388,0.6576131
xtal_97.cif,./U3Si5/49/xtal_97.cif,-45.70191,87.65606
xtal_98.cif,./U3Si5/49/xtal_98.cif,25.870487,71.99569
xtal_99.cif,./U3Si5/49/xtal_99.cif,-41.21413,80.24884
xtal_1.cif,./U3Si5/50/xtal_1.cif,-59.67336,23.376198
xtal_10.cif,./U3Si5/50/xtal_10.cif,-85.92784,2.602962
xtal_13.cif,./U3Si5/50/xtal_13.cif,37.762966,-87.58452
xtal_14.cif,./U3Si5/50/xtal_14.cif,105.76103,-19.422783
xtal_15.cif,./U3Si5/50/xtal_15.cif,96.014145,51.378284
xtal_16.cif,./U3Si5/50/xtal_16.cif,-85.43045,77.47946
xtal_17.cif,./U3Si5/50/xtal_17.cif,-21.208143,108.2616
xtal_19.cif,./U3Si5/50/xtal_19.cif,-39.48116,-27.26548
xtal_2.cif,./U3Si5/50/xtal_2.cif,-49.117092,38.78945
xtal_20.cif,./U3Si5/50/xtal_20.cif,34.43953,-30.836582
xtal_21.cif,./U3Si5/50/xtal_21.cif,94.528915,49.631325
xtal_22.cif,./U3Si5/50/xtal_22.cif,-73.86093,5.5910454
xtal_24.cif,./U3Si5/50/xtal_24.cif,-46.070618,83.72711
xtal_29.cif,./U3Si5/50/xtal_29.cif,-53.11676,45.341824
xtal_30.cif,./U3Si5/50/xtal_30.cif,-33.9559,59.84188
xtal_31.cif,./U3Si5/50/xtal_31.cif,-24.184238,-39.07683
xtal_38.cif,./U3Si5/50/xtal_38.cif,-79.6383,39.140537
xtal_39.cif,./U3Si5/50/xtal_39.cif,60.15241,5.4973783
xtal_40.cif,./U3Si5/50/xtal_40.cif,-75.68355,59.49584
xtal_41.cif,./U3Si5/50/xtal_41.cif,31.432243,-25.172396
xtal_42.cif,./U3Si5/50/xtal_42.cif,29.207924,-21.447443
xtal_44.cif,./U3Si5/50/xtal_44.cif,44.895245,-3.479207
xtal_45.cif,./U3Si5/50/xtal_45.cif,-113.98808,3.970429
xtal_49.cif,./U3Si5/50/xtal_49.cif,26.099232,-59.822617
xtal_50.cif,./U3Si5/50/xtal_50.cif,-6.6608863,71.51581
xtal_51.cif,./U3Si5/50/xtal_51.cif,-10.43951,-16.47837
xtal_53.cif,./U3Si5/50/xtal_53.cif,98.11628,26.992472
xtal_58.cif,./U3Si5/50/xtal_58.cif,-18.151417,78.98871
xtal_6.cif,./U3Si5/50/xtal_6.cif,-73.78722,-25.414036
xtal_60.cif,./U3Si5/50/xtal_60.cif,54.584393,-9.129461
xtal_63.cif,./U3Si5/50/xtal_63.cif,-1.3276156,84.40406
xtal_65.cif,./U3Si5/50/xtal_65.cif,31.900154,-23.450947
xtal_67.cif,./U3Si5/50/xtal_67.cif,-45.26796,85.59126
xtal_73.cif,./U3Si5/50/xtal_73.cif,-43.457123,78.463165
xtal_75.cif,./U3Si5/50/xtal_75.cif,-47.836338,84.64754
xtal_76.cif,./U3Si5/50/xtal_76.cif,-70.98258,90.86448
xtal_78.cif,./U3Si5/50/xtal_78.cif,-35.17811,102.93047
xtal_79.cif,./U3Si5/50/xtal_79.cif,-3.342706,-23.056845
xtal_80.cif,./U3Si5/50/xtal_80.cif,-82.15748,82.36405
xtal_81.cif,./U3Si5/50/xtal_81.cif,53.85792,-72.72719
xtal_82.cif,./U3Si5/50/xtal_82.cif,59.380238,-45.811268
xtal_83.cif,./U3Si5/50/xtal_83.cif,-80.91306,82.63049
xtal_84.cif,./U3Si5/50/xtal_84.cif,-37.541054,111.19843
xtal_86.cif,./U3Si5/50/xtal_86.cif,-44.906815,-25.738564
xtal_91.cif,./U3Si5/50/xtal_91.cif,-17.72395,49.014065
xtal_93.cif,./U3Si5/50/xtal_93.cif,-36.616024,105.806076
xtal_95.cif,./U3Si5/50/xtal_95.cif,-49.218124,-45.74236
xtal_96.cif,./U3Si5/50/xtal_96.cif,-94.69937,37.328285
xtal_97.cif,./U3Si5/50/xtal_97.cif,-37.937843,102.572426
xtal_98.cif,./U3Si5/50/xtal_98.cif,-55.59566,83.435326
xtal_99.cif,./U3Si5/50/xtal_99.cif,13.85571,-49.601902
xtal_1.cif,./U3Si5/51/xtal_1.cif,-4.6879635,-73.924194
xtal_10.cif,./U3Si5/51/xtal_10.cif,40.5211,8.173392
xtal_100.cif,./U3Si5/51/xtal_100.cif,-88.93397,42.182358
xtal_11.cif,./U3Si5/51/xtal_11.cif,51.34638,-22.94387
xtal_13.cif,./U3Si5/51/xtal_13.cif,-66.75514,-54.4214
xtal_14.cif,./U3Si5/51/xtal_14.cif,35.84829,-64.08453
xtal_15.cif,./U3Si5/51/xtal_15.cif,-84.79572,-23.623346
xtal_16.cif,./U3Si5/51/xtal_16.cif,-15.657613,-42.72106
xtal_17.cif,./U3Si5/51/xtal_17.cif,-81.57073,13.885098
xtal_18.cif,./U3Si5/51/xtal_18.cif,34.212826,-38.870224
xtal_19.cif,./U3Si5/51/xtal_19.cif,3.3867111,-76.92487
xtal_2.cif,./U3Si5/51/xtal_2.cif,66.43341,-6.5441923
xtal_20.cif,./U3Si5/51/xtal_20.cif,30.751308,-36.714123
xtal_21.cif,./U3Si5/51/xtal_21.cif,-41.669212,99.818474
xtal_22.cif,./U3Si5/51/xtal_22.cif,29.506233,-31.125372
xtal_23.cif,./U3Si5/51/xtal_23.cif,-71.215294,-43.538364
xtal_24.cif,./U3Si5/51/xtal_24.cif,-5.081942,-66.54995
xtal_25.cif,./U3Si5/51/xtal_25.cif,59.28123,-32.929394
xtal_26.cif,./U3Si5/51/xtal_26.cif,-98.75912,13.074158
xtal_27.cif,./U3Si5/51/xtal_27.cif,57.906143,-42.670963
xtal_28.cif,./U3Si5/51/xtal_28.cif,-35.330284,90.20378
xtal_3.cif,./U3Si5/51/xtal_3.cif,-81.21912,-3.1581023
xtal_30.cif,./U3Si5/51/xtal_30.cif,-89.60124,-9.557446
xtal_31.cif,./U3Si5/51/xtal_31.cif,-62.33267,-31.332306
xtal_32.cif,./U3Si5/51/xtal_32.cif,18.92533,-47.425854
xtal_33.cif,./U3Si5/51/xtal_33.cif,33.3777,-90.18393
xtal_34.cif,./U3Si5/51/xtal_34.cif,-54.50971,-30.893929
xtal_35.cif,./U3Si5/51/xtal_35.cif,-59.672638,79.07349
xtal_36.cif,./U3Si5/51/xtal_36.cif,-97.51155,15.888999
xtal_37.cif,./U3Si5/51/xtal_37.cif,1.0193448,108.3705
xtal_38.cif,./U3Si5/51/xtal_38.cif,-9.631997,-15.849604
xtal_39.cif,./U3Si5/51/xtal_39.cif,-35.436623,-81.658844
xtal_4.cif,./U3Si5/51/xtal_4.cif,-1.5297605,-72.50792
xtal_40.cif,./U3Si5/51/xtal_40.cif,57.343536,-85.68089
xtal_41.cif,./U3Si5/51/xtal_41.cif,-77.76921,5.268452
xtal_42.cif,./U3Si5/51/xtal_42.cif,18.895487,-54.267662
xtal_43.cif,./U3Si5/51/xtal_43.cif,-29.156538,100.12532
xtal_44.cif,./U3Si5/51/xtal_44.cif,28.918074,-21.765657
xtal_45.cif,./U3Si5/51/xtal_45.cif,-33.782555,-44.30177
xtal_46.cif,./U3Si5/51/xtal_46.cif,18.80526,-62.012363
xtal_47.cif,./U3Si5/51/xtal_47.cif,-91.339096,7.490429
xtal_48.cif,./U3Si5/51/xtal_48.cif,15.016364,34.554813
xtal_49.cif,./U3Si5/51/xtal_49.cif,35.994873,-73.32597
xtal_5.cif,./U3Si5/51/xtal_5.cif,21.273796,-50.68304
xtal_50.cif,./U3Si5/51/xtal_50.cif,-3.1079042,-97.41584
xtal_51.cif,./U3Si5/51/xtal_51.cif,-3.1971858,-72.49901
xtal_52.cif,./U3Si5/51/xtal_52.cif,31.581064,-79.38927
xtal_53.cif,./U3Si5/51/xtal_53.cif,20.235182,-37.864483
xtal_54.cif,./U3Si5/51/xtal_54.cif,-63.301888,-37.846798
xtal_55.cif,./U3Si5/51/xtal_55.cif,43.562706,-14.196183
xtal_56.cif,./U3Si5/51/xtal_56.cif,-94.10533,35.06243
xtal_57.cif,./U3Si5/51/xtal_57.cif,67.28316,-72.135086
xtal_58.cif,./U3Si5/51/xtal_58.cif,-37.853886,101.60213
xtal_59.cif,./U3Si5/51/xtal_59.cif,-97.598755,14.9685
xtal_6.cif,./U3Si5/51/xtal_6.cif,40.16469,-24.47487
xtal_60.cif,./U3Si5/51/xtal_60.cif,-95.60349,3.1885023
xtal_61.cif,./U3Si5/51/xtal_61.cif,-42.958282,-53.267082
xtal_62.cif,./U3Si5/51/xtal_62.cif,-88.34741,21.718939
xtal_63.cif,./U3Si5/51/xtal_63.cif,-36.512268,-82.29372
xtal_64.cif,./U3Si5/51/xtal_64.cif,102.04736,-16.862522
xtal_65.cif,./U3Si5/51/xtal_65.cif,45.586075,-72.69477
xtal_66.cif,./U3Si5/51/xtal_66.cif,-60.58291,-23.162542
xtal_67.cif,./U3Si5/51/xtal_67.cif,33.0767,-96.57877
xtal_68.cif,./U3Si5/51/xtal_68.cif,28.381775,-30.228197
xtal_69.cif,./U3Si5/51/xtal_69.cif,-93.66225,4.9217935
xtal_7.cif,./U3Si5/51/xtal_7.cif,-44.62605,-72.373436
xtal_70.cif,./U3Si5/51/xtal_70.cif,-53.482616,-40.58414
xtal_71.cif,./U3Si5/51/xtal_71.cif,41.935947,-50.61953
xtal_72.cif,./U3Si5/51/xtal_72.cif,-67.59491,39.620396
xtal_73.cif,./U3Si5/51/xtal_73.cif,-13.349898,30.707247
xtal_74.cif,./U3Si5/51/xtal_74.cif,29.48626,-21.47675
xtal_75.cif,./U3Si5/51/xtal_75.cif,-97.280106,4.625775
xtal_76.cif,./U3Si5/51/xtal_76.cif,-62.546677,-36.463108
xtal_77.cif,./U3Si5/51/xtal_77.cif,-42.569546,99.82742
xtal_78.cif,./U3Si5/51/xtal_78.cif,42.132893,-18.139233
xtal_79.cif,./U3Si5/51/xtal_79.cif,-16.659317,-41.489555
xtal_8.cif,./U3Si5/51/xtal_8.cif,-1.5387403,-24.656738
xtal_80.cif,./U3Si5/51/xtal_80.cif,-80.43822,26.585907
xtal_81.cif,./U3Si5/51/xtal_81.cif,-61.604908,-20.596745
xtal_82.cif,./U3Si5/51/xtal_82.cif,-32.808,-78.617035
xtal_83.cif,./U3Si5/51/xtal_83.cif,-18.761139,63.509785
xtal_84.cif,./U3Si5/51/xtal_84.cif,-83.51214,42.41729
xtal_85.cif,./U3Si5/51/xtal_85.cif,-5.1641827,-73.95785
xtal_86.cif,./U3Si5/51/xtal_86.cif,-61.639595,-43.525845
xtal_87.cif,./U3Si5/51/xtal_87.cif,-37.756138,30.15424
xtal_88.cif,./U3Si5/51/xtal_88.cif,-84.27964,28.129396
xtal_89.cif,./U3Si5/51/xtal_89.cif,12.5616,-31.663296
xtal_9.cif,./U3Si5/51/xtal_9.cif,100.37745,50.712494
xtal_90.cif,./U3Si5/51/xtal_90.cif,-70.487366,-12.626505
xtal_91.cif,./U3Si5/51/xtal_91.cif,-29.493853,1.0057266
xtal_92.cif,./U3Si5/51/xtal_92.cif,-92.27688,30.421331
xtal_93.cif,./U3Si5/51/xtal_93.cif,19.170935,-47.70987
xtal_94.cif,./U3Si5/51/xtal_94.cif,34.454468,-39.04788
xtal_95.cif,./U3Si5/51/xtal_95.cif,-50.904594,72.28839
xtal_96.cif,./U3Si5/51/xtal_96.cif,-40.22162,-80.21153
xtal_97.cif,./U3Si5/51/xtal_97.cif,8.76083,-101.83287
xtal_98.cif,./U3Si5/51/xtal_98.cif,24.98972,-45.046726
xtal_99.cif,./U3Si5/51/xtal_99.cif,21.470415,-75.50644
xtal_1.cif,./U3Si5/53/xtal_1.cif,28.711115,-82.95064
xtal_10.cif,./U3Si5/53/xtal_10.cif,-28.166931,94.19738
xtal_100.cif,./U3Si5/53/xtal_100.cif,-29.603434,-38.908443
xtal_11.cif,./U3Si5/53/xtal_11.cif,24.594318,-28.479593
xtal_12.cif,./U3Si5/53/xtal_12.cif,33.901974,-37.394154
xtal_13.cif,./U3Si5/53/xtal_13.cif,81.20968,-38.009224
xtal_14.cif,./U3Si5/53/xtal_14.cif,8.443447,-101.139084
xtal_15.cif,./U3Si5/53/xtal_15.cif,-24.03126,-32.012283
xtal_16.cif,./U3Si5/53/xtal_16.cif,-13.594598,-83.55395
xtal_17.cif,./U3Si5/53/xtal_17.cif,99.31653,-21.295053
xtal_18.cif,./U3Si5/53/xtal_18.cif,-24.840973,-65.39924
xtal_19.cif,./U3Si5/53/xtal_19.cif,31.733658,-79.331276
xtal_2.cif,./U3Si5/53/xtal_2.cif,-36.706078,-82.62132
xtal_20.cif,./U3Si5/53/xtal_20.cif,-93.458084,0.55287683
xtal_21.cif,./U3Si5/53/xtal_21.cif,83.776825,3.9943142
xtal_22.cif,./U3Si5/53/xtal_22.cif,18.75416,-51.723946
xtal_23.cif,./U3Si5/53/xtal_23.cif,45.977505,-93.83011
xtal_24.cif,./U3Si5/53/xtal_24.cif,-28.552681,91.470085
xtal_25.cif,./U3Si5/53/xtal_25.cif,88.81216,-56.673237
xtal_26.cif,./U3Si5/53/xtal_26.cif,-18.578987,-79.63413
xtal_27.cif,./U3Si5/53/xtal_27.cif,-54.008183,-30.647318
xtal_28.cif,./U3Si5/53/xtal_28.cif,-91.54639,30.4639
xtal_29.cif,./U3Si5/53/xtal_29.cif,-73.07403,9.755847
xtal_3.cif,./U3Si5/53/xtal_3.cif,10.050445,-90.69744
xtal_30.cif,./U3Si5/53/xtal_30.cif,-29.248722,-4.301693
xtal_31.cif,./U3Si5/53/xtal_31.cif,-96.55697,5.8942575
xtal_32.cif,./U3Si5/53/xtal_32.cif,32.173744,73.9871
xtal_33.cif,./U3Si5/53/xtal_33.cif,-5.4475956,-53.890522
xtal_34.cif,./U3Si5/53/xtal_34.cif,-4.9199324,-45.970295
xtal_35.cif,./U3Si5/53/xtal_35.cif,47.6897,-20.991287
xtal_36.cif,./U3Si5/53/xtal_36.cif,-88.43349,42.620953
xtal_37.cif,./U3Si5/53/xtal_37.cif,7.9437947,-42.03332
xtal_38.cif,./U3Si5/53/xtal_38.cif,-90.27514,15.279313
xtal_39.cif,./U3Si5/53/xtal_39.cif,79.487656,-7.1343913
xtal_4.cif,./U3Si5/53/xtal_4.cif,-19.576517,-90.57212
xtal_40.cif,./U3Si5/53/xtal_40.cif,-86.23405,-24.721058
xtal_41.cif,./U3Si5/53/xtal_41.cif,-90.60909,40.95258
xtal_42.cif,./U3Si5/53/xtal_42.cif,29.234596,-75.96861
xtal_43.cif,./U3Si5/53/xtal_43.cif,-50.358425,-59.799644
xtal_44.cif,./U3Si5/53/xtal_44.cif,10.110732,-28.36601
xtal_45.cif,./U3Si5/53/xtal_45.cif,-49.98536,-49.17705
xtal_46.cif,./U3Si5/53/xtal_46.cif,-93.1147,30.631378
xtal_47.cif,./U3Si5/53/xtal_47.cif,81.61122,-67.22321
xtal_48.cif,./U3Si5/53/xtal_48.cif,-45.877987,-74.33392
xtal_49.cif,./U3Si5/53/xtal_49.cif,-79.80076,12.569298
xtal_5.cif,./U3Si5/53/xtal_5.cif,84.865204,-3.338461
xtal_50.cif,./U3Si5/53/xtal_50.cif,-68.409904,93.53654
xtal_51.cif,./U3Si5/53/xtal_51.cif,-30.98928,-79.66638
xtal_52.cif,./U3Si5/53/xtal_52.cif,18.268911,-99.52155
xtal_53.cif,./U3Si5/53/xtal_53.cif,-57.480984,-68.652466
xtal_54.cif,./U3Si5/53/xtal_54.cif,-78.43544,7.4620695
xtal_55.cif,./U3Si5/53/xtal_55.cif,-83.8341,80.83735
xtal_56.cif,./U3Si5/53/xtal_56.cif,-89.04633,-27.719967
xtal_57.cif,./U3Si5/53/xtal_57.cif,24.456934,-96.83459
xtal_58.cif,./U3Si5/53/xtal_58.cif,20.067186,-37.427937
xtal_59.cif,./U3Si5/53/xtal_59.cif,61.42836,-27.893917
xtal_6.cif,./U3Si5/53/xtal_6.cif,-73.46607,-58.701595
xtal_60.cif,./U3Si5/53/xtal_60.cif,-67.817085,-10.19296
xtal_61.cif,./U3Si5/53/xtal_61.cif,-59.887486,-43.23803
xtal_62.cif,./U3Si5/53/xtal_62.cif,0.89370686,3.3522372
xtal_63.cif,./U3Si5/53/xtal_63.cif,69.74731,4.402663
xtal_64.cif,./U3Si5/53/xtal_64.cif,2.8269734,108.8063
xtal_65.cif,./U3Si5/53/xtal_65.cif,83.87526,-1.8126196
xtal_66.cif,./U3Si5/53/xtal_66.cif,-77.962456,40.649925
xtal_67.cif,./U3Si5/53/xtal_67.cif,-10.179347,75.67284
xtal_68.cif,./U3Si5/53/xtal_68.cif,-7.5623326,-84.91159
xtal_69.cif,./U3Si5/53/xtal_69.cif,-71.41116,-48.330254
xtal_7.cif,./U3Si5/53/xtal_7.cif,0.44622394,109.559494
xtal_70.cif,./U3Si5/53/xtal_70.cif,-52.662746,-47.63073
xtal_71.cif,./U3Si5/53/xtal_71.cif,-23.424168,-54.416054
xtal_72.cif,./U3Si5/53/xtal_72.cif,-55.43329,-74.75459
xtal_73.cif,./U3Si5/53/xtal_73.cif,-1.1125079,-25.549694
xtal_74.cif,./U3Si5/53/xtal_74.cif,-42.132572,-53.27947
xtal_75.cif,./U3Si5/53/xtal_75.cif,37.62526,-8.844595
xtal_76.cif,./U3Si5/53/xtal_76.cif,6.496693,-47.43195
xtal_77.cif,./U3Si5/53/xtal_77.cif,-79.03533,-24.724192
xtal_78.cif,./U3Si5/53/xtal_78.cif,-76.16972,27.393137
xtal_79.cif,./U3Si5/53/xtal_79.cif,-91.97224,-7.9827685
xtal_8.cif,./U3Si5/53/xtal_8.cif,21.141766,-61.38074
xtal_80.cif,./U3Si5/53/xtal_80.cif,-11.198308,-15.2681675
xtal_81.cif,./U3Si5/53/xtal_81.cif,84.02994,-3.1959348
xtal_82.cif,./U3Si5/53/xtal_82.cif,28.939608,-82.87172
xtal_83.cif,./U3Si5/53/xtal_83.cif,19.206032,-54.03583
xtal_84.cif,./U3Si5/53/xtal_84.cif,-25.891867,-73.603676
xtal_85.cif,./U3Si5/53/xtal_85.cif,-62.55667,-28.676947
xtal_86.cif,./U3Si5/53/xtal_86.cif,-85.44647,48.328438
xtal_87.cif,./U3Si5/53/xtal_87.cif,-7.5751977,-90.01472
xtal_88.cif,./U3Si5/53/xtal_88.cif,-66.64265,68.2475
xtal_89.cif,./U3Si5/53/xtal_89.cif,-73.02094,69.85455
xtal_9.cif,./U3Si5/53/xtal_9.cif,24.633457,-49.395714
xtal_90.cif,./U3Si5/53/xtal_90.cif,-82.77545,-26.19887
xtal_91.cif,./U3Si5/53/xtal_91.cif,30.68294,-57.455467
xtal_92.cif,./U3Si5/53/xtal_92.cif,-45.58309,98.17398
xtal_93.cif,./U3Si5/53/xtal_93.cif,-10.540259,-16.092749
xtal_94.cif,./U3Si5/53/xtal_94.cif,-26.409765,0.39285728
xtal_95.cif,./U3Si5/53/xtal_95.cif,-19.255125,-90.452774
xtal_96.cif,./U3Si5/53/xtal_96.cif,-47.057327,-48.70516
xtal_97.cif,./U3Si5/53/xtal_97.cif,54.76918,-25.10163
xtal_98.cif,./U3Si5/53/xtal_98.cif,-8.223477,104.8015
xtal_99.cif,./U3Si5/53/xtal_99.cif,-41.92728,80.30691
xtal_100.cif,./U3Si5/55/xtal_100.cif,-80.735954,11.142402
xtal_11.cif,./U3Si5/55/xtal_11.cif,-15.197976,68.36905
xtal_12.cif,./U3Si5/55/xtal_12.cif,-11.169993,-83.12645
xtal_13.cif,./U3Si5/55/xtal_13.cif,43.903088,-72.8345
xtal_14.cif,./U3Si5/55/xtal_14.cif,-2.108682,-22.430614
xtal_15.cif,./U3Si5/55/xtal_15.cif,-41.566055,35.0587
xtal_17.cif,./U3Si5/55/xtal_17.cif,-20.820175,108.04954
xtal_19.cif,./U3Si5/55/xtal_19.cif,106.7102,16.143106
xtal_20.cif,./U3Si5/55/xtal_20.cif,-24.654387,-28.209785
xtal_21.cif,./U3Si5/55/xtal_21.cif,-24.854055,106.286385
xtal_24.cif,./U3Si5/55/xtal_24.cif,-96.062225,68.58443
xtal_25.cif,./U3Si5/55/xtal_25.cif,-94.02575,33.851856
xtal_26.cif,./U3Si5/55/xtal_26.cif,-68.270775,-48.22583
xtal_28.cif,./U3Si5/55/xtal_28.cif,-97.75592,15.487575
xtal_30.cif,./U3Si5/55/xtal_30.cif,-65.8423,41.56957
xtal_31.cif,./U3Si5/55/xtal_31.cif,-97.19391,5.7340274
xtal_32.cif,./U3Si5/55/xtal_32.cif,50.47704,-6.6966476
xtal_33.cif,./U3Si5/55/xtal_33.cif,-59.045643,-58.296524
xtal_35.cif,./U3Si5/55/xtal_35.cif,-35.479908,105.405754
xtal_36.cif,./U3Si5/55/xtal_36.cif,98.24161,16.99189
xtal_38.cif,./U3Si5/55/xtal_38.cif,-92.515945,22.903097
xtal_39.cif,./U3Si5/55/xtal_39.cif,31.781918,-86.169304
xtal_44.cif,./U3Si5/55/xtal_44.cif,91.91406,60.099224
xtal_47.cif,./U3Si5/55/xtal_47.cif,-1.2566283,-72.76516
xtal_49.cif,./U3Si5/55/xtal_49.cif,-78.11518,-21.378937
xtal_5.cif,./U3Si5/55/xtal_5.cif,-60.06557,45.941902
xtal_50.cif,./U3Si5/55/xtal_50.cif,-93.41172,2.7053947
xtal_52.cif,./U3Si5/55/xtal_52.cif,-86.81419,-30.200253
xtal_57.cif,./U3Si5/55/xtal_57.cif,-34.72808,28.446249
xtal_58.cif,./U3Si5/55/xtal_58.cif,-3.141166,1.7753763
xtal_59.cif,./U3Si5/55/xtal_59.cif,-23.29735,108.35722
xtal_6.cif,./U3Si5/55/xtal_6.cif,-93.59482,-11.963011
xtal_61.cif,./U3Si5/55/xtal_61.cif,-92.27709,40.350594
xtal_62.cif,./U3Si5/55/xtal_62.cif,22.199682,-33.38161
xtal_64.cif,./U3Si5/55/xtal_64.cif,-83.68607,49.06704
xtal_65.cif,./U3Si5/55/xtal_65.cif,-98.96145,29.28155
xtal_66.cif,./U3Si5/55/xtal_66.cif,39.183044,-19.249182
xtal_69.cif,./U3Si5/55/xtal_69.cif,-102.6144,59.47995
xtal_72.cif,./U3Si5/55/xtal_72.cif,15.04606,-47.590652
xtal_73.cif,./U3Si5/55/xtal_73.cif,81.34062,-37.274555
xtal_74.cif,./U3Si5/55/xtal_74.cif,-40.476444,3.966206
xtal_75.cif,./U3Si5/55/xtal_75.cif,-86.72687,-29.916676
xtal_76.cif,./U3Si5/55/xtal_76.cif,-27.572586,52.196373
xtal_79.cif,./U3Si5/55/xtal_79.cif,20.218374,73.48209
xtal_83.cif,./U3Si5/55/xtal_83.cif,-26.412376,101.13172
xtal_84.cif,./U3Si5/55/xtal_84.cif,-57.462543,55.39071
xtal_88.cif,./U3Si5/55/xtal_88.cif,-32.45218,54.26445
xtal_89.cif,./U3Si5/55/xtal_89.cif,21.735989,7.367878
xtal_9.cif,./U3Si5/55/xtal_9.cif,-70.9032,73.69706
xtal_90.cif,./U3Si5/55/xtal_90.cif,-73.87583,-19.849684
xtal_91.cif,./U3Si5/55/xtal_91.cif,-77.416985,3.5734901
xtal_92.cif,./U3Si5/55/xtal_92.cif,-66.32159,79.48984
xtal_93.cif,./U3Si5/55/xtal_93.cif,-47.656395,95.469986
xtal_94.cif,./U3Si5/55/xtal_94.cif,-70.7363,-20.836245
xtal_1.cif,./U3Si5/58/xtal_1.cif,-70.804955,12.290032
xtal_12.cif,./U3Si5/58/xtal_12.cif,-116.818054,16.908186
xtal_16.cif,./U3Si5/58/xtal_16.cif,4.345275,-92.68033
xtal_18.cif,./U3Si5/58/xtal_18.cif,20.647594,-38.025627
xtal_20.cif,./U3Si5/58/xtal_20.cif,-41.548595,93.94259
xtal_28.cif,./U3Si5/58/xtal_28.cif,-44.952396,96.53771
xtal_3.cif,./U3Si5/58/xtal_3.cif,-78.500175,-39.5187
xtal_31.cif,./U3Si5/58/xtal_31.cif,52.217155,23.397757
xtal_34.cif,./U3Si5/58/xtal_34.cif,-116.30554,26.180733
xtal_35.cif,./U3Si5/58/xtal_35.cif,22.003931,-50.000385
xtal_37.cif,./U3Si5/58/xtal_37.cif,-83.63467,-40.28852
xtal_38.cif,./U3Si5/58/xtal_38.cif,-66.92508,-70.1575
xtal_39.cif,./U3Si5/58/xtal_39.cif,-96.197334,28.55355
xtal_4.cif,./U3Si5/58/xtal_4.cif,-71.626656,9.273896
xtal_40.cif,./U3Si5/58/xtal_40.cif,37.663383,-20.901964
xtal_51.cif,./U3Si5/58/xtal_51.cif,-35.705826,76.62543
xtal_53.cif,./U3Si5/58/xtal_53.cif,53.32971,-26.649675
xtal_54.cif,./U3Si5/58/xtal_54.cif,-19.127869,94.36456
xtal_56.cif,./U3Si5/58/xtal_56.cif,44.226345,-22.442448
xtal_57.cif,./U3Si5/58/xtal_57.cif,41.464607,-17.891886
xtal_59.cif,./U3Si5/58/xtal_59.cif,-23.634607,64.90228
xtal_6.cif,./U3Si5/58/xtal_6.cif,-77.029785,54.99254
xtal_60.cif,./U3Si5/58/xtal_60.cif,-22.467878,-93.45264
xtal_61.cif,./U3Si5/58/xtal_61.cif,39.35954,-17.590433
xtal_64.cif,./U3Si5/58/xtal_64.cif,112.20283,-12.418467
xtal_65.cif,./U3Si5/58/xtal_65.cif,-40.908314,98.5229
xtal_66.cif,./U3Si5/58/xtal_66.cif,-6.6750402,72.898865
xtal_72.cif,./U3Si5/58/xtal_72.cif,-34.722816,102.86439
xtal_73.cif,./U3Si5/58/xtal_73.cif,115.75633,4.5181
xtal_76.cif,./U3Si5/58/xtal_76.cif,51.184513,-22.481085
xtal_81.cif,./U3Si5/58/xtal_81.cif,37.330425,-27.204542
xtal_82.cif,./U3Si5/58/xtal_82.cif,-48.10603,92.609184
xtal_84.cif,./U3Si5/58/xtal_84.cif,-37.29852,-65.72498
xtal_86.cif,./U3Si5/58/xtal_86.cif,-28.351715,116.33617
xtal_87.cif,./U3Si5/58/xtal_87.cif,-15.816905,9.1353
xtal_89.cif,./U3Si5/58/xtal_89.cif,88.96481,54.48703
xtal_9.cif,./U3Si5/58/xtal_9.cif,-94.16716,70.23237
xtal_90.cif,./U3Si5/58/xtal_90.cif,8.139334,104.84573
xtal_91.cif,./U3Si5/58/xtal_91.cif,-55.66115,75.738335
xtal_94.cif,./U3Si5/58/xtal_94.cif,-78.25508,-5.448093
xtal_96.cif,./U3Si5/58/xtal_96.cif,-5.5539007,-15.468532
xtal_98.cif,./U3Si5/58/xtal_98.cif,-92.7175,-8.768821
xtal_99.cif,./U3Si5/58/xtal_99.cif,-71.381195,56.55053
xtal_10.cif,./U3Si5/59/xtal_10.cif,-6.606151,-22.32228
xtal_100.cif,./U3Si5/59/xtal_100.cif,13.431657,-105.497025
xtal_12.cif,./U3Si5/59/xtal_12.cif,-50.071133,-59.954525
xtal_13.cif,./U3Si5/59/xtal_13.cif,-79.839935,-38.3435
xtal_14.cif,./U3Si5/59/xtal_14.cif,25.04763,-38.97693
xtal_15.cif,./U3Si5/59/xtal_15.cif,-65.91773,62.984833
xtal_16.cif,./U3Si5/59/xtal_16.cif,-32.736465,2.7644064
xtal_17.cif,./U3Si5/59/xtal_17.cif,33.090187,35.104816
xtal_18.cif,./U3Si5/59/xtal_18.cif,36.201214,-40.38925
xtal_19.cif,./U3Si5/59/xtal_19.cif,-3.820121,-102.5507
xtal_2.cif,./U3Si5/59/xtal_2.cif,-82.917534,56.20829
xtal_20.cif,./U3Si5/59/xtal_20.cif,26.665138,20.799759
xtal_22.cif,./U3Si5/59/xtal_22.cif,-46.27098,82.52414
xtal_23.cif,./U3Si5/59/xtal_23.cif,-51.9588,-70.67567
xtal_24.cif,./U3Si5/59/xtal_24.cif,-60.36842,-11.211685
xtal_25.cif,./U3Si5/59/xtal_25.cif,32.316322,-19.824234
xtal_26.cif,./U3Si5/59/xtal_26.cif,36.743977,-97.768036
xtal_28.cif,./U3Si5/59/xtal_28.cif,43.14,-24.596212
xtal_29.cif,./U3Si5/59/xtal_29.cif,42.328133,-71.90776
xtal_30.cif,./U3Si5/59/xtal_30.cif,-24.010487,0.02711055
xtal_31.cif,./U3Si5/59/xtal_31.cif,32.576733,33.724766
xtal_32.cif,./U3Si5/59/xtal_32.cif,-6.1382465,104.67893
xtal_33.cif,./U3Si5/59/xtal_33.cif,-65.48228,67.34966
xtal_34.cif,./U3Si5/59/xtal_34.cif,52.61915,-70.306274
xtal_35.cif,./U3Si5/59/xtal_35.cif,21.001549,-36.80961
xtal_36.cif,./U3Si5/59/xtal_36.cif,1.1103406,37.48542
xtal_37.cif,./U3Si5/59/xtal_37.cif,-78.82755,-6.0731792
xtal_38.cif,./U3Si5/59/xtal_38.cif,37.32487,-96.82647
xtal_4.cif,./U3Si5/59/xtal_4.cif,-78.51362,5.7969985
xtal_40.cif,./U3Si5/59/xtal_40.cif,-91.958244,30.801535
xtal_41.cif,./U3Si5/59/xtal_41.cif,-98.599884,29.069391
xtal_42.cif,./U3Si5/59/xtal_42.cif,-48.24818,93.89092
xtal_43.cif,./U3Si5/59/xtal_43.cif,21.041677,-36.752007
xtal_44.cif,./U3Si5/59/xtal_44.cif,-80.233116,-29.1823
xtal_46.cif,./U3Si5/59/xtal_46.cif,-30.376568,-5.6339207
xtal_47.cif,./U3Si5/59/xtal_47.cif,-67.392815,-32.027985
xtal_5.cif,./U3Si5/59/xtal_5.cif,-74.706604,-32.423393
xtal_50.cif,./U3Si5/59/xtal_50.cif,-86.30621,-32.980503
xtal_51.cif,./U3Si5/59/xtal_51.cif,-49.843407,-68.45665
xtal_52.cif,./U3Si5/59/xtal_52.cif,7.6855807,-98.76135
xtal_53.cif,./U3Si5/59/xtal_53.cif,-90.41791,28.892763
xtal_55.cif,./U3Si5/59/xtal_55.cif,-25.096462,-55.569923
xtal_56.cif,./U3Si5/59/xtal_56.cif,-84.4198,60.27664
xtal_57.cif,./U3Si5/59/xtal_57.cif,23.376957,-56.754673
xtal_58.cif,./U3Si5/59/xtal_58.cif,12.990261,5.9052625
xtal_6.cif,./U3Si5/59/xtal_6.cif,35.67873,-90.121376
xtal_60.cif,./U3Si5/59/xtal_60.cif,-1.56753,-75.85626
xtal_61.cif,./U3Si5/59/xtal_61.cif,-49.546616,-44.934242
xtal_63.cif,./U3Si5/59/xtal_63.cif,-42.582813,-81.393196
xtal_64.cif,./U3Si5/59/xtal_64.cif,-41.81598,-52.464546
xtal_65.cif,./U3Si5/59/xtal_65.cif,39.2251,-8.695838
xtal_66.cif,./U3Si5/59/xtal_66.cif,11.237823,13.532387
xtal_67.cif,./U3Si5/59/xtal_67.cif,-33.277695,1.7195562
xtal_68.cif,./U3Si5/59/xtal_68.cif,-64.701775,-41.516506
xtal_69.cif,./U3Si5/59/xtal_69.cif,-26.383347,100.57092
xtal_7.cif,./U3Si5/59/xtal_7.cif,18.818005,-95.46421
xtal_70.cif,./U3Si5/59/xtal_70.cif,-71.872856,57.766106
xtal_71.cif,./U3Si5/59/xtal_71.cif,-71.18242,-19.181358
xtal_72.cif,./U3Si5/59/xtal_72.cif,-100.640755,-19.81859
xtal_73.cif,./U3Si5/59/xtal_73.cif,-81.81614,-28.898697
xtal_76.cif,./U3Si5/59/xtal_76.cif,-79.682396,-38.76238
xtal_77.cif,./U3Si5/59/xtal_77.cif,-67.819244,49.877705
xtal_79.cif,./U3Si5/59/xtal_79.cif,23.760805,-60.463097
xtal_8.cif,./U3Si5/59/xtal_8.cif,20.748863,-56.84528
xtal_81.cif,./U3Si5/59/xtal_81.cif,35.65725,-18.86704
xtal_82.cif,./U3Si5/59/xtal_82.cif,-84.15437,-21.141499
xtal_85.cif,./U3Si5/59/xtal_85.cif,-5.009869,-29.810118
xtal_86.cif,./U3Si5/59/xtal_86.cif,63.223175,-76.41473
xtal_87.cif,./U3Si5/59/xtal_87.cif,-69.23181,-18.914543
xtal_88.cif,./U3Si5/59/xtal_88.cif,-71.72704,5.925174
xtal_89.cif,./U3Si5/59/xtal_89.cif,-93.37648,-12.057103
xtal_9.cif,./U3Si5/59/xtal_9.cif,-51.452396,-45.755623
xtal_92.cif,./U3Si5/59/xtal_92.cif,22.09262,-74.99688
xtal_93.cif,./U3Si5/59/xtal_93.cif,44.246685,-16.357252
xtal_94.cif,./U3Si5/59/xtal_94.cif,-67.03679,-11.72436
xtal_95.cif,./U3Si5/59/xtal_95.cif,-65.29779,65.70387
xtal_96.cif,./U3Si5/59/xtal_96.cif,-7.9938903,-100.11857
xtal_98.cif,./U3Si5/59/xtal_98.cif,-80.38651,-8.6437235
xtal_1.cif,./U3Si5/65/xtal_1.cif,105.47392,8.405651
xtal_10.cif,./U3Si5/65/xtal_10.cif,38.853912,-1.0859555
xtal_11.cif,./U3Si5/65/xtal_11.cif,92.80563,11.485307
xtal_14.cif,./U3Si5/65/xtal_14.cif,66.25473,-32.50704
xtal_15.cif,./U3Si5/65/xtal_15.cif,-41.27564,83.066124
xtal_16.cif,./U3Si5/65/xtal_16.cif,50.967724,14.835199
xtal_17.cif,./U3Si5/65/xtal_17.cif,-31.171389,29.577984
xtal_18.cif,./U3Si5/65/xtal_18.cif,-25.185501,-55.318817
xtal_19.cif,./U3Si5/65/xtal_19.cif,-42.421246,21.420658
xtal_20.cif,./U3Si5/65/xtal_20.cif,98.351166,-44.810123
xtal_23.cif,./U3Si5/65/xtal_23.cif,0.96724546,110.44072
xtal_25.cif,./U3Si5/65/xtal_25.cif,-37.50734,34.43005
xtal_26.cif,./U3Si5/65/xtal_26.cif,-62.618412,37.871353
xtal_29.cif,./U3Si5/65/xtal_29.cif,-40.34912,30.627008
xtal_3.cif,./U3Si5/65/xtal_3.cif,-36.04109,63.735195
xtal_31.cif,./U3Si5/65/xtal_31.cif,34.339867,-36.239048
xtal_36.cif,./U3Si5/65/xtal_36.cif,82.412,-42.288548
xtal_37.cif,./U3Si5/65/xtal_37.cif,50.79873,16.525194
xtal_38.cif,./U3Si5/65/xtal_38.cif,-55.092243,-47.75041
xtal_4.cif,./U3Si5/65/xtal_4.cif,-39.141792,101.872185
xtal_42.cif,./U3Si5/65/xtal_42.cif,-44.06168,-25.348885
xtal_43.cif,./U3Si5/65/xtal_43.cif,-46.22028,58.798405
xtal_44.cif,./U3Si5/65/xtal_44.cif,-2.7083523,-30.535011
xtal_48.cif,./U3Si5/65/xtal_48.cif,-30.703905,-87.94007
xtal_5.cif,./U3Si5/65/xtal_5.cif,-74.937386,-3.2396185
xtal_50.cif,./U3Si5/65/xtal_50.cif,-15.547479,66.00536
xtal_51.cif,./U3Si5/65/xtal_51.cif,-43.200977,21.561176
xtal_53.cif,./U3Si5/65/xtal_53.cif,-55.249832,81.613846
xtal_54.cif,./U3Si5/65/xtal_54.cif,34.54995,-45.87056
xtal_55.cif,./U3Si5/65/xtal_55.cif,-67.14984,40.966908
xtal_56.cif,./U3Si5/65/xtal_56.cif,93.15971,59.434082
xtal_57.cif,./U3Si5/65/xtal_57.cif,10.24229,106.18725
xtal_58.cif,./U3Si5/65/xtal_58.cif,3.9459095,107.9884
xtal_59.cif,./U3Si5/65/xtal_59.cif,-92.56235,41.5997
xtal_6.cif,./U3Si5/65/xtal_6.cif,-15.584465,-79.682976
xtal_60.cif,./U3Si5/65/xtal_60.cif,37.96444,-56.80516
xtal_62.cif,./U3Si5/65/xtal_62.cif,-37.883198,-3.0095007
xtal_64.cif,./U3Si5/65/xtal_64.cif,51.38842,-2.1671987
xtal_65.cif,./U3Si5/65/xtal_65.cif,-70.21071,36.486652
xtal_66.cif,./U3Si5/65/xtal_66.cif,-45.076324,84.455444
xtal_68.cif,./U3Si5/65/xtal_68.cif,91.759605,50.246464
xtal_7.cif,./U3Si5/65/xtal_7.cif,-31.028315,8.63581
xtal_72.cif,./U3Si5/65/xtal_72.cif,11.551822,65.457275
xtal_74.cif,./U3Si5/65/xtal_74.cif,-59.967636,37.20509
xtal_76.cif,./U3Si5/65/xtal_76.cif,-30.850044,6.1053476
xtal_81.cif,./U3Si5/65/xtal_81.cif,80.15154,41.877625
xtal_82.cif,./U3Si5/65/xtal_82.cif,-70.01058,32.08124
xtal_84.cif,./U3Si5/65/xtal_84.cif,-77.92992,15.102203
xtal_86.cif,./U3Si5/65/xtal_86.cif,-70.47362,44.203316
xtal_89.cif,./U3Si5/65/xtal_89.cif,-51.456886,48.17738
xtal_91.cif,./U3Si5/65/xtal_91.cif,98.52395,29.984358
xtal_97.cif,./U3Si5/65/xtal_97.cif,55.65879,-62.985737
xtal_10.cif,./U3Si5/71/xtal_10.cif,-46.767498,29.88109
xtal_100.cif,./U3Si5/71/xtal_100.cif,49.668278,-23.165792
xtal_11.cif,./U3Si5/71/xtal_11.cif,96.16532,-32.562057
xtal_12.cif,./U3Si5/71/xtal_12.cif,-80.452034,-24.626467
xtal_13.cif,./U3Si5/71/xtal_13.cif,84.29264,4.59352
xtal_14.cif,./U3Si5/71/xtal_14.cif,-32.859566,30.821095
xtal_15.cif,./U3Si5/71/xtal_15.cif,-94.8066,28.978685
xtal_16.cif,./U3Si5/71/xtal_16.cif,71.17685,-79.558945
xtal_18.cif,./U3Si5/71/xtal_18.cif,-60.272434,61.406834
xtal_19.cif,./U3Si5/71/xtal_19.cif,25.53635,-33.943516
xtal_2.cif,./U3Si5/71/xtal_2.cif,61.839222,-47.495777
xtal_20.cif,./U3Si5/71/xtal_20.cif,-1.1431866,104.42159
xtal_21.cif,./U3Si5/71/xtal_21.cif,51.776516,-29.29065
xtal_22.cif,./U3Si5/71/xtal_22.cif,55.109783,-85.376205
xtal_23.cif,./U3Si5/71/xtal_23.cif,44.33681,-22.358387
xtal_25.cif,./U3Si5/71/xtal_25.cif,21.203363,-68.92817
xtal_26.cif,./U3Si5/71/xtal_26.cif,-40.53197,4.6490436
xtal_27.cif,./U3Si5/71/xtal_27.cif,-92.975235,-12.416175
xtal_28.cif,./U3Si5/71/xtal_28.cif,-51.54627,-85.03316
xtal_29.cif,./U3Si5/71/xtal_29.cif,-28.371529,-47.827194
xtal_31.cif,./U3Si5/71/xtal_31.cif,-5.346543,-10.33303
xtal_32.cif,./U3Si5/71/xtal_32.cif,-24.78103,108.88732
xtal_33.cif,./U3Si5/71/xtal_33.cif,65.802605,-64.922424
xtal_34.cif,./U3Si5/71/xtal_34.cif,-6.2295756,74.27629
xtal_35.cif,./U3Si5/71/xtal_35.cif,-102.69006,16.00487
xtal_36.cif,./U3Si5/71/xtal_36.cif,45.112617,7.425345
xtal_37.cif,./U3Si5/71/xtal_37.cif,108.35674,-10.349431
xtal_38.cif,./U3Si5/71/xtal_38.cif,-76.44211,28.09741
xtal_39.cif,./U3Si5/71/xtal_39.cif,-32.67529,29.923077
xtal_40.cif,./U3Si5/71/xtal_40.cif,19.822927,-62.88641
xtal_42.cif,./U3Si5/71/xtal_42.cif,-67.923065,92.86664
xtal_47.cif,./U3Si5/71/xtal_47.cif,-46.303432,81.62389
xtal_48.cif,./U3Si5/71/xtal_48.cif,-77.11356,85.825066
xtal_49.cif,./U3Si5/71/xtal_49.cif,51.219044,30.096666
xtal_50.cif,./U3Si5/71/xtal_50.cif,18.695606,-57.54717
xtal_51.cif,./U3Si5/71/xtal_51.cif,-45.620827,88.64585
xtal_53.cif,./U3Si5/71/xtal_53.cif,104.522,7.118534
xtal_54.cif,./U3Si5/71/xtal_54.cif,-10.336955,-91.65134
xtal_56.cif,./U3Si5/71/xtal_56.cif,83.36517,-38.88361
xtal_57.cif,./U3Si5/71/xtal_57.cif,55.537952,-25.670294
xtal_58.cif,./U3Si5/71/xtal_58.cif,-41.596466,34.894764
xtal_59.cif,./U3Si5/71/xtal_59.cif,-82.845604,-26.943542
xtal_62.cif,./U3Si5/71/xtal_62.cif,42.036366,19.805496
xtal_63.cif,./U3Si5/71/xtal_63.cif,71.14838,-4.6326494
xtal_64.cif,./U3Si5/71/xtal_64.cif,112.76036,-11.379555
xtal_65.cif,./U3Si5/71/xtal_65.cif,6.634061,105.60313
xtal_66.cif,./U3Si5/71/xtal_66.cif,58.430687,-38.391224
xtal_67.cif,./U3Si5/71/xtal_67.cif,-15.365052,42.418423
xtal_68.cif,./U3Si5/71/xtal_68.cif,-60.155804,45.881466
xtal_69.cif,./U3Si5/71/xtal_69.cif,61.996502,-47.043457
xtal_7.cif,./U3Si5/71/xtal_7.cif,82.60201,-37.84596
xtal_70.cif,./U3Si5/71/xtal_70.cif,-92.39199,30.772524
xtal_71.cif,./U3Si5/71/xtal_71.cif,-35.48124,3.8856544
xtal_72.cif,./U3Si5/71/xtal_72.cif,-80.79731,67.47095
xtal_73.cif,./U3Si5/71/xtal_73.cif,-93.07066,21.798471
xtal_74.cif,./U3Si5/71/xtal_74.cif,-34.12735,55.348133
xtal_75.cif,./U3Si5/71/xtal_75.cif,-46.730473,-22.394499
xtal_76.cif,./U3Si5/71/xtal_76.cif,64.56938,-10.001269
xtal_78.cif,./U3Si5/71/xtal_78.cif,17.42858,-70.7689
xtal_79.cif,./U3Si5/71/xtal_79.cif,-78.8192,40.892597
xtal_8.cif,./U3Si5/71/xtal_8.cif,105.03467,13.3882885
xtal_80.cif,./U3Si5/71/xtal_80.cif,51.23684,23.64834
xtal_81.cif,./U3Si5/71/xtal_81.cif,-7.693229,109.96908
xtal_82.cif,./U3Si5/71/xtal_82.cif,104.02134,7.992329
xtal_83.cif,./U3Si5/71/xtal_83.cif,98.61626,-44.85847
xtal_84.cif,./U3Si5/71/xtal_84.cif,-92.773476,9.5891485
xtal_87.cif,./U3Si5/71/xtal_87.cif,-82.53871,29.29556
xtal_88.cif,./U3Si5/71/xtal_88.cif,-17.974949,18.209553
xtal_89.cif,./U3Si5/71/xtal_89.cif,-7.6585827,-15.5581
xtal_90.cif,./U3Si5/71/xtal_90.cif,-77.618416,29.52143
xtal_91.cif,./U3Si5/71/xtal_91.cif,104.452484,-38.30713
xtal_92.cif,./U3Si5/71/xtal_92.cif,-21.24293,-49.47769
xtal_93.cif,./U3Si5/71/xtal_93.cif,52.17363,15.089376
xtal_94.cif,./U3Si5/71/xtal_94.cif,-32.63108,-20.599073
xtal_96.cif,./U3Si5/71/xtal_96.cif,-31.89715,103.26475
xtal_98.cif,./U3Si5/71/xtal_98.cif,-94.02621,-11.5772505
xtal_99.cif,./U3Si5/71/xtal_99.cif,-40.79364,94.61905
xtal_10.cif,./U3Si5/75/xtal_10.cif,3.7489357,36.8453
xtal_100.cif,./U3Si5/75/xtal_100.cif,-71.42181,-20.74818
xtal_11.cif,./U3Si5/75/xtal_11.cif,19.529888,72.50839
xtal_13.cif,./U3Si5/75/xtal_13.cif,46.25266,74.456696
xtal_14.cif,./U3Si5/75/xtal_14.cif,95.820015,-46.655663
xtal_15.cif,./U3Si5/75/xtal_15.cif,38.34694,47.79045
xtal_17.cif,./U3Si5/75/xtal_17.cif,15.098099,-107.34388
xtal_2.cif,./U3Si5/75/xtal_2.cif,54.191856,-66.56902
xtal_20.cif,./U3Si5/75/xtal_20.cif,-74.06597,57.634365
xtal_22.cif,./U3Si5/75/xtal_22.cif,-13.829946,29.39448
xtal_23.cif,./U3Si5/75/xtal_23.cif,35.224834,94.98494
xtal_26.cif,./U3Si5/75/xtal_26.cif,32.83837,88.973495
xtal_27.cif,./U3Si5/75/xtal_27.cif,44.557327,-17.261057
xtal_29.cif,./U3Si5/75/xtal_29.cif,-99.321434,11.368302
xtal_31.cif,./U3Si5/75/xtal_31.cif,41.000343,97.74927
xtal_32.cif,./U3Si5/75/xtal_32.cif,-72.737785,15.22196
xtal_33.cif,./U3Si5/75/xtal_33.cif,32.91549,90.12195
xtal_37.cif,./U3Si5/75/xtal_37.cif,-45.83628,-52.136433
xtal_38.cif,./U3Si5/75/xtal_38.cif,-22.821688,93.91845
xtal_39.cif,./U3Si5/75/xtal_39.cif,38.07658,97.52656
xtal_40.cif,./U3Si5/75/xtal_40.cif,23.784372,46.235622
xtal_41.cif,./U3Si5/75/xtal_41.cif,-69.84147,39.15665
xtal_42.cif,./U3Si5/75/xtal_42.cif,104.99986,-36.92418
xtal_44.cif,./U3Si5/75/xtal_44.cif,23.107405,-33.120827
xtal_45.cif,./U3Si5/75/xtal_45.cif,-73.839096,67.20262
xtal_48.cif,./U3Si5/75/xtal_48.cif,33.17088,-43.017887
xtal_49.cif,./U3Si5/75/xtal_49.cif,46.48895,-43.64707
xtal_51.cif,./U3Si5/75/xtal_51.cif,27.97753,-22.397463
xtal_53.cif,./U3Si5/75/xtal_53.cif,33.54443,95.18089
xtal_54.cif,./U3Si5/75/xtal_54.cif,28.065357,-21.742537
xtal_57.cif,./U3Si5/75/xtal_57.cif,-50.432278,-39.665813
xtal_58.cif,./U3Si5/75/xtal_58.cif,36.58972,87.64507
xtal_6.cif,./U3Si5/75/xtal_6.cif,-58.801426,-34.69334
xtal_60.cif,./U3Si5/75/xtal_60.cif,44.589687,75.469284
xtal_63.cif,./U3Si5/75/xtal_63.cif,19.374098,67.54207
xtal_65.cif,./U3Si5/75/xtal_65.cif,-44.802273,-51.96182
xtal_67.cif,./U3Si5/75/xtal_67.cif,19.58176,72.42831
xtal_68.cif,./U3Si5/75/xtal_68.cif,-74.04785,9.2911625
xtal_7.cif,./U3Si5/75/xtal_7.cif,-17.640244,108.47437
xtal_72.cif,./U3Si5/75/xtal_72.cif,13.951585,-9.608352
xtal_79.cif,./U3Si5/75/xtal_79.cif,39.33382,75.988716
xtal_80.cif,./U3Si5/75/xtal_80.cif,-84.77821,38.221653
xtal_81.cif,./U3Si5/75/xtal_81.cif,-10.262191,3.0866776
xtal_82.cif,./U3Si5/75/xtal_82.cif,40.474995,57.208454
xtal_86.cif,./U3Si5/75/xtal_86.cif,43.81021,93.998
xtal_88.cif,./U3Si5/75/xtal_88.cif,38.706238,60.80473
xtal_89.cif,./U3Si5/75/xtal_89.cif,31.780222,89.24235
xtal_9.cif,./U3Si5/75/xtal_9.cif,36.81004,-52.707657
xtal_90.cif,./U3Si5/75/xtal_90.cif,16.635544,73.71655
xtal_93.cif,./U3Si5/75/xtal_93.cif,-40.435295,98.39581
xtal_94.cif,./U3Si5/75/xtal_94.cif,13.415747,-39.576412
xtal_95.cif,./U3Si5/75/xtal_95.cif,-55.55076,50.897038
xtal_96.cif,./U3Si5/75/xtal_96.cif,-73.63852,69.923706
xtal_98.cif,./U3Si5/75/xtal_98.cif,-9.832563,-17.611444
xtal_99.cif,./U3Si5/75/xtal_99.cif,27.154764,-34.83057
xtal_13.cif,./U3Si5/77/xtal_13.cif,39.147106,-8.795896
xtal_27.cif,./U3Si5/77/xtal_27.cif,-7.357819,-15.824897
xtal_34.cif,./U3Si5/77/xtal_34.cif,-45.9682,-75.635635
xtal_37.cif,./U3Si5/77/xtal_37.cif,12.384787,19.212091
xtal_44.cif,./U3Si5/77/xtal_44.cif,59.52432,-76.87946
xtal_47.cif,./U3Si5/77/xtal_47.cif,-43.446903,90.869804
xtal_48.cif,./U3Si5/77/xtal_48.cif,8.907629,-1.00249
xtal_5.cif,./U3Si5/77/xtal_5.cif,-77.215744,15.638487
xtal_51.cif,./U3Si5/77/xtal_51.cif,30.09623,29.34612
xtal_55.cif,./U3Si5/77/xtal_55.cif,-55.48105,-29.024817
xtal_58.cif,./U3Si5/77/xtal_58.cif,35.434883,95.28935
xtal_62.cif,./U3Si5/77/xtal_62.cif,23.231869,72.16485
xtal_79.cif,./U3Si5/77/xtal_79.cif,11.345991,-105.83704
xtal_80.cif,./U3Si5/77/xtal_80.cif,-21.26719,-24.557438
xtal_10.cif,./U3Si5/79/xtal_10.cif,-6.355754,-10.074409
xtal_100.cif,./U3Si5/79/xtal_100.cif,-56.828434,74.400246
xtal_13.cif,./U3Si5/79/xtal_13.cif,26.551085,87.08715
xtal_14.cif,./U3Si5/79/xtal_14.cif,56.29178,-73.52631
xtal_16.cif,./U3Si5/79/xtal_16.cif,35.474674,94.11878
xtal_19.cif,./U3Si5/79/xtal_19.cif,-51.426796,78.421684
xtal_22.cif,./U3Si5/79/xtal_22.cif,42.802414,60.84949
xtal_25.cif,./U3Si5/79/xtal_25.cif,61.785034,-46.726818
xtal_27.cif,./U3Si5/79/xtal_27.cif,42.417564,99.202515
xtal_30.cif,./U3Si5/79/xtal_30.cif,106.54937,-28.73078
xtal_34.cif,./U3Si5/79/xtal_34.cif,-56.268944,-29.954828
xtal_38.cif,./U3Si5/79/xtal_38.cif,27.207317,-34.72221
xtal_41.cif,./U3Si5/79/xtal_41.cif,52.21617,-81.85449
xtal_42.cif,./U3Si5/79/xtal_42.cif,-81.31436,-28.387789
xtal_43.cif,./U3Si5/79/xtal_43.cif,-9.119113,110.51395
xtal_44.cif,./U3Si5/79/xtal_44.cif,13.361139,37.67503
xtal_45.cif,./U3Si5/79/xtal_45.cif,-82.4615,-32.92211
xtal_49.cif,./U3Si5/79/xtal_49.cif,43.59344,-94.438095
xtal_50.cif,./U3Si5/79/xtal_50.cif,9.912758,-40.904743
xtal_52.cif,./U3Si5/79/xtal_52.cif,11.027078,40.94353
xtal_53.cif,./U3Si5/79/xtal_53.cif,20.12583,76.71333
xtal_54.cif,./U3Si5/79/xtal_54.cif,49.320026,-79.34563
xtal_56.cif,./U3Si5/79/xtal_56.cif,-10.08261,-16.978096
xtal_58.cif,./U3Si5/79/xtal_58.cif,-22.942532,108.3004
xtal_60.cif,./U3Si5/79/xtal_60.cif,21.347069,-13.459341
xtal_61.cif,./U3Si5/79/xtal_61.cif,6.8087115,1.6505908
xtal_63.cif,./U3Si5/79/xtal_63.cif,52.23054,-81.91017
xtal_64.cif,./U3Si5/79/xtal_64.cif,-74.00022,-25.820387
xtal_65.cif,./U3Si5/79/xtal_65.cif,-87.197845,7.511467
xtal_66.cif,./U3Si5/79/xtal_66.cif,-77.21698,15.5121975
xtal_67.cif,./U3Si5/79/xtal_67.cif,9.76434,2.4129946
xtal_69.cif,./U3Si5/79/xtal_69.cif,43.88914,98.36091
xtal_71.cif,./U3Si5/79/xtal_71.cif,33.171143,85.311356
xtal_74.cif,./U3Si5/79/xtal_74.cif,-21.287056,-24.503674
xtal_80.cif,./U3Si5/79/xtal_80.cif,31.940989,35.156746
xtal_84.cif,./U3Si5/79/xtal_84.cif,-74.14283,56.146873
xtal_85.cif,./U3Si5/79/xtal_85.cif,35.67066,40.463966
xtal_86.cif,./U3Si5/79/xtal_86.cif,13.725982,-42.141624
xtal_87.cif,./U3Si5/79/xtal_87.cif,-75.900894,49.781128
xtal_89.cif,./U3Si5/79/xtal_89.cif,25.579193,-0.32553264
xtal_9.cif,./U3Si5/79/xtal_9.cif,42.311428,56.558556
xtal_95.cif,./U3Si5/79/xtal_95.cif,47.074955,83.67497
xtal_96.cif,./U3Si5/79/xtal_96.cif,-0.7126838,117.6117
xtal_97.cif,./U3Si5/79/xtal_97.cif,-40.820244,90.96654
xtal_99.cif,./U3Si5/79/xtal_99.cif,-84.90036,63.205357
xtal_1.cif,./U3Si5/81/xtal_1.cif,34.08491,-22.39956
xtal_10.cif,./U3Si5/81/xtal_10.cif,-50.897594,94.90699
xtal_100.cif,./U3Si5/81/xtal_100.cif,-6.3999295,-29.085564
xtal_11.cif,./U3Si5/81/xtal_11.cif,-31.500622,102.210106
xtal_12.cif,./U3Si5/81/xtal_12.cif,17.316935,-54.674366
xtal_13.cif,./U3Si5/81/xtal_13.cif,-70.13838,-70.10269
xtal_14.cif,./U3Si5/81/xtal_14.cif,-6.4362445,-31.203293
xtal_15.cif,./U3Si5/81/xtal_15.cif,-9.48981,110.19336
xtal_16.cif,./U3Si5/81/xtal_16.cif,-72.4024,69.75857
xtal_17.cif,./U3Si5/81/xtal_17.cif,-76.52105,3.729556
xtal_18.cif,./U3Si5/81/xtal_18.cif,4.394724,-82.74322
xtal_19.cif,./U3Si5/81/xtal_19.cif,-97.28575,29.436377
xtal_2.cif,./U3Si5/81/xtal_2.cif,22.582418,-13.432588
xtal_20.cif,./U3Si5/81/xtal_20.cif,29.645708,23.548443
xtal_21.cif,./U3Si5/81/xtal_21.cif,-45.9185,95.54276
xtal_22.cif,./U3Si5/81/xtal_22.cif,-40.833157,100.839226
xtal_24.cif,./U3Si5/81/xtal_24.cif,0.86286205,109.8721
xtal_25.cif,./U3Si5/81/xtal_25.cif,-76.97579,-3.5718386
xtal_26.cif,./U3Si5/81/xtal_26.cif,15.600434,-39.797775
xtal_27.cif,./U3Si5/81/xtal_27.cif,19.556606,3.2519145
xtal_28.cif,./U3Si5/81/xtal_28.cif,-73.11829,44.53067
xtal_29.cif,./U3Si5/81/xtal_29.cif,-88.284,-4.3810062
xtal_3.cif,./U3Si5/81/xtal_3.cif,-40.32616,101.029236
xtal_30.cif,./U3Si5/81/xtal_30.cif,-80.21344,-24.869705
xtal_31.cif,./U3Si5/81/xtal_31.cif,26.26572,-90.23489
xtal_32.cif,./U3Si5/81/xtal_32.cif,-44.911663,98.26341
xtal_33.cif,./U3Si5/81/xtal_33.cif,-62.61977,-38.481754
xtal_34.cif,./U3Si5/81/xtal_34.cif,-44.415188,-75.99223
xtal_35.cif,./U3Si5/81/xtal_35.cif,-77.03921,5.8282104
xtal_36.cif,./U3Si5/81/xtal_36.cif,3.0807886,-16.583166
xtal_37.cif,./U3Si5/81/xtal_37.cif,18.150995,-55.0688
xtal_38.cif,./U3Si5/81/xtal_38.cif,-4.1382117,-8.089717
xtal_39.cif,./U3Si5/81/xtal_39.cif,-20.612358,110.12279
xtal_4.cif,./U3Si5/81/xtal_4.cif,8.038795,-80.11094
xtal_40.cif,./U3Si5/81/xtal_40.cif,26.924534,23.615015
xtal_41.cif,./U3Si5/81/xtal_41.cif,18.066717,-5.129716
xtal_42.cif,./U3Si5/81/xtal_42.cif,-14.164557,108.987015
xtal_44.cif,./U3Si5/81/xtal_44.cif,-11.777149,0.5017913
xtal_45.cif,./U3Si5/81/xtal_45.cif,-71.922874,14.602312
xtal_46.cif,./U3Si5/81/xtal_46.cif,-5.771799,-34.83153
xtal_47.cif,./U3Si5/81/xtal_47.cif,-12.157935,-30.563858
xtal_48.cif,./U3Si5/81/xtal_48.cif,9.872189,28.378452
xtal_49.cif,./U3Si5/81/xtal_49.cif,-81.80767,17.106514
xtal_5.cif,./U3Si5/81/xtal_5.cif,9.516362,-22.450363
xtal_50.cif,./U3Si5/81/xtal_50.cif,-85.08216,46.28014
xtal_51.cif,./U3Si5/81/xtal_51.cif,-76.85228,49.925777
xtal_52.cif,./U3Si5/81/xtal_52.cif,-4.6317925,-95.06446
xtal_53.cif,./U3Si5/81/xtal_53.cif,-4.6694336,-27.755789
xtal_55.cif,./U3Si5/81/xtal_55.cif,12.694135,-31.895214
xtal_56.cif,./U3Si5/81/xtal_56.cif,-70.21047,5.4024196
xtal_58.cif,./U3Si5/81/xtal_58.cif,18.877356,2.8334022
xtal_59.cif,./U3Si5/81/xtal_59.cif,-103.09877,58.700943
xtal_6.cif,./U3Si5/81/xtal_6.cif,25.791996,11.98731
xtal_60.cif,./U3Si5/81/xtal_60.cif,25.893572,-46.747555
xtal_61.cif,./U3Si5/81/xtal_61.cif,16.939796,-40.2613
xtal_62.cif,./U3Si5/81/xtal_62.cif,-5.292544,110.11818
xtal_63.cif,./U3Si5/81/xtal_63.cif,25.02249,-38.760757
xtal_64.cif,./U3Si5/81/xtal_64.cif,28.238394,-45.932434
xtal_65.cif,./U3Si5/81/xtal_65.cif,-58.16311,-29.343351
xtal_66.cif,./U3Si5/81/xtal_66.cif,-10.667216,-16.295612
xtal_67.cif,./U3Si5/81/xtal_67.cif,-78.36122,8.044862
xtal_68.cif,./U3Si5/81/xtal_68.cif,-44.088573,-35.308376
xtal_69.cif,./U3Si5/81/xtal_69.cif,-81.54281,-28.490807
xtal_7.cif,./U3Si5/81/xtal_7.cif,-50.92061,-34.129574
xtal_70.cif,./U3Si5/81/xtal_70.cif,-36.58052,-43.2357
xtal_72.cif,./U3Si5/81/xtal_72.cif,-86.7888,19.621946
xtal_73.cif,./U3Si5/81/xtal_73.cif,-71.74835,56.06791
xtal_74.cif,./U3Si5/81/xtal_74.cif,28.888437,-23.15043
xtal_75.cif,./U3Si5/81/xtal_75.cif,-51.49396,-33.781116
xtal_76.cif,./U3Si5/81/xtal_76.cif,13.79716,-42.383633
xtal_77.cif,./U3Si5/81/xtal_77.cif,-83.09696,56.191345
xtal_78.cif,./U3Si5/81/xtal_78.cif,-13.998847,-22.586359
xtal_79.cif,./U3Si5/81/xtal_79.cif,26.17965,7.41111
xtal_8.cif,./U3Si5/81/xtal_8.cif,-41.817135,-70.54374
xtal_80.cif,./U3Si5/81/xtal_80.cif,-70.3721,-53.965557
xtal_81.cif,./U3Si5/81/xtal_81.cif,-83.08743,-8.117451
xtal_82.cif,./U3Si5/81/xtal_82.cif,-95.72071,37.067516
xtal_83.cif,./U3Si5/81/xtal_83.cif,-74.244095,11.1221695
xtal_84.cif,./U3Si5/81/xtal_84.cif,-5.247371,-10.18807
xtal_85.cif,./U3Si5/81/xtal_85.cif,-53.6217,-29.647974
xtal_86.cif,./U3Si5/81/xtal_86.cif,-81.17983,-9.702906
xtal_87.cif,./U3Si5/81/xtal_87.cif,8.003071,-42.126793
xtal_88.cif,./U3Si5/81/xtal_88.cif,-58.15217,-30.450356
xtal_89.cif,./U3Si5/81/xtal_89.cif,2.6266026,-99.5058
xtal_9.cif,./U3Si5/81/xtal_9.cif,-66.23553,68.10788
xtal_90.cif,./U3Si5/81/xtal_90.cif,92.75416,-26.23916
xtal_91.cif,./U3Si5/81/xtal_91.cif,35.44424,-18.850824
xtal_92.cif,./U3Si5/81/xtal_92.cif,-67.88866,20.853762
xtal_93.cif,./U3Si5/81/xtal_93.cif,-53.11534,58.06348
xtal_94.cif,./U3Si5/81/xtal_94.cif,-62.79321,79.64824
xtal_95.cif,./U3Si5/81/xtal_95.cif,20.042965,-12.12912
xtal_96.cif,./U3Si5/81/xtal_96.cif,-51.024227,-31.895245
xtal_97.cif,./U3Si5/81/xtal_97.cif,-6.3940887,-31.030977
xtal_98.cif,./U3Si5/81/xtal_98.cif,-74.710686,69.72551
xtal_99.cif,./U3Si5/81/xtal_99.cif,-64.13065,65.14106
xtal_11.cif,./U3Si5/82/xtal_11.cif,-43.788437,84.987404
xtal_12.cif,./U3Si5/82/xtal_12.cif,-83.00979,60.867565
xtal_15.cif,./U3Si5/82/xtal_15.cif,-51.731342,-76.801575
xtal_17.cif,./U3Si5/82/xtal_17.cif,33.385975,-18.991909
xtal_19.cif,./U3Si5/82/xtal_19.cif,26.840893,-87.23859
xtal_2.cif,./U3Si5/82/xtal_2.cif,-80.36481,39.142097
xtal_20.cif,./U3Si5/82/xtal_20.cif,-52.51023,56.72835
xtal_22.cif,./U3Si5/82/xtal_22.cif,18.66106,29.898787
xtal_23.cif,./U3Si5/82/xtal_23.cif,-98.8278,28.907343
xtal_24.cif,./U3Si5/82/xtal_24.cif,-96.93419,19.58945
xtal_26.cif,./U3Si5/82/xtal_26.cif,60.159573,-69.373535
xtal_28.cif,./U3Si5/82/xtal_28.cif,56.186863,-73.586365
xtal_3.cif,./U3Si5/82/xtal_3.cif,116.80073,5.9323373
xtal_30.cif,./U3Si5/82/xtal_30.cif,-8.736277,-13.535357
xtal_31.cif,./U3Si5/82/xtal_31.cif,-13.284938,110.43728
xtal_32.cif,./U3Si5/82/xtal_32.cif,-73.78891,59.266
xtal_33.cif,./U3Si5/82/xtal_33.cif,-57.389507,55.143696
xtal_34.cif,./U3Si5/82/xtal_34.cif,-58.10138,68.30757
xtal_36.cif,./U3Si5/82/xtal_36.cif,-25.068363,116.62669
xtal_41.cif,./U3Si5/82/xtal_41.cif,15.760389,-5.1805353
xtal_44.cif,./U3Si5/82/xtal_44.cif,62.203987,-46.571106
xtal_45.cif,./U3Si5/82/xtal_45.cif,-87.69785,12.320733
xtal_48.cif,./U3Si5/82/xtal_48.cif,-61.033035,78.96257
xtal_49.cif,./U3Si5/82/xtal_49.cif,5.6458683,-24.958979
xtal_5.cif,./U3Si5/82/xtal_5.cif,-11.149435,94.99477
xtal_57.cif,./U3Si5/82/xtal_57.cif,-91.37906,44.06318
xtal_59.cif,./U3Si5/82/xtal_59.cif,12.758801,34.895855
xtal_6.cif,./U3Si5/82/xtal_6.cif,-34.41493,95.1172
xtal_60.cif,./U3Si5/82/xtal_60.cif,-92.51251,38.33363
xtal_64.cif,./U3Si5/82/xtal_64.cif,-8.184042,36.003387
xtal_66.cif,./U3Si5/82/xtal_66.cif,-4.3710017,89.13222
xtal_67.cif,./U3Si5/82/xtal_67.cif,13.004312,-6.0420203
xtal_70.cif,./U3Si5/82/xtal_70.cif,-39.632397,103.85184
xtal_72.cif,./U3Si5/82/xtal_72.cif,26.246136,19.700636
xtal_74.cif,./U3Si5/82/xtal_74.cif,33.648148,27.968704
xtal_75.cif,./U3Si5/82/xtal_75.cif,-94.89636,27.605202
xtal_79.cif,./U3Si5/82/xtal_79.cif,10.962498,44.087418
xtal_80.cif,./U3Si5/82/xtal_80.cif,13.1287365,6.0491905
xtal_81.cif,./U3Si5/82/xtal_81.cif,33.78748,28.17034
xtal_82.cif,./U3Si5/82/xtal_82.cif,-83.780136,29.704952
xtal_85.cif,./U3Si5/82/xtal_85.cif,116.695694,6.525136
xtal_90.cif,./U3Si5/82/xtal_90.cif,-59.785015,82.7936
xtal_94.cif,./U3Si5/82/xtal_94.cif,-103.93483,6.398801
xtal_95.cif,./U3Si5/82/xtal_95.cif,-66.88753,17.448635
xtal_96.cif,./U3Si5/82/xtal_96.cif,-38.120346,98.82588
xtal_98.cif,./U3Si5/82/xtal_98.cif,64.93023,13.61424
xtal_100.cif,./U3Si5/83/xtal_100.cif,67.41355,-68.48669
xtal_11.cif,./U3Si5/83/xtal_11.cif,-52.200394,-40.1087
xtal_13.cif,./U3Si5/83/xtal_13.cif,-91.13046,-19.531002
xtal_15.cif,./U3Si5/83/xtal_15.cif,-69.43958,41.77642
xtal_17.cif,./U3Si5/83/xtal_17.cif,-55.616806,82.78354
xtal_18.cif,./U3Si5/83/xtal_18.cif,-23.978933,-65.327156
xtal_19.cif,./U3Si5/83/xtal_19.cif,-66.04643,78.86269
xtal_2.cif,./U3Si5/83/xtal_2.cif,33.16989,-56.237965
xtal_21.cif,./U3Si5/83/xtal_21.cif,65.66947,47.851345
xtal_26.cif,./U3Si5/83/xtal_26.cif,-76.92637,64.44709
xtal_27.cif,./U3Si5/83/xtal_27.cif,-29.030382,99.83702
xtal_28.cif,./U3Si5/83/xtal_28.cif,34.298367,-36.171326
xtal_30.cif,./U3Si5/83/xtal_30.cif,-72.5046,-15.204084
xtal_31.cif,./U3Si5/83/xtal_31.cif,47.953026,11.158584
xtal_32.cif,./U3Si5/83/xtal_32.cif,-82.69106,63.618614
xtal_35.cif,./U3Si5/83/xtal_35.cif,-84.5355,-5.594718
xtal_36.cif,./U3Si5/83/xtal_36.cif,-81.982574,-4.543013
xtal_37.cif,./U3Si5/83/xtal_37.cif,87.57065,58.17834
xtal_38.cif,./U3Si5/83/xtal_38.cif,-73.40859,55.7876
xtal_39.cif,./U3Si5/83/xtal_39.cif,-31.95162,-96.68279
xtal_4.cif,./U3Si5/83/xtal_4.cif,91.18627,44.84324
xtal_40.cif,./U3Si5/83/xtal_40.cif,-68.40529,80.97001
xtal_45.cif,./U3Si5/83/xtal_45.cif,42.1683,16.965412
xtal_46.cif,./U3Si5/83/xtal_46.cif,-31.278233,-36.266758
xtal_47.cif,./U3Si5/83/xtal_47.cif,10.6674385,-103.6438
xtal_49.cif,./U3Si5/83/xtal_49.cif,-83.85947,-39.715446
xtal_5.cif,./U3Si5/83/xtal_5.cif,-96.43569,27.433979
xtal_51.cif,./U3Si5/83/xtal_51.cif,30.549303,-19.881239
xtal_52.cif,./U3Si5/83/xtal_52.cif,-45.922806,99.79408
xtal_53.cif,./U3Si5/83/xtal_53.cif,19.452765,-62.006153
xtal_54.cif,./U3Si5/83/xtal_54.cif,-83.04566,40.41933
xtal_55.cif,./U3Si5/83/xtal_55.cif,-37.18336,22.695864
xtal_56.cif,./U3Si5/83/xtal_56.cif,-76.59355,56.352203
xtal_59.cif,./U3Si5/83/xtal_59.cif,-14.442589,107.54822
xtal_6.cif,./U3Si5/83/xtal_6.cif,94.33386,69.93718
xtal_60.cif,./U3Si5/83/xtal_60.cif,-76.00002,55.753033
xtal_61.cif,./U3Si5/83/xtal_61.cif,-82.76785,-17.787123
xtal_64.cif,./U3Si5/83/xtal_64.cif,105.93132,22.313204
xtal_66.cif,./U3Si5/83/xtal_66.cif,-91.3544,4.3527675
xtal_67.cif,./U3Si5/83/xtal_67.cif,109.959274,-8.974429
xtal_68.cif,./U3Si5/83/xtal_68.cif,-82.52857,-4.9314585
xtal_69.cif,./U3Si5/83/xtal_69.cif,-2.671571,-97.21071
xtal_7.cif,./U3Si5/83/xtal_7.cif,7.862222,48.652443
xtal_70.cif,./U3Si5/83/xtal_70.cif,-6.123591,-33.741455
xtal_71.cif,./U3Si5/83/xtal_71.cif,115.798874,10.170255
xtal_72.cif,./U3Si5/83/xtal_72.cif,6.2014003,100.01781
xtal_73.cif,./U3Si5/83/xtal_73.cif,60.23026,-14.356074
xtal_74.cif,./U3Si5/83/xtal_74.cif,47.394154,5.006203
xtal_78.cif,./U3Si5/83/xtal_78.cif,55.702053,-24.780348
xtal_79.cif,./U3Si5/83/xtal_79.cif,64.572334,35.49158
xtal_8.cif,./U3Si5/83/xtal_8.cif,-78.90086,-3.8212626
xtal_81.cif,./U3Si5/83/xtal_81.cif,-83.58875,-32.014526
xtal_83.cif,./U3Si5/83/xtal_83.cif,-88.06929,-4.211171
xtal_84.cif,./U3Si5/83/xtal_84.cif,-53.80716,-33.545715
xtal_85.cif,./U3Si5/83/xtal_85.cif,-30.84731,-21.569084
xtal_86.cif,./U3Si5/83/xtal_86.cif,8.861663,-30.42919
xtal_87.cif,./U3Si5/83/xtal_87.cif,-82.89205,66.78683
xtal_88.cif,./U3Si5/83/xtal_88.cif,-79.45621,-0.5316137
xtal_89.cif,./U3Si5/83/xtal_89.cif,115.24932,7.8173137
xtal_9.cif,./U3Si5/83/xtal_9.cif,-58.964314,47.082066
xtal_91.cif,./U3Si5/83/xtal_91.cif,-82.7366,-16.981457
xtal_92.cif,./U3Si5/83/xtal_92.cif,-81.577126,-29.54726
xtal_93.cif,./U3Si5/83/xtal_93.cif,-44.42034,-47.583714
xtal_94.cif,./U3Si5/83/xtal_94.cif,-36.565796,27.173286
xtal_95.cif,./U3Si5/83/xtal_95.cif,-25.975521,-31.230886
xtal_96.cif,./U3Si5/83/xtal_96.cif,-74.25212,-43.83366
xtal_97.cif,./U3Si5/83/xtal_97.cif,-49.69114,-33.90726
xtal_99.cif,./U3Si5/83/xtal_99.cif,74.17693,10.968204
xtal_1.cif,./U3Si5/84/xtal_1.cif,-71.68641,5.6780596
xtal_10.cif,./U3Si5/84/xtal_10.cif,-45.192856,94.901344
xtal_100.cif,./U3Si5/84/xtal_100.cif,-71.8619,9.165243
xtal_11.cif,./U3Si5/84/xtal_11.cif,-56.627968,-30.703058
xtal_12.cif,./U3Si5/84/xtal_12.cif,-74.65968,-55.374893
xtal_13.cif,./U3Si5/84/xtal_13.cif,-39.07538,108.17688
xtal_14.cif,./U3Si5/84/xtal_14.cif,-95.62458,-19.703415
xtal_16.cif,./U3Si5/84/xtal_16.cif,-84.60976,-6.505708
xtal_17.cif,./U3Si5/84/xtal_17.cif,-54.594307,-78.25752
xtal_18.cif,./U3Si5/84/xtal_18.cif,-81.27669,-15.855612
xtal_2.cif,./U3Si5/84/xtal_2.cif,-19.643354,-88.77342
xtal_20.cif,./U3Si5/84/xtal_20.cif,-28.734983,-9.828119
xtal_21.cif,./U3Si5/84/xtal_21.cif,16.512348,-104.44057
xtal_22.cif,./U3Si5/84/xtal_22.cif,24.943237,-25.80711
xtal_23.cif,./U3Si5/84/xtal_23.cif,-90.560394,-1.3532735
xtal_24.cif,./U3Si5/84/xtal_24.cif,19.516018,-62.185333
xtal_25.cif,./U3Si5/84/xtal_25.cif,-29.887997,-86.853966
xtal_26.cif,./U3Si5/84/xtal_26.cif,-75.512276,62.891575
xtal_27.cif,./U3Si5/84/xtal_27.cif,-81.888145,61.95325
xtal_28.cif,./U3Si5/84/xtal_28.cif,-35.389946,80.286194
xtal_29.cif,./U3Si5/84/xtal_29.cif,-76.073586,-64.01617
xtal_3.cif,./U3Si5/84/xtal_3.cif,25.866632,-68.04335
xtal_30.cif,./U3Si5/84/xtal_30.cif,62.342285,-67.983376
xtal_31.cif,./U3Si5/84/xtal_31.cif,-75.3814,28.588755
xtal_32.cif,./U3Si5/84/xtal_32.cif,88.50319,-37.124035
xtal_33.cif,./U3Si5/84/xtal_33.cif,-7.6564546,-15.728563
xtal_34.cif,./U3Si5/84/xtal_34.cif,-72.08842,8.368738
xtal_35.cif,./U3Si5/84/xtal_35.cif,-79.24431,37.95938
xtal_36.cif,./U3Si5/84/xtal_36.cif,59.815727,-54.85734
xtal_38.cif,./U3Si5/84/xtal_38.cif,19.808662,-19.52849
xtal_39.cif,./U3Si5/84/xtal_39.cif,-9.45036,-74.96816
xtal_4.cif,./U3Si5/84/xtal_4.cif,41.183037,-50.05248
xtal_40.cif,./U3Si5/84/xtal_40.cif,31.882704,-79.83244
xtal_41.cif,./U3Si5/84/xtal_41.cif,-53.42057,-29.594755
xtal_42.cif,./U3Si5/84/xtal_42.cif,13.384509,-40.84578
xtal_43.cif,./U3Si5/84/xtal_43.cif,10.689093,-99.50055
xtal_44.cif,./U3Si5/84/xtal_44.cif,3.7985282,1.7439921
xtal_46.cif,./U3Si5/84/xtal_46.cif,16.826208,-99.99219
xtal_47.cif,./U3Si5/84/xtal_47.cif,-2.176244,-85.67173
xtal_48.cif,./U3Si5/84/xtal_48.cif,-6.061739,-63.88832
xtal_49.cif,./U3Si5/84/xtal_49.cif,67.7589,-54.208614
xtal_5.cif,./U3Si5/84/xtal_5.cif,18.254162,-52.4774
xtal_50.cif,./U3Si5/84/xtal_50.cif,-75.103745,18.23939
xtal_51.cif,./U3Si5/84/xtal_51.cif,-70.580025,-11.649128
xtal_52.cif,./U3Si5/84/xtal_52.cif,-12.332852,111.3799
xtal_53.cif,./U3Si5/84/xtal_53.cif,-20.242783,-40.66988
xtal_54.cif,./U3Si5/84/xtal_54.cif,26.595465,-81.978424
xtal_55.cif,./U3Si5/84/xtal_55.cif,13.357953,-25.6083
xtal_56.cif,./U3Si5/84/xtal_56.cif,-79.7486,40.578087
xtal_58.cif,./U3Si5/84/xtal_58.cif,-80.16898,67.6764
xtal_59.cif,./U3Si5/84/xtal_59.cif,-7.538405,-101.05888
xtal_6.cif,./U3Si5/84/xtal_6.cif,-57.841003,62.754517
xtal_60.cif,./U3Si5/84/xtal_60.cif,61.28312,-55.463013
xtal_61.cif,./U3Si5/84/xtal_61.cif,115.86319,29.187101
xtal_62.cif,./U3Si5/84/xtal_62.cif,-78.82889,-39.307446
xtal_63.cif,./U3Si5/84/xtal_63.cif,-84.32809,62.29257
xtal_64.cif,./U3Si5/84/xtal_64.cif,19.60144,-62.308495
xtal_65.cif,./U3Si5/84/xtal_65.cif,-28.315414,105.01417
xtal_66.cif,./U3Si5/84/xtal_66.cif,-81.17877,26.2193
xtal_67.cif,./U3Si5/84/xtal_67.cif,21.454132,7.7319117
xtal_68.cif,./U3Si5/84/xtal_68.cif,32.090717,-69.4241
xtal_69.cif,./U3Si5/84/xtal_69.cif,51.290787,-87.90541
xtal_7.cif,./U3Si5/84/xtal_7.cif,98.45976,25.882633
xtal_70.cif,./U3Si5/84/xtal_70.cif,16.909695,-100.017
xtal_71.cif,./U3Si5/84/xtal_71.cif,6.776653,-45.472286
xtal_72.cif,./U3Si5/84/xtal_72.cif,-84.495605,-20.502392
xtal_73.cif,./U3Si5/84/xtal_73.cif,-44.77292,-48.621975
xtal_74.cif,./U3Si5/84/xtal_74.cif,-30.412693,106.05186
xtal_75.cif,./U3Si5/84/xtal_75.cif,-73.32281,-63.427387
xtal_76.cif,./U3Si5/84/xtal_76.cif,-5.379877,-10.762663
xtal_77.cif,./U3Si5/84/xtal_77.cif,-65.51436,66.068634
xtal_78.cif,./U3Si5/84/xtal_78.cif,-15.039005,-99.62163
xtal_79.cif,./U3Si5/84/xtal_79.cif,-83.53588,23.55153
xtal_8.cif,./U3Si5/84/xtal_8.cif,2.002673,2.0228763
xtal_80.cif,./U3Si5/84/xtal_80.cif,-77.91626,-5.3578677
xtal_81.cif,./U3Si5/84/xtal_81.cif,1.0392299,2.8791685
xtal_82.cif,./U3Si5/84/xtal_82.cif,-25.899216,-75.36533
xtal_84.cif,./U3Si5/84/xtal_84.cif,-50.646378,-84.029976
xtal_85.cif,./U3Si5/84/xtal_85.cif,21.09869,-55.48292
xtal_86.cif,./U3Si5/84/xtal_86.cif,-83.48015,42.264454
xtal_87.cif,./U3Si5/84/xtal_87.cif,-48.940247,98.553215
xtal_88.cif,./U3Si5/84/xtal_88.cif,70.39664,3.8652916
xtal_89.cif,./U3Si5/84/xtal_89.cif,-5.6243987,-28.021482
xtal_9.cif,./U3Si5/84/xtal_9.cif,56.526543,-12.17418
xtal_90.cif,./U3Si5/84/xtal_90.cif,34.333965,-95.855095
xtal_92.cif,./U3Si5/84/xtal_92.cif,-76.08311,55.540134
xtal_94.cif,./U3Si5/84/xtal_94.cif,-96.64816,26.988243
xtal_95.cif,./U3Si5/84/xtal_95.cif,-33.2761,-44.432484
xtal_96.cif,./U3Si5/84/xtal_96.cif,8.21994,-41.65597
xtal_97.cif,./U3Si5/84/xtal_97.cif,14.246851,-42.84898
xtal_98.cif,./U3Si5/84/xtal_98.cif,1.3213435,-87.01733
xtal_99.cif,./U3Si5/84/xtal_99.cif,-82.30403,60.67879
xtal_15.cif,./U3Si5/85/xtal_15.cif,17.747734,74.186226
xtal_17.cif,./U3Si5/85/xtal_17.cif,-58.198566,46.28705
xtal_21.cif,./U3Si5/85/xtal_21.cif,-47.760754,-43.96941
xtal_23.cif,./U3Si5/85/xtal_23.cif,-20.317389,-31.014393
xtal_24.cif,./U3Si5/85/xtal_24.cif,-55.22293,81.73028
xtal_36.cif,./U3Si5/85/xtal_36.cif,-20.74498,96.22182
xtal_41.cif,./U3Si5/85/xtal_41.cif,-5.214023,9.015831
xtal_42.cif,./U3Si5/85/xtal_42.cif,7.890693,106.30365
xtal_49.cif,./U3Si5/85/xtal_49.cif,78.55374,14.134214
xtal_50.cif,./U3Si5/85/xtal_50.cif,-71.662476,-20.01895
xtal_59.cif,./U3Si5/85/xtal_59.cif,-1.1355805,-25.597727
xtal_64.cif,./U3Si5/85/xtal_64.cif,-34.30749,103.27284
xtal_73.cif,./U3Si5/85/xtal_73.cif,37.38815,-35.112396
xtal_74.cif,./U3Si5/85/xtal_74.cif,-29.633112,-36.000874
xtal_75.cif,./U3Si5/85/xtal_75.cif,-75.471794,47.36507
xtal_77.cif,./U3Si5/85/xtal_77.cif,-68.048164,77.90594
xtal_78.cif,./U3Si5/85/xtal_78.cif,-69.75399,50.214622
xtal_83.cif,./U3Si5/85/xtal_83.cif,-89.03549,-1.2202103
xtal_84.cif,./U3Si5/85/xtal_84.cif,-46.9816,58.776226
xtal_85.cif,./U3Si5/85/xtal_85.cif,-38.56621,87.39272
xtal_86.cif,./U3Si5/85/xtal_86.cif,44.184795,-17.58542
xtal_92.cif,./U3Si5/85/xtal_92.cif,-8.776503,69.36916
xtal_96.cif,./U3Si5/85/xtal_96.cif,-81.56163,26.127195
xtal_98.cif,./U3Si5/85/xtal_98.cif,-24.77777,110.98359
xtal_99.cif,./U3Si5/85/xtal_99.cif,-75.40085,48.024002
xtal_1.cif,./U3Si5/86/xtal_1.cif,-14.153396,28.732037
xtal_100.cif,./U3Si5/86/xtal_100.cif,-27.328527,-62.57061
xtal_11.cif,./U3Si5/86/xtal_11.cif,-2.7786834,-22.548649
xtal_12.cif,./U3Si5/86/xtal_12.cif,-19.888807,-86.869736
xtal_13.cif,./U3Si5/86/xtal_13.cif,-46.393215,83.46615
xtal_14.cif,./U3Si5/86/xtal_14.cif,115.2581,10.543372
xtal_15.cif,./U3Si5/86/xtal_15.cif,-82.023,63.05329
xtal_16.cif,./U3Si5/86/xtal_16.cif,-24.638163,108.83696
xtal_17.cif,./U3Si5/86/xtal_17.cif,-8.931263,-89.13968
xtal_18.cif,./U3Si5/86/xtal_18.cif,31.523817,-94.52613
xtal_19.cif,./U3Si5/86/xtal_19.cif,20.508633,-34.359554
xtal_21.cif,./U3Si5/86/xtal_21.cif,-67.49422,-5.5216413
xtal_22.cif,./U3Si5/86/xtal_22.cif,-84.72676,49.53639
xtal_24.cif,./U3Si5/86/xtal_24.cif,-51.5526,-36.658283
xtal_25.cif,./U3Si5/86/xtal_25.cif,-40.19312,-80.81214
xtal_26.cif,./U3Si5/86/xtal_26.cif,-66.432976,48.066452
xtal_28.cif,./U3Si5/86/xtal_28.cif,-80.78758,-41.715603
xtal_29.cif,./U3Si5/86/xtal_29.cif,-70.324165,39.659706
xtal_3.cif,./U3Si5/86/xtal_3.cif,-69.866974,-49.362186
xtal_30.cif,./U3Si5/86/xtal_30.cif,-18.888727,-83.54557
xtal_31.cif,./U3Si5/86/xtal_31.cif,-91.22641,42.937244
xtal_33.cif,./U3Si5/86/xtal_33.cif,57.970074,-69.7645
xtal_36.cif,./U3Si5/86/xtal_36.cif,-84.36083,49.43346
xtal_37.cif,./U3Si5/86/xtal_37.cif,-73.650375,56.271282
xtal_38.cif,./U3Si5/86/xtal_38.cif,50.923023,16.420752
xtal_39.cif,./U3Si5/86/xtal_39.cif,-19.626064,-87.83532
xtal_4.cif,./U3Si5/86/xtal_4.cif,-88.62672,55.25869
xtal_40.cif,./U3Si5/86/xtal_40.cif,-16.54226,-86.99454
xtal_41.cif,./U3Si5/86/xtal_41.cif,-7.3256736,-89.99794
xtal_43.cif,./U3Si5/86/xtal_43.cif,81.23455,-67.0746
xtal_45.cif,./U3Si5/86/xtal_45.cif,-52.811417,-74.7491
xtal_46.cif,./U3Si5/86/xtal_46.cif,-20.46065,107.525406
xtal_47.cif,./U3Si5/86/xtal_47.cif,-66.33292,66.2815
xtal_48.cif,./U3Si5/86/xtal_48.cif,-70.43639,70.88584
xtal_49.cif,./U3Si5/86/xtal_49.cif,59.899765,-45.976986
xtal_5.cif,./U3Si5/86/xtal_5.cif,59.82096,-52.145584
xtal_50.cif,./U3Si5/86/xtal_50.cif,-30.282364,-87.37944
xtal_51.cif,./U3Si5/86/xtal_51.cif,-65.23957,76.64187
xtal_52.cif,./U3Si5/86/xtal_52.cif,-65.814064,-56.125427
xtal_53.cif,./U3Si5/86/xtal_53.cif,-47.474022,-88.77638
xtal_56.cif,./U3Si5/86/xtal_56.cif,-39.906464,-80.97284
xtal_57.cif,./U3Si5/86/xtal_57.cif,-47.68628,88.41294
xtal_58.cif,./U3Si5/86/xtal_58.cif,-97.435844,10.829992
xtal_59.cif,./U3Si5/86/xtal_59.cif,31.860046,-85.675934
xtal_60.cif,./U3Si5/86/xtal_60.cif,-18.661839,11.678284
xtal_61.cif,./U3Si5/86/xtal_61.cif,-63.433567,-66.903854
xtal_63.cif,./U3Si5/86/xtal_63.cif,-93.56227,-6.0282083
xtal_64.cif,./U3Si5/86/xtal_64.cif,-92.210655,-34.48034
xtal_65.cif,./U3Si5/86/xtal_65.cif,59.231785,-74.498566
xtal_66.cif,./U3Si5/86/xtal_66.cif,-84.6309,49.505753
xtal_67.cif,./U3Si5/86/xtal_67.cif,-39.278152,94.3363
xtal_68.cif,./U3Si5/86/xtal_68.cif,-4.2266026,-73.996056
xtal_7.cif,./U3Si5/86/xtal_7.cif,-17.361055,-92.77161
xtal_70.cif,./U3Si5/86/xtal_70.cif,-89.218445,10.98578
xtal_71.cif,./U3Si5/86/xtal_71.cif,22.946024,-32.071056
xtal_72.cif,./U3Si5/86/xtal_72.cif,-53.646576,76.914665
xtal_74.cif,./U3Si5/86/xtal_74.cif,-39.843666,-80.94705
xtal_76.cif,./U3Si5/86/xtal_76.cif,-83.866806,-39.226734
xtal_77.cif,./U3Si5/86/xtal_77.cif,-29.227741,-4.0005584
xtal_78.cif,./U3Si5/86/xtal_78.cif,7.2927737,-13.094089
xtal_79.cif,./U3Si5/86/xtal_79.cif,-52.612103,-74.80907
xtal_8.cif,./U3Si5/86/xtal_8.cif,-79.226265,62.2962
xtal_80.cif,./U3Si5/86/xtal_80.cif,-71.15978,70.48119
xtal_84.cif,./U3Si5/86/xtal_84.cif,-47.5273,-4.2939234
xtal_85.cif,./U3Si5/86/xtal_85.cif,-16.926523,-86.902
xtal_89.cif,./U3Si5/86/xtal_89.cif,65.0721,14.430161
xtal_9.cif,./U3Si5/86/xtal_9.cif,-27.14776,54.337254
xtal_90.cif,./U3Si5/86/xtal_90.cif,25.68312,-24.595896
xtal_91.cif,./U3Si5/86/xtal_91.cif,-32.3708,-21.064114
xtal_92.cif,./U3Si5/86/xtal_92.cif,-18.27879,95.61104
xtal_93.cif,./U3Si5/86/xtal_93.cif,-64.07917,27.647635
xtal_94.cif,./U3Si5/86/xtal_94.cif,-42.226665,5.7389297
xtal_95.cif,./U3Si5/86/xtal_95.cif,-52.989357,-15.898681
xtal_97.cif,./U3Si5/86/xtal_97.cif,112.39055,16.644665
xtal_98.cif,./U3Si5/86/xtal_98.cif,-74.400764,-24.627314
xtal_99.cif,./U3Si5/86/xtal_99.cif,-26.34683,-75.56175
xtal_10.cif,./U3Si5/87/xtal_10.cif,-85.76344,29.032564
xtal_12.cif,./U3Si5/87/xtal_12.cif,89.27394,11.866167
xtal_16.cif,./U3Si5/87/xtal_16.cif,113.14556,28.602253
xtal_17.cif,./U3Si5/87/xtal_17.cif,-72.71999,73.14519
xtal_27.cif,./U3Si5/87/xtal_27.cif,-9.992857,72.51667
xtal_29.cif,./U3Si5/87/xtal_29.cif,-20.656752,39.556507
xtal_30.cif,./U3Si5/87/xtal_30.cif,-29.416496,-35.535797
xtal_32.cif,./U3Si5/87/xtal_32.cif,69.44207,33.84236
xtal_33.cif,./U3Si5/87/xtal_33.cif,111.06073,29.47992
xtal_35.cif,./U3Si5/87/xtal_35.cif,96.898735,4.0999537
xtal_36.cif,./U3Si5/87/xtal_36.cif,105.78571,22.491869
xtal_37.cif,./U3Si5/87/xtal_37.cif,68.923065,33.222866
xtal_46.cif,./U3Si5/87/xtal_46.cif,113.39131,10.164968
xtal_47.cif,./U3Si5/87/xtal_47.cif,5.312571,106.45562
xtal_6.cif,./U3Si5/87/xtal_6.cif,92.11504,60.309406
xtal_60.cif,./U3Si5/87/xtal_60.cif,45.775616,-81.164185
xtal_62.cif,./U3Si5/87/xtal_62.cif,-70.681435,62.424404
xtal_63.cif,./U3Si5/87/xtal_63.cif,-33.10565,31.073317
xtal_67.cif,./U3Si5/87/xtal_67.cif,-8.883191,113.288895
xtal_7.cif,./U3Si5/87/xtal_7.cif,41.168346,-60.52511
xtal_70.cif,./U3Si5/87/xtal_70.cif,16.65172,29.774315
xtal_71.cif,./U3Si5/87/xtal_71.cif,76.05672,-51.58702
xtal_74.cif,./U3Si5/87/xtal_74.cif,-69.31741,39.38185
xtal_77.cif,./U3Si5/87/xtal_77.cif,-80.10598,63.33575
xtal_78.cif,./U3Si5/87/xtal_78.cif,112.3239,16.69563
xtal_80.cif,./U3Si5/87/xtal_80.cif,-44.790813,87.26424
xtal_83.cif,./U3Si5/87/xtal_83.cif,-1.0995036,104.29336
xtal_86.cif,./U3Si5/87/xtal_86.cif,89.05798,52.60774
xtal_89.cif,./U3Si5/87/xtal_89.cif,87.130936,60.27763
xtal_9.cif,./U3Si5/87/xtal_9.cif,92.70797,61.502968
xtal_90.cif,./U3Si5/87/xtal_90.cif,-23.506216,91.11666
xtal_91.cif,./U3Si5/87/xtal_91.cif,-29.302559,88.956566
xtal_94.cif,./U3Si5/87/xtal_94.cif,116.07353,29.367918
xtal_95.cif,./U3Si5/87/xtal_95.cif,44.458996,-19.015432
xtal_99.cif,./U3Si5/87/xtal_99.cif,-43.881382,85.286575
xtal_1.cif,./U3Si5/89/xtal_1.cif,-63.369637,47.06764
xtal_100.cif,./U3Si5/89/xtal_100.cif,-91.01654,40.393196
xtal_11.cif,./U3Si5/89/xtal_11.cif,-84.11455,-33.54729
xtal_13.cif,./U3Si5/89/xtal_13.cif,106.61099,-13.649068
xtal_14.cif,./U3Si5/89/xtal_14.cif,-33.444073,107.39498
xtal_15.cif,./U3Si5/89/xtal_15.cif,90.95803,-9.157729
xtal_16.cif,./U3Si5/89/xtal_16.cif,71.08006,8.088082
xtal_17.cif,./U3Si5/89/xtal_17.cif,-83.44897,41.69957
xtal_18.cif,./U3Si5/89/xtal_18.cif,-31.080355,8.157513
xtal_19.cif,./U3Si5/89/xtal_19.cif,18.515154,10.753078
xtal_2.cif,./U3Si5/89/xtal_2.cif,91.20494,-15.85663
xtal_23.cif,./U3Si5/89/xtal_23.cif,59.461617,-30.141357
xtal_28.cif,./U3Si5/89/xtal_28.cif,56.040997,22.954891
xtal_29.cif,./U3Si5/89/xtal_29.cif,1.7111459,107.03388
xtal_30.cif,./U3Si5/89/xtal_30.cif,35.236305,-16.462818
xtal_31.cif,./U3Si5/89/xtal_31.cif,-76.26608,-6.9030967
xtal_36.cif,./U3Si5/89/xtal_36.cif,-7.549689,109.934906
xtal_37.cif,./U3Si5/89/xtal_37.cif,-85.7997,78.37165
xtal_38.cif,./U3Si5/89/xtal_38.cif,-77.102295,15.968346
xtal_39.cif,./U3Si5/89/xtal_39.cif,19.41987,-40.020664
xtal_42.cif,./U3Si5/89/xtal_42.cif,-44.665817,-75.798256
xtal_46.cif,./U3Si5/89/xtal_46.cif,51.72032,-20.217531
xtal_47.cif,./U3Si5/89/xtal_47.cif,-82.81623,62.729008
xtal_48.cif,./U3Si5/89/xtal_48.cif,-48.112293,-45.335728
xtal_49.cif,./U3Si5/89/xtal_49.cif,-45.811733,-32.883484
xtal_5.cif,./U3Si5/89/xtal_5.cif,111.47036,16.44853
xtal_52.cif,./U3Si5/89/xtal_52.cif,44.811176,-28.579565
xtal_53.cif,./U3Si5/89/xtal_53.cif,23.255476,-40.37144
xtal_54.cif,./U3Si5/89/xtal_54.cif,39.04445,-59.626194
xtal_55.cif,./U3Si5/89/xtal_55.cif,93.21049,68.230865
xtal_56.cif,./U3Si5/89/xtal_56.cif,66.56822,47.188717
xtal_57.cif,./U3Si5/89/xtal_57.cif,-69.25495,-52.847713
xtal_59.cif,./U3Si5/89/xtal_59.cif,69.06595,-46.217342
xtal_6.cif,./U3Si5/89/xtal_6.cif,-36.022503,-83.536156
xtal_60.cif,./U3Si5/89/xtal_60.cif,-63.90221,64.479065
xtal_61.cif,./U3Si5/89/xtal_61.cif,-11.007301,-98.78926
xtal_64.cif,./U3Si5/89/xtal_64.cif,-48.930225,-52.207672
xtal_65.cif,./U3Si5/89/xtal_65.cif,17.037935,-53.142094
xtal_66.cif,./U3Si5/89/xtal_66.cif,91.40171,-53.156998
xtal_69.cif,./U3Si5/89/xtal_69.cif,97.40414,43.24067
xtal_7.cif,./U3Si5/89/xtal_7.cif,70.15152,-72.90796
xtal_71.cif,./U3Si5/89/xtal_71.cif,-7.7328954,18.257261
xtal_72.cif,./U3Si5/89/xtal_72.cif,87.33085,59.806614
xtal_74.cif,./U3Si5/89/xtal_74.cif,-85.840706,21.780151
xtal_75.cif,./U3Si5/89/xtal_75.cif,-34.355797,29.129639
xtal_76.cif,./U3Si5/89/xtal_76.cif,5.82703,-92.32682
xtal_77.cif,./U3Si5/89/xtal_77.cif,-85.73398,39.67386
xtal_79.cif,./U3Si5/89/xtal_79.cif,-37.9433,43.463566
xtal_8.cif,./U3Si5/89/xtal_8.cif,-89.6457,25.438065
xtal_80.cif,./U3Si5/89/xtal_80.cif,-38.439793,-72.946884
xtal_81.cif,./U3Si5/89/xtal_81.cif,26.999435,-46.36378
xtal_83.cif,./U3Si5/89/xtal_83.cif,-37.1282,41.05791
xtal_84.cif,./U3Si5/89/xtal_84.cif,76.1281,-38.099617
xtal_85.cif,./U3Si5/89/xtal_85.cif,-25.021236,-4.7243586
xtal_87.cif,./U3Si5/89/xtal_87.cif,95.79394,18.519815
xtal_9.cif,./U3Si5/89/xtal_9.cif,-24.804678,117.313965
xtal_91.cif,./U3Si5/89/xtal_91.cif,88.95222,10.455484
xtal_92.cif,./U3Si5/89/xtal_92.cif,87.89599,57.310898
xtal_94.cif,./U3Si5/89/xtal_94.cif,-32.28291,-0.39686623
xtal_95.cif,./U3Si5/89/xtal_95.cif,-58.23568,15.422972
xtal_97.cif,./U3Si5/89/xtal_97.cif,-9.053762,-70.18394
xtal_98.cif,./U3Si5/89/xtal_98.cif,0.66566795,62.190887
xtal_99.cif,./U3Si5/89/xtal_99.cif,64.81619,35.059425
xtal_1.cif,./U3Si5/90/xtal_1.cif,32.544025,-92.48616
xtal_10.cif,./U3Si5/90/xtal_10.cif,-94.37254,28.072153
xtal_11.cif,./U3Si5/90/xtal_11.cif,-88.58164,-27.382586
xtal_12.cif,./U3Si5/90/xtal_12.cif,106.84528,20.692587
xtal_13.cif,./U3Si5/90/xtal_13.cif,-51.247135,-36.45431
xtal_17.cif,./U3Si5/90/xtal_17.cif,-36.452606,103.346275
xtal_18.cif,./U3Si5/90/xtal_18.cif,-66.521675,-32.7654
xtal_19.cif,./U3Si5/90/xtal_19.cif,-68.95154,-54.07003
xtal_20.cif,./U3Si5/90/xtal_20.cif,-4.2645965,3.4549685
xtal_21.cif,./U3Si5/90/xtal_21.cif,-44.2049,95.712494
xtal_22.cif,./U3Si5/90/xtal_22.cif,-75.04965,-6.6037774
xtal_23.cif,./U3Si5/90/xtal_23.cif,-7.358058,-62.479893
xtal_24.cif,./U3Si5/90/xtal_24.cif,96.553925,-46.079517
xtal_26.cif,./U3Si5/90/xtal_26.cif,-8.013433,-28.155634
xtal_27.cif,./U3Si5/90/xtal_27.cif,67.348206,-72.241264
xtal_28.cif,./U3Si5/90/xtal_28.cif,-32.206326,-91.40999
xtal_29.cif,./U3Si5/90/xtal_29.cif,44.838566,-93.21262
xtal_3.cif,./U3Si5/90/xtal_3.cif,-43.291073,-6.3167963
xtal_30.cif,./U3Si5/90/xtal_30.cif,-9.540562,105.564606
xtal_31.cif,./U3Si5/90/xtal_31.cif,-80.25459,-39.80408
xtal_32.cif,./U3Si5/90/xtal_32.cif,-50.72005,-49.492764
xtal_35.cif,./U3Si5/90/xtal_35.cif,51.160408,-20.844112
xtal_36.cif,./U3Si5/90/xtal_36.cif,-8.941338,83.34291
xtal_39.cif,./U3Si5/90/xtal_39.cif,-92.803444,-13.885765
xtal_45.cif,./U3Si5/90/xtal_45.cif,-81.62644,63.080143
xtal_47.cif,./U3Si5/90/xtal_47.cif,-13.814464,110.55436
xtal_55.cif,./U3Si5/90/xtal_55.cif,-31.87913,-85.2475
xtal_57.cif,./U3Si5/90/xtal_57.cif,-65.213776,60.047615
xtal_6.cif,./U3Si5/90/xtal_6.cif,30.610071,-20.04799
xtal_60.cif,./U3Si5/90/xtal_60.cif,-8.486135,-95.62458
xtal_61.cif,./U3Si5/90/xtal_61.cif,-50.792953,-40.141994
xtal_62.cif,./U3Si5/90/xtal_62.cif,-76.91573,9.750946
xtal_64.cif,./U3Si5/90/xtal_64.cif,-68.585075,74.84835
xtal_66.cif,./U3Si5/90/xtal_66.cif,-57.521866,50.495266
xtal_68.cif,./U3Si5/90/xtal_68.cif,27.058561,-34.75062
xtal_69.cif,./U3Si5/90/xtal_69.cif,-14.209297,111.45889
xtal_70.cif,./U3Si5/90/xtal_70.cif,-7.0339375,-89.02901
xtal_71.cif,./U3Si5/90/xtal_71.cif,-42.212234,-52.135506
xtal_72.cif,./U3Si5/90/xtal_72.cif,-19.72742,16.53046
xtal_73.cif,./U3Si5/90/xtal_73.cif,-15.747221,28.028812
xtal_74.cif,./U3Si5/90/xtal_74.cif,-72.40873,8.19568
xtal_75.cif,./U3Si5/90/xtal_75.cif,-83.887375,29.135927
xtal_76.cif,./U3Si5/90/xtal_76.cif,-7.8384876,-20.853977
xtal_77.cif,./U3Si5/90/xtal_77.cif,-102.89381,19.666828
xtal_79.cif,./U3Si5/90/xtal_79.cif,-8.6612215,-82.155556
xtal_8.cif,./U3Si5/90/xtal_8.cif,-63.475994,45.602757
xtal_80.cif,./U3Si5/90/xtal_80.cif,20.550013,73.668015
xtal_81.cif,./U3Si5/90/xtal_81.cif,-25.664879,98.69866
xtal_83.cif,./U3Si5/90/xtal_83.cif,-48.23928,-22.078842
xtal_85.cif,./U3Si5/90/xtal_85.cif,-80.235054,28.030937
xtal_86.cif,./U3Si5/90/xtal_86.cif,51.084114,-84.73597
xtal_87.cif,./U3Si5/90/xtal_87.cif,32.28329,84.01138
xtal_88.cif,./U3Si5/90/xtal_88.cif,-57.601048,55.351093
xtal_89.cif,./U3Si5/90/xtal_89.cif,13.285076,-104.93367
xtal_9.cif,./U3Si5/90/xtal_9.cif,-90.61415,-16.951962
xtal_91.cif,./U3Si5/90/xtal_91.cif,-82.48676,-4.703836
xtal_94.cif,./U3Si5/90/xtal_94.cif,-93.3687,-4.9610214
xtal_96.cif,./U3Si5/90/xtal_96.cif,-85.46014,77.93972
xtal_97.cif,./U3Si5/90/xtal_97.cif,-73.63119,44.318672
xtal_98.cif,./U3Si5/90/xtal_98.cif,-3.5279827,-22.886826
xtal_1.cif,./U3Si5/93/xtal_1.cif,-67.04099,-4.1673994
xtal_10.cif,./U3Si5/93/xtal_10.cif,-76.02492,-24.018744
xtal_11.cif,./U3Si5/93/xtal_11.cif,-35.063354,80.592186
xtal_12.cif,./U3Si5/93/xtal_12.cif,-71.36639,-50.239292
xtal_13.cif,./U3Si5/93/xtal_13.cif,-74.02848,-46.908184
xtal_18.cif,./U3Si5/93/xtal_18.cif,37.82065,-87.49382
xtal_20.cif,./U3Si5/93/xtal_20.cif,-90.37489,29.051228
xtal_22.cif,./U3Si5/93/xtal_22.cif,-25.464365,6.3664193
xtal_24.cif,./U3Si5/93/xtal_24.cif,-30.158092,-75.16325
xtal_27.cif,./U3Si5/93/xtal_27.cif,-37.610058,-5.663913
xtal_28.cif,./U3Si5/93/xtal_28.cif,-78.84294,-4.2865334
xtal_3.cif,./U3Si5/93/xtal_3.cif,-2.7501185,-20.8827
xtal_30.cif,./U3Si5/93/xtal_30.cif,-25.503757,-69.21571
xtal_32.cif,./U3Si5/93/xtal_32.cif,-73.79216,-63.220287
xtal_33.cif,./U3Si5/93/xtal_33.cif,61.526314,7.1489773
xtal_34.cif,./U3Si5/93/xtal_34.cif,13.8485,-24.701256
xtal_35.cif,./U3Si5/93/xtal_35.cif,-27.633118,78.03009
xtal_36.cif,./U3Si5/93/xtal_36.cif,-82.29675,25.18579
xtal_40.cif,./U3Si5/93/xtal_40.cif,-60.371346,-68.87013
xtal_42.cif,./U3Si5/93/xtal_42.cif,-49.65568,-86.90231
xtal_43.cif,./U3Si5/93/xtal_43.cif,-67.20051,55.56438
xtal_45.cif,./U3Si5/93/xtal_45.cif,-49.93694,0.9234514
xtal_46.cif,./U3Si5/93/xtal_46.cif,51.994804,-71.62902
xtal_48.cif,./U3Si5/93/xtal_48.cif,-2.1001656,-90.10595
xtal_49.cif,./U3Si5/93/xtal_49.cif,64.118454,27.207838
xtal_5.cif,./U3Si5/93/xtal_5.cif,-77.72092,-5.601916
xtal_51.cif,./U3Si5/93/xtal_51.cif,-83.15045,38.70233
xtal_57.cif,./U3Si5/93/xtal_57.cif,-5.1881857,-26.639292
xtal_6.cif,./U3Si5/93/xtal_6.cif,-28.06759,66.44878
xtal_60.cif,./U3Si5/93/xtal_60.cif,-78.82356,27.91698
xtal_62.cif,./U3Si5/93/xtal_62.cif,-59.121887,-58.02966
xtal_65.cif,./U3Si5/93/xtal_65.cif,23.66242,-46.376133
xtal_66.cif,./U3Si5/93/xtal_66.cif,-60.858784,23.580734
xtal_67.cif,./U3Si5/93/xtal_67.cif,-85.1008,28.961464
xtal_68.cif,./U3Si5/93/xtal_68.cif,-39.3888,87.52526
xtal_69.cif,./U3Si5/93/xtal_69.cif,107.45636,-20.511986
xtal_7.cif,./U3Si5/93/xtal_7.cif,5.448402,106.78457
xtal_71.cif,./U3Si5/93/xtal_71.cif,63.76813,37.077286
xtal_72.cif,./U3Si5/93/xtal_72.cif,-19.395636,94.711975
xtal_81.cif,./U3Si5/93/xtal_81.cif,-93.669205,30.50722
xtal_82.cif,./U3Si5/93/xtal_82.cif,18.115812,-36.659378
xtal_86.cif,./U3Si5/93/xtal_86.cif,-6.679266,-19.424913
xtal_87.cif,./U3Si5/93/xtal_87.cif,-84.57087,28.91467
xtal_88.cif,./U3Si5/93/xtal_88.cif,-38.714085,93.11048
xtal_89.cif,./U3Si5/93/xtal_89.cif,-71.15541,11.234801
xtal_9.cif,./U3Si5/93/xtal_9.cif,-41.582447,78.70138
xtal_92.cif,./U3Si5/93/xtal_92.cif,9.256379,-23.963427
xtal_94.cif,./U3Si5/93/xtal_94.cif,-76.86106,-23.41421
xtal_95.cif,./U3Si5/93/xtal_95.cif,23.287388,12.834284
xtal_96.cif,./U3Si5/93/xtal_96.cif,-89.19431,-17.915257
xtal_97.cif,./U3Si5/93/xtal_97.cif,-76.057144,23.759369
xtal_98.cif,./U3Si5/93/xtal_98.cif,-3.630663,89.478836
xtal_99.cif,./U3Si5/93/xtal_99.cif,27.718197,72.67367
xtal_1.cif,./U3Si5/94/xtal_1.cif,26.801271,-101.2836
xtal_10.cif,./U3Si5/94/xtal_10.cif,-74.77908,-51.408478
xtal_100.cif,./U3Si5/94/xtal_100.cif,46.47785,-61.51122
xtal_11.cif,./U3Si5/94/xtal_11.cif,-74.27829,28.327595
xtal_12.cif,./U3Si5/94/xtal_12.cif,-87.49445,10.280129
xtal_13.cif,./U3Si5/94/xtal_13.cif,-82.06043,66.508575
xtal_14.cif,./U3Si5/94/xtal_14.cif,14.190392,-30.240683
xtal_15.cif,./U3Si5/94/xtal_15.cif,-31.428421,-85.56162
xtal_17.cif,./U3Si5/94/xtal_17.cif,-75.956245,71.56426
xtal_18.cif,./U3Si5/94/xtal_18.cif,16.727936,-30.561655
xtal_19.cif,./U3Si5/94/xtal_19.cif,-23.07182,-73.97091
xtal_2.cif,./U3Si5/94/xtal_2.cif,74.825615,-78.2371
xtal_20.cif,./U3Si5/94/xtal_20.cif,81.43754,-69.325554
xtal_21.cif,./U3Si5/94/xtal_21.cif,-34.59876,28.547506
xtal_22.cif,./U3Si5/94/xtal_22.cif,-66.05335,-4.9438148
xtal_23.cif,./U3Si5/94/xtal_23.cif,-45.061443,85.35141
xtal_24.cif,./U3Si5/94/xtal_24.cif,-16.664234,-90.334
xtal_25.cif,./U3Si5/94/xtal_25.cif,-41.501698,-84.20446
xtal_26.cif,./U3Si5/94/xtal_26.cif,-1.2865863,-25.222248
xtal_27.cif,./U3Si5/94/xtal_27.cif,104.3167,-18.421537
xtal_28.cif,./U3Si5/94/xtal_28.cif,-87.41322,10.303631
xtal_29.cif,./U3Si5/94/xtal_29.cif,58.103027,-74.069534
xtal_3.cif,./U3Si5/94/xtal_3.cif,12.602242,-31.550331
xtal_30.cif,./U3Si5/94/xtal_30.cif,83.71494,-2.0667386
xtal_31.cif,./U3Si5/94/xtal_31.cif,-85.11945,-23.106298
xtal_32.cif,./U3Si5/94/xtal_32.cif,48.428074,-61.471737
xtal_33.cif,./U3Si5/94/xtal_33.cif,-44.778816,-60.984272
xtal_34.cif,./U3Si5/94/xtal_34.cif,-116.209984,31.745655
xtal_36.cif,./U3Si5/94/xtal_36.cif,-6.219179,-79.08964
xtal_37.cif,./U3Si5/94/xtal_37.cif,7.4813285,-11.705459
xtal_39.cif,./U3Si5/94/xtal_39.cif,13.2932825,-100.03536
xtal_4.cif,./U3Si5/94/xtal_4.cif,-60.30961,-53.70314
xtal_40.cif,./U3Si5/94/xtal_40.cif,34.50637,-19.161995
xtal_41.cif,./U3Si5/94/xtal_41.cif,-7.4071035,-21.11777
xtal_42.cif,./U3Si5/94/xtal_42.cif,-14.447393,-99.30688
xtal_43.cif,./U3Si5/94/xtal_43.cif,-78.42799,14.289614
xtal_44.cif,./U3Si5/94/xtal_44.cif,9.90281,102.390656
xtal_45.cif,./U3Si5/94/xtal_45.cif,-20.372332,108.47855
xtal_46.cif,./U3Si5/94/xtal_46.cif,8.161941,-12.164486
xtal_47.cif,./U3Si5/94/xtal_47.cif,-39.38709,42.48813
xtal_48.cif,./U3Si5/94/xtal_48.cif,-66.3296,-70.94956
xtal_49.cif,./U3Si5/94/xtal_49.cif,-88.22951,10.84696
xtal_5.cif,./U3Si5/94/xtal_5.cif,-61.080494,-62.768806
xtal_50.cif,./U3Si5/94/xtal_50.cif,22.111996,-55.52124
xtal_51.cif,./U3Si5/94/xtal_51.cif,-78.52291,-4.736394
xtal_52.cif,./U3Si5/94/xtal_52.cif,-20.234766,92.06718
xtal_53.cif,./U3Si5/94/xtal_53.cif,-78.9963,29.312542
xtal_54.cif,./U3Si5/94/xtal_54.cif,-78.776764,84.15299
xtal_55.cif,./U3Si5/94/xtal_55.cif,-44.131332,-72.81357
xtal_56.cif,./U3Si5/94/xtal_56.cif,-102.83841,59.068542
xtal_57.cif,./U3Si5/94/xtal_57.cif,32.096478,-94.972946
xtal_58.cif,./U3Si5/94/xtal_58.cif,96.59729,-46.276733
xtal_59.cif,./U3Si5/94/xtal_59.cif,10.265231,-22.99389
xtal_6.cif,./U3Si5/94/xtal_6.cif,-54.428886,-42.880783
xtal_61.cif,./U3Si5/94/xtal_61.cif,-73.742676,-48.14553
xtal_62.cif,./U3Si5/94/xtal_62.cif,-24.117035,118.992226
xtal_63.cif,./U3Si5/94/xtal_63.cif,7.886791,-95.21663
xtal_64.cif,./U3Si5/94/xtal_64.cif,-116.600845,14.374803
xtal_65.cif,./U3Si5/94/xtal_65.cif,-75.676704,-42.135704
xtal_66.cif,./U3Si5/94/xtal_66.cif,31.926268,-86.019905
xtal_67.cif,./U3Si5/94/xtal_67.cif,-29.060486,-3.0699956
xtal_68.cif,./U3Si5/94/xtal_68.cif,-53.47538,-79.90906
xtal_69.cif,./U3Si5/94/xtal_69.cif,-52.281883,-74.45635
xtal_70.cif,./U3Si5/94/xtal_70.cif,-1.701561,-90.58833
xtal_71.cif,./U3Si5/94/xtal_71.cif,45.621387,-59.785587
xtal_72.cif,./U3Si5/94/xtal_72.cif,-6.819329,-34.910355
xtal_73.cif,./U3Si5/94/xtal_73.cif,-51.38397,-45.637142
xtal_74.cif,./U3Si5/94/xtal_74.cif,-7.4544897,-98.657555
xtal_75.cif,./U3Si5/94/xtal_75.cif,-1.2369812,-86.31793
xtal_76.cif,./U3Si5/94/xtal_76.cif,-47.176712,-88.953926
xtal_77.cif,./U3Si5/94/xtal_77.cif,-89.14945,11.757081
xtal_79.cif,./U3Si5/94/xtal_79.cif,10.264372,-97.00491
xtal_8.cif,./U3Si5/94/xtal_8.cif,14.009926,-9.633903
xtal_80.cif,./U3Si5/94/xtal_80.cif,-83.7525,-17.752592
xtal_81.cif,./U3Si5/94/xtal_81.cif,-20.203995,-87.32805
xtal_82.cif,./U3Si5/94/xtal_82.cif,2.5568628,108.49929
xtal_83.cif,./U3Si5/94/xtal_83.cif,-31.635872,-85.32665
xtal_85.cif,./U3Si5/94/xtal_85.cif,79.32332,-67.31321
xtal_86.cif,./U3Si5/94/xtal_86.cif,-66.74078,-35.926083
xtal_87.cif,./U3Si5/94/xtal_87.cif,-71.316986,57.98443
xtal_88.cif,./U3Si5/94/xtal_88.cif,20.810936,5.0097156
xtal_89.cif,./U3Si5/94/xtal_89.cif,-79.76441,5.6823487
xtal_9.cif,./U3Si5/94/xtal_9.cif,-51.103466,-49.27802
xtal_91.cif,./U3Si5/94/xtal_91.cif,-11.62308,-99.6741
xtal_93.cif,./U3Si5/94/xtal_93.cif,-65.3521,35.318756
xtal_94.cif,./U3Si5/94/xtal_94.cif,-30.102427,-5.3977532
xtal_95.cif,./U3Si5/94/xtal_95.cif,-49.272278,-35.802246
xtal_96.cif,./U3Si5/94/xtal_96.cif,70.67858,-53.809704
xtal_97.cif,./U3Si5/94/xtal_97.cif,-76.1839,-23.877554
xtal_98.cif,./U3Si5/94/xtal_98.cif,-101.86584,-2.478993
xtal_99.cif,./U3Si5/94/xtal_99.cif,29.340973,-77.06086
xtal_1.cif,./U3Si5/97/xtal_1.cif,89.40467,44.062298
xtal_10.cif,./U3Si5/97/xtal_10.cif,25.850708,-69.68052
xtal_100.cif,./U3Si5/97/xtal_100.cif,19.0593,-65.86007
xtal_11.cif,./U3Si5/97/xtal_11.cif,-56.53823,-42.229786
xtal_13.cif,./U3Si5/97/xtal_13.cif,54.71623,-76.15997
xtal_14.cif,./U3Si5/97/xtal_14.cif,115.79121,8.756718
xtal_15.cif,./U3Si5/97/xtal_15.cif,-49.549,92.38252
xtal_16.cif,./U3Si5/97/xtal_16.cif,93.648796,67.00297
xtal_17.cif,./U3Si5/97/xtal_17.cif,-33.828617,5.0301857
xtal_19.cif,./U3Si5/97/xtal_19.cif,46.493084,-62.335495
xtal_2.cif,./U3Si5/97/xtal_2.cif,74.98367,-53.46686
xtal_20.cif,./U3Si5/97/xtal_20.cif,-66.97938,82.52837
xtal_21.cif,./U3Si5/97/xtal_21.cif,-12.9584465,8.28367
xtal_22.cif,./U3Si5/97/xtal_22.cif,93.63548,68.97929
xtal_23.cif,./U3Si5/97/xtal_23.cif,51.86871,-6.400097
xtal_24.cif,./U3Si5/97/xtal_24.cif,61.567417,-47.69291
xtal_25.cif,./U3Si5/97/xtal_25.cif,14.133188,-35.34619
xtal_26.cif,./U3Si5/97/xtal_26.cif,98.390884,-43.44711
xtal_27.cif,./U3Si5/97/xtal_27.cif,-42.805225,-22.605076
xtal_28.cif,./U3Si5/97/xtal_28.cif,0.6575618,62.240738
xtal_29.cif,./U3Si5/97/xtal_29.cif,63.767673,50.476498
xtal_3.cif,./U3Si5/97/xtal_3.cif,-78.96328,35.798317
xtal_30.cif,./U3Si5/97/xtal_30.cif,-94.34562,39.441223
xtal_31.cif,./U3Si5/97/xtal_31.cif,66.92282,23.305742
xtal_32.cif,./U3Si5/97/xtal_32.cif,-19.04754,14.939846
xtal_33.cif,./U3Si5/97/xtal_33.cif,-76.85203,-48.413834
xtal_34.cif,./U3Si5/97/xtal_34.cif,-66.872,-11.322392
xtal_35.cif,./U3Si5/97/xtal_35.cif,-30.611666,5.649895
xtal_36.cif,./U3Si5/97/xtal_36.cif,45.661457,-81.35419
xtal_37.cif,./U3Si5/97/xtal_37.cif,-33.199112,3.2902849
xtal_38.cif,./U3Si5/97/xtal_38.cif,-94.67242,-3.5587015
xtal_39.cif,./U3Si5/97/xtal_39.cif,-28.02834,14.972423
xtal_4.cif,./U3Si5/97/xtal_4.cif,-28.035252,117.31671
xtal_41.cif,./U3Si5/97/xtal_41.cif,61.664055,-51.405975
xtal_42.cif,./U3Si5/97/xtal_42.cif,89.68369,56.4432
xtal_43.cif,./U3Si5/97/xtal_43.cif,-14.182118,111.37736
xtal_44.cif,./U3Si5/97/xtal_44.cif,46.864784,-75.40727
xtal_46.cif,./U3Si5/97/xtal_46.cif,-94.32489,-1.6935955
xtal_47.cif,./U3Si5/97/xtal_47.cif,-26.260098,0.7824754
xtal_48.cif,./U3Si5/97/xtal_48.cif,-18.87868,14.635876
xtal_49.cif,./U3Si5/97/xtal_49.cif,-37.086395,36.824837
xtal_5.cif,./U3Si5/97/xtal_5.cif,-68.08696,39.627472
xtal_50.cif,./U3Si5/97/xtal_50.cif,-2.0293474,-56.96856
xtal_51.cif,./U3Si5/97/xtal_51.cif,95.149536,14.253407
xtal_52.cif,./U3Si5/97/xtal_52.cif,54.08542,-26.100561
xtal_53.cif,./U3Si5/97/xtal_53.cif,53.796127,-77.47695
xtal_54.cif,./U3Si5/97/xtal_54.cif,79.83631,31.797432
xtal_55.cif,./U3Si5/97/xtal_55.cif,45.665348,-57.185135
xtal_57.cif,./U3Si5/97/xtal_57.cif,-6.100198,65.766174
xtal_58.cif,./U3Si5/97/xtal_58.cif,87.590126,9.116983
xtal_59.cif,./U3Si5/97/xtal_59.cif,-40.496384,93.94156
xtal_6.cif,./U3Si5/97/xtal_6.cif,115.976555,30.218079
xtal_60.cif,./U3Si5/97/xtal_60.cif,57.44998,-80.43702
xtal_61.cif,./U3Si5/97/xtal_61.cif,54.429157,-77.07748
xtal_62.cif,./U3Si5/97/xtal_62.cif,-5.419539,-22.533888
xtal_63.cif,./U3Si5/97/xtal_63.cif,-19.844923,-64.18011
xtal_64.cif,./U3Si5/97/xtal_64.cif,-18.440348,-66.57241
xtal_65.cif,./U3Si5/97/xtal_65.cif,96.423996,-17.102459
xtal_66.cif,./U3Si5/97/xtal_66.cif,-29.781408,-27.816565
xtal_68.cif,./U3Si5/97/xtal_68.cif,-99.196846,-21.377937
xtal_70.cif,./U3Si5/97/xtal_70.cif,52.175755,-77.58575
xtal_71.cif,./U3Si5/97/xtal_71.cif,-20.32956,65.117516
xtal_74.cif,./U3Si5/97/xtal_74.cif,45.872093,4.843613
xtal_75.cif,./U3Si5/97/xtal_75.cif,-94.065765,-10.103878
xtal_76.cif,./U3Si5/97/xtal_76.cif,-65.06459,97.49481
xtal_77.cif,./U3Si5/97/xtal_77.cif,33.585213,-86.465935
xtal_78.cif,./U3Si5/97/xtal_78.cif,-91.01889,-49.73186
xtal_79.cif,./U3Si5/97/xtal_79.cif,77.49095,-68.58823
xtal_8.cif,./U3Si5/97/xtal_8.cif,64.42769,35.615356
xtal_80.cif,./U3Si5/97/xtal_80.cif,44.09405,-73.494484
xtal_81.cif,./U3Si5/97/xtal_81.cif,16.754246,-15.526812
xtal_83.cif,./U3Si5/97/xtal_83.cif,43.987625,-76.82739
xtal_84.cif,./U3Si5/97/xtal_84.cif,-73.78565,-26.39732
xtal_85.cif,./U3Si5/97/xtal_85.cif,-29.356625,-3.8622148
xtal_86.cif,./U3Si5/97/xtal_86.cif,-34.00257,4.4414525
xtal_87.cif,./U3Si5/97/xtal_87.cif,-90.455315,45.477642
xtal_88.cif,./U3Si5/97/xtal_88.cif,-15.580527,42.148853
xtal_89.cif,./U3Si5/97/xtal_89.cif,57.822544,-39.14408
xtal_9.cif,./U3Si5/97/xtal_9.cif,62.317787,-46.142277
xtal_90.cif,./U3Si5/97/xtal_90.cif,89.17979,54.717567
xtal_91.cif,./U3Si5/97/xtal_91.cif,106.75718,-9.621613
xtal_92.cif,./U3Si5/97/xtal_92.cif,-43.48245,7.6593685
xtal_93.cif,./U3Si5/97/xtal_93.cif,110.19376,7.8634343
xtal_94.cif,./U3Si5/97/xtal_94.cif,-116.27236,8.862307
xtal_95.cif,./U3Si5/97/xtal_95.cif,-6.1456456,-70.03602
xtal_96.cif,./U3Si5/97/xtal_96.cif,-49.211567,0.73850286
xtal_97.cif,./U3Si5/97/xtal_97.cif,109.45239,-7.9680767
xtal_99.cif,./U3Si5/97/xtal_99.cif,-72.38095,72.80296
xtal_100.cif,./U3Si5/99/xtal_100.cif,-67.77314,-34.26778
xtal_11.cif,./U3Si5/99/xtal_11.cif,-13.306284,31.448147
xtal_13.cif,./U3Si5/99/xtal_13.cif,-26.199476,38.278584
xtal_17.cif,./U3Si5/99/xtal_17.cif,-85.3034,-7.061508
xtal_18.cif,./U3Si5/99/xtal_18.cif,-12.660392,111.39913
xtal_2.cif,./U3Si5/99/xtal_2.cif,-82.93888,23.473644
xtal_20.cif,./U3Si5/99/xtal_20.cif,-58.185238,42.472374
xtal_21.cif,./U3Si5/99/xtal_21.cif,-54.784954,87.07578
xtal_22.cif,./U3Si5/99/xtal_22.cif,61.7074,-76.32091
xtal_26.cif,./U3Si5/99/xtal_26.cif,16.789413,-36.064274
xtal_27.cif,./U3Si5/99/xtal_27.cif,-18.757145,95.14063
xtal_28.cif,./U3Si5/99/xtal_28.cif,62.98688,-43.907787
xtal_29.cif,./U3Si5/99/xtal_29.cif,-48.119778,-21.131659
xtal_32.cif,./U3Si5/99/xtal_32.cif,-87.3237,-0.9410058
xtal_35.cif,./U3Si5/99/xtal_35.cif,-74.03376,44.11232
xtal_37.cif,./U3Si5/99/xtal_37.cif,19.954222,72.85238
xtal_39.cif,./U3Si5/99/xtal_39.cif,1.8139359,-2.2868397
xtal_4.cif,./U3Si5/99/xtal_4.cif,7.239153,-26.252392
xtal_40.cif,./U3Si5/99/xtal_40.cif,-70.14987,63.1097
xtal_41.cif,./U3Si5/99/xtal_41.cif,-76.31124,48.91672
xtal_44.cif,./U3Si5/99/xtal_44.cif,33.19201,85.46907
xtal_45.cif,./U3Si5/99/xtal_45.cif,-71.28069,-48.33083
xtal_47.cif,./U3Si5/99/xtal_47.cif,-90.641495,40.78006
xtal_48.cif,./U3Si5/99/xtal_48.cif,16.828688,73.77744
xtal_5.cif,./U3Si5/99/xtal_5.cif,-85.63129,57.438526
xtal_51.cif,./U3Si5/99/xtal_51.cif,46.512318,69.72019
xtal_52.cif,./U3Si5/99/xtal_52.cif,41.835556,73.71902
xtal_54.cif,./U3Si5/99/xtal_54.cif,-79.37619,65.15703
xtal_55.cif,./U3Si5/99/xtal_55.cif,-44.142033,-51.82722
xtal_56.cif,./U3Si5/99/xtal_56.cif,-73.42749,52.293846
xtal_57.cif,./U3Si5/99/xtal_57.cif,-3.7104168,6.396844
xtal_59.cif,./U3Si5/99/xtal_59.cif,34.95659,79.089096
xtal_6.cif,./U3Si5/99/xtal_6.cif,-45.249664,87.49712
xtal_60.cif,./U3Si5/99/xtal_60.cif,-77.93691,4.2827516
xtal_61.cif,./U3Si5/99/xtal_61.cif,45.54729,96.808426
xtal_62.cif,./U3Si5/99/xtal_62.cif,11.061885,40.084335
xtal_66.cif,./U3Si5/99/xtal_66.cif,39.89192,98.42627
xtal_70.cif,./U3Si5/99/xtal_70.cif,20.243992,53.404354
xtal_71.cif,./U3Si5/99/xtal_71.cif,25.777266,84.96963
xtal_74.cif,./U3Si5/99/xtal_74.cif,13.801777,-42.732597
xtal_75.cif,./U3Si5/99/xtal_75.cif,-35.68729,-9.054332
xtal_76.cif,./U3Si5/99/xtal_76.cif,-3.6287467,-23.27182
xtal_77.cif,./U3Si5/99/xtal_77.cif,-6.050254,110.1161
xtal_81.cif,./U3Si5/99/xtal_81.cif,-57.772743,53.16308
xtal_82.cif,./U3Si5/99/xtal_82.cif,26.5873,3.369923
xtal_83.cif,./U3Si5/99/xtal_83.cif,39.528915,-93.90003
xtal_86.cif,./U3Si5/99/xtal_86.cif,36.787544,74.40245
xtal_87.cif,./U3Si5/99/xtal_87.cif,-80.17073,8.521922
xtal_88.cif,./U3Si5/99/xtal_88.cif,-12.681939,-13.254178
xtal_89.cif,./U3Si5/99/xtal_89.cif,-73.84115,-63.18833
xtal_90.cif,./U3Si5/99/xtal_90.cif,-65.30866,76.553215
xtal_92.cif,./U3Si5/99/xtal_92.cif,-75.72008,24.143156
xtal_93.cif,./U3Si5/99/xtal_93.cif,33.818317,75.3953
xtal_94.cif,./U3Si5/99/xtal_94.cif,13.838249,41.55427
xtal_95.cif,./U3Si5/99/xtal_95.cif,-49.54601,-50.504864
xtal_96.cif,./U3Si5/99/xtal_96.cif,-2.5101833,1.267063
xtal_97.cif,./U3Si5/99/xtal_97.cif,-50.32541,-39.491207
xtal_98.cif,./U3Si5/99/xtal_98.cif,-51.48178,82.408875
xtal_11.cif,./U3Si5/100/xtal_11.cif,-53.662704,76.58679
xtal_12.cif,./U3Si5/100/xtal_12.cif,25.11185,69.164604
xtal_15.cif,./U3Si5/100/xtal_15.cif,-37.550137,82.379944
xtal_19.cif,./U3Si5/100/xtal_19.cif,-76.16435,47.17918
xtal_22.cif,./U3Si5/100/xtal_22.cif,-77.0745,47.622417
xtal_23.cif,./U3Si5/100/xtal_23.cif,29.205355,28.964092
xtal_24.cif,./U3Si5/100/xtal_24.cif,18.571442,73.909065
xtal_28.cif,./U3Si5/100/xtal_28.cif,7.1679263,107.99624
xtal_3.cif,./U3Si5/100/xtal_3.cif,43.987415,94.24805
xtal_32.cif,./U3Si5/100/xtal_32.cif,48.233295,61.465176
xtal_35.cif,./U3Si5/100/xtal_35.cif,1.3557895,112.54383
xtal_4.cif,./U3Si5/100/xtal_4.cif,-74.21433,65.429855
xtal_41.cif,./U3Si5/100/xtal_41.cif,34.029507,84.50166
xtal_42.cif,./U3Si5/100/xtal_42.cif,41.60563,97.98764
xtal_45.cif,./U3Si5/100/xtal_45.cif,20.21875,71.97317
xtal_46.cif,./U3Si5/100/xtal_46.cif,-89.72266,40.773453
xtal_48.cif,./U3Si5/100/xtal_48.cif,-80.11557,65.47899
xtal_52.cif,./U3Si5/100/xtal_52.cif,16.308825,73.51924
xtal_54.cif,./U3Si5/100/xtal_54.cif,-7.7306533,30.163143
xtal_57.cif,./U3Si5/100/xtal_57.cif,45.423096,78.22747
xtal_59.cif,./U3Si5/100/xtal_59.cif,36.40732,78.13426
xtal_6.cif,./U3Si5/100/xtal_6.cif,46.261433,98.22665
xtal_62.cif,./U3Si5/100/xtal_62.cif,89.84705,12.670862
xtal_63.cif,./U3Si5/100/xtal_63.cif,35.246742,94.06317
xtal_64.cif,./U3Si5/100/xtal_64.cif,19.386116,-9.703284
xtal_66.cif,./U3Si5/100/xtal_66.cif,-91.3862,-14.401415
xtal_68.cif,./U3Si5/100/xtal_68.cif,0.71777576,38.166046
xtal_69.cif,./U3Si5/100/xtal_69.cif,43.95243,98.34566
xtal_75.cif,./U3Si5/100/xtal_75.cif,31.191002,87.9757
xtal_76.cif,./U3Si5/100/xtal_76.cif,-52.31722,21.575768
xtal_78.cif,./U3Si5/100/xtal_78.cif,24.94452,86.88978
xtal_80.cif,./U3Si5/100/xtal_80.cif,-24.12454,-27.639776
xtal_82.cif,./U3Si5/100/xtal_82.cif,-8.462908,3.483493
xtal_84.cif,./U3Si5/100/xtal_84.cif,19.403429,72.13348
xtal_88.cif,./U3Si5/100/xtal_88.cif,22.442791,72.27094
xtal_9.cif,./U3Si5/100/xtal_9.cif,-1.657511,9.5642185
xtal_90.cif,./U3Si5/100/xtal_90.cif,25.513298,70.95848
xtal_92.cif,./U3Si5/100/xtal_92.cif,-17.533772,108.15481
xtal_94.cif,./U3Si5/100/xtal_94.cif,27.424177,80.10449
xtal_97.cif,./U3Si5/100/xtal_97.cif,40.341465,77.43528
xtal_98.cif,./U3Si5/100/xtal_98.cif,5.0773716,48.93477
xtal_99.cif,./U3Si5/100/xtal_99.cif,46.199398,98.22694
xtal_13.cif,./U3Si5/101/xtal_13.cif,3.9261315,1.6691604
xtal_28.cif,./U3Si5/101/xtal_28.cif,-71.93554,71.628525
xtal_30.cif,./U3Si5/101/xtal_30.cif,33.10042,89.0295
xtal_32.cif,./U3Si5/101/xtal_32.cif,41.89666,92.43158
xtal_36.cif,./U3Si5/101/xtal_36.cif,-77.40073,40.739067
xtal_5.cif,./U3Si5/101/xtal_5.cif,-28.427635,116.95865
xtal_7.cif,./U3Si5/101/xtal_7.cif,24.130283,55.232635
xtal_73.cif,./U3Si5/101/xtal_73.cif,24.769037,54.876015
xtal_74.cif,./U3Si5/101/xtal_74.cif,-33.723682,-83.850044
xtal_83.cif,./U3Si5/101/xtal_83.cif,8.618008,99.983734
xtal_87.cif,./U3Si5/101/xtal_87.cif,-3.5149255,-11.347995
xtal_93.cif,./U3Si5/101/xtal_93.cif,45.36449,-55.997242
xtal_14.cif,./U3Si5/102/xtal_14.cif,-6.0170283,-19.189043
xtal_15.cif,./U3Si5/102/xtal_15.cif,-75.16507,62.17483
xtal_17.cif,./U3Si5/102/xtal_17.cif,-83.21357,8.405243
xtal_21.cif,./U3Si5/102/xtal_21.cif,49.207874,-78.945274
xtal_25.cif,./U3Si5/102/xtal_25.cif,-6.3889637,9.120821
xtal_26.cif,./U3Si5/102/xtal_26.cif,-75.60772,21.40118
xtal_28.cif,./U3Si5/102/xtal_28.cif,8.663515,-25.569767
xtal_29.cif,./U3Si5/102/xtal_29.cif,2.2236037,37.255356
xtal_3.cif,./U3Si5/102/xtal_3.cif,57.616093,73.9143
xtal_32.cif,./U3Si5/102/xtal_32.cif,-50.440056,-35.664574
xtal_34.cif,./U3Si5/102/xtal_34.cif,13.849366,-41.146076
xtal_38.cif,./U3Si5/102/xtal_38.cif,26.07255,-14.09075
xtal_39.cif,./U3Si5/102/xtal_39.cif,-43.276585,-54.413338
xtal_4.cif,./U3Si5/102/xtal_4.cif,45.09201,77.22198
xtal_43.cif,./U3Si5/102/xtal_43.cif,-75.49672,-0.74434537
xtal_45.cif,./U3Si5/102/xtal_45.cif,29.732235,39.742764
xtal_5.cif,./U3Si5/102/xtal_5.cif,46.67591,78.31851
xtal_50.cif,./U3Si5/102/xtal_50.cif,-53.848854,73.53526
xtal_53.cif,./U3Si5/102/xtal_53.cif,10.335651,40.19516
xtal_54.cif,./U3Si5/102/xtal_54.cif,-83.499626,41.065723
xtal_56.cif,./U3Si5/102/xtal_56.cif,53.730415,69.58848
xtal_60.cif,./U3Si5/102/xtal_60.cif,46.85785,83.4573
xtal_61.cif,./U3Si5/102/xtal_61.cif,23.498802,45.967243
xtal_62.cif,./U3Si5/102/xtal_62.cif,-14.961854,42.373497
xtal_63.cif,./U3Si5/102/xtal_63.cif,-70.558624,-21.592503
xtal_66.cif,./U3Si5/102/xtal_66.cif,-12.01767,-87.69148
xtal_68.cif,./U3Si5/102/xtal_68.cif,-73.28727,35.973763
xtal_7.cif,./U3Si5/102/xtal_7.cif,6.1288996,110.63812
xtal_70.cif,./U3Si5/102/xtal_70.cif,-68.44637,-27.560692
xtal_72.cif,./U3Si5/102/xtal_72.cif,41.063095,90.098854
xtal_73.cif,./U3Si5/102/xtal_73.cif,26.962282,82.28001
xtal_76.cif,./U3Si5/102/xtal_76.cif,-15.483442,43.21946
xtal_79.cif,./U3Si5/102/xtal_79.cif,-80.73524,40.794136
xtal_8.cif,./U3Si5/102/xtal_8.cif,32.119995,83.98598
xtal_80.cif,./U3Si5/102/xtal_80.cif,-89.09337,48.932816
xtal_81.cif,./U3Si5/102/xtal_81.cif,-81.69217,40.711758
xtal_86.cif,./U3Si5/102/xtal_86.cif,-38.28726,84.47863
xtal_88.cif,./U3Si5/102/xtal_88.cif,11.821124,-23.491327
xtal_9.cif,./U3Si5/102/xtal_9.cif,-29.837744,106.604385
xtal_93.cif,./U3Si5/102/xtal_93.cif,9.455539,103.1466
xtal_94.cif,./U3Si5/102/xtal_94.cif,26.426142,85.93026
xtal_96.cif,./U3Si5/102/xtal_96.cif,13.966658,-25.247976
xtal_98.cif,./U3Si5/102/xtal_98.cif,27.736015,57.887646
xtal_1.cif,./U3Si5/103/xtal_1.cif,-79.179695,14.842463
xtal_10.cif,./U3Si5/103/xtal_10.cif,35.66455,95.422615
xtal_100.cif,./U3Si5/103/xtal_100.cif,-25.226036,-2.813528
xtal_11.cif,./U3Si5/103/xtal_11.cif,-51.408768,-27.20782
xtal_12.cif,./U3Si5/103/xtal_12.cif,16.629307,-6.524139
xtal_14.cif,./U3Si5/103/xtal_14.cif,-18.265703,101.48445
xtal_16.cif,./U3Si5/103/xtal_16.cif,-70.45662,5.713539
xtal_17.cif,./U3Si5/103/xtal_17.cif,117.687,7.022443
xtal_18.cif,./U3Si5/103/xtal_18.cif,-4.724582,2.451555
xtal_19.cif,./U3Si5/103/xtal_19.cif,0.1572302,33.29993
xtal_2.cif,./U3Si5/103/xtal_2.cif,25.362751,-34.15741
xtal_20.cif,./U3Si5/103/xtal_20.cif,-101.335266,0.5090504
xtal_21.cif,./U3Si5/103/xtal_21.cif,46.672432,41.703434
xtal_22.cif,./U3Si5/103/xtal_22.cif,-1.9034876,90.394714
xtal_23.cif,./U3Si5/103/xtal_23.cif,63.0032,-51.391243
xtal_24.cif,./U3Si5/103/xtal_24.cif,25.941359,85.48851
xtal_25.cif,./U3Si5/103/xtal_25.cif,18.489264,-14.545876
xtal_26.cif,./U3Si5/103/xtal_26.cif,-56.452816,83.65865
xtal_27.cif,./U3Si5/103/xtal_27.cif,43.95557,94.49306
xtal_28.cif,./U3Si5/103/xtal_28.cif,54.83551,-77.24105
xtal_29.cif,./U3Si5/103/xtal_29.cif,24.402622,7.6426005
xtal_3.cif,./U3Si5/103/xtal_3.cif,-81.97229,11.810901
xtal_30.cif,./U3Si5/103/xtal_30.cif,25.214523,38.187035
xtal_32.cif,./U3Si5/103/xtal_32.cif,-26.771667,-0.13596335
xtal_33.cif,./U3Si5/103/xtal_33.cif,16.386557,19.15981
xtal_34.cif,./U3Si5/103/xtal_34.cif,-9.922482,1.4669142
xtal_35.cif,./U3Si5/103/xtal_35.cif,25.077278,68.78914
xtal_37.cif,./U3Si5/103/xtal_37.cif,42.489822,97.6991
xtal_38.cif,./U3Si5/103/xtal_38.cif,-57.599823,-30.26619
xtal_39.cif,./U3Si5/103/xtal_39.cif,-48.857834,75.884636
xtal_4.cif,./U3Si5/103/xtal_4.cif,-64.62208,65.60723
xtal_40.cif,./U3Si5/103/xtal_40.cif,47.656063,43.401047
xtal_41.cif,./U3Si5/103/xtal_41.cif,-14.848842,109.992905
xtal_43.cif,./U3Si5/103/xtal_43.cif,-51.36631,84.78476
xtal_45.cif,./U3Si5/103/xtal_45.cif,-9.108947,-14.66516
xtal_47.cif,./U3Si5/103/xtal_47.cif,44.47164,96.0229
xtal_48.cif,./U3Si5/103/xtal_48.cif,12.67545,-31.792658
xtal_5.cif,./U3Si5/103/xtal_5.cif,-104.548386,-15.607676
xtal_50.cif,./U3Si5/103/xtal_50.cif,2.922892,4.8974314
xtal_51.cif,./U3Si5/103/xtal_51.cif,55.295555,-76.10003
xtal_53.cif,./U3Si5/103/xtal_53.cif,72.72225,-75.79932
xtal_54.cif,./U3Si5/103/xtal_54.cif,33.165405,92.06738
xtal_59.cif,./U3Si5/103/xtal_59.cif,10.067682,2.6288188
xtal_61.cif,./U3Si5/103/xtal_61.cif,6.6212654,-17.896559
xtal_62.cif,./U3Si5/103/xtal_62.cif,-10.017986,-16.789715
xtal_63.cif,./U3Si5/103/xtal_63.cif,12.384691,-41.449417
xtal_64.cif,./U3Si5/103/xtal_64.cif,-89.564835,48.658188
xtal_65.cif,./U3Si5/103/xtal_65.cif,-14.11975,86.69468
xtal_66.cif,./U3Si5/103/xtal_66.cif,-36.582733,-81.960075
xtal_67.cif,./U3Si5/103/xtal_67.cif,-68.16583,80.215385
xtal_68.cif,./U3Si5/103/xtal_68.cif,0.7700023,110.40174
xtal_69.cif,./U3Si5/103/xtal_69.cif,24.658083,86.90759
xtal_7.cif,./U3Si5/103/xtal_7.cif,-80.54975,23.482193
xtal_70.cif,./U3Si5/103/xtal_70.cif,-40.053017,101.636246
xtal_71.cif,./U3Si5/103/xtal_71.cif,45.982113,82.59685
xtal_72.cif,./U3Si5/103/xtal_72.cif,49.723576,-74.560455
xtal_73.cif,./U3Si5/103/xtal_73.cif,-8.338004,-22.9498
xtal_74.cif,./U3Si5/103/xtal_74.cif,44.340256,99.16711
xtal_75.cif,./U3Si5/103/xtal_75.cif,-60.073162,32.575756
xtal_76.cif,./U3Si5/103/xtal_76.cif,-74.513145,-31.821861
xtal_77.cif,./U3Si5/103/xtal_77.cif,-91.51123,37.454556
xtal_78.cif,./U3Si5/103/xtal_78.cif,-68.35949,79.86123
xtal_79.cif,./U3Si5/103/xtal_79.cif,10.431596,-30.69602
xtal_8.cif,./U3Si5/103/xtal_8.cif,-55.452362,79.910034
xtal_80.cif,./U3Si5/103/xtal_80.cif,-41.35896,80.577545
xtal_81.cif,./U3Si5/103/xtal_81.cif,-78.14701,63.789146
xtal_83.cif,./U3Si5/103/xtal_83.cif,30.688696,72.11297
xtal_84.cif,./U3Si5/103/xtal_84.cif,54.819,-77.5288
xtal_85.cif,./U3Si5/103/xtal_85.cif,-4.8613095,0.7600363
xtal_86.cif,./U3Si5/103/xtal_86.cif,-65.70168,59.937233
xtal_89.cif,./U3Si5/103/xtal_89.cif,37.524452,38.58551
xtal_9.cif,./U3Si5/103/xtal_9.cif,37.424503,78.16082
xtal_90.cif,./U3Si5/103/xtal_90.cif,10.518993,2.1254716
xtal_91.cif,./U3Si5/103/xtal_91.cif,26.238935,20.336794
xtal_92.cif,./U3Si5/103/xtal_92.cif,46.287376,98.28915
xtal_93.cif,./U3Si5/103/xtal_93.cif,54.71955,-77.783875
xtal_94.cif,./U3Si5/103/xtal_94.cif,46.289833,98.28688
xtal_95.cif,./U3Si5/103/xtal_95.cif,35.91649,-81.38947
xtal_96.cif,./U3Si5/103/xtal_96.cif,60.15178,-51.019543
xtal_97.cif,./U3Si5/103/xtal_97.cif,36.32249,42.075344
xtal_98.cif,./U3Si5/103/xtal_98.cif,-8.05621,-31.64967
xtal_99.cif,./U3Si5/103/xtal_99.cif,53.72443,-87.1593
xtal_100.cif,./U3Si5/104/xtal_100.cif,6.6069717,110.53628
xtal_11.cif,./U3Si5/104/xtal_11.cif,-79.0718,40.33613
xtal_12.cif,./U3Si5/104/xtal_12.cif,50.25666,64.24463
xtal_13.cif,./U3Si5/104/xtal_13.cif,7.207875,108.42028
xtal_15.cif,./U3Si5/104/xtal_15.cif,114.75893,7.4674444
xtal_17.cif,./U3Si5/104/xtal_17.cif,-45.686146,95.95441
xtal_21.cif,./U3Si5/104/xtal_21.cif,-52.75899,-30.114779
xtal_23.cif,./U3Si5/104/xtal_23.cif,-18.891766,91.614975
xtal_29.cif,./U3Si5/104/xtal_29.cif,-0.91297174,3.6848984
xtal_30.cif,./U3Si5/104/xtal_30.cif,22.641022,-31.96041
xtal_31.cif,./U3Si5/104/xtal_31.cif,43.980804,94.31575
xtal_33.cif,./U3Si5/104/xtal_33.cif,-97.518875,34.35333
xtal_36.cif,./U3Si5/104/xtal_36.cif,-11.839141,0.55799466
xtal_44.cif,./U3Si5/104/xtal_44.cif,6.7612886,47.263084
xtal_45.cif,./U3Si5/104/xtal_45.cif,-79.0889,9.234081
xtal_46.cif,./U3Si5/104/xtal_46.cif,-79.7463,26.266083
xtal_49.cif,./U3Si5/104/xtal_49.cif,62.390816,-0.63193387
xtal_52.cif,./U3Si5/104/xtal_52.cif,-37.22673,-10.3843
xtal_53.cif,./U3Si5/104/xtal_53.cif,45.238052,74.67129
xtal_55.cif,./U3Si5/104/xtal_55.cif,12.05384,-37.99397
xtal_59.cif,./U3Si5/104/xtal_59.cif,43.966618,94.34047
xtal_60.cif,./U3Si5/104/xtal_60.cif,38.74821,-8.358501
xtal_73.cif,./U3Si5/104/xtal_73.cif,-68.61842,15.324788
xtal_74.cif,./U3Si5/104/xtal_74.cif,9.65169,105.23739
xtal_78.cif,./U3Si5/104/xtal_78.cif,46.80767,76.72025
xtal_79.cif,./U3Si5/104/xtal_79.cif,45.26652,96.77397
xtal_80.cif,./U3Si5/104/xtal_80.cif,46.26115,83.16628
xtal_81.cif,./U3Si5/104/xtal_81.cif,-48.707314,95.273796
xtal_89.cif,./U3Si5/104/xtal_89.cif,32.833218,83.88089
xtal_92.cif,./U3Si5/104/xtal_92.cif,-75.259514,62.720997
xtal_95.cif,./U3Si5/104/xtal_95.cif,16.04295,-44.96913
xtal_96.cif,./U3Si5/104/xtal_96.cif,-76.35947,-64.01165
xtal_97.cif,./U3Si5/104/xtal_97.cif,20.282818,76.69564
xtal_10.cif,./U3Si5/105/xtal_10.cif,7.5975704,-0.24508251
xtal_100.cif,./U3Si5/105/xtal_100.cif,-100.20725,16.146347
xtal_14.cif,./U3Si5/105/xtal_14.cif,-84.52177,28.506697
xtal_17.cif,./U3Si5/105/xtal_17.cif,71.25657,-54.325542
xtal_18.cif,./U3Si5/105/xtal_18.cif,33.697155,78.72106
xtal_2.cif,./U3Si5/105/xtal_2.cif,-89.14164,-15.361683
xtal_20.cif,./U3Si5/105/xtal_20.cif,-78.66215,-37.2297
xtal_24.cif,./U3Si5/105/xtal_24.cif,30.364529,40.197914
xtal_26.cif,./U3Si5/105/xtal_26.cif,7.1497083,-11.493732
xtal_29.cif,./U3Si5/105/xtal_29.cif,26.031591,-80.835846
xtal_30.cif,./U3Si5/105/xtal_30.cif,-90.56127,-0.20449127
xtal_31.cif,./U3Si5/105/xtal_31.cif,-7.852731,69.384125
xtal_33.cif,./U3Si5/105/xtal_33.cif,-71.44448,-40.45758
xtal_34.cif,./U3Si5/105/xtal_34.cif,-55.90156,78.85112
xtal_37.cif,./U3Si5/105/xtal_37.cif,20.107002,53.263535
xtal_4.cif,./U3Si5/105/xtal_4.cif,0.92784894,-73.25112
xtal_41.cif,./U3Si5/105/xtal_41.cif,-10.259373,1.6408054
xtal_44.cif,./U3Si5/105/xtal_44.cif,-54.350704,65.87614
xtal_45.cif,./U3Si5/105/xtal_45.cif,-78.666245,28.264313
xtal_47.cif,./U3Si5/105/xtal_47.cif,-24.94841,-37.038822
xtal_48.cif,./U3Si5/105/xtal_48.cif,-40.438766,103.50059
xtal_49.cif,./U3Si5/105/xtal_49.cif,17.651585,-83.46534
xtal_50.cif,./U3Si5/105/xtal_50.cif,13.338613,25.354929
xtal_52.cif,./U3Si5/105/xtal_52.cif,-74.07281,1.3530223
xtal_54.cif,./U3Si5/105/xtal_54.cif,65.53726,-65.595184
xtal_57.cif,./U3Si5/105/xtal_57.cif,-60.630753,55.249863
xtal_63.cif,./U3Si5/105/xtal_63.cif,-98.0956,30.60273
xtal_64.cif,./U3Si5/105/xtal_64.cif,-70.016396,5.138432
xtal_65.cif,./U3Si5/105/xtal_65.cif,24.365175,51.66489
xtal_66.cif,./U3Si5/105/xtal_66.cif,-24.719778,-32.520252
xtal_67.cif,./U3Si5/105/xtal_67.cif,37.962154,-94.8698
xtal_69.cif,./U3Si5/105/xtal_69.cif,27.144512,19.546606
xtal_7.cif,./U3Si5/105/xtal_7.cif,-70.50355,-63.774734
xtal_71.cif,./U3Si5/105/xtal_71.cif,-8.422438,-85.10382
xtal_74.cif,./U3Si5/105/xtal_74.cif,106.16799,-34.38593
xtal_75.cif,./U3Si5/105/xtal_75.cif,-33.35737,53.295193
xtal_77.cif,./U3Si5/105/xtal_77.cif,-25.305462,-29.280659
xtal_78.cif,./U3Si5/105/xtal_78.cif,33.820732,89.70139
xtal_79.cif,./U3Si5/105/xtal_79.cif,7.3809967,106.975784
xtal_8.cif,./U3Si5/105/xtal_8.cif,-20.256617,108.788086
xtal_80.cif,./U3Si5/105/xtal_80.cif,11.072947,100.654945
xtal_83.cif,./U3Si5/105/xtal_83.cif,27.970055,-35.131622
xtal_84.cif,./U3Si5/105/xtal_84.cif,-56.91554,53.059418
xtal_86.cif,./U3Si5/105/xtal_86.cif,-12.606331,-97.51306
xtal_88.cif,./U3Si5/105/xtal_88.cif,30.613005,-70.42801
xtal_9.cif,./U3Si5/105/xtal_9.cif,25.599516,-47.67098
xtal_91.cif,./U3Si5/105/xtal_91.cif,22.164925,-47.62557
xtal_94.cif,./U3Si5/105/xtal_94.cif,12.161943,-36.337265
xtal_95.cif,./U3Si5/105/xtal_95.cif,4.4139075,50.809097
xtal_99.cif,./U3Si5/105/xtal_99.cif,45.950367,-60.580246
xtal_12.cif,./U3Si5/107/xtal_12.cif,25.85451,30.299898
xtal_13.cif,./U3Si5/107/xtal_13.cif,-23.715189,105.54508
xtal_15.cif,./U3Si5/107/xtal_15.cif,-10.549962,31.594618
xtal_17.cif,./U3Si5/107/xtal_17.cif,16.840408,26.136497
xtal_2.cif,./U3Si5/107/xtal_2.cif,61.98457,-52.115715
xtal_23.cif,./U3Si5/107/xtal_23.cif,4.8593736,48.67603
xtal_28.cif,./U3Si5/107/xtal_28.cif,-35.770905,106.27316
xtal_3.cif,./U3Si5/107/xtal_3.cif,5.9233356,36.027916
xtal_33.cif,./U3Si5/107/xtal_33.cif,-20.265184,109.74157
xtal_34.cif,./U3Si5/107/xtal_34.cif,-13.767362,28.752487
xtal_36.cif,./U3Si5/107/xtal_36.cif,44.903496,74.704025
xtal_38.cif,./U3Si5/107/xtal_38.cif,56.287323,-79.79596
xtal_4.cif,./U3Si5/107/xtal_4.cif,17.443762,70.833496
xtal_40.cif,./U3Si5/107/xtal_40.cif,-35.018127,28.035404
xtal_42.cif,./U3Si5/107/xtal_42.cif,44.5899,82.004906
xtal_45.cif,./U3Si5/107/xtal_45.cif,-65.3049,58.121593
xtal_49.cif,./U3Si5/107/xtal_49.cif,8.6978245,33.654972
xtal_5.cif,./U3Si5/107/xtal_5.cif,27.372002,86.130196
xtal_52.cif,./U3Si5/107/xtal_52.cif,38.197975,88.89441
xtal_53.cif,./U3Si5/107/xtal_53.cif,-46.968117,85.59505
xtal_56.cif,./U3Si5/107/xtal_56.cif,34.61709,94.98138
xtal_6.cif,./U3Si5/107/xtal_6.cif,44.59457,80.11775
xtal_62.cif,./U3Si5/107/xtal_62.cif,-38.62716,92.959724
xtal_64.cif,./U3Si5/107/xtal_64.cif,115.86363,29.104956
xtal_67.cif,./U3Si5/107/xtal_67.cif,70.40781,-3.8693926
xtal_7.cif,./U3Si5/107/xtal_7.cif,-55.981808,82.815445
xtal_74.cif,./U3Si5/107/xtal_74.cif,29.733252,34.606106
xtal_75.cif,./U3Si5/107/xtal_75.cif,47.981003,55.982197
xtal_79.cif,./U3Si5/107/xtal_79.cif,-7.906679,-102.42282
xtal_80.cif,./U3Si5/107/xtal_80.cif,52.31949,-81.806625
xtal_81.cif,./U3Si5/107/xtal_81.cif,-78.90036,29.491308
xtal_86.cif,./U3Si5/107/xtal_86.cif,-73.86845,36.672985
xtal_87.cif,./U3Si5/107/xtal_87.cif,47.06472,77.46751
xtal_90.cif,./U3Si5/107/xtal_90.cif,-10.011363,-10.057102
xtal_93.cif,./U3Si5/107/xtal_93.cif,6.158465,35.600307
xtal_1.cif,./U3Si5/111/xtal_1.cif,-37.987637,43.586803
xtal_100.cif,./U3Si5/111/xtal_100.cif,50.881874,-2.245394
xtal_16.cif,./U3Si5/111/xtal_16.cif,75.290016,12.26448
xtal_2.cif,./U3Si5/111/xtal_2.cif,-59.59058,71.854935
xtal_20.cif,./U3Si5/111/xtal_20.cif,-86.16544,-2.8043435
xtal_24.cif,./U3Si5/111/xtal_24.cif,-81.119385,58.2049
xtal_27.cif,./U3Si5/111/xtal_27.cif,39.313286,-19.80846
xtal_28.cif,./U3Si5/111/xtal_28.cif,-87.644035,23.693586
xtal_29.cif,./U3Si5/111/xtal_29.cif,-79.57678,-0.3533109
xtal_31.cif,./U3Si5/111/xtal_31.cif,-35.23322,81.38452
xtal_32.cif,./U3Si5/111/xtal_32.cif,-80.17469,27.065313
xtal_34.cif,./U3Si5/111/xtal_34.cif,-36.79863,40.2794
xtal_43.cif,./U3Si5/111/xtal_43.cif,-71.65696,60.247124
xtal_45.cif,./U3Si5/111/xtal_45.cif,-24.411362,-87.53937
xtal_48.cif,./U3Si5/111/xtal_48.cif,-94.609375,33.620823
xtal_5.cif,./U3Si5/111/xtal_5.cif,-73.61976,66.161514
xtal_53.cif,./U3Si5/111/xtal_53.cif,96.07501,43.649323
xtal_54.cif,./U3Si5/111/xtal_54.cif,46.236694,-43.53879
xtal_59.cif,./U3Si5/111/xtal_59.cif,96.75517,40.658283
xtal_6.cif,./U3Si5/111/xtal_6.cif,-17.993471,-21.076347
xtal_62.cif,./U3Si5/111/xtal_62.cif,-51.476555,84.6332
xtal_65.cif,./U3Si5/111/xtal_65.cif,71.5636,28.382547
xtal_69.cif,./U3Si5/111/xtal_69.cif,-10.25286,-82.726715
xtal_70.cif,./U3Si5/111/xtal_70.cif,46.212856,-17.02074
xtal_71.cif,./U3Si5/111/xtal_71.cif,-97.308426,5.019541
xtal_73.cif,./U3Si5/111/xtal_73.cif,74.5948,10.862441
xtal_76.cif,./U3Si5/111/xtal_76.cif,-6.349357,73.870155
xtal_77.cif,./U3Si5/111/xtal_77.cif,-9.750768,-32.997646
xtal_80.cif,./U3Si5/111/xtal_80.cif,-10.938389,110.420746
xtal_82.cif,./U3Si5/111/xtal_82.cif,49.908096,-17.983505
xtal_85.cif,./U3Si5/111/xtal_85.cif,-44.667126,94.44541
xtal_86.cif,./U3Si5/111/xtal_86.cif,-47.115448,-67.82132
xtal_87.cif,./U3Si5/111/xtal_87.cif,53.235306,-43.77582
xtal_88.cif,./U3Si5/111/xtal_88.cif,-85.85118,29.112452
xtal_9.cif,./U3Si5/111/xtal_9.cif,7.9073877,105.87663
xtal_94.cif,./U3Si5/111/xtal_94.cif,-87.47183,23.688051
xtal_95.cif,./U3Si5/111/xtal_95.cif,-8.707866,-52.676743
xtal_98.cif,./U3Si5/111/xtal_98.cif,-41.04414,-81.38711
xtal_1.cif,./U3Si5/112/xtal_1.cif,-65.1605,76.53207
xtal_10.cif,./U3Si5/112/xtal_10.cif,46.180557,-59.093876
xtal_11.cif,./U3Si5/112/xtal_11.cif,-1.0730001,-25.747421
xtal_12.cif,./U3Si5/112/xtal_12.cif,61.848557,-72.59788
xtal_13.cif,./U3Si5/112/xtal_13.cif,100.26733,-20.484621
xtal_14.cif,./U3Si5/112/xtal_14.cif,-45.03267,-48.997837
xtal_15.cif,./U3Si5/112/xtal_15.cif,-39.301853,93.75338
xtal_16.cif,./U3Si5/112/xtal_16.cif,20.091337,-35.300762
xtal_17.cif,./U3Si5/112/xtal_17.cif,-91.56422,30.609179
xtal_18.cif,./U3Si5/112/xtal_18.cif,22.699535,-57.437126
xtal_19.cif,./U3Si5/112/xtal_19.cif,-58.463,-32.47889
xtal_2.cif,./U3Si5/112/xtal_2.cif,59.549503,30.326527
xtal_20.cif,./U3Si5/112/xtal_20.cif,62.82334,27.273937
xtal_21.cif,./U3Si5/112/xtal_21.cif,30.172205,-71.13473
xtal_22.cif,./U3Si5/112/xtal_22.cif,-9.686341,27.723314
xtal_23.cif,./U3Si5/112/xtal_23.cif,-52.896564,-40.433064
xtal_24.cif,./U3Si5/112/xtal_24.cif,14.247085,-39.648888
xtal_26.cif,./U3Si5/112/xtal_26.cif,-27.195427,-80.60408
xtal_27.cif,./U3Si5/112/xtal_27.cif,-95.276924,26.499289
xtal_28.cif,./U3Si5/112/xtal_28.cif,30.63969,-57.793636
xtal_29.cif,./U3Si5/112/xtal_29.cif,-78.037964,29.597752
xtal_3.cif,./U3Si5/112/xtal_3.cif,-48.85226,-62.016495
xtal_30.cif,./U3Si5/112/xtal_30.cif,-13.001184,-12.70208
xtal_31.cif,./U3Si5/112/xtal_31.cif,-75.66012,-48.95289
xtal_32.cif,./U3Si5/112/xtal_32.cif,-73.558174,-63.217068
xtal_33.cif,./U3Si5/112/xtal_33.cif,-69.154884,-26.838472
xtal_34.cif,./U3Si5/112/xtal_34.cif,-85.14974,56.993397
xtal_35.cif,./U3Si5/112/xtal_35.cif,101.88492,-18.18753
xtal_36.cif,./U3Si5/112/xtal_36.cif,-1.752102,-72.56818
xtal_37.cif,./U3Si5/112/xtal_37.cif,-51.475693,-29.74935
xtal_38.cif,./U3Si5/112/xtal_38.cif,31.378925,-58.27799
xtal_39.cif,./U3Si5/112/xtal_39.cif,58.909615,39.194637
xtal_4.cif,./U3Si5/112/xtal_4.cif,65.09494,-49.44398
xtal_40.cif,./U3Si5/112/xtal_40.cif,-9.095343,-97.32402
xtal_41.cif,./U3Si5/112/xtal_41.cif,-97.66307,10.349895
xtal_42.cif,./U3Si5/112/xtal_42.cif,-50.597794,-50.26359
xtal_43.cif,./U3Si5/112/xtal_43.cif,-75.503685,-40.8439
xtal_44.cif,./U3Si5/112/xtal_44.cif,84.764175,-67.735466
xtal_45.cif,./U3Si5/112/xtal_45.cif,29.922213,72.63747
xtal_46.cif,./U3Si5/112/xtal_46.cif,-11.478264,-99.53199
xtal_47.cif,./U3Si5/112/xtal_47.cif,64.508736,-29.402388
xtal_48.cif,./U3Si5/112/xtal_48.cif,44.99276,-93.28767
xtal_49.cif,./U3Si5/112/xtal_49.cif,-19.573614,15.324195
xtal_5.cif,./U3Si5/112/xtal_5.cif,25.219986,-46.17192
xtal_50.cif,./U3Si5/112/xtal_50.cif,4.3187127,-84.27065
xtal_51.cif,./U3Si5/112/xtal_51.cif,-75.79064,-47.260464
xtal_52.cif,./U3Si5/112/xtal_52.cif,17.04064,-4.03721
xtal_53.cif,./U3Si5/112/xtal_53.cif,80.86331,-45.2017
xtal_54.cif,./U3Si5/112/xtal_54.cif,-46.75624,-47.807533
xtal_55.cif,./U3Si5/112/xtal_55.cif,-82.82706,21.332815
xtal_56.cif,./U3Si5/112/xtal_56.cif,70.84487,-78.83671
xtal_57.cif,./U3Si5/112/xtal_57.cif,-30.12682,68.79021
xtal_58.cif,./U3Si5/112/xtal_58.cif,-10.996972,-9.86437
xtal_59.cif,./U3Si5/112/xtal_59.cif,-8.169603,-79.32675
xtal_6.cif,./U3Si5/112/xtal_6.cif,-79.343,33.77421
xtal_60.cif,./U3Si5/112/xtal_60.cif,12.189863,-35.236816
xtal_61.cif,./U3Si5/112/xtal_61.cif,-6.176564,-19.841827
xtal_62.cif,./U3Si5/112/xtal_62.cif,-31.83028,-28.570452
xtal_63.cif,./U3Si5/112/xtal_63.cif,67.04892,34.95751
xtal_64.cif,./U3Si5/112/xtal_64.cif,32.481525,-91.45765
xtal_66.cif,./U3Si5/112/xtal_66.cif,-48.315277,-60.934994
xtal_67.cif,./U3Si5/112/xtal_67.cif,-9.613978,-65.76482
xtal_68.cif,./U3Si5/112/xtal_68.cif,-74.73274,60.1198
xtal_69.cif,./U3Si5/112/xtal_69.cif,-80.58218,59.333317
xtal_7.cif,./U3Si5/112/xtal_7.cif,66.24455,-7.0127225
xtal_70.cif,./U3Si5/112/xtal_70.cif,-40.518753,-58.72062
xtal_71.cif,./U3Si5/112/xtal_71.cif,17.171545,-27.845968
xtal_72.cif,./U3Si5/112/xtal_72.cif,-85.00021,-19.657854
xtal_73.cif,./U3Si5/112/xtal_73.cif,63.985134,-74.94289
xtal_75.cif,./U3Si5/112/xtal_75.cif,-3.7678838,-13.071287
xtal_76.cif,./U3Si5/112/xtal_76.cif,-65.164734,76.7911
xtal_77.cif,./U3Si5/112/xtal_77.cif,-71.407646,-2.938123
xtal_78.cif,./U3Si5/112/xtal_78.cif,55.505337,-79.16053
xtal_79.cif,./U3Si5/112/xtal_79.cif,29.846989,-78.43863
xtal_8.cif,./U3Si5/112/xtal_8.cif,84.66175,-74.419914
xtal_80.cif,./U3Si5/112/xtal_80.cif,-91.30922,44.703587
xtal_81.cif,./U3Si5/112/xtal_81.cif,-18.623081,63.60944
xtal_82.cif,./U3Si5/112/xtal_82.cif,20.822865,-59.551636
xtal_83.cif,./U3Si5/112/xtal_83.cif,-71.91628,-33.611813
xtal_84.cif,./U3Si5/112/xtal_84.cif,17.57302,17.044052
xtal_85.cif,./U3Si5/112/xtal_85.cif,23.279922,-37.910614
xtal_86.cif,./U3Si5/112/xtal_86.cif,-87.390465,-0.090621084
xtal_87.cif,./U3Si5/112/xtal_87.cif,-30.671728,81.70962
xtal_88.cif,./U3Si5/112/xtal_88.cif,-6.3615212,-47.963905
xtal_89.cif,./U3Si5/112/xtal_89.cif,-42.71366,-53.052086
xtal_9.cif,./U3Si5/112/xtal_9.cif,-38.128586,-72.62985
xtal_90.cif,./U3Si5/112/xtal_90.cif,53.077946,-51.598034
xtal_91.cif,./U3Si5/112/xtal_91.cif,-9.131489,-96.20971
xtal_92.cif,./U3Si5/112/xtal_92.cif,-98.789536,1.936651
xtal_93.cif,./U3Si5/112/xtal_93.cif,76.24438,-77.822075
xtal_94.cif,./U3Si5/112/xtal_94.cif,84.144035,-3.4059176
xtal_96.cif,./U3Si5/112/xtal_96.cif,80.75432,-41.207195
xtal_97.cif,./U3Si5/112/xtal_97.cif,54.921875,-89.58379
xtal_98.cif,./U3Si5/112/xtal_98.cif,17.730553,-102.08546
xtal_99.cif,./U3Si5/112/xtal_99.cif,75.17247,-55.85035
xtal_1.cif,./U3Si5/113/xtal_1.cif,-33.479153,106.04619
xtal_10.cif,./U3Si5/113/xtal_10.cif,-11.888439,-15.157354
xtal_11.cif,./U3Si5/113/xtal_11.cif,-65.417274,80.65009
xtal_12.cif,./U3Si5/113/xtal_12.cif,-61.94553,65.56187
xtal_13.cif,./U3Si5/113/xtal_13.cif,-44.76452,-48.882557
xtal_14.cif,./U3Si5/113/xtal_14.cif,-40.056694,-63.45442
xtal_15.cif,./U3Si5/113/xtal_15.cif,-76.24675,58.42413
xtal_18.cif,./U3Si5/113/xtal_18.cif,14.832181,-40.26307
xtal_19.cif,./U3Si5/113/xtal_19.cif,-81.896904,-4.21252
xtal_2.cif,./U3Si5/113/xtal_2.cif,42.728546,-46.666874
xtal_20.cif,./U3Si5/113/xtal_20.cif,-54.43292,-27.865614
xtal_24.cif,./U3Si5/113/xtal_24.cif,-28.75885,-34.906643
xtal_27.cif,./U3Si5/113/xtal_27.cif,-84.8511,38.51075
xtal_3.cif,./U3Si5/113/xtal_3.cif,8.208469,-97.72321
xtal_31.cif,./U3Si5/113/xtal_31.cif,23.759823,-6.954757
xtal_34.cif,./U3Si5/113/xtal_34.cif,-89.498695,39.193665
xtal_36.cif,./U3Si5/113/xtal_36.cif,-16.31056,-29.130816
xtal_39.cif,./U3Si5/113/xtal_39.cif,-88.32597,-1.6100295
xtal_4.cif,./U3Si5/113/xtal_4.cif,-84.569916,46.859386
xtal_40.cif,./U3Si5/113/xtal_40.cif,-48.843998,94.892784
xtal_44.cif,./U3Si5/113/xtal_44.cif,9.249517,27.889498
xtal_45.cif,./U3Si5/113/xtal_45.cif,9.04357,105.94812
xtal_46.cif,./U3Si5/113/xtal_46.cif,-74.21953,62.260517
xtal_47.cif,./U3Si5/113/xtal_47.cif,-1.8401821,-93.8012
xtal_48.cif,./U3Si5/113/xtal_48.cif,33.03565,-86.254326
xtal_49.cif,./U3Si5/113/xtal_49.cif,40.031063,-22.838802
xtal_50.cif,./U3Si5/113/xtal_50.cif,-58.025692,-32.20936
xtal_51.cif,./U3Si5/113/xtal_51.cif,-63.080204,64.498726
xtal_52.cif,./U3Si5/113/xtal_52.cif,44.83817,-93.876045
xtal_53.cif,./U3Si5/113/xtal_53.cif,-39.059532,94.196495
xtal_55.cif,./U3Si5/113/xtal_55.cif,-26.278828,-36.724766
xtal_58.cif,./U3Si5/113/xtal_58.cif,-4.6033473,-30.192492
xtal_59.cif,./U3Si5/113/xtal_59.cif,-29.432371,-35.771862
xtal_6.cif,./U3Si5/113/xtal_6.cif,-90.8093,31.828173
xtal_60.cif,./U3Si5/113/xtal_60.cif,-3.5278995,-21.8719
xtal_61.cif,./U3Si5/113/xtal_61.cif,-100.810394,-1.177928
xtal_62.cif,./U3Si5/113/xtal_62.cif,-59.88956,-30.78594
xtal_63.cif,./U3Si5/113/xtal_63.cif,-4.775837,-9.214272
xtal_64.cif,./U3Si5/113/xtal_64.cif,22.145697,13.4764385
xtal_66.cif,./U3Si5/113/xtal_66.cif,-0.9527748,-103.98444
xtal_68.cif,./U3Si5/113/xtal_68.cif,22.809196,-97.18247
xtal_70.cif,./U3Si5/113/xtal_70.cif,-41.042942,80.2612
xtal_73.cif,./U3Si5/113/xtal_73.cif,-20.243687,96.31297
xtal_74.cif,./U3Si5/113/xtal_74.cif,30.72549,-21.141787
xtal_75.cif,./U3Si5/113/xtal_75.cif,-40.483597,104.003975
xtal_76.cif,./U3Si5/113/xtal_76.cif,-77.54903,5.601902
xtal_78.cif,./U3Si5/113/xtal_78.cif,-55.675533,-77.015015
xtal_79.cif,./U3Si5/113/xtal_79.cif,-112.0934,2.768952
xtal_80.cif,./U3Si5/113/xtal_80.cif,62.084335,-52.12948
xtal_83.cif,./U3Si5/113/xtal_83.cif,-69.53159,73.79425
xtal_84.cif,./U3Si5/113/xtal_84.cif,-25.155867,-1.2233944
xtal_86.cif,./U3Si5/113/xtal_86.cif,-22.602423,-59.48755
xtal_87.cif,./U3Si5/113/xtal_87.cif,-5.22521,105.31334
xtal_89.cif,./U3Si5/113/xtal_89.cif,-17.462257,52.246475
xtal_9.cif,./U3Si5/113/xtal_9.cif,-84.791565,59.19248
xtal_91.cif,./U3Si5/113/xtal_91.cif,-72.77819,66.73997
xtal_93.cif,./U3Si5/113/xtal_93.cif,7.504221,100.71506
xtal_94.cif,./U3Si5/113/xtal_94.cif,-43.224827,41.78177
xtal_95.cif,./U3Si5/113/xtal_95.cif,22.196537,9.585398
xtal_96.cif,./U3Si5/113/xtal_96.cif,20.121696,12.883237
xtal_97.cif,./U3Si5/113/xtal_97.cif,-26.301743,52.791744
xtal_98.cif,./U3Si5/113/xtal_98.cif,-57.521336,-38.911366
xtal_99.cif,./U3Si5/113/xtal_99.cif,-76.395256,49.03562
xtal_10.cif,./U3Si5/114/xtal_10.cif,61.540043,-75.388695
xtal_100.cif,./U3Si5/114/xtal_100.cif,-74.25846,5.4011083
xtal_12.cif,./U3Si5/114/xtal_12.cif,-14.612895,110.11065
xtal_13.cif,./U3Si5/114/xtal_13.cif,39.035736,-17.623646
xtal_15.cif,./U3Si5/114/xtal_15.cif,-22.645298,106.60514
xtal_16.cif,./U3Si5/114/xtal_16.cif,18.847132,-37.22259
xtal_17.cif,./U3Si5/114/xtal_17.cif,-37.529575,82.365456
xtal_19.cif,./U3Si5/114/xtal_19.cif,-89.41349,-17.136852
xtal_29.cif,./U3Si5/114/xtal_29.cif,-68.18543,80.69802
xtal_3.cif,./U3Si5/114/xtal_3.cif,115.18299,25.491787
xtal_39.cif,./U3Si5/114/xtal_39.cif,-89.26057,42.035294
xtal_40.cif,./U3Si5/114/xtal_40.cif,38.495266,-26.484884
xtal_46.cif,./U3Si5/114/xtal_46.cif,-23.20879,-53.832954
xtal_5.cif,./U3Si5/114/xtal_5.cif,51.823475,-82.51793
xtal_50.cif,./U3Si5/114/xtal_50.cif,101.5053,18.559113
xtal_53.cif,./U3Si5/114/xtal_53.cif,116.2337,5.259932
xtal_54.cif,./U3Si5/114/xtal_54.cif,-61.341908,-66.80744
xtal_56.cif,./U3Si5/114/xtal_56.cif,-94.59329,-11.916467
xtal_58.cif,./U3Si5/114/xtal_58.cif,-24.850138,-2.4767628
xtal_74.cif,./U3Si5/114/xtal_74.cif,-88.54903,9.88859
xtal_78.cif,./U3Si5/114/xtal_78.cif,114.85319,7.361899
xtal_80.cif,./U3Si5/114/xtal_80.cif,-76.60951,5.276981
xtal_84.cif,./U3Si5/114/xtal_84.cif,62.586792,-51.914135
xtal_85.cif,./U3Si5/114/xtal_85.cif,-44.259365,-60.636833
xtal_9.cif,./U3Si5/114/xtal_9.cif,-66.379265,95.76468
xtal_90.cif,./U3Si5/114/xtal_90.cif,-79.208595,9.955814
xtal_91.cif,./U3Si5/114/xtal_91.cif,0.77689433,109.6435
xtal_92.cif,./U3Si5/114/xtal_92.cif,-83.17007,17.188833
xtal_98.cif,./U3Si5/114/xtal_98.cif,-71.74973,73.706825
xtal_99.cif,./U3Si5/114/xtal_99.cif,-104.145515,7.184
xtal_10.cif,./U3Si5/115/xtal_10.cif,92.623,-45.092506
xtal_18.cif,./U3Si5/115/xtal_18.cif,-40.159477,35.33019
xtal_2.cif,./U3Si5/115/xtal_2.cif,-48.61742,-36.514954
xtal_25.cif,./U3Si5/115/xtal_25.cif,28.238163,-81.43459
xtal_26.cif,./U3Si5/115/xtal_26.cif,-81.72078,-33.248146
xtal_32.cif,./U3Si5/115/xtal_32.cif,-62.84247,80.70251
xtal_34.cif,./U3Si5/115/xtal_34.cif,10.530358,49.278156
xtal_39.cif,./U3Si5/115/xtal_39.cif,-33.25782,106.075935
xtal_4.cif,./U3Si5/115/xtal_4.cif,-48.139126,84.813675
xtal_41.cif,./U3Si5/115/xtal_41.cif,-36.277058,80.465836
xtal_49.cif,./U3Si5/115/xtal_49.cif,33.09865,-1.0365418
xtal_5.cif,./U3Si5/115/xtal_5.cif,-83.855865,58.814686
xtal_51.cif,./U3Si5/115/xtal_51.cif,-77.27795,15.117369
xtal_54.cif,./U3Si5/115/xtal_54.cif,-50.800415,-32.00233
xtal_55.cif,./U3Si5/115/xtal_55.cif,-54.955368,81.395805
xtal_58.cif,./U3Si5/115/xtal_58.cif,-80.20927,8.832826
xtal_65.cif,./U3Si5/115/xtal_65.cif,-96.24943,24.91045
xtal_66.cif,./U3Si5/115/xtal_66.cif,-53.1697,-27.955399
xtal_68.cif,./U3Si5/115/xtal_68.cif,-37.69619,30.25421
xtal_79.cif,./U3Si5/115/xtal_79.cif,-84.52887,28.19774
xtal_8.cif,./U3Si5/115/xtal_8.cif,-34.238724,-42.034397
xtal_82.cif,./U3Si5/115/xtal_82.cif,-77.73134,64.28143
xtal_83.cif,./U3Si5/115/xtal_83.cif,67.1839,47.6846
xtal_86.cif,./U3Si5/115/xtal_86.cif,-2.2597632,-10.549064
xtal_87.cif,./U3Si5/115/xtal_87.cif,-64.34887,-34.12812
xtal_88.cif,./U3Si5/115/xtal_88.cif,-22.22819,33.153904
xtal_94.cif,./U3Si5/115/xtal_94.cif,67.20205,-41.138847
xtal_96.cif,./U3Si5/115/xtal_96.cif,92.657906,-43.083973
xtal_98.cif,./U3Si5/115/xtal_98.cif,-95.92165,25.250673
xtal_1.cif,./U3Si5/116/xtal_1.cif,64.422104,-36.47435
xtal_100.cif,./U3Si5/116/xtal_100.cif,35.650715,46.516468
xtal_11.cif,./U3Si5/116/xtal_11.cif,10.490258,-33.100483
xtal_12.cif,./U3Si5/116/xtal_12.cif,-88.98294,-19.203447
xtal_14.cif,./U3Si5/116/xtal_14.cif,-68.58879,18.131836
xtal_15.cif,./U3Si5/116/xtal_15.cif,-68.44949,-53.77787
xtal_16.cif,./U3Si5/116/xtal_16.cif,-56.58665,85.989075
xtal_18.cif,./U3Si5/116/xtal_18.cif,-4.775251,2.3943608
xtal_19.cif,./U3Si5/116/xtal_19.cif,-76.852936,-23.697426
xtal_2.cif,./U3Si5/116/xtal_2.cif,-65.743576,59.42801
xtal_20.cif,./U3Si5/116/xtal_20.cif,-37.06096,-85.44391
xtal_21.cif,./U3Si5/116/xtal_21.cif,-75.66792,21.354204
xtal_24.cif,./U3Si5/116/xtal_24.cif,-78.79344,27.740746
xtal_27.cif,./U3Si5/116/xtal_27.cif,-83.03246,-40.658096
xtal_3.cif,./U3Si5/116/xtal_3.cif,62.015938,-50.505413
xtal_32.cif,./U3Si5/116/xtal_32.cif,-28.210815,103.4982
xtal_33.cif,./U3Si5/116/xtal_33.cif,-97.74293,31.078579
xtal_34.cif,./U3Si5/116/xtal_34.cif,67.628685,35.05786
xtal_35.cif,./U3Si5/116/xtal_35.cif,-76.0658,15.403343
xtal_37.cif,./U3Si5/116/xtal_37.cif,-87.141014,-33.248528
xtal_38.cif,./U3Si5/116/xtal_38.cif,-8.061303,-20.764503
xtal_39.cif,./U3Si5/116/xtal_39.cif,-9.309827,-95.9406
xtal_4.cif,./U3Si5/116/xtal_4.cif,44.669613,-72.35782
xtal_40.cif,./U3Si5/116/xtal_40.cif,-60.373394,61.397053
xtal_41.cif,./U3Si5/116/xtal_41.cif,-80.19925,67.71641
xtal_42.cif,./U3Si5/116/xtal_42.cif,-75.5455,21.658445
xtal_43.cif,./U3Si5/116/xtal_43.cif,36.873444,46.328716
xtal_44.cif,./U3Si5/116/xtal_44.cif,1.298375,111.80261
xtal_45.cif,./U3Si5/116/xtal_45.cif,-76.02929,-39.824688
xtal_46.cif,./U3Si5/116/xtal_46.cif,71.97359,-30.167185
xtal_49.cif,./U3Si5/116/xtal_49.cif,-75.03777,-57.211487
xtal_50.cif,./U3Si5/116/xtal_50.cif,-29.177174,106.34267
xtal_51.cif,./U3Si5/116/xtal_51.cif,-77.86095,5.2263
xtal_53.cif,./U3Si5/116/xtal_53.cif,-68.03608,49.62279
xtal_54.cif,./U3Si5/116/xtal_54.cif,-93.16881,69.96012
xtal_57.cif,./U3Si5/116/xtal_57.cif,28.460129,21.72117
xtal_59.cif,./U3Si5/116/xtal_59.cif,28.607773,-29.817923
xtal_6.cif,./U3Si5/116/xtal_6.cif,-41.374565,-70.213844
xtal_60.cif,./U3Si5/116/xtal_60.cif,-6.5545616,-75.43208
xtal_61.cif,./U3Si5/116/xtal_61.cif,-100.52255,28.73481
xtal_62.cif,./U3Si5/116/xtal_62.cif,-88.960655,10.197266
xtal_63.cif,./U3Si5/116/xtal_63.cif,22.959446,-33.04066
xtal_66.cif,./U3Si5/116/xtal_66.cif,8.359681,-27.309875
xtal_67.cif,./U3Si5/116/xtal_67.cif,81.49687,-69.67433
xtal_68.cif,./U3Si5/116/xtal_68.cif,24.855898,38.74631
xtal_69.cif,./U3Si5/116/xtal_69.cif,-77.8426,-38.38172
xtal_7.cif,./U3Si5/116/xtal_7.cif,-46.387367,97.55228
xtal_71.cif,./U3Si5/116/xtal_71.cif,-49.892376,67.211075
xtal_72.cif,./U3Si5/116/xtal_72.cif,-59.15733,42.968914
xtal_73.cif,./U3Si5/116/xtal_73.cif,15.0431385,-40.298775
xtal_74.cif,./U3Si5/116/xtal_74.cif,-58.688744,41.056572
xtal_75.cif,./U3Si5/116/xtal_75.cif,-88.50299,46.25461
xtal_79.cif,./U3Si5/116/xtal_79.cif,-101.19804,0.5614083
xtal_8.cif,./U3Si5/116/xtal_8.cif,-52.693027,-7.8220277
xtal_80.cif,./U3Si5/116/xtal_80.cif,-33.65316,3.9573736
xtal_81.cif,./U3Si5/116/xtal_81.cif,-49.44285,-87.098
xtal_86.cif,./U3Si5/116/xtal_86.cif,13.531356,-39.842842
xtal_87.cif,./U3Si5/116/xtal_87.cif,-54.457977,-28.044382
xtal_89.cif,./U3Si5/116/xtal_89.cif,32.855732,-18.909206
xtal_9.cif,./U3Si5/116/xtal_9.cif,-99.86261,63.632126
xtal_91.cif,./U3Si5/116/xtal_91.cif,-97.584595,36.94066
xtal_93.cif,./U3Si5/116/xtal_93.cif,-83.43073,64.84092
xtal_94.cif,./U3Si5/116/xtal_94.cif,-81.98223,-28.39915
xtal_95.cif,./U3Si5/116/xtal_95.cif,65.471176,-47.153397
xtal_96.cif,./U3Si5/116/xtal_96.cif,-38.61929,101.40997
xtal_99.cif,./U3Si5/116/xtal_99.cif,-85.829994,-30.314367
xtal_10.cif,./U3Si5/117/xtal_10.cif,-9.646778,-9.60203
xtal_100.cif,./U3Si5/117/xtal_100.cif,-60.8907,-53.276184
xtal_11.cif,./U3Si5/117/xtal_11.cif,-66.79559,-30.086885
xtal_12.cif,./U3Si5/117/xtal_12.cif,-74.13667,-41.57209
xtal_13.cif,./U3Si5/117/xtal_13.cif,-82.50547,-2.917828
xtal_14.cif,./U3Si5/117/xtal_14.cif,-44.944473,98.82784
xtal_16.cif,./U3Si5/117/xtal_16.cif,19.205894,-66.25238
xtal_17.cif,./U3Si5/117/xtal_17.cif,49.518635,-87.62611
xtal_18.cif,./U3Si5/117/xtal_18.cif,24.433977,-43.230885
xtal_19.cif,./U3Si5/117/xtal_19.cif,30.316217,-21.548414
xtal_2.cif,./U3Si5/117/xtal_2.cif,-84.06717,44.34738
xtal_20.cif,./U3Si5/117/xtal_20.cif,47.116463,-31.100689
xtal_21.cif,./U3Si5/117/xtal_21.cif,8.505652,-9.880935
xtal_22.cif,./U3Si5/117/xtal_22.cif,8.141504,-99.27214
xtal_23.cif,./U3Si5/117/xtal_23.cif,-7.470781,67.821945
xtal_24.cif,./U3Si5/117/xtal_24.cif,-44.41473,-60.450035
xtal_25.cif,./U3Si5/117/xtal_25.cif,-75.30862,47.88734
xtal_26.cif,./U3Si5/117/xtal_26.cif,-51.516552,57.119125
xtal_27.cif,./U3Si5/117/xtal_27.cif,-71.55452,72.04541
xtal_28.cif,./U3Si5/117/xtal_28.cif,-71.55336,57.462284
xtal_29.cif,./U3Si5/117/xtal_29.cif,-115.85133,16.641603
xtal_3.cif,./U3Si5/117/xtal_3.cif,34.781963,-22.20566
xtal_30.cif,./U3Si5/117/xtal_30.cif,9.470458,-29.662981
xtal_31.cif,./U3Si5/117/xtal_31.cif,-76.05777,-4.494307
xtal_32.cif,./U3Si5/117/xtal_32.cif,-45.680138,84.89812
xtal_33.cif,./U3Si5/117/xtal_33.cif,-73.42585,52.52209
xtal_34.cif,./U3Si5/117/xtal_34.cif,-50.4746,43.71762
xtal_36.cif,./U3Si5/117/xtal_36.cif,7.55033,-12.010371
xtal_37.cif,./U3Si5/117/xtal_37.cif,-87.43688,47.2976
xtal_38.cif,./U3Si5/117/xtal_38.cif,-25.676992,-37.323185
xtal_39.cif,./U3Si5/117/xtal_39.cif,-1.1279156,-25.592094
xtal_4.cif,./U3Si5/117/xtal_4.cif,-21.071775,14.729549
xtal_40.cif,./U3Si5/117/xtal_40.cif,81.5603,-49.155663
xtal_41.cif,./U3Si5/117/xtal_41.cif,-58.474567,-57.808826
xtal_43.cif,./U3Si5/117/xtal_43.cif,43.42184,-72.767784
xtal_46.cif,./U3Si5/117/xtal_46.cif,-47.884624,-21.21338
xtal_48.cif,./U3Si5/117/xtal_48.cif,-95.751915,68.907196
xtal_49.cif,./U3Si5/117/xtal_49.cif,98.40918,51.549664
xtal_50.cif,./U3Si5/117/xtal_50.cif,-4.0145254,-31.009956
xtal_54.cif,./U3Si5/117/xtal_54.cif,-38.862137,111.41563
xtal_55.cif,./U3Si5/117/xtal_55.cif,95.17279,21.058908
xtal_57.cif,./U3Si5/117/xtal_57.cif,77.3212,-64.20219
xtal_58.cif,./U3Si5/117/xtal_58.cif,-53.92971,-27.513548
xtal_59.cif,./U3Si5/117/xtal_59.cif,-74.649315,61.56367
xtal_6.cif,./U3Si5/117/xtal_6.cif,-91.75203,4.111468
xtal_60.cif,./U3Si5/117/xtal_60.cif,-21.369183,-59.330204
xtal_61.cif,./U3Si5/117/xtal_61.cif,66.43222,-32.45053
xtal_62.cif,./U3Si5/117/xtal_62.cif,70.42965,-53.361202
xtal_63.cif,./U3Si5/117/xtal_63.cif,-101.34218,-1.5851225
xtal_64.cif,./U3Si5/117/xtal_64.cif,-83.438034,-7.230169
xtal_65.cif,./U3Si5/117/xtal_65.cif,38.928703,-23.85917
xtal_66.cif,./U3Si5/117/xtal_66.cif,51.544342,14.791128
xtal_69.cif,./U3Si5/117/xtal_69.cif,-114.23285,4.3856153
xtal_7.cif,./U3Si5/117/xtal_7.cif,38.7671,-83.36344
xtal_71.cif,./U3Si5/117/xtal_71.cif,28.370699,-22.560343
xtal_72.cif,./U3Si5/117/xtal_72.cif,90.60942,2.0954785
xtal_73.cif,./U3Si5/117/xtal_73.cif,-47.704166,-44.11112
xtal_74.cif,./U3Si5/117/xtal_74.cif,22.52526,-13.433717
xtal_75.cif,./U3Si5/117/xtal_75.cif,-71.30763,9.250438
xtal_76.cif,./U3Si5/117/xtal_76.cif,-50.47349,-43.114464
xtal_77.cif,./U3Si5/117/xtal_77.cif,45.011375,-93.48554
xtal_78.cif,./U3Si5/117/xtal_78.cif,37.48834,-19.259468
xtal_8.cif,./U3Si5/117/xtal_8.cif,-92.04176,15.523137
xtal_81.cif,./U3Si5/117/xtal_81.cif,-39.197666,86.81708
xtal_83.cif,./U3Si5/117/xtal_83.cif,1.7928548,115.38244
xtal_84.cif,./U3Si5/117/xtal_84.cif,-76.613884,48.065453
xtal_85.cif,./U3Si5/117/xtal_85.cif,-95.374695,31.163969
xtal_86.cif,./U3Si5/117/xtal_86.cif,-94.35045,20.72601
xtal_87.cif,./U3Si5/117/xtal_87.cif,-5.7570286,-26.939608
xtal_89.cif,./U3Si5/117/xtal_89.cif,-94.58282,-19.01098
xtal_9.cif,./U3Si5/117/xtal_9.cif,-95.423065,69.235405
xtal_90.cif,./U3Si5/117/xtal_90.cif,26.047697,35.722565
xtal_93.cif,./U3Si5/117/xtal_93.cif,-65.58268,57.89097
xtal_94.cif,./U3Si5/117/xtal_94.cif,-44.26008,-59.32691
xtal_95.cif,./U3Si5/117/xtal_95.cif,28.939043,-46.11828
xtal_96.cif,./U3Si5/117/xtal_96.cif,81.205795,-68.134674
xtal_99.cif,./U3Si5/117/xtal_99.cif,93.0394,62.156044
xtal_100.cif,./U3Si5/118/xtal_100.cif,-25.307442,-69.108444
xtal_12.cif,./U3Si5/118/xtal_12.cif,-5.4478536,110.55642
xtal_16.cif,./U3Si5/118/xtal_16.cif,-4.0040007,9.550045
xtal_17.cif,./U3Si5/118/xtal_17.cif,14.732424,32.681454
xtal_18.cif,./U3Si5/118/xtal_18.cif,-12.633747,-32.853943
xtal_19.cif,./U3Si5/118/xtal_19.cif,-23.086939,-74.0089
xtal_21.cif,./U3Si5/118/xtal_21.cif,-82.75295,8.406116
xtal_22.cif,./U3Si5/118/xtal_22.cif,-29.380327,6.7984786
xtal_26.cif,./U3Si5/118/xtal_26.cif,-50.929893,-43.429497
xtal_30.cif,./U3Si5/118/xtal_30.cif,-6.5733037,-10.300336
xtal_37.cif,./U3Si5/118/xtal_37.cif,-73.48905,-49.10224
xtal_48.cif,./U3Si5/118/xtal_48.cif,-72.98827,11.089469
xtal_49.cif,./U3Si5/118/xtal_49.cif,-49.926582,95.3808
xtal_5.cif,./U3Si5/118/xtal_5.cif,-79.06375,40.668476
xtal_50.cif,./U3Si5/118/xtal_50.cif,-62.073658,40.895622
xtal_52.cif,./U3Si5/118/xtal_52.cif,19.08158,-9.524454
xtal_58.cif,./U3Si5/118/xtal_58.cif,-14.723739,109.29963
xtal_6.cif,./U3Si5/118/xtal_6.cif,-75.168755,61.96138
xtal_62.cif,./U3Si5/118/xtal_62.cif,-79.94863,63.49762
xtal_65.cif,./U3Si5/118/xtal_65.cif,112.7532,-12.926077
xtal_67.cif,./U3Si5/118/xtal_67.cif,33.402542,35.4622
xtal_68.cif,./U3Si5/118/xtal_68.cif,9.309923,48.45606
xtal_70.cif,./U3Si5/118/xtal_70.cif,16.934765,-27.49938
xtal_72.cif,./U3Si5/118/xtal_72.cif,-54.230732,-30.115225
xtal_73.cif,./U3Si5/118/xtal_73.cif,-1.1173652,88.96336
xtal_8.cif,./U3Si5/118/xtal_8.cif,18.463768,0.006857205
xtal_82.cif,./U3Si5/118/xtal_82.cif,88.25621,-37.932198
xtal_86.cif,./U3Si5/118/xtal_86.cif,-50.9622,48.258633
xtal_88.cif,./U3Si5/118/xtal_88.cif,27.853058,17.911251
xtal_89.cif,./U3Si5/118/xtal_89.cif,-64.13845,-13.011323
xtal_9.cif,./U3Si5/118/xtal_9.cif,-40.848602,29.099628
xtal_92.cif,./U3Si5/118/xtal_92.cif,-55.742916,64.50273
xtal_93.cif,./U3Si5/118/xtal_93.cif,-73.160255,13.326438
xtal_96.cif,./U3Si5/118/xtal_96.cif,6.3439436,103.763885
xtal_98.cif,./U3Si5/118/xtal_98.cif,-73.28387,66.41189
xtal_10.cif,./U3Si5/119/xtal_10.cif,-42.80636,83.164154
xtal_100.cif,./U3Si5/119/xtal_100.cif,-74.31576,9.793726
xtal_11.cif,./U3Si5/119/xtal_11.cif,40.175434,48.40972
xtal_12.cif,./U3Si5/119/xtal_12.cif,37.755016,25.64722
xtal_14.cif,./U3Si5/119/xtal_14.cif,-89.095795,13.924115
xtal_16.cif,./U3Si5/119/xtal_16.cif,-15.021593,-7.3437696
xtal_17.cif,./U3Si5/119/xtal_17.cif,116.538895,4.852977
xtal_18.cif,./U3Si5/119/xtal_18.cif,-46.37571,83.54134
xtal_19.cif,./U3Si5/119/xtal_19.cif,-54.803978,-59.64355
xtal_20.cif,./U3Si5/119/xtal_20.cif,47.681458,-7.882068
xtal_21.cif,./U3Si5/119/xtal_21.cif,1.8851855,-17.87819
xtal_22.cif,./U3Si5/119/xtal_22.cif,-65.76802,82.090515
xtal_23.cif,./U3Si5/119/xtal_23.cif,16.106264,24.108664
xtal_24.cif,./U3Si5/119/xtal_24.cif,-9.430209,-33.12383
xtal_25.cif,./U3Si5/119/xtal_25.cif,45.897934,-79.9582
xtal_26.cif,./U3Si5/119/xtal_26.cif,42.650604,-92.567795
xtal_27.cif,./U3Si5/119/xtal_27.cif,-103.15103,19.820042
xtal_28.cif,./U3Si5/119/xtal_28.cif,-37.93761,43.46278
xtal_29.cif,./U3Si5/119/xtal_29.cif,22.075096,31.970194
xtal_31.cif,./U3Si5/119/xtal_31.cif,-77.4179,54.57081
xtal_32.cif,./U3Si5/119/xtal_32.cif,49.572903,-79.4636
xtal_33.cif,./U3Si5/119/xtal_33.cif,-18.39979,-10.093078
xtal_35.cif,./U3Si5/119/xtal_35.cif,19.854473,-40.06187
xtal_36.cif,./U3Si5/119/xtal_36.cif,13.80805,29.783583
xtal_37.cif,./U3Si5/119/xtal_37.cif,-88.31305,46.79434
xtal_38.cif,./U3Si5/119/xtal_38.cif,-28.059776,99.67875
xtal_39.cif,./U3Si5/119/xtal_39.cif,-68.31753,21.22678
xtal_4.cif,./U3Si5/119/xtal_4.cif,113.47799,26.43734
xtal_42.cif,./U3Si5/119/xtal_42.cif,10.870752,32.665386
xtal_43.cif,./U3Si5/119/xtal_43.cif,-24.163567,51.987175
xtal_44.cif,./U3Si5/119/xtal_44.cif,60.670948,-49.15346
xtal_45.cif,./U3Si5/119/xtal_45.cif,-75.434875,6.5385876
xtal_48.cif,./U3Si5/119/xtal_48.cif,60.472706,-51.16776
xtal_49.cif,./U3Si5/119/xtal_49.cif,26.863981,22.10913
xtal_5.cif,./U3Si5/119/xtal_5.cif,-24.03063,107.23137
xtal_50.cif,./U3Si5/119/xtal_50.cif,-97.406586,3.8375926
xtal_52.cif,./U3Si5/119/xtal_52.cif,116.87015,6.202497
xtal_53.cif,./U3Si5/119/xtal_53.cif,-37.069885,-85.70855
xtal_55.cif,./U3Si5/119/xtal_55.cif,-11.433904,94.98092
xtal_57.cif,./U3Si5/119/xtal_57.cif,-53.182896,27.506851
xtal_58.cif,./U3Si5/119/xtal_58.cif,-55.929585,43.048115
xtal_6.cif,./U3Si5/119/xtal_6.cif,-25.588566,78.802315
xtal_60.cif,./U3Si5/119/xtal_60.cif,-45.26894,97.39607
xtal_61.cif,./U3Si5/119/xtal_61.cif,22.668636,32.160976
xtal_62.cif,./U3Si5/119/xtal_62.cif,33.729725,28.030981
xtal_63.cif,./U3Si5/119/xtal_63.cif,-42.18986,39.794468
xtal_70.cif,./U3Si5/119/xtal_70.cif,3.5354033,24.234346
xtal_73.cif,./U3Si5/119/xtal_73.cif,12.035148,63.9637
xtal_75.cif,./U3Si5/119/xtal_75.cif,-53.604797,26.86349
xtal_76.cif,./U3Si5/119/xtal_76.cif,-71.622505,-20.688944
xtal_79.cif,./U3Si5/119/xtal_79.cif,16.88425,-11.98177
xtal_8.cif,./U3Si5/119/xtal_8.cif,51.11885,-49.138546
xtal_80.cif,./U3Si5/119/xtal_80.cif,76.03639,-64.47753
xtal_81.cif,./U3Si5/119/xtal_81.cif,25.535433,8.270146
xtal_84.cif,./U3Si5/119/xtal_84.cif,26.114323,19.798864
xtal_85.cif,./U3Si5/119/xtal_85.cif,-18.465654,-7.5491834
xtal_86.cif,./U3Si5/119/xtal_86.cif,33.812225,28.03346
xtal_87.cif,./U3Si5/119/xtal_87.cif,53.512966,14.577666
xtal_89.cif,./U3Si5/119/xtal_89.cif,-66.38032,96.04901
xtal_9.cif,./U3Si5/119/xtal_9.cif,91.20413,-41.803432
xtal_91.cif,./U3Si5/119/xtal_91.cif,43.711224,11.596288
xtal_94.cif,./U3Si5/119/xtal_94.cif,-69.89158,37.331356
xtal_96.cif,./U3Si5/119/xtal_96.cif,14.966037,2.0920002
xtal_97.cif,./U3Si5/119/xtal_97.cif,-11.898154,-10.113245
xtal_1.cif,./U3Si5/121/xtal_1.cif,48.277843,-74.92078
xtal_11.cif,./U3Si5/121/xtal_11.cif,-42.26052,21.263165
xtal_14.cif,./U3Si5/121/xtal_14.cif,-46.47789,-13.698219
xtal_16.cif,./U3Si5/121/xtal_16.cif,96.95864,4.1083903
xtal_18.cif,./U3Si5/121/xtal_18.cif,55.436592,31.867847
xtal_19.cif,./U3Si5/121/xtal_19.cif,94.50491,8.16478
xtal_2.cif,./U3Si5/121/xtal_2.cif,-49.82281,-41.97455
xtal_20.cif,./U3Si5/121/xtal_20.cif,-3.5975895,4.2465253
xtal_21.cif,./U3Si5/121/xtal_21.cif,116.684616,5.85918
xtal_22.cif,./U3Si5/121/xtal_22.cif,-68.65455,49.767403
xtal_25.cif,./U3Si5/121/xtal_25.cif,73.662575,25.755152
xtal_26.cif,./U3Si5/121/xtal_26.cif,104.639565,-18.67184
xtal_27.cif,./U3Si5/121/xtal_27.cif,108.89922,17.420954
xtal_28.cif,./U3Si5/121/xtal_28.cif,-11.89925,-28.503624
xtal_29.cif,./U3Si5/121/xtal_29.cif,12.48273,-27.489483
xtal_3.cif,./U3Si5/121/xtal_3.cif,68.82124,16.67486
xtal_33.cif,./U3Si5/121/xtal_33.cif,-10.310759,16.30326
xtal_34.cif,./U3Si5/121/xtal_34.cif,-98.09758,9.08996
xtal_38.cif,./U3Si5/121/xtal_38.cif,-15.185831,54.738205
xtal_39.cif,./U3Si5/121/xtal_39.cif,58.02676,-38.738506
xtal_40.cif,./U3Si5/121/xtal_40.cif,48.122944,-60.430244
xtal_42.cif,./U3Si5/121/xtal_42.cif,-83.24273,61.84633
xtal_45.cif,./U3Si5/121/xtal_45.cif,-94.42012,34.00993
xtal_46.cif,./U3Si5/121/xtal_46.cif,95.05273,42.6242
xtal_48.cif,./U3Si5/121/xtal_48.cif,-65.28455,97.65258
xtal_49.cif,./U3Si5/121/xtal_49.cif,62.223473,-46.420326
xtal_5.cif,./U3Si5/121/xtal_5.cif,-29.29041,-47.91989
xtal_50.cif,./U3Si5/121/xtal_50.cif,112.72077,16.852057
xtal_51.cif,./U3Si5/121/xtal_51.cif,94.637344,11.2375965
xtal_52.cif,./U3Si5/121/xtal_52.cif,88.82978,47.363186
xtal_54.cif,./U3Si5/121/xtal_54.cif,66.89172,35.01373
xtal_55.cif,./U3Si5/121/xtal_55.cif,-105.09825,9.055215
xtal_58.cif,./U3Si5/121/xtal_58.cif,92.75607,57.94731
xtal_59.cif,./U3Si5/121/xtal_59.cif,-29.53603,-80.37486
xtal_6.cif,./U3Si5/121/xtal_6.cif,-12.53836,54.3216
xtal_60.cif,./U3Si5/121/xtal_60.cif,-34.409187,29.125881
xtal_61.cif,./U3Si5/121/xtal_61.cif,-81.58926,62.03525
xtal_62.cif,./U3Si5/121/xtal_62.cif,-45.167892,85.11908
xtal_64.cif,./U3Si5/121/xtal_64.cif,-72.29904,75.86635
xtal_65.cif,./U3Si5/121/xtal_65.cif,56.587452,-80.23091
xtal_67.cif,./U3Si5/121/xtal_67.cif,-77.460655,14.50879
xtal_68.cif,./U3Si5/121/xtal_68.cif,19.87084,-66.973915
xtal_69.cif,./U3Si5/121/xtal_69.cif,-2.1316662,88.98402
xtal_7.cif,./U3Si5/121/xtal_7.cif,-68.18866,-27.404963
xtal_70.cif,./U3Si5/121/xtal_70.cif,51.02023,-92.638626
xtal_71.cif,./U3Si5/121/xtal_71.cif,-94.48598,-12.055453
xtal_73.cif,./U3Si5/121/xtal_73.cif,8.939503,61.86466
xtal_75.cif,./U3Si5/121/xtal_75.cif,68.712296,20.343708
xtal_78.cif,./U3Si5/121/xtal_78.cif,109.54817,-7.5041685
xtal_79.cif,./U3Si5/121/xtal_79.cif,56.810387,-23.591442
xtal_81.cif,./U3Si5/121/xtal_81.cif,63.131577,-47.843994
xtal_82.cif,./U3Si5/121/xtal_82.cif,-68.4122,93.38597
xtal_84.cif,./U3Si5/121/xtal_84.cif,-17.976124,13.748223
xtal_85.cif,./U3Si5/121/xtal_85.cif,-69.46468,26.835428
xtal_86.cif,./U3Si5/121/xtal_86.cif,-29.474476,6.8123183
xtal_88.cif,./U3Si5/121/xtal_88.cif,116.60139,10.053875
xtal_89.cif,./U3Si5/121/xtal_89.cif,99.06586,-26.973375
xtal_91.cif,./U3Si5/121/xtal_91.cif,-41.421654,99.54371
xtal_95.cif,./U3Si5/121/xtal_95.cif,60.36869,-51.575146
xtal_98.cif,./U3Si5/121/xtal_98.cif,57.41322,-71.93998
xtal_1.cif,./U3Si5/123/xtal_1.cif,-82.09953,-6.72848
xtal_10.cif,./U3Si5/123/xtal_10.cif,-5.9915996,-63.600407
xtal_100.cif,./U3Si5/123/xtal_100.cif,-90.13585,-12.424739
xtal_11.cif,./U3Si5/123/xtal_11.cif,54.220753,-1.6159776
xtal_12.cif,./U3Si5/123/xtal_12.cif,-98.92908,16.98271
xtal_13.cif,./U3Si5/123/xtal_13.cif,72.55914,-71.09521
xtal_14.cif,./U3Si5/123/xtal_14.cif,-25.295506,56.81214
xtal_15.cif,./U3Si5/123/xtal_15.cif,60.55696,49.38917
xtal_16.cif,./U3Si5/123/xtal_16.cif,40.965878,-18.862684
xtal_17.cif,./U3Si5/123/xtal_17.cif,-20.890226,62.359592
xtal_18.cif,./U3Si5/123/xtal_18.cif,30.9979,-58.253284
xtal_19.cif,./U3Si5/123/xtal_19.cif,86.22685,-42.069744
xtal_2.cif,./U3Si5/123/xtal_2.cif,48.344402,-2.8464017
xtal_20.cif,./U3Si5/123/xtal_20.cif,-69.96321,-60.67848
xtal_21.cif,./U3Si5/123/xtal_21.cif,-81.83303,-27.811544
xtal_22.cif,./U3Si5/123/xtal_22.cif,-82.44775,62.85172
xtal_23.cif,./U3Si5/123/xtal_23.cif,97.97086,29.753159
xtal_24.cif,./U3Si5/123/xtal_24.cif,-61.768982,-63.775646
xtal_25.cif,./U3Si5/123/xtal_25.cif,94.442566,8.329989
xtal_26.cif,./U3Si5/123/xtal_26.cif,23.15962,-55.40916
xtal_27.cif,./U3Si5/123/xtal_27.cif,-25.947145,-3.2291849
xtal_28.cif,./U3Si5/123/xtal_28.cif,-57.561237,81.09973
xtal_29.cif,./U3Si5/123/xtal_29.cif,-7.865348,-20.907097
xtal_3.cif,./U3Si5/123/xtal_3.cif,36.15808,-81.34473
xtal_30.cif,./U3Si5/123/xtal_30.cif,43.774265,-92.21007
xtal_31.cif,./U3Si5/123/xtal_31.cif,89.74056,56.733074
xtal_32.cif,./U3Si5/123/xtal_32.cif,-44.938656,-64.96567
xtal_33.cif,./U3Si5/123/xtal_33.cif,28.064596,-81.12767
xtal_35.cif,./U3Si5/123/xtal_35.cif,79.85049,50.56263
xtal_36.cif,./U3Si5/123/xtal_36.cif,10.007643,-103.45334
xtal_37.cif,./U3Si5/123/xtal_37.cif,-7.771205,69.53417
xtal_38.cif,./U3Si5/123/xtal_38.cif,-19.71718,104.73097
xtal_39.cif,./U3Si5/123/xtal_39.cif,-60.91511,79.91744
xtal_4.cif,./U3Si5/123/xtal_4.cif,-101.49644,-2.3475187
xtal_40.cif,./U3Si5/123/xtal_40.cif,75.655045,-74.27045
xtal_41.cif,./U3Si5/123/xtal_41.cif,-18.5417,-31.189919
xtal_42.cif,./U3Si5/123/xtal_42.cif,70.38147,-48.408974
xtal_43.cif,./U3Si5/123/xtal_43.cif,-70.98145,-19.53188
xtal_44.cif,./U3Si5/123/xtal_44.cif,31.3234,-79.430084
xtal_45.cif,./U3Si5/123/xtal_45.cif,-80.885826,40.644733
xtal_47.cif,./U3Si5/123/xtal_47.cif,43.216785,-45.532177
xtal_48.cif,./U3Si5/123/xtal_48.cif,-5.4843674,-67.242195
xtal_49.cif,./U3Si5/123/xtal_49.cif,-71.87772,-33.605793
xtal_50.cif,./U3Si5/123/xtal_50.cif,58.252914,37.581978
xtal_51.cif,./U3Si5/123/xtal_51.cif,89.3488,56.39273
xtal_52.cif,./U3Si5/123/xtal_52.cif,86.85325,58.510277
xtal_54.cif,./U3Si5/123/xtal_54.cif,-55.06287,81.259895
xtal_55.cif,./U3Si5/123/xtal_55.cif,-85.72354,21.884628
xtal_56.cif,./U3Si5/123/xtal_56.cif,-53.8178,-59.30296
xtal_57.cif,./U3Si5/123/xtal_57.cif,-12.558595,-14.352734
xtal_58.cif,./U3Si5/123/xtal_58.cif,-90.849846,14.530755
xtal_59.cif,./U3Si5/123/xtal_59.cif,-65.41025,58.29942
xtal_6.cif,./U3Si5/123/xtal_6.cif,42.09371,10.222306
xtal_60.cif,./U3Si5/123/xtal_60.cif,64.41542,-75.03555
xtal_61.cif,./U3Si5/123/xtal_61.cif,-66.3546,-37.69546
xtal_62.cif,./U3Si5/123/xtal_62.cif,34.987312,-8.124516
xtal_63.cif,./U3Si5/123/xtal_63.cif,35.472336,-29.28806
xtal_64.cif,./U3Si5/123/xtal_64.cif,-44.421146,-72.408264
xtal_66.cif,./U3Si5/123/xtal_66.cif,-2.6848104,-20.965313
xtal_67.cif,./U3Si5/123/xtal_67.cif,61.430073,48.587532
xtal_68.cif,./U3Si5/123/xtal_68.cif,36.931667,-80.75202
xtal_69.cif,./U3Si5/123/xtal_69.cif,-77.25846,12.46838
xtal_7.cif,./U3Si5/123/xtal_7.cif,33.876606,-68.1914
xtal_70.cif,./U3Si5/123/xtal_70.cif,66.815865,-32.588985
xtal_71.cif,./U3Si5/123/xtal_71.cif,76.06928,9.162776
xtal_72.cif,./U3Si5/123/xtal_72.cif,68.7371,-54.861027
xtal_73.cif,./U3Si5/123/xtal_73.cif,-76.2195,57.086266
xtal_74.cif,./U3Si5/123/xtal_74.cif,-49.23583,-38.77026
xtal_75.cif,./U3Si5/123/xtal_75.cif,94.4747,37.926933
xtal_76.cif,./U3Si5/123/xtal_76.cif,22.187958,-61.256626
xtal_77.cif,./U3Si5/123/xtal_77.cif,-33.7406,20.564022
xtal_78.cif,./U3Si5/123/xtal_78.cif,-26.90379,-27.933287
xtal_79.cif,./U3Si5/123/xtal_79.cif,-26.722742,0.99804795
xtal_80.cif,./U3Si5/123/xtal_80.cif,-35.599957,-8.94661
xtal_81.cif,./U3Si5/123/xtal_81.cif,0.5854577,-73.38064
xtal_82.cif,./U3Si5/123/xtal_82.cif,-82.519966,-32.933605
xtal_83.cif,./U3Si5/123/xtal_83.cif,61.179295,52.563053
xtal_84.cif,./U3Si5/123/xtal_84.cif,33.90922,-85.25561
xtal_85.cif,./U3Si5/123/xtal_85.cif,80.79069,4.029116
xtal_86.cif,./U3Si5/123/xtal_86.cif,55.724033,-76.414185
xtal_87.cif,./U3Si5/123/xtal_87.cif,-66.333244,67.9184
xtal_89.cif,./U3Si5/123/xtal_89.cif,81.13927,-42.652008
xtal_90.cif,./U3Si5/123/xtal_90.cif,45.871475,-55.393757
xtal_91.cif,./U3Si5/123/xtal_91.cif,-88.39371,46.261448
xtal_92.cif,./U3Si5/123/xtal_92.cif,-11.607867,-94.175
xtal_93.cif,./U3Si5/123/xtal_93.cif,61.638298,-40.240723
xtal_94.cif,./U3Si5/123/xtal_94.cif,47.908497,9.562125
xtal_95.cif,./U3Si5/123/xtal_95.cif,60.588478,48.746563
xtal_96.cif,./U3Si5/123/xtal_96.cif,-79.01246,-26.061949
xtal_97.cif,./U3Si5/123/xtal_97.cif,16.825037,-15.403677
xtal_99.cif,./U3Si5/123/xtal_99.cif,-51.264606,92.20023
xtal_1.cif,./U3Si5/124/xtal_1.cif,63.80774,20.276825
xtal_10.cif,./U3Si5/124/xtal_10.cif,110.442635,3.437542
xtal_100.cif,./U3Si5/124/xtal_100.cif,-49.42434,45.339558
xtal_11.cif,./U3Si5/124/xtal_11.cif,-73.58521,71.93527
xtal_14.cif,./U3Si5/124/xtal_14.cif,97.53285,26.966278
xtal_15.cif,./U3Si5/124/xtal_15.cif,109.72991,8.259203
xtal_17.cif,./U3Si5/124/xtal_17.cif,-15.385383,64.11326
xtal_18.cif,./U3Si5/124/xtal_18.cif,-64.915436,42.1092
xtal_2.cif,./U3Si5/124/xtal_2.cif,109.9294,-0.24377033
xtal_20.cif,./U3Si5/124/xtal_20.cif,62.710342,-66.22272
xtal_21.cif,./U3Si5/124/xtal_21.cif,87.177185,60.497204
xtal_22.cif,./U3Si5/124/xtal_22.cif,-1.314831,-73.5352
xtal_23.cif,./U3Si5/124/xtal_23.cif,-60.505627,55.019653
xtal_25.cif,./U3Si5/124/xtal_25.cif,-97.195114,5.7837553
xtal_26.cif,./U3Si5/124/xtal_26.cif,50.90223,-62.090862
xtal_27.cif,./U3Si5/124/xtal_27.cif,-100.6201,28.68956
xtal_28.cif,./U3Si5/124/xtal_28.cif,-50.139774,92.85177
xtal_29.cif,./U3Si5/124/xtal_29.cif,-23.98109,-32.264633
xtal_31.cif,./U3Si5/124/xtal_31.cif,107.00424,-9.4751835
xtal_32.cif,./U3Si5/124/xtal_32.cif,-61.274918,-0.7372196
xtal_33.cif,./U3Si5/124/xtal_33.cif,44.734715,-59.898083
xtal_34.cif,./U3Si5/124/xtal_34.cif,115.24309,7.401709
xtal_35.cif,./U3Si5/124/xtal_35.cif,19.07025,-67.13999
xtal_37.cif,./U3Si5/124/xtal_37.cif,-82.539764,66.01267
xtal_38.cif,./U3Si5/124/xtal_38.cif,116.467606,4.822975
xtal_39.cif,./U3Si5/124/xtal_39.cif,62.147976,-39.575
xtal_4.cif,./U3Si5/124/xtal_4.cif,-113.895256,38.124485
xtal_40.cif,./U3Si5/124/xtal_40.cif,82.480194,-41.312416
xtal_41.cif,./U3Si5/124/xtal_41.cif,111.70058,2.005769
xtal_42.cif,./U3Si5/124/xtal_42.cif,-9.732678,-81.26693
xtal_43.cif,./U3Si5/124/xtal_43.cif,105.11083,-18.368368
xtal_44.cif,./U3Si5/124/xtal_44.cif,-32.6556,4.3139772
xtal_45.cif,./U3Si5/124/xtal_45.cif,40.073963,-47.612267
xtal_47.cif,./U3Si5/124/xtal_47.cif,-16.559053,41.072178
xtal_5.cif,./U3Si5/124/xtal_5.cif,-67.67099,41.67278
xtal_50.cif,./U3Si5/124/xtal_50.cif,73.70529,-57.965973
xtal_52.cif,./U3Si5/124/xtal_52.cif,116.59711,32.90295
xtal_54.cif,./U3Si5/124/xtal_54.cif,111.55578,2.4909003
xtal_55.cif,./U3Si5/124/xtal_55.cif,38.78199,-19.97452
xtal_56.cif,./U3Si5/124/xtal_56.cif,63.371815,-46.710632
xtal_6.cif,./U3Si5/124/xtal_6.cif,-40.491966,39.524715
xtal_61.cif,./U3Si5/124/xtal_61.cif,68.12479,-45.1443
xtal_62.cif,./U3Si5/124/xtal_62.cif,57.507095,-44.73213
xtal_63.cif,./U3Si5/124/xtal_63.cif,-43.19165,78.39709
xtal_64.cif,./U3Si5/124/xtal_64.cif,61.598846,-25.972406
xtal_66.cif,./U3Si5/124/xtal_66.cif,-21.91431,40.820366
xtal_67.cif,./U3Si5/124/xtal_67.cif,66.781425,47.937992
xtal_68.cif,./U3Si5/124/xtal_68.cif,-10.098791,-69.65333
xtal_70.cif,./U3Si5/124/xtal_70.cif,52.057846,-1.940644
xtal_71.cif,./U3Si5/124/xtal_71.cif,112.332275,17.371527
xtal_72.cif,./U3Si5/124/xtal_72.cif,-3.2436106,106.096405
xtal_73.cif,./U3Si5/124/xtal_73.cif,100.32455,19.11246
xtal_75.cif,./U3Si5/124/xtal_75.cif,93.8881,-41.158684
xtal_76.cif,./U3Si5/124/xtal_76.cif,-30.461859,8.848173
xtal_77.cif,./U3Si5/124/xtal_77.cif,-22.84601,90.06685
xtal_8.cif,./U3Si5/124/xtal_8.cif,-5.016954,-44.978374
xtal_80.cif,./U3Si5/124/xtal_80.cif,-8.196284,110.329414
xtal_81.cif,./U3Si5/124/xtal_81.cif,-15.612668,-79.64375
xtal_82.cif,./U3Si5/124/xtal_82.cif,-34.532345,55.13654
xtal_84.cif,./U3Si5/124/xtal_84.cif,-31.33842,8.076747
xtal_86.cif,./U3Si5/124/xtal_86.cif,88.26308,0.3770054
xtal_87.cif,./U3Si5/124/xtal_87.cif,-33.375404,1.4409022
xtal_89.cif,./U3Si5/124/xtal_89.cif,-4.0919065,2.4026191
xtal_90.cif,./U3Si5/124/xtal_90.cif,43.282215,2.9275198
xtal_91.cif,./U3Si5/124/xtal_91.cif,88.10827,45.670746
xtal_92.cif,./U3Si5/124/xtal_92.cif,-62.481384,46.66452
xtal_93.cif,./U3Si5/124/xtal_93.cif,-11.211169,-70.83349
xtal_96.cif,./U3Si5/124/xtal_96.cif,-30.31547,29.820652
xtal_97.cif,./U3Si5/124/xtal_97.cif,-26.430584,-0.5432473
xtal_98.cif,./U3Si5/124/xtal_98.cif,59.697098,30.298653
xtal_12.cif,./U3Si5/125/xtal_12.cif,-7.1020865,113.82495
xtal_13.cif,./U3Si5/125/xtal_13.cif,-47.30349,92.72387
xtal_22.cif,./U3Si5/125/xtal_22.cif,9.985018,103.08946
xtal_27.cif,./U3Si5/125/xtal_27.cif,94.3401,70.00162
xtal_33.cif,./U3Si5/125/xtal_33.cif,93.65819,73.46334
xtal_42.cif,./U3Si5/125/xtal_42.cif,74.929726,-2.2770166
xtal_45.cif,./U3Si5/125/xtal_45.cif,96.17781,-12.64019
xtal_67.cif,./U3Si5/125/xtal_67.cif,-37.97356,6.4223557
xtal_85.cif,./U3Si5/125/xtal_85.cif,-81.93778,17.12719
xtal_9.cif,./U3Si5/125/xtal_9.cif,97.438,63.36792
xtal_90.cif,./U3Si5/125/xtal_90.cif,88.120094,69.36389
xtal_92.cif,./U3Si5/125/xtal_92.cif,61.880596,49.86424
xtal_95.cif,./U3Si5/125/xtal_95.cif,90.50248,70.81288
xtal_1.cif,./U3Si5/126/xtal_1.cif,84.380356,5.0729856
xtal_10.cif,./U3Si5/126/xtal_10.cif,88.67948,46.242924
xtal_11.cif,./U3Si5/126/xtal_11.cif,-43.106647,86.66474
xtal_12.cif,./U3Si5/126/xtal_12.cif,-87.45308,52.967167
xtal_13.cif,./U3Si5/126/xtal_13.cif,7.71894,103.89758
xtal_14.cif,./U3Si5/126/xtal_14.cif,68.349304,16.43192
xtal_16.cif,./U3Si5/126/xtal_16.cif,92.25012,-10.709845
xtal_19.cif,./U3Si5/126/xtal_19.cif,92.80985,61.66314
xtal_2.cif,./U3Si5/126/xtal_2.cif,-62.45506,31.998268
xtal_21.cif,./U3Si5/126/xtal_21.cif,32.32583,-21.015104
xtal_22.cif,./U3Si5/126/xtal_22.cif,115.72615,29.30903
xtal_26.cif,./U3Si5/126/xtal_26.cif,55.563675,-38.29308
xtal_27.cif,./U3Si5/126/xtal_27.cif,0.98028684,61.841812
xtal_29.cif,./U3Si5/126/xtal_29.cif,-44.028515,28.379969
xtal_3.cif,./U3Si5/126/xtal_3.cif,-15.099692,32.823246
xtal_30.cif,./U3Si5/126/xtal_30.cif,60.65029,-55.133743
xtal_31.cif,./U3Si5/126/xtal_31.cif,4.411079,99.766594
xtal_32.cif,./U3Si5/126/xtal_32.cif,93.60516,68.272095
xtal_33.cif,./U3Si5/126/xtal_33.cif,107.524445,37.887096
xtal_36.cif,./U3Si5/126/xtal_36.cif,-17.549198,98.65539
xtal_39.cif,./U3Si5/126/xtal_39.cif,83.12559,22.746208
xtal_41.cif,./U3Si5/126/xtal_41.cif,44.297737,-92.30192
xtal_42.cif,./U3Si5/126/xtal_42.cif,-27.067068,16.615429
xtal_45.cif,./U3Si5/126/xtal_45.cif,-27.120928,53.28207
xtal_46.cif,./U3Si5/126/xtal_46.cif,60.356052,-79.07488
xtal_47.cif,./U3Si5/126/xtal_47.cif,80.72065,-40.67608
xtal_49.cif,./U3Si5/126/xtal_49.cif,-13.481237,40.92206
xtal_50.cif,./U3Si5/126/xtal_50.cif,-21.124002,-63.55949
xtal_51.cif,./U3Si5/126/xtal_51.cif,38.337704,-95.94205
xtal_54.cif,./U3Si5/126/xtal_54.cif,-90.55465,46.532883
xtal_57.cif,./U3Si5/126/xtal_57.cif,-117.646904,23.831324
xtal_58.cif,./U3Si5/126/xtal_58.cif,19.440989,-40.543423
xtal_6.cif,./U3Si5/126/xtal_6.cif,-115.81182,9.571336
xtal_64.cif,./U3Si5/126/xtal_64.cif,96.877266,52.045948
xtal_65.cif,./U3Si5/126/xtal_65.cif,-33.580246,29.703287
xtal_66.cif,./U3Si5/126/xtal_66.cif,-26.31744,0.8144351
xtal_69.cif,./U3Si5/126/xtal_69.cif,114.10556,16.490112
xtal_7.cif,./U3Si5/126/xtal_7.cif,88.82695,10.510023
xtal_70.cif,./U3Si5/126/xtal_70.cif,100.409134,21.163233
xtal_73.cif,./U3Si5/126/xtal_73.cif,10.635433,98.2825
xtal_8.cif,./U3Si5/126/xtal_8.cif,-38.12421,32.307972
xtal_80.cif,./U3Si5/126/xtal_80.cif,113.25507,29.73641
xtal_81.cif,./U3Si5/126/xtal_81.cif,-5.7141466,66.762115
xtal_82.cif,./U3Si5/126/xtal_82.cif,-94.19819,-1.28068
xtal_83.cif,./U3Si5/126/xtal_83.cif,-48.51637,98.0485
xtal_84.cif,./U3Si5/126/xtal_84.cif,-11.016616,-63.977333
xtal_85.cif,./U3Si5/126/xtal_85.cif,90.54804,2.3403895
xtal_90.cif,./U3Si5/126/xtal_90.cif,101.64343,-16.989769
xtal_92.cif,./U3Si5/126/xtal_92.cif,112.09805,16.643192
xtal_95.cif,./U3Si5/126/xtal_95.cif,-18.607718,98.32194
xtal_96.cif,./U3Si5/126/xtal_96.cif,-31.284472,-21.391256
xtal_97.cif,./U3Si5/126/xtal_97.cif,56.10362,-76.32505
xtal_10.cif,./U3Si5/127/xtal_10.cif,98.30254,-18.072939
xtal_100.cif,./U3Si5/127/xtal_100.cif,-70.74307,43.853737
xtal_11.cif,./U3Si5/127/xtal_11.cif,-72.16018,75.791534
xtal_13.cif,./U3Si5/127/xtal_13.cif,-46.548054,9.045545
xtal_19.cif,./U3Si5/127/xtal_19.cif,98.04112,61.002266
xtal_2.cif,./U3Si5/127/xtal_2.cif,-62.36951,65.56101
xtal_20.cif,./U3Si5/127/xtal_20.cif,88.87432,10.833201
xtal_24.cif,./U3Si5/127/xtal_24.cif,58.989006,-32.756744
xtal_26.cif,./U3Si5/127/xtal_26.cif,-25.422525,48.36451
xtal_28.cif,./U3Si5/127/xtal_28.cif,-56.799393,82.627335
xtal_29.cif,./U3Si5/127/xtal_29.cif,-77.56235,37.331673
xtal_3.cif,./U3Si5/127/xtal_3.cif,108.92352,7.361204
xtal_30.cif,./U3Si5/127/xtal_30.cif,77.53509,16.534582
xtal_31.cif,./U3Si5/127/xtal_31.cif,107.790146,37.790325
xtal_32.cif,./U3Si5/127/xtal_32.cif,67.25483,-49.38174
xtal_33.cif,./U3Si5/127/xtal_33.cif,78.659325,42.976368
xtal_35.cif,./U3Si5/127/xtal_35.cif,-15.716319,64.23288
xtal_36.cif,./U3Si5/127/xtal_36.cif,-33.90959,54.074604
xtal_38.cif,./U3Si5/127/xtal_38.cif,-88.59429,76.84112
xtal_39.cif,./U3Si5/127/xtal_39.cif,-27.610447,65.54175
xtal_40.cif,./U3Si5/127/xtal_40.cif,89.512245,-10.633057
xtal_42.cif,./U3Si5/127/xtal_42.cif,-81.49199,82.954056
xtal_46.cif,./U3Si5/127/xtal_46.cif,8.639477,31.840897
xtal_49.cif,./U3Si5/127/xtal_49.cif,-75.457054,23.742975
xtal_5.cif,./U3Si5/127/xtal_5.cif,59.326275,18.24553
xtal_50.cif,./U3Si5/127/xtal_50.cif,61.553146,49.624405
xtal_52.cif,./U3Si5/127/xtal_52.cif,-64.75351,-12.417615
xtal_54.cif,./U3Si5/127/xtal_54.cif,-68.6274,-41.543858
xtal_55.cif,./U3Si5/127/xtal_55.cif,-49.274353,-41.327633
xtal_57.cif,./U3Si5/127/xtal_57.cif,89.14785,56.621395
xtal_58.cif,./U3Si5/127/xtal_58.cif,94.747955,70.11814
xtal_59.cif,./U3Si5/127/xtal_59.cif,-81.47373,19.846231
xtal_64.cif,./U3Si5/127/xtal_64.cif,100.45042,-36.11075
xtal_66.cif,./U3Si5/127/xtal_66.cif,-77.32136,29.092646
xtal_69.cif,./U3Si5/127/xtal_69.cif,49.329136,-0.34837556
xtal_7.cif,./U3Si5/127/xtal_7.cif,26.074469,-61.561146
xtal_72.cif,./U3Si5/127/xtal_72.cif,45.173233,-4.181723
xtal_77.cif,./U3Si5/127/xtal_77.cif,-76.528625,48.7186
xtal_78.cif,./U3Si5/127/xtal_78.cif,-47.42451,-44.558125
xtal_79.cif,./U3Si5/127/xtal_79.cif,-25.072275,110.4037
xtal_8.cif,./U3Si5/127/xtal_8.cif,-73.86815,-41.56598
xtal_81.cif,./U3Si5/127/xtal_81.cif,-15.70243,111.03696
xtal_84.cif,./U3Si5/127/xtal_84.cif,-34.474144,20.376516
xtal_85.cif,./U3Si5/127/xtal_85.cif,-70.97192,57.18465
xtal_87.cif,./U3Si5/127/xtal_87.cif,62.956635,37.39937
xtal_88.cif,./U3Si5/127/xtal_88.cif,89.27612,55.7375
xtal_89.cif,./U3Si5/127/xtal_89.cif,41.377094,-18.305777
xtal_90.cif,./U3Si5/127/xtal_90.cif,-80.879486,56.82481
xtal_92.cif,./U3Si5/127/xtal_92.cif,-86.55734,-3.176668
xtal_93.cif,./U3Si5/127/xtal_93.cif,-20.837172,65.60146
xtal_94.cif,./U3Si5/127/xtal_94.cif,-13.686965,101.89438
xtal_95.cif,./U3Si5/127/xtal_95.cif,92.39054,70.327545
xtal_96.cif,./U3Si5/127/xtal_96.cif,-70.70123,7.928013
xtal_97.cif,./U3Si5/127/xtal_97.cif,18.15427,13.385608
xtal_98.cif,./U3Si5/127/xtal_98.cif,-44.538563,94.21604
xtal_11.cif,./U3Si5/128/xtal_11.cif,108.50796,37.787556
xtal_19.cif,./U3Si5/128/xtal_19.cif,7.209543,98.98434
xtal_35.cif,./U3Si5/128/xtal_35.cif,108.56672,37.73485
xtal_44.cif,./U3Si5/128/xtal_44.cif,99.90369,19.759935
xtal_47.cif,./U3Si5/128/xtal_47.cif,8.6251,109.78934
xtal_48.cif,./U3Si5/128/xtal_48.cif,-76.833534,-48.728996
xtal_49.cif,./U3Si5/128/xtal_49.cif,-85.145454,30.197718
xtal_56.cif,./U3Si5/128/xtal_56.cif,-44.19531,20.846603
xtal_69.cif,./U3Si5/128/xtal_69.cif,-71.65962,59.116062
xtal_70.cif,./U3Si5/128/xtal_70.cif,88.07869,69.36986
xtal_75.cif,./U3Si5/128/xtal_75.cif,-40.073288,103.60244
xtal_79.cif,./U3Si5/128/xtal_79.cif,-13.433496,76.74523
xtal_84.cif,./U3Si5/128/xtal_84.cif,113.86718,28.161926
xtal_89.cif,./U3Si5/128/xtal_89.cif,88.934784,48.728176
xtal_10.cif,./U3Si5/129/xtal_10.cif,-52.487995,78.88878
xtal_100.cif,./U3Si5/129/xtal_100.cif,70.61125,-53.61601
xtal_11.cif,./U3Si5/129/xtal_11.cif,-23.803581,105.07773
xtal_13.cif,./U3Si5/129/xtal_13.cif,-48.062263,-44.790825
xtal_14.cif,./U3Si5/129/xtal_14.cif,70.74046,-72.708565
xtal_15.cif,./U3Si5/129/xtal_15.cif,-25.609526,-37.238075
xtal_18.cif,./U3Si5/129/xtal_18.cif,81.093185,41.840958
xtal_19.cif,./U3Si5/129/xtal_19.cif,12.052936,-30.69366
xtal_20.cif,./U3Si5/129/xtal_20.cif,78.29465,14.357546
xtal_22.cif,./U3Si5/129/xtal_22.cif,-27.434046,-2.2141423
xtal_23.cif,./U3Si5/129/xtal_23.cif,-81.99501,-16.468721
xtal_24.cif,./U3Si5/129/xtal_24.cif,32.561134,92.45724
xtal_25.cif,./U3Si5/129/xtal_25.cif,-11.904342,111.3691
xtal_28.cif,./U3Si5/129/xtal_28.cif,-53.51223,-26.62293
xtal_29.cif,./U3Si5/129/xtal_29.cif,-55.02792,-33.332333
xtal_3.cif,./U3Si5/129/xtal_3.cif,59.24795,20.516605
xtal_32.cif,./U3Si5/129/xtal_32.cif,22.041441,-33.420204
xtal_34.cif,./U3Si5/129/xtal_34.cif,69.01697,9.012413
xtal_35.cif,./U3Si5/129/xtal_35.cif,-53.501236,-33.476913
xtal_37.cif,./U3Si5/129/xtal_37.cif,-55.780315,50.689404
xtal_38.cif,./U3Si5/129/xtal_38.cif,-72.58061,72.04097
xtal_39.cif,./U3Si5/129/xtal_39.cif,-44.69034,8.724228
xtal_4.cif,./U3Si5/129/xtal_4.cif,-7.5662932,-41.702442
xtal_41.cif,./U3Si5/129/xtal_41.cif,-8.539146,-82.26971
xtal_42.cif,./U3Si5/129/xtal_42.cif,-53.893227,0.33092684
xtal_43.cif,./U3Si5/129/xtal_43.cif,-73.03594,67.14574
xtal_44.cif,./U3Si5/129/xtal_44.cif,-40.42297,85.86212
xtal_45.cif,./U3Si5/129/xtal_45.cif,-93.6344,10.410287
xtal_47.cif,./U3Si5/129/xtal_47.cif,42.07094,-60.512577
xtal_48.cif,./U3Si5/129/xtal_48.cif,37.714058,-19.246187
xtal_49.cif,./U3Si5/129/xtal_49.cif,-88.730736,-18.050137
xtal_50.cif,./U3Si5/129/xtal_50.cif,-24.157906,106.91665
xtal_54.cif,./U3Si5/129/xtal_54.cif,-33.955067,107.822624
xtal_55.cif,./U3Si5/129/xtal_55.cif,-30.631426,82.00233
xtal_6.cif,./U3Si5/129/xtal_6.cif,24.600761,77.22606
xtal_60.cif,./U3Si5/129/xtal_60.cif,-74.53178,8.678931
xtal_61.cif,./U3Si5/129/xtal_61.cif,-58.248745,46.302055
xtal_63.cif,./U3Si5/129/xtal_63.cif,10.082901,105.40149
xtal_64.cif,./U3Si5/129/xtal_64.cif,65.80787,47.814987
xtal_66.cif,./U3Si5/129/xtal_66.cif,-94.11797,27.42317
xtal_68.cif,./U3Si5/129/xtal_68.cif,36.679325,-80.79258
xtal_69.cif,./U3Si5/129/xtal_69.cif,76.007034,8.771447
xtal_7.cif,./U3Si5/129/xtal_7.cif,19.905127,72.356094
xtal_73.cif,./U3Si5/129/xtal_73.cif,66.45177,48.81001
xtal_74.cif,./U3Si5/129/xtal_74.cif,-45.60923,9.094552
xtal_75.cif,./U3Si5/129/xtal_75.cif,-52.704575,-62.744465
xtal_76.cif,./U3Si5/129/xtal_76.cif,23.778797,-60.50757
xtal_78.cif,./U3Si5/129/xtal_78.cif,33.932236,-22.88143
xtal_79.cif,./U3Si5/129/xtal_79.cif,-47.31215,59.014553
xtal_8.cif,./U3Si5/129/xtal_8.cif,50.514633,14.386572
xtal_80.cif,./U3Si5/129/xtal_80.cif,-33.737022,-28.0282
xtal_81.cif,./U3Si5/129/xtal_81.cif,3.391296,98.71456
xtal_83.cif,./U3Si5/129/xtal_83.cif,80.25143,-4.112279
xtal_85.cif,./U3Si5/129/xtal_85.cif,-7.7965355,-93.55281
xtal_87.cif,./U3Si5/129/xtal_87.cif,49.926918,-61.89943
xtal_88.cif,./U3Si5/129/xtal_88.cif,27.193747,-72.630455
xtal_9.cif,./U3Si5/129/xtal_9.cif,-3.5613182,20.68267
xtal_90.cif,./U3Si5/129/xtal_90.cif,-27.374125,93.43235
xtal_91.cif,./U3Si5/129/xtal_91.cif,-38.23148,86.744354
xtal_92.cif,./U3Si5/129/xtal_92.cif,-23.732178,110.53311
xtal_94.cif,./U3Si5/129/xtal_94.cif,67.75109,47.60412
xtal_95.cif,./U3Si5/129/xtal_95.cif,-24.418703,108.44115
xtal_97.cif,./U3Si5/129/xtal_97.cif,7.1532745,107.12742
xtal_1.cif,./U3Si5/131/xtal_1.cif,-26.655643,-0.91745585
xtal_10.cif,./U3Si5/131/xtal_10.cif,46.550755,-63.014797
xtal_100.cif,./U3Si5/131/xtal_100.cif,76.94386,-52.69671
xtal_11.cif,./U3Si5/131/xtal_11.cif,-16.396862,-100.10385
xtal_12.cif,./U3Si5/131/xtal_12.cif,-2.6483686,-45.64588
xtal_14.cif,./U3Si5/131/xtal_14.cif,62.135532,-76.33684
xtal_16.cif,./U3Si5/131/xtal_16.cif,28.774431,-72.10465
xtal_17.cif,./U3Si5/131/xtal_17.cif,51.02811,-86.91015
xtal_18.cif,./U3Si5/131/xtal_18.cif,-8.417601,-50.76388
xtal_19.cif,./U3Si5/131/xtal_19.cif,-71.06552,-2.9843159
xtal_2.cif,./U3Si5/131/xtal_2.cif,-72.19364,58.45576
xtal_20.cif,./U3Si5/131/xtal_20.cif,-69.632195,-18.558256
xtal_21.cif,./U3Si5/131/xtal_21.cif,-61.561127,-10.363681
xtal_22.cif,./U3Si5/131/xtal_22.cif,-61.072697,-44.255287
xtal_23.cif,./U3Si5/131/xtal_23.cif,-76.34761,-23.701345
xtal_24.cif,./U3Si5/131/xtal_24.cif,-67.61803,-42.07793
xtal_25.cif,./U3Si5/131/xtal_25.cif,-65.58243,29.906237
xtal_26.cif,./U3Si5/131/xtal_26.cif,-31.989878,-96.600266
xtal_27.cif,./U3Si5/131/xtal_27.cif,43.688354,2.64864
xtal_28.cif,./U3Si5/131/xtal_28.cif,106.23505,-38.864567
xtal_29.cif,./U3Si5/131/xtal_29.cif,22.414112,-68.0395
xtal_3.cif,./U3Si5/131/xtal_3.cif,-91.93364,41.045895
xtal_30.cif,./U3Si5/131/xtal_30.cif,-53.493675,15.906878
xtal_31.cif,./U3Si5/131/xtal_31.cif,100.32079,-35.528614
xtal_32.cif,./U3Si5/131/xtal_32.cif,-97.46316,29.401743
xtal_33.cif,./U3Si5/131/xtal_33.cif,106.84873,-19.233242
xtal_34.cif,./U3Si5/131/xtal_34.cif,95.160736,-25.27071
xtal_35.cif,./U3Si5/131/xtal_35.cif,95.20271,-25.344738
xtal_36.cif,./U3Si5/131/xtal_36.cif,-52.831768,-42.41564
xtal_37.cif,./U3Si5/131/xtal_37.cif,10.413744,-23.661404
xtal_38.cif,./U3Si5/131/xtal_38.cif,-75.92533,55.839924
xtal_39.cif,./U3Si5/131/xtal_39.cif,-52.218945,78.87403
xtal_4.cif,./U3Si5/131/xtal_4.cif,0.50469905,-74.490776
xtal_40.cif,./U3Si5/131/xtal_40.cif,-21.42918,0.9232399
xtal_41.cif,./U3Si5/131/xtal_41.cif,-88.07686,-20.200108
xtal_42.cif,./U3Si5/131/xtal_42.cif,-8.438301,-15.553097
xtal_43.cif,./U3Si5/131/xtal_43.cif,-50.474236,-60.354095
xtal_44.cif,./U3Si5/131/xtal_44.cif,25.46718,71.104744
xtal_45.cif,./U3Si5/131/xtal_45.cif,-48.297844,-61.455715
xtal_46.cif,./U3Si5/131/xtal_46.cif,49.82254,-74.58196
xtal_47.cif,./U3Si5/131/xtal_47.cif,48.22816,-63.139946
xtal_48.cif,./U3Si5/131/xtal_48.cif,-32.20021,-0.56196576
xtal_49.cif,./U3Si5/131/xtal_49.cif,44.341423,17.754253
xtal_5.cif,./U3Si5/131/xtal_5.cif,-12.314627,53.958145
xtal_50.cif,./U3Si5/131/xtal_50.cif,50.895767,-77.270485
xtal_51.cif,./U3Si5/131/xtal_51.cif,-64.47815,-15.607951
xtal_52.cif,./U3Si5/131/xtal_52.cif,14.227363,-53.978485
xtal_53.cif,./U3Si5/131/xtal_53.cif,-6.164004,-88.22576
xtal_54.cif,./U3Si5/131/xtal_54.cif,-45.9983,-76.49552
xtal_55.cif,./U3Si5/131/xtal_55.cif,-70.91572,56.752422
xtal_56.cif,./U3Si5/131/xtal_56.cif,-93.314766,4.44483
xtal_57.cif,./U3Si5/131/xtal_57.cif,96.637924,-18.447464
xtal_58.cif,./U3Si5/131/xtal_58.cif,-43.757336,84.444664
xtal_59.cif,./U3Si5/131/xtal_59.cif,-50.915855,47.3301
xtal_6.cif,./U3Si5/131/xtal_6.cif,-53.013718,57.218258
xtal_60.cif,./U3Si5/131/xtal_60.cif,-70.25442,5.440721
xtal_61.cif,./U3Si5/131/xtal_61.cif,60.993645,24.176123
xtal_62.cif,./U3Si5/131/xtal_62.cif,11.748251,-63.306458
xtal_63.cif,./U3Si5/131/xtal_63.cif,38.84201,-20.509377
xtal_64.cif,./U3Si5/131/xtal_64.cif,-12.128684,-14.703529
xtal_65.cif,./U3Si5/131/xtal_65.cif,-32.23361,-95.943825
xtal_67.cif,./U3Si5/131/xtal_67.cif,-60.627228,-53.50858
xtal_68.cif,./U3Si5/131/xtal_68.cif,77.20633,-64.408615
xtal_69.cif,./U3Si5/131/xtal_69.cif,51.151733,15.028947
xtal_70.cif,./U3Si5/131/xtal_70.cif,-74.79218,-42.014183
xtal_71.cif,./U3Si5/131/xtal_71.cif,11.109937,-98.89005
xtal_72.cif,./U3Si5/131/xtal_72.cif,64.60576,-51.0988
xtal_73.cif,./U3Si5/131/xtal_73.cif,-27.609396,65.96769
xtal_74.cif,./U3Si5/131/xtal_74.cif,-76.05461,-39.783432
xtal_75.cif,./U3Si5/131/xtal_75.cif,83.94335,-68.00554
xtal_76.cif,./U3Si5/131/xtal_76.cif,-41.95696,-53.55239
xtal_77.cif,./U3Si5/131/xtal_77.cif,-1.6847159,1.1657753
xtal_78.cif,./U3Si5/131/xtal_78.cif,62.009434,-45.579533
xtal_79.cif,./U3Si5/131/xtal_79.cif,-6.099918,-90.75912
xtal_8.cif,./U3Si5/131/xtal_8.cif,-35.748745,-93.09612
xtal_80.cif,./U3Si5/131/xtal_80.cif,-8.881136,-85.25503
xtal_81.cif,./U3Si5/131/xtal_81.cif,13.955063,-95.56874
xtal_82.cif,./U3Si5/131/xtal_82.cif,-8.383113,-19.941887
xtal_83.cif,./U3Si5/131/xtal_83.cif,48.238865,0.79783386
xtal_84.cif,./U3Si5/131/xtal_84.cif,-32.409695,106.73196
xtal_85.cif,./U3Si5/131/xtal_85.cif,65.12058,-51.307495
xtal_86.cif,./U3Si5/131/xtal_86.cif,-71.36686,-42.660366
xtal_87.cif,./U3Si5/131/xtal_87.cif,-97.78962,7.6296635
xtal_88.cif,./U3Si5/131/xtal_88.cif,-40.77397,24.029266
xtal_90.cif,./U3Si5/131/xtal_90.cif,74.40532,-78.01756
xtal_91.cif,./U3Si5/131/xtal_91.cif,-39.637463,103.85762
xtal_92.cif,./U3Si5/131/xtal_92.cif,-71.11732,58.74899
xtal_94.cif,./U3Si5/131/xtal_94.cif,-40.185394,-83.40163
xtal_95.cif,./U3Si5/131/xtal_95.cif,31.484722,-46.709747
xtal_96.cif,./U3Si5/131/xtal_96.cif,1.1136079,111.43688
xtal_97.cif,./U3Si5/131/xtal_97.cif,-63.763805,-66.283104
xtal_98.cif,./U3Si5/131/xtal_98.cif,-20.141476,43.690563
xtal_99.cif,./U3Si5/131/xtal_99.cif,12.48101,-41.324497
xtal_1.cif,./U3Si5/132/xtal_1.cif,-74.26625,5.6493726
xtal_10.cif,./U3Si5/132/xtal_10.cif,64.699165,-43.831535
xtal_100.cif,./U3Si5/132/xtal_100.cif,-7.092696,-86.49156
xtal_11.cif,./U3Si5/132/xtal_11.cif,-71.95565,60.594048
xtal_12.cif,./U3Si5/132/xtal_12.cif,27.702356,-81.32693
xtal_13.cif,./U3Si5/132/xtal_13.cif,62.038963,-75.321526
xtal_14.cif,./U3Si5/132/xtal_14.cif,-59.519127,45.319126
xtal_15.cif,./U3Si5/132/xtal_15.cif,-39.85821,39.50355
xtal_16.cif,./U3Si5/132/xtal_16.cif,32.201355,74.13681
xtal_17.cif,./U3Si5/132/xtal_17.cif,-43.4664,-22.887526
xtal_18.cif,./U3Si5/132/xtal_18.cif,25.439634,-71.63998
xtal_19.cif,./U3Si5/132/xtal_19.cif,67.17308,-39.267643
xtal_2.cif,./U3Si5/132/xtal_2.cif,-3.3419745,-45.563023
xtal_20.cif,./U3Si5/132/xtal_20.cif,47.062344,-43.38918
xtal_21.cif,./U3Si5/132/xtal_21.cif,55.72687,-74.086914
xtal_22.cif,./U3Si5/132/xtal_22.cif,-47.65206,-23.430428
xtal_23.cif,./U3Si5/132/xtal_23.cif,42.45051,2.1032226
xtal_24.cif,./U3Si5/132/xtal_24.cif,60.082508,38.733047
xtal_25.cif,./U3Si5/132/xtal_25.cif,-23.04851,-39.466877
xtal_26.cif,./U3Si5/132/xtal_26.cif,-83.15199,17.219992
xtal_27.cif,./U3Si5/132/xtal_27.cif,-83.173225,24.921776
xtal_28.cif,./U3Si5/132/xtal_28.cif,-25.972742,-71.1733
xtal_29.cif,./U3Si5/132/xtal_29.cif,-51.31759,-59.548424
xtal_3.cif,./U3Si5/132/xtal_3.cif,-24.955233,-91.26153
xtal_30.cif,./U3Si5/132/xtal_30.cif,94.609695,40.98392
xtal_31.cif,./U3Si5/132/xtal_31.cif,-70.27574,9.394211
xtal_32.cif,./U3Si5/132/xtal_32.cif,-55.526554,79.17481
xtal_33.cif,./U3Si5/132/xtal_33.cif,16.308619,-26.470623
xtal_34.cif,./U3Si5/132/xtal_34.cif,95.912674,17.499243
xtal_35.cif,./U3Si5/132/xtal_35.cif,-30.318216,-8.152148
xtal_36.cif,./U3Si5/132/xtal_36.cif,-40.739464,8.933378
xtal_37.cif,./U3Si5/132/xtal_37.cif,-62.68649,46.861557
xtal_38.cif,./U3Si5/132/xtal_38.cif,70.14488,-52.369473
xtal_39.cif,./U3Si5/132/xtal_39.cif,-81.72639,26.01606
xtal_4.cif,./U3Si5/132/xtal_4.cif,-45.09069,-71.57779
xtal_40.cif,./U3Si5/132/xtal_40.cif,-44.193916,-51.51423
xtal_41.cif,./U3Si5/132/xtal_41.cif,98.0815,29.805365
xtal_42.cif,./U3Si5/132/xtal_42.cif,-80.51742,-19.189405
xtal_43.cif,./U3Si5/132/xtal_43.cif,-99.24418,11.402202
xtal_44.cif,./U3Si5/132/xtal_44.cif,-39.45129,40.69769
xtal_45.cif,./U3Si5/132/xtal_45.cif,84.96043,-44.32846
xtal_46.cif,./U3Si5/132/xtal_46.cif,-84.271675,23.336958
xtal_47.cif,./U3Si5/132/xtal_47.cif,70.236885,-53.344704
xtal_48.cif,./U3Si5/132/xtal_48.cif,-66.80624,-34.501076
xtal_49.cif,./U3Si5/132/xtal_49.cif,78.04212,38.5911
xtal_5.cif,./U3Si5/132/xtal_5.cif,29.015938,30.282793
xtal_50.cif,./U3Si5/132/xtal_50.cif,-20.498802,41.392338
xtal_51.cif,./U3Si5/132/xtal_51.cif,10.793196,-102.54784
xtal_52.cif,./U3Si5/132/xtal_52.cif,68.18106,16.042841
xtal_53.cif,./U3Si5/132/xtal_53.cif,48.193455,-73.46696
xtal_54.cif,./U3Si5/132/xtal_54.cif,1.3870671,67.39635
xtal_55.cif,./U3Si5/132/xtal_55.cif,-26.66823,-3.024057
xtal_56.cif,./U3Si5/132/xtal_56.cif,-8.45156,-99.857735
xtal_57.cif,./U3Si5/132/xtal_57.cif,-64.3883,-15.378989
xtal_58.cif,./U3Si5/132/xtal_58.cif,-33.693344,31.274899
xtal_59.cif,./U3Si5/132/xtal_59.cif,-10.423363,-10.030417
xtal_6.cif,./U3Si5/132/xtal_6.cif,52.667194,24.977028
xtal_60.cif,./U3Si5/132/xtal_60.cif,-20.200256,92.319305
xtal_61.cif,./U3Si5/132/xtal_61.cif,78.35457,46.3689
xtal_62.cif,./U3Si5/132/xtal_62.cif,36.91437,-9.187472
xtal_63.cif,./U3Si5/132/xtal_63.cif,-29.116852,-9.091829
xtal_64.cif,./U3Si5/132/xtal_64.cif,83.85865,-73.6983
xtal_65.cif,./U3Si5/132/xtal_65.cif,-9.445807,49.85499
xtal_66.cif,./U3Si5/132/xtal_66.cif,-19.97412,15.121801
xtal_67.cif,./U3Si5/132/xtal_67.cif,90.79984,-59.110836
xtal_68.cif,./U3Si5/132/xtal_68.cif,-6.821467,74.52059
xtal_69.cif,./U3Si5/132/xtal_69.cif,-44.14452,-51.761032
xtal_7.cif,./U3Si5/132/xtal_7.cif,-54.15763,-27.091791
xtal_70.cif,./U3Si5/132/xtal_70.cif,53.84756,18.888756
xtal_71.cif,./U3Si5/132/xtal_71.cif,-46.475315,-72.98199
xtal_72.cif,./U3Si5/132/xtal_72.cif,-44.768803,82.75864
xtal_73.cif,./U3Si5/132/xtal_73.cif,-59.848606,45.72317
xtal_74.cif,./U3Si5/132/xtal_74.cif,61.96699,-39.732605
xtal_75.cif,./U3Si5/132/xtal_75.cif,0.81940126,-101.416016
xtal_76.cif,./U3Si5/132/xtal_76.cif,-60.731674,79.237595
xtal_77.cif,./U3Si5/132/xtal_77.cif,-49.549862,1.4616
xtal_78.cif,./U3Si5/132/xtal_78.cif,-50.71615,-84.1037
xtal_79.cif,./U3Si5/132/xtal_79.cif,56.54614,-69.31004
xtal_8.cif,./U3Si5/132/xtal_8.cif,66.50693,-78.07905
xtal_80.cif,./U3Si5/132/xtal_80.cif,11.452592,-41.32376
xtal_81.cif,./U3Si5/132/xtal_81.cif,4.354217,96.21597
xtal_82.cif,./U3Si5/132/xtal_82.cif,-64.99835,-64.75778
xtal_83.cif,./U3Si5/132/xtal_83.cif,95.94,-43.936188
xtal_84.cif,./U3Si5/132/xtal_84.cif,85.64204,-53.286552
xtal_85.cif,./U3Si5/132/xtal_85.cif,-6.7606254,67.137405
xtal_86.cif,./U3Si5/132/xtal_86.cif,-56.72252,74.97963
xtal_87.cif,./U3Si5/132/xtal_87.cif,6.4136786,67.62977
xtal_88.cif,./U3Si5/132/xtal_88.cif,-16.662474,-43.210777
xtal_89.cif,./U3Si5/132/xtal_89.cif,26.950146,-87.418976
xtal_9.cif,./U3Si5/132/xtal_9.cif,-63.741104,-22.047817
xtal_90.cif,./U3Si5/132/xtal_90.cif,83.27563,-45.182606
xtal_91.cif,./U3Si5/132/xtal_91.cif,-97.543976,10.141223
xtal_92.cif,./U3Si5/132/xtal_92.cif,-30.100363,55.612183
xtal_93.cif,./U3Si5/132/xtal_93.cif,24.526833,-101.46171
xtal_94.cif,./U3Si5/132/xtal_94.cif,-35.43829,105.96862
xtal_95.cif,./U3Si5/132/xtal_95.cif,95.733444,61.33416
xtal_96.cif,./U3Si5/132/xtal_96.cif,92.759964,-3.7477572
xtal_97.cif,./U3Si5/132/xtal_97.cif,-71.80795,-42.613144
xtal_98.cif,./U3Si5/132/xtal_98.cif,-4.9867525,-10.531379
xtal_99.cif,./U3Si5/132/xtal_99.cif,13.352726,2.2085123
xtal_19.cif,./U3Si5/134/xtal_19.cif,92.89623,-26.339977
xtal_27.cif,./U3Si5/134/xtal_27.cif,-39.188263,-6.8008914
xtal_41.cif,./U3Si5/134/xtal_41.cif,-40.485516,94.09106
xtal_42.cif,./U3Si5/134/xtal_42.cif,0.6896129,-96.70465
xtal_51.cif,./U3Si5/134/xtal_51.cif,56.287334,40.934467
xtal_58.cif,./U3Si5/134/xtal_58.cif,-41.398052,35.035583
xtal_9.cif,./U3Si5/134/xtal_9.cif,87.24491,4.6935425
xtal_93.cif,./U3Si5/134/xtal_93.cif,-17.636093,14.372314
xtal_95.cif,./U3Si5/134/xtal_95.cif,90.83187,49.24283
xtal_10.cif,./U3Si5/136/xtal_10.cif,-40.868248,104.6386
xtal_100.cif,./U3Si5/136/xtal_100.cif,-29.399372,6.805118
xtal_11.cif,./U3Si5/136/xtal_11.cif,-57.195866,24.937315
xtal_12.cif,./U3Si5/136/xtal_12.cif,-60.525146,-0.63414764
xtal_13.cif,./U3Si5/136/xtal_13.cif,0.2216581,-73.77343
xtal_14.cif,./U3Si5/136/xtal_14.cif,111.36389,-8.227907
xtal_15.cif,./U3Si5/136/xtal_15.cif,2.7827694,-60.594543
xtal_16.cif,./U3Si5/136/xtal_16.cif,-41.967995,41.72788
xtal_17.cif,./U3Si5/136/xtal_17.cif,93.29254,72.3418
xtal_18.cif,./U3Si5/136/xtal_18.cif,10.882413,-73.641945
xtal_19.cif,./U3Si5/136/xtal_19.cif,-86.62272,-24.515652
xtal_2.cif,./U3Si5/136/xtal_2.cif,-38.980167,-63.385895
xtal_20.cif,./U3Si5/136/xtal_20.cif,68.61344,-80.75855
xtal_21.cif,./U3Si5/136/xtal_21.cif,-100.048065,-1.3801931
xtal_22.cif,./U3Si5/136/xtal_22.cif,79.99893,-38.410233
xtal_23.cif,./U3Si5/136/xtal_23.cif,-60.063957,46.27133
xtal_24.cif,./U3Si5/136/xtal_24.cif,-20.457836,-39.609993
xtal_25.cif,./U3Si5/136/xtal_25.cif,86.53186,-42.67181
xtal_26.cif,./U3Si5/136/xtal_26.cif,32.1086,-94.69497
xtal_27.cif,./U3Si5/136/xtal_27.cif,-2.4648101,-59.97662
xtal_28.cif,./U3Si5/136/xtal_28.cif,47.579353,-28.227404
xtal_29.cif,./U3Si5/136/xtal_29.cif,-70.8723,-42.34438
xtal_3.cif,./U3Si5/136/xtal_3.cif,-12.017247,-75.89399
xtal_30.cif,./U3Si5/136/xtal_30.cif,100.827255,-34.62245
xtal_31.cif,./U3Si5/136/xtal_31.cif,-49.281204,-35.386883
xtal_32.cif,./U3Si5/136/xtal_32.cif,52.857357,-78.12949
xtal_33.cif,./U3Si5/136/xtal_33.cif,-85.082794,-23.15769
xtal_34.cif,./U3Si5/136/xtal_34.cif,43.735413,-80.80672
xtal_35.cif,./U3Si5/136/xtal_35.cif,-3.527165,-13.451282
xtal_36.cif,./U3Si5/136/xtal_36.cif,-7.6629715,-83.95816
xtal_37.cif,./U3Si5/136/xtal_37.cif,-67.579865,-5.8311095
xtal_38.cif,./U3Si5/136/xtal_38.cif,-19.349728,-83.42928
xtal_39.cif,./U3Si5/136/xtal_39.cif,26.525278,-54.64091
xtal_4.cif,./U3Si5/136/xtal_4.cif,117.27617,34.48209
xtal_40.cif,./U3Si5/136/xtal_40.cif,-63.66502,99.585724
xtal_41.cif,./U3Si5/136/xtal_41.cif,-53.77053,-58.007927
xtal_42.cif,./U3Si5/136/xtal_42.cif,-25.935028,-68.55225
xtal_43.cif,./U3Si5/136/xtal_43.cif,-66.257835,-29.76576
xtal_44.cif,./U3Si5/136/xtal_44.cif,-20.90648,-37.59944
xtal_47.cif,./U3Si5/136/xtal_47.cif,39.741646,-78.56713
xtal_48.cif,./U3Si5/136/xtal_48.cif,-21.002937,94.24289
xtal_49.cif,./U3Si5/136/xtal_49.cif,-10.697323,-49.543137
xtal_5.cif,./U3Si5/136/xtal_5.cif,70.565346,-10.957449
xtal_52.cif,./U3Si5/136/xtal_52.cif,-60.40195,-31.257833
xtal_53.cif,./U3Si5/136/xtal_53.cif,-61.21518,-54.59206
xtal_54.cif,./U3Si5/136/xtal_54.cif,19.892857,-76.705666
xtal_55.cif,./U3Si5/136/xtal_55.cif,-63.419167,41.111702
xtal_56.cif,./U3Si5/136/xtal_56.cif,-23.119585,5.100488
xtal_57.cif,./U3Si5/136/xtal_57.cif,25.791807,-24.466743
xtal_59.cif,./U3Si5/136/xtal_59.cif,114.63636,36.22247
xtal_6.cif,./U3Si5/136/xtal_6.cif,104.377625,-37.754387
xtal_60.cif,./U3Si5/136/xtal_60.cif,-7.3830166,-62.23453
xtal_61.cif,./U3Si5/136/xtal_61.cif,-42.47226,-44.57203
xtal_62.cif,./U3Si5/136/xtal_62.cif,-45.363487,-4.4640336
xtal_63.cif,./U3Si5/136/xtal_63.cif,-27.721443,-1.6416775
xtal_64.cif,./U3Si5/136/xtal_64.cif,7.801606,62.655308
xtal_65.cif,./U3Si5/136/xtal_65.cif,99.607605,20.050392
xtal_66.cif,./U3Si5/136/xtal_66.cif,-6.4455285,-65.024475
xtal_67.cif,./U3Si5/136/xtal_67.cif,-4.1102486,-85.90155
xtal_68.cif,./U3Si5/136/xtal_68.cif,-68.53497,81.83755
xtal_69.cif,./U3Si5/136/xtal_69.cif,-73.380325,66.76398
xtal_70.cif,./U3Si5/136/xtal_70.cif,-55.31748,-73.99328
xtal_71.cif,./U3Si5/136/xtal_71.cif,-8.364723,-18.232576
xtal_72.cif,./U3Si5/136/xtal_72.cif,-68.31558,82.12955
xtal_73.cif,./U3Si5/136/xtal_73.cif,-91.62534,15.188426
xtal_74.cif,./U3Si5/136/xtal_74.cif,-27.225914,-43.076252
xtal_75.cif,./U3Si5/136/xtal_75.cif,25.88012,-67.90292
xtal_76.cif,./U3Si5/136/xtal_76.cif,94.738976,11.177456
xtal_77.cif,./U3Si5/136/xtal_77.cif,-22.910927,110.64587
xtal_78.cif,./U3Si5/136/xtal_78.cif,-81.50256,13.718403
xtal_79.cif,./U3Si5/136/xtal_79.cif,45.436443,3.8935173
xtal_8.cif,./U3Si5/136/xtal_8.cif,-56.897655,42.483437
xtal_81.cif,./U3Si5/136/xtal_81.cif,-90.82509,14.829009
xtal_82.cif,./U3Si5/136/xtal_82.cif,-72.79828,69.916115
xtal_83.cif,./U3Si5/136/xtal_83.cif,-67.65545,-48.906345
xtal_84.cif,./U3Si5/136/xtal_84.cif,29.928936,-78.52907
xtal_85.cif,./U3Si5/136/xtal_85.cif,-77.20051,8.422499
xtal_87.cif,./U3Si5/136/xtal_87.cif,-10.572561,-49.36423
xtal_89.cif,./U3Si5/136/xtal_89.cif,109.99139,18.517275
xtal_9.cif,./U3Si5/136/xtal_9.cif,-73.683716,-32.558075
xtal_90.cif,./U3Si5/136/xtal_90.cif,-30.380901,-74.75955
xtal_91.cif,./U3Si5/136/xtal_91.cif,-42.865944,60.202934
xtal_92.cif,./U3Si5/136/xtal_92.cif,-63.34611,46.097897
xtal_93.cif,./U3Si5/136/xtal_93.cif,-76.060524,16.717327
xtal_94.cif,./U3Si5/136/xtal_94.cif,104.70068,7.150231
xtal_95.cif,./U3Si5/136/xtal_95.cif,-37.593292,110.44345
xtal_96.cif,./U3Si5/136/xtal_96.cif,39.953846,1.0720176
xtal_98.cif,./U3Si5/136/xtal_98.cif,1.4846872,-62.497726
xtal_99.cif,./U3Si5/136/xtal_99.cif,8.283913,-27.09447
xtal_1.cif,./U3Si5/137/xtal_1.cif,64.993965,-11.34431
xtal_100.cif,./U3Si5/137/xtal_100.cif,-48.860146,-69.54289
xtal_11.cif,./U3Si5/137/xtal_11.cif,-67.67656,65.729744
xtal_12.cif,./U3Si5/137/xtal_12.cif,62.02109,-48.31362
xtal_13.cif,./U3Si5/137/xtal_13.cif,77.484,-52.21292
xtal_14.cif,./U3Si5/137/xtal_14.cif,-98.23096,4.1968536
xtal_15.cif,./U3Si5/137/xtal_15.cif,-65.73174,-56.172546
xtal_16.cif,./U3Si5/137/xtal_16.cif,-25.713,-98.560135
xtal_17.cif,./U3Si5/137/xtal_17.cif,64.264084,-77.92197
xtal_18.cif,./U3Si5/137/xtal_18.cif,-76.64392,55.621033
xtal_19.cif,./U3Si5/137/xtal_19.cif,56.905518,-80.268196
xtal_2.cif,./U3Si5/137/xtal_2.cif,-69.3997,-30.121511
xtal_21.cif,./U3Si5/137/xtal_21.cif,0.9542234,-98.534744
xtal_22.cif,./U3Si5/137/xtal_22.cif,33.420166,-79.38947
xtal_23.cif,./U3Si5/137/xtal_23.cif,-42.98994,20.852934
xtal_24.cif,./U3Si5/137/xtal_24.cif,-42.114815,21.171907
xtal_25.cif,./U3Si5/137/xtal_25.cif,100.53079,-16.30077
xtal_26.cif,./U3Si5/137/xtal_26.cif,7.6905212,94.7556
xtal_27.cif,./U3Si5/137/xtal_27.cif,60.677856,-41.496502
xtal_28.cif,./U3Si5/137/xtal_28.cif,-62.659634,100.64388
xtal_29.cif,./U3Si5/137/xtal_29.cif,-81.30564,83.10194
xtal_3.cif,./U3Si5/137/xtal_3.cif,80.4278,-37.610928
xtal_30.cif,./U3Si5/137/xtal_30.cif,-61.477543,0.91783994
xtal_31.cif,./U3Si5/137/xtal_31.cif,62.02887,-46.427723
xtal_32.cif,./U3Si5/137/xtal_32.cif,59.2467,-74.32353
xtal_33.cif,./U3Si5/137/xtal_33.cif,101.674194,-16.735138
xtal_35.cif,./U3Si5/137/xtal_35.cif,-104.211975,-14.482181
xtal_36.cif,./U3Si5/137/xtal_36.cif,-88.29882,46.540417
xtal_37.cif,./U3Si5/137/xtal_37.cif,-117.9145,18.111002
xtal_38.cif,./U3Si5/137/xtal_38.cif,58.539318,27.010386
xtal_39.cif,./U3Si5/137/xtal_39.cif,-69.92642,-41.95853
xtal_4.cif,./U3Si5/137/xtal_4.cif,30.805897,-36.672653
xtal_40.cif,./U3Si5/137/xtal_40.cif,-45.48604,-26.543528
xtal_41.cif,./U3Si5/137/xtal_41.cif,-13.958999,42.14147
xtal_42.cif,./U3Si5/137/xtal_42.cif,-33.20676,-21.418941
xtal_43.cif,./U3Si5/137/xtal_43.cif,-94.26022,-4.722177
xtal_44.cif,./U3Si5/137/xtal_44.cif,-108.10015,-3.416385
xtal_46.cif,./U3Si5/137/xtal_46.cif,56.28523,15.956431
xtal_47.cif,./U3Si5/137/xtal_47.cif,50.222343,-92.05982
xtal_48.cif,./U3Si5/137/xtal_48.cif,48.27124,-7.115095
xtal_49.cif,./U3Si5/137/xtal_49.cif,67.32709,-42.105366
xtal_5.cif,./U3Si5/137/xtal_5.cif,-3.5409303,-22.253664
xtal_50.cif,./U3Si5/137/xtal_50.cif,58.972614,-6.3318367
xtal_51.cif,./U3Si5/137/xtal_51.cif,-43.11985,41.39419
xtal_52.cif,./U3Si5/137/xtal_52.cif,62.54203,-43.675373
xtal_53.cif,./U3Si5/137/xtal_53.cif,49.404507,-61.845505
xtal_54.cif,./U3Si5/137/xtal_54.cif,-86.67349,78.4126
xtal_55.cif,./U3Si5/137/xtal_55.cif,-26.287922,64.18256
xtal_56.cif,./U3Si5/137/xtal_56.cif,67.112,-41.034405
xtal_57.cif,./U3Si5/137/xtal_57.cif,-46.431694,9.3595495
xtal_58.cif,./U3Si5/137/xtal_58.cif,-70.8744,32.83439
xtal_59.cif,./U3Si5/137/xtal_59.cif,-84.43199,-42.534176
xtal_6.cif,./U3Si5/137/xtal_6.cif,77.7053,-56.266838
xtal_60.cif,./U3Si5/137/xtal_60.cif,-33.971054,20.572153
xtal_62.cif,./U3Si5/137/xtal_62.cif,82.99959,-38.851677
xtal_63.cif,./U3Si5/137/xtal_63.cif,48.4687,-7.098692
xtal_64.cif,./U3Si5/137/xtal_64.cif,-65.25066,-50.639137
xtal_65.cif,./U3Si5/137/xtal_65.cif,32.069954,-79.97412
xtal_66.cif,./U3Si5/137/xtal_66.cif,-93.755615,10.479445
xtal_67.cif,./U3Si5/137/xtal_67.cif,58.81651,-45.13179
xtal_68.cif,./U3Si5/137/xtal_68.cif,-87.76272,50.7544
xtal_69.cif,./U3Si5/137/xtal_69.cif,60.012188,-45.602703
xtal_7.cif,./U3Si5/137/xtal_7.cif,-72.00142,-10.603264
xtal_70.cif,./U3Si5/137/xtal_70.cif,-65.01521,97.94956
xtal_71.cif,./U3Si5/137/xtal_71.cif,-77.33099,-41.176266
xtal_72.cif,./U3Si5/137/xtal_72.cif,-82.68412,55.742996
xtal_73.cif,./U3Si5/137/xtal_73.cif,-12.227544,53.66873
xtal_74.cif,./U3Si5/137/xtal_74.cif,-2.6994736,87.8491
xtal_75.cif,./U3Si5/137/xtal_75.cif,-33.152622,-99.701485
xtal_76.cif,./U3Si5/137/xtal_76.cif,-72.89274,-59.92309
xtal_77.cif,./U3Si5/137/xtal_77.cif,62.477413,-45.304256
xtal_78.cif,./U3Si5/137/xtal_78.cif,62.212624,-45.569073
xtal_79.cif,./U3Si5/137/xtal_79.cif,-51.08799,77.85562
xtal_8.cif,./U3Si5/137/xtal_8.cif,64.72313,-9.36014
xtal_80.cif,./U3Si5/137/xtal_80.cif,108.55823,-10.6412525
xtal_81.cif,./U3Si5/137/xtal_81.cif,-6.921683,103.95134
xtal_83.cif,./U3Si5/137/xtal_83.cif,-26.06662,99.18641
xtal_84.cif,./U3Si5/137/xtal_84.cif,-64.75948,64.89451
xtal_86.cif,./U3Si5/137/xtal_86.cif,61.04142,-75.47062
xtal_87.cif,./U3Si5/137/xtal_87.cif,44.797497,-93.60505
xtal_88.cif,./U3Si5/137/xtal_88.cif,-12.231146,53.29759
xtal_89.cif,./U3Si5/137/xtal_89.cif,-97.045715,19.516268
xtal_9.cif,./U3Si5/137/xtal_9.cif,-83.78013,-43.224075
xtal_90.cif,./U3Si5/137/xtal_90.cif,-94.96997,-28.899532
xtal_91.cif,./U3Si5/137/xtal_91.cif,-13.27941,41.459774
xtal_93.cif,./U3Si5/137/xtal_93.cif,-57.2529,-42.668427
xtal_94.cif,./U3Si5/137/xtal_94.cif,-38.08024,-88.7052
xtal_95.cif,./U3Si5/137/xtal_95.cif,-30.088373,55.51124
xtal_96.cif,./U3Si5/137/xtal_96.cif,-116.790634,17.82521
xtal_97.cif,./U3Si5/137/xtal_97.cif,-24.278246,105.25527
xtal_98.cif,./U3Si5/137/xtal_98.cif,-117.21604,26.946241
xtal_99.cif,./U3Si5/137/xtal_99.cif,6.769845,110.43602
xtal_1.cif,./U3Si5/139/xtal_1.cif,-78.378174,-39.536194
xtal_10.cif,./U3Si5/139/xtal_10.cif,-42.259403,41.43265
xtal_100.cif,./U3Si5/139/xtal_100.cif,94.45841,45.846252
xtal_11.cif,./U3Si5/139/xtal_11.cif,60.661964,-55.16922
xtal_12.cif,./U3Si5/139/xtal_12.cif,56.5285,31.899763
xtal_13.cif,./U3Si5/139/xtal_13.cif,-20.222273,65.07866
xtal_14.cif,./U3Si5/139/xtal_14.cif,-101.55163,-18.874306
xtal_15.cif,./U3Si5/139/xtal_15.cif,83.35997,-45.04312
xtal_16.cif,./U3Si5/139/xtal_16.cif,114.25006,9.661898
xtal_17.cif,./U3Si5/139/xtal_17.cif,31.68045,-46.151276
xtal_18.cif,./U3Si5/139/xtal_18.cif,-18.097061,13.926877
xtal_19.cif,./U3Si5/139/xtal_19.cif,-84.35279,56.038197
xtal_2.cif,./U3Si5/139/xtal_2.cif,93.26789,72.197
xtal_20.cif,./U3Si5/139/xtal_20.cif,98.558304,16.833952
xtal_21.cif,./U3Si5/139/xtal_21.cif,60.20986,48.60551
xtal_22.cif,./U3Si5/139/xtal_22.cif,42.726566,-92.70403
xtal_23.cif,./U3Si5/139/xtal_23.cif,45.645836,-79.03494
xtal_24.cif,./U3Si5/139/xtal_24.cif,-93.26931,10.096165
xtal_25.cif,./U3Si5/139/xtal_25.cif,92.92222,-46.477196
xtal_26.cif,./U3Si5/139/xtal_26.cif,-18.707624,-64.09692
xtal_27.cif,./U3Si5/139/xtal_27.cif,-32.011375,-24.786242
xtal_28.cif,./U3Si5/139/xtal_28.cif,88.815735,48.15426
xtal_29.cif,./U3Si5/139/xtal_29.cif,-49.988003,96.77134
xtal_3.cif,./U3Si5/139/xtal_3.cif,-15.062722,-100.726944
xtal_30.cif,./U3Si5/139/xtal_30.cif,-66.079704,81.766655
xtal_31.cif,./U3Si5/139/xtal_31.cif,70.414986,3.0882626
xtal_32.cif,./U3Si5/139/xtal_32.cif,115.17266,7.8230615
xtal_33.cif,./U3Si5/139/xtal_33.cif,7.9023705,68.191246
xtal_34.cif,./U3Si5/139/xtal_34.cif,51.24085,14.932598
xtal_35.cif,./U3Si5/139/xtal_35.cif,-29.74043,-26.583704
xtal_36.cif,./U3Si5/139/xtal_36.cif,109.93386,16.397968
xtal_37.cif,./U3Si5/139/xtal_37.cif,-0.55143106,-55.1622
xtal_38.cif,./U3Si5/139/xtal_38.cif,20.026155,-67.08925
xtal_39.cif,./U3Si5/139/xtal_39.cif,-6.240078,-69.45871
xtal_4.cif,./U3Si5/139/xtal_4.cif,112.73589,28.656448
xtal_40.cif,./U3Si5/139/xtal_40.cif,45.30929,-59.76483
xtal_41.cif,./U3Si5/139/xtal_41.cif,-72.85661,-59.97742
xtal_42.cif,./U3Si5/139/xtal_42.cif,19.612574,-67.323235
xtal_43.cif,./U3Si5/139/xtal_43.cif,45.79229,-59.383163
xtal_44.cif,./U3Si5/139/xtal_44.cif,54.661785,-39.542976
xtal_45.cif,./U3Si5/139/xtal_45.cif,84.35073,3.4055557
xtal_46.cif,./U3Si5/139/xtal_46.cif,-117.1557,27.495056
xtal_47.cif,./U3Si5/139/xtal_47.cif,-49.48955,0.96529514
xtal_48.cif,./U3Si5/139/xtal_48.cif,46.488068,-74.90379
xtal_49.cif,./U3Si5/139/xtal_49.cif,-95.95112,-9.78224
xtal_5.cif,./U3Si5/139/xtal_5.cif,-90.132256,13.74745
xtal_50.cif,./U3Si5/139/xtal_50.cif,83.834145,-1.4426037
xtal_51.cif,./U3Si5/139/xtal_51.cif,-55.931786,-83.63203
xtal_52.cif,./U3Si5/139/xtal_52.cif,83.97522,4.113283
xtal_53.cif,./U3Si5/139/xtal_53.cif,56.142452,16.147917
xtal_54.cif,./U3Si5/139/xtal_54.cif,60.36403,-51.554295
xtal_55.cif,./U3Si5/139/xtal_55.cif,96.55735,56.57898
xtal_56.cif,./U3Si5/139/xtal_56.cif,-94.32601,-49.011066
xtal_57.cif,./U3Si5/139/xtal_57.cif,-49.531902,-68.58784
xtal_58.cif,./U3Si5/139/xtal_58.cif,-64.900215,-12.400906
xtal_59.cif,./U3Si5/139/xtal_59.cif,-6.9925766,61.776497
xtal_6.cif,./U3Si5/139/xtal_6.cif,57.81071,-71.912186
xtal_60.cif,./U3Si5/139/xtal_60.cif,93.7372,73.689125
xtal_61.cif,./U3Si5/139/xtal_61.cif,-71.41509,6.4297476
xtal_62.cif,./U3Si5/139/xtal_62.cif,56.182983,-73.424644
xtal_63.cif,./U3Si5/139/xtal_63.cif,-93.026924,41.082817
xtal_64.cif,./U3Si5/139/xtal_64.cif,12.616653,-73.08042
xtal_65.cif,./U3Si5/139/xtal_65.cif,-14.803467,64.64562
xtal_66.cif,./U3Si5/139/xtal_66.cif,-66.73779,82.7249
xtal_67.cif,./U3Si5/139/xtal_67.cif,-64.07908,27.566172
xtal_68.cif,./U3Si5/139/xtal_68.cif,-7.752441,8.592752
xtal_69.cif,./U3Si5/139/xtal_69.cif,-86.16194,78.82695
xtal_7.cif,./U3Si5/139/xtal_7.cif,43.183952,-45.49243
xtal_70.cif,./U3Si5/139/xtal_70.cif,102.21279,-18.210154
xtal_71.cif,./U3Si5/139/xtal_71.cif,11.085474,100.366035
xtal_72.cif,./U3Si5/139/xtal_72.cif,-37.106644,-85.11581
xtal_73.cif,./U3Si5/139/xtal_73.cif,-44.827564,58.932625
xtal_74.cif,./U3Si5/139/xtal_74.cif,-11.15898,-68.68871
xtal_75.cif,./U3Si5/139/xtal_75.cif,71.214066,-72.54713
xtal_76.cif,./U3Si5/139/xtal_76.cif,64.707535,13.854414
xtal_77.cif,./U3Si5/139/xtal_77.cif,43.559677,-93.293686
xtal_78.cif,./U3Si5/139/xtal_78.cif,111.8801,-12.631331
xtal_79.cif,./U3Si5/139/xtal_79.cif,56.71462,23.567831
xtal_8.cif,./U3Si5/139/xtal_8.cif,-88.14145,51.47464
xtal_80.cif,./U3Si5/139/xtal_80.cif,0.62249845,110.449974
xtal_81.cif,./U3Si5/139/xtal_81.cif,42.07071,-51.290348
xtal_82.cif,./U3Si5/139/xtal_82.cif,47.000942,-74.004074
xtal_83.cif,./U3Si5/139/xtal_83.cif,109.76602,-9.423206
xtal_84.cif,./U3Si5/139/xtal_84.cif,-75.99685,44.850212
xtal_85.cif,./U3Si5/139/xtal_85.cif,-98.02735,14.721906
xtal_86.cif,./U3Si5/139/xtal_86.cif,90.82895,-15.561256
xtal_87.cif,./U3Si5/139/xtal_87.cif,-97.73938,14.269518
xtal_88.cif,./U3Si5/139/xtal_88.cif,116.4485,10.098736
xtal_89.cif,./U3Si5/139/xtal_89.cif,11.042741,99.481895
xtal_9.cif,./U3Si5/139/xtal_9.cif,-34.69369,56.606438
xtal_90.cif,./U3Si5/139/xtal_90.cif,-103.13855,19.937494
xtal_91.cif,./U3Si5/139/xtal_91.cif,-82.58445,39.324734
xtal_92.cif,./U3Si5/139/xtal_92.cif,-24.892036,-38.677044
xtal_93.cif,./U3Si5/139/xtal_93.cif,45.746986,-92.49075
xtal_94.cif,./U3Si5/139/xtal_94.cif,67.07138,-42.784546
xtal_95.cif,./U3Si5/139/xtal_95.cif,-95.40906,-27.944529
xtal_96.cif,./U3Si5/139/xtal_96.cif,113.46814,25.80638
xtal_97.cif,./U3Si5/139/xtal_97.cif,-101.875336,60.556652
xtal_98.cif,./U3Si5/139/xtal_98.cif,62.927963,-48.22324
xtal_99.cif,./U3Si5/139/xtal_99.cif,-7.6068296,-49.84504
xtal_1.cif,./U3Si5/143/xtal_1.cif,-19.352726,-19.957586
xtal_10.cif,./U3Si5/143/xtal_10.cif,-5.2602983,111.510445
xtal_11.cif,./U3Si5/143/xtal_11.cif,-7.552187,8.509302
xtal_14.cif,./U3Si5/143/xtal_14.cif,-73.4941,19.743536
xtal_15.cif,./U3Si5/143/xtal_15.cif,24.217852,8.1686
xtal_16.cif,./U3Si5/143/xtal_16.cif,-75.45602,17.904568
xtal_17.cif,./U3Si5/143/xtal_17.cif,-28.24171,104.928925
xtal_18.cif,./U3Si5/143/xtal_18.cif,6.8761477,47.985577
xtal_2.cif,./U3Si5/143/xtal_2.cif,31.635439,35.172497
xtal_23.cif,./U3Si5/143/xtal_23.cif,-51.399162,-30.097235
xtal_24.cif,./U3Si5/143/xtal_24.cif,42.94045,48.52581
xtal_25.cif,./U3Si5/143/xtal_25.cif,-55.529728,50.610435
xtal_27.cif,./U3Si5/143/xtal_27.cif,-78.36112,9.322317
xtal_30.cif,./U3Si5/143/xtal_30.cif,-11.771646,-11.078726
xtal_33.cif,./U3Si5/143/xtal_33.cif,-13.365239,30.989319
xtal_35.cif,./U3Si5/143/xtal_35.cif,-56.687363,80.35799
xtal_37.cif,./U3Si5/143/xtal_37.cif,-5.227597,110.71653
xtal_38.cif,./U3Si5/143/xtal_38.cif,30.462276,73.74033
xtal_4.cif,./U3Si5/143/xtal_4.cif,26.180412,72.50087
xtal_40.cif,./U3Si5/143/xtal_40.cif,-78.73234,40.65245
xtal_42.cif,./U3Si5/143/xtal_42.cif,-82.99413,21.262627
xtal_45.cif,./U3Si5/143/xtal_45.cif,-7.0961533,-13.228314
xtal_46.cif,./U3Si5/143/xtal_46.cif,26.147108,72.11138
xtal_47.cif,./U3Si5/143/xtal_47.cif,15.155713,-39.433693
xtal_49.cif,./U3Si5/143/xtal_49.cif,-11.456796,5.0741243
xtal_50.cif,./U3Si5/143/xtal_50.cif,71.537766,-64.295364
xtal_52.cif,./U3Si5/143/xtal_52.cif,-6.374888,6.370218
xtal_53.cif,./U3Si5/143/xtal_53.cif,-51.14156,-34.88875
xtal_54.cif,./U3Si5/143/xtal_54.cif,-3.5797856,6.233076
xtal_55.cif,./U3Si5/143/xtal_55.cif,-71.98216,10.904866
xtal_57.cif,./U3Si5/143/xtal_57.cif,-55.483654,50.671448
xtal_58.cif,./U3Si5/143/xtal_58.cif,16.782825,28.97552
xtal_59.cif,./U3Si5/143/xtal_59.cif,-74.24743,63.065765
xtal_6.cif,./U3Si5/143/xtal_6.cif,-90.5694,-0.73011506
xtal_61.cif,./U3Si5/143/xtal_61.cif,-12.660911,29.237867
xtal_65.cif,./U3Si5/143/xtal_65.cif,-82.491615,-7.3443913
xtal_66.cif,./U3Si5/143/xtal_66.cif,-43.2272,73.56289
xtal_67.cif,./U3Si5/143/xtal_67.cif,18.214376,-44.66383
xtal_70.cif,./U3Si5/143/xtal_70.cif,-15.308915,29.17553
xtal_71.cif,./U3Si5/143/xtal_71.cif,17.44768,71.2428
xtal_72.cif,./U3Si5/143/xtal_72.cif,-14.023602,109.90934
xtal_73.cif,./U3Si5/143/xtal_73.cif,-73.86497,-63.217323
xtal_76.cif,./U3Si5/143/xtal_76.cif,-44.435673,-47.56612
xtal_77.cif,./U3Si5/143/xtal_77.cif,-19.93047,-30.628193
xtal_78.cif,./U3Si5/143/xtal_78.cif,-39.907692,102.32107
xtal_8.cif,./U3Si5/143/xtal_8.cif,20.192335,67.39046
xtal_81.cif,./U3Si5/143/xtal_81.cif,24.9061,38.633244
xtal_83.cif,./U3Si5/143/xtal_83.cif,43.484318,93.26259
xtal_84.cif,./U3Si5/143/xtal_84.cif,35.814026,93.93985
xtal_85.cif,./U3Si5/143/xtal_85.cif,-7.8956475,-31.08607
xtal_87.cif,./U3Si5/143/xtal_87.cif,19.68099,72.4962
xtal_88.cif,./U3Si5/143/xtal_88.cif,29.436281,43.06832
xtal_89.cif,./U3Si5/143/xtal_89.cif,41.002735,47.67325
xtal_9.cif,./U3Si5/143/xtal_9.cif,-77.77912,64.00744
xtal_91.cif,./U3Si5/143/xtal_91.cif,4.6352987,-10.857623
xtal_92.cif,./U3Si5/143/xtal_92.cif,46.383896,71.40696
xtal_93.cif,./U3Si5/143/xtal_93.cif,-69.66771,63.258217
xtal_97.cif,./U3Si5/143/xtal_97.cif,-70.50722,-31.747114
xtal_98.cif,./U3Si5/143/xtal_98.cif,31.379698,72.84132
xtal_13.cif,./U3Si5/144/xtal_13.cif,16.73749,-4.563903
xtal_15.cif,./U3Si5/144/xtal_15.cif,-61.20822,-34.094597
xtal_18.cif,./U3Si5/144/xtal_18.cif,-90.31712,44.44339
xtal_2.cif,./U3Si5/144/xtal_2.cif,-81.51719,57.159176
xtal_30.cif,./U3Si5/144/xtal_30.cif,12.985909,-29.394846
xtal_31.cif,./U3Si5/144/xtal_31.cif,-45.33652,95.08679
xtal_33.cif,./U3Si5/144/xtal_33.cif,25.568329,-24.38178
xtal_34.cif,./U3Si5/144/xtal_34.cif,-15.601984,8.547858
xtal_35.cif,./U3Si5/144/xtal_35.cif,-70.34515,73.08214
xtal_38.cif,./U3Si5/144/xtal_38.cif,-24.747438,108.23869
xtal_40.cif,./U3Si5/144/xtal_40.cif,0.78277713,107.74436
xtal_42.cif,./U3Si5/144/xtal_42.cif,-59.83903,54.735256
xtal_44.cif,./U3Si5/144/xtal_44.cif,26.788837,84.73465
xtal_53.cif,./U3Si5/144/xtal_53.cif,-6.2440085,-16.010277
xtal_54.cif,./U3Si5/144/xtal_54.cif,-90.4857,-1.6418673
xtal_55.cif,./U3Si5/144/xtal_55.cif,-79.03671,41.74855
xtal_56.cif,./U3Si5/144/xtal_56.cif,-11.242668,-17.01945
xtal_57.cif,./U3Si5/144/xtal_57.cif,-9.630109,-10.293988
xtal_59.cif,./U3Si5/144/xtal_59.cif,42.566006,54.966213
xtal_6.cif,./U3Si5/144/xtal_6.cif,-37.55199,103.848656
xtal_60.cif,./U3Si5/144/xtal_60.cif,-22.229109,108.70413
xtal_61.cif,./U3Si5/144/xtal_61.cif,7.14377,107.43648
xtal_64.cif,./U3Si5/144/xtal_64.cif,23.154308,10.352728
xtal_65.cif,./U3Si5/144/xtal_65.cif,-73.54026,66.01019
xtal_66.cif,./U3Si5/144/xtal_66.cif,27.475159,24.430254
xtal_69.cif,./U3Si5/144/xtal_69.cif,-57.166344,83.22788
xtal_74.cif,./U3Si5/144/xtal_74.cif,-44.921783,94.750465
xtal_75.cif,./U3Si5/144/xtal_75.cif,-75.62737,62.437855
xtal_76.cif,./U3Si5/144/xtal_76.cif,-44.947006,-48.25647
xtal_8.cif,./U3Si5/144/xtal_8.cif,-74.209915,69.91371
xtal_80.cif,./U3Si5/144/xtal_80.cif,-42.019005,99.34149
xtal_81.cif,./U3Si5/144/xtal_81.cif,-10.927465,-9.64522
xtal_83.cif,./U3Si5/144/xtal_83.cif,-61.01344,-35.237686
xtal_85.cif,./U3Si5/144/xtal_85.cif,9.83444,105.290535
xtal_88.cif,./U3Si5/144/xtal_88.cif,-6.41919,-10.433291
xtal_90.cif,./U3Si5/144/xtal_90.cif,-9.844521,32.49609
xtal_95.cif,./U3Si5/144/xtal_95.cif,17.429928,-4.226637
xtal_10.cif,./U3Si5/145/xtal_10.cif,-97.24063,31.022324
xtal_100.cif,./U3Si5/145/xtal_100.cif,14.033166,-25.1453
xtal_12.cif,./U3Si5/145/xtal_12.cif,12.242164,-25.836336
xtal_13.cif,./U3Si5/145/xtal_13.cif,13.295113,-25.532955
xtal_15.cif,./U3Si5/145/xtal_15.cif,-85.84791,23.4124
xtal_16.cif,./U3Si5/145/xtal_16.cif,-91.068886,44.54949
xtal_17.cif,./U3Si5/145/xtal_17.cif,-5.549335,111.165054
xtal_19.cif,./U3Si5/145/xtal_19.cif,-7.441869,-31.462729
xtal_2.cif,./U3Si5/145/xtal_2.cif,12.668206,2.8083556
xtal_20.cif,./U3Si5/145/xtal_20.cif,-84.900894,-33.05576
xtal_22.cif,./U3Si5/145/xtal_22.cif,-90.16085,-2.5238848
xtal_23.cif,./U3Si5/145/xtal_23.cif,24.043602,46.201775
xtal_24.cif,./U3Si5/145/xtal_24.cif,-54.157097,-29.648062
xtal_26.cif,./U3Si5/145/xtal_26.cif,-15.69697,8.8806305
xtal_27.cif,./U3Si5/145/xtal_27.cif,7.1227455,-17.225336
xtal_28.cif,./U3Si5/145/xtal_28.cif,-4.6889005,-27.270325
xtal_29.cif,./U3Si5/145/xtal_29.cif,-71.5437,7.913164
xtal_3.cif,./U3Si5/145/xtal_3.cif,7.1169243,-23.209791
xtal_30.cif,./U3Si5/145/xtal_30.cif,-12.886867,-12.911468
xtal_31.cif,./U3Si5/145/xtal_31.cif,-77.97657,5.0931764
xtal_32.cif,./U3Si5/145/xtal_32.cif,-89.68393,-2.8649883
xtal_34.cif,./U3Si5/145/xtal_34.cif,-11.191197,-8.756251
xtal_35.cif,./U3Si5/145/xtal_35.cif,-72.738174,56.691967
xtal_36.cif,./U3Si5/145/xtal_36.cif,-76.235504,-62.074547
xtal_38.cif,./U3Si5/145/xtal_38.cif,25.440931,70.11923
xtal_40.cif,./U3Si5/145/xtal_40.cif,3.9243407,-84.60954
xtal_41.cif,./U3Si5/145/xtal_41.cif,-19.651552,109.53212
xtal_42.cif,./U3Si5/145/xtal_42.cif,-78.629875,29.845669
xtal_45.cif,./U3Si5/145/xtal_45.cif,-87.275536,-1.0052235
xtal_46.cif,./U3Si5/145/xtal_46.cif,10.118846,30.249275
xtal_47.cif,./U3Si5/145/xtal_47.cif,-12.942707,-12.989541
xtal_48.cif,./U3Si5/145/xtal_48.cif,-85.77722,22.005295
xtal_49.cif,./U3Si5/145/xtal_49.cif,-5.475871,-14.578179
xtal_5.cif,./U3Si5/145/xtal_5.cif,-80.998116,-7.7925963
xtal_50.cif,./U3Si5/145/xtal_50.cif,-54.858078,73.74613
xtal_51.cif,./U3Si5/145/xtal_51.cif,-90.749115,40.13942
xtal_52.cif,./U3Si5/145/xtal_52.cif,-2.825422,-103.23407
xtal_55.cif,./U3Si5/145/xtal_55.cif,-94.60895,-13.774975
xtal_57.cif,./U3Si5/145/xtal_57.cif,-9.82258,-13.017204
xtal_58.cif,./U3Si5/145/xtal_58.cif,10.204637,-23.20266
xtal_59.cif,./U3Si5/145/xtal_59.cif,-10.760414,-8.382147
xtal_6.cif,./U3Si5/145/xtal_6.cif,-74.93704,27.5512
xtal_60.cif,./U3Si5/145/xtal_60.cif,10.033582,43.469215
xtal_61.cif,./U3Si5/145/xtal_61.cif,-6.2007017,-31.19993
xtal_63.cif,./U3Si5/145/xtal_63.cif,0.56141996,37.829365
xtal_64.cif,./U3Si5/145/xtal_64.cif,23.213451,11.8439865
xtal_65.cif,./U3Si5/145/xtal_65.cif,-19.538324,108.96657
xtal_66.cif,./U3Si5/145/xtal_66.cif,18.462437,-104.6664
xtal_68.cif,./U3Si5/145/xtal_68.cif,-11.7294445,-12.155548
xtal_7.cif,./U3Si5/145/xtal_7.cif,-50.95575,-33.960144
xtal_71.cif,./U3Si5/145/xtal_71.cif,43.265156,55.0975
xtal_72.cif,./U3Si5/145/xtal_72.cif,-40.030575,101.27728
xtal_73.cif,./U3Si5/145/xtal_73.cif,36.655388,39.762966
xtal_74.cif,./U3Si5/145/xtal_74.cif,-78.7647,40.52244
xtal_76.cif,./U3Si5/145/xtal_76.cif,-79.22739,41.536102
xtal_77.cif,./U3Si5/145/xtal_77.cif,-5.082173,-33.27537
xtal_79.cif,./U3Si5/145/xtal_79.cif,-80.5317,-12.045977
xtal_80.cif,./U3Si5/145/xtal_80.cif,10.805561,-40.211517
xtal_81.cif,./U3Si5/145/xtal_81.cif,-76.09203,-64.164055
xtal_82.cif,./U3Si5/145/xtal_82.cif,15.949353,-45.041424
xtal_83.cif,./U3Si5/145/xtal_83.cif,-5.7556334,9.379633
xtal_85.cif,./U3Si5/145/xtal_85.cif,1.842683,39.0751
xtal_86.cif,./U3Si5/145/xtal_86.cif,-78.979324,42.14541
xtal_87.cif,./U3Si5/145/xtal_87.cif,17.54531,-0.04622794
xtal_88.cif,./U3Si5/145/xtal_88.cif,6.860242,47.48369
xtal_89.cif,./U3Si5/145/xtal_89.cif,-50.97606,77.68431
xtal_9.cif,./U3Si5/145/xtal_9.cif,21.521599,5.904112
xtal_90.cif,./U3Si5/145/xtal_90.cif,-74.270805,65.41384
xtal_93.cif,./U3Si5/145/xtal_93.cif,-81.424805,39.442574
xtal_95.cif,./U3Si5/145/xtal_95.cif,-73.64884,11.991392
xtal_96.cif,./U3Si5/145/xtal_96.cif,-71.450935,6.5173225
xtal_98.cif,./U3Si5/145/xtal_98.cif,22.477026,-106.541885
xtal_99.cif,./U3Si5/145/xtal_99.cif,-7.747029,-31.491924
xtal_100.cif,./U3Si5/146/xtal_100.cif,-58.395237,-32.88312
xtal_11.cif,./U3Si5/146/xtal_11.cif,-51.947323,-31.271004
xtal_13.cif,./U3Si5/146/xtal_13.cif,-13.181338,92.43589
xtal_14.cif,./U3Si5/146/xtal_14.cif,16.066965,-4.142577
xtal_17.cif,./U3Si5/146/xtal_17.cif,48.124573,62.72882
xtal_18.cif,./U3Si5/146/xtal_18.cif,0.80674326,-15.239711
xtal_19.cif,./U3Si5/146/xtal_19.cif,6.471752,47.83666
xtal_2.cif,./U3Si5/146/xtal_2.cif,-50.90778,-35.517902
xtal_20.cif,./U3Si5/146/xtal_20.cif,-4.5197206,-7.337962
xtal_21.cif,./U3Si5/146/xtal_21.cif,52.990734,68.53693
xtal_22.cif,./U3Si5/146/xtal_22.cif,-63.55339,81.36779
xtal_23.cif,./U3Si5/146/xtal_23.cif,26.904947,22.880453
xtal_24.cif,./U3Si5/146/xtal_24.cif,16.843899,-5.6215434
xtal_25.cif,./U3Si5/146/xtal_25.cif,20.47327,4.650176
xtal_26.cif,./U3Si5/146/xtal_26.cif,53.70101,67.99877
xtal_27.cif,./U3Si5/146/xtal_27.cif,-48.162212,74.11886
xtal_28.cif,./U3Si5/146/xtal_28.cif,27.024157,11.850886
xtal_29.cif,./U3Si5/146/xtal_29.cif,21.488026,10.93155
xtal_3.cif,./U3Si5/146/xtal_3.cif,8.993636,48.94083
xtal_30.cif,./U3Si5/146/xtal_30.cif,26.680893,23.813377
xtal_31.cif,./U3Si5/146/xtal_31.cif,3.775373,-17.110233
xtal_33.cif,./U3Si5/146/xtal_33.cif,-65.68945,59.60649
xtal_34.cif,./U3Si5/146/xtal_34.cif,3.1281214,110.14122
xtal_35.cif,./U3Si5/146/xtal_35.cif,-73.04691,12.592205
xtal_36.cif,./U3Si5/146/xtal_36.cif,-52.73442,72.54218
xtal_37.cif,./U3Si5/146/xtal_37.cif,14.984674,2.0777194
xtal_39.cif,./U3Si5/146/xtal_39.cif,9.109763,49.139107
xtal_40.cif,./U3Si5/146/xtal_40.cif,16.976446,-1.8442823
xtal_41.cif,./U3Si5/146/xtal_41.cif,12.384799,-6.2825913
xtal_42.cif,./U3Si5/146/xtal_42.cif,-55.21752,80.248024
xtal_43.cif,./U3Si5/146/xtal_43.cif,-14.390592,-12.849349
xtal_44.cif,./U3Si5/146/xtal_44.cif,38.682156,96.770706
xtal_45.cif,./U3Si5/146/xtal_45.cif,-82.03983,59.479065
xtal_48.cif,./U3Si5/146/xtal_48.cif,34.93908,89.851295
xtal_50.cif,./U3Si5/146/xtal_50.cif,54.44251,69.535484
xtal_52.cif,./U3Si5/146/xtal_52.cif,44.287895,73.12224
xtal_53.cif,./U3Si5/146/xtal_53.cif,-81.47166,13.609526
xtal_54.cif,./U3Si5/146/xtal_54.cif,21.204346,-18.142157
xtal_55.cif,./U3Si5/146/xtal_55.cif,39.782204,57.14235
xtal_57.cif,./U3Si5/146/xtal_57.cif,31.784582,23.426157
xtal_58.cif,./U3Si5/146/xtal_58.cif,-73.94799,11.535969
xtal_59.cif,./U3Si5/146/xtal_59.cif,53.34665,68.712715
xtal_6.cif,./U3Si5/146/xtal_6.cif,-85.69041,28.88865
xtal_60.cif,./U3Si5/146/xtal_60.cif,21.989645,-106.30366
xtal_61.cif,./U3Si5/146/xtal_61.cif,-4.8406606,-75.453514
xtal_62.cif,./U3Si5/146/xtal_62.cif,4.0457745,97.867615
xtal_63.cif,./U3Si5/146/xtal_63.cif,-51.793667,-67.2333
xtal_64.cif,./U3Si5/146/xtal_64.cif,1.3437561,-17.792324
xtal_65.cif,./U3Si5/146/xtal_65.cif,23.941269,40.256264
xtal_66.cif,./U3Si5/146/xtal_66.cif,13.922851,-83.51205
xtal_67.cif,./U3Si5/146/xtal_67.cif,-41.24356,-70.91318
xtal_68.cif,./U3Si5/146/xtal_68.cif,59.191723,76.96973
xtal_69.cif,./U3Si5/146/xtal_69.cif,21.943823,11.120663
xtal_7.cif,./U3Si5/146/xtal_7.cif,33.19284,-96.45342
xtal_70.cif,./U3Si5/146/xtal_70.cif,33.504665,32.137238
xtal_71.cif,./U3Si5/146/xtal_71.cif,18.411552,10.796772
xtal_72.cif,./U3Si5/146/xtal_72.cif,37.73054,39.639637
xtal_73.cif,./U3Si5/146/xtal_73.cif,-63.713375,81.16701
xtal_74.cif,./U3Si5/146/xtal_74.cif,-32.96013,106.93699
xtal_75.cif,./U3Si5/146/xtal_75.cif,14.179737,-45.77885
xtal_76.cif,./U3Si5/146/xtal_76.cif,-21.356726,108.586426
xtal_77.cif,./U3Si5/146/xtal_77.cif,38.43579,45.108883
xtal_78.cif,./U3Si5/146/xtal_78.cif,14.644613,-23.627146
xtal_79.cif,./U3Si5/146/xtal_79.cif,-76.38298,63.408897
xtal_8.cif,./U3Si5/146/xtal_8.cif,45.215046,71.45745
xtal_80.cif,./U3Si5/146/xtal_80.cif,-67.50839,-56.201622
xtal_81.cif,./U3Si5/146/xtal_81.cif,37.813183,43.20868
xtal_82.cif,./U3Si5/146/xtal_82.cif,53.4926,68.95184
xtal_83.cif,./U3Si5/146/xtal_83.cif,-48.69395,48.59872
xtal_84.cif,./U3Si5/146/xtal_84.cif,53.38528,68.80734
xtal_85.cif,./U3Si5/146/xtal_85.cif,42.46738,45.84871
xtal_86.cif,./U3Si5/146/xtal_86.cif,-103.88999,6.080077
xtal_87.cif,./U3Si5/146/xtal_87.cif,14.567665,-45.751606
xtal_89.cif,./U3Si5/146/xtal_89.cif,56.739384,73.22559
xtal_9.cif,./U3Si5/146/xtal_9.cif,13.316235,-29.54603
xtal_91.cif,./U3Si5/146/xtal_91.cif,-60.831062,52.976704
xtal_92.cif,./U3Si5/146/xtal_92.cif,-52.17357,-28.253696
xtal_93.cif,./U3Si5/146/xtal_93.cif,37.71329,-94.18849
xtal_95.cif,./U3Si5/146/xtal_95.cif,57.227142,73.09419
xtal_96.cif,./U3Si5/146/xtal_96.cif,-48.469757,75.61499
xtal_97.cif,./U3Si5/146/xtal_97.cif,16.986174,-27.737597
xtal_98.cif,./U3Si5/146/xtal_98.cif,-16.358822,-13.803407
xtal_99.cif,./U3Si5/146/xtal_99.cif,25.076384,38.46308
xtal_10.cif,./U3Si5/147/xtal_10.cif,-81.914505,-4.4511824
xtal_100.cif,./U3Si5/147/xtal_100.cif,83.92173,3.4543214
xtal_11.cif,./U3Si5/147/xtal_11.cif,-66.26252,59.619
xtal_12.cif,./U3Si5/147/xtal_12.cif,14.343153,-101.710045
xtal_13.cif,./U3Si5/147/xtal_13.cif,-59.467846,16.410265
xtal_15.cif,./U3Si5/147/xtal_15.cif,-84.13071,-8.260113
xtal_16.cif,./U3Si5/147/xtal_16.cif,14.553928,-101.77011
xtal_18.cif,./U3Si5/147/xtal_18.cif,-95.669106,32.270638
xtal_20.cif,./U3Si5/147/xtal_20.cif,-25.236975,109.64249
xtal_21.cif,./U3Si5/147/xtal_21.cif,96.903625,44.61897
xtal_25.cif,./U3Si5/147/xtal_25.cif,-73.02211,42.925343
xtal_26.cif,./U3Si5/147/xtal_26.cif,-7.81631,18.810427
xtal_27.cif,./U3Si5/147/xtal_27.cif,28.843048,-22.348661
xtal_28.cif,./U3Si5/147/xtal_28.cif,-98.22173,11.299734
xtal_29.cif,./U3Si5/147/xtal_29.cif,-29.235628,100.013504
xtal_30.cif,./U3Si5/147/xtal_30.cif,-83.11904,60.82917
xtal_31.cif,./U3Si5/147/xtal_31.cif,-29.236246,107.29966
xtal_32.cif,./U3Si5/147/xtal_32.cif,32.813305,-21.878952
xtal_33.cif,./U3Si5/147/xtal_33.cif,-91.20484,-12.260259
xtal_34.cif,./U3Si5/147/xtal_34.cif,28.237581,-30.91198
xtal_35.cif,./U3Si5/147/xtal_35.cif,-57.602608,-70.939514
xtal_37.cif,./U3Si5/147/xtal_37.cif,-83.57817,-25.208025
xtal_38.cif,./U3Si5/147/xtal_38.cif,-90.06653,-8.383565
xtal_39.cif,./U3Si5/147/xtal_39.cif,103.46271,-16.331223
xtal_40.cif,./U3Si5/147/xtal_40.cif,-76.51947,48.79973
xtal_44.cif,./U3Si5/147/xtal_44.cif,-46.388218,58.80092
xtal_46.cif,./U3Si5/147/xtal_46.cif,-2.035349,-96.76779
xtal_47.cif,./U3Si5/147/xtal_47.cif,-81.64333,2.1612515
xtal_48.cif,./U3Si5/147/xtal_48.cif,-4.1429915,105.44016
xtal_5.cif,./U3Si5/147/xtal_5.cif,-5.9771223,-103.16557
xtal_53.cif,./U3Si5/147/xtal_53.cif,95.129616,42.09659
xtal_55.cif,./U3Si5/147/xtal_55.cif,109.22447,-9.853972
xtal_57.cif,./U3Si5/147/xtal_57.cif,-93.293396,-7.742778
xtal_58.cif,./U3Si5/147/xtal_58.cif,-82.092926,-28.610096
xtal_59.cif,./U3Si5/147/xtal_59.cif,-78.681206,-0.88428444
xtal_6.cif,./U3Si5/147/xtal_6.cif,-40.56696,103.98965
xtal_60.cif,./U3Si5/147/xtal_60.cif,-97.17469,36.969284
xtal_61.cif,./U3Si5/147/xtal_61.cif,-101.87862,-2.5934763
xtal_63.cif,./U3Si5/147/xtal_63.cif,-91.42192,42.661392
xtal_64.cif,./U3Si5/147/xtal_64.cif,-40.714703,36.537598
xtal_65.cif,./U3Si5/147/xtal_65.cif,10.211447,-103.987785
xtal_66.cif,./U3Si5/147/xtal_66.cif,-89.33544,39.85211
xtal_68.cif,./U3Si5/147/xtal_68.cif,62.4825,-45.38173
xtal_7.cif,./U3Si5/147/xtal_7.cif,-34.973034,103.38743
xtal_72.cif,./U3Si5/147/xtal_72.cif,-88.773895,-27.543386
xtal_73.cif,./U3Si5/147/xtal_73.cif,-65.90159,80.3837
xtal_74.cif,./U3Si5/147/xtal_74.cif,4.5467844,67.79153
xtal_75.cif,./U3Si5/147/xtal_75.cif,-90.127396,39.15263
xtal_79.cif,./U3Si5/147/xtal_79.cif,-25.378654,3.255151
xtal_80.cif,./U3Si5/147/xtal_80.cif,-62.689754,-33.142094
xtal_83.cif,./U3Si5/147/xtal_83.cif,-49.894108,-49.296158
xtal_84.cif,./U3Si5/147/xtal_84.cif,-11.731996,109.63073
xtal_88.cif,./U3Si5/147/xtal_88.cif,89.059715,53.69803
xtal_91.cif,./U3Si5/147/xtal_91.cif,-70.862404,69.63606
xtal_92.cif,./U3Si5/147/xtal_92.cif,-89.86083,40.279404
xtal_94.cif,./U3Si5/147/xtal_94.cif,-1.1350989,4.9885154
xtal_96.cif,./U3Si5/147/xtal_96.cif,-58.617435,16.255613
xtal_97.cif,./U3Si5/147/xtal_97.cif,101.31581,18.743162
xtal_22.cif,./U3Si5/148/xtal_22.cif,-12.65573,-45.59709
xtal_31.cif,./U3Si5/148/xtal_31.cif,-82.93527,-1.7385714
xtal_34.cif,./U3Si5/148/xtal_34.cif,-2.6480002,102.12471
xtal_42.cif,./U3Si5/148/xtal_42.cif,-32.19943,-22.467533
xtal_44.cif,./U3Si5/148/xtal_44.cif,-68.74094,82.25172
xtal_47.cif,./U3Si5/148/xtal_47.cif,-34.854816,28.255602
xtal_52.cif,./U3Si5/148/xtal_52.cif,-73.02091,-59.742157
xtal_57.cif,./U3Si5/148/xtal_57.cif,-56.831364,10.6566105
xtal_6.cif,./U3Si5/148/xtal_6.cif,-117.13827,18.400883
xtal_61.cif,./U3Si5/148/xtal_61.cif,53.255585,-42.476444
xtal_74.cif,./U3Si5/148/xtal_74.cif,85.67395,-74.55701
xtal_1.cif,./U3Si5/149/xtal_1.cif,23.879654,-4.4097853
xtal_10.cif,./U3Si5/149/xtal_10.cif,-8.905252,89.74757
xtal_11.cif,./U3Si5/149/xtal_11.cif,-86.82414,24.213919
xtal_12.cif,./U3Si5/149/xtal_12.cif,-48.666595,72.347435
xtal_13.cif,./U3Si5/149/xtal_13.cif,111.33165,-8.0947695
xtal_14.cif,./U3Si5/149/xtal_14.cif,17.40584,-50.65095
xtal_15.cif,./U3Si5/149/xtal_15.cif,-8.572997,-96.00859
xtal_16.cif,./U3Si5/149/xtal_16.cif,-90.59046,-1.1044308
xtal_17.cif,./U3Si5/149/xtal_17.cif,-90.72406,38.14712
xtal_18.cif,./U3Si5/149/xtal_18.cif,-76.49711,-3.959056
xtal_19.cif,./U3Si5/149/xtal_19.cif,-88.90565,46.173008
xtal_2.cif,./U3Si5/149/xtal_2.cif,-3.248582,-12.296578
xtal_20.cif,./U3Si5/149/xtal_20.cif,24.255735,-48.871487
xtal_21.cif,./U3Si5/149/xtal_21.cif,-84.11496,-6.667427
xtal_22.cif,./U3Si5/149/xtal_22.cif,-8.487957,-22.885687
xtal_23.cif,./U3Si5/149/xtal_23.cif,-78.82255,22.939575
xtal_24.cif,./U3Si5/149/xtal_24.cif,-76.10118,70.39044
xtal_25.cif,./U3Si5/149/xtal_25.cif,33.316544,-90.30907
xtal_26.cif,./U3Si5/149/xtal_26.cif,-2.156894,-13.617484
xtal_27.cif,./U3Si5/149/xtal_27.cif,-3.1833265,-26.692225
xtal_28.cif,./U3Si5/149/xtal_28.cif,-9.598831,-50.863575
xtal_29.cif,./U3Si5/149/xtal_29.cif,38.421886,56.29431
xtal_3.cif,./U3Si5/149/xtal_3.cif,-7.2826467,-35.613686
xtal_30.cif,./U3Si5/149/xtal_30.cif,86.01936,58.524113
xtal_31.cif,./U3Si5/149/xtal_31.cif,43.11631,-43.354836
xtal_32.cif,./U3Si5/149/xtal_32.cif,26.929184,-41.5654
xtal_33.cif,./U3Si5/149/xtal_33.cif,65.16763,-43.214222
xtal_34.cif,./U3Si5/149/xtal_34.cif,-87.43442,0.25718296
xtal_36.cif,./U3Si5/149/xtal_36.cif,-4.2287908,-31.411709
xtal_37.cif,./U3Si5/149/xtal_37.cif,-7.9526834,-7.816931
xtal_38.cif,./U3Si5/149/xtal_38.cif,-60.668777,-35.12496
xtal_39.cif,./U3Si5/149/xtal_39.cif,-11.231058,-11.284975
xtal_4.cif,./U3Si5/149/xtal_4.cif,36.587242,33.18253
xtal_40.cif,./U3Si5/149/xtal_40.cif,-79.28962,-2.7564888
xtal_41.cif,./U3Si5/149/xtal_41.cif,-70.44214,-2.739166
xtal_42.cif,./U3Si5/149/xtal_42.cif,97.00511,51.977707
xtal_43.cif,./U3Si5/149/xtal_43.cif,-84.57957,-21.609869
xtal_44.cif,./U3Si5/149/xtal_44.cif,32.064976,9.310117
xtal_45.cif,./U3Si5/149/xtal_45.cif,-79.329895,12.661689
xtal_46.cif,./U3Si5/149/xtal_46.cif,-84.47152,39.01763
xtal_47.cif,./U3Si5/149/xtal_47.cif,-79.007454,-25.831474
xtal_48.cif,./U3Si5/149/xtal_48.cif,59.110092,-18.562714
xtal_49.cif,./U3Si5/149/xtal_49.cif,18.057547,-105.039536
xtal_5.cif,./U3Si5/149/xtal_5.cif,21.946945,73.317635
xtal_50.cif,./U3Si5/149/xtal_50.cif,11.002545,100.97726
xtal_51.cif,./U3Si5/149/xtal_51.cif,-8.109491,110.45422
xtal_52.cif,./U3Si5/149/xtal_52.cif,51.51316,65.03045
xtal_53.cif,./U3Si5/149/xtal_53.cif,-9.039466,-96.3385
xtal_54.cif,./U3Si5/149/xtal_54.cif,-11.144832,-16.20159
xtal_55.cif,./U3Si5/149/xtal_55.cif,2.1169147,108.552124
xtal_56.cif,./U3Si5/149/xtal_56.cif,13.476886,-43.98422
xtal_57.cif,./U3Si5/149/xtal_57.cif,-58.472458,80.06039
xtal_58.cif,./U3Si5/149/xtal_58.cif,28.496231,-84.58334
xtal_59.cif,./U3Si5/149/xtal_59.cif,43.125652,31.458488
xtal_6.cif,./U3Si5/149/xtal_6.cif,-6.932564,-102.09285
xtal_60.cif,./U3Si5/149/xtal_60.cif,50.36235,-22.498846
xtal_61.cif,./U3Si5/149/xtal_61.cif,-72.337944,73.33118
xtal_62.cif,./U3Si5/149/xtal_62.cif,30.920567,34.058952
xtal_63.cif,./U3Si5/149/xtal_63.cif,9.594738,-84.75074
xtal_64.cif,./U3Si5/149/xtal_64.cif,-6.5635653,-14.049411
xtal_65.cif,./U3Si5/149/xtal_65.cif,-81.93021,41.115646
xtal_66.cif,./U3Si5/149/xtal_66.cif,1.4041975,38.098557
xtal_67.cif,./U3Si5/149/xtal_67.cif,36.01171,-9.198136
xtal_68.cif,./U3Si5/149/xtal_68.cif,-51.964325,-32.02989
xtal_69.cif,./U3Si5/149/xtal_69.cif,29.936382,-7.4531198
xtal_7.cif,./U3Si5/149/xtal_7.cif,-31.167128,106.139366
xtal_70.cif,./U3Si5/149/xtal_70.cif,-74.239265,1.3025066
xtal_71.cif,./U3Si5/149/xtal_71.cif,-49.18426,-38.60816
xtal_72.cif,./U3Si5/149/xtal_72.cif,-67.341515,67.191734
xtal_74.cif,./U3Si5/149/xtal_74.cif,-16.307846,-44.5432
xtal_75.cif,./U3Si5/149/xtal_75.cif,-82.348785,41.426888
xtal_76.cif,./U3Si5/149/xtal_76.cif,10.982781,-105.38313
xtal_77.cif,./U3Si5/149/xtal_77.cif,59.218014,76.548
xtal_78.cif,./U3Si5/149/xtal_78.cif,-76.88532,12.748329
xtal_79.cif,./U3Si5/149/xtal_79.cif,11.868022,-105.95815
xtal_8.cif,./U3Si5/149/xtal_8.cif,-22.169865,112.02924
xtal_80.cif,./U3Si5/149/xtal_80.cif,-50.14945,-59.55617
xtal_81.cif,./U3Si5/149/xtal_81.cif,-98.48617,29.047031
xtal_82.cif,./U3Si5/149/xtal_82.cif,-45.43233,96.30961
xtal_83.cif,./U3Si5/149/xtal_83.cif,-7.191897,-41.44284
xtal_84.cif,./U3Si5/149/xtal_84.cif,39.914722,2.3836384
xtal_85.cif,./U3Si5/149/xtal_85.cif,-7.727506,-12.784179
xtal_86.cif,./U3Si5/149/xtal_86.cif,-89.28133,25.816826
xtal_87.cif,./U3Si5/149/xtal_87.cif,-73.31196,63.228424
xtal_88.cif,./U3Si5/149/xtal_88.cif,-66.38678,-78.44438
xtal_89.cif,./U3Si5/149/xtal_89.cif,-30.196339,70.11264
xtal_9.cif,./U3Si5/149/xtal_9.cif,-13.30555,-25.479939
xtal_90.cif,./U3Si5/149/xtal_90.cif,-47.008472,96.38335
xtal_91.cif,./U3Si5/149/xtal_91.cif,106.2265,15.39585
xtal_92.cif,./U3Si5/149/xtal_92.cif,12.136387,28.473963
xtal_93.cif,./U3Si5/149/xtal_93.cif,58.920246,21.643114
xtal_95.cif,./U3Si5/149/xtal_95.cif,-74.32292,62.183723
xtal_96.cif,./U3Si5/149/xtal_96.cif,-11.922596,1.1935347
xtal_97.cif,./U3Si5/149/xtal_97.cif,-19.139418,106.972595
xtal_98.cif,./U3Si5/149/xtal_98.cif,-22.027016,2.0199978
xtal_99.cif,./U3Si5/149/xtal_99.cif,-69.70913,10.078164
xtal_1.cif,./U3Si5/150/xtal_1.cif,79.56004,13.639336
xtal_10.cif,./U3Si5/150/xtal_10.cif,7.7242665,-23.957819
xtal_11.cif,./U3Si5/150/xtal_11.cif,81.51027,47.16917
xtal_12.cif,./U3Si5/150/xtal_12.cif,-9.168498,110.57455
xtal_13.cif,./U3Si5/150/xtal_13.cif,109.118515,18.873323
xtal_18.cif,./U3Si5/150/xtal_18.cif,-33.621235,107.45478
xtal_19.cif,./U3Si5/150/xtal_19.cif,6.24543,100.14469
xtal_27.cif,./U3Si5/150/xtal_27.cif,-92.40989,38.486233
xtal_3.cif,./U3Si5/150/xtal_3.cif,-37.90432,30.057627
xtal_31.cif,./U3Si5/150/xtal_31.cif,-3.12478,-14.9874935
xtal_33.cif,./U3Si5/150/xtal_33.cif,-33.631443,106.87671
xtal_39.cif,./U3Si5/150/xtal_39.cif,59.250267,17.739134
xtal_41.cif,./U3Si5/150/xtal_41.cif,-71.70314,-25.318605
xtal_43.cif,./U3Si5/150/xtal_43.cif,54.029762,-3.7442477
xtal_52.cif,./U3Si5/150/xtal_52.cif,41.09923,-24.138931
xtal_57.cif,./U3Si5/150/xtal_57.cif,43.667118,-14.021194
xtal_59.cif,./U3Si5/150/xtal_59.cif,-59.734432,19.923126
xtal_61.cif,./U3Si5/150/xtal_61.cif,33.705696,22.669786
xtal_66.cif,./U3Si5/150/xtal_66.cif,-10.6768055,-36.637302
xtal_72.cif,./U3Si5/150/xtal_72.cif,-84.31642,39.624992
xtal_75.cif,./U3Si5/150/xtal_75.cif,93.497795,62.935005
xtal_81.cif,./U3Si5/150/xtal_81.cif,-35.019947,-8.844002
xtal_82.cif,./U3Si5/150/xtal_82.cif,6.317111,-12.555446
xtal_91.cif,./U3Si5/150/xtal_91.cif,-85.9686,61.70674
xtal_95.cif,./U3Si5/150/xtal_95.cif,-23.1125,-39.428867
xtal_1.cif,./U3Si5/151/xtal_1.cif,-10.152046,-99.623886
xtal_10.cif,./U3Si5/151/xtal_10.cif,-3.6931581,-12.740304
xtal_11.cif,./U3Si5/151/xtal_11.cif,-86.27118,-32.49966
xtal_12.cif,./U3Si5/151/xtal_12.cif,-20.613573,106.788956
xtal_13.cif,./U3Si5/151/xtal_13.cif,13.68349,-43.905872
xtal_14.cif,./U3Si5/151/xtal_14.cif,13.183201,-29.484995
xtal_15.cif,./U3Si5/151/xtal_15.cif,26.737782,21.16842
xtal_16.cif,./U3Si5/151/xtal_16.cif,-8.47508,-12.012395
xtal_17.cif,./U3Si5/151/xtal_17.cif,35.005253,-19.632837
xtal_19.cif,./U3Si5/151/xtal_19.cif,4.4439797,-16.439466
xtal_2.cif,./U3Si5/151/xtal_2.cif,-78.1526,14.05065
xtal_23.cif,./U3Si5/151/xtal_23.cif,25.691341,21.256939
xtal_24.cif,./U3Si5/151/xtal_24.cif,-84.69904,27.290098
xtal_26.cif,./U3Si5/151/xtal_26.cif,-80.78605,25.826998
xtal_29.cif,./U3Si5/151/xtal_29.cif,42.18321,46.508255
xtal_3.cif,./U3Si5/151/xtal_3.cif,-1.7765676,108.144844
xtal_31.cif,./U3Si5/151/xtal_31.cif,-25.494259,105.77295
xtal_32.cif,./U3Si5/151/xtal_32.cif,-8.768006,-15.453658
xtal_35.cif,./U3Si5/151/xtal_35.cif,-78.981255,40.106995
xtal_38.cif,./U3Si5/151/xtal_38.cif,-83.64566,38.81354
xtal_39.cif,./U3Si5/151/xtal_39.cif,6.6882906,-17.48213
xtal_4.cif,./U3Si5/151/xtal_4.cif,47.974407,58.027176
xtal_40.cif,./U3Si5/151/xtal_40.cif,-74.83737,59.800392
xtal_41.cif,./U3Si5/151/xtal_41.cif,-46.874638,-47.21431
xtal_44.cif,./U3Si5/151/xtal_44.cif,-48.615303,-36.57314
xtal_45.cif,./U3Si5/151/xtal_45.cif,17.928476,13.551095
xtal_46.cif,./U3Si5/151/xtal_46.cif,-54.537663,78.782906
xtal_49.cif,./U3Si5/151/xtal_49.cif,6.750866,-16.626804
xtal_5.cif,./U3Si5/151/xtal_5.cif,28.758013,3.106841
xtal_50.cif,./U3Si5/151/xtal_50.cif,-61.408386,78.76267
xtal_51.cif,./U3Si5/151/xtal_51.cif,32.455803,35.12332
xtal_52.cif,./U3Si5/151/xtal_52.cif,-45.193195,-48.536366
xtal_53.cif,./U3Si5/151/xtal_53.cif,36.689037,39.69748
xtal_55.cif,./U3Si5/151/xtal_55.cif,-76.142654,16.212906
xtal_58.cif,./U3Si5/151/xtal_58.cif,-75.70397,8.876567
xtal_59.cif,./U3Si5/151/xtal_59.cif,-76.548676,28.763596
xtal_60.cif,./U3Si5/151/xtal_60.cif,-76.61031,28.131756
xtal_62.cif,./U3Si5/151/xtal_62.cif,21.565544,10.200715
xtal_63.cif,./U3Si5/151/xtal_63.cif,-83.93447,-6.6153417
xtal_64.cif,./U3Si5/151/xtal_64.cif,14.463375,26.645077
xtal_65.cif,./U3Si5/151/xtal_65.cif,17.128271,2.851088
xtal_67.cif,./U3Si5/151/xtal_67.cif,-94.008224,-14.22765
xtal_68.cif,./U3Si5/151/xtal_68.cif,-10.480343,111.28953
xtal_69.cif,./U3Si5/151/xtal_69.cif,-30.757978,-89.16423
xtal_7.cif,./U3Si5/151/xtal_7.cif,27.590569,20.819973
xtal_71.cif,./U3Si5/151/xtal_71.cif,-79.76245,63.263653
xtal_74.cif,./U3Si5/151/xtal_74.cif,36.49681,45.77342
xtal_75.cif,./U3Si5/151/xtal_75.cif,3.9789767,-17.29523
xtal_76.cif,./U3Si5/151/xtal_76.cif,15.915572,-53.75102
xtal_77.cif,./U3Si5/151/xtal_77.cif,27.17057,19.76951
xtal_78.cif,./U3Si5/151/xtal_78.cif,-78.19074,-3.709813
xtal_79.cif,./U3Si5/151/xtal_79.cif,-71.92617,7.853856
xtal_8.cif,./U3Si5/151/xtal_8.cif,-4.332925,-10.449076
xtal_80.cif,./U3Si5/151/xtal_80.cif,-91.31395,-19.569113
xtal_81.cif,./U3Si5/151/xtal_81.cif,-11.710149,-11.33077
xtal_82.cif,./U3Si5/151/xtal_82.cif,41.60624,48.90014
xtal_83.cif,./U3Si5/151/xtal_83.cif,5.5271125,-97.86159
xtal_84.cif,./U3Si5/151/xtal_84.cif,23.710241,-34.78947
xtal_85.cif,./U3Si5/151/xtal_85.cif,-33.366207,-89.85732
xtal_88.cif,./U3Si5/151/xtal_88.cif,-59.488457,-34.268692
xtal_89.cif,./U3Si5/151/xtal_89.cif,-77.679276,29.782469
xtal_90.cif,./U3Si5/151/xtal_90.cif,-51.399643,76.71985
xtal_91.cif,./U3Si5/151/xtal_91.cif,-13.136301,7.5266523
xtal_92.cif,./U3Si5/151/xtal_92.cif,36.224358,40.363853
xtal_93.cif,./U3Si5/151/xtal_93.cif,22.272024,-56.535435
xtal_94.cif,./U3Si5/151/xtal_94.cif,46.097572,61.232624
xtal_96.cif,./U3Si5/151/xtal_96.cif,-53.579525,-27.70568
xtal_97.cif,./U3Si5/151/xtal_97.cif,-1.2634708,-72.62741
xtal_98.cif,./U3Si5/151/xtal_98.cif,9.206699,-28.412859
xtal_99.cif,./U3Si5/151/xtal_99.cif,-74.96376,15.818943
xtal_1.cif,./U3Si5/152/xtal_1.cif,-54.419308,76.100044
xtal_10.cif,./U3Si5/152/xtal_10.cif,-31.575827,-89.599075
xtal_100.cif,./U3Si5/152/xtal_100.cif,-60.763046,34.271774
xtal_11.cif,./U3Si5/152/xtal_11.cif,-74.9714,6.8965216
xtal_12.cif,./U3Si5/152/xtal_12.cif,-85.0161,63.071125
xtal_13.cif,./U3Si5/152/xtal_13.cif,8.96221,-23.864271
xtal_14.cif,./U3Si5/152/xtal_14.cif,12.458181,-102.72774
xtal_15.cif,./U3Si5/152/xtal_15.cif,31.998169,-92.978195
xtal_16.cif,./U3Si5/152/xtal_16.cif,-7.4235964,-32.912746
xtal_18.cif,./U3Si5/152/xtal_18.cif,-6.430966,-35.2725
xtal_19.cif,./U3Si5/152/xtal_19.cif,-40.069866,88.96311
xtal_20.cif,./U3Si5/152/xtal_20.cif,22.459148,-96.34823
xtal_21.cif,./U3Si5/152/xtal_21.cif,17.31055,-44.675503
xtal_22.cif,./U3Si5/152/xtal_22.cif,27.313679,-103.04098
xtal_23.cif,./U3Si5/152/xtal_23.cif,-44.342346,-48.560066
xtal_24.cif,./U3Si5/152/xtal_24.cif,-74.63126,5.4003115
xtal_25.cif,./U3Si5/152/xtal_25.cif,-5.6478405,-102.54282
xtal_26.cif,./U3Si5/152/xtal_26.cif,-52.68227,75.60663
xtal_28.cif,./U3Si5/152/xtal_28.cif,-11.864347,-94.72482
xtal_30.cif,./U3Si5/152/xtal_30.cif,-58.6788,-30.732718
xtal_31.cif,./U3Si5/152/xtal_31.cif,-75.927345,58.815277
xtal_32.cif,./U3Si5/152/xtal_32.cif,-79.848465,63.83664
xtal_33.cif,./U3Si5/152/xtal_33.cif,-71.06597,-50.460342
xtal_36.cif,./U3Si5/152/xtal_36.cif,-72.31853,56.629215
xtal_38.cif,./U3Si5/152/xtal_38.cif,-67.33802,64.996475
xtal_39.cif,./U3Si5/152/xtal_39.cif,-85.14443,54.743263
xtal_40.cif,./U3Si5/152/xtal_40.cif,-72.94582,-53.23708
xtal_41.cif,./U3Si5/152/xtal_41.cif,12.527711,-24.790834
xtal_42.cif,./U3Si5/152/xtal_42.cif,-19.763912,109.96767
xtal_44.cif,./U3Si5/152/xtal_44.cif,21.502058,-51.44528
xtal_47.cif,./U3Si5/152/xtal_47.cif,-9.842524,110.7993
xtal_48.cif,./U3Si5/152/xtal_48.cif,34.97891,-8.172483
xtal_49.cif,./U3Si5/152/xtal_49.cif,-82.236305,59.757206
xtal_5.cif,./U3Si5/152/xtal_5.cif,-70.88714,-53.9753
xtal_50.cif,./U3Si5/152/xtal_50.cif,16.55283,-3.6280746
xtal_52.cif,./U3Si5/152/xtal_52.cif,-48.31347,-78.353065
xtal_53.cif,./U3Si5/152/xtal_53.cif,-23.387587,109.113205
xtal_54.cif,./U3Si5/152/xtal_54.cif,39.097046,45.971584
xtal_55.cif,./U3Si5/152/xtal_55.cif,14.402646,-28.300915
xtal_56.cif,./U3Si5/152/xtal_56.cif,22.00227,10.672279
xtal_57.cif,./U3Si5/152/xtal_57.cif,-92.55501,31.186174
xtal_58.cif,./U3Si5/152/xtal_58.cif,-64.67868,78.22594
xtal_59.cif,./U3Si5/152/xtal_59.cif,-77.35419,-51.755688
xtal_6.cif,./U3Si5/152/xtal_6.cif,7.9326773,-98.49476
xtal_60.cif,./U3Si5/152/xtal_60.cif,-33.703568,-94.08916
xtal_61.cif,./U3Si5/152/xtal_61.cif,2.8603098,108.759384
xtal_63.cif,./U3Si5/152/xtal_63.cif,-54.800556,74.645035
xtal_64.cif,./U3Si5/152/xtal_64.cif,-48.915268,-69.52149
xtal_65.cif,./U3Si5/152/xtal_65.cif,-69.990944,7.7246737
xtal_66.cif,./U3Si5/152/xtal_66.cif,-38.140408,-91.62441
xtal_68.cif,./U3Si5/152/xtal_68.cif,-82.09938,-42.603172
xtal_69.cif,./U3Si5/152/xtal_69.cif,-84.28466,-21.272522
xtal_7.cif,./U3Si5/152/xtal_7.cif,-35.652416,-98.092094
xtal_71.cif,./U3Si5/152/xtal_71.cif,-3.9392347,-8.897381
xtal_72.cif,./U3Si5/152/xtal_72.cif,18.593283,-102.17916
xtal_74.cif,./U3Si5/152/xtal_74.cif,-90.101654,-2.5644615
xtal_75.cif,./U3Si5/152/xtal_75.cif,-52.21635,-29.922365
xtal_77.cif,./U3Si5/152/xtal_77.cif,-89.37898,48.288418
xtal_79.cif,./U3Si5/152/xtal_79.cif,-84.29999,-20.122463
xtal_81.cif,./U3Si5/152/xtal_81.cif,-15.272568,109.02899
xtal_82.cif,./U3Si5/152/xtal_82.cif,-9.689974,-15.530887
xtal_84.cif,./U3Si5/152/xtal_84.cif,0.75297034,38.649017
xtal_86.cif,./U3Si5/152/xtal_86.cif,-87.17746,29.72143
xtal_88.cif,./U3Si5/152/xtal_88.cif,21.355894,-51.357555
xtal_89.cif,./U3Si5/152/xtal_89.cif,-5.4907193,-15.104195
xtal_9.cif,./U3Si5/152/xtal_9.cif,69.26694,-3.7445202
xtal_91.cif,./U3Si5/152/xtal_91.cif,-99.41351,0.38062397
xtal_92.cif,./U3Si5/152/xtal_92.cif,-99.53793,14.098735
xtal_94.cif,./U3Si5/152/xtal_94.cif,-53.28344,-29.587254
xtal_95.cif,./U3Si5/152/xtal_95.cif,42.43903,54.804626
xtal_96.cif,./U3Si5/152/xtal_96.cif,16.318819,-4.1687927
xtal_98.cif,./U3Si5/152/xtal_98.cif,22.604666,-106.90708
xtal_99.cif,./U3Si5/152/xtal_99.cif,-46.243195,84.46388
xtal_1.cif,./U3Si5/153/xtal_1.cif,-81.03686,40.779896
xtal_10.cif,./U3Si5/153/xtal_10.cif,-10.230213,111.26175
xtal_100.cif,./U3Si5/153/xtal_100.cif,41.824142,49.854816
xtal_13.cif,./U3Si5/153/xtal_13.cif,9.245982,-20.306736
xtal_14.cif,./U3Si5/153/xtal_14.cif,27.508915,24.487787
xtal_15.cif,./U3Si5/153/xtal_15.cif,-37.74957,103.450195
xtal_16.cif,./U3Si5/153/xtal_16.cif,6.558764,-18.157495
xtal_17.cif,./U3Si5/153/xtal_17.cif,-71.106155,73.69149
xtal_2.cif,./U3Si5/153/xtal_2.cif,0.69672656,-101.39616
xtal_20.cif,./U3Si5/153/xtal_20.cif,26.548782,47.52366
xtal_21.cif,./U3Si5/153/xtal_21.cif,-77.60022,5.355373
xtal_22.cif,./U3Si5/153/xtal_22.cif,-13.657729,110.60798
xtal_25.cif,./U3Si5/153/xtal_25.cif,-52.548573,-79.68562
xtal_27.cif,./U3Si5/153/xtal_27.cif,-1.8481163,-14.493723
xtal_28.cif,./U3Si5/153/xtal_28.cif,-81.55901,41.303825
xtal_29.cif,./U3Si5/153/xtal_29.cif,7.933435,-44.391422
xtal_3.cif,./U3Si5/153/xtal_3.cif,-54.93943,73.38621
xtal_31.cif,./U3Si5/153/xtal_31.cif,37.081177,40.29195
xtal_32.cif,./U3Si5/153/xtal_32.cif,-57.588753,54.69585
xtal_33.cif,./U3Si5/153/xtal_33.cif,12.468907,-41.302624
xtal_35.cif,./U3Si5/153/xtal_35.cif,21.063883,6.400296
xtal_37.cif,./U3Si5/153/xtal_37.cif,53.505165,67.6431
xtal_38.cif,./U3Si5/153/xtal_38.cif,-74.1866,-46.871784
xtal_39.cif,./U3Si5/153/xtal_39.cif,-68.99977,8.890995
xtal_4.cif,./U3Si5/153/xtal_4.cif,-76.19665,27.797226
xtal_40.cif,./U3Si5/153/xtal_40.cif,-3.1222408,-100.98209
xtal_42.cif,./U3Si5/153/xtal_42.cif,-56.270775,81.8733
xtal_44.cif,./U3Si5/153/xtal_44.cif,-85.64219,22.27102
xtal_46.cif,./U3Si5/153/xtal_46.cif,25.859837,35.192993
xtal_48.cif,./U3Si5/153/xtal_48.cif,14.34324,-28.14618
xtal_49.cif,./U3Si5/153/xtal_49.cif,11.382491,-26.317453
xtal_50.cif,./U3Si5/153/xtal_50.cif,-72.60476,-70.47321
xtal_51.cif,./U3Si5/153/xtal_51.cif,-78.87192,40.782463
xtal_52.cif,./U3Si5/153/xtal_52.cif,-83.59036,66.930466
xtal_54.cif,./U3Si5/153/xtal_54.cif,5.980764,-46.216133
xtal_55.cif,./U3Si5/153/xtal_55.cif,-37.868294,102.5654
xtal_57.cif,./U3Si5/153/xtal_57.cif,-4.6005588,-9.057644
xtal_58.cif,./U3Si5/153/xtal_58.cif,4.0749874,104.56594
xtal_59.cif,./U3Si5/153/xtal_59.cif,1.4298323,110.29684
xtal_6.cif,./U3Si5/153/xtal_6.cif,22.23819,14.070502
xtal_60.cif,./U3Si5/153/xtal_60.cif,21.462421,5.7069917
xtal_62.cif,./U3Si5/153/xtal_62.cif,-82.27238,29.869112
xtal_63.cif,./U3Si5/153/xtal_63.cif,-73.546295,9.732441
xtal_64.cif,./U3Si5/153/xtal_64.cif,-24.761307,-91.30973
xtal_65.cif,./U3Si5/153/xtal_65.cif,12.387524,-24.941454
xtal_67.cif,./U3Si5/153/xtal_67.cif,-74.18412,8.42576
xtal_69.cif,./U3Si5/153/xtal_69.cif,-76.77007,16.186737
xtal_71.cif,./U3Si5/153/xtal_71.cif,13.26417,-29.208364
xtal_72.cif,./U3Si5/153/xtal_72.cif,14.706074,32.90959
xtal_75.cif,./U3Si5/153/xtal_75.cif,-70.43484,74.11284
xtal_76.cif,./U3Si5/153/xtal_76.cif,-98.055885,-0.019158756
xtal_8.cif,./U3Si5/153/xtal_8.cif,-80.09227,-39.798656
xtal_82.cif,./U3Si5/153/xtal_82.cif,27.46627,20.33583
xtal_83.cif,./U3Si5/153/xtal_83.cif,27.858797,20.89449
xtal_85.cif,./U3Si5/153/xtal_85.cif,-48.99946,-33.692238
xtal_86.cif,./U3Si5/153/xtal_86.cif,-74.54696,7.326077
xtal_89.cif,./U3Si5/153/xtal_89.cif,12.770958,28.080164
xtal_9.cif,./U3Si5/153/xtal_9.cif,-8.555225,110.6639
xtal_90.cif,./U3Si5/153/xtal_90.cif,4.3590527,-16.834677
xtal_91.cif,./U3Si5/153/xtal_91.cif,-4.2215796,-33.35419
xtal_93.cif,./U3Si5/153/xtal_93.cif,-6.7601476,-14.297143
xtal_94.cif,./U3Si5/153/xtal_94.cif,24.530981,35.056595
xtal_97.cif,./U3Si5/153/xtal_97.cif,-73.57477,71.29841
xtal_1.cif,./U3Si5/154/xtal_1.cif,10.248335,34.724915
xtal_10.cif,./U3Si5/154/xtal_10.cif,20.248037,13.164201
xtal_100.cif,./U3Si5/154/xtal_100.cif,21.940653,-106.17651
xtal_11.cif,./U3Si5/154/xtal_11.cif,14.572729,-106.23883
xtal_12.cif,./U3Si5/154/xtal_12.cif,-2.9808772,-103.15898
xtal_13.cif,./U3Si5/154/xtal_13.cif,21.955164,-101.712685
xtal_14.cif,./U3Si5/154/xtal_14.cif,4.7053056,-11.065724
xtal_16.cif,./U3Si5/154/xtal_16.cif,22.4518,-96.199974
xtal_17.cif,./U3Si5/154/xtal_17.cif,-72.571205,56.765312
xtal_18.cif,./U3Si5/154/xtal_18.cif,-33.69496,-86.057045
xtal_19.cif,./U3Si5/154/xtal_19.cif,-37.040627,-91.67836
xtal_2.cif,./U3Si5/154/xtal_2.cif,7.2982473,-45.739746
xtal_20.cif,./U3Si5/154/xtal_20.cif,-78.781,27.1111
xtal_21.cif,./U3Si5/154/xtal_21.cif,-76.59304,3.8156002
xtal_22.cif,./U3Si5/154/xtal_22.cif,-56.088196,-77.49001
xtal_23.cif,./U3Si5/154/xtal_23.cif,-99.029594,0.17112531
xtal_24.cif,./U3Si5/154/xtal_24.cif,7.0163484,102.967186
xtal_25.cif,./U3Si5/154/xtal_25.cif,-7.4815545,-103.340576
xtal_26.cif,./U3Si5/154/xtal_26.cif,-86.83012,-4.9779835
xtal_27.cif,./U3Si5/154/xtal_27.cif,-78.96301,9.607091
xtal_28.cif,./U3Si5/154/xtal_28.cif,-10.58022,-18.098248
xtal_29.cif,./U3Si5/154/xtal_29.cif,-5.0056973,-27.483133
xtal_3.cif,./U3Si5/154/xtal_3.cif,-8.483411,-9.904456
xtal_30.cif,./U3Si5/154/xtal_30.cif,-44.66408,95.603004
xtal_31.cif,./U3Si5/154/xtal_31.cif,-3.534682,-27.04674
xtal_32.cif,./U3Si5/154/xtal_32.cif,-52.570244,-40.350548
xtal_33.cif,./U3Si5/154/xtal_33.cif,-10.31409,-102.87737
xtal_34.cif,./U3Si5/154/xtal_34.cif,-51.114433,-34.82345
xtal_35.cif,./U3Si5/154/xtal_35.cif,-31.579178,-89.68883
xtal_36.cif,./U3Si5/154/xtal_36.cif,-38.87942,-75.40412
xtal_38.cif,./U3Si5/154/xtal_38.cif,19.288866,-100.82412
xtal_4.cif,./U3Si5/154/xtal_4.cif,-65.58306,-79.02586
xtal_40.cif,./U3Si5/154/xtal_40.cif,20.101095,-106.89728
xtal_41.cif,./U3Si5/154/xtal_41.cif,-88.63829,-28.40946
xtal_42.cif,./U3Si5/154/xtal_42.cif,7.3824773,45.544033
xtal_43.cif,./U3Si5/154/xtal_43.cif,-99.81203,14.091125
xtal_44.cif,./U3Si5/154/xtal_44.cif,-67.5308,67.25651
xtal_45.cif,./U3Si5/154/xtal_45.cif,-37.280815,-92.63157
xtal_47.cif,./U3Si5/154/xtal_47.cif,-46.221268,-47.902
xtal_48.cif,./U3Si5/154/xtal_48.cif,23.555576,46.2741
xtal_49.cif,./U3Si5/154/xtal_49.cif,-69.19414,73.28473
xtal_5.cif,./U3Si5/154/xtal_5.cif,24.06156,39.836933
xtal_50.cif,./U3Si5/154/xtal_50.cif,-6.9584565,-34.609764
xtal_51.cif,./U3Si5/154/xtal_51.cif,18.629282,-107.71159
xtal_52.cif,./U3Si5/154/xtal_52.cif,24.655966,-98.7661
xtal_53.cif,./U3Si5/154/xtal_53.cif,21.842155,-33.519543
xtal_54.cif,./U3Si5/154/xtal_54.cif,18.295897,-105.06226
xtal_55.cif,./U3Si5/154/xtal_55.cif,-89.255295,7.7295375
xtal_56.cif,./U3Si5/154/xtal_56.cif,-23.149765,-79.171486
xtal_57.cif,./U3Si5/154/xtal_57.cif,-79.4192,9.662374
xtal_58.cif,./U3Si5/154/xtal_58.cif,-87.13218,-33.199257
xtal_59.cif,./U3Si5/154/xtal_59.cif,69.27377,-3.6934848
xtal_6.cif,./U3Si5/154/xtal_6.cif,4.2353945,-100.19137
xtal_60.cif,./U3Si5/154/xtal_60.cif,-1.9240285,-103.526054
xtal_61.cif,./U3Si5/154/xtal_61.cif,21.828037,-105.619286
xtal_62.cif,./U3Si5/154/xtal_62.cif,-12.195072,-32.101093
xtal_63.cif,./U3Si5/154/xtal_63.cif,9.90984,102.96809
xtal_64.cif,./U3Si5/154/xtal_64.cif,-67.67832,77.501274
xtal_65.cif,./U3Si5/154/xtal_65.cif,114.01219,-12.985826
xtal_66.cif,./U3Si5/154/xtal_66.cif,10.917513,-105.5777
xtal_67.cif,./U3Si5/154/xtal_67.cif,-11.872056,-29.744543
xtal_68.cif,./U3Si5/154/xtal_68.cif,4.2626925,-84.383316
xtal_69.cif,./U3Si5/154/xtal_69.cif,-35.83414,-91.59812
xtal_70.cif,./U3Si5/154/xtal_70.cif,-95.39238,35.86641
xtal_71.cif,./U3Si5/154/xtal_71.cif,-23.751225,-97.93288
xtal_72.cif,./U3Si5/154/xtal_72.cif,23.631176,-106.949295
xtal_73.cif,./U3Si5/154/xtal_73.cif,32.40349,34.87056
xtal_74.cif,./U3Si5/154/xtal_74.cif,-21.438522,107.58757
xtal_75.cif,./U3Si5/154/xtal_75.cif,-10.711867,-9.010224
xtal_76.cif,./U3Si5/154/xtal_76.cif,14.42199,-42.667797
xtal_77.cif,./U3Si5/154/xtal_77.cif,-49.097176,93.962616
xtal_78.cif,./U3Si5/154/xtal_78.cif,7.0348024,-45.30501
xtal_79.cif,./U3Si5/154/xtal_79.cif,-48.939484,-50.925938
xtal_8.cif,./U3Si5/154/xtal_8.cif,-78.76034,4.5011964
xtal_80.cif,./U3Si5/154/xtal_80.cif,11.993133,-27.973423
xtal_81.cif,./U3Si5/154/xtal_81.cif,-13.869287,-90.404816
xtal_82.cif,./U3Si5/154/xtal_82.cif,-4.7804217,-10.379799
xtal_83.cif,./U3Si5/154/xtal_83.cif,23.821505,-95.018135
xtal_84.cif,./U3Si5/154/xtal_84.cif,-75.07062,-67.14775
xtal_85.cif,./U3Si5/154/xtal_85.cif,-81.507675,63.31031
xtal_86.cif,./U3Si5/154/xtal_86.cif,-61.462086,-36.288464
xtal_87.cif,./U3Si5/154/xtal_87.cif,15.464389,3.374293
xtal_88.cif,./U3Si5/154/xtal_88.cif,-33.650143,106.49109
xtal_89.cif,./U3Si5/154/xtal_89.cif,19.368134,-102.18305
xtal_9.cif,./U3Si5/154/xtal_9.cif,-82.06304,-6.577671
xtal_90.cif,./U3Si5/154/xtal_90.cif,-6.2995415,-16.295704
xtal_91.cif,./U3Si5/154/xtal_91.cif,-34.799206,103.25241
xtal_92.cif,./U3Si5/154/xtal_92.cif,-23.704954,-98.340195
xtal_93.cif,./U3Si5/154/xtal_93.cif,-12.026074,-11.156582
xtal_94.cif,./U3Si5/154/xtal_94.cif,-79.88458,63.482265
xtal_95.cif,./U3Si5/154/xtal_95.cif,-38.916935,103.19289
xtal_96.cif,./U3Si5/154/xtal_96.cif,-60.05391,79.16371
xtal_97.cif,./U3Si5/154/xtal_97.cif,-73.46808,64.60212
xtal_98.cif,./U3Si5/154/xtal_98.cif,-74.852486,-3.1688232
xtal_99.cif,./U3Si5/154/xtal_99.cif,22.021225,9.555426
xtal_1.cif,./U3Si5/155/xtal_1.cif,-6.8406763,-15.278234
xtal_10.cif,./U3Si5/155/xtal_10.cif,61.75321,29.544193
xtal_100.cif,./U3Si5/155/xtal_100.cif,-69.69682,66.125755
xtal_15.cif,./U3Si5/155/xtal_15.cif,59.705204,78.54061
xtal_16.cif,./U3Si5/155/xtal_16.cif,-4.5491953,-27.735382
xtal_19.cif,./U3Si5/155/xtal_19.cif,53.208183,66.64611
xtal_20.cif,./U3Si5/155/xtal_20.cif,6.421863,-17.914318
xtal_22.cif,./U3Si5/155/xtal_22.cif,98.04157,-18.88637
xtal_25.cif,./U3Si5/155/xtal_25.cif,-51.36215,76.8904
xtal_27.cif,./U3Si5/155/xtal_27.cif,-65.41386,-65.0565
xtal_29.cif,./U3Si5/155/xtal_29.cif,47.408195,60.63289
xtal_30.cif,./U3Si5/155/xtal_30.cif,-17.176704,-89.858864
xtal_35.cif,./U3Si5/155/xtal_35.cif,-21.115162,-39.93663
xtal_38.cif,./U3Si5/155/xtal_38.cif,14.16162,8.769797
xtal_39.cif,./U3Si5/155/xtal_39.cif,44.164814,54.929752
xtal_40.cif,./U3Si5/155/xtal_40.cif,-1.2163018,-19.678886
xtal_41.cif,./U3Si5/155/xtal_41.cif,-20.765368,109.607574
xtal_42.cif,./U3Si5/155/xtal_42.cif,-94.30817,30.988157
xtal_44.cif,./U3Si5/155/xtal_44.cif,-17.328001,112.341835
xtal_45.cif,./U3Si5/155/xtal_45.cif,-59.120228,-29.778446
xtal_46.cif,./U3Si5/155/xtal_46.cif,54.441467,69.57268
xtal_47.cif,./U3Si5/155/xtal_47.cif,-67.002106,-4.920811
xtal_48.cif,./U3Si5/155/xtal_48.cif,18.840376,-0.53217983
xtal_50.cif,./U3Si5/155/xtal_50.cif,87.94446,45.834866
xtal_52.cif,./U3Si5/155/xtal_52.cif,-32.92956,-0.69305676
xtal_53.cif,./U3Si5/155/xtal_53.cif,-1.1829115,118.23454
xtal_54.cif,./U3Si5/155/xtal_54.cif,59.83505,79.413765
xtal_55.cif,./U3Si5/155/xtal_55.cif,-94.21659,39.85732
xtal_56.cif,./U3Si5/155/xtal_56.cif,46.675865,61.996258
xtal_58.cif,./U3Si5/155/xtal_58.cif,-7.488195,-23.421337
xtal_59.cif,./U3Si5/155/xtal_59.cif,-66.91474,64.762794
xtal_6.cif,./U3Si5/155/xtal_6.cif,-2.0618498,-31.999166
xtal_60.cif,./U3Si5/155/xtal_60.cif,-57.6258,-44.269978
xtal_62.cif,./U3Si5/155/xtal_62.cif,-5.974127,66.40062
xtal_64.cif,./U3Si5/155/xtal_64.cif,37.694954,54.13684
xtal_67.cif,./U3Si5/155/xtal_67.cif,9.478365,-28.404266
xtal_68.cif,./U3Si5/155/xtal_68.cif,-80.954926,26.50051
xtal_69.cif,./U3Si5/155/xtal_69.cif,59.414993,78.100945
xtal_7.cif,./U3Si5/155/xtal_7.cif,-51.870945,72.693
xtal_70.cif,./U3Si5/155/xtal_70.cif,39.2,56.48048
xtal_72.cif,./U3Si5/155/xtal_72.cif,-17.3992,-102.52719
xtal_74.cif,./U3Si5/155/xtal_74.cif,4.6632233,-93.65621
xtal_76.cif,./U3Si5/155/xtal_76.cif,-74.321785,6.5570545
xtal_77.cif,./U3Si5/155/xtal_77.cif,-87.05665,8.495541
xtal_78.cif,./U3Si5/155/xtal_78.cif,-5.0715013,106.48566
xtal_8.cif,./U3Si5/155/xtal_8.cif,42.406532,54.88144
xtal_80.cif,./U3Si5/155/xtal_80.cif,34.548706,31.172365
xtal_81.cif,./U3Si5/155/xtal_81.cif,-72.87601,11.560157
xtal_83.cif,./U3Si5/155/xtal_83.cif,50.18723,63.35868
xtal_84.cif,./U3Si5/155/xtal_84.cif,92.2697,40.42472
xtal_85.cif,./U3Si5/155/xtal_85.cif,-76.66095,-15.845806
xtal_86.cif,./U3Si5/155/xtal_86.cif,-9.653245,105.62679
xtal_87.cif,./U3Si5/155/xtal_87.cif,12.198809,-23.999601
xtal_88.cif,./U3Si5/155/xtal_88.cif,-1.3486352,83.50002
xtal_9.cif,./U3Si5/155/xtal_9.cif,-98.25135,10.725033
xtal_90.cif,./U3Si5/155/xtal_90.cif,50.68296,-21.87531
xtal_91.cif,./U3Si5/155/xtal_91.cif,85.96771,-42.592876
xtal_92.cif,./U3Si5/155/xtal_92.cif,-31.997719,0.97660464
xtal_95.cif,./U3Si5/155/xtal_95.cif,-38.312492,101.477425
xtal_96.cif,./U3Si5/155/xtal_96.cif,-7.5446754,-40.157604
xtal_97.cif,./U3Si5/155/xtal_97.cif,-57.517647,-44.77287
xtal_98.cif,./U3Si5/155/xtal_98.cif,35.066395,54.528473
xtal_1.cif,./U3Si5/156/xtal_1.cif,29.501755,40.728607
xtal_10.cif,./U3Si5/156/xtal_10.cif,-11.104607,-102.19382
xtal_100.cif,./U3Si5/156/xtal_100.cif,64.428246,-75.09178
xtal_11.cif,./U3Si5/156/xtal_11.cif,-17.523895,111.854454
xtal_12.cif,./U3Si5/156/xtal_12.cif,-80.917465,-5.582824
xtal_13.cif,./U3Si5/156/xtal_13.cif,-60.2699,80.063095
xtal_14.cif,./U3Si5/156/xtal_14.cif,-13.621214,31.164019
xtal_15.cif,./U3Si5/156/xtal_15.cif,-13.351653,-13.091073
xtal_16.cif,./U3Si5/156/xtal_16.cif,31.1666,88.54654
xtal_17.cif,./U3Si5/156/xtal_17.cif,29.412746,-35.17351
xtal_18.cif,./U3Si5/156/xtal_18.cif,-53.310184,-27.457108
xtal_19.cif,./U3Si5/156/xtal_19.cif,-47.85737,75.6692
xtal_20.cif,./U3Si5/156/xtal_20.cif,9.87447,-15.810974
xtal_21.cif,./U3Si5/156/xtal_21.cif,7.2254887,-17.359032
xtal_23.cif,./U3Si5/156/xtal_23.cif,-2.0303829,-22.618185
xtal_25.cif,./U3Si5/156/xtal_25.cif,-2.8964856,1.5060605
xtal_27.cif,./U3Si5/156/xtal_27.cif,1.1024083,-18.683657
xtal_28.cif,./U3Si5/156/xtal_28.cif,-11.618143,5.6795454
xtal_3.cif,./U3Si5/156/xtal_3.cif,-77.9966,37.810356
xtal_31.cif,./U3Si5/156/xtal_31.cif,-74.42767,27.77446
xtal_32.cif,./U3Si5/156/xtal_32.cif,-86.39062,-2.9974248
xtal_33.cif,./U3Si5/156/xtal_33.cif,-47.931892,77.65791
xtal_34.cif,./U3Si5/156/xtal_34.cif,-2.692471,-12.001724
xtal_36.cif,./U3Si5/156/xtal_36.cif,23.310535,10.981793
xtal_37.cif,./U3Si5/156/xtal_37.cif,-40.91494,98.3963
xtal_38.cif,./U3Si5/156/xtal_38.cif,-3.1226716,3.2005677
xtal_39.cif,./U3Si5/156/xtal_39.cif,-66.32727,77.75601
xtal_40.cif,./U3Si5/156/xtal_40.cif,3.2333927,-22.781746
xtal_41.cif,./U3Si5/156/xtal_41.cif,-28.584854,107.78482
xtal_42.cif,./U3Si5/156/xtal_42.cif,37.411694,-91.133194
xtal_45.cif,./U3Si5/156/xtal_45.cif,1.0982152,111.59082
xtal_46.cif,./U3Si5/156/xtal_46.cif,-79.50143,33.988895
xtal_47.cif,./U3Si5/156/xtal_47.cif,-27.610394,-91.605484
xtal_48.cif,./U3Si5/156/xtal_48.cif,-90.61862,-22.543396
xtal_5.cif,./U3Si5/156/xtal_5.cif,44.61144,77.706055
xtal_50.cif,./U3Si5/156/xtal_50.cif,-12.601075,31.342087
xtal_51.cif,./U3Si5/156/xtal_51.cif,17.851135,-1.1997194
xtal_52.cif,./U3Si5/156/xtal_52.cif,-54.274323,-72.88979
xtal_53.cif,./U3Si5/156/xtal_53.cif,43.501762,98.22374
xtal_55.cif,./U3Si5/156/xtal_55.cif,25.236332,85.86851
xtal_56.cif,./U3Si5/156/xtal_56.cif,-75.241165,-29.352434
xtal_57.cif,./U3Si5/156/xtal_57.cif,-77.20148,15.3006
xtal_58.cif,./U3Si5/156/xtal_58.cif,31.94567,89.20756
xtal_6.cif,./U3Si5/156/xtal_6.cif,25.373035,46.407703
xtal_62.cif,./U3Si5/156/xtal_62.cif,20.349564,71.84068
xtal_63.cif,./U3Si5/156/xtal_63.cif,-8.319143,-15.695921
xtal_66.cif,./U3Si5/156/xtal_66.cif,30.379045,72.26276
xtal_67.cif,./U3Si5/156/xtal_67.cif,-51.874935,-36.88221
xtal_68.cif,./U3Si5/156/xtal_68.cif,-77.617546,37.242073
xtal_69.cif,./U3Si5/156/xtal_69.cif,-15.250795,30.217978
xtal_7.cif,./U3Si5/156/xtal_7.cif,-59.71654,81.13878
xtal_71.cif,./U3Si5/156/xtal_71.cif,37.014328,-9.936442
xtal_73.cif,./U3Si5/156/xtal_73.cif,-13.166837,30.309471
xtal_74.cif,./U3Si5/156/xtal_74.cif,-53.719627,72.68453
xtal_76.cif,./U3Si5/156/xtal_76.cif,-4.012206,-12.127251
xtal_77.cif,./U3Si5/156/xtal_77.cif,12.470017,2.7921603
xtal_78.cif,./U3Si5/156/xtal_78.cif,-72.931404,9.888671
xtal_79.cif,./U3Si5/156/xtal_79.cif,15.482665,-39.429886
xtal_8.cif,./U3Si5/156/xtal_8.cif,63.840378,-11.760044
xtal_81.cif,./U3Si5/156/xtal_81.cif,-57.708023,-35.100803
xtal_82.cif,./U3Si5/156/xtal_82.cif,-3.6252933,9.379108
xtal_83.cif,./U3Si5/156/xtal_83.cif,-5.3649106,107.20664
xtal_84.cif,./U3Si5/156/xtal_84.cif,25.659117,85.017
xtal_85.cif,./U3Si5/156/xtal_85.cif,22.036434,7.239855
xtal_86.cif,./U3Si5/156/xtal_86.cif,-53.75439,86.34489
xtal_87.cif,./U3Si5/156/xtal_87.cif,16.651567,-9.976876
xtal_88.cif,./U3Si5/156/xtal_88.cif,27.79032,85.26392
xtal_89.cif,./U3Si5/156/xtal_89.cif,26.569384,85.28373
xtal_9.cif,./U3Si5/156/xtal_9.cif,-74.80919,59.26569
xtal_90.cif,./U3Si5/156/xtal_90.cif,-64.87703,78.113174
xtal_91.cif,./U3Si5/156/xtal_91.cif,10.640176,39.38556
xtal_92.cif,./U3Si5/156/xtal_92.cif,25.60733,-48.263382
xtal_93.cif,./U3Si5/156/xtal_93.cif,-82.30498,58.176987
xtal_94.cif,./U3Si5/156/xtal_94.cif,-80.62044,34.708965
xtal_95.cif,./U3Si5/156/xtal_95.cif,27.490597,72.70632
xtal_96.cif,./U3Si5/156/xtal_96.cif,42.12061,90.96303
xtal_97.cif,./U3Si5/156/xtal_97.cif,36.091183,51.803436
xtal_99.cif,./U3Si5/156/xtal_99.cif,43.903774,94.05798
xtal_100.cif,./U3Si5/157/xtal_100.cif,26.847359,87.7312
xtal_11.cif,./U3Si5/157/xtal_11.cif,30.773266,84.463036
xtal_12.cif,./U3Si5/157/xtal_12.cif,-69.42976,50.060658
xtal_13.cif,./U3Si5/157/xtal_13.cif,33.22144,92.51273
xtal_15.cif,./U3Si5/157/xtal_15.cif,-30.571642,105.70071
xtal_18.cif,./U3Si5/157/xtal_18.cif,42.197952,-18.03757
xtal_19.cif,./U3Si5/157/xtal_19.cif,-59.08779,-27.496492
xtal_22.cif,./U3Si5/157/xtal_22.cif,-38.27289,82.14129
xtal_24.cif,./U3Si5/157/xtal_24.cif,26.462318,2.5733626
xtal_27.cif,./U3Si5/157/xtal_27.cif,41.04161,97.76412
xtal_28.cif,./U3Si5/157/xtal_28.cif,-60.60125,-23.166504
xtal_31.cif,./U3Si5/157/xtal_31.cif,-17.070112,107.92189
xtal_35.cif,./U3Si5/157/xtal_35.cif,66.67953,-3.8560126
xtal_38.cif,./U3Si5/157/xtal_38.cif,-81.93362,-7.5136366
xtal_39.cif,./U3Si5/157/xtal_39.cif,34.082836,86.552086
xtal_4.cif,./U3Si5/157/xtal_4.cif,23.721676,73.43538
xtal_40.cif,./U3Si5/157/xtal_40.cif,-47.85634,75.94118
xtal_43.cif,./U3Si5/157/xtal_43.cif,-52.554497,92.62249
xtal_44.cif,./U3Si5/157/xtal_44.cif,21.460062,-35.779667
xtal_48.cif,./U3Si5/157/xtal_48.cif,35.48354,95.620445
xtal_5.cif,./U3Si5/157/xtal_5.cif,-76.05703,29.597832
xtal_51.cif,./U3Si5/157/xtal_51.cif,26.40591,86.28038
xtal_57.cif,./U3Si5/157/xtal_57.cif,-66.33556,-9.232539
xtal_59.cif,./U3Si5/157/xtal_59.cif,-12.378513,31.057709
xtal_73.cif,./U3Si5/157/xtal_73.cif,42.056694,74.20486
xtal_77.cif,./U3Si5/157/xtal_77.cif,16.390612,73.57942
xtal_79.cif,./U3Si5/157/xtal_79.cif,-42.72248,-44.968777
xtal_83.cif,./U3Si5/157/xtal_83.cif,22.343306,72.85096
xtal_84.cif,./U3Si5/157/xtal_84.cif,-33.008213,-43.86701
xtal_85.cif,./U3Si5/157/xtal_85.cif,-71.46114,72.634514
xtal_87.cif,./U3Si5/157/xtal_87.cif,25.66981,83.94224
xtal_88.cif,./U3Si5/157/xtal_88.cif,27.176033,85.906456
xtal_89.cif,./U3Si5/157/xtal_89.cif,28.281822,-30.573118
xtal_9.cif,./U3Si5/157/xtal_9.cif,35.71386,95.61984
xtal_91.cif,./U3Si5/157/xtal_91.cif,-70.00217,62.89069
xtal_94.cif,./U3Si5/157/xtal_94.cif,-66.68462,64.443665
xtal_97.cif,./U3Si5/157/xtal_97.cif,35.29173,95.56462
xtal_10.cif,./U3Si5/158/xtal_10.cif,44.292183,75.39287
xtal_100.cif,./U3Si5/158/xtal_100.cif,-85.341606,38.309025
xtal_11.cif,./U3Si5/158/xtal_11.cif,27.845926,17.84942
xtal_13.cif,./U3Si5/158/xtal_13.cif,7.924244,32.473503
xtal_15.cif,./U3Si5/158/xtal_15.cif,58.62446,75.71694
xtal_19.cif,./U3Si5/158/xtal_19.cif,45.396587,96.94196
xtal_2.cif,./U3Si5/158/xtal_2.cif,12.596654,-43.174885
xtal_23.cif,./U3Si5/158/xtal_23.cif,26.275099,0.706751
xtal_25.cif,./U3Si5/158/xtal_25.cif,-1.5167018,-24.36092
xtal_28.cif,./U3Si5/158/xtal_28.cif,-43.94476,-52.20728
xtal_33.cif,./U3Si5/158/xtal_33.cif,41.994022,46.192738
xtal_34.cif,./U3Si5/158/xtal_34.cif,33.74877,91.386604
xtal_35.cif,./U3Si5/158/xtal_35.cif,-85.99554,62.564354
xtal_37.cif,./U3Si5/158/xtal_37.cif,-77.52992,53.775692
xtal_38.cif,./U3Si5/158/xtal_38.cif,-57.263096,53.215294
xtal_39.cif,./U3Si5/158/xtal_39.cif,-6.583222,-28.607075
xtal_4.cif,./U3Si5/158/xtal_4.cif,-15.100263,110.44589
xtal_41.cif,./U3Si5/158/xtal_41.cif,-76.48867,-39.10408
xtal_45.cif,./U3Si5/158/xtal_45.cif,37.761463,76.13449
xtal_47.cif,./U3Si5/158/xtal_47.cif,41.464985,75.03751
xtal_50.cif,./U3Si5/158/xtal_50.cif,-48.956623,-41.01047
xtal_59.cif,./U3Si5/158/xtal_59.cif,-4.8598046,2.9573646
xtal_6.cif,./U3Si5/158/xtal_6.cif,-68.16416,66.65086
xtal_60.cif,./U3Si5/158/xtal_60.cif,-78.68822,22.102715
xtal_61.cif,./U3Si5/158/xtal_61.cif,-55.73085,75.98294
xtal_62.cif,./U3Si5/158/xtal_62.cif,-84.20159,41.749065
xtal_63.cif,./U3Si5/158/xtal_63.cif,-76.86514,4.9890795
xtal_65.cif,./U3Si5/158/xtal_65.cif,35.215927,78.004395
xtal_66.cif,./U3Si5/158/xtal_66.cif,37.92108,74.1368
xtal_67.cif,./U3Si5/158/xtal_67.cif,22.980688,-45.116722
xtal_68.cif,./U3Si5/158/xtal_68.cif,42.961243,53.872337
xtal_7.cif,./U3Si5/158/xtal_7.cif,45.477203,96.63326
xtal_70.cif,./U3Si5/158/xtal_70.cif,-3.5900111,-36.315132
xtal_73.cif,./U3Si5/158/xtal_73.cif,-22.515013,107.98872
xtal_74.cif,./U3Si5/158/xtal_74.cif,-51.131077,76.955986
xtal_77.cif,./U3Si5/158/xtal_77.cif,18.704418,-83.07179
xtal_78.cif,./U3Si5/158/xtal_78.cif,-86.233284,-30.989054
xtal_79.cif,./U3Si5/158/xtal_79.cif,11.9970045,-30.878021
xtal_82.cif,./U3Si5/158/xtal_82.cif,24.089054,48.8311
xtal_87.cif,./U3Si5/158/xtal_87.cif,3.226923,-22.754524
xtal_88.cif,./U3Si5/158/xtal_88.cif,-76.097244,29.631548
xtal_90.cif,./U3Si5/158/xtal_90.cif,-83.68594,20.459265
xtal_94.cif,./U3Si5/158/xtal_94.cif,-74.88965,61.168766
xtal_95.cif,./U3Si5/158/xtal_95.cif,-86.86862,54.255108
xtal_96.cif,./U3Si5/158/xtal_96.cif,20.551752,13.0987425
xtal_97.cif,./U3Si5/158/xtal_97.cif,-13.127525,110.41108
xtal_1.cif,./U3Si5/159/xtal_1.cif,-5.303732,107.03907
xtal_10.cif,./U3Si5/159/xtal_10.cif,-79.74609,11.39929
xtal_16.cif,./U3Si5/159/xtal_16.cif,7.5936437,-12.283985
xtal_19.cif,./U3Si5/159/xtal_19.cif,33.123585,74.49236
xtal_20.cif,./U3Si5/159/xtal_20.cif,43.638134,99.26733
xtal_24.cif,./U3Si5/159/xtal_24.cif,-84.28913,43.62639
xtal_26.cif,./U3Si5/159/xtal_26.cif,-57.482754,55.534946
xtal_3.cif,./U3Si5/159/xtal_3.cif,11.240149,39.07663
xtal_30.cif,./U3Si5/159/xtal_30.cif,45.187683,70.897255
xtal_32.cif,./U3Si5/159/xtal_32.cif,41.64712,90.7647
xtal_33.cif,./U3Si5/159/xtal_33.cif,-13.495387,-12.72948
xtal_40.cif,./U3Si5/159/xtal_40.cif,-74.35836,-62.98448
xtal_42.cif,./U3Si5/159/xtal_42.cif,-3.459023,-36.338154
xtal_43.cif,./U3Si5/159/xtal_43.cif,-83.027214,48.57023
xtal_44.cif,./U3Si5/159/xtal_44.cif,59.67755,79.20632
xtal_46.cif,./U3Si5/159/xtal_46.cif,-51.99235,-25.54083
xtal_47.cif,./U3Si5/159/xtal_47.cif,-48.57625,73.007545
xtal_49.cif,./U3Si5/159/xtal_49.cif,43.29816,61.394657
xtal_5.cif,./U3Si5/159/xtal_5.cif,8.575839,-12.024129
xtal_50.cif,./U3Si5/159/xtal_50.cif,44.672462,78.34573
xtal_51.cif,./U3Si5/159/xtal_51.cif,20.415842,66.95175
xtal_52.cif,./U3Si5/159/xtal_52.cif,-81.254135,-8.466462
xtal_54.cif,./U3Si5/159/xtal_54.cif,9.925853,45.37069
xtal_56.cif,./U3Si5/159/xtal_56.cif,-92.88097,-14.015776
xtal_57.cif,./U3Si5/159/xtal_57.cif,-3.4647124,-34.10827
xtal_60.cif,./U3Si5/159/xtal_60.cif,-9.552171,95.19485
xtal_61.cif,./U3Si5/159/xtal_61.cif,44.91885,74.890396
xtal_64.cif,./U3Si5/159/xtal_64.cif,-11.321726,-11.571459
xtal_75.cif,./U3Si5/159/xtal_75.cif,44.420902,72.835335
xtal_77.cif,./U3Si5/159/xtal_77.cif,-29.852625,99.987885
xtal_85.cif,./U3Si5/159/xtal_85.cif,-54.979374,80.78778
xtal_87.cif,./U3Si5/159/xtal_87.cif,-74.61909,21.377514
xtal_88.cif,./U3Si5/159/xtal_88.cif,-77.50445,54.05619
xtal_92.cif,./U3Si5/159/xtal_92.cif,-20.57503,106.89459
xtal_94.cif,./U3Si5/159/xtal_94.cif,29.47872,23.45109
xtal_96.cif,./U3Si5/159/xtal_96.cif,-17.415249,38.062878
xtal_1.cif,./U3Si5/160/xtal_1.cif,-46.254803,95.87196
xtal_10.cif,./U3Si5/160/xtal_10.cif,1.5067205,-29.592752
xtal_100.cif,./U3Si5/160/xtal_100.cif,-52.162537,-25.651205
xtal_11.cif,./U3Si5/160/xtal_11.cif,15.751641,-13.665698
xtal_12.cif,./U3Si5/160/xtal_12.cif,27.788773,22.401949
xtal_13.cif,./U3Si5/160/xtal_13.cif,-67.57021,-53.30374
xtal_14.cif,./U3Si5/160/xtal_14.cif,-12.238756,-12.252677
xtal_15.cif,./U3Si5/160/xtal_15.cif,-87.47432,7.400815
xtal_24.cif,./U3Si5/160/xtal_24.cif,24.903826,-104.61616
xtal_25.cif,./U3Si5/160/xtal_25.cif,-84.42664,-7.5653467
xtal_26.cif,./U3Si5/160/xtal_26.cif,17.578764,-16.857494
xtal_27.cif,./U3Si5/160/xtal_27.cif,-42.473988,96.30391
xtal_28.cif,./U3Si5/160/xtal_28.cif,-85.97991,29.324903
xtal_30.cif,./U3Si5/160/xtal_30.cif,-61.13416,-6.0662813
xtal_31.cif,./U3Si5/160/xtal_31.cif,-47.81472,70.76671
xtal_33.cif,./U3Si5/160/xtal_33.cif,5.588804,-25.07526
xtal_36.cif,./U3Si5/160/xtal_36.cif,25.532066,7.7180576
xtal_37.cif,./U3Si5/160/xtal_37.cif,52.74981,66.08875
xtal_38.cif,./U3Si5/160/xtal_38.cif,-85.77051,38.134556
xtal_4.cif,./U3Si5/160/xtal_4.cif,27.216253,11.709446
xtal_41.cif,./U3Si5/160/xtal_41.cif,-83.70841,51.761997
xtal_42.cif,./U3Si5/160/xtal_42.cif,48.00781,61.14258
xtal_43.cif,./U3Si5/160/xtal_43.cif,1.079155,37.457626
xtal_45.cif,./U3Si5/160/xtal_45.cif,37.4545,87.5924
xtal_47.cif,./U3Si5/160/xtal_47.cif,-75.922,40.313282
xtal_5.cif,./U3Si5/160/xtal_5.cif,27.918453,22.504534
xtal_50.cif,./U3Si5/160/xtal_50.cif,24.954344,69.77275
xtal_52.cif,./U3Si5/160/xtal_52.cif,-85.708496,17.101051
xtal_53.cif,./U3Si5/160/xtal_53.cif,0.5884303,37.897366
xtal_54.cif,./U3Si5/160/xtal_54.cif,6.5826154,-24.406647
xtal_55.cif,./U3Si5/160/xtal_55.cif,15.632261,-5.350446
xtal_56.cif,./U3Si5/160/xtal_56.cif,-53.46006,74.193306
xtal_57.cif,./U3Si5/160/xtal_57.cif,59.047043,75.868416
xtal_58.cif,./U3Si5/160/xtal_58.cif,1.651135,110.19584
xtal_60.cif,./U3Si5/160/xtal_60.cif,-54.253696,-33.477627
xtal_61.cif,./U3Si5/160/xtal_61.cif,-63.336258,81.38679
xtal_62.cif,./U3Si5/160/xtal_62.cif,6.558263,-17.807173
xtal_63.cif,./U3Si5/160/xtal_63.cif,-84.5569,49.661034
xtal_64.cif,./U3Si5/160/xtal_64.cif,-11.814392,-12.655975
xtal_68.cif,./U3Si5/160/xtal_68.cif,-50.764015,-35.936543
xtal_69.cif,./U3Si5/160/xtal_69.cif,-55.874058,11.59432
xtal_71.cif,./U3Si5/160/xtal_71.cif,1.228542,104.83991
xtal_72.cif,./U3Si5/160/xtal_72.cif,25.59049,-39.731983
xtal_74.cif,./U3Si5/160/xtal_74.cif,-51.627693,-9.609659
xtal_75.cif,./U3Si5/160/xtal_75.cif,-5.810478,-80.15669
xtal_78.cif,./U3Si5/160/xtal_78.cif,-21.353128,108.76872
xtal_79.cif,./U3Si5/160/xtal_79.cif,39.55267,97.88552
xtal_8.cif,./U3Si5/160/xtal_8.cif,41.300808,47.550076
xtal_82.cif,./U3Si5/160/xtal_82.cif,-11.653937,-26.084518
xtal_83.cif,./U3Si5/160/xtal_83.cif,-7.414081,-23.179699
xtal_86.cif,./U3Si5/160/xtal_86.cif,-3.4951212,-85.85743
xtal_87.cif,./U3Si5/160/xtal_87.cif,24.255676,34.673378
xtal_89.cif,./U3Si5/160/xtal_89.cif,-38.45586,83.93472
xtal_91.cif,./U3Si5/160/xtal_91.cif,-82.230095,10.380821
xtal_92.cif,./U3Si5/160/xtal_92.cif,-78.724754,14.055163
xtal_93.cif,./U3Si5/160/xtal_93.cif,-78.601616,-20.397547
xtal_94.cif,./U3Si5/160/xtal_94.cif,-59.326225,-57.154167
xtal_96.cif,./U3Si5/160/xtal_96.cif,-66.24702,67.91997
xtal_97.cif,./U3Si5/160/xtal_97.cif,-33.30443,78.67491
xtal_98.cif,./U3Si5/160/xtal_98.cif,-76.32478,-15.499664
xtal_99.cif,./U3Si5/160/xtal_99.cif,-10.785992,-14.943817
xtal_1.cif,./U3Si5/162/xtal_1.cif,-104.742355,-4.5573397
xtal_100.cif,./U3Si5/162/xtal_100.cif,22.68652,-31.304737
xtal_12.cif,./U3Si5/162/xtal_12.cif,-83.746895,43.189808
xtal_13.cif,./U3Si5/162/xtal_13.cif,-71.04378,-2.8311973
xtal_14.cif,./U3Si5/162/xtal_14.cif,-55.8531,-28.560896
xtal_17.cif,./U3Si5/162/xtal_17.cif,-74.111465,-44.11356
xtal_19.cif,./U3Si5/162/xtal_19.cif,-66.65958,37.28654
xtal_2.cif,./U3Si5/162/xtal_2.cif,-63.854404,27.032541
xtal_21.cif,./U3Si5/162/xtal_21.cif,-41.811623,-23.598616
xtal_25.cif,./U3Si5/162/xtal_25.cif,4.8569813,98.969505
xtal_27.cif,./U3Si5/162/xtal_27.cif,-19.481295,-88.64942
xtal_28.cif,./U3Si5/162/xtal_28.cif,-30.140985,43.45919
xtal_30.cif,./U3Si5/162/xtal_30.cif,-8.406708,-95.33518
xtal_31.cif,./U3Si5/162/xtal_31.cif,6.7562904,-46.511898
xtal_33.cif,./U3Si5/162/xtal_33.cif,87.55272,44.375443
xtal_40.cif,./U3Si5/162/xtal_40.cif,99.948654,-20.485338
xtal_41.cif,./U3Si5/162/xtal_41.cif,-23.645937,105.05996
xtal_42.cif,./U3Si5/162/xtal_42.cif,-88.20474,-14.094501
xtal_44.cif,./U3Si5/162/xtal_44.cif,-60.53519,10.524593
xtal_46.cif,./U3Si5/162/xtal_46.cif,34.786125,-26.776827
xtal_48.cif,./U3Si5/162/xtal_48.cif,78.89245,41.805668
xtal_49.cif,./U3Si5/162/xtal_49.cif,-21.80847,-30.359734
xtal_50.cif,./U3Si5/162/xtal_50.cif,-75.963394,-28.87407
xtal_51.cif,./U3Si5/162/xtal_51.cif,-82.779274,-39.28851
xtal_55.cif,./U3Si5/162/xtal_55.cif,-37.19438,22.736431
xtal_58.cif,./U3Si5/162/xtal_58.cif,-34.63812,20.383518
xtal_60.cif,./U3Si5/162/xtal_60.cif,-26.604713,64.60373
xtal_62.cif,./U3Si5/162/xtal_62.cif,-90.27498,29.871403
xtal_63.cif,./U3Si5/162/xtal_63.cif,-80.89465,38.481667
xtal_64.cif,./U3Si5/162/xtal_64.cif,-67.56026,94.939705
xtal_67.cif,./U3Si5/162/xtal_67.cif,-13.341299,30.590567
xtal_68.cif,./U3Si5/162/xtal_68.cif,-24.05053,-31.916206
xtal_69.cif,./U3Si5/162/xtal_69.cif,-90.20826,24.212358
xtal_7.cif,./U3Si5/162/xtal_7.cif,-40.44724,34.194244
xtal_70.cif,./U3Si5/162/xtal_70.cif,-74.32605,7.0384283
xtal_71.cif,./U3Si5/162/xtal_71.cif,109.80077,22.838709
xtal_73.cif,./U3Si5/162/xtal_73.cif,77.541046,0.90537333
xtal_8.cif,./U3Si5/162/xtal_8.cif,51.843193,-19.76547
xtal_81.cif,./U3Si5/162/xtal_81.cif,17.146578,71.43714
xtal_84.cif,./U3Si5/162/xtal_84.cif,-41.703503,-70.49142
xtal_85.cif,./U3Si5/162/xtal_85.cif,93.73015,-45.125374
xtal_86.cif,./U3Si5/162/xtal_86.cif,-91.68636,41.01113
xtal_87.cif,./U3Si5/162/xtal_87.cif,-56.33414,61.155502
xtal_88.cif,./U3Si5/162/xtal_88.cif,-64.66899,48.428104
xtal_9.cif,./U3Si5/162/xtal_9.cif,111.230156,-16.05145
xtal_92.cif,./U3Si5/162/xtal_92.cif,5.8411074,94.85693
xtal_93.cif,./U3Si5/162/xtal_93.cif,-69.95635,63.293816
xtal_96.cif,./U3Si5/162/xtal_96.cif,-49.16235,-85.63329
xtal_98.cif,./U3Si5/162/xtal_98.cif,10.388681,93.62124
xtal_99.cif,./U3Si5/162/xtal_99.cif,-6.4024377,-41.757114
xtal_1.cif,./U3Si5/163/xtal_1.cif,7.9804564,-26.752325
xtal_10.cif,./U3Si5/163/xtal_10.cif,101.24506,19.947622
xtal_100.cif,./U3Si5/163/xtal_100.cif,30.56932,-95.85537
xtal_11.cif,./U3Si5/163/xtal_11.cif,-42.631813,5.5934286
xtal_12.cif,./U3Si5/163/xtal_12.cif,-92.48006,30.33803
xtal_13.cif,./U3Si5/163/xtal_13.cif,24.76322,-105.38993
xtal_14.cif,./U3Si5/163/xtal_14.cif,-2.3810194,-103.194756
xtal_15.cif,./U3Si5/163/xtal_15.cif,0.7419719,-54.11581
xtal_16.cif,./U3Si5/163/xtal_16.cif,70.17806,2.6355548
xtal_17.cif,./U3Si5/163/xtal_17.cif,-65.3065,76.302444
xtal_18.cif,./U3Si5/163/xtal_18.cif,13.081193,-41.152374
xtal_19.cif,./U3Si5/163/xtal_19.cif,10.227573,-104.74777
xtal_2.cif,./U3Si5/163/xtal_2.cif,63.818707,-11.194265
xtal_20.cif,./U3Si5/163/xtal_20.cif,-83.72491,48.82054
xtal_21.cif,./U3Si5/163/xtal_21.cif,-26.542625,-96.773674
xtal_22.cif,./U3Si5/163/xtal_22.cif,-28.229612,93.91152
xtal_23.cif,./U3Si5/163/xtal_23.cif,41.619267,-66.95137
xtal_24.cif,./U3Si5/163/xtal_24.cif,-35.465176,-93.50592
xtal_25.cif,./U3Si5/163/xtal_25.cif,-41.346066,97.48166
xtal_26.cif,./U3Si5/163/xtal_26.cif,24.429096,-40.973423
xtal_27.cif,./U3Si5/163/xtal_27.cif,-45.660892,-2.602977
xtal_28.cif,./U3Si5/163/xtal_28.cif,-51.04518,-59.676758
xtal_29.cif,./U3Si5/163/xtal_29.cif,-84.39741,-21.107439
xtal_3.cif,./U3Si5/163/xtal_3.cif,-69.67772,43.83699
xtal_30.cif,./U3Si5/163/xtal_30.cif,-20.282822,-3.148749
xtal_31.cif,./U3Si5/163/xtal_31.cif,1.1232663,-18.89059
xtal_32.cif,./U3Si5/163/xtal_32.cif,-73.24036,72.83639
xtal_33.cif,./U3Si5/163/xtal_33.cif,46.453888,-74.5995
xtal_34.cif,./U3Si5/163/xtal_34.cif,6.6695294,-46.745144
xtal_35.cif,./U3Si5/163/xtal_35.cif,-12.1132145,-98.48335
xtal_36.cif,./U3Si5/163/xtal_36.cif,-78.34126,9.328567
xtal_37.cif,./U3Si5/163/xtal_37.cif,-12.143463,-102.466576
xtal_38.cif,./U3Si5/163/xtal_38.cif,-39.63773,-82.52237
xtal_39.cif,./U3Si5/163/xtal_39.cif,-22.332945,43.014988
xtal_4.cif,./U3Si5/163/xtal_4.cif,-47.686344,-64.18727
xtal_40.cif,./U3Si5/163/xtal_40.cif,-9.044674,-67.46725
xtal_41.cif,./U3Si5/163/xtal_41.cif,105.55897,-38.511063
xtal_43.cif,./U3Si5/163/xtal_43.cif,14.771599,-95.560196
xtal_44.cif,./U3Si5/163/xtal_44.cif,45.435333,-93.61084
xtal_45.cif,./U3Si5/163/xtal_45.cif,73.21557,-71.20364
xtal_46.cif,./U3Si5/163/xtal_46.cif,87.37496,-38.581493
xtal_47.cif,./U3Si5/163/xtal_47.cif,-2.5992281,90.07889
xtal_49.cif,./U3Si5/163/xtal_49.cif,-54.751675,79.60986
xtal_5.cif,./U3Si5/163/xtal_5.cif,-53.99568,22.488888
xtal_50.cif,./U3Si5/163/xtal_50.cif,35.53526,-29.438614
xtal_51.cif,./U3Si5/163/xtal_51.cif,-45.14426,-23.623056
xtal_52.cif,./U3Si5/163/xtal_52.cif,-86.71978,-3.0571415
xtal_53.cif,./U3Si5/163/xtal_53.cif,-26.899727,-85.47791
xtal_54.cif,./U3Si5/163/xtal_54.cif,-53.612858,21.998327
xtal_55.cif,./U3Si5/163/xtal_55.cif,-37.68001,-77.42542
xtal_56.cif,./U3Si5/163/xtal_56.cif,-29.41991,78.1207
xtal_57.cif,./U3Si5/163/xtal_57.cif,-73.569084,9.727458
xtal_58.cif,./U3Si5/163/xtal_58.cif,-29.860783,75.16647
xtal_59.cif,./U3Si5/163/xtal_59.cif,-41.59576,-84.30975
xtal_6.cif,./U3Si5/163/xtal_6.cif,-48.85534,11.978695
xtal_60.cif,./U3Si5/163/xtal_60.cif,-85.0744,-24.014303
xtal_61.cif,./U3Si5/163/xtal_61.cif,-42.75933,6.6016564
xtal_62.cif,./U3Si5/163/xtal_62.cif,-56.742317,-6.62504
xtal_63.cif,./U3Si5/163/xtal_63.cif,-73.862274,-29.779436
xtal_64.cif,./U3Si5/163/xtal_64.cif,-69.75015,-47.74958
xtal_65.cif,./U3Si5/163/xtal_65.cif,-45.998005,-76.1072
xtal_66.cif,./U3Si5/163/xtal_66.cif,-58.528366,63.492626
xtal_67.cif,./U3Si5/163/xtal_67.cif,-9.279476,-69.94991
xtal_68.cif,./U3Si5/163/xtal_68.cif,-16.503624,-91.987755
xtal_69.cif,./U3Si5/163/xtal_69.cif,-46.216476,6.653376
xtal_7.cif,./U3Si5/163/xtal_7.cif,-88.79374,-1.6345835
xtal_70.cif,./U3Si5/163/xtal_70.cif,-63.89311,36.127254
xtal_71.cif,./U3Si5/163/xtal_71.cif,20.767733,-54.638977
xtal_72.cif,./U3Si5/163/xtal_72.cif,-81.4286,-38.967632
xtal_73.cif,./U3Si5/163/xtal_73.cif,-77.34806,-58.483646
xtal_74.cif,./U3Si5/163/xtal_74.cif,-5.5504837,-100.006165
xtal_75.cif,./U3Si5/163/xtal_75.cif,-72.57531,-66.63931
xtal_76.cif,./U3Si5/163/xtal_76.cif,-53.066788,43.979156
xtal_77.cif,./U3Si5/163/xtal_77.cif,-70.10854,-30.636774
xtal_79.cif,./U3Si5/163/xtal_79.cif,25.93471,-68.21054
xtal_8.cif,./U3Si5/163/xtal_8.cif,-46.027058,-64.007484
xtal_80.cif,./U3Si5/163/xtal_80.cif,30.42122,-79.91883
xtal_81.cif,./U3Si5/163/xtal_81.cif,-31.835655,83.45367
xtal_83.cif,./U3Si5/163/xtal_83.cif,-75.819626,27.371052
xtal_84.cif,./U3Si5/163/xtal_84.cif,9.306457,33.634228
xtal_85.cif,./U3Si5/163/xtal_85.cif,-24.50692,105.23593
xtal_86.cif,./U3Si5/163/xtal_86.cif,-30.649595,-1.7839814
xtal_87.cif,./U3Si5/163/xtal_87.cif,-71.01407,-47.888462
xtal_88.cif,./U3Si5/163/xtal_88.cif,-8.872839,-101.16694
xtal_89.cif,./U3Si5/163/xtal_89.cif,47.166676,-94.63239
xtal_9.cif,./U3Si5/163/xtal_9.cif,-87.03223,-5.2077217
xtal_90.cif,./U3Si5/163/xtal_90.cif,10.160437,-28.540375
xtal_91.cif,./U3Si5/163/xtal_91.cif,-66.49885,68.13213
xtal_92.cif,./U3Si5/163/xtal_92.cif,15.649646,-44.844612
xtal_93.cif,./U3Si5/163/xtal_93.cif,-48.987446,-84.939644
xtal_94.cif,./U3Si5/163/xtal_94.cif,-19.393456,-69.34429
xtal_95.cif,./U3Si5/163/xtal_95.cif,-9.789526,105.98197
xtal_96.cif,./U3Si5/163/xtal_96.cif,13.595914,-47.449764
xtal_97.cif,./U3Si5/163/xtal_97.cif,54.833313,-86.99856
xtal_98.cif,./U3Si5/163/xtal_98.cif,-47.256077,-23.61724
xtal_99.cif,./U3Si5/163/xtal_99.cif,7.3996525,-11.577335
xtal_100.cif,./U3Si5/164/xtal_100.cif,-63.36245,65.30053
xtal_17.cif,./U3Si5/164/xtal_17.cif,-80.91308,-20.408674
xtal_2.cif,./U3Si5/164/xtal_2.cif,-57.05979,82.59893
xtal_21.cif,./U3Si5/164/xtal_21.cif,-25.6501,-37.32679
xtal_23.cif,./U3Si5/164/xtal_23.cif,60.113316,33.764526
xtal_27.cif,./U3Si5/164/xtal_27.cif,18.900784,-62.629047
xtal_31.cif,./U3Si5/164/xtal_31.cif,50.20706,-20.303732
xtal_32.cif,./U3Si5/164/xtal_32.cif,-38.19719,-23.603468
xtal_36.cif,./U3Si5/164/xtal_36.cif,-83.56443,40.70507
xtal_43.cif,./U3Si5/164/xtal_43.cif,-89.97615,24.977358
xtal_44.cif,./U3Si5/164/xtal_44.cif,-69.82691,-60.556374
xtal_45.cif,./U3Si5/164/xtal_45.cif,60.708965,-45.68282
xtal_46.cif,./U3Si5/164/xtal_46.cif,79.77799,29.753382
xtal_48.cif,./U3Si5/164/xtal_48.cif,-74.47214,44.850082
xtal_5.cif,./U3Si5/164/xtal_5.cif,-36.5805,106.29221
xtal_50.cif,./U3Si5/164/xtal_50.cif,79.71081,-37.439377
xtal_53.cif,./U3Si5/164/xtal_53.cif,-83.30174,30.016592
xtal_55.cif,./U3Si5/164/xtal_55.cif,-71.62161,76.688644
xtal_56.cif,./U3Si5/164/xtal_56.cif,-97.562645,30.868526
xtal_57.cif,./U3Si5/164/xtal_57.cif,99.03848,51.152386
xtal_58.cif,./U3Si5/164/xtal_58.cif,-96.97943,5.81789
xtal_59.cif,./U3Si5/164/xtal_59.cif,42.02712,-73.27787
xtal_60.cif,./U3Si5/164/xtal_60.cif,-19.592415,96.91817
xtal_61.cif,./U3Si5/164/xtal_61.cif,90.0385,48.82306
xtal_62.cif,./U3Si5/164/xtal_62.cif,109.482124,-9.801986
xtal_65.cif,./U3Si5/164/xtal_65.cif,-2.408201,-20.809423
xtal_69.cif,./U3Si5/164/xtal_69.cif,-70.116425,32.207172
xtal_7.cif,./U3Si5/164/xtal_7.cif,87.93557,46.040688
xtal_70.cif,./U3Si5/164/xtal_70.cif,-1.8114648,-48.976997
xtal_72.cif,./U3Si5/164/xtal_72.cif,52.711315,-78.27324
xtal_73.cif,./U3Si5/164/xtal_73.cif,-76.82264,49.77074
xtal_75.cif,./U3Si5/164/xtal_75.cif,-75.448395,59.223087
xtal_77.cif,./U3Si5/164/xtal_77.cif,39.13109,-57.64341
xtal_78.cif,./U3Si5/164/xtal_78.cif,6.0188303,-13.759892
xtal_80.cif,./U3Si5/164/xtal_80.cif,76.10568,46.66051
xtal_82.cif,./U3Si5/164/xtal_82.cif,47.867878,-28.296333
xtal_86.cif,./U3Si5/164/xtal_86.cif,25.967201,-53.681618
xtal_90.cif,./U3Si5/164/xtal_90.cif,-58.626156,37.640068
xtal_92.cif,./U3Si5/164/xtal_92.cif,9.729037,104.565575
xtal_99.cif,./U3Si5/164/xtal_99.cif,-63.599438,36.50545
xtal_1.cif,./U3Si5/165/xtal_1.cif,-34.088497,5.636639
xtal_12.cif,./U3Si5/165/xtal_12.cif,-20.78119,-76.710495
xtal_14.cif,./U3Si5/165/xtal_14.cif,114.71998,33.244892
xtal_15.cif,./U3Si5/165/xtal_15.cif,34.615593,-31.16661
xtal_16.cif,./U3Si5/165/xtal_16.cif,-25.805017,100.16247
xtal_17.cif,./U3Si5/165/xtal_17.cif,-37.4087,-67.51971
xtal_18.cif,./U3Si5/165/xtal_18.cif,16.373346,24.13478
xtal_2.cif,./U3Si5/165/xtal_2.cif,34.425087,-63.490437
xtal_22.cif,./U3Si5/165/xtal_22.cif,-86.05209,-14.138293
xtal_23.cif,./U3Si5/165/xtal_23.cif,-54.075737,-76.348335
xtal_24.cif,./U3Si5/165/xtal_24.cif,36.179794,-63.972137
xtal_29.cif,./U3Si5/165/xtal_29.cif,-30.84435,5.0960174
xtal_30.cif,./U3Si5/165/xtal_30.cif,-95.95018,30.929142
xtal_32.cif,./U3Si5/165/xtal_32.cif,89.17042,53.7429
xtal_36.cif,./U3Si5/165/xtal_36.cif,-1.6627218,94.30467
xtal_38.cif,./U3Si5/165/xtal_38.cif,-6.6167126,-35.57502
xtal_39.cif,./U3Si5/165/xtal_39.cif,-84.62495,-14.348412
xtal_40.cif,./U3Si5/165/xtal_40.cif,-59.42906,23.947083
xtal_42.cif,./U3Si5/165/xtal_42.cif,-81.38784,24.896534
xtal_44.cif,./U3Si5/165/xtal_44.cif,10.906135,-2.0254266
xtal_47.cif,./U3Si5/165/xtal_47.cif,-18.327824,37.430595
xtal_48.cif,./U3Si5/165/xtal_48.cif,34.152287,-36.829067
xtal_5.cif,./U3Si5/165/xtal_5.cif,51.465233,-70.09327
xtal_51.cif,./U3Si5/165/xtal_51.cif,-77.04315,55.715874
xtal_52.cif,./U3Si5/165/xtal_52.cif,27.960478,-30.156948
xtal_54.cif,./U3Si5/165/xtal_54.cif,-3.1206408,-27.17756
xtal_57.cif,./U3Si5/165/xtal_57.cif,-17.54996,-91.1064
xtal_59.cif,./U3Si5/165/xtal_59.cif,-78.807144,41.43639
xtal_60.cif,./U3Si5/165/xtal_60.cif,-97.9655,0.7549858
xtal_62.cif,./U3Si5/165/xtal_62.cif,-46.82567,93.13286
xtal_63.cif,./U3Si5/165/xtal_63.cif,-83.31754,64.912094
xtal_64.cif,./U3Si5/165/xtal_64.cif,-5.159825,-65.01933
xtal_65.cif,./U3Si5/165/xtal_65.cif,49.046726,-61.733818
xtal_66.cif,./U3Si5/165/xtal_66.cif,-14.773936,7.757005
xtal_69.cif,./U3Si5/165/xtal_69.cif,9.6321125,104.12946
xtal_72.cif,./U3Si5/165/xtal_72.cif,-76.77182,17.430061
xtal_75.cif,./U3Si5/165/xtal_75.cif,-59.15065,-30.898527
xtal_8.cif,./U3Si5/165/xtal_8.cif,-63.697735,61.824875
xtal_83.cif,./U3Si5/165/xtal_83.cif,-75.09454,-37.455048
xtal_84.cif,./U3Si5/165/xtal_84.cif,64.809364,-19.07104
xtal_85.cif,./U3Si5/165/xtal_85.cif,86.583206,-40.88164
xtal_86.cif,./U3Si5/165/xtal_86.cif,-52.812214,-75.87247
xtal_87.cif,./U3Si5/165/xtal_87.cif,87.96058,45.542988
xtal_89.cif,./U3Si5/165/xtal_89.cif,-40.50463,54.72308
xtal_9.cif,./U3Si5/165/xtal_9.cif,-8.607214,-51.821125
xtal_90.cif,./U3Si5/165/xtal_90.cif,73.90696,-76.676994
xtal_91.cif,./U3Si5/165/xtal_91.cif,-62.82502,39.560234
xtal_95.cif,./U3Si5/165/xtal_95.cif,38.20756,-84.709045
xtal_99.cif,./U3Si5/165/xtal_99.cif,-60.719837,79.509705
xtal_100.cif,./U3Si5/166/xtal_100.cif,-78.41701,-7.5126443
xtal_11.cif,./U3Si5/166/xtal_11.cif,-97.87333,7.468252
xtal_15.cif,./U3Si5/166/xtal_15.cif,3.941209,89.82022
xtal_16.cif,./U3Si5/166/xtal_16.cif,-6.9999514,-74.32265
xtal_17.cif,./U3Si5/166/xtal_17.cif,-56.79802,61.756134
xtal_21.cif,./U3Si5/166/xtal_21.cif,-89.799545,-33.93803
xtal_23.cif,./U3Si5/166/xtal_23.cif,53.47936,14.321709
xtal_24.cif,./U3Si5/166/xtal_24.cif,13.824163,-49.346848
xtal_29.cif,./U3Si5/166/xtal_29.cif,-3.395688,106.89822
xtal_30.cif,./U3Si5/166/xtal_30.cif,-72.118996,-40.760834
xtal_31.cif,./U3Si5/166/xtal_31.cif,-100.55321,28.887114
xtal_35.cif,./U3Si5/166/xtal_35.cif,-30.38343,63.341835
xtal_36.cif,./U3Si5/166/xtal_36.cif,-53.19842,-42.49736
xtal_37.cif,./U3Si5/166/xtal_37.cif,-36.37243,107.6742
xtal_38.cif,./U3Si5/166/xtal_38.cif,-75.23357,-65.060165
xtal_4.cif,./U3Si5/166/xtal_4.cif,49.191616,-52.00749
xtal_40.cif,./U3Si5/166/xtal_40.cif,-36.752277,-83.588234
xtal_41.cif,./U3Si5/166/xtal_41.cif,53.720657,9.0518465
xtal_48.cif,./U3Si5/166/xtal_48.cif,-30.608185,-27.9241
xtal_5.cif,./U3Si5/166/xtal_5.cif,45.838455,4.6278253
xtal_53.cif,./U3Si5/166/xtal_53.cif,-84.39015,2.6012657
xtal_54.cif,./U3Si5/166/xtal_54.cif,-52.180676,-73.18609
xtal_55.cif,./U3Si5/166/xtal_55.cif,-37.043434,8.705656
xtal_56.cif,./U3Si5/166/xtal_56.cif,98.56449,25.908213
xtal_58.cif,./U3Si5/166/xtal_58.cif,-96.81875,-25.238342
xtal_59.cif,./U3Si5/166/xtal_59.cif,-43.334,60.389637
xtal_61.cif,./U3Si5/166/xtal_61.cif,-25.418623,104.22649
xtal_63.cif,./U3Si5/166/xtal_63.cif,-18.794405,51.072147
xtal_64.cif,./U3Si5/166/xtal_64.cif,-47.97454,14.137951
xtal_67.cif,./U3Si5/166/xtal_67.cif,-9.225371,72.377945
xtal_7.cif,./U3Si5/166/xtal_7.cif,-10.140831,-64.28725
xtal_81.cif,./U3Si5/166/xtal_81.cif,-91.10462,-34.03634
xtal_84.cif,./U3Si5/166/xtal_84.cif,-53.31076,15.838205
xtal_88.cif,./U3Si5/166/xtal_88.cif,-71.12701,-40.19977
xtal_93.cif,./U3Si5/166/xtal_93.cif,-2.5929053,-73.86151
xtal_94.cif,./U3Si5/166/xtal_94.cif,-27.328514,93.219
xtal_95.cif,./U3Si5/166/xtal_95.cif,-43.2893,-65.673
xtal_1.cif,./U3Si5/168/xtal_1.cif,-83.6456,23.613787
xtal_10.cif,./U3Si5/168/xtal_10.cif,54.80704,-67.25683
xtal_12.cif,./U3Si5/168/xtal_12.cif,-1.3186347,6.523005
xtal_13.cif,./U3Si5/168/xtal_13.cif,-88.19193,22.010864
xtal_14.cif,./U3Si5/168/xtal_14.cif,32.867302,92.15228
xtal_15.cif,./U3Si5/168/xtal_15.cif,-43.09871,-51.099697
xtal_16.cif,./U3Si5/168/xtal_16.cif,6.7000413,107.032814
xtal_17.cif,./U3Si5/168/xtal_17.cif,26.561584,86.64747
xtal_18.cif,./U3Si5/168/xtal_18.cif,28.863995,-83.38555
xtal_19.cif,./U3Si5/168/xtal_19.cif,33.46738,89.404816
xtal_20.cif,./U3Si5/168/xtal_20.cif,41.813988,91.16705
xtal_21.cif,./U3Si5/168/xtal_21.cif,34.221046,88.53268
xtal_22.cif,./U3Si5/168/xtal_22.cif,-60.764526,79.70737
xtal_24.cif,./U3Si5/168/xtal_24.cif,-13.128544,106.66887
xtal_26.cif,./U3Si5/168/xtal_26.cif,-25.066214,-16.619022
xtal_28.cif,./U3Si5/168/xtal_28.cif,-15.226938,32.23681
xtal_29.cif,./U3Si5/168/xtal_29.cif,43.770668,81.55679
xtal_3.cif,./U3Si5/168/xtal_3.cif,-42.90909,82.22234
xtal_34.cif,./U3Si5/168/xtal_34.cif,-43.555656,74.7182
xtal_36.cif,./U3Si5/168/xtal_36.cif,2.9329793,5.0859675
xtal_37.cif,./U3Si5/168/xtal_37.cif,35.234634,94.88367
xtal_38.cif,./U3Si5/168/xtal_38.cif,40.87117,89.93237
xtal_4.cif,./U3Si5/168/xtal_4.cif,28.415064,88.198006
xtal_40.cif,./U3Si5/168/xtal_40.cif,-2.8063524,5.3681016
xtal_41.cif,./U3Si5/168/xtal_41.cif,-74.67734,21.041826
xtal_43.cif,./U3Si5/168/xtal_43.cif,25.959364,-22.076244
xtal_45.cif,./U3Si5/168/xtal_45.cif,37.111664,36.554005
xtal_5.cif,./U3Si5/168/xtal_5.cif,17.611422,20.898426
xtal_50.cif,./U3Si5/168/xtal_50.cif,-85.56942,-32.911762
xtal_51.cif,./U3Si5/168/xtal_51.cif,-83.903694,44.172638
xtal_52.cif,./U3Si5/168/xtal_52.cif,40.982815,97.76744
xtal_53.cif,./U3Si5/168/xtal_53.cif,-2.2398763,5.340698
xtal_54.cif,./U3Si5/168/xtal_54.cif,-78.27101,29.35573
xtal_55.cif,./U3Si5/168/xtal_55.cif,20.247547,73.57963
xtal_56.cif,./U3Si5/168/xtal_56.cif,-74.87785,65.87995
xtal_57.cif,./U3Si5/168/xtal_57.cif,-51.350533,-73.16453
xtal_58.cif,./U3Si5/168/xtal_58.cif,-37.146667,-10.389817
xtal_60.cif,./U3Si5/168/xtal_60.cif,-94.09489,-0.9628896
xtal_61.cif,./U3Si5/168/xtal_61.cif,-34.223152,-85.28805
xtal_63.cif,./U3Si5/168/xtal_63.cif,-18.79688,96.119125
xtal_65.cif,./U3Si5/168/xtal_65.cif,26.451624,83.693665
xtal_66.cif,./U3Si5/168/xtal_66.cif,-67.89863,81.44265
xtal_67.cif,./U3Si5/168/xtal_67.cif,-66.66452,32.528885
xtal_68.cif,./U3Si5/168/xtal_68.cif,-79.66533,-27.84952
xtal_69.cif,./U3Si5/168/xtal_69.cif,6.129456,13.009716
xtal_7.cif,./U3Si5/168/xtal_7.cif,27.467955,86.45798
xtal_70.cif,./U3Si5/168/xtal_70.cif,-18.687664,0.5510167
xtal_71.cif,./U3Si5/168/xtal_71.cif,-11.831153,6.4696803
xtal_72.cif,./U3Si5/168/xtal_72.cif,-65.861916,43.548115
xtal_74.cif,./U3Si5/168/xtal_74.cif,10.858847,29.022211
xtal_75.cif,./U3Si5/168/xtal_75.cif,29.147709,40.521004
xtal_76.cif,./U3Si5/168/xtal_76.cif,11.363962,45.661476
xtal_78.cif,./U3Si5/168/xtal_78.cif,21.216387,24.309738
xtal_8.cif,./U3Si5/168/xtal_8.cif,33.513615,88.38315
xtal_81.cif,./U3Si5/168/xtal_81.cif,-11.076318,111.80998
xtal_82.cif,./U3Si5/168/xtal_82.cif,-69.16768,50.40425
xtal_84.cif,./U3Si5/168/xtal_84.cif,37.94679,-26.38658
xtal_85.cif,./U3Si5/168/xtal_85.cif,44.54033,75.51918
xtal_88.cif,./U3Si5/168/xtal_88.cif,-25.734818,-22.937923
xtal_89.cif,./U3Si5/168/xtal_89.cif,29.580467,41.547634
xtal_9.cif,./U3Si5/168/xtal_9.cif,-90.553375,-8.492096
xtal_91.cif,./U3Si5/168/xtal_91.cif,37.376396,-20.778769
xtal_93.cif,./U3Si5/168/xtal_93.cif,-13.699265,108.31249
xtal_96.cif,./U3Si5/168/xtal_96.cif,-68.38487,41.548645
xtal_1.cif,./U3Si5/171/xtal_1.cif,-60.720005,-31.773346
xtal_10.cif,./U3Si5/171/xtal_10.cif,-81.03295,12.5841
xtal_11.cif,./U3Si5/171/xtal_11.cif,-60.94261,-30.933525
xtal_12.cif,./U3Si5/171/xtal_12.cif,-45.411507,-48.0714
xtal_13.cif,./U3Si5/171/xtal_13.cif,-91.519684,-20.528788
xtal_15.cif,./U3Si5/171/xtal_15.cif,-49.164024,-88.1688
xtal_16.cif,./U3Si5/171/xtal_16.cif,-56.362614,-30.08865
xtal_17.cif,./U3Si5/171/xtal_17.cif,-78.50582,5.832408
xtal_18.cif,./U3Si5/171/xtal_18.cif,-71.83184,5.7144423
xtal_19.cif,./U3Si5/171/xtal_19.cif,28.40961,3.3023372
xtal_23.cif,./U3Si5/171/xtal_23.cif,-76.07105,57.27952
xtal_24.cif,./U3Si5/171/xtal_24.cif,20.352842,-35.792156
xtal_25.cif,./U3Si5/171/xtal_25.cif,-47.059654,-48.762486
xtal_26.cif,./U3Si5/171/xtal_26.cif,-7.8485465,-35.114086
xtal_27.cif,./U3Si5/171/xtal_27.cif,-72.95733,10.490691
xtal_29.cif,./U3Si5/171/xtal_29.cif,-72.75901,-70.43874
xtal_31.cif,./U3Si5/171/xtal_31.cif,16.033293,1.9726505
xtal_32.cif,./U3Si5/171/xtal_32.cif,-75.07894,58.947884
xtal_36.cif,./U3Si5/171/xtal_36.cif,-75.41415,56.538605
xtal_39.cif,./U3Si5/171/xtal_39.cif,-61.93895,53.978947
xtal_4.cif,./U3Si5/171/xtal_4.cif,-9.559029,-102.74
xtal_42.cif,./U3Si5/171/xtal_42.cif,-91.54133,44.737915
xtal_44.cif,./U3Si5/171/xtal_44.cif,12.682642,29.137365
xtal_45.cif,./U3Si5/171/xtal_45.cif,-21.220776,108.27935
xtal_46.cif,./U3Si5/171/xtal_46.cif,-73.51956,63.562366
xtal_47.cif,./U3Si5/171/xtal_47.cif,-71.10594,-62.226036
xtal_48.cif,./U3Si5/171/xtal_48.cif,21.411217,-98.20456
xtal_49.cif,./U3Si5/171/xtal_49.cif,15.308339,3.400249
xtal_52.cif,./U3Si5/171/xtal_52.cif,-85.40633,28.68483
xtal_53.cif,./U3Si5/171/xtal_53.cif,20.118347,-101.028114
xtal_55.cif,./U3Si5/171/xtal_55.cif,-58.15993,-34.692253
xtal_56.cif,./U3Si5/171/xtal_56.cif,-71.75874,57.9793
xtal_57.cif,./U3Si5/171/xtal_57.cif,9.939456,-23.32517
xtal_61.cif,./U3Si5/171/xtal_61.cif,-80.93944,13.344108
xtal_62.cif,./U3Si5/171/xtal_62.cif,-74.06712,60.35677
xtal_63.cif,./U3Si5/171/xtal_63.cif,-43.581646,93.800606
xtal_64.cif,./U3Si5/171/xtal_64.cif,39.822517,-9.195825
xtal_65.cif,./U3Si5/171/xtal_65.cif,-42.49348,-51.704758
xtal_66.cif,./U3Si5/171/xtal_66.cif,17.144228,-103.64369
xtal_67.cif,./U3Si5/171/xtal_67.cif,-7.374352,-31.87193
xtal_7.cif,./U3Si5/171/xtal_7.cif,-52.64533,-33.24436
xtal_71.cif,./U3Si5/171/xtal_71.cif,-8.385552,-23.063215
xtal_72.cif,./U3Si5/171/xtal_72.cif,-7.0035453,-29.6382
xtal_75.cif,./U3Si5/171/xtal_75.cif,-51.841763,72.53933
xtal_78.cif,./U3Si5/171/xtal_78.cif,8.546062,33.47337
xtal_79.cif,./U3Si5/171/xtal_79.cif,-85.78926,38.496845
xtal_8.cif,./U3Si5/171/xtal_8.cif,-8.098453,-31.909971
xtal_82.cif,./U3Si5/171/xtal_82.cif,16.333921,-105.08526
xtal_83.cif,./U3Si5/171/xtal_83.cif,33.300888,32.385826
xtal_84.cif,./U3Si5/171/xtal_84.cif,-100.274345,14.438436
xtal_85.cif,./U3Si5/171/xtal_85.cif,-43.95117,98.8352
xtal_86.cif,./U3Si5/171/xtal_86.cif,-81.45705,14.917615
xtal_87.cif,./U3Si5/171/xtal_87.cif,25.325912,-33.97801
xtal_88.cif,./U3Si5/171/xtal_88.cif,21.37828,-97.90032
xtal_89.cif,./U3Si5/171/xtal_89.cif,10.251273,-26.47529
xtal_9.cif,./U3Si5/171/xtal_9.cif,-79.06968,14.561759
xtal_90.cif,./U3Si5/171/xtal_90.cif,13.095087,29.34141
xtal_93.cif,./U3Si5/171/xtal_93.cif,15.324173,-44.611553
xtal_95.cif,./U3Si5/171/xtal_95.cif,10.90351,101.90288
xtal_96.cif,./U3Si5/171/xtal_96.cif,22.135117,-106.770584
xtal_97.cif,./U3Si5/171/xtal_97.cif,14.647669,-41.97472
xtal_98.cif,./U3Si5/171/xtal_98.cif,20.364723,73.94471
xtal_1.cif,./U3Si5/172/xtal_1.cif,-5.6535897,-13.909462
xtal_18.cif,./U3Si5/172/xtal_18.cif,-80.82716,58.78553
xtal_19.cif,./U3Si5/172/xtal_19.cif,-75.68414,-65.7229
xtal_21.cif,./U3Si5/172/xtal_21.cif,-10.371591,110.77982
xtal_23.cif,./U3Si5/172/xtal_23.cif,-81.60788,56.717937
xtal_25.cif,./U3Si5/172/xtal_25.cif,23.381168,44.735947
xtal_26.cif,./U3Si5/172/xtal_26.cif,-81.226456,28.917313
xtal_27.cif,./U3Si5/172/xtal_27.cif,33.741848,35.64805
xtal_30.cif,./U3Si5/172/xtal_30.cif,20.02926,-106.70005
xtal_34.cif,./U3Si5/172/xtal_34.cif,20.105011,3.8262844
xtal_35.cif,./U3Si5/172/xtal_35.cif,-83.41774,28.59011
xtal_38.cif,./U3Si5/172/xtal_38.cif,-0.04388085,109.851944
xtal_42.cif,./U3Si5/172/xtal_42.cif,6.967918,-16.12094
xtal_45.cif,./U3Si5/172/xtal_45.cif,-48.53682,94.38312
xtal_49.cif,./U3Si5/172/xtal_49.cif,38.07886,-18.509794
xtal_50.cif,./U3Si5/172/xtal_50.cif,7.3961744,32.25805
xtal_55.cif,./U3Si5/172/xtal_55.cif,-88.78223,-18.543928
xtal_59.cif,./U3Si5/172/xtal_59.cif,3.5139208,-17.059925
xtal_6.cif,./U3Si5/172/xtal_6.cif,7.539074,45.797367
xtal_61.cif,./U3Si5/172/xtal_61.cif,-96.241234,33.50078
xtal_62.cif,./U3Si5/172/xtal_62.cif,-7.768007,-34.74114
xtal_65.cif,./U3Si5/172/xtal_65.cif,26.279264,47.61386
xtal_68.cif,./U3Si5/172/xtal_68.cif,-85.3182,22.498453
xtal_69.cif,./U3Si5/172/xtal_69.cif,28.082485,-22.20882
xtal_74.cif,./U3Si5/172/xtal_74.cif,8.312635,-30.473904
xtal_76.cif,./U3Si5/172/xtal_76.cif,-74.812164,61.835102
xtal_77.cif,./U3Si5/172/xtal_77.cif,-29.261438,99.44027
xtal_83.cif,./U3Si5/172/xtal_83.cif,-82.283226,59.347225
xtal_85.cif,./U3Si5/172/xtal_85.cif,-40.99321,100.981346
xtal_86.cif,./U3Si5/172/xtal_86.cif,-53.439384,-33.58177
xtal_87.cif,./U3Si5/172/xtal_87.cif,-53.11882,-29.221445
xtal_9.cif,./U3Si5/172/xtal_9.cif,34.359077,87.00321
xtal_92.cif,./U3Si5/172/xtal_92.cif,-9.90394,-14.555886
xtal_93.cif,./U3Si5/172/xtal_93.cif,16.248316,-41.505764
xtal_97.cif,./U3Si5/172/xtal_97.cif,-83.95637,43.578213
xtal_1.cif,./U3Si5/173/xtal_1.cif,-113.67283,9.383925
xtal_10.cif,./U3Si5/173/xtal_10.cif,27.544344,85.71803
xtal_12.cif,./U3Si5/173/xtal_12.cif,22.609314,-102.07674
xtal_14.cif,./U3Si5/173/xtal_14.cif,12.304374,24.065378
xtal_15.cif,./U3Si5/173/xtal_15.cif,16.927647,71.45064
xtal_16.cif,./U3Si5/173/xtal_16.cif,-26.634457,48.795185
xtal_18.cif,./U3Si5/173/xtal_18.cif,39.47584,-89.037895
xtal_19.cif,./U3Si5/173/xtal_19.cif,-78.217834,14.186392
xtal_2.cif,./U3Si5/173/xtal_2.cif,-76.96505,9.956263
xtal_20.cif,./U3Si5/173/xtal_20.cif,11.003394,100.58258
xtal_21.cif,./U3Si5/173/xtal_21.cif,-24.31799,104.88741
xtal_22.cif,./U3Si5/173/xtal_22.cif,5.3640637,109.674934
xtal_23.cif,./U3Si5/173/xtal_23.cif,-77.22425,8.923183
xtal_24.cif,./U3Si5/173/xtal_24.cif,38.62995,44.63968
xtal_25.cif,./U3Si5/173/xtal_25.cif,-11.109311,-12.266603
xtal_26.cif,./U3Si5/173/xtal_26.cif,8.028512,105.22897
xtal_27.cif,./U3Si5/173/xtal_27.cif,42.745045,60.99439
xtal_28.cif,./U3Si5/173/xtal_28.cif,11.134539,35.911564
xtal_29.cif,./U3Si5/173/xtal_29.cif,-100.16685,-1.0306755
xtal_3.cif,./U3Si5/173/xtal_3.cif,-19.715618,97.177284
xtal_30.cif,./U3Si5/173/xtal_30.cif,33.107178,74.35624
xtal_31.cif,./U3Si5/173/xtal_31.cif,-2.6700928,45.948883
xtal_32.cif,./U3Si5/173/xtal_32.cif,24.891653,74.346146
xtal_34.cif,./U3Si5/173/xtal_34.cif,45.81963,97.219345
xtal_35.cif,./U3Si5/173/xtal_35.cif,-4.892839,-33.270332
xtal_36.cif,./U3Si5/173/xtal_36.cif,27.81349,21.136595
xtal_37.cif,./U3Si5/173/xtal_37.cif,7.8523874,44.693157
xtal_38.cif,./U3Si5/173/xtal_38.cif,-91.29904,-47.736847
xtal_4.cif,./U3Si5/173/xtal_4.cif,-1.2632308,-25.381405
xtal_43.cif,./U3Si5/173/xtal_43.cif,20.54441,66.945076
xtal_44.cif,./U3Si5/173/xtal_44.cif,-3.8815274,6.7984133
xtal_47.cif,./U3Si5/173/xtal_47.cif,-84.78145,46.46289
xtal_50.cif,./U3Si5/173/xtal_50.cif,-76.92045,9.057371
xtal_51.cif,./U3Si5/173/xtal_51.cif,-58.40881,50.376606
xtal_53.cif,./U3Si5/173/xtal_53.cif,24.841494,38.794617
xtal_54.cif,./U3Si5/173/xtal_54.cif,12.994756,-41.30102
xtal_55.cif,./U3Si5/173/xtal_55.cif,28.282543,22.6248
xtal_56.cif,./U3Si5/173/xtal_56.cif,-84.5775,29.370575
xtal_57.cif,./U3Si5/173/xtal_57.cif,46.39699,71.2384
xtal_58.cif,./U3Si5/173/xtal_58.cif,29.058268,40.27729
xtal_59.cif,./U3Si5/173/xtal_59.cif,-89.5701,48.339016
xtal_6.cif,./U3Si5/173/xtal_6.cif,20.071943,76.74259
xtal_60.cif,./U3Si5/173/xtal_60.cif,-52.697906,-28.58482
xtal_61.cif,./U3Si5/173/xtal_61.cif,3.9490175,-22.91965
xtal_62.cif,./U3Si5/173/xtal_62.cif,-13.371179,28.807344
xtal_65.cif,./U3Si5/173/xtal_65.cif,13.757881,-47.533684
xtal_67.cif,./U3Si5/173/xtal_67.cif,-11.304679,4.6555524
xtal_68.cif,./U3Si5/173/xtal_68.cif,9.287947,2.4887877
xtal_69.cif,./U3Si5/173/xtal_69.cif,13.080264,-29.470694
xtal_7.cif,./U3Si5/173/xtal_7.cif,-13.54501,-12.263374
xtal_70.cif,./U3Si5/173/xtal_70.cif,-67.040344,66.972115
xtal_71.cif,./U3Si5/173/xtal_71.cif,8.4543,-23.90573
xtal_73.cif,./U3Si5/173/xtal_73.cif,45.347095,71.03903
xtal_74.cif,./U3Si5/173/xtal_74.cif,-84.97573,29.286089
xtal_75.cif,./U3Si5/173/xtal_75.cif,26.239466,74.180244
xtal_77.cif,./U3Si5/173/xtal_77.cif,-9.363718,-96.28037
xtal_79.cif,./U3Si5/173/xtal_79.cif,-47.679077,75.33221
xtal_8.cif,./U3Si5/173/xtal_8.cif,-5.596467,-14.615296
xtal_80.cif,./U3Si5/173/xtal_80.cif,-7.2111015,-56.34255
xtal_81.cif,./U3Si5/173/xtal_81.cif,-29.498268,98.48872
xtal_82.cif,./U3Si5/173/xtal_82.cif,92.8126,-46.335567
xtal_83.cif,./U3Si5/173/xtal_83.cif,-56.763355,50.36212
xtal_85.cif,./U3Si5/173/xtal_85.cif,-98.32157,10.187235
xtal_86.cif,./U3Si5/173/xtal_86.cif,-73.09698,62.87191
xtal_87.cif,./U3Si5/173/xtal_87.cif,-48.898224,93.759186
xtal_89.cif,./U3Si5/173/xtal_89.cif,42.788208,98.36414
xtal_9.cif,./U3Si5/173/xtal_9.cif,16.64525,-36.316994
xtal_90.cif,./U3Si5/173/xtal_90.cif,-2.8099158,9.106334
xtal_91.cif,./U3Si5/173/xtal_91.cif,21.667742,-55.897663
xtal_92.cif,./U3Si5/173/xtal_92.cif,5.8547707,105.55912
xtal_95.cif,./U3Si5/173/xtal_95.cif,1.1903518,106.34182
xtal_96.cif,./U3Si5/173/xtal_96.cif,-77.580215,10.753634
xtal_97.cif,./U3Si5/173/xtal_97.cif,30.335836,47.569595
xtal_98.cif,./U3Si5/173/xtal_98.cif,51.500294,-61.29301
xtal_99.cif,./U3Si5/173/xtal_99.cif,83.58875,0.036757845
xtal_1.cif,./U3Si5/174/xtal_1.cif,36.123253,40.74822
xtal_100.cif,./U3Si5/174/xtal_100.cif,-24.422699,-17.365435
xtal_11.cif,./U3Si5/174/xtal_11.cif,98.01571,24.840462
xtal_18.cif,./U3Si5/174/xtal_18.cif,-75.13687,48.03954
xtal_2.cif,./U3Si5/174/xtal_2.cif,-22.818867,84.37085
xtal_24.cif,./U3Si5/174/xtal_24.cif,117.068306,35.001877
xtal_27.cif,./U3Si5/174/xtal_27.cif,11.020754,11.312441
xtal_29.cif,./U3Si5/174/xtal_29.cif,14.302553,-35.2303
xtal_33.cif,./U3Si5/174/xtal_33.cif,29.245703,-21.532503
xtal_35.cif,./U3Si5/174/xtal_35.cif,97.579124,63.12081
xtal_40.cif,./U3Si5/174/xtal_40.cif,-56.036488,79.0434
xtal_48.cif,./U3Si5/174/xtal_48.cif,-81.19706,67.85931
xtal_64.cif,./U3Si5/174/xtal_64.cif,7.025128,-12.87233
xtal_68.cif,./U3Si5/174/xtal_68.cif,35.54838,45.020462
xtal_76.cif,./U3Si5/174/xtal_76.cif,52.476467,-3.2592547
xtal_88.cif,./U3Si5/174/xtal_88.cif,-79.07508,41.88506
xtal_98.cif,./U3Si5/174/xtal_98.cif,95.58224,14.802325
xtal_1.cif,./U3Si5/175/xtal_1.cif,49.387966,-93.52782
xtal_10.cif,./U3Si5/175/xtal_10.cif,-7.0687604,-65.80992
xtal_12.cif,./U3Si5/175/xtal_12.cif,-52.98264,45.023785
xtal_13.cif,./U3Si5/175/xtal_13.cif,29.807755,-78.26822
xtal_14.cif,./U3Si5/175/xtal_14.cif,89.06315,68.41318
xtal_15.cif,./U3Si5/175/xtal_15.cif,-89.28326,-0.031689934
xtal_16.cif,./U3Si5/175/xtal_16.cif,-96.70812,35.964672
xtal_17.cif,./U3Si5/175/xtal_17.cif,-3.4258614,-73.272064
xtal_18.cif,./U3Si5/175/xtal_18.cif,48.95056,-37.269764
xtal_19.cif,./U3Si5/175/xtal_19.cif,-7.130141,-75.94464
xtal_2.cif,./U3Si5/175/xtal_2.cif,-42.649677,6.409709
xtal_20.cif,./U3Si5/175/xtal_20.cif,-3.4095259,-89.30616
xtal_21.cif,./U3Si5/175/xtal_21.cif,-50.782368,-40.19359
xtal_22.cif,./U3Si5/175/xtal_22.cif,-75.008705,5.4667387
xtal_23.cif,./U3Si5/175/xtal_23.cif,-14.368927,76.32557
xtal_24.cif,./U3Si5/175/xtal_24.cif,-8.415958,-50.86114
xtal_25.cif,./U3Si5/175/xtal_25.cif,-91.524895,-46.962585
xtal_27.cif,./U3Si5/175/xtal_27.cif,106.562904,-27.931755
xtal_28.cif,./U3Si5/175/xtal_28.cif,98.61315,48.024437
xtal_29.cif,./U3Si5/175/xtal_29.cif,-60.20227,45.687286
xtal_3.cif,./U3Si5/175/xtal_3.cif,56.96534,-39.024418
xtal_31.cif,./U3Si5/175/xtal_31.cif,44.034676,-16.80032
xtal_32.cif,./U3Si5/175/xtal_32.cif,-102.74733,16.682665
xtal_33.cif,./U3Si5/175/xtal_33.cif,5.5490065,72.14275
xtal_35.cif,./U3Si5/175/xtal_35.cif,32.16847,-69.09931
xtal_36.cif,./U3Si5/175/xtal_36.cif,31.737926,-47.23812
xtal_37.cif,./U3Si5/175/xtal_37.cif,38.280693,-42.499413
xtal_38.cif,./U3Si5/175/xtal_38.cif,50.707535,-69.87668
xtal_39.cif,./U3Si5/175/xtal_39.cif,-85.93222,54.051662
xtal_4.cif,./U3Si5/175/xtal_4.cif,-93.37135,16.27954
xtal_40.cif,./U3Si5/175/xtal_40.cif,-45.06618,58.155605
xtal_41.cif,./U3Si5/175/xtal_41.cif,-71.067856,-23.215744
xtal_42.cif,./U3Si5/175/xtal_42.cif,-47.71721,-64.26404
xtal_43.cif,./U3Si5/175/xtal_43.cif,-75.60842,47.43363
xtal_44.cif,./U3Si5/175/xtal_44.cif,-45.061867,95.512695
xtal_45.cif,./U3Si5/175/xtal_45.cif,15.057852,-107.37995
xtal_46.cif,./U3Si5/175/xtal_46.cif,-9.105024,72.19557
xtal_47.cif,./U3Si5/175/xtal_47.cif,-31.240822,-89.46771
xtal_48.cif,./U3Si5/175/xtal_48.cif,-12.099432,1.078833
xtal_5.cif,./U3Si5/175/xtal_5.cif,91.87348,40.62427
xtal_50.cif,./U3Si5/175/xtal_50.cif,-41.051414,28.938282
xtal_51.cif,./U3Si5/175/xtal_51.cif,-80.627266,-1.9683355
xtal_53.cif,./U3Si5/175/xtal_53.cif,-10.6401005,17.71092
xtal_54.cif,./U3Si5/175/xtal_54.cif,-23.805,75.39154
xtal_55.cif,./U3Si5/175/xtal_55.cif,-9.365984,-101.600044
xtal_56.cif,./U3Si5/175/xtal_56.cif,105.81083,-38.879044
xtal_57.cif,./U3Si5/175/xtal_57.cif,53.760094,-29.093061
xtal_58.cif,./U3Si5/175/xtal_58.cif,10.531943,2.6634324
xtal_59.cif,./U3Si5/175/xtal_59.cif,23.455606,-40.807335
xtal_6.cif,./U3Si5/175/xtal_6.cif,-46.35824,-67.8792
xtal_60.cif,./U3Si5/175/xtal_60.cif,6.990513,107.351204
xtal_61.cif,./U3Si5/175/xtal_61.cif,-72.91433,69.686584
xtal_62.cif,./U3Si5/175/xtal_62.cif,-74.801926,-6.3626313
xtal_63.cif,./U3Si5/175/xtal_63.cif,18.56806,-52.01238
xtal_64.cif,./U3Si5/175/xtal_64.cif,103.33696,-18.287943
xtal_65.cif,./U3Si5/175/xtal_65.cif,30.365473,-95.964386
xtal_66.cif,./U3Si5/175/xtal_66.cif,-30.907053,-73.69168
xtal_68.cif,./U3Si5/175/xtal_68.cif,-10.088317,1.4497645
xtal_69.cif,./U3Si5/175/xtal_69.cif,-37.094646,8.309016
xtal_7.cif,./U3Si5/175/xtal_7.cif,31.078203,-56.398037
xtal_70.cif,./U3Si5/175/xtal_70.cif,-5.0682564,-21.22448
xtal_72.cif,./U3Si5/175/xtal_72.cif,7.7852793,-46.07944
xtal_74.cif,./U3Si5/175/xtal_74.cif,-82.65707,62.45664
xtal_75.cif,./U3Si5/175/xtal_75.cif,21.52578,-52.64934
xtal_76.cif,./U3Si5/175/xtal_76.cif,-36.44907,4.420809
xtal_77.cif,./U3Si5/175/xtal_77.cif,68.925064,39.86387
xtal_78.cif,./U3Si5/175/xtal_78.cif,-31.259756,9.501926
xtal_79.cif,./U3Si5/175/xtal_79.cif,10.659949,-102.996735
xtal_8.cif,./U3Si5/175/xtal_8.cif,94.057556,8.756383
xtal_80.cif,./U3Si5/175/xtal_80.cif,-60.86917,-6.4388323
xtal_81.cif,./U3Si5/175/xtal_81.cif,91.246124,49.781197
xtal_82.cif,./U3Si5/175/xtal_82.cif,-25.217222,105.2652
xtal_83.cif,./U3Si5/175/xtal_83.cif,-64.25741,-21.739876
xtal_84.cif,./U3Si5/175/xtal_84.cif,62.129036,31.27474
xtal_85.cif,./U3Si5/175/xtal_85.cif,-14.692989,-101.87638
xtal_86.cif,./U3Si5/175/xtal_86.cif,24.59465,75.08546
xtal_87.cif,./U3Si5/175/xtal_87.cif,-75.48136,-6.905142
xtal_88.cif,./U3Si5/175/xtal_88.cif,-6.064757,-70.03415
xtal_89.cif,./U3Si5/175/xtal_89.cif,31.543667,-59.941437
xtal_9.cif,./U3Si5/175/xtal_9.cif,-95.84832,24.364653
xtal_91.cif,./U3Si5/175/xtal_91.cif,-42.97644,3.44662
xtal_93.cif,./U3Si5/175/xtal_93.cif,90.60789,-44.35984
xtal_94.cif,./U3Si5/175/xtal_94.cif,-66.0973,30.642078
xtal_95.cif,./U3Si5/175/xtal_95.cif,45.945824,-77.180885
xtal_96.cif,./U3Si5/175/xtal_96.cif,23.91443,-32.048534
xtal_97.cif,./U3Si5/175/xtal_97.cif,-9.24552,16.42368
xtal_98.cif,./U3Si5/175/xtal_98.cif,-26.016115,-71.72413
xtal_10.cif,./U3Si5/176/xtal_10.cif,-6.2677703,104.57791
xtal_100.cif,./U3Si5/176/xtal_100.cif,-74.02475,5.4279227
xtal_11.cif,./U3Si5/176/xtal_11.cif,-87.342064,4.721923
xtal_13.cif,./U3Si5/176/xtal_13.cif,-42.711643,-81.10041
xtal_14.cif,./U3Si5/176/xtal_14.cif,-18.60471,95.30175
xtal_15.cif,./U3Si5/176/xtal_15.cif,-43.815956,-72.529816
xtal_16.cif,./U3Si5/176/xtal_16.cif,-13.473131,31.153103
xtal_17.cif,./U3Si5/176/xtal_17.cif,63.4152,34.166145
xtal_18.cif,./U3Si5/176/xtal_18.cif,27.061947,-46.182915
xtal_21.cif,./U3Si5/176/xtal_21.cif,-69.71865,-24.21052
xtal_25.cif,./U3Si5/176/xtal_25.cif,-3.819721,-33.55501
xtal_26.cif,./U3Si5/176/xtal_26.cif,64.41697,52.690475
xtal_27.cif,./U3Si5/176/xtal_27.cif,-34.977757,89.57674
xtal_29.cif,./U3Si5/176/xtal_29.cif,-95.60771,-21.235504
xtal_31.cif,./U3Si5/176/xtal_31.cif,-74.25919,65.47943
xtal_33.cif,./U3Si5/176/xtal_33.cif,-48.565456,94.574875
xtal_36.cif,./U3Si5/176/xtal_36.cif,-102.88027,-3.6427412
xtal_37.cif,./U3Si5/176/xtal_37.cif,-37.82568,92.93746
xtal_39.cif,./U3Si5/176/xtal_39.cif,15.052154,-39.55666
xtal_40.cif,./U3Si5/176/xtal_40.cif,-45.26484,96.91056
xtal_41.cif,./U3Si5/176/xtal_41.cif,-45.360233,-23.901487
xtal_42.cif,./U3Si5/176/xtal_42.cif,-40.822384,100.89075
xtal_43.cif,./U3Si5/176/xtal_43.cif,22.655676,-104.77624
xtal_44.cif,./U3Si5/176/xtal_44.cif,-82.67186,-8.979702
xtal_45.cif,./U3Si5/176/xtal_45.cif,-52.20645,21.4102
xtal_47.cif,./U3Si5/176/xtal_47.cif,-52.12527,92.30736
xtal_48.cif,./U3Si5/176/xtal_48.cif,-48.955177,-85.00114
xtal_5.cif,./U3Si5/176/xtal_5.cif,-38.9827,-94.9219
xtal_50.cif,./U3Si5/176/xtal_50.cif,-78.24926,5.48478
xtal_52.cif,./U3Si5/176/xtal_52.cif,-51.975853,-30.760853
xtal_54.cif,./U3Si5/176/xtal_54.cif,-60.800568,-36.997055
xtal_55.cif,./U3Si5/176/xtal_55.cif,-40.357407,80.86117
xtal_57.cif,./U3Si5/176/xtal_57.cif,-23.252615,110.5465
xtal_58.cif,./U3Si5/176/xtal_58.cif,-68.830376,74.7009
xtal_59.cif,./U3Si5/176/xtal_59.cif,-65.5668,59.582443
xtal_6.cif,./U3Si5/176/xtal_6.cif,-81.39467,-25.883715
xtal_61.cif,./U3Si5/176/xtal_61.cif,63.742733,-29.112925
xtal_62.cif,./U3Si5/176/xtal_62.cif,34.746967,-46.219563
xtal_63.cif,./U3Si5/176/xtal_63.cif,-83.148766,-28.934687
xtal_66.cif,./U3Si5/176/xtal_66.cif,-45.922237,85.5667
xtal_67.cif,./U3Si5/176/xtal_67.cif,6.3722425,104.55975
xtal_68.cif,./U3Si5/176/xtal_68.cif,-40.25898,87.030556
xtal_69.cif,./U3Si5/176/xtal_69.cif,-50.200397,-47.417885
xtal_7.cif,./U3Si5/176/xtal_7.cif,-79.028656,40.346478
xtal_71.cif,./U3Si5/176/xtal_71.cif,-37.864876,92.719604
xtal_72.cif,./U3Si5/176/xtal_72.cif,-5.6839714,-100.70318
xtal_73.cif,./U3Si5/176/xtal_73.cif,-88.5148,23.591156
xtal_75.cif,./U3Si5/176/xtal_75.cif,111.21579,28.496237
xtal_76.cif,./U3Si5/176/xtal_76.cif,-38.41154,-75.88469
xtal_77.cif,./U3Si5/176/xtal_77.cif,-82.912476,-26.673014
xtal_78.cif,./U3Si5/176/xtal_78.cif,-10.035064,110.678505
xtal_79.cif,./U3Si5/176/xtal_79.cif,-58.84059,-32.792267
xtal_8.cif,./U3Si5/176/xtal_8.cif,-8.706905,-95.89397
xtal_80.cif,./U3Si5/176/xtal_80.cif,-43.277172,-53.297787
xtal_81.cif,./U3Si5/176/xtal_81.cif,-37.375523,-91.51944
xtal_83.cif,./U3Si5/176/xtal_83.cif,-43.998474,96.42456
xtal_84.cif,./U3Si5/176/xtal_84.cif,33.203506,-79.87346
xtal_85.cif,./U3Si5/176/xtal_85.cif,-93.353455,3.9256587
xtal_86.cif,./U3Si5/176/xtal_86.cif,-1.9196262,-84.69905
xtal_87.cif,./U3Si5/176/xtal_87.cif,-3.9704494,-14.526533
xtal_89.cif,./U3Si5/176/xtal_89.cif,-89.01329,40.422543
xtal_91.cif,./U3Si5/176/xtal_91.cif,-114.8876,37.8036
xtal_93.cif,./U3Si5/176/xtal_93.cif,-19.948542,64.96542
xtal_94.cif,./U3Si5/176/xtal_94.cif,-76.012726,57.60028
xtal_95.cif,./U3Si5/176/xtal_95.cif,-37.74002,59.50789
xtal_99.cif,./U3Si5/176/xtal_99.cif,-81.96971,17.173903
xtal_1.cif,./U3Si5/177/xtal_1.cif,-6.687037,-74.98585
xtal_10.cif,./U3Si5/177/xtal_10.cif,-25.35214,48.129917
xtal_100.cif,./U3Si5/177/xtal_100.cif,-5.6776705,-89.45005
xtal_11.cif,./U3Si5/177/xtal_11.cif,69.358734,-4.0556436
xtal_12.cif,./U3Si5/177/xtal_12.cif,-72.01904,4.9140534
xtal_13.cif,./U3Si5/177/xtal_13.cif,17.59387,-44.708736
xtal_14.cif,./U3Si5/177/xtal_14.cif,-66.544365,-33.85625
xtal_15.cif,./U3Si5/177/xtal_15.cif,-65.83017,-35.354507
xtal_17.cif,./U3Si5/177/xtal_17.cif,-23.51664,77.343254
xtal_18.cif,./U3Si5/177/xtal_18.cif,-6.84996,-88.87341
xtal_19.cif,./U3Si5/177/xtal_19.cif,51.11602,-92.62193
xtal_2.cif,./U3Si5/177/xtal_2.cif,-89.49067,-1.7640414
xtal_20.cif,./U3Si5/177/xtal_20.cif,-76.251724,-48.3496
xtal_21.cif,./U3Si5/177/xtal_21.cif,-75.85473,45.20479
xtal_23.cif,./U3Si5/177/xtal_23.cif,38.11468,-28.911882
xtal_24.cif,./U3Si5/177/xtal_24.cif,-57.556736,14.334391
xtal_25.cif,./U3Si5/177/xtal_25.cif,75.64543,46.559006
xtal_26.cif,./U3Si5/177/xtal_26.cif,12.277092,-53.709
xtal_27.cif,./U3Si5/177/xtal_27.cif,-27.558338,-96.18049
xtal_28.cif,./U3Si5/177/xtal_28.cif,-21.187586,81.066986
xtal_29.cif,./U3Si5/177/xtal_29.cif,37.66493,-88.05969
xtal_30.cif,./U3Si5/177/xtal_30.cif,-43.646572,99.573006
xtal_31.cif,./U3Si5/177/xtal_31.cif,20.972456,68.60148
xtal_32.cif,./U3Si5/177/xtal_32.cif,-2.0900464,96.86709
xtal_34.cif,./U3Si5/177/xtal_34.cif,104.06692,13.331789
xtal_35.cif,./U3Si5/177/xtal_35.cif,-68.56039,47.344986
xtal_36.cif,./U3Si5/177/xtal_36.cif,-2.3236125,16.839806
xtal_37.cif,./U3Si5/177/xtal_37.cif,87.70193,44.71358
xtal_38.cif,./U3Si5/177/xtal_38.cif,-104.58975,-4.789904
xtal_39.cif,./U3Si5/177/xtal_39.cif,-100.88469,17.484974
xtal_4.cif,./U3Si5/177/xtal_4.cif,-16.944672,-100.7268
xtal_40.cif,./U3Si5/177/xtal_40.cif,-5.3627014,-77.87056
xtal_41.cif,./U3Si5/177/xtal_41.cif,10.47063,105.60709
xtal_42.cif,./U3Si5/177/xtal_42.cif,-23.228828,-39.364643
xtal_43.cif,./U3Si5/177/xtal_43.cif,37.79556,-62.326843
xtal_44.cif,./U3Si5/177/xtal_44.cif,-21.85234,-30.329535
xtal_45.cif,./U3Si5/177/xtal_45.cif,37.822903,-65.229485
xtal_46.cif,./U3Si5/177/xtal_46.cif,-43.254375,77.51757
xtal_47.cif,./U3Si5/177/xtal_47.cif,-13.265721,77.07696
xtal_48.cif,./U3Si5/177/xtal_48.cif,40.818367,3.8860233
xtal_49.cif,./U3Si5/177/xtal_49.cif,-39.982624,81.46083
xtal_5.cif,./U3Si5/177/xtal_5.cif,-26.62996,69.608574
xtal_50.cif,./U3Si5/177/xtal_50.cif,93.641266,-41.917297
xtal_51.cif,./U3Si5/177/xtal_51.cif,-77.07752,50.184513
xtal_52.cif,./U3Si5/177/xtal_52.cif,-30.791494,28.106087
xtal_53.cif,./U3Si5/177/xtal_53.cif,70.80989,-78.949425
xtal_54.cif,./U3Si5/177/xtal_54.cif,60.688652,-42.48991
xtal_55.cif,./U3Si5/177/xtal_55.cif,-74.46544,-41.695168
xtal_56.cif,./U3Si5/177/xtal_56.cif,-15.795347,-101.12991
xtal_57.cif,./U3Si5/177/xtal_57.cif,-14.814283,108.97895
xtal_58.cif,./U3Si5/177/xtal_58.cif,71.10165,-8.886882
xtal_59.cif,./U3Si5/177/xtal_59.cif,-58.481594,15.556746
xtal_6.cif,./U3Si5/177/xtal_6.cif,50.217854,-92.69746
xtal_63.cif,./U3Si5/177/xtal_63.cif,-80.30696,26.7218
xtal_64.cif,./U3Si5/177/xtal_64.cif,-2.3410342,88.799095
xtal_65.cif,./U3Si5/177/xtal_65.cif,-42.578804,-26.925928
xtal_66.cif,./U3Si5/177/xtal_66.cif,-54.580063,15.251283
xtal_67.cif,./U3Si5/177/xtal_67.cif,-14.591166,-45.414143
xtal_68.cif,./U3Si5/177/xtal_68.cif,-18.947374,50.851986
xtal_69.cif,./U3Si5/177/xtal_69.cif,95.48763,50.73004
xtal_7.cif,./U3Si5/177/xtal_7.cif,25.684294,-38.47067
xtal_70.cif,./U3Si5/177/xtal_70.cif,-45.174,34.996128
xtal_71.cif,./U3Si5/177/xtal_71.cif,-74.51133,18.63497
xtal_73.cif,./U3Si5/177/xtal_73.cif,27.984024,-87.9326
xtal_74.cif,./U3Si5/177/xtal_74.cif,-105.20106,-8.329286
xtal_75.cif,./U3Si5/177/xtal_75.cif,95.618996,39.88766
xtal_76.cif,./U3Si5/177/xtal_76.cif,-37.131294,-75.96164
xtal_77.cif,./U3Si5/177/xtal_77.cif,26.13352,-77.18447
xtal_78.cif,./U3Si5/177/xtal_78.cif,15.798362,-97.6677
xtal_79.cif,./U3Si5/177/xtal_79.cif,-39.08023,-76.1014
xtal_80.cif,./U3Si5/177/xtal_80.cif,27.00042,-29.758123
xtal_81.cif,./U3Si5/177/xtal_81.cif,-35.92002,39.848587
xtal_82.cif,./U3Si5/177/xtal_82.cif,-69.34706,63.420288
xtal_83.cif,./U3Si5/177/xtal_83.cif,-79.45893,20.771772
xtal_84.cif,./U3Si5/177/xtal_84.cif,106.391815,-38.83993
xtal_85.cif,./U3Si5/177/xtal_85.cif,47.31428,-61.277733
xtal_86.cif,./U3Si5/177/xtal_86.cif,49.106926,-63.410095
xtal_87.cif,./U3Si5/177/xtal_87.cif,-2.3929281,65.06033
xtal_88.cif,./U3Si5/177/xtal_88.cif,94.36805,49.31865
xtal_89.cif,./U3Si5/177/xtal_89.cif,95.42304,43.005463
xtal_9.cif,./U3Si5/177/xtal_9.cif,53.379623,8.420974
xtal_90.cif,./U3Si5/177/xtal_90.cif,-75.707535,28.514803
xtal_92.cif,./U3Si5/177/xtal_92.cif,3.0067012,109.17121
xtal_93.cif,./U3Si5/177/xtal_93.cif,86.86143,-39.641582
xtal_94.cif,./U3Si5/177/xtal_94.cif,26.8187,84.405174
xtal_95.cif,./U3Si5/177/xtal_95.cif,-48.873672,12.50148
xtal_96.cif,./U3Si5/177/xtal_96.cif,-5.3810506,-70.44881
xtal_97.cif,./U3Si5/177/xtal_97.cif,-7.482162,-34.542675
xtal_98.cif,./U3Si5/177/xtal_98.cif,51.002945,-87.294464
xtal_99.cif,./U3Si5/177/xtal_99.cif,-50.374443,52.94794
xtal_1.cif,./U3Si5/180/xtal_1.cif,-39.908833,101.245514
xtal_12.cif,./U3Si5/180/xtal_12.cif,-30.80802,92.326546
xtal_15.cif,./U3Si5/180/xtal_15.cif,17.891117,-106.413795
xtal_18.cif,./U3Si5/180/xtal_18.cif,-56.160847,10.858841
xtal_19.cif,./U3Si5/180/xtal_19.cif,8.671633,-30.218912
xtal_21.cif,./U3Si5/180/xtal_21.cif,-82.22207,58.692337
xtal_23.cif,./U3Si5/180/xtal_23.cif,-35.037025,105.666565
xtal_24.cif,./U3Si5/180/xtal_24.cif,-85.68595,40.25832
xtal_25.cif,./U3Si5/180/xtal_25.cif,-33.411964,106.62259
xtal_27.cif,./U3Si5/180/xtal_27.cif,-2.3293483,-87.43283
xtal_29.cif,./U3Si5/180/xtal_29.cif,-36.080967,63.73279
xtal_32.cif,./U3Si5/180/xtal_32.cif,-73.73792,6.5904503
xtal_34.cif,./U3Si5/180/xtal_34.cif,-14.790677,-88.11457
xtal_35.cif,./U3Si5/180/xtal_35.cif,-92.96628,-12.996796
xtal_37.cif,./U3Si5/180/xtal_37.cif,-57.250504,84.196396
xtal_38.cif,./U3Si5/180/xtal_38.cif,-66.14614,-78.88827
xtal_40.cif,./U3Si5/180/xtal_40.cif,-82.523605,-38.548515
xtal_42.cif,./U3Si5/180/xtal_42.cif,47.92012,-61.307762
xtal_52.cif,./U3Si5/180/xtal_52.cif,-40.62216,94.23514
xtal_54.cif,./U3Si5/180/xtal_54.cif,50.32765,-29.63173
xtal_55.cif,./U3Si5/180/xtal_55.cif,-10.686945,-103.57088
xtal_56.cif,./U3Si5/180/xtal_56.cif,-2.615474,-103.56684
xtal_57.cif,./U3Si5/180/xtal_57.cif,-31.899847,-96.64437
xtal_58.cif,./U3Si5/180/xtal_58.cif,13.724587,-46.51745
xtal_59.cif,./U3Si5/180/xtal_59.cif,44.030357,-72.79947
xtal_6.cif,./U3Si5/180/xtal_6.cif,-63.620502,81.02038
xtal_60.cif,./U3Si5/180/xtal_60.cif,1.6530015,-97.37287
xtal_62.cif,./U3Si5/180/xtal_62.cif,-88.160515,-28.53928
xtal_63.cif,./U3Si5/180/xtal_63.cif,2.8825717,-101.004364
xtal_64.cif,./U3Si5/180/xtal_64.cif,13.422872,-52.71996
xtal_66.cif,./U3Si5/180/xtal_66.cif,-27.006483,93.63082
xtal_67.cif,./U3Si5/180/xtal_67.cif,-17.655956,-91.31141
xtal_69.cif,./U3Si5/180/xtal_69.cif,-31.081411,-90.017395
xtal_73.cif,./U3Si5/180/xtal_73.cif,-73.39564,-64.37165
xtal_75.cif,./U3Si5/180/xtal_75.cif,-52.476986,21.657316
xtal_78.cif,./U3Si5/180/xtal_78.cif,-5.932252,-101.52776
xtal_84.cif,./U3Si5/180/xtal_84.cif,-89.96378,-19.478386
xtal_85.cif,./U3Si5/180/xtal_85.cif,9.664243,-30.863314
xtal_90.cif,./U3Si5/180/xtal_90.cif,10.719229,-96.38489
xtal_92.cif,./U3Si5/180/xtal_92.cif,10.083313,104.489296
xtal_93.cif,./U3Si5/180/xtal_93.cif,-49.459934,-35.354782
xtal_94.cif,./U3Si5/180/xtal_94.cif,-62.783886,-31.125797
xtal_97.cif,./U3Si5/180/xtal_97.cif,-6.0398445,-26.77337
xtal_1.cif,./U3Si5/181/xtal_1.cif,-93.332115,-9.726195
xtal_12.cif,./U3Si5/181/xtal_12.cif,-18.033403,-91.05312
xtal_14.cif,./U3Si5/181/xtal_14.cif,22.205803,-46.960728
xtal_15.cif,./U3Si5/181/xtal_15.cif,-45.246574,-50.01462
xtal_16.cif,./U3Si5/181/xtal_16.cif,-85.56072,-32.913414
xtal_17.cif,./U3Si5/181/xtal_17.cif,-93.641975,16.439953
xtal_18.cif,./U3Si5/181/xtal_18.cif,-99.103745,13.872407
xtal_19.cif,./U3Si5/181/xtal_19.cif,-85.282425,28.973053
xtal_21.cif,./U3Si5/181/xtal_21.cif,-57.440483,-30.474535
xtal_22.cif,./U3Si5/181/xtal_22.cif,-8.294659,-95.481865
xtal_23.cif,./U3Si5/181/xtal_23.cif,-37.081833,-91.06385
xtal_24.cif,./U3Si5/181/xtal_24.cif,16.7643,-43.724426
xtal_28.cif,./U3Si5/181/xtal_28.cif,-75.48294,56.82461
xtal_3.cif,./U3Si5/181/xtal_3.cif,-82.41329,57.59326
xtal_31.cif,./U3Si5/181/xtal_31.cif,-45.584023,98.41506
xtal_33.cif,./U3Si5/181/xtal_33.cif,-82.79992,57.183174
xtal_35.cif,./U3Si5/181/xtal_35.cif,-10.885763,2.4531164
xtal_38.cif,./U3Si5/181/xtal_38.cif,-8.207721,-30.634598
xtal_4.cif,./U3Si5/181/xtal_4.cif,-24.384653,105.06613
xtal_40.cif,./U3Si5/181/xtal_40.cif,1.4131683,-17.907148
xtal_42.cif,./U3Si5/181/xtal_42.cif,-85.980736,53.906506
xtal_44.cif,./U3Si5/181/xtal_44.cif,25.838371,78.679596
xtal_45.cif,./U3Si5/181/xtal_45.cif,24.246017,-105.089355
xtal_46.cif,./U3Si5/181/xtal_46.cif,-52.128838,-75.68436
xtal_49.cif,./U3Si5/181/xtal_49.cif,5.797317,-17.136703
xtal_50.cif,./U3Si5/181/xtal_50.cif,-82.34358,-41.886753
xtal_51.cif,./U3Si5/181/xtal_51.cif,-93.1668,34.648624
xtal_54.cif,./U3Si5/181/xtal_54.cif,-6.881835,-30.75386
xtal_55.cif,./U3Si5/181/xtal_55.cif,-7.445596,-99.48011
xtal_57.cif,./U3Si5/181/xtal_57.cif,-12.069309,-46.99918
xtal_58.cif,./U3Si5/181/xtal_58.cif,-60.69691,55.291737
xtal_6.cif,./U3Si5/181/xtal_6.cif,-13.876543,110.140434
xtal_60.cif,./U3Si5/181/xtal_60.cif,-56.765633,83.16446
xtal_62.cif,./U3Si5/181/xtal_62.cif,13.584378,-105.65024
xtal_66.cif,./U3Si5/181/xtal_66.cif,-53.034595,-28.599266
xtal_69.cif,./U3Si5/181/xtal_69.cif,7.4393177,-86.67555
xtal_70.cif,./U3Si5/181/xtal_70.cif,-84.4481,30.255733
xtal_73.cif,./U3Si5/181/xtal_73.cif,14.003531,-39.560394
xtal_74.cif,./U3Si5/181/xtal_74.cif,11.687681,-102.735016
xtal_76.cif,./U3Si5/181/xtal_76.cif,-77.933914,5.611681
xtal_77.cif,./U3Si5/181/xtal_77.cif,-71.99497,-54.070007
xtal_78.cif,./U3Si5/181/xtal_78.cif,-72.17507,-66.76091
xtal_79.cif,./U3Si5/181/xtal_79.cif,-55.866135,82.88737
xtal_80.cif,./U3Si5/181/xtal_80.cif,-62.74876,-36.12602
xtal_82.cif,./U3Si5/181/xtal_82.cif,-83.82842,43.304684
xtal_83.cif,./U3Si5/181/xtal_83.cif,15.78354,-45.402958
xtal_84.cif,./U3Si5/181/xtal_84.cif,-49.289978,-86.88377
xtal_91.cif,./U3Si5/181/xtal_91.cif,17.098623,-103.56173
xtal_92.cif,./U3Si5/181/xtal_92.cif,-29.597591,-80.5486
xtal_93.cif,./U3Si5/181/xtal_93.cif,-55.68055,79.79009
xtal_94.cif,./U3Si5/181/xtal_94.cif,-54.811283,-78.83669
xtal_95.cif,./U3Si5/181/xtal_95.cif,6.086235,104.597176
xtal_97.cif,./U3Si5/181/xtal_97.cif,-74.950874,61.415867
xtal_98.cif,./U3Si5/181/xtal_98.cif,-6.0505896,-99.08346
xtal_99.cif,./U3Si5/181/xtal_99.cif,-55.898396,-29.19072
xtal_1.cif,./U3Si5/182/xtal_1.cif,-57.8194,83.63661
xtal_10.cif,./U3Si5/182/xtal_10.cif,94.61189,-24.282356
xtal_100.cif,./U3Si5/182/xtal_100.cif,-45.262497,-71.131676
xtal_11.cif,./U3Si5/182/xtal_11.cif,-101.09508,16.20202
xtal_14.cif,./U3Si5/182/xtal_14.cif,-25.173935,48.013657
xtal_16.cif,./U3Si5/182/xtal_16.cif,-58.6218,-18.523129
xtal_17.cif,./U3Si5/182/xtal_17.cif,-51.7017,5.2180004
xtal_18.cif,./U3Si5/182/xtal_18.cif,90.44699,-11.179096
xtal_21.cif,./U3Si5/182/xtal_21.cif,-28.3546,92.149345
xtal_23.cif,./U3Si5/182/xtal_23.cif,-66.64148,48.62918
xtal_24.cif,./U3Si5/182/xtal_24.cif,59.952038,18.713366
xtal_26.cif,./U3Si5/182/xtal_26.cif,-30.69142,-75.38465
xtal_27.cif,./U3Si5/182/xtal_27.cif,-43.055714,78.33101
xtal_28.cif,./U3Si5/182/xtal_28.cif,-84.2065,55.12235
xtal_29.cif,./U3Si5/182/xtal_29.cif,23.17388,-58.91978
xtal_30.cif,./U3Si5/182/xtal_30.cif,73.64109,10.801891
xtal_31.cif,./U3Si5/182/xtal_31.cif,-57.770744,-56.419193
xtal_32.cif,./U3Si5/182/xtal_32.cif,-98.091866,-0.29814276
xtal_33.cif,./U3Si5/182/xtal_33.cif,-101.990974,-3.1402023
xtal_34.cif,./U3Si5/182/xtal_34.cif,-47.681004,-85.13588
xtal_35.cif,./U3Si5/182/xtal_35.cif,-65.85451,-10.802637
xtal_36.cif,./U3Si5/182/xtal_36.cif,-49.22522,0.3557856
xtal_37.cif,./U3Si5/182/xtal_37.cif,63.40468,-68.55562
xtal_39.cif,./U3Si5/182/xtal_39.cif,-86.82099,18.591301
xtal_40.cif,./U3Si5/182/xtal_40.cif,-89.70835,39.874405
xtal_41.cif,./U3Si5/182/xtal_41.cif,-73.527084,65.09897
xtal_42.cif,./U3Si5/182/xtal_42.cif,-83.867134,-41.00768
xtal_43.cif,./U3Si5/182/xtal_43.cif,-22.467945,-93.69131
xtal_45.cif,./U3Si5/182/xtal_45.cif,-37.74272,-71.93702
xtal_46.cif,./U3Si5/182/xtal_46.cif,35.03772,-85.92722
xtal_48.cif,./U3Si5/182/xtal_48.cif,19.60443,-101.040794
xtal_49.cif,./U3Si5/182/xtal_49.cif,-42.173557,41.299274
xtal_5.cif,./U3Si5/182/xtal_5.cif,-17.34367,-47.97528
xtal_51.cif,./U3Si5/182/xtal_51.cif,-45.43708,-64.19647
xtal_53.cif,./U3Si5/182/xtal_53.cif,45.598827,-93.81612
xtal_54.cif,./U3Si5/182/xtal_54.cif,75.20814,-80.57915
xtal_55.cif,./U3Si5/182/xtal_55.cif,8.975608,-31.200403
xtal_56.cif,./U3Si5/182/xtal_56.cif,17.752855,-68.3428
xtal_57.cif,./U3Si5/182/xtal_57.cif,40.436474,-24.28257
xtal_58.cif,./U3Si5/182/xtal_58.cif,-93.49167,27.591646
xtal_59.cif,./U3Si5/182/xtal_59.cif,11.484406,-97.18576
xtal_6.cif,./U3Si5/182/xtal_6.cif,-91.74661,-7.137739
xtal_60.cif,./U3Si5/182/xtal_60.cif,-11.098666,1.3395107
xtal_61.cif,./U3Si5/182/xtal_61.cif,-84.40378,23.071257
xtal_62.cif,./U3Si5/182/xtal_62.cif,56.016167,-67.97798
xtal_63.cif,./U3Si5/182/xtal_63.cif,-53.06852,-29.177725
xtal_64.cif,./U3Si5/182/xtal_64.cif,-96.88437,5.7959824
xtal_65.cif,./U3Si5/182/xtal_65.cif,-38.488934,103.06176
xtal_66.cif,./U3Si5/182/xtal_66.cif,-32.601833,-92.31259
xtal_7.cif,./U3Si5/182/xtal_7.cif,104.20737,-13.409652
xtal_70.cif,./U3Si5/182/xtal_70.cif,32.24539,-19.078196
xtal_71.cif,./U3Si5/182/xtal_71.cif,-23.03231,-55.38385
xtal_73.cif,./U3Si5/182/xtal_73.cif,37.72833,-52.500153
xtal_74.cif,./U3Si5/182/xtal_74.cif,-74.16932,9.8065405
xtal_76.cif,./U3Si5/182/xtal_76.cif,-98.70831,11.512354
xtal_77.cif,./U3Si5/182/xtal_77.cif,48.47745,-37.7649
xtal_78.cif,./U3Si5/182/xtal_78.cif,-5.922997,-19.103615
xtal_8.cif,./U3Si5/182/xtal_8.cif,81.82445,-47.464077
xtal_80.cif,./U3Si5/182/xtal_80.cif,25.120165,-33.631615
xtal_81.cif,./U3Si5/182/xtal_81.cif,-66.46616,-35.045933
xtal_82.cif,./U3Si5/182/xtal_82.cif,58.42958,-69.36107
xtal_83.cif,./U3Si5/182/xtal_83.cif,-12.625356,-102.43724
xtal_84.cif,./U3Si5/182/xtal_84.cif,-29.58625,-37.13027
xtal_85.cif,./U3Si5/182/xtal_85.cif,7.7556057,-22.75075
xtal_88.cif,./U3Si5/182/xtal_88.cif,-9.058126,-11.783024
xtal_9.cif,./U3Si5/182/xtal_9.cif,-90.20286,13.2670355
xtal_90.cif,./U3Si5/182/xtal_90.cif,-85.56371,-32.338043
xtal_91.cif,./U3Si5/182/xtal_91.cif,-21.518085,-30.55903
xtal_92.cif,./U3Si5/182/xtal_92.cif,-18.307056,-97.84342
xtal_93.cif,./U3Si5/182/xtal_93.cif,37.209637,-95.16259
xtal_94.cif,./U3Si5/182/xtal_94.cif,55.762154,-79.87083
xtal_96.cif,./U3Si5/182/xtal_96.cif,11.951226,-102.634895
xtal_98.cif,./U3Si5/182/xtal_98.cif,-62.27097,40.957184
xtal_1.cif,./U3Si5/183/xtal_1.cif,19.84815,67.72397
xtal_10.cif,./U3Si5/183/xtal_10.cif,-86.08814,-2.9333644
xtal_100.cif,./U3Si5/183/xtal_100.cif,-8.761336,-85.19486
xtal_11.cif,./U3Si5/183/xtal_11.cif,16.549076,22.251474
xtal_12.cif,./U3Si5/183/xtal_12.cif,41.113197,98.622475
xtal_13.cif,./U3Si5/183/xtal_13.cif,-80.559,-18.656723
xtal_14.cif,./U3Si5/183/xtal_14.cif,24.177334,81.32663
xtal_15.cif,./U3Si5/183/xtal_15.cif,-0.8833086,-19.754837
xtal_16.cif,./U3Si5/183/xtal_16.cif,26.36222,72.31724
xtal_17.cif,./U3Si5/183/xtal_17.cif,-12.751415,30.679585
xtal_18.cif,./U3Si5/183/xtal_18.cif,-50.015408,-28.899368
xtal_19.cif,./U3Si5/183/xtal_19.cif,9.474036,-27.81046
xtal_2.cif,./U3Si5/183/xtal_2.cif,-55.685825,50.676914
xtal_21.cif,./U3Si5/183/xtal_21.cif,32.651863,91.21368
xtal_22.cif,./U3Si5/183/xtal_22.cif,35.35149,94.056145
xtal_23.cif,./U3Si5/183/xtal_23.cif,17.508804,74.12178
xtal_24.cif,./U3Si5/183/xtal_24.cif,39.141243,97.94154
xtal_25.cif,./U3Si5/183/xtal_25.cif,18.228394,22.479702
xtal_27.cif,./U3Si5/183/xtal_27.cif,37.96573,74.17926
xtal_28.cif,./U3Si5/183/xtal_28.cif,21.69318,-55.726257
xtal_29.cif,./U3Si5/183/xtal_29.cif,19.220533,6.375501
xtal_3.cif,./U3Si5/183/xtal_3.cif,-45.09975,-47.62924
xtal_31.cif,./U3Si5/183/xtal_31.cif,33.32933,85.513374
xtal_38.cif,./U3Si5/183/xtal_38.cif,-5.7653966,9.289396
xtal_39.cif,./U3Si5/183/xtal_39.cif,39.003334,97.57997
xtal_4.cif,./U3Si5/183/xtal_4.cif,8.513288,-30.452957
xtal_41.cif,./U3Si5/183/xtal_41.cif,-52.936035,85.776085
xtal_43.cif,./U3Si5/183/xtal_43.cif,-55.043587,73.412155
xtal_44.cif,./U3Si5/183/xtal_44.cif,-79.414955,-1.6234776
xtal_45.cif,./U3Si5/183/xtal_45.cif,-0.9622475,6.743491
xtal_48.cif,./U3Si5/183/xtal_48.cif,8.932289,-11.756628
xtal_49.cif,./U3Si5/183/xtal_49.cif,27.797781,82.835846
xtal_5.cif,./U3Si5/183/xtal_5.cif,26.245401,71.51755
xtal_50.cif,./U3Si5/183/xtal_50.cif,19.42014,69.94733
xtal_51.cif,./U3Si5/183/xtal_51.cif,-51.953495,84.504425
xtal_52.cif,./U3Si5/183/xtal_52.cif,-13.417786,29.913538
xtal_53.cif,./U3Si5/183/xtal_53.cif,33.457817,90.29269
xtal_55.cif,./U3Si5/183/xtal_55.cif,33.090755,89.52416
xtal_56.cif,./U3Si5/183/xtal_56.cif,33.64378,86.06726
xtal_57.cif,./U3Si5/183/xtal_57.cif,36.715843,-69.525764
xtal_6.cif,./U3Si5/183/xtal_6.cif,4.0987463,-25.931246
xtal_60.cif,./U3Si5/183/xtal_60.cif,32.67063,-42.854588
xtal_61.cif,./U3Si5/183/xtal_61.cif,2.2314432,3.28419
xtal_67.cif,./U3Si5/183/xtal_67.cif,31.12649,84.626884
xtal_68.cif,./U3Si5/183/xtal_68.cif,39.389725,97.78121
xtal_69.cif,./U3Si5/183/xtal_69.cif,23.56055,74.61492
xtal_7.cif,./U3Si5/183/xtal_7.cif,-75.22851,-65.642
xtal_71.cif,./U3Si5/183/xtal_71.cif,-1.1535455,108.47026
xtal_72.cif,./U3Si5/183/xtal_72.cif,-96.86954,11.676751
xtal_73.cif,./U3Si5/183/xtal_73.cif,-7.505445,106.01331
xtal_75.cif,./U3Si5/183/xtal_75.cif,-63.892765,44.507492
xtal_76.cif,./U3Si5/183/xtal_76.cif,-3.471148,-96.98236
xtal_79.cif,./U3Si5/183/xtal_79.cif,-15.096795,32.66961
xtal_80.cif,./U3Si5/183/xtal_80.cif,-89.303185,2.5676975
xtal_81.cif,./U3Si5/183/xtal_81.cif,-15.316032,30.415142
xtal_82.cif,./U3Si5/183/xtal_82.cif,37.853096,76.81335
xtal_86.cif,./U3Si5/183/xtal_86.cif,35.91984,90.84355
xtal_88.cif,./U3Si5/183/xtal_88.cif,34.00911,93.17064
xtal_9.cif,./U3Si5/183/xtal_9.cif,-9.539049,2.5877209
xtal_90.cif,./U3Si5/183/xtal_90.cif,20.667786,73.458496
xtal_91.cif,./U3Si5/183/xtal_91.cif,-10.239195,-10.934563
xtal_94.cif,./U3Si5/183/xtal_94.cif,5.7794943,35.394756
xtal_95.cif,./U3Si5/183/xtal_95.cif,44.48596,97.68917
xtal_96.cif,./U3Si5/183/xtal_96.cif,-90.62125,-8.542789
xtal_97.cif,./U3Si5/183/xtal_97.cif,23.294004,11.546329
xtal_98.cif,./U3Si5/183/xtal_98.cif,31.015944,74.58048
xtal_99.cif,./U3Si5/183/xtal_99.cif,-13.649867,-97.20732
xtal_100.cif,./U3Si5/184/xtal_100.cif,-70.81012,8.399125
xtal_11.cif,./U3Si5/184/xtal_11.cif,-25.379503,-29.47388
xtal_13.cif,./U3Si5/184/xtal_13.cif,-80.84267,11.334477
xtal_19.cif,./U3Si5/184/xtal_19.cif,17.59957,46.423428
xtal_20.cif,./U3Si5/184/xtal_20.cif,44.778152,-45.9616
xtal_21.cif,./U3Si5/184/xtal_21.cif,-1.9671868,1.1670455
xtal_25.cif,./U3Si5/184/xtal_25.cif,37.634575,37.82456
xtal_28.cif,./U3Si5/184/xtal_28.cif,43.612614,98.787735
xtal_29.cif,./U3Si5/184/xtal_29.cif,44.193306,-46.20086
xtal_3.cif,./U3Si5/184/xtal_3.cif,-73.8039,10.054948
xtal_34.cif,./U3Si5/184/xtal_34.cif,-80.457985,27.537395
xtal_35.cif,./U3Si5/184/xtal_35.cif,-70.953545,-19.165398
xtal_37.cif,./U3Si5/184/xtal_37.cif,-0.17082047,73.652214
xtal_39.cif,./U3Si5/184/xtal_39.cif,-7.384553,106.34061
xtal_41.cif,./U3Si5/184/xtal_41.cif,-44.060986,-35.550842
xtal_42.cif,./U3Si5/184/xtal_42.cif,-9.115593,109.199104
xtal_43.cif,./U3Si5/184/xtal_43.cif,3.9553154,89.80203
xtal_44.cif,./U3Si5/184/xtal_44.cif,51.457317,19.878242
xtal_45.cif,./U3Si5/184/xtal_45.cif,-70.30632,62.30925
xtal_46.cif,./U3Si5/184/xtal_46.cif,-40.371765,101.03818
xtal_47.cif,./U3Si5/184/xtal_47.cif,-32.67809,-83.6929
xtal_49.cif,./U3Si5/184/xtal_49.cif,-24.058306,75.06173
xtal_5.cif,./U3Si5/184/xtal_5.cif,-82.55449,25.517029
xtal_50.cif,./U3Si5/184/xtal_50.cif,24.2171,44.929424
xtal_54.cif,./U3Si5/184/xtal_54.cif,-5.970182,-22.826307
xtal_55.cif,./U3Si5/184/xtal_55.cif,26.286713,72.441826
xtal_58.cif,./U3Si5/184/xtal_58.cif,30.93423,74.24105
xtal_6.cif,./U3Si5/184/xtal_6.cif,-66.789764,32.464035
xtal_61.cif,./U3Si5/184/xtal_61.cif,26.265978,-90.201454
xtal_63.cif,./U3Si5/184/xtal_63.cif,42.631508,98.42444
xtal_69.cif,./U3Si5/184/xtal_69.cif,39.296158,97.871925
xtal_7.cif,./U3Si5/184/xtal_7.cif,37.281296,88.92661
xtal_70.cif,./U3Si5/184/xtal_70.cif,-53.00588,87.71377
xtal_71.cif,./U3Si5/184/xtal_71.cif,-54.12078,-0.18365633
xtal_73.cif,./U3Si5/184/xtal_73.cif,-37.296837,42.50125
xtal_75.cif,./U3Si5/184/xtal_75.cif,-60.21703,79.36265
xtal_76.cif,./U3Si5/184/xtal_76.cif,37.890724,74.26838
xtal_78.cif,./U3Si5/184/xtal_78.cif,-16.141348,-22.717285
xtal_79.cif,./U3Si5/184/xtal_79.cif,82.06171,-1.8132927
xtal_8.cif,./U3Si5/184/xtal_8.cif,-79.76638,39.06683
xtal_81.cif,./U3Si5/184/xtal_81.cif,-11.278591,-48.448486
xtal_82.cif,./U3Si5/184/xtal_82.cif,-78.4535,4.5130014
xtal_85.cif,./U3Si5/184/xtal_85.cif,-40.528046,-48.684036
xtal_86.cif,./U3Si5/184/xtal_86.cif,-48.445618,74.268715
xtal_88.cif,./U3Si5/184/xtal_88.cif,89.33618,-36.57857
xtal_89.cif,./U3Si5/184/xtal_89.cif,-91.05001,44.553814
xtal_9.cif,./U3Si5/184/xtal_9.cif,39.31332,97.89372
xtal_91.cif,./U3Si5/184/xtal_91.cif,-70.022316,45.397057
xtal_92.cif,./U3Si5/184/xtal_92.cif,-4.906308,-75.487785
xtal_94.cif,./U3Si5/184/xtal_94.cif,-8.187264,-33.46389
xtal_95.cif,./U3Si5/184/xtal_95.cif,34.260616,91.90947
xtal_98.cif,./U3Si5/184/xtal_98.cif,6.1837907,105.738266
xtal_10.cif,./U3Si5/185/xtal_10.cif,-71.858,10.120483
xtal_11.cif,./U3Si5/185/xtal_11.cif,-71.52275,5.8580036
xtal_12.cif,./U3Si5/185/xtal_12.cif,-55.206028,75.40107
xtal_13.cif,./U3Si5/185/xtal_13.cif,47.11601,77.77223
xtal_15.cif,./U3Si5/185/xtal_15.cif,41.294575,75.436516
xtal_16.cif,./U3Si5/185/xtal_16.cif,-30.81628,-90.329575
xtal_19.cif,./U3Si5/185/xtal_19.cif,39.062313,73.8379
xtal_2.cif,./U3Si5/185/xtal_2.cif,-63.6129,64.06329
xtal_23.cif,./U3Si5/185/xtal_23.cif,34.276207,91.99771
xtal_24.cif,./U3Si5/185/xtal_24.cif,41.678417,92.07646
xtal_25.cif,./U3Si5/185/xtal_25.cif,16.8599,-45.020416
xtal_26.cif,./U3Si5/185/xtal_26.cif,-10.489146,-9.954286
xtal_29.cif,./U3Si5/185/xtal_29.cif,19.561018,69.33108
xtal_30.cif,./U3Si5/185/xtal_30.cif,42.02198,-23.807941
xtal_31.cif,./U3Si5/185/xtal_31.cif,-99.26093,17.82524
xtal_36.cif,./U3Si5/185/xtal_36.cif,-59.496807,56.31553
xtal_39.cif,./U3Si5/185/xtal_39.cif,-9.987526,-19.22773
xtal_4.cif,./U3Si5/185/xtal_4.cif,57.418377,73.85537
xtal_41.cif,./U3Si5/185/xtal_41.cif,36.92369,95.92863
xtal_42.cif,./U3Si5/185/xtal_42.cif,18.695349,67.817024
xtal_44.cif,./U3Si5/185/xtal_44.cif,12.41994,30.536156
xtal_46.cif,./U3Si5/185/xtal_46.cif,23.948418,39.511723
xtal_47.cif,./U3Si5/185/xtal_47.cif,-45.102425,-25.808668
xtal_5.cif,./U3Si5/185/xtal_5.cif,-73.86909,59.956215
xtal_50.cif,./U3Si5/185/xtal_50.cif,-9.169115,3.156174
xtal_52.cif,./U3Si5/185/xtal_52.cif,67.23019,-4.980873
xtal_57.cif,./U3Si5/185/xtal_57.cif,40.661728,89.71623
xtal_60.cif,./U3Si5/185/xtal_60.cif,13.266961,-25.615929
xtal_61.cif,./U3Si5/185/xtal_61.cif,19.531876,67.70717
xtal_62.cif,./U3Si5/185/xtal_62.cif,54.72195,-26.878359
xtal_63.cif,./U3Si5/185/xtal_63.cif,-57.41321,83.52072
xtal_64.cif,./U3Si5/185/xtal_64.cif,-38.897755,87.45458
xtal_65.cif,./U3Si5/185/xtal_65.cif,56.38977,72.583244
xtal_66.cif,./U3Si5/185/xtal_66.cif,-55.07864,-38.652935
xtal_68.cif,./U3Si5/185/xtal_68.cif,17.794277,74.48621
xtal_69.cif,./U3Si5/185/xtal_69.cif,32.664368,89.07367
xtal_70.cif,./U3Si5/185/xtal_70.cif,-19.752943,-94.09963
xtal_71.cif,./U3Si5/185/xtal_71.cif,104.68494,-36.96583
xtal_72.cif,./U3Si5/185/xtal_72.cif,36.99735,75.32674
xtal_73.cif,./U3Si5/185/xtal_73.cif,44.436604,94.4799
xtal_75.cif,./U3Si5/185/xtal_75.cif,45.85623,83.52325
xtal_76.cif,./U3Si5/185/xtal_76.cif,-99.66819,14.329663
xtal_77.cif,./U3Si5/185/xtal_77.cif,45.693897,78.13772
xtal_78.cif,./U3Si5/185/xtal_78.cif,16.420086,-5.8357844
xtal_79.cif,./U3Si5/185/xtal_79.cif,9.839747,44.883144
xtal_84.cif,./U3Si5/185/xtal_84.cif,40.918457,48.302177
xtal_86.cif,./U3Si5/185/xtal_86.cif,-33.101086,-89.672104
xtal_87.cif,./U3Si5/185/xtal_87.cif,18.684816,68.1463
xtal_88.cif,./U3Si5/185/xtal_88.cif,-72.58842,14.378213
xtal_89.cif,./U3Si5/185/xtal_89.cif,-81.76717,63.132774
xtal_9.cif,./U3Si5/185/xtal_9.cif,39.020775,89.11861
xtal_92.cif,./U3Si5/185/xtal_92.cif,21.714645,-55.666348
xtal_93.cif,./U3Si5/185/xtal_93.cif,24.540962,50.508568
xtal_95.cif,./U3Si5/185/xtal_95.cif,8.690482,29.14745
xtal_96.cif,./U3Si5/185/xtal_96.cif,-85.0834,53.10335
xtal_98.cif,./U3Si5/185/xtal_98.cif,-1.2141504,-27.706783
xtal_1.cif,./U3Si5/186/xtal_1.cif,-63.077698,59.45216
xtal_10.cif,./U3Si5/186/xtal_10.cif,20.153051,73.42683
xtal_11.cif,./U3Si5/186/xtal_11.cif,-68.44513,44.778126
xtal_14.cif,./U3Si5/186/xtal_14.cif,-17.20899,-77.241196
xtal_15.cif,./U3Si5/186/xtal_15.cif,11.006533,100.71113
xtal_16.cif,./U3Si5/186/xtal_16.cif,26.507786,86.18734
xtal_19.cif,./U3Si5/186/xtal_19.cif,29.165201,-102.61111
xtal_22.cif,./U3Si5/186/xtal_22.cif,16.85097,-38.211678
xtal_24.cif,./U3Si5/186/xtal_24.cif,37.497017,45.662464
xtal_25.cif,./U3Si5/186/xtal_25.cif,-62.16268,61.754932
xtal_28.cif,./U3Si5/186/xtal_28.cif,-12.422874,6.9884424
xtal_29.cif,./U3Si5/186/xtal_29.cif,-92.886475,34.68179
xtal_3.cif,./U3Si5/186/xtal_3.cif,-44.706432,-49.328346
xtal_30.cif,./U3Si5/186/xtal_30.cif,45.00225,71.420616
xtal_32.cif,./U3Si5/186/xtal_32.cif,-75.647835,28.584158
xtal_33.cif,./U3Si5/186/xtal_33.cif,-80.36234,23.131166
xtal_36.cif,./U3Si5/186/xtal_36.cif,23.969868,-40.55409
xtal_37.cif,./U3Si5/186/xtal_37.cif,38.743217,60.879913
xtal_38.cif,./U3Si5/186/xtal_38.cif,25.429884,70.03053
xtal_39.cif,./U3Si5/186/xtal_39.cif,-16.626024,-86.92136
xtal_4.cif,./U3Si5/186/xtal_4.cif,-54.4883,75.76461
xtal_40.cif,./U3Si5/186/xtal_40.cif,40.912384,-23.617813
xtal_42.cif,./U3Si5/186/xtal_42.cif,9.752662,-41.570953
xtal_43.cif,./U3Si5/186/xtal_43.cif,-47.629505,-85.05184
xtal_44.cif,./U3Si5/186/xtal_44.cif,-61.51041,-56.36058
xtal_45.cif,./U3Si5/186/xtal_45.cif,32.234177,-85.89056
xtal_46.cif,./U3Si5/186/xtal_46.cif,15.183747,-47.572388
xtal_47.cif,./U3Si5/186/xtal_47.cif,-15.543544,110.95653
xtal_48.cif,./U3Si5/186/xtal_48.cif,50.636684,-28.769098
xtal_49.cif,./U3Si5/186/xtal_49.cif,-97.94552,12.423193
xtal_5.cif,./U3Si5/186/xtal_5.cif,24.161535,44.66755
xtal_51.cif,./U3Si5/186/xtal_51.cif,16.679432,-43.567837
xtal_52.cif,./U3Si5/186/xtal_52.cif,-15.039496,-27.08116
xtal_53.cif,./U3Si5/186/xtal_53.cif,-55.31452,79.17373
xtal_56.cif,./U3Si5/186/xtal_56.cif,-10.251632,2.3301826
xtal_57.cif,./U3Si5/186/xtal_57.cif,26.769764,84.68855
xtal_58.cif,./U3Si5/186/xtal_58.cif,2.5196645,37.26208
xtal_59.cif,./U3Si5/186/xtal_59.cif,-10.075145,-14.974221
xtal_6.cif,./U3Si5/186/xtal_6.cif,-59.303764,-34.479347
xtal_61.cif,./U3Si5/186/xtal_61.cif,-44.435753,-9.696558
xtal_62.cif,./U3Si5/186/xtal_62.cif,-13.725762,-13.253901
xtal_65.cif,./U3Si5/186/xtal_65.cif,9.849589,103.13081
xtal_67.cif,./U3Si5/186/xtal_67.cif,-29.762249,97.66363
xtal_7.cif,./U3Si5/186/xtal_7.cif,-9.724531,-17.25709
xtal_73.cif,./U3Si5/186/xtal_73.cif,43.563786,61.4569
xtal_75.cif,./U3Si5/186/xtal_75.cif,35.061523,79.220985
xtal_76.cif,./U3Si5/186/xtal_76.cif,-19.493444,-24.607695
xtal_77.cif,./U3Si5/186/xtal_77.cif,53.677055,-90.198586
xtal_78.cif,./U3Si5/186/xtal_78.cif,-12.232775,-9.503479
xtal_79.cif,./U3Si5/186/xtal_79.cif,-81.80666,15.189734
xtal_8.cif,./U3Si5/186/xtal_8.cif,-9.122778,-96.54929
xtal_80.cif,./U3Si5/186/xtal_80.cif,16.87971,-101.78397
xtal_82.cif,./U3Si5/186/xtal_82.cif,-11.170274,-37.899155
xtal_83.cif,./U3Si5/186/xtal_83.cif,-56.05365,77.495964
xtal_85.cif,./U3Si5/186/xtal_85.cif,14.731647,33.142998
xtal_86.cif,./U3Si5/186/xtal_86.cif,49.909374,80.0334
xtal_87.cif,./U3Si5/186/xtal_87.cif,44.31689,98.8503
xtal_88.cif,./U3Si5/186/xtal_88.cif,38.580433,97.333
xtal_89.cif,./U3Si5/186/xtal_89.cif,-70.10811,-30.231165
xtal_91.cif,./U3Si5/186/xtal_91.cif,34.05634,-38.532196
xtal_92.cif,./U3Si5/186/xtal_92.cif,-53.756943,72.77239
xtal_93.cif,./U3Si5/186/xtal_93.cif,-52.86632,85.768265
xtal_94.cif,./U3Si5/186/xtal_94.cif,-28.951208,89.28245
xtal_95.cif,./U3Si5/186/xtal_95.cif,-12.044576,31.682692
xtal_97.cif,./U3Si5/186/xtal_97.cif,-64.43983,-20.918385
xtal_98.cif,./U3Si5/186/xtal_98.cif,-49.734898,-33.714
xtal_10.cif,./U3Si5/187/xtal_10.cif,23.532087,-97.28757
xtal_11.cif,./U3Si5/187/xtal_11.cif,-62.829533,-38.57668
xtal_12.cif,./U3Si5/187/xtal_12.cif,104.16804,-19.44985
xtal_17.cif,./U3Si5/187/xtal_17.cif,30.854105,26.920963
xtal_18.cif,./U3Si5/187/xtal_18.cif,-56.749165,84.596466
xtal_19.cif,./U3Si5/187/xtal_19.cif,-7.523274,83.085266
xtal_2.cif,./U3Si5/187/xtal_2.cif,-72.66937,-65.46299
xtal_20.cif,./U3Si5/187/xtal_20.cif,-5.5350256,8.809757
xtal_21.cif,./U3Si5/187/xtal_21.cif,-82.293076,-36.322723
xtal_24.cif,./U3Si5/187/xtal_24.cif,-54.267174,-32.064808
xtal_25.cif,./U3Si5/187/xtal_25.cif,78.87454,41.853912
xtal_28.cif,./U3Si5/187/xtal_28.cif,16.892832,73.63102
xtal_29.cif,./U3Si5/187/xtal_29.cif,-84.939316,29.11967
xtal_30.cif,./U3Si5/187/xtal_30.cif,-73.75014,21.013556
xtal_34.cif,./U3Si5/187/xtal_34.cif,-33.653748,81.048615
xtal_35.cif,./U3Si5/187/xtal_35.cif,-67.861404,37.91384
xtal_37.cif,./U3Si5/187/xtal_37.cif,-70.464745,12.018839
xtal_4.cif,./U3Si5/187/xtal_4.cif,14.990768,32.360226
xtal_40.cif,./U3Si5/187/xtal_40.cif,-15.021711,30.42798
xtal_43.cif,./U3Si5/187/xtal_43.cif,46.28757,-68.22368
xtal_46.cif,./U3Si5/187/xtal_46.cif,-28.004366,92.06942
xtal_47.cif,./U3Si5/187/xtal_47.cif,-38.633057,87.72149
xtal_48.cif,./U3Si5/187/xtal_48.cif,18.023975,13.498221
xtal_5.cif,./U3Si5/187/xtal_5.cif,-44.42289,-70.90218
xtal_51.cif,./U3Si5/187/xtal_51.cif,48.291603,17.992634
xtal_53.cif,./U3Si5/187/xtal_53.cif,-53.249454,-30.754757
xtal_57.cif,./U3Si5/187/xtal_57.cif,-39.35387,27.04383
xtal_59.cif,./U3Si5/187/xtal_59.cif,101.34972,-14.911961
xtal_60.cif,./U3Si5/187/xtal_60.cif,-10.602903,-9.238924
xtal_62.cif,./U3Si5/187/xtal_62.cif,36.68248,-51.287914
xtal_64.cif,./U3Si5/187/xtal_64.cif,80.08084,-40.76125
xtal_65.cif,./U3Si5/187/xtal_65.cif,-10.497859,16.320583
xtal_69.cif,./U3Si5/187/xtal_69.cif,14.248753,9.487046
xtal_70.cif,./U3Si5/187/xtal_70.cif,109.058334,18.881123
xtal_71.cif,./U3Si5/187/xtal_71.cif,-80.171486,27.227983
xtal_73.cif,./U3Si5/187/xtal_73.cif,-10.148612,97.29845
xtal_76.cif,./U3Si5/187/xtal_76.cif,-86.64458,-2.7730591
xtal_79.cif,./U3Si5/187/xtal_79.cif,96.146576,17.231274
xtal_80.cif,./U3Si5/187/xtal_80.cif,-2.4778373,89.706955
xtal_81.cif,./U3Si5/187/xtal_81.cif,83.27308,8.325055
xtal_83.cif,./U3Si5/187/xtal_83.cif,33.243908,32.889557
xtal_84.cif,./U3Si5/187/xtal_84.cif,-73.94839,1.3821925
xtal_85.cif,./U3Si5/187/xtal_85.cif,43.653072,-27.690605
xtal_87.cif,./U3Si5/187/xtal_87.cif,-2.647322,5.1487465
xtal_88.cif,./U3Si5/187/xtal_88.cif,-79.148285,21.273497
xtal_91.cif,./U3Si5/187/xtal_91.cif,-72.736244,55.302765
xtal_92.cif,./U3Si5/187/xtal_92.cif,-45.47612,-26.854548
xtal_94.cif,./U3Si5/187/xtal_94.cif,-6.2469697,-21.043468
xtal_95.cif,./U3Si5/187/xtal_95.cif,37.841007,42.972286
xtal_96.cif,./U3Si5/187/xtal_96.cif,-56.87841,-34.139004
xtal_97.cif,./U3Si5/187/xtal_97.cif,-57.255768,83.09963
xtal_99.cif,./U3Si5/187/xtal_99.cif,-54.954277,73.78175
xtal_11.cif,./U3Si5/188/xtal_11.cif,-18.958075,37.912334
xtal_12.cif,./U3Si5/188/xtal_12.cif,-79.064415,73.4781
xtal_14.cif,./U3Si5/188/xtal_14.cif,31.522478,35.6359
xtal_16.cif,./U3Si5/188/xtal_16.cif,43.462784,55.804962
xtal_19.cif,./U3Si5/188/xtal_19.cif,-42.00896,-44.47133
xtal_2.cif,./U3Si5/188/xtal_2.cif,5.6457496,32.088974
xtal_20.cif,./U3Si5/188/xtal_20.cif,-7.692626,-9.726466
xtal_21.cif,./U3Si5/188/xtal_21.cif,-22.660236,35.97576
xtal_22.cif,./U3Si5/188/xtal_22.cif,-82.7619,20.44459
xtal_24.cif,./U3Si5/188/xtal_24.cif,56.724854,72.87853
xtal_25.cif,./U3Si5/188/xtal_25.cif,8.835476,-10.174552
xtal_26.cif,./U3Si5/188/xtal_26.cif,-3.7034776,-9.014726
xtal_27.cif,./U3Si5/188/xtal_27.cif,-80.19696,40.937447
xtal_28.cif,./U3Si5/188/xtal_28.cif,-14.2459755,-2.852881
xtal_29.cif,./U3Si5/188/xtal_29.cif,97.09879,17.021854
xtal_3.cif,./U3Si5/188/xtal_3.cif,17.347153,26.825144
xtal_30.cif,./U3Si5/188/xtal_30.cif,47.56386,59.84265
xtal_31.cif,./U3Si5/188/xtal_31.cif,6.7165775,68.55082
xtal_32.cif,./U3Si5/188/xtal_32.cif,75.419525,-55.29216
xtal_33.cif,./U3Si5/188/xtal_33.cif,23.495064,-11.989928
xtal_34.cif,./U3Si5/188/xtal_34.cif,-101.59143,13.819768
xtal_35.cif,./U3Si5/188/xtal_35.cif,-6.9323545,20.905838
xtal_37.cif,./U3Si5/188/xtal_37.cif,14.575466,26.529396
xtal_39.cif,./U3Si5/188/xtal_39.cif,17.219074,-16.674587
xtal_4.cif,./U3Si5/188/xtal_4.cif,-37.31148,109.909164
xtal_40.cif,./U3Si5/188/xtal_40.cif,36.143803,-47.014774
xtal_41.cif,./U3Si5/188/xtal_41.cif,-79.33692,10.1918335
xtal_43.cif,./U3Si5/188/xtal_43.cif,21.184614,18.086107
xtal_45.cif,./U3Si5/188/xtal_45.cif,29.443247,59.248135
xtal_46.cif,./U3Si5/188/xtal_46.cif,23.909035,-6.1457148
xtal_47.cif,./U3Si5/188/xtal_47.cif,77.795166,-58.673077
xtal_48.cif,./U3Si5/188/xtal_48.cif,-3.9110918,-30.483742
xtal_5.cif,./U3Si5/188/xtal_5.cif,29.362522,-7.870898
xtal_50.cif,./U3Si5/188/xtal_50.cif,-48.2431,-22.163237
xtal_51.cif,./U3Si5/188/xtal_51.cif,-34.09094,55.698944
xtal_52.cif,./U3Si5/188/xtal_52.cif,-69.94115,-28.44098
xtal_53.cif,./U3Si5/188/xtal_53.cif,50.727333,65.90083
xtal_55.cif,./U3Si5/188/xtal_55.cif,23.73888,55.22726
xtal_57.cif,./U3Si5/188/xtal_57.cif,89.06575,53.880596
xtal_58.cif,./U3Si5/188/xtal_58.cif,-44.49351,-47.687305
xtal_59.cif,./U3Si5/188/xtal_59.cif,21.999327,7.3276157
xtal_6.cif,./U3Si5/188/xtal_6.cif,59.188038,-28.57626
xtal_60.cif,./U3Si5/188/xtal_60.cif,83.14075,8.478067
xtal_61.cif,./U3Si5/188/xtal_61.cif,112.29077,-11.906234
xtal_62.cif,./U3Si5/188/xtal_62.cif,29.107529,-6.925514
xtal_63.cif,./U3Si5/188/xtal_63.cif,15.927811,-44.884323
xtal_64.cif,./U3Si5/188/xtal_64.cif,11.402807,-42.865314
xtal_65.cif,./U3Si5/188/xtal_65.cif,5.3939776,107.22821
xtal_66.cif,./U3Si5/188/xtal_66.cif,1.2427503,-73.06448
xtal_67.cif,./U3Si5/188/xtal_67.cif,-81.51144,57.82259
xtal_68.cif,./U3Si5/188/xtal_68.cif,-92.561806,40.854
xtal_69.cif,./U3Si5/188/xtal_69.cif,-96.26504,37.043343
xtal_7.cif,./U3Si5/188/xtal_7.cif,-47.1047,31.761404
xtal_70.cif,./U3Si5/188/xtal_70.cif,35.248997,-46.478035
xtal_71.cif,./U3Si5/188/xtal_71.cif,43.77875,48.37273
xtal_74.cif,./U3Si5/188/xtal_74.cif,-44.840546,9.051014
xtal_75.cif,./U3Si5/188/xtal_75.cif,-49.768337,73.10529
xtal_76.cif,./U3Si5/188/xtal_76.cif,-71.26213,22.408875
xtal_77.cif,./U3Si5/188/xtal_77.cif,55.654602,15.429626
xtal_78.cif,./U3Si5/188/xtal_78.cif,37.403378,-52.55494
xtal_79.cif,./U3Si5/188/xtal_79.cif,-72.8748,14.653805
xtal_8.cif,./U3Si5/188/xtal_8.cif,30.347733,-20.72048
xtal_80.cif,./U3Si5/188/xtal_80.cif,7.863813,-15.562742
xtal_82.cif,./U3Si5/188/xtal_82.cif,-4.2913404,4.1359596
xtal_83.cif,./U3Si5/188/xtal_83.cif,-64.10383,27.725105
xtal_84.cif,./U3Si5/188/xtal_84.cif,64.68972,-19.108932
xtal_85.cif,./U3Si5/188/xtal_85.cif,-59.646976,-30.547749
xtal_88.cif,./U3Si5/188/xtal_88.cif,-4.2610707,110.66349
xtal_89.cif,./U3Si5/188/xtal_89.cif,-51.060917,-34.093975
xtal_90.cif,./U3Si5/188/xtal_90.cif,112.05428,0.66676337
xtal_92.cif,./U3Si5/188/xtal_92.cif,24.713352,7.1457143
xtal_95.cif,./U3Si5/188/xtal_95.cif,-70.37218,71.03372
xtal_96.cif,./U3Si5/188/xtal_96.cif,1.7337314,2.3441043
xtal_97.cif,./U3Si5/188/xtal_97.cif,-14.29474,-15.845911
xtal_98.cif,./U3Si5/188/xtal_98.cif,-72.1098,14.384559
xtal_99.cif,./U3Si5/188/xtal_99.cif,0.40365043,-76.621315
xtal_1.cif,./U3Si5/189/xtal_1.cif,19.951555,-38.098305
xtal_10.cif,./U3Si5/189/xtal_10.cif,18.918789,-35.954838
xtal_100.cif,./U3Si5/189/xtal_100.cif,79.08579,46.45343
xtal_11.cif,./U3Si5/189/xtal_11.cif,-67.701965,53.39578
xtal_12.cif,./U3Si5/189/xtal_12.cif,35.78369,-29.72118
xtal_14.cif,./U3Si5/189/xtal_14.cif,33.912365,42.057487
xtal_16.cif,./U3Si5/189/xtal_16.cif,71.17779,-7.6715217
xtal_18.cif,./U3Si5/189/xtal_18.cif,-23.533085,118.232735
xtal_19.cif,./U3Si5/189/xtal_19.cif,-10.546149,99.97551
xtal_2.cif,./U3Si5/189/xtal_2.cif,11.3807335,45.687763
xtal_20.cif,./U3Si5/189/xtal_20.cif,-82.59254,21.785568
xtal_21.cif,./U3Si5/189/xtal_21.cif,73.81582,10.727676
xtal_22.cif,./U3Si5/189/xtal_22.cif,31.847172,-30.223442
xtal_23.cif,./U3Si5/189/xtal_23.cif,-9.337246,-101.3767
xtal_24.cif,./U3Si5/189/xtal_24.cif,59.89342,76.4875
xtal_25.cif,./U3Si5/189/xtal_25.cif,-71.91601,9.833264
xtal_26.cif,./U3Si5/189/xtal_26.cif,11.901423,-37.96508
xtal_28.cif,./U3Si5/189/xtal_28.cif,54.508835,66.34984
xtal_29.cif,./U3Si5/189/xtal_29.cif,87.69363,44.086098
xtal_30.cif,./U3Si5/189/xtal_30.cif,-4.2824445,-10.128344
xtal_31.cif,./U3Si5/189/xtal_31.cif,-43.08278,-46.804348
xtal_32.cif,./U3Si5/189/xtal_32.cif,8.937359,44.62982
xtal_33.cif,./U3Si5/189/xtal_33.cif,-56.230446,83.88197
xtal_34.cif,./U3Si5/189/xtal_34.cif,20.317951,-34.041286
xtal_35.cif,./U3Si5/189/xtal_35.cif,-88.89468,-7.595739
xtal_36.cif,./U3Si5/189/xtal_36.cif,44.225758,17.794746
xtal_37.cif,./U3Si5/189/xtal_37.cif,28.071404,-31.36868
xtal_38.cif,./U3Si5/189/xtal_38.cif,-29.125813,107.43203
xtal_39.cif,./U3Si5/189/xtal_39.cif,37.030006,-9.978639
xtal_4.cif,./U3Si5/189/xtal_4.cif,-90.72792,45.32528
xtal_40.cif,./U3Si5/189/xtal_40.cif,-19.93618,-41.26529
xtal_41.cif,./U3Si5/189/xtal_41.cif,-49.978004,-49.07347
xtal_44.cif,./U3Si5/189/xtal_44.cif,-68.295715,-18.816912
xtal_46.cif,./U3Si5/189/xtal_46.cif,-30.130667,-2.1656048
xtal_47.cif,./U3Si5/189/xtal_47.cif,33.825184,46.568027
xtal_48.cif,./U3Si5/189/xtal_48.cif,-45.478306,30.747526
xtal_49.cif,./U3Si5/189/xtal_49.cif,15.033397,1.9645637
xtal_50.cif,./U3Si5/189/xtal_50.cif,-82.46189,-28.653408
xtal_53.cif,./U3Si5/189/xtal_53.cif,10.302124,-73.594
xtal_54.cif,./U3Si5/189/xtal_54.cif,-35.99164,97.82885
xtal_55.cif,./U3Si5/189/xtal_55.cif,-85.85839,62.313774
xtal_56.cif,./U3Si5/189/xtal_56.cif,48.052956,61.032276
xtal_57.cif,./U3Si5/189/xtal_57.cif,-40.763374,98.808014
xtal_58.cif,./U3Si5/189/xtal_58.cif,-19.516542,109.31003
xtal_59.cif,./U3Si5/189/xtal_59.cif,-68.14828,49.578247
xtal_6.cif,./U3Si5/189/xtal_6.cif,72.0849,-64.18421
xtal_60.cif,./U3Si5/189/xtal_60.cif,89.199585,55.324627
xtal_61.cif,./U3Si5/189/xtal_61.cif,-36.180107,-92.4685
xtal_62.cif,./U3Si5/189/xtal_62.cif,31.811094,23.348738
xtal_63.cif,./U3Si5/189/xtal_63.cif,-75.19042,-51.227295
xtal_65.cif,./U3Si5/189/xtal_65.cif,-52.247223,87.07206
xtal_67.cif,./U3Si5/189/xtal_67.cif,50.547398,-80.517426
xtal_68.cif,./U3Si5/189/xtal_68.cif,-53.404953,-77.57441
xtal_69.cif,./U3Si5/189/xtal_69.cif,-10.59648,100.01696
xtal_7.cif,./U3Si5/189/xtal_7.cif,-5.497562,-32.583366
xtal_70.cif,./U3Si5/189/xtal_70.cif,-28.078983,93.06003
xtal_71.cif,./U3Si5/189/xtal_71.cif,19.006433,-102.04776
xtal_72.cif,./U3Si5/189/xtal_72.cif,-89.0822,38.597393
xtal_75.cif,./U3Si5/189/xtal_75.cif,4.1813397,-100.57197
xtal_76.cif,./U3Si5/189/xtal_76.cif,-48.733185,-67.47666
xtal_77.cif,./U3Si5/189/xtal_77.cif,-47.05272,-48.65966
xtal_78.cif,./U3Si5/189/xtal_78.cif,-27.605068,-2.4594498
xtal_79.cif,./U3Si5/189/xtal_79.cif,-14.071118,109.64659
xtal_8.cif,./U3Si5/189/xtal_8.cif,13.715966,27.364231
xtal_80.cif,./U3Si5/189/xtal_80.cif,-25.004795,46.71646
xtal_81.cif,./U3Si5/189/xtal_81.cif,3.0758612,101.373535
xtal_82.cif,./U3Si5/189/xtal_82.cif,-85.23609,23.22977
xtal_83.cif,./U3Si5/189/xtal_83.cif,-74.83704,9.5331955
xtal_84.cif,./U3Si5/189/xtal_84.cif,-81.70123,27.648468
xtal_85.cif,./U3Si5/189/xtal_85.cif,-11.56104,-11.608638
xtal_88.cif,./U3Si5/189/xtal_88.cif,94.95688,65.1054
xtal_9.cif,./U3Si5/189/xtal_9.cif,102.01106,1.2905117
xtal_90.cif,./U3Si5/189/xtal_90.cif,-31.741987,106.25205
xtal_91.cif,./U3Si5/189/xtal_91.cif,-46.48224,93.67996
xtal_92.cif,./U3Si5/189/xtal_92.cif,36.93632,48.359467
xtal_93.cif,./U3Si5/189/xtal_93.cif,85.10794,25.631483
xtal_94.cif,./U3Si5/189/xtal_94.cif,88.50235,-56.90899
xtal_95.cif,./U3Si5/189/xtal_95.cif,92.45128,7.547492
xtal_96.cif,./U3Si5/189/xtal_96.cif,-35.956203,103.433014
xtal_97.cif,./U3Si5/189/xtal_97.cif,-26.207897,47.91114
xtal_98.cif,./U3Si5/189/xtal_98.cif,-62.36492,64.97715
xtal_1.cif,./U3Si5/190/xtal_1.cif,-83.20277,8.377916
xtal_10.cif,./U3Si5/190/xtal_10.cif,4.4262385,98.89638
xtal_100.cif,./U3Si5/190/xtal_100.cif,36.852253,46.634293
xtal_11.cif,./U3Si5/190/xtal_11.cif,7.255223,94.37056
xtal_13.cif,./U3Si5/190/xtal_13.cif,4.1782513,-83.24085
xtal_14.cif,./U3Si5/190/xtal_14.cif,-40.611126,100.578125
xtal_15.cif,./U3Si5/190/xtal_15.cif,-57.572266,-43.8296
xtal_16.cif,./U3Si5/190/xtal_16.cif,88.698364,-11.957801
xtal_17.cif,./U3Si5/190/xtal_17.cif,65.56687,-23.303322
xtal_18.cif,./U3Si5/190/xtal_18.cif,-3.8585427,-76.073456
xtal_19.cif,./U3Si5/190/xtal_19.cif,-51.511116,-33.861683
xtal_2.cif,./U3Si5/190/xtal_2.cif,16.701742,-44.216022
xtal_20.cif,./U3Si5/190/xtal_20.cif,-47.318375,-61.571022
xtal_21.cif,./U3Si5/190/xtal_21.cif,-107.607834,10.230459
xtal_22.cif,./U3Si5/190/xtal_22.cif,19.47662,-14.822783
xtal_23.cif,./U3Si5/190/xtal_23.cif,27.205126,13.369442
xtal_24.cif,./U3Si5/190/xtal_24.cif,-91.281235,8.511129
xtal_25.cif,./U3Si5/190/xtal_25.cif,17.287348,-52.254
xtal_27.cif,./U3Si5/190/xtal_27.cif,-1.499356,-88.28816
xtal_28.cif,./U3Si5/190/xtal_28.cif,-100.00669,60.09181
xtal_29.cif,./U3Si5/190/xtal_29.cif,54.73246,-67.562294
xtal_3.cif,./U3Si5/190/xtal_3.cif,42.9612,60.34509
xtal_30.cif,./U3Si5/190/xtal_30.cif,105.41517,-36.992756
xtal_31.cif,./U3Si5/190/xtal_31.cif,40.983646,-24.151068
xtal_32.cif,./U3Si5/190/xtal_32.cif,-7.482729,43.60679
xtal_33.cif,./U3Si5/190/xtal_33.cif,30.076506,-38.88496
xtal_34.cif,./U3Si5/190/xtal_34.cif,42.64699,-80.989365
xtal_35.cif,./U3Si5/190/xtal_35.cif,2.8869894,37.43097
xtal_36.cif,./U3Si5/190/xtal_36.cif,93.28436,59.521973
xtal_37.cif,./U3Si5/190/xtal_37.cif,16.331045,-59.78994
xtal_38.cif,./U3Si5/190/xtal_38.cif,-74.069016,14.761439
xtal_39.cif,./U3Si5/190/xtal_39.cif,-75.96077,28.235561
xtal_4.cif,./U3Si5/190/xtal_4.cif,85.026955,-67.28962
xtal_40.cif,./U3Si5/190/xtal_40.cif,-81.066734,38.366207
xtal_41.cif,./U3Si5/190/xtal_41.cif,-1.433846,-25.033974
xtal_42.cif,./U3Si5/190/xtal_42.cif,-44.724606,93.32736
xtal_43.cif,./U3Si5/190/xtal_43.cif,-30.799084,-28.241407
xtal_44.cif,./U3Si5/190/xtal_44.cif,26.18516,23.154692
xtal_45.cif,./U3Si5/190/xtal_45.cif,49.318985,-51.965397
xtal_46.cif,./U3Si5/190/xtal_46.cif,24.49846,-39.88801
xtal_47.cif,./U3Si5/190/xtal_47.cif,-12.208373,-78.26825
xtal_48.cif,./U3Si5/190/xtal_48.cif,12.6730585,-29.747185
xtal_49.cif,./U3Si5/190/xtal_49.cif,77.39389,-64.817955
xtal_5.cif,./U3Si5/190/xtal_5.cif,34.557808,-31.13692
xtal_50.cif,./U3Si5/190/xtal_50.cif,25.584188,46.386818
xtal_51.cif,./U3Si5/190/xtal_51.cif,-74.729515,62.81155
xtal_52.cif,./U3Si5/190/xtal_52.cif,40.892277,-24.271381
xtal_53.cif,./U3Si5/190/xtal_53.cif,-43.79437,-43.5486
xtal_54.cif,./U3Si5/190/xtal_54.cif,-50.918953,77.842636
xtal_56.cif,./U3Si5/190/xtal_56.cif,-71.97466,-53.414223
xtal_57.cif,./U3Si5/190/xtal_57.cif,54.605614,66.641685
xtal_58.cif,./U3Si5/190/xtal_58.cif,-78.47564,40.459747
xtal_59.cif,./U3Si5/190/xtal_59.cif,17.929092,-68.34961
xtal_6.cif,./U3Si5/190/xtal_6.cif,63.83638,-24.31681
xtal_61.cif,./U3Si5/190/xtal_61.cif,-79.49637,40.221912
xtal_62.cif,./U3Si5/190/xtal_62.cif,-107.35763,9.901536
xtal_63.cif,./U3Si5/190/xtal_63.cif,-83.87458,64.82748
xtal_64.cif,./U3Si5/190/xtal_64.cif,-52.60709,79.14433
xtal_65.cif,./U3Si5/190/xtal_65.cif,50.11303,63.587437
xtal_66.cif,./U3Si5/190/xtal_66.cif,9.37315,-30.282463
xtal_67.cif,./U3Si5/190/xtal_67.cif,-29.465858,-28.769115
xtal_68.cif,./U3Si5/190/xtal_68.cif,-75.9819,27.697174
xtal_69.cif,./U3Si5/190/xtal_69.cif,-70.8808,12.042525
xtal_7.cif,./U3Si5/190/xtal_7.cif,-5.5898333,-53.856667
xtal_70.cif,./U3Si5/190/xtal_70.cif,-87.69681,-14.138034
xtal_71.cif,./U3Si5/190/xtal_71.cif,58.431396,30.056917
xtal_72.cif,./U3Si5/190/xtal_72.cif,26.764067,19.333086
xtal_74.cif,./U3Si5/190/xtal_74.cif,-4.451886,-100.74254
xtal_76.cif,./U3Si5/190/xtal_76.cif,81.33137,-37.13779
xtal_77.cif,./U3Si5/190/xtal_77.cif,-9.020665,-11.796302
xtal_78.cif,./U3Si5/190/xtal_78.cif,-54.65859,-27.942318
xtal_79.cif,./U3Si5/190/xtal_79.cif,34.54092,30.913042
xtal_8.cif,./U3Si5/190/xtal_8.cif,-85.80954,-32.91534
xtal_80.cif,./U3Si5/190/xtal_80.cif,30.889446,21.635807
xtal_81.cif,./U3Si5/190/xtal_81.cif,41.39585,-90.94565
xtal_82.cif,./U3Si5/190/xtal_82.cif,-25.232853,-55.438316
xtal_83.cif,./U3Si5/190/xtal_83.cif,43.959957,54.85916
xtal_84.cif,./U3Si5/190/xtal_84.cif,52.282467,-77.75909
xtal_85.cif,./U3Si5/190/xtal_85.cif,25.026583,-91.4315
xtal_86.cif,./U3Si5/190/xtal_86.cif,-5.011671,-98.47595
xtal_87.cif,./U3Si5/190/xtal_87.cif,17.200085,-3.5005012
xtal_88.cif,./U3Si5/190/xtal_88.cif,-8.879704,-66.775276
xtal_89.cif,./U3Si5/190/xtal_89.cif,-57.01862,77.68761
xtal_9.cif,./U3Si5/190/xtal_9.cif,-55.741295,-28.904903
xtal_90.cif,./U3Si5/190/xtal_90.cif,22.378647,10.7369175
xtal_91.cif,./U3Si5/190/xtal_91.cif,9.238192,-30.718893
xtal_92.cif,./U3Si5/190/xtal_92.cif,-49.94791,-33.66947
xtal_93.cif,./U3Si5/190/xtal_93.cif,52.630516,-65.51256
xtal_94.cif,./U3Si5/190/xtal_94.cif,-19.09013,94.15101
xtal_95.cif,./U3Si5/190/xtal_95.cif,-7.5374594,-34.077877
xtal_97.cif,./U3Si5/190/xtal_97.cif,-88.03506,23.637306
xtal_98.cif,./U3Si5/190/xtal_98.cif,-0.7874118,-33.12587
xtal_99.cif,./U3Si5/190/xtal_99.cif,50.576553,-80.56319
xtal_1.cif,./U3Si5/191/xtal_1.cif,-7.9813595,-20.853773
xtal_10.cif,./U3Si5/191/xtal_10.cif,-116.06368,16.743654
xtal_100.cif,./U3Si5/191/xtal_100.cif,-82.58477,59.35629
xtal_13.cif,./U3Si5/191/xtal_13.cif,-3.119377,3.2065108
xtal_14.cif,./U3Si5/191/xtal_14.cif,16.116987,73.57242
xtal_15.cif,./U3Si5/191/xtal_15.cif,59.118095,38.111176
xtal_17.cif,./U3Si5/191/xtal_17.cif,47.909077,14.869794
xtal_18.cif,./U3Si5/191/xtal_18.cif,-74.81583,-6.4227476
xtal_20.cif,./U3Si5/191/xtal_20.cif,62.03086,49.27596
xtal_21.cif,./U3Si5/191/xtal_21.cif,101.61834,27.86222
xtal_22.cif,./U3Si5/191/xtal_22.cif,67.277016,-72.13971
xtal_23.cif,./U3Si5/191/xtal_23.cif,50.104267,-18.660007
xtal_24.cif,./U3Si5/191/xtal_24.cif,-89.09809,-12.10108
xtal_25.cif,./U3Si5/191/xtal_25.cif,-37.0746,22.675966
xtal_26.cif,./U3Si5/191/xtal_26.cif,89.10652,12.213175
xtal_28.cif,./U3Si5/191/xtal_28.cif,34.4187,-63.302666
xtal_29.cif,./U3Si5/191/xtal_29.cif,-30.309437,29.78718
xtal_3.cif,./U3Si5/191/xtal_3.cif,-84.13819,-34.44104
xtal_30.cif,./U3Si5/191/xtal_30.cif,44.05687,-54.981945
xtal_31.cif,./U3Si5/191/xtal_31.cif,63.588455,3.9883122
xtal_32.cif,./U3Si5/191/xtal_32.cif,-5.128594,-95.01841
xtal_33.cif,./U3Si5/191/xtal_33.cif,-66.15621,-10.728027
xtal_34.cif,./U3Si5/191/xtal_34.cif,-22.875492,93.91923
xtal_35.cif,./U3Si5/191/xtal_35.cif,-72.99057,-31.611343
xtal_37.cif,./U3Si5/191/xtal_37.cif,-33.442913,30.501528
xtal_38.cif,./U3Si5/191/xtal_38.cif,95.50768,41.329372
xtal_39.cif,./U3Si5/191/xtal_39.cif,49.961464,-17.977322
xtal_40.cif,./U3Si5/191/xtal_40.cif,-56.002983,-29.4433
xtal_42.cif,./U3Si5/191/xtal_42.cif,-65.39881,31.115328
xtal_44.cif,./U3Si5/191/xtal_44.cif,48.198185,-31.095633
xtal_46.cif,./U3Si5/191/xtal_46.cif,88.458786,-10.669271
xtal_47.cif,./U3Si5/191/xtal_47.cif,-13.108782,8.072548
xtal_5.cif,./U3Si5/191/xtal_5.cif,-17.538202,61.8577
xtal_51.cif,./U3Si5/191/xtal_51.cif,-48.788902,-40.871056
xtal_53.cif,./U3Si5/191/xtal_53.cif,-27.981476,-91.787346
xtal_55.cif,./U3Si5/191/xtal_55.cif,94.96055,65.01841
xtal_56.cif,./U3Si5/191/xtal_56.cif,-82.588486,29.603178
xtal_57.cif,./U3Si5/191/xtal_57.cif,-76.17263,57.459717
xtal_58.cif,./U3Si5/191/xtal_58.cif,-12.250932,0.8784074
xtal_59.cif,./U3Si5/191/xtal_59.cif,-66.6376,68.45375
xtal_60.cif,./U3Si5/191/xtal_60.cif,48.6809,-11.386283
xtal_61.cif,./U3Si5/191/xtal_61.cif,-12.193104,31.755348
xtal_62.cif,./U3Si5/191/xtal_62.cif,-65.63489,65.25492
xtal_64.cif,./U3Si5/191/xtal_64.cif,-25.523954,90.06387
xtal_65.cif,./U3Si5/191/xtal_65.cif,-71.72568,-31.661203
xtal_66.cif,./U3Si5/191/xtal_66.cif,-76.0892,44.640434
xtal_67.cif,./U3Si5/191/xtal_67.cif,58.293335,-52.838966
xtal_68.cif,./U3Si5/191/xtal_68.cif,72.38829,7.8327727
xtal_69.cif,./U3Si5/191/xtal_69.cif,103.646835,-6.597444
xtal_7.cif,./U3Si5/191/xtal_7.cif,-43.037704,-44.980545
xtal_70.cif,./U3Si5/191/xtal_70.cif,18.24539,-49.263695
xtal_71.cif,./U3Si5/191/xtal_71.cif,105.07612,-32.853542
xtal_72.cif,./U3Si5/191/xtal_72.cif,-75.01707,-67.0492
xtal_73.cif,./U3Si5/191/xtal_73.cif,25.525969,-38.429035
xtal_76.cif,./U3Si5/191/xtal_76.cif,-62.15164,65.25809
xtal_77.cif,./U3Si5/191/xtal_77.cif,-20.08931,67.185
xtal_78.cif,./U3Si5/191/xtal_78.cif,-88.75001,50.682354
xtal_79.cif,./U3Si5/191/xtal_79.cif,-10.342674,-49.28858
xtal_8.cif,./U3Si5/191/xtal_8.cif,-15.837394,-42.315834
xtal_81.cif,./U3Si5/191/xtal_81.cif,75.43413,6.2206106
xtal_83.cif,./U3Si5/191/xtal_83.cif,-91.99176,20.307741
xtal_84.cif,./U3Si5/191/xtal_84.cif,-63.78005,81.19949
xtal_85.cif,./U3Si5/191/xtal_85.cif,45.829994,-60.317173
xtal_87.cif,./U3Si5/191/xtal_87.cif,-19.83319,-91.93281
xtal_88.cif,./U3Si5/191/xtal_88.cif,-28.728752,-34.890774
xtal_90.cif,./U3Si5/191/xtal_90.cif,-9.852289,73.07993
xtal_91.cif,./U3Si5/191/xtal_91.cif,25.355045,-38.665596
xtal_92.cif,./U3Si5/191/xtal_92.cif,-79.174126,-22.820726
xtal_93.cif,./U3Si5/191/xtal_93.cif,-37.049545,37.656693
xtal_94.cif,./U3Si5/191/xtal_94.cif,-17.722506,-46.03684
xtal_98.cif,./U3Si5/191/xtal_98.cif,-96.76273,23.319323
xtal_99.cif,./U3Si5/191/xtal_99.cif,-8.828692,-85.0583
xtal_1.cif,./U3Si5/192/xtal_1.cif,-98.9293,17.06347
xtal_10.cif,./U3Si5/192/xtal_10.cif,-20.421501,-39.87457
xtal_100.cif,./U3Si5/192/xtal_100.cif,-45.888256,-2.4031785
xtal_11.cif,./U3Si5/192/xtal_11.cif,66.79162,31.972118
xtal_12.cif,./U3Si5/192/xtal_12.cif,-18.55245,98.27786
xtal_13.cif,./U3Si5/192/xtal_13.cif,-25.273626,42.217014
xtal_15.cif,./U3Si5/192/xtal_15.cif,-16.817497,54.054485
xtal_16.cif,./U3Si5/192/xtal_16.cif,-46.630516,-0.953271
xtal_18.cif,./U3Si5/192/xtal_18.cif,82.39561,-37.75703
xtal_19.cif,./U3Si5/192/xtal_19.cif,-92.15772,-20.536732
xtal_21.cif,./U3Si5/192/xtal_21.cif,-9.909445,17.780699
xtal_22.cif,./U3Si5/192/xtal_22.cif,54.611004,-87.69178
xtal_24.cif,./U3Si5/192/xtal_24.cif,-31.083405,11.075963
xtal_26.cif,./U3Si5/192/xtal_26.cif,109.37711,-14.817085
xtal_27.cif,./U3Si5/192/xtal_27.cif,-1.1872306,90.09658
xtal_28.cif,./U3Si5/192/xtal_28.cif,24.985216,-78.61569
xtal_29.cif,./U3Si5/192/xtal_29.cif,-45.944534,-1.7234765
xtal_3.cif,./U3Si5/192/xtal_3.cif,32.837704,-43.262924
xtal_30.cif,./U3Si5/192/xtal_30.cif,43.778362,-46.573063
xtal_34.cif,./U3Si5/192/xtal_34.cif,54.833237,31.8431
xtal_35.cif,./U3Si5/192/xtal_35.cif,-18.571245,-43.74547
xtal_36.cif,./U3Si5/192/xtal_36.cif,113.51975,-12.735322
xtal_38.cif,./U3Si5/192/xtal_38.cif,-96.97234,34.897694
xtal_39.cif,./U3Si5/192/xtal_39.cif,-53.00882,-61.861897
xtal_4.cif,./U3Si5/192/xtal_4.cif,-49.04723,-85.43175
xtal_40.cif,./U3Si5/192/xtal_40.cif,-34.579002,103.73838
xtal_41.cif,./U3Si5/192/xtal_41.cif,92.87564,-53.708035
xtal_42.cif,./U3Si5/192/xtal_42.cif,47.90931,-17.502459
xtal_43.cif,./U3Si5/192/xtal_43.cif,-17.163881,61.565887
xtal_44.cif,./U3Si5/192/xtal_44.cif,-20.367386,14.415238
xtal_45.cif,./U3Si5/192/xtal_45.cif,-68.92851,-10.256648
xtal_46.cif,./U3Si5/192/xtal_46.cif,46.394024,-19.386383
xtal_47.cif,./U3Si5/192/xtal_47.cif,-91.99045,20.300526
xtal_48.cif,./U3Si5/192/xtal_48.cif,52.0396,-70.36271
xtal_5.cif,./U3Si5/192/xtal_5.cif,-102.1498,-1.4898833
xtal_50.cif,./U3Si5/192/xtal_50.cif,-0.3106992,-75.56349
xtal_51.cif,./U3Si5/192/xtal_51.cif,27.02965,-29.6178
xtal_52.cif,./U3Si5/192/xtal_52.cif,11.466202,-101.79123
xtal_53.cif,./U3Si5/192/xtal_53.cif,48.704067,-7.107289
xtal_54.cif,./U3Si5/192/xtal_54.cif,-39.547222,12.969044
xtal_55.cif,./U3Si5/192/xtal_55.cif,-72.47629,-16.0732
xtal_56.cif,./U3Si5/192/xtal_56.cif,-77.38875,-39.206078
xtal_57.cif,./U3Si5/192/xtal_57.cif,-23.299212,-4.7437954
xtal_58.cif,./U3Si5/192/xtal_58.cif,-5.3519998,-77.42802
xtal_59.cif,./U3Si5/192/xtal_59.cif,70.15956,-38.076138
xtal_6.cif,./U3Si5/192/xtal_6.cif,-54.45476,-60.12539
xtal_60.cif,./U3Si5/192/xtal_60.cif,-18.540792,66.94103
xtal_62.cif,./U3Si5/192/xtal_62.cif,6.3111887,91.01377
xtal_63.cif,./U3Si5/192/xtal_63.cif,-57.728935,-70.1072
xtal_64.cif,./U3Si5/192/xtal_64.cif,-21.251604,41.242905
xtal_65.cif,./U3Si5/192/xtal_65.cif,-35.629578,-91.46389
xtal_66.cif,./U3Si5/192/xtal_66.cif,48.10963,10.914674
xtal_67.cif,./U3Si5/192/xtal_67.cif,-34.857327,-75.566826
xtal_68.cif,./U3Si5/192/xtal_68.cif,-25.750675,-31.403807
xtal_69.cif,./U3Si5/192/xtal_69.cif,88.44277,69.69083
xtal_7.cif,./U3Si5/192/xtal_7.cif,52.606762,-69.423454
xtal_70.cif,./U3Si5/192/xtal_70.cif,-31.155668,-96.9723
xtal_71.cif,./U3Si5/192/xtal_71.cif,-38.838085,-24.128963
xtal_72.cif,./U3Si5/192/xtal_72.cif,-101.77732,12.717676
xtal_73.cif,./U3Si5/192/xtal_73.cif,0.026230285,-53.653275
xtal_74.cif,./U3Si5/192/xtal_74.cif,-51.059486,-50.51113
xtal_75.cif,./U3Si5/192/xtal_75.cif,41.229042,-49.85161
xtal_76.cif,./U3Si5/192/xtal_76.cif,-90.76289,4.708594
xtal_77.cif,./U3Si5/192/xtal_77.cif,-21.482737,81.149185
xtal_78.cif,./U3Si5/192/xtal_78.cif,38.23067,-28.85915
xtal_8.cif,./U3Si5/192/xtal_8.cif,-40.77479,30.125542
xtal_80.cif,./U3Si5/192/xtal_80.cif,73.720695,-46.110252
xtal_81.cif,./U3Si5/192/xtal_81.cif,74.30595,-58.48067
xtal_82.cif,./U3Si5/192/xtal_82.cif,-73.275085,-17.244251
xtal_83.cif,./U3Si5/192/xtal_83.cif,53.151234,28.045223
xtal_84.cif,./U3Si5/192/xtal_84.cif,-15.59948,-42.369526
xtal_85.cif,./U3Si5/192/xtal_85.cif,51.84345,5.923484
xtal_88.cif,./U3Si5/192/xtal_88.cif,96.31344,13.182694
xtal_89.cif,./U3Si5/192/xtal_89.cif,97.28179,63.73756
xtal_9.cif,./U3Si5/192/xtal_9.cif,-64.6604,-16.434652
xtal_90.cif,./U3Si5/192/xtal_90.cif,-65.39745,57.059814
xtal_91.cif,./U3Si5/192/xtal_91.cif,-25.730713,14.929431
xtal_93.cif,./U3Si5/192/xtal_93.cif,52.398872,-47.985508
xtal_94.cif,./U3Si5/192/xtal_94.cif,-48.10302,-20.919357
xtal_95.cif,./U3Si5/192/xtal_95.cif,-39.12175,-23.570383
xtal_96.cif,./U3Si5/192/xtal_96.cif,1.6466358,86.13255
xtal_97.cif,./U3Si5/192/xtal_97.cif,93.08922,-10.5426445
xtal_98.cif,./U3Si5/192/xtal_98.cif,-90.52562,4.674044
xtal_99.cif,./U3Si5/192/xtal_99.cif,-70.55714,-25.785484
xtal_10.cif,./U3Si5/193/xtal_10.cif,-51.272682,44.40503
xtal_100.cif,./U3Si5/193/xtal_100.cif,10.040308,105.19567
xtal_14.cif,./U3Si5/193/xtal_14.cif,-80.48188,9.374968
xtal_16.cif,./U3Si5/193/xtal_16.cif,22.420519,-71.529
xtal_18.cif,./U3Si5/193/xtal_18.cif,-48.862778,-61.34617
xtal_20.cif,./U3Si5/193/xtal_20.cif,-85.2348,49.60171
xtal_21.cif,./U3Si5/193/xtal_21.cif,34.397755,-47.946068
xtal_22.cif,./U3Si5/193/xtal_22.cif,43.78201,-46.410137
xtal_24.cif,./U3Si5/193/xtal_24.cif,29.688438,-29.735601
xtal_26.cif,./U3Si5/193/xtal_26.cif,-50.98616,-67.00457
xtal_27.cif,./U3Si5/193/xtal_27.cif,40.76371,-58.316658
xtal_28.cif,./U3Si5/193/xtal_28.cif,-49.07536,33.259808
xtal_30.cif,./U3Si5/193/xtal_30.cif,108.9735,-14.483697
xtal_31.cif,./U3Si5/193/xtal_31.cif,49.93095,-41.756596
xtal_32.cif,./U3Si5/193/xtal_32.cif,-14.650644,65.665886
xtal_33.cif,./U3Si5/193/xtal_33.cif,-40.856163,3.9628415
xtal_34.cif,./U3Si5/193/xtal_34.cif,-21.871485,1.9823952
xtal_37.cif,./U3Si5/193/xtal_37.cif,-74.714905,-57.33756
xtal_38.cif,./U3Si5/193/xtal_38.cif,-80.62044,-25.686697
xtal_41.cif,./U3Si5/193/xtal_41.cif,105.37686,-32.732517
xtal_45.cif,./U3Si5/193/xtal_45.cif,-88.73562,55.719982
xtal_47.cif,./U3Si5/193/xtal_47.cif,-2.6645067,4.9453006
xtal_48.cif,./U3Si5/193/xtal_48.cif,82.86642,-58.043507
xtal_49.cif,./U3Si5/193/xtal_49.cif,66.15792,14.08223
xtal_5.cif,./U3Si5/193/xtal_5.cif,-19.530622,107.16285
xtal_51.cif,./U3Si5/193/xtal_51.cif,-64.981544,-79.37207
xtal_53.cif,./U3Si5/193/xtal_53.cif,-27.66345,-50.074764
xtal_55.cif,./U3Si5/193/xtal_55.cif,-69.60738,-23.591267
xtal_57.cif,./U3Si5/193/xtal_57.cif,-53.698303,-75.47932
xtal_58.cif,./U3Si5/193/xtal_58.cif,88.09173,-1.8361722
xtal_6.cif,./U3Si5/193/xtal_6.cif,83.70762,3.9608495
xtal_60.cif,./U3Si5/193/xtal_60.cif,-33.38088,79.42227
xtal_61.cif,./U3Si5/193/xtal_61.cif,26.610647,-30.325579
xtal_63.cif,./U3Si5/193/xtal_63.cif,-5.1171,-14.2177725
xtal_64.cif,./U3Si5/193/xtal_64.cif,-66.55938,-12.190362
xtal_65.cif,./U3Si5/193/xtal_65.cif,-78.61756,-62.428432
xtal_67.cif,./U3Si5/193/xtal_67.cif,-50.416286,34.94891
xtal_68.cif,./U3Si5/193/xtal_68.cif,-24.57854,-98.7467
xtal_70.cif,./U3Si5/193/xtal_70.cif,-33.571632,-94.71499
xtal_72.cif,./U3Si5/193/xtal_72.cif,-46.90454,-0.4883386
xtal_76.cif,./U3Si5/193/xtal_76.cif,-59.730347,-29.94725
xtal_77.cif,./U3Si5/193/xtal_77.cif,90.31632,11.9062805
xtal_78.cif,./U3Si5/193/xtal_78.cif,-40.490826,29.409498
xtal_8.cif,./U3Si5/193/xtal_8.cif,-96.029366,33.609154
xtal_83.cif,./U3Si5/193/xtal_83.cif,-10.3248205,-82.78736
xtal_87.cif,./U3Si5/193/xtal_87.cif,-39.481277,-23.974058
xtal_88.cif,./U3Si5/193/xtal_88.cif,-79.44981,33.921425
xtal_89.cif,./U3Si5/193/xtal_89.cif,-13.995492,29.031542
xtal_90.cif,./U3Si5/193/xtal_90.cif,-34.519054,103.93503
xtal_91.cif,./U3Si5/193/xtal_91.cif,22.36703,-35.21908
xtal_92.cif,./U3Si5/193/xtal_92.cif,-73.061714,-41.106407
xtal_94.cif,./U3Si5/193/xtal_94.cif,75.554504,6.319638
xtal_95.cif,./U3Si5/193/xtal_95.cif,12.201243,-63.27882
xtal_98.cif,./U3Si5/193/xtal_98.cif,-57.120472,-16.946722
xtal_99.cif,./U3Si5/193/xtal_99.cif,-65.199,46.42154
xtal_1.cif,./U3Si5/194/xtal_1.cif,-91.01959,41.115814
xtal_100.cif,./U3Si5/194/xtal_100.cif,-28.493702,93.71151
xtal_11.cif,./U3Si5/194/xtal_11.cif,59.040005,-33.227917
xtal_12.cif,./U3Si5/194/xtal_12.cif,-34.202114,5.445329
xtal_13.cif,./U3Si5/194/xtal_13.cif,-75.644196,25.391132
xtal_14.cif,./U3Si5/194/xtal_14.cif,112.23547,-10.539071
xtal_16.cif,./U3Si5/194/xtal_16.cif,-42.423218,99.81465
xtal_19.cif,./U3Si5/194/xtal_19.cif,-31.05675,-45.428047
xtal_21.cif,./U3Si5/194/xtal_21.cif,81.059715,-68.13683
xtal_24.cif,./U3Si5/194/xtal_24.cif,46.15794,11.492547
xtal_25.cif,./U3Si5/194/xtal_25.cif,59.583042,19.29015
xtal_28.cif,./U3Si5/194/xtal_28.cif,-101.54741,12.86302
xtal_3.cif,./U3Si5/194/xtal_3.cif,47.47016,-90.82353
xtal_30.cif,./U3Si5/194/xtal_30.cif,-26.887579,-69.5295
xtal_31.cif,./U3Si5/194/xtal_31.cif,-53.457283,23.70981
xtal_32.cif,./U3Si5/194/xtal_32.cif,-50.943882,48.76912
xtal_34.cif,./U3Si5/194/xtal_34.cif,-50.629475,47.429535
xtal_37.cif,./U3Si5/194/xtal_37.cif,32.44499,-80.79257
xtal_4.cif,./U3Si5/194/xtal_4.cif,-19.940365,96.19613
xtal_40.cif,./U3Si5/194/xtal_40.cif,100.082756,-20.157036
xtal_41.cif,./U3Si5/194/xtal_41.cif,-46.63143,9.2220745
xtal_43.cif,./U3Si5/194/xtal_43.cif,-7.507995,-40.28082
xtal_44.cif,./U3Si5/194/xtal_44.cif,-69.096466,-53.060745
xtal_45.cif,./U3Si5/194/xtal_45.cif,-7.304441,106.09154
xtal_49.cif,./U3Si5/194/xtal_49.cif,-37.598743,103.624985
xtal_53.cif,./U3Si5/194/xtal_53.cif,-56.691204,84.544685
xtal_58.cif,./U3Si5/194/xtal_58.cif,16.740833,-68.26224
xtal_59.cif,./U3Si5/194/xtal_59.cif,-84.46566,55.44228
xtal_60.cif,./U3Si5/194/xtal_60.cif,75.29843,-51.88372
xtal_61.cif,./U3Si5/194/xtal_61.cif,-75.828285,-62.36178
xtal_63.cif,./U3Si5/194/xtal_63.cif,-66.52756,37.367577
xtal_65.cif,./U3Si5/194/xtal_65.cif,43.051315,10.895396
xtal_66.cif,./U3Si5/194/xtal_66.cif,-82.42776,28.280813
xtal_68.cif,./U3Si5/194/xtal_68.cif,-38.29962,2.3723106
xtal_70.cif,./U3Si5/194/xtal_70.cif,-69.7972,-9.105453
xtal_71.cif,./U3Si5/194/xtal_71.cif,-43.42244,-73.85537
xtal_72.cif,./U3Si5/194/xtal_72.cif,-22.869701,94.05535
xtal_73.cif,./U3Si5/194/xtal_73.cif,-86.34878,-30.527111
xtal_74.cif,./U3Si5/194/xtal_74.cif,-1.7910324,89.54224
xtal_76.cif,./U3Si5/194/xtal_76.cif,-16.55106,45.2448
xtal_77.cif,./U3Si5/194/xtal_77.cif,-71.0278,59.477146
xtal_82.cif,./U3Si5/194/xtal_82.cif,-29.170525,107.4722
xtal_84.cif,./U3Si5/194/xtal_84.cif,35.826973,-19.12548
xtal_85.cif,./U3Si5/194/xtal_85.cif,46.598965,-29.070822
xtal_88.cif,./U3Si5/194/xtal_88.cif,9.094042,60.31802
xtal_89.cif,./U3Si5/194/xtal_89.cif,-19.051771,49.53677
xtal_9.cif,./U3Si5/194/xtal_9.cif,31.424294,-80.15163
xtal_90.cif,./U3Si5/194/xtal_90.cif,78.29043,15.700754
xtal_92.cif,./U3Si5/194/xtal_92.cif,76.52949,-77.25962
xtal_93.cif,./U3Si5/194/xtal_93.cif,17.410275,16.78306
xtal_94.cif,./U3Si5/194/xtal_94.cif,12.243488,-30.265375
xtal_96.cif,./U3Si5/194/xtal_96.cif,12.4774275,-48.571236
xtal_99.cif,./U3Si5/194/xtal_99.cif,-93.4088,0.5961018
xtal_1.cif,./U3Si5/195/xtal_1.cif,-31.546207,-23.626564
xtal_10.cif,./U3Si5/195/xtal_10.cif,-35.642582,106.63303
xtal_11.cif,./U3Si5/195/xtal_11.cif,-50.280437,94.08926
xtal_12.cif,./U3Si5/195/xtal_12.cif,20.970089,-96.22343
xtal_13.cif,./U3Si5/195/xtal_13.cif,11.670509,28.15428
xtal_14.cif,./U3Si5/195/xtal_14.cif,77.36553,-63.976826
xtal_15.cif,./U3Si5/195/xtal_15.cif,-15.77401,-3.3495288
xtal_16.cif,./U3Si5/195/xtal_16.cif,-34.473537,96.297516
xtal_17.cif,./U3Si5/195/xtal_17.cif,56.113922,25.73766
xtal_18.cif,./U3Si5/195/xtal_18.cif,-84.1378,55.35944
xtal_19.cif,./U3Si5/195/xtal_19.cif,-28.737082,-62.376057
xtal_2.cif,./U3Si5/195/xtal_2.cif,30.630716,72.82753
xtal_20.cif,./U3Si5/195/xtal_20.cif,-95.513145,-4.4713826
xtal_21.cif,./U3Si5/195/xtal_21.cif,-40.904564,60.228905
xtal_22.cif,./U3Si5/195/xtal_22.cif,-18.549473,-21.117275
xtal_23.cif,./U3Si5/195/xtal_23.cif,23.691275,-93.366234
xtal_25.cif,./U3Si5/195/xtal_25.cif,8.787987,32.470722
xtal_26.cif,./U3Si5/195/xtal_26.cif,79.20525,-68.45437
xtal_27.cif,./U3Si5/195/xtal_27.cif,-15.776456,-3.3467135
xtal_28.cif,./U3Si5/195/xtal_28.cif,4.864505,-84.086426
xtal_29.cif,./U3Si5/195/xtal_29.cif,-74.672585,57.406662
xtal_30.cif,./U3Si5/195/xtal_30.cif,-30.323385,-25.840738
xtal_31.cif,./U3Si5/195/xtal_31.cif,-31.343811,-23.988918
xtal_33.cif,./U3Si5/195/xtal_33.cif,-70.00006,74.03182
xtal_34.cif,./U3Si5/195/xtal_34.cif,21.269806,10.933413
xtal_35.cif,./U3Si5/195/xtal_35.cif,-77.384674,-14.398473
xtal_36.cif,./U3Si5/195/xtal_36.cif,23.683388,-93.3608
xtal_37.cif,./U3Si5/195/xtal_37.cif,33.224346,14.693827
xtal_38.cif,./U3Si5/195/xtal_38.cif,-77.53644,-14.092428
xtal_4.cif,./U3Si5/195/xtal_4.cif,32.998825,-91.331184
xtal_41.cif,./U3Si5/195/xtal_41.cif,32.941357,14.175944
xtal_42.cif,./U3Si5/195/xtal_42.cif,-19.240814,106.57183
xtal_43.cif,./U3Si5/195/xtal_43.cif,-97.80798,34.851883
xtal_44.cif,./U3Si5/195/xtal_44.cif,47.980495,-60.28236
xtal_45.cif,./U3Si5/195/xtal_45.cif,-54.608208,-68.0758
xtal_46.cif,./U3Si5/195/xtal_46.cif,9.911546,-20.226065
xtal_47.cif,./U3Si5/195/xtal_47.cif,-9.707384,94.201775
xtal_48.cif,./U3Si5/195/xtal_48.cif,-33.598583,53.254482
xtal_5.cif,./U3Si5/195/xtal_5.cif,84.434456,-44.855305
xtal_50.cif,./U3Si5/195/xtal_50.cif,33.31077,14.850734
xtal_51.cif,./U3Si5/195/xtal_51.cif,9.252649,50.135593
xtal_52.cif,./U3Si5/195/xtal_52.cif,18.207193,-0.88270766
xtal_53.cif,./U3Si5/195/xtal_53.cif,6.006642,33.157856
xtal_54.cif,./U3Si5/195/xtal_54.cif,-0.24592902,48.61822
xtal_55.cif,./U3Si5/195/xtal_55.cif,62.073486,-72.51826
xtal_56.cif,./U3Si5/195/xtal_56.cif,46.269005,5.9166565
xtal_57.cif,./U3Si5/195/xtal_57.cif,-92.76587,29.05749
xtal_58.cif,./U3Si5/195/xtal_58.cif,2.8901048,-16.786184
xtal_59.cif,./U3Si5/195/xtal_59.cif,-17.555473,19.7657
xtal_6.cif,./U3Si5/195/xtal_6.cif,-59.218678,-67.6963
xtal_60.cif,./U3Si5/195/xtal_60.cif,-62.715294,69.65915
xtal_61.cif,./U3Si5/195/xtal_61.cif,32.46356,-80.76449
xtal_62.cif,./U3Si5/195/xtal_62.cif,-6.4923477,-92.13469
xtal_63.cif,./U3Si5/195/xtal_63.cif,-49.65367,-79.537605
xtal_65.cif,./U3Si5/195/xtal_65.cif,-118.099144,13.587128
xtal_67.cif,./U3Si5/195/xtal_67.cif,-56.955414,-25.163122
xtal_69.cif,./U3Si5/195/xtal_69.cif,-34.412163,96.39235
xtal_7.cif,./U3Si5/195/xtal_7.cif,77.80517,-56.012417
xtal_71.cif,./U3Si5/195/xtal_71.cif,13.060345,-100.30277
xtal_72.cif,./U3Si5/195/xtal_72.cif,14.587588,-3.4388409
xtal_74.cif,./U3Si5/195/xtal_74.cif,-73.271034,10.434185
xtal_75.cif,./U3Si5/195/xtal_75.cif,-24.03276,119.8111
xtal_78.cif,./U3Si5/195/xtal_78.cif,45.147415,-55.11725
xtal_79.cif,./U3Si5/195/xtal_79.cif,33.171936,14.601859
xtal_80.cif,./U3Si5/195/xtal_80.cif,-55.829002,64.74298
xtal_81.cif,./U3Si5/195/xtal_81.cif,-56.05161,68.67856
xtal_82.cif,./U3Si5/195/xtal_82.cif,33.182476,14.619725
xtal_84.cif,./U3Si5/195/xtal_84.cif,26.533422,21.474636
xtal_85.cif,./U3Si5/195/xtal_85.cif,77.78198,-55.87843
xtal_86.cif,./U3Si5/195/xtal_86.cif,29.60191,-71.63424
xtal_87.cif,./U3Si5/195/xtal_87.cif,5.9557095,32.85675
xtal_88.cif,./U3Si5/195/xtal_88.cif,-28.75927,-62.36253
xtal_89.cif,./U3Si5/195/xtal_89.cif,-63.01996,68.75274
xtal_9.cif,./U3Si5/195/xtal_9.cif,-67.49684,67.15595
xtal_90.cif,./U3Si5/195/xtal_90.cif,9.115182,40.21224
xtal_91.cif,./U3Si5/195/xtal_91.cif,-34.141922,-84.72028
xtal_92.cif,./U3Si5/195/xtal_92.cif,13.880356,-101.053795
xtal_93.cif,./U3Si5/195/xtal_93.cif,-29.902605,-26.625118
xtal_94.cif,./U3Si5/195/xtal_94.cif,-98.55446,0.6256521
xtal_95.cif,./U3Si5/195/xtal_95.cif,-77.47582,-14.205308
xtal_96.cif,./U3Si5/195/xtal_96.cif,32.62053,13.476864
xtal_98.cif,./U3Si5/195/xtal_98.cif,52.810905,-78.569
xtal_99.cif,./U3Si5/195/xtal_99.cif,2.6874084,-14.782821
xtal_1.cif,./U3Si5/197/xtal_1.cif,-79.35811,73.00476
xtal_10.cif,./U3Si5/197/xtal_10.cif,-94.914,52.255634
xtal_100.cif,./U3Si5/197/xtal_100.cif,-22.343052,120.98491
xtal_11.cif,./U3Si5/197/xtal_11.cif,-115.55314,33.712685
xtal_16.cif,./U3Si5/197/xtal_16.cif,-62.799953,99.20153
xtal_18.cif,./U3Si5/197/xtal_18.cif,-79.141624,73.22657
xtal_19.cif,./U3Si5/197/xtal_19.cif,-106.07985,10.704518
xtal_2.cif,./U3Si5/197/xtal_2.cif,-79.102905,73.260704
xtal_21.cif,./U3Si5/197/xtal_21.cif,-38.032986,111.539055
xtal_23.cif,./U3Si5/197/xtal_23.cif,-105.764755,9.90453
xtal_24.cif,./U3Si5/197/xtal_24.cif,-115.65935,7.4087543
xtal_28.cif,./U3Si5/197/xtal_28.cif,-82.52701,-37.431934
xtal_3.cif,./U3Si5/197/xtal_3.cif,-72.041504,83.54635
xtal_32.cif,./U3Si5/197/xtal_32.cif,-69.02767,-54.062412
xtal_33.cif,./U3Si5/197/xtal_33.cif,-63.590355,97.93471
xtal_34.cif,./U3Si5/197/xtal_34.cif,-66.506874,94.67261
xtal_35.cif,./U3Si5/197/xtal_35.cif,-25.430298,-77.23023
xtal_36.cif,./U3Si5/197/xtal_36.cif,-72.230484,83.31481
xtal_37.cif,./U3Si5/197/xtal_37.cif,-86.83462,-17.209946
xtal_38.cif,./U3Si5/197/xtal_38.cif,-86.79836,-17.353561
xtal_39.cif,./U3Si5/197/xtal_39.cif,-61.55169,101.35842
xtal_40.cif,./U3Si5/197/xtal_40.cif,-94.24412,53.49756
xtal_42.cif,./U3Si5/197/xtal_42.cif,-61.798367,-62.73024
xtal_44.cif,./U3Si5/197/xtal_44.cif,-59.553032,-64.27266
xtal_45.cif,./U3Si5/197/xtal_45.cif,13.629665,-80.11894
xtal_46.cif,./U3Si5/197/xtal_46.cif,-95.49872,50.07653
xtal_49.cif,./U3Si5/197/xtal_49.cif,-106.09577,10.783474
xtal_50.cif,./U3Si5/197/xtal_50.cif,-24.970486,-77.58114
xtal_52.cif,./U3Si5/197/xtal_52.cif,-82.47448,-37.769726
xtal_53.cif,./U3Si5/197/xtal_53.cif,-72.46145,83.06552
xtal_55.cif,./U3Si5/197/xtal_55.cif,-105.26144,9.0433235
xtal_57.cif,./U3Si5/197/xtal_57.cif,-69.03205,-54.060627
xtal_6.cif,./U3Si5/197/xtal_6.cif,-94.39868,53.213657
xtal_60.cif,./U3Si5/197/xtal_60.cif,-23.120735,-78.7828
xtal_62.cif,./U3Si5/197/xtal_62.cif,-69.15087,-53.6532
xtal_64.cif,./U3Si5/197/xtal_64.cif,-69.04488,-54.127155
xtal_65.cif,./U3Si5/197/xtal_65.cif,-78.25842,74.100624
xtal_66.cif,./U3Si5/197/xtal_66.cif,-23.634651,-78.50901
xtal_7.cif,./U3Si5/197/xtal_7.cif,-61.660122,100.917496
xtal_70.cif,./U3Si5/197/xtal_70.cif,-61.660965,-62.9049
xtal_71.cif,./U3Si5/197/xtal_71.cif,-94.27114,53.43768
xtal_72.cif,./U3Si5/197/xtal_72.cif,-103.58493,5.657355
xtal_73.cif,./U3Si5/197/xtal_73.cif,-66.34307,95.7203
xtal_75.cif,./U3Si5/197/xtal_75.cif,8.13421,110.33074
xtal_78.cif,./U3Si5/197/xtal_78.cif,-27.908726,117.34576
xtal_8.cif,./U3Si5/197/xtal_8.cif,-105.3086,9.113373
xtal_80.cif,./U3Si5/197/xtal_80.cif,-105.53428,9.489079
xtal_81.cif,./U3Si5/197/xtal_81.cif,-85.14307,-19.497084
xtal_85.cif,./U3Si5/197/xtal_85.cif,-103.51767,5.4687266
xtal_87.cif,./U3Si5/197/xtal_87.cif,-78.96574,73.40122
xtal_88.cif,./U3Si5/197/xtal_88.cif,-106.03803,10.550889
xtal_89.cif,./U3Si5/197/xtal_89.cif,-104.398895,7.397765
xtal_93.cif,./U3Si5/197/xtal_93.cif,-79.00034,73.35634
xtal_95.cif,./U3Si5/197/xtal_95.cif,-103.65681,5.822644
xtal_96.cif,./U3Si5/197/xtal_96.cif,-38.292877,111.52261
xtal_97.cif,./U3Si5/197/xtal_97.cif,-37.064053,112.0651
xtal_99.cif,./U3Si5/197/xtal_99.cif,-59.961163,-63.74118
xtal_10.cif,./U3Si5/200/xtal_10.cif,-115.83527,33.193375
xtal_11.cif,./U3Si5/200/xtal_11.cif,-83.21494,-42.64518
xtal_12.cif,./U3Si5/200/xtal_12.cif,-39.282948,34.46236
xtal_13.cif,./U3Si5/200/xtal_13.cif,13.686547,-100.04104
xtal_14.cif,./U3Si5/200/xtal_14.cif,-94.72652,39.23759
xtal_15.cif,./U3Si5/200/xtal_15.cif,-93.2765,-32.941814
xtal_16.cif,./U3Si5/200/xtal_16.cif,-71.69231,-34.521446
xtal_17.cif,./U3Si5/200/xtal_17.cif,-6.616311,-61.78639
xtal_18.cif,./U3Si5/200/xtal_18.cif,-50.273945,94.15805
xtal_2.cif,./U3Si5/200/xtal_2.cif,-100.69353,62.301987
xtal_20.cif,./U3Si5/200/xtal_20.cif,-82.592705,39.946236
xtal_21.cif,./U3Si5/200/xtal_21.cif,-2.3889878,-84.39953
xtal_22.cif,./U3Si5/200/xtal_22.cif,-30.778908,-24.997202
xtal_24.cif,./U3Si5/200/xtal_24.cif,-0.679972,86.330925
xtal_25.cif,./U3Si5/200/xtal_25.cif,-117.6945,14.920328
xtal_26.cif,./U3Si5/200/xtal_26.cif,-59.60386,-67.90652
xtal_3.cif,./U3Si5/200/xtal_3.cif,-35.537952,-81.651115
xtal_31.cif,./U3Si5/200/xtal_31.cif,-72.93693,72.09252
xtal_33.cif,./U3Si5/200/xtal_33.cif,-24.657541,119.33672
xtal_34.cif,./U3Si5/200/xtal_34.cif,-92.9195,22.313585
xtal_35.cif,./U3Si5/200/xtal_35.cif,-47.54163,98.36415
xtal_37.cif,./U3Si5/200/xtal_37.cif,-11.6635,-99.61765
xtal_38.cif,./U3Si5/200/xtal_38.cif,-11.715519,-102.81376
xtal_39.cif,./U3Si5/200/xtal_39.cif,-80.23835,-25.511269
xtal_4.cif,./U3Si5/200/xtal_4.cif,-9.81938,112.927025
xtal_40.cif,./U3Si5/200/xtal_40.cif,-94.80353,-18.765808
xtal_42.cif,./U3Si5/200/xtal_42.cif,-9.347159,-65.30059
xtal_43.cif,./U3Si5/200/xtal_43.cif,-35.4871,-81.653145
xtal_45.cif,./U3Si5/200/xtal_45.cif,-32.00754,-96.58186
xtal_47.cif,./U3Si5/200/xtal_47.cif,-65.82877,81.40007
xtal_48.cif,./U3Si5/200/xtal_48.cif,-83.17995,-43.093315
xtal_50.cif,./U3Si5/200/xtal_50.cif,54.350708,-40.580566
xtal_51.cif,./U3Si5/200/xtal_51.cif,2.5938933,107.980965
xtal_52.cif,./U3Si5/200/xtal_52.cif,-101.88229,19.880295
xtal_53.cif,./U3Si5/200/xtal_53.cif,-102.36111,19.93232
xtal_54.cif,./U3Si5/200/xtal_54.cif,-78.665276,-62.224903
xtal_56.cif,./U3Si5/200/xtal_56.cif,-69.57019,92.62174
xtal_58.cif,./U3Si5/200/xtal_58.cif,-27.332644,-80.15853
xtal_59.cif,./U3Si5/200/xtal_59.cif,-62.25221,-66.46816
xtal_6.cif,./U3Si5/200/xtal_6.cif,-87.93026,51.672176
xtal_60.cif,./U3Si5/200/xtal_60.cif,-7.494339,-86.532845
xtal_61.cif,./U3Si5/200/xtal_61.cif,-73.48477,-30.55725
xtal_64.cif,./U3Si5/200/xtal_64.cif,-92.496666,4.2447214
xtal_65.cif,./U3Si5/200/xtal_65.cif,-89.980545,47.77313
xtal_66.cif,./U3Si5/200/xtal_66.cif,-95.88869,-4.5730014
xtal_67.cif,./U3Si5/200/xtal_67.cif,-94.42448,-26.002789
xtal_7.cif,./U3Si5/200/xtal_7.cif,-34.58927,107.401375
xtal_70.cif,./U3Si5/200/xtal_70.cif,11.403067,-99.60068
xtal_71.cif,./U3Si5/200/xtal_71.cif,-92.54845,-9.111763
xtal_72.cif,./U3Si5/200/xtal_72.cif,-117.17951,27.315945
xtal_74.cif,./U3Si5/200/xtal_74.cif,-81.44012,-15.964214
xtal_75.cif,./U3Si5/200/xtal_75.cif,86.07743,-43.18284
xtal_77.cif,./U3Si5/200/xtal_77.cif,13.805228,-100.06993
xtal_78.cif,./U3Si5/200/xtal_78.cif,-94.79421,39.179436
xtal_8.cif,./U3Si5/200/xtal_8.cif,-22.557331,111.7747
xtal_80.cif,./U3Si5/200/xtal_80.cif,77.5028,-63.364494
xtal_81.cif,./U3Si5/200/xtal_81.cif,-64.88216,62.56755
xtal_83.cif,./U3Si5/200/xtal_83.cif,12.124357,-99.65441
xtal_85.cif,./U3Si5/200/xtal_85.cif,-67.847664,94.77876
xtal_86.cif,./U3Si5/200/xtal_86.cif,-26.059725,-74.23505
xtal_87.cif,./U3Si5/200/xtal_87.cif,-84.083336,80.950905
xtal_88.cif,./U3Si5/200/xtal_88.cif,-99.416626,28.72755
xtal_89.cif,./U3Si5/200/xtal_89.cif,-38.21989,100.97248
xtal_9.cif,./U3Si5/200/xtal_9.cif,-89.15851,-12.154131
xtal_91.cif,./U3Si5/200/xtal_91.cif,-65.87076,81.319305
xtal_93.cif,./U3Si5/200/xtal_93.cif,-73.76421,70.921745
xtal_94.cif,./U3Si5/200/xtal_94.cif,-25.61442,-73.961555
xtal_95.cif,./U3Si5/200/xtal_95.cif,-93.99521,5.74464
xtal_96.cif,./U3Si5/200/xtal_96.cif,-63.71318,-64.57738
xtal_97.cif,./U3Si5/200/xtal_97.cif,-50.179184,94.5197
xtal_98.cif,./U3Si5/200/xtal_98.cif,-89.39205,-12.203054
xtal_14.cif,./U3Si5/201/xtal_14.cif,-32.64779,-55.241753
xtal_19.cif,./U3Si5/201/xtal_19.cif,-20.21657,-69.37669
xtal_2.cif,./U3Si5/201/xtal_2.cif,-55.521286,-13.124668
xtal_21.cif,./U3Si5/201/xtal_21.cif,-32.55586,-55.530617
xtal_22.cif,./U3Si5/201/xtal_22.cif,-20.17388,-69.42589
xtal_24.cif,./U3Si5/201/xtal_24.cif,9.3271265,-92.106346
xtal_25.cif,./U3Si5/201/xtal_25.cif,8.49434,109.97207
xtal_27.cif,./U3Si5/201/xtal_27.cif,-30.315771,75.88207
xtal_30.cif,./U3Si5/201/xtal_30.cif,-53.799088,25.22224
xtal_31.cif,./U3Si5/201/xtal_31.cif,-104.81976,-12.7420635
xtal_32.cif,./U3Si5/201/xtal_32.cif,-18.513857,-70.69116
xtal_33.cif,./U3Si5/201/xtal_33.cif,-53.607758,26.196484
xtal_34.cif,./U3Si5/201/xtal_34.cif,-43.2074,57.196503
xtal_38.cif,./U3Si5/201/xtal_38.cif,-42.931423,57.52843
xtal_4.cif,./U3Si5/201/xtal_4.cif,8.51378,-75.539085
xtal_40.cif,./U3Si5/201/xtal_40.cif,-18.09833,-70.962006
xtal_45.cif,./U3Si5/201/xtal_45.cif,4.547245,95.3492
xtal_5.cif,./U3Si5/201/xtal_5.cif,-28.81906,77.78532
xtal_55.cif,./U3Si5/201/xtal_55.cif,-37.69779,111.81258
xtal_56.cif,./U3Si5/201/xtal_56.cif,1.8584118,115.93664
xtal_61.cif,./U3Si5/201/xtal_61.cif,-61.14556,0.64952993
xtal_62.cif,./U3Si5/201/xtal_62.cif,-32.61,-55.369194
xtal_64.cif,./U3Si5/201/xtal_64.cif,-32.485146,-55.73009
xtal_65.cif,./U3Si5/201/xtal_65.cif,-26.23893,78.948235
xtal_69.cif,./U3Si5/201/xtal_69.cif,5.7811527,94.96552
xtal_7.cif,./U3Si5/201/xtal_7.cif,-68.556145,-80.49677
xtal_71.cif,./U3Si5/201/xtal_71.cif,-28.698507,77.87646
xtal_72.cif,./U3Si5/201/xtal_72.cif,-32.75443,-54.89388
xtal_73.cif,./U3Si5/201/xtal_73.cif,-53.74144,25.419872
xtal_75.cif,./U3Si5/201/xtal_75.cif,-61.358673,-1.2468402
xtal_76.cif,./U3Si5/201/xtal_76.cif,-54.633083,35.420284
xtal_77.cif,./U3Si5/201/xtal_77.cif,-111.51187,0.59717786
xtal_79.cif,./U3Si5/201/xtal_79.cif,-104.02507,-14.794849
xtal_8.cif,./U3Si5/201/xtal_8.cif,-61.22635,-0.831936
xtal_81.cif,./U3Si5/201/xtal_81.cif,-80.338554,83.76304
xtal_84.cif,./U3Si5/201/xtal_84.cif,-63.15398,-83.46982
xtal_87.cif,./U3Si5/201/xtal_87.cif,-54.606983,35.516697
xtal_89.cif,./U3Si5/201/xtal_89.cif,-61.122593,0.51876193
xtal_91.cif,./U3Si5/201/xtal_91.cif,-53.21987,27.344336
xtal_94.cif,./U3Si5/201/xtal_94.cif,-31.97509,-56.870598
xtal_95.cif,./U3Si5/201/xtal_95.cif,-17.775526,-71.157616
xtal_97.cif,./U3Si5/201/xtal_97.cif,-62.772034,100.53707
xtal_98.cif,./U3Si5/201/xtal_98.cif,-32.11801,-56.618748
xtal_1.cif,./U3Si5/204/xtal_1.cif,-94.09448,-34.91107
xtal_10.cif,./U3Si5/204/xtal_10.cif,-99.4384,-21.274057
xtal_100.cif,./U3Si5/204/xtal_100.cif,-116.712456,10.33507
xtal_11.cif,./U3Si5/204/xtal_11.cif,-100.950775,-19.597694
xtal_12.cif,./U3Si5/204/xtal_12.cif,1.707268,116.130974
xtal_13.cif,./U3Si5/204/xtal_13.cif,-42.93884,-96.80403
xtal_16.cif,./U3Si5/204/xtal_16.cif,-107.28691,-4.5682454
xtal_18.cif,./U3Si5/204/xtal_18.cif,-116.52427,9.745414
xtal_19.cif,./U3Si5/204/xtal_19.cif,-61.95548,-84.03502
xtal_2.cif,./U3Si5/204/xtal_2.cif,-88.24269,77.32586
xtal_20.cif,./U3Si5/204/xtal_20.cif,-49.831867,-92.515076
xtal_21.cif,./U3Si5/204/xtal_21.cif,-95.233154,-39.301918
xtal_22.cif,./U3Si5/204/xtal_22.cif,-93.29915,-50.4975
xtal_23.cif,./U3Si5/204/xtal_23.cif,-81.69791,-67.42582
xtal_24.cif,./U3Si5/204/xtal_24.cif,-94.04786,-33.247795
xtal_25.cif,./U3Si5/204/xtal_25.cif,-71.15766,90.657684
xtal_26.cif,./U3Si5/204/xtal_26.cif,-95.46704,-43.18209
xtal_27.cif,./U3Si5/204/xtal_27.cif,-31.489893,-101.12064
xtal_28.cif,./U3Si5/204/xtal_28.cif,-94.63446,-48.283768
xtal_29.cif,./U3Si5/204/xtal_29.cif,-115.29974,35.535408
xtal_3.cif,./U3Si5/204/xtal_3.cif,-46.3329,-94.92367
xtal_31.cif,./U3Si5/204/xtal_31.cif,-116.07966,8.458865
xtal_32.cif,./U3Si5/204/xtal_32.cif,-114.74557,37.7092
xtal_33.cif,./U3Si5/204/xtal_33.cif,-66.3485,-81.90298
xtal_34.cif,./U3Si5/204/xtal_34.cif,-58.85942,-85.55031
xtal_35.cif,./U3Si5/204/xtal_35.cif,-43.13663,-96.71694
xtal_36.cif,./U3Si5/204/xtal_36.cif,-83.03939,-61.928467
xtal_37.cif,./U3Si5/204/xtal_37.cif,-95.47717,-43.69761
xtal_38.cif,./U3Si5/204/xtal_38.cif,-78.34088,-71.62864
xtal_39.cif,./U3Si5/204/xtal_39.cif,-33.259342,-100.40737
xtal_4.cif,./U3Si5/204/xtal_4.cif,-106.94468,-5.3236217
xtal_40.cif,./U3Si5/204/xtal_40.cif,-70.46514,91.51762
xtal_41.cif,./U3Si5/204/xtal_41.cif,-100.163086,63.140305
xtal_43.cif,./U3Si5/204/xtal_43.cif,-101.17686,-19.34698
xtal_44.cif,./U3Si5/204/xtal_44.cif,-77.728065,85.45906
xtal_45.cif,./U3Si5/204/xtal_45.cif,-32.842472,-100.57016
xtal_46.cif,./U3Si5/204/xtal_46.cif,1.0899646,116.99818
xtal_47.cif,./U3Si5/204/xtal_47.cif,-97.15551,-24.767065
xtal_48.cif,./U3Si5/204/xtal_48.cif,-109.23996,-2.0752122
xtal_49.cif,./U3Si5/204/xtal_49.cif,-114.83891,37.320255
xtal_5.cif,./U3Si5/204/xtal_5.cif,-106.25434,-7.3908596
xtal_51.cif,./U3Si5/204/xtal_51.cif,-85.866356,-57.525185
xtal_52.cif,./U3Si5/204/xtal_52.cif,-102.13248,-18.085182
xtal_53.cif,./U3Si5/204/xtal_53.cif,-70.4083,91.60107
xtal_54.cif,./U3Si5/204/xtal_54.cif,-110.50632,-0.63234127
xtal_55.cif,./U3Si5/204/xtal_55.cif,-38.74587,-98.39162
xtal_56.cif,./U3Si5/204/xtal_56.cif,-115.806244,33.330948
xtal_57.cif,./U3Si5/204/xtal_57.cif,-115.79453,7.721068
xtal_58.cif,./U3Si5/204/xtal_58.cif,-94.94371,-37.898987
xtal_59.cif,./U3Si5/204/xtal_59.cif,-51.08132,-91.50694
xtal_6.cif,./U3Si5/204/xtal_6.cif,-95.015366,-38.17586
xtal_60.cif,./U3Si5/204/xtal_60.cif,-78.52126,-71.403725
xtal_61.cif,./U3Si5/204/xtal_61.cif,-63.361233,99.92186
xtal_62.cif,./U3Si5/204/xtal_62.cif,-94.40233,-48.863346
xtal_63.cif,./U3Si5/204/xtal_63.cif,-108.29453,-3.1720796
xtal_64.cif,./U3Si5/204/xtal_64.cif,-68.35905,-80.62029
xtal_65.cif,./U3Si5/204/xtal_65.cif,8.58265,109.8742
xtal_66.cif,./U3Si5/204/xtal_66.cif,-81.61516,82.88004
xtal_67.cif,./U3Si5/204/xtal_67.cif,-81.834816,-67.23516
xtal_68.cif,./U3Si5/204/xtal_68.cif,-99.87396,63.607723
xtal_69.cif,./U3Si5/204/xtal_69.cif,-37.90876,-98.789154
xtal_7.cif,./U3Si5/204/xtal_7.cif,-117.604256,14.356166
xtal_70.cif,./U3Si5/204/xtal_70.cif,-62.61113,100.72094
xtal_71.cif,./U3Si5/204/xtal_71.cif,-28.421692,117.09708
xtal_72.cif,./U3Si5/204/xtal_72.cif,-57.830494,-86.127174
xtal_73.cif,./U3Si5/204/xtal_73.cif,-81.115974,-68.17445
xtal_74.cif,./U3Si5/204/xtal_74.cif,-53.54057,-89.32696
xtal_75.cif,./U3Si5/204/xtal_75.cif,-81.60138,-67.54398
xtal_76.cif,./U3Si5/204/xtal_76.cif,-97.17799,-24.727669
xtal_78.cif,./U3Si5/204/xtal_78.cif,-73.943115,-76.67726
xtal_79.cif,./U3Si5/204/xtal_79.cif,-94.03323,-49.459206
xtal_8.cif,./U3Si5/204/xtal_8.cif,-94.899925,-29.420027
xtal_80.cif,./U3Si5/204/xtal_80.cif,-25.729115,118.624756
xtal_81.cif,./U3Si5/204/xtal_81.cif,-57.271194,-86.48671
xtal_82.cif,./U3Si5/204/xtal_82.cif,-33.728134,-100.26741
xtal_84.cif,./U3Si5/204/xtal_84.cif,-85.688705,-57.685898
xtal_85.cif,./U3Si5/204/xtal_85.cif,-86.07366,-57.349987
xtal_86.cif,./U3Si5/204/xtal_86.cif,-117.53864,14.076825
xtal_89.cif,./U3Si5/204/xtal_89.cif,-82.950676,81.88345
xtal_9.cif,./U3Si5/204/xtal_9.cif,-43.683815,-96.44874
xtal_90.cif,./U3Si5/204/xtal_90.cif,-71.69946,-78.32685
xtal_92.cif,./U3Si5/204/xtal_92.cif,-22.920494,120.644905
xtal_95.cif,./U3Si5/204/xtal_95.cif,-95.148224,-38.78909
xtal_96.cif,./U3Si5/204/xtal_96.cif,-102.47718,59.70113
xtal_97.cif,./U3Si5/204/xtal_97.cif,7.815289,110.62493
xtal_98.cif,./U3Si5/204/xtal_98.cif,-39.98083,-97.92331
xtal_1.cif,./U3Si5/207/xtal_1.cif,-45.42957,88.12188
xtal_10.cif,./U3Si5/207/xtal_10.cif,-91.18144,-19.385979
xtal_11.cif,./U3Si5/207/xtal_11.cif,57.409496,28.275194
xtal_12.cif,./U3Si5/207/xtal_12.cif,-3.6632466,-88.40471
xtal_13.cif,./U3Si5/207/xtal_13.cif,-90.96575,39.505352
xtal_14.cif,./U3Si5/207/xtal_14.cif,45.123795,-55.215878
xtal_15.cif,./U3Si5/207/xtal_15.cif,-28.444155,-29.714373
xtal_16.cif,./U3Si5/207/xtal_16.cif,-33.181072,-20.875767
xtal_17.cif,./U3Si5/207/xtal_17.cif,-48.89213,-85.46041
xtal_18.cif,./U3Si5/207/xtal_18.cif,-91.31011,-12.302451
xtal_19.cif,./U3Si5/207/xtal_19.cif,-39.16575,-94.94799
xtal_2.cif,./U3Si5/207/xtal_2.cif,-90.77194,39.825886
xtal_20.cif,./U3Si5/207/xtal_20.cif,-28.533552,-29.50787
xtal_23.cif,./U3Si5/207/xtal_23.cif,-45.454723,87.54118
xtal_24.cif,./U3Si5/207/xtal_24.cif,-54.16229,-78.7581
xtal_25.cif,./U3Si5/207/xtal_25.cif,-83.999695,-40.738422
xtal_27.cif,./U3Si5/207/xtal_27.cif,72.7519,-75.702515
xtal_28.cif,./U3Si5/207/xtal_28.cif,-100.49894,19.777529
xtal_29.cif,./U3Si5/207/xtal_29.cif,-15.249356,8.757982
xtal_3.cif,./U3Si5/207/xtal_3.cif,-25.437538,-73.8721
xtal_30.cif,./U3Si5/207/xtal_30.cif,-33.107555,-95.05968
xtal_31.cif,./U3Si5/207/xtal_31.cif,-115.65454,10.731129
xtal_32.cif,./U3Si5/207/xtal_32.cif,-35.819942,-92.05647
xtal_33.cif,./U3Si5/207/xtal_33.cif,-30.743595,-25.065098
xtal_34.cif,./U3Si5/207/xtal_34.cif,-65.18157,97.81153
xtal_35.cif,./U3Si5/207/xtal_35.cif,-104.48646,-5.2045135
xtal_36.cif,./U3Si5/207/xtal_36.cif,-30.848276,-101.220314
xtal_39.cif,./U3Si5/207/xtal_39.cif,-50.66199,-68.84192
xtal_4.cif,./U3Si5/207/xtal_4.cif,-66.93318,48.457317
xtal_40.cif,./U3Si5/207/xtal_40.cif,-81.37764,63.25633
xtal_41.cif,./U3Si5/207/xtal_41.cif,-8.613713,-76.86026
xtal_42.cif,./U3Si5/207/xtal_42.cif,-53.74828,-60.63474
xtal_43.cif,./U3Si5/207/xtal_43.cif,27.179272,-102.50781
xtal_44.cif,./U3Si5/207/xtal_44.cif,-95.351746,-20.935373
xtal_45.cif,./U3Si5/207/xtal_45.cif,-62.31247,-69.40493
xtal_47.cif,./U3Si5/207/xtal_47.cif,95.2147,-15.915835
xtal_48.cif,./U3Si5/207/xtal_48.cif,-94.946045,-4.2546525
xtal_49.cif,./U3Si5/207/xtal_49.cif,-6.7247667,113.86312
xtal_5.cif,./U3Si5/207/xtal_5.cif,76.45287,-51.84007
xtal_50.cif,./U3Si5/207/xtal_50.cif,-100.273605,19.84138
xtal_51.cif,./U3Si5/207/xtal_51.cif,-90.20517,47.19433
xtal_52.cif,./U3Si5/207/xtal_52.cif,-16.961582,-93.41216
xtal_54.cif,./U3Si5/207/xtal_54.cif,-76.5533,-62.617367
xtal_55.cif,./U3Si5/207/xtal_55.cif,-22.652842,-99.913574
xtal_56.cif,./U3Si5/207/xtal_56.cif,-83.19246,-42.852947
xtal_57.cif,./U3Si5/207/xtal_57.cif,19.504593,-102.30518
xtal_58.cif,./U3Si5/207/xtal_58.cif,-95.57909,-19.867188
xtal_6.cif,./U3Si5/207/xtal_6.cif,6.028354,-93.56978
xtal_60.cif,./U3Si5/207/xtal_60.cif,-97.499435,29.866102
xtal_61.cif,./U3Si5/207/xtal_61.cif,-50.492565,93.238266
xtal_62.cif,./U3Si5/207/xtal_62.cif,-80.25024,-25.461973
xtal_63.cif,./U3Si5/207/xtal_63.cif,-109.479805,-1.8034614
xtal_64.cif,./U3Si5/207/xtal_64.cif,-62.247845,-69.40824
xtal_65.cif,./U3Si5/207/xtal_65.cif,75.970604,-51.291157
xtal_67.cif,./U3Si5/207/xtal_67.cif,28.178442,-105.185585
xtal_68.cif,./U3Si5/207/xtal_68.cif,-59.74695,-67.898766
xtal_69.cif,./U3Si5/207/xtal_69.cif,-72.74821,-31.78451
xtal_7.cif,./U3Si5/207/xtal_7.cif,-11.570023,-103.38193
xtal_70.cif,./U3Si5/207/xtal_70.cif,-65.20681,82.37399
xtal_72.cif,./U3Si5/207/xtal_72.cif,-35.133224,-92.4874
xtal_73.cif,./U3Si5/207/xtal_73.cif,-6.487022,-78.22702
xtal_74.cif,./U3Si5/207/xtal_74.cif,105.8223,-17.962011
xtal_75.cif,./U3Si5/207/xtal_75.cif,-35.801323,-92.26036
xtal_77.cif,./U3Si5/207/xtal_77.cif,-31.327095,-24.013847
xtal_78.cif,./U3Si5/207/xtal_78.cif,-78.60587,-61.166927
xtal_79.cif,./U3Si5/207/xtal_79.cif,13.423956,-104.85917
xtal_8.cif,./U3Si5/207/xtal_8.cif,-11.684509,-102.97436
xtal_80.cif,./U3Si5/207/xtal_80.cif,-70.231,-48.921696
xtal_82.cif,./U3Si5/207/xtal_82.cif,-81.41581,-41.12326
xtal_83.cif,./U3Si5/207/xtal_83.cif,-4.456355,-74.34311
xtal_84.cif,./U3Si5/207/xtal_84.cif,-6.043819,-47.230404
xtal_85.cif,./U3Si5/207/xtal_85.cif,12.60895,-106.93448
xtal_86.cif,./U3Si5/207/xtal_86.cif,-28.943768,-28.555899
xtal_87.cif,./U3Si5/207/xtal_87.cif,-2.9525888,-45.41595
xtal_88.cif,./U3Si5/207/xtal_88.cif,-93.71225,-11.794044
xtal_89.cif,./U3Si5/207/xtal_89.cif,-11.600121,-103.2934
xtal_9.cif,./U3Si5/207/xtal_9.cif,-95.0739,-4.321876
xtal_91.cif,./U3Si5/207/xtal_91.cif,-14.670804,-102.04796
xtal_93.cif,./U3Si5/207/xtal_93.cif,-94.635284,39.339645
xtal_94.cif,./U3Si5/207/xtal_94.cif,-116.30568,9.094779
xtal_95.cif,./U3Si5/207/xtal_95.cif,-99.13243,0.98585093
xtal_96.cif,./U3Si5/207/xtal_96.cif,-38.058968,40.83453
xtal_97.cif,./U3Si5/207/xtal_97.cif,-99.87909,63.60285
xtal_99.cif,./U3Si5/207/xtal_99.cif,-97.90141,37.239487
xtal_10.cif,./U3Si5/208/xtal_10.cif,-55.19046,-13.617631
xtal_12.cif,./U3Si5/208/xtal_12.cif,12.600715,-105.142426
xtal_14.cif,./U3Si5/208/xtal_14.cif,-32.249985,102.88297
xtal_16.cif,./U3Si5/208/xtal_16.cif,-42.037228,59.25703
xtal_17.cif,./U3Si5/208/xtal_17.cif,-19.502449,-86.50042
xtal_21.cif,./U3Si5/208/xtal_21.cif,-19.92164,-69.69437
xtal_22.cif,./U3Si5/208/xtal_22.cif,-48.639095,90.64914
xtal_25.cif,./U3Si5/208/xtal_25.cif,-30.9717,-75.62887
xtal_26.cif,./U3Si5/208/xtal_26.cif,-66.769104,-48.765778
xtal_27.cif,./U3Si5/208/xtal_27.cif,-62.341064,-50.796314
xtal_29.cif,./U3Si5/208/xtal_29.cif,-17.633951,-71.24321
xtal_3.cif,./U3Si5/208/xtal_3.cif,-57.50578,1.5311525
xtal_31.cif,./U3Si5/208/xtal_31.cif,9.110989,-93.26689
xtal_32.cif,./U3Si5/208/xtal_32.cif,-39.17407,63.18542
xtal_34.cif,./U3Si5/208/xtal_34.cif,-71.69247,-62.633224
xtal_35.cif,./U3Si5/208/xtal_35.cif,-41.872036,59.47039
xtal_4.cif,./U3Si5/208/xtal_4.cif,-57.504425,1.5401725
xtal_40.cif,./U3Si5/208/xtal_40.cif,-55.525208,-13.128167
xtal_41.cif,./U3Si5/208/xtal_41.cif,-19.967394,-69.64748
xtal_42.cif,./U3Si5/208/xtal_42.cif,-102.06971,60.30567
xtal_44.cif,./U3Si5/208/xtal_44.cif,-53.920372,22.972788
xtal_46.cif,./U3Si5/208/xtal_46.cif,-61.86541,60.71602
xtal_47.cif,./U3Si5/208/xtal_47.cif,-35.98146,-59.964287
xtal_48.cif,./U3Si5/208/xtal_48.cif,-60.914997,-11.554282
xtal_5.cif,./U3Si5/208/xtal_5.cif,-27.38194,-79.42175
xtal_50.cif,./U3Si5/208/xtal_50.cif,-41.879208,59.444412
xtal_51.cif,./U3Si5/208/xtal_51.cif,-16.019432,-89.61758
xtal_52.cif,./U3Si5/208/xtal_52.cif,-35.658234,-64.064575
xtal_53.cif,./U3Si5/208/xtal_53.cif,-55.409092,-13.308742
xtal_55.cif,./U3Si5/208/xtal_55.cif,-19.223886,-86.65412
xtal_56.cif,./U3Si5/208/xtal_56.cif,-73.66246,-76.89255
xtal_58.cif,./U3Si5/208/xtal_58.cif,-24.825089,77.72054
xtal_6.cif,./U3Si5/208/xtal_6.cif,-61.237087,-11.081768
xtal_64.cif,./U3Si5/208/xtal_64.cif,-53.59046,26.314083
xtal_65.cif,./U3Si5/208/xtal_65.cif,-61.128136,-11.257747
xtal_67.cif,./U3Si5/208/xtal_67.cif,-44.276615,58.877518
xtal_69.cif,./U3Si5/208/xtal_69.cif,-11.976519,108.182915
xtal_7.cif,./U3Si5/208/xtal_7.cif,-36.166935,-59.84522
xtal_70.cif,./U3Si5/208/xtal_70.cif,-61.09622,-0.07144091
xtal_73.cif,./U3Si5/208/xtal_73.cif,-68.18154,-73.79927
xtal_75.cif,./U3Si5/208/xtal_75.cif,-51.61008,-84.81518
xtal_77.cif,./U3Si5/208/xtal_77.cif,-68.56688,48.49618
xtal_79.cif,./U3Si5/208/xtal_79.cif,-40.134766,81.546394
xtal_80.cif,./U3Si5/208/xtal_80.cif,-62.507107,-50.666924
xtal_81.cif,./U3Si5/208/xtal_81.cif,-105.58347,-10.032533
xtal_82.cif,./U3Si5/208/xtal_82.cif,-1.2072129,92.70643
xtal_83.cif,./U3Si5/208/xtal_83.cif,-28.522175,89.254974
xtal_86.cif,./U3Si5/208/xtal_86.cif,-14.186251,-103.47658
xtal_88.cif,./U3Si5/208/xtal_88.cif,-64.88247,-51.903015
xtal_89.cif,./U3Si5/208/xtal_89.cif,-18.270283,91.34864
xtal_9.cif,./U3Si5/208/xtal_9.cif,-58.35698,32.534634
xtal_90.cif,./U3Si5/208/xtal_90.cif,-44.685513,57.256496
xtal_92.cif,./U3Si5/208/xtal_92.cif,-58.347763,32.54249
xtal_93.cif,./U3Si5/208/xtal_93.cif,11.162141,-96.611946
xtal_96.cif,./U3Si5/208/xtal_96.cif,8.777819,-93.07954
xtal_97.cif,./U3Si5/208/xtal_97.cif,-17.16678,-101.341515
xtal_1.cif,./U3Si5/211/xtal_1.cif,-83.75749,81.247826
xtal_10.cif,./U3Si5/211/xtal_10.cif,-115.340004,35.369015
xtal_100.cif,./U3Si5/211/xtal_100.cif,-86.303085,78.76915
xtal_11.cif,./U3Si5/211/xtal_11.cif,-116.020485,32.41541
xtal_12.cif,./U3Si5/211/xtal_12.cif,-22.999119,120.59489
xtal_13.cif,./U3Si5/211/xtal_13.cif,-95.292656,-39.814407
xtal_14.cif,./U3Si5/211/xtal_14.cif,-76.98998,85.91146
xtal_16.cif,./U3Si5/211/xtal_16.cif,-90.17665,-54.511135
xtal_18.cif,./U3Si5/211/xtal_18.cif,-33.689716,-100.278305
xtal_19.cif,./U3Si5/211/xtal_19.cif,-94.23304,-32.100075
xtal_20.cif,./U3Si5/211/xtal_20.cif,-62.487988,100.867325
xtal_21.cif,./U3Si5/211/xtal_21.cif,-33.155163,-100.445
xtal_22.cif,./U3Si5/211/xtal_22.cif,-62.910995,-83.598755
xtal_23.cif,./U3Si5/211/xtal_23.cif,-62.091244,-83.96914
xtal_27.cif,./U3Si5/211/xtal_27.cif,-39.899265,-97.953125
xtal_28.cif,./U3Si5/211/xtal_28.cif,-66.31234,-81.922714
xtal_3.cif,./U3Si5/211/xtal_3.cif,-115.237816,6.421721
xtal_30.cif,./U3Si5/211/xtal_30.cif,-101.508,61.11718
xtal_31.cif,./U3Si5/211/xtal_31.cif,-115.46314,34.792225
xtal_32.cif,./U3Si5/211/xtal_32.cif,-68.61673,-80.45792
xtal_34.cif,./U3Si5/211/xtal_34.cif,-68.80537,93.625725
xtal_38.cif,./U3Si5/211/xtal_38.cif,-101.527,61.088535
xtal_4.cif,./U3Si5/211/xtal_4.cif,-105.45181,-10.65374
xtal_40.cif,./U3Si5/211/xtal_40.cif,-115.179276,6.290838
xtal_42.cif,./U3Si5/211/xtal_42.cif,-94.38398,-48.89936
xtal_44.cif,./U3Si5/211/xtal_44.cif,-68.455124,94.04599
xtal_46.cif,./U3Si5/211/xtal_46.cif,-83.448166,81.49117
xtal_47.cif,./U3Si5/211/xtal_47.cif,-107.65315,-4.013591
xtal_48.cif,./U3Si5/211/xtal_48.cif,-114.4799,4.8947988
xtal_5.cif,./U3Si5/211/xtal_5.cif,-58.254745,-85.880714
xtal_50.cif,./U3Si5/211/xtal_50.cif,-52.313828,-90.41969
xtal_51.cif,./U3Si5/211/xtal_51.cif,-63.68366,99.58026
xtal_52.cif,./U3Si5/211/xtal_52.cif,-92.40643,-51.789185
xtal_53.cif,./U3Si5/211/xtal_53.cif,-69.672585,92.517654
xtal_54.cif,./U3Si5/211/xtal_54.cif,-90.07188,-54.612988
xtal_55.cif,./U3Si5/211/xtal_55.cif,0.026453996,118.27834
xtal_56.cif,./U3Si5/211/xtal_56.cif,-78.92465,-70.945755
xtal_58.cif,./U3Si5/211/xtal_58.cif,-114.84867,37.286697
xtal_59.cif,./U3Si5/211/xtal_59.cif,-85.4129,-57.95818
xtal_6.cif,./U3Si5/211/xtal_6.cif,-94.87833,-29.483465
xtal_60.cif,./U3Si5/211/xtal_60.cif,-95.3992,-41.345325
xtal_61.cif,./U3Si5/211/xtal_61.cif,-74.385704,-76.27538
xtal_62.cif,./U3Si5/211/xtal_62.cif,-86.541115,78.57811
xtal_64.cif,./U3Si5/211/xtal_64.cif,9.323103,108.76851
xtal_65.cif,./U3Si5/211/xtal_65.cif,-77.74025,-72.51296
xtal_67.cif,./U3Si5/211/xtal_67.cif,-88.05348,77.48113
xtal_68.cif,./U3Si5/211/xtal_68.cif,-68.07831,94.502396
xtal_69.cif,./U3Si5/211/xtal_69.cif,-117.949715,18.394598
xtal_7.cif,./U3Si5/211/xtal_7.cif,-70.05146,92.04989
xtal_71.cif,./U3Si5/211/xtal_71.cif,-113.672134,3.529659
xtal_72.cif,./U3Si5/211/xtal_72.cif,-83.30215,-61.223145
xtal_73.cif,./U3Si5/211/xtal_73.cif,-70.142715,91.928444
xtal_74.cif,./U3Si5/211/xtal_74.cif,-52.692654,-90.07501
xtal_75.cif,./U3Si5/211/xtal_75.cif,-52.976456,-89.82076
xtal_76.cif,./U3Si5/211/xtal_76.cif,-95.357,-40.55931
xtal_78.cif,./U3Si5/211/xtal_78.cif,-92.21505,-52.05741
xtal_8.cif,./U3Si5/211/xtal_8.cif,-24.354826,119.56459
xtal_80.cif,./U3Si5/211/xtal_80.cif,-101.484924,-18.983107
xtal_82.cif,./U3Si5/211/xtal_82.cif,-95.37714,-45.358067
xtal_83.cif,./U3Si5/211/xtal_83.cif,-114.594894,5.1020117
xtal_86.cif,./U3Si5/211/xtal_86.cif,-115.77828,7.6818604
xtal_87.cif,./U3Si5/211/xtal_87.cif,-104.61995,-13.34589
xtal_88.cif,./U3Si5/211/xtal_88.cif,-109.37085,-1.9292805
xtal_89.cif,./U3Si5/211/xtal_89.cif,-72.185326,-77.95404
xtal_90.cif,./U3Si5/211/xtal_90.cif,-117.759735,15.564588
xtal_91.cif,./U3Si5/211/xtal_91.cif,-77.65568,-72.61606
xtal_92.cif,./U3Si5/211/xtal_92.cif,-86.919075,78.30426
xtal_93.cif,./U3Si5/211/xtal_93.cif,-94.066284,-33.07695
xtal_94.cif,./U3Si5/211/xtal_94.cif,-94.41331,70.26785
xtal_95.cif,./U3Si5/211/xtal_95.cif,-111.22172,0.2366649
xtal_96.cif,./U3Si5/211/xtal_96.cif,0.11999799,118.170204
xtal_97.cif,./U3Si5/211/xtal_97.cif,-115.03911,36.590347
xtal_14.cif,./U3Si5/215/xtal_14.cif,21.68804,-96.98684
xtal_15.cif,./U3Si5/215/xtal_15.cif,-25.285587,54.409756
xtal_16.cif,./U3Si5/215/xtal_16.cif,7.121684,47.237625
xtal_18.cif,./U3Si5/215/xtal_18.cif,102.82749,-3.314351
xtal_2.cif,./U3Si5/215/xtal_2.cif,-95.75574,-4.540744
xtal_21.cif,./U3Si5/215/xtal_21.cif,-39.8325,87.47081
xtal_22.cif,./U3Si5/215/xtal_22.cif,-50.489063,93.24686
xtal_24.cif,./U3Si5/215/xtal_24.cif,14.933141,-3.4390545
xtal_26.cif,./U3Si5/215/xtal_26.cif,-60.415844,10.442664
xtal_3.cif,./U3Si5/215/xtal_3.cif,-93.339325,40.90949
xtal_32.cif,./U3Si5/215/xtal_32.cif,-43.4734,-42.672237
xtal_34.cif,./U3Si5/215/xtal_34.cif,-101.13673,19.77236
xtal_36.cif,./U3Si5/215/xtal_36.cif,-6.465523,-33.448303
xtal_37.cif,./U3Si5/215/xtal_37.cif,68.93688,20.15481
xtal_38.cif,./U3Si5/215/xtal_38.cif,-50.088623,94.763855
xtal_39.cif,./U3Si5/215/xtal_39.cif,-33.768642,53.516193
xtal_40.cif,./U3Si5/215/xtal_40.cif,-0.9406676,-87.77724
xtal_41.cif,./U3Si5/215/xtal_41.cif,24.897861,46.603752
xtal_44.cif,./U3Si5/215/xtal_44.cif,1.1676068,110.02116
xtal_46.cif,./U3Si5/215/xtal_46.cif,-56.58192,40.562077
xtal_49.cif,./U3Si5/215/xtal_49.cif,39.14436,-77.47666
xtal_53.cif,./U3Si5/215/xtal_53.cif,-3.6207063,44.816067
xtal_54.cif,./U3Si5/215/xtal_54.cif,-65.589294,-56.122902
xtal_55.cif,./U3Si5/215/xtal_55.cif,-46.143528,70.46223
xtal_57.cif,./U3Si5/215/xtal_57.cif,-92.78227,28.981604
xtal_58.cif,./U3Si5/215/xtal_58.cif,16.683844,-99.86381
xtal_6.cif,./U3Si5/215/xtal_6.cif,32.919243,14.125635
xtal_60.cif,./U3Si5/215/xtal_60.cif,10.582721,98.4236
xtal_61.cif,./U3Si5/215/xtal_61.cif,-45.00768,-23.35306
xtal_62.cif,./U3Si5/215/xtal_62.cif,17.784628,-5.5312486
xtal_63.cif,./U3Si5/215/xtal_63.cif,-2.0406327,43.588444
xtal_69.cif,./U3Si5/215/xtal_69.cif,-10.7060585,98.23792
xtal_7.cif,./U3Si5/215/xtal_7.cif,13.658716,5.863606
xtal_70.cif,./U3Si5/215/xtal_70.cif,34.111446,16.671793
xtal_71.cif,./U3Si5/215/xtal_71.cif,34.372566,39.711933
xtal_72.cif,./U3Si5/215/xtal_72.cif,-49.79336,74.31765
xtal_76.cif,./U3Si5/215/xtal_76.cif,33.07594,14.428674
xtal_77.cif,./U3Si5/215/xtal_77.cif,44.524593,-54.69039
xtal_78.cif,./U3Si5/215/xtal_78.cif,-66.452545,-4.944443
xtal_79.cif,./U3Si5/215/xtal_79.cif,-72.45324,72.66795
xtal_8.cif,./U3Si5/215/xtal_8.cif,-1.5822155,-14.946291
xtal_81.cif,./U3Si5/215/xtal_81.cif,-62.246796,-69.20575
xtal_82.cif,./U3Si5/215/xtal_82.cif,-24.983953,-73.8423
xtal_84.cif,./U3Si5/215/xtal_84.cif,11.160088,39.362923
xtal_85.cif,./U3Si5/215/xtal_85.cif,33.40821,15.031659
xtal_86.cif,./U3Si5/215/xtal_86.cif,63.209,-76.32344
xtal_89.cif,./U3Si5/215/xtal_89.cif,-35.53954,76.651985
xtal_92.cif,./U3Si5/215/xtal_92.cif,-10.308709,98.96954
xtal_95.cif,./U3Si5/215/xtal_95.cif,-23.432432,77.39383
xtal_97.cif,./U3Si5/215/xtal_97.cif,-3.5711184,44.64951
xtal_98.cif,./U3Si5/215/xtal_98.cif,-51.019196,92.5058
xtal_99.cif,./U3Si5/215/xtal_99.cif,-92.59737,29.572966
xtal_1.cif,./U3Si5/217/xtal_1.cif,-0.0070150793,118.28823
xtal_100.cif,./U3Si5/217/xtal_100.cif,-95.46819,50.177498
xtal_12.cif,./U3Si5/217/xtal_12.cif,-95.52471,50.011856
xtal_14.cif,./U3Si5/217/xtal_14.cif,-94.30179,53.382774
xtal_15.cif,./U3Si5/217/xtal_15.cif,-103.659065,5.82194
xtal_17.cif,./U3Si5/217/xtal_17.cif,-78.59534,73.73314
xtal_2.cif,./U3Si5/217/xtal_2.cif,-79.077034,73.283966
xtal_21.cif,./U3Si5/217/xtal_21.cif,-66.24079,95.87779
xtal_23.cif,./U3Si5/217/xtal_23.cif,-23.412539,-78.64195
xtal_24.cif,./U3Si5/217/xtal_24.cif,-61.705654,-62.8145
xtal_28.cif,./U3Si5/217/xtal_28.cif,-63.443253,98.01513
xtal_3.cif,./U3Si5/217/xtal_3.cif,-24.321775,119.55386
xtal_30.cif,./U3Si5/217/xtal_30.cif,-86.763794,-17.454252
xtal_32.cif,./U3Si5/217/xtal_32.cif,-72.146996,83.40405
xtal_36.cif,./U3Si5/217/xtal_36.cif,-66.419495,95.46737
xtal_38.cif,./U3Si5/217/xtal_38.cif,-95.280014,50.913975
xtal_40.cif,./U3Si5/217/xtal_40.cif,-69.13531,-53.705563
xtal_42.cif,./U3Si5/217/xtal_42.cif,-37.5596,111.744644
xtal_43.cif,./U3Si5/217/xtal_43.cif,-94.74394,52.5559
xtal_45.cif,./U3Si5/217/xtal_45.cif,-68.956894,-54.22804
xtal_46.cif,./U3Si5/217/xtal_46.cif,-72.702065,82.815926
xtal_53.cif,./U3Si5/217/xtal_53.cif,-103.769844,6.044589
xtal_54.cif,./U3Si5/217/xtal_54.cif,-60.045967,-63.703197
xtal_55.cif,./U3Si5/217/xtal_55.cif,-23.423532,-78.64895
xtal_59.cif,./U3Si5/217/xtal_59.cif,-105.94745,10.318182
xtal_60.cif,./U3Si5/217/xtal_60.cif,-106.03722,10.615391
xtal_63.cif,./U3Si5/217/xtal_63.cif,-104.38854,7.379615
xtal_64.cif,./U3Si5/217/xtal_64.cif,-83.12518,-61.67005
xtal_65.cif,./U3Si5/217/xtal_65.cif,-23.638634,-78.48452
xtal_7.cif,./U3Si5/217/xtal_7.cif,-105.96236,10.335129
xtal_71.cif,./U3Si5/217/xtal_71.cif,-95.46208,50.18212
xtal_72.cif,./U3Si5/217/xtal_72.cif,-85.8513,-18.965649
xtal_73.cif,./U3Si5/217/xtal_73.cif,-28.293957,117.08727
xtal_75.cif,./U3Si5/217/xtal_75.cif,-72.483,83.04018
xtal_78.cif,./U3Si5/217/xtal_78.cif,-72.79819,82.7052
xtal_8.cif,./U3Si5/217/xtal_8.cif,-63.40365,98.04353
xtal_80.cif,./U3Si5/217/xtal_80.cif,-29.172047,116.63473
xtal_84.cif,./U3Si5/217/xtal_84.cif,-38.48737,111.479355
xtal_86.cif,./U3Si5/217/xtal_86.cif,-94.33665,53.317913
xtal_87.cif,./U3Si5/217/xtal_87.cif,-61.78432,100.80327
xtal_89.cif,./U3Si5/217/xtal_89.cif,-72.71435,82.78791
xtal_96.cif,./U3Si5/217/xtal_96.cif,-86.44145,-18.440798
xtal_10.cif,./U3Si5/218/xtal_10.cif,-71.03745,-53.716835
xtal_100.cif,./U3Si5/218/xtal_100.cif,-32.802483,97.00038
xtal_11.cif,./U3Si5/218/xtal_11.cif,-103.67353,8.903302
xtal_12.cif,./U3Si5/218/xtal_12.cif,-14.552189,-92.63933
xtal_13.cif,./U3Si5/218/xtal_13.cif,-103.44084,8.458986
xtal_15.cif,./U3Si5/218/xtal_15.cif,-85.09454,-17.228678
xtal_17.cif,./U3Si5/218/xtal_17.cif,-60.506104,-63.37576
xtal_18.cif,./U3Si5/218/xtal_18.cif,-51.764057,-77.86198
xtal_19.cif,./U3Si5/218/xtal_19.cif,-85.354065,-16.783827
xtal_2.cif,./U3Si5/218/xtal_2.cif,-58.778168,69.39185
xtal_22.cif,./U3Si5/218/xtal_22.cif,-105.187294,8.889322
xtal_25.cif,./U3Si5/218/xtal_25.cif,-95.428345,50.313087
xtal_26.cif,./U3Si5/218/xtal_26.cif,-72.0644,83.511604
xtal_28.cif,./U3Si5/218/xtal_28.cif,-24.049807,119.77058
xtal_29.cif,./U3Si5/218/xtal_29.cif,-103.09957,7.7556667
xtal_31.cif,./U3Si5/218/xtal_31.cif,-59.201,68.89012
xtal_32.cif,./U3Si5/218/xtal_32.cif,-85.093285,-17.224188
xtal_33.cif,./U3Si5/218/xtal_33.cif,-73.27793,35.67082
xtal_34.cif,./U3Si5/218/xtal_34.cif,13.625394,-80.12057
xtal_35.cif,./U3Si5/218/xtal_35.cif,-59.760937,-63.982765
xtal_36.cif,./U3Si5/218/xtal_36.cif,-24.713774,-77.763016
xtal_39.cif,./U3Si5/218/xtal_39.cif,-61.48354,-62.90363
xtal_40.cif,./U3Si5/218/xtal_40.cif,-29.011786,116.73569
xtal_41.cif,./U3Si5/218/xtal_41.cif,-81.035065,53.502552
xtal_42.cif,./U3Si5/218/xtal_42.cif,-71.09973,-53.734367
xtal_43.cif,./U3Si5/218/xtal_43.cif,-73.27739,35.673363
xtal_44.cif,./U3Si5/218/xtal_44.cif,-14.61038,-92.63609
xtal_46.cif,./U3Si5/218/xtal_46.cif,-84.30783,-18.579748
xtal_49.cif,./U3Si5/218/xtal_49.cif,-78.363594,73.96789
xtal_5.cif,./U3Si5/218/xtal_5.cif,-34.130432,96.13916
xtal_50.cif,./U3Si5/218/xtal_50.cif,-58.70144,69.59122
xtal_54.cif,./U3Si5/218/xtal_54.cif,-103.811775,6.1372194
xtal_56.cif,./U3Si5/218/xtal_56.cif,-60.314342,-63.479225
xtal_57.cif,./U3Si5/218/xtal_57.cif,-59.084396,68.97644
xtal_59.cif,./U3Si5/218/xtal_59.cif,-82.483444,-37.63766
xtal_6.cif,./U3Si5/218/xtal_6.cif,-24.658327,-77.769485
xtal_62.cif,./U3Si5/218/xtal_62.cif,-58.744522,69.46469
xtal_69.cif,./U3Si5/218/xtal_69.cif,-81.63789,-38.225002
xtal_71.cif,./U3Si5/218/xtal_71.cif,-32.687935,97.07211
xtal_73.cif,./U3Si5/218/xtal_73.cif,-17.424866,101.1997
xtal_74.cif,./U3Si5/218/xtal_74.cif,-51.404484,-78.11856
xtal_76.cif,./U3Si5/218/xtal_76.cif,-104.116104,10.9451
xtal_79.cif,./U3Si5/218/xtal_79.cif,-103.24529,8.090866
xtal_80.cif,./U3Si5/218/xtal_80.cif,-81.41669,83.00956
xtal_82.cif,./U3Si5/218/xtal_82.cif,-104.13116,11.014198
xtal_83.cif,./U3Si5/218/xtal_83.cif,-103.72591,5.9563766
xtal_84.cif,./U3Si5/218/xtal_84.cif,-33.97836,96.248604
xtal_86.cif,./U3Si5/218/xtal_86.cif,-81.89984,-37.450645
xtal_89.cif,./U3Si5/218/xtal_89.cif,-26.019634,-76.54401
xtal_9.cif,./U3Si5/218/xtal_9.cif,-72.671936,82.84093
xtal_90.cif,./U3Si5/218/xtal_90.cif,-17.848433,101.24286
xtal_92.cif,./U3Si5/218/xtal_92.cif,-59.145954,68.93362
xtal_93.cif,./U3Si5/218/xtal_93.cif,-78.910774,73.454735
xtal_95.cif,./U3Si5/218/xtal_95.cif,-81.059166,53.5021
xtal_97.cif,./U3Si5/218/xtal_97.cif,-84.271706,-18.66782
xtal_98.cif,./U3Si5/218/xtal_98.cif,6.5096526,102.94741
xtal_1.cif,./U3Si5/221/xtal_1.cif,-83.92207,-40.978374
xtal_10.cif,./U3Si5/221/xtal_10.cif,-29.862028,-26.697008
xtal_100.cif,./U3Si5/221/xtal_100.cif,-13.294607,106.784164
xtal_11.cif,./U3Si5/221/xtal_11.cif,-76.16059,-58.09474
xtal_12.cif,./U3Si5/221/xtal_12.cif,-61.66754,-67.18843
xtal_13.cif,./U3Si5/221/xtal_13.cif,-70.60929,91.34612
xtal_14.cif,./U3Si5/221/xtal_14.cif,-25.80183,-74.08802
xtal_15.cif,./U3Si5/221/xtal_15.cif,83.778694,-45.51038
xtal_16.cif,./U3Si5/221/xtal_16.cif,-115.84694,7.866015
xtal_17.cif,./U3Si5/221/xtal_17.cif,-62.09339,-69.4107
xtal_18.cif,./U3Si5/221/xtal_18.cif,-23.661463,110.7845
xtal_19.cif,./U3Si5/221/xtal_19.cif,-91.264656,-47.67916
xtal_2.cif,./U3Si5/221/xtal_2.cif,-117.941734,18.335022
xtal_20.cif,./U3Si5/221/xtal_20.cif,83.531204,-45.82115
xtal_21.cif,./U3Si5/221/xtal_21.cif,-31.46836,-23.767097
xtal_23.cif,./U3Si5/221/xtal_23.cif,18.2841,-101.80644
xtal_24.cif,./U3Si5/221/xtal_24.cif,-77.33639,-39.50775
xtal_28.cif,./U3Si5/221/xtal_28.cif,-95.13677,69.540596
xtal_29.cif,./U3Si5/221/xtal_29.cif,-77.78942,85.41944
xtal_3.cif,./U3Si5/221/xtal_3.cif,-3.6601605,-88.47912
xtal_30.cif,./U3Si5/221/xtal_30.cif,-49.00051,-87.075455
xtal_31.cif,./U3Si5/221/xtal_31.cif,-114.78752,37.522312
xtal_33.cif,./U3Si5/221/xtal_33.cif,85.63058,-43.65816
xtal_34.cif,./U3Si5/221/xtal_34.cif,-90.10431,-19.670033
xtal_37.cif,./U3Si5/221/xtal_37.cif,-2.531248,-92.250885
xtal_38.cif,./U3Si5/221/xtal_38.cif,-32.642746,-21.67597
xtal_39.cif,./U3Si5/221/xtal_39.cif,-98.91232,1.5342256
xtal_4.cif,./U3Si5/221/xtal_4.cif,-93.03967,22.150352
xtal_40.cif,./U3Si5/221/xtal_40.cif,-65.44562,64.73341
xtal_41.cif,./U3Si5/221/xtal_41.cif,-59.66395,-67.91068
xtal_42.cif,./U3Si5/221/xtal_42.cif,-89.46058,-17.136028
xtal_43.cif,./U3Si5/221/xtal_43.cif,-82.83024,-40.970795
xtal_44.cif,./U3Si5/221/xtal_44.cif,-41.460472,80.393654
xtal_46.cif,./U3Si5/221/xtal_46.cif,-56.30328,-80.183655
xtal_47.cif,./U3Si5/221/xtal_47.cif,-7.746042,-86.47483
xtal_48.cif,./U3Si5/221/xtal_48.cif,-83.35418,-42.25713
xtal_52.cif,./U3Si5/221/xtal_52.cif,-109.68851,-1.5660979
xtal_55.cif,./U3Si5/221/xtal_55.cif,-85.10508,-13.986036
xtal_56.cif,./U3Si5/221/xtal_56.cif,-39.24017,33.966152
xtal_57.cif,./U3Si5/221/xtal_57.cif,-101.668594,16.353884
xtal_58.cif,./U3Si5/221/xtal_58.cif,-90.513695,46.476147
xtal_6.cif,./U3Si5/221/xtal_6.cif,-61.210342,-67.32489
xtal_60.cif,./U3Si5/221/xtal_60.cif,-101.56929,19.830414
xtal_61.cif,./U3Si5/221/xtal_61.cif,-11.221806,-103.15956
xtal_64.cif,./U3Si5/221/xtal_64.cif,-115.250374,35.746895
xtal_67.cif,./U3Si5/221/xtal_67.cif,54.36191,-40.626923
xtal_68.cif,./U3Si5/221/xtal_68.cif,-9.066112,113.225426
xtal_70.cif,./U3Si5/221/xtal_70.cif,-18.037027,-98.237564
xtal_71.cif,./U3Si5/221/xtal_71.cif,13.432225,-99.9841
xtal_72.cif,./U3Si5/221/xtal_72.cif,-37.074856,-92.78226
xtal_73.cif,./U3Si5/221/xtal_73.cif,-23.838097,-98.72061
xtal_74.cif,./U3Si5/221/xtal_74.cif,-0.16331847,-95.057205
xtal_75.cif,./U3Si5/221/xtal_75.cif,-16.86686,-100.923225
xtal_76.cif,./U3Si5/221/xtal_76.cif,-24.357265,-98.82851
xtal_77.cif,./U3Si5/221/xtal_77.cif,-33.358524,-20.691103
xtal_78.cif,./U3Si5/221/xtal_78.cif,-14.59245,-101.98058
xtal_79.cif,./U3Si5/221/xtal_79.cif,83.25413,-46.33664
xtal_8.cif,./U3Si5/221/xtal_8.cif,-117.46977,13.815844
xtal_80.cif,./U3Si5/221/xtal_80.cif,-20.365524,91.900024
xtal_81.cif,./U3Si5/221/xtal_81.cif,-71.26521,74.3918
xtal_82.cif,./U3Si5/221/xtal_82.cif,-72.68265,-31.929232
xtal_83.cif,./U3Si5/221/xtal_83.cif,-71.28389,-53.807926
xtal_84.cif,./U3Si5/221/xtal_84.cif,-95.63141,-19.695278
xtal_85.cif,./U3Si5/221/xtal_85.cif,-8.066926,113.536224
xtal_86.cif,./U3Si5/221/xtal_86.cif,-44.316814,3.4108355
xtal_87.cif,./U3Si5/221/xtal_87.cif,-59.366665,-67.95433
xtal_88.cif,./U3Si5/221/xtal_88.cif,-34.819405,107.21795
xtal_89.cif,./U3Si5/221/xtal_89.cif,-78.662994,-61.621925
xtal_90.cif,./U3Si5/221/xtal_90.cif,-96.04319,36.710125
xtal_91.cif,./U3Si5/221/xtal_91.cif,-30.579733,-25.368822
xtal_92.cif,./U3Si5/221/xtal_92.cif,-100.85749,19.752817
xtal_94.cif,./U3Si5/221/xtal_94.cif,-96.43827,-4.743275
xtal_96.cif,./U3Si5/221/xtal_96.cif,-93.03387,22.164438
xtal_97.cif,./U3Si5/221/xtal_97.cif,-41.494953,103.27593
xtal_98.cif,./U3Si5/221/xtal_98.cif,-23.149149,111.15494
xtal_99.cif,./U3Si5/221/xtal_99.cif,-102.559555,-3.6789043
xtal_1.cif,./U3Si5/222/xtal_1.cif,-95.47504,-43.461037
xtal_10.cif,./U3Si5/222/xtal_10.cif,-81.92338,-67.06059
xtal_100.cif,./U3Si5/222/xtal_100.cif,-89.65063,-54.97183
xtal_11.cif,./U3Si5/222/xtal_11.cif,-83.27367,-61.302624
xtal_12.cif,./U3Si5/222/xtal_12.cif,-79.41137,-70.366646
xtal_13.cif,./U3Si5/222/xtal_13.cif,-95.395065,-45.263336
xtal_14.cif,./U3Si5/222/xtal_14.cif,-89.9978,-54.67455
xtal_15.cif,./U3Si5/222/xtal_15.cif,-92.200745,-52.077106
xtal_16.cif,./U3Si5/222/xtal_16.cif,-110.78691,-0.30280462
xtal_18.cif,./U3Si5/222/xtal_18.cif,-103.94343,-14.966712
xtal_19.cif,./U3Si5/222/xtal_19.cif,-84.7895,-58.79481
xtal_2.cif,./U3Si5/222/xtal_2.cif,-84.34818,80.679474
xtal_20.cif,./U3Si5/222/xtal_20.cif,-103.72245,-15.39046
xtal_21.cif,./U3Si5/222/xtal_21.cif,-33.082447,-100.47217
xtal_22.cif,./U3Si5/222/xtal_22.cif,-85.009735,80.00437
xtal_23.cif,./U3Si5/222/xtal_23.cif,-95.86096,68.7992
xtal_24.cif,./U3Si5/222/xtal_24.cif,-107.18512,-4.7603817
xtal_25.cif,./U3Si5/222/xtal_25.cif,-23.10153,120.52365
xtal_26.cif,./U3Si5/222/xtal_26.cif,-105.60322,-9.954458
xtal_27.cif,./U3Si5/222/xtal_27.cif,-78.89654,-70.96088
xtal_28.cif,./U3Si5/222/xtal_28.cif,-54.010616,-88.89683
xtal_29.cif,./U3Si5/222/xtal_29.cif,-97.14866,-24.780033
xtal_3.cif,./U3Si5/222/xtal_3.cif,0.50930613,117.726234
xtal_30.cif,./U3Si5/222/xtal_30.cif,-61.271824,-84.3509
xtal_32.cif,./U3Si5/222/xtal_32.cif,-38.356117,-98.5702
xtal_33.cif,./U3Si5/222/xtal_33.cif,-62.679108,-83.70315
xtal_34.cif,./U3Si5/222/xtal_34.cif,-62.644245,-83.71935
xtal_35.cif,./U3Si5/222/xtal_35.cif,-77.94361,-72.20495
xtal_36.cif,./U3Si5/222/xtal_36.cif,-97.903175,-23.48492
xtal_38.cif,./U3Si5/222/xtal_38.cif,-85.72571,-57.649582
xtal_39.cif,./U3Si5/222/xtal_39.cif,-71.91094,-78.16498
xtal_41.cif,./U3Si5/222/xtal_41.cif,-117.337494,26.020308
xtal_42.cif,./U3Si5/222/xtal_42.cif,-95.37542,-40.854797
xtal_43.cif,./U3Si5/222/xtal_43.cif,-101.27406,61.463177
xtal_46.cif,./U3Si5/222/xtal_46.cif,-86.46809,78.635506
xtal_48.cif,./U3Si5/222/xtal_48.cif,-52.135345,-90.57707
xtal_49.cif,./U3Si5/222/xtal_49.cif,-95.76174,68.89259
xtal_51.cif,./U3Si5/222/xtal_51.cif,-32.12741,-100.87955
xtal_52.cif,./U3Si5/222/xtal_52.cif,-115.42309,6.8603153
xtal_54.cif,./U3Si5/222/xtal_54.cif,-53.10331,-89.717834
xtal_55.cif,./U3Si5/222/xtal_55.cif,0.14492323,118.14163
xtal_56.cif,./U3Si5/222/xtal_56.cif,-94.33773,-35.900707
xtal_57.cif,./U3Si5/222/xtal_57.cif,-83.06689,-61.83945
xtal_58.cif,./U3Si5/222/xtal_58.cif,-69.894005,-79.60997
xtal_59.cif,./U3Si5/222/xtal_59.cif,-101.61633,-18.796337
xtal_6.cif,./U3Si5/222/xtal_6.cif,-117.72371,15.173101
xtal_61.cif,./U3Si5/222/xtal_61.cif,-79.471466,84.31381
xtal_62.cif,./U3Si5/222/xtal_62.cif,-31.567474,-101.09727
xtal_63.cif,./U3Si5/222/xtal_63.cif,-83.914925,81.10996
xtal_64.cif,./U3Si5/222/xtal_64.cif,-72.35538,-77.832664
xtal_65.cif,./U3Si5/222/xtal_65.cif,-116.05889,32.25115
xtal_66.cif,./U3Si5/222/xtal_66.cif,-95.17202,-38.91485
xtal_67.cif,./U3Si5/222/xtal_67.cif,-101.78821,60.712334
xtal_68.cif,./U3Si5/222/xtal_68.cif,-94.53226,-30.701921
xtal_7.cif,./U3Si5/222/xtal_7.cif,-97.38966,-24.349499
xtal_71.cif,./U3Si5/222/xtal_71.cif,-62.42388,100.94952
xtal_73.cif,./U3Si5/222/xtal_73.cif,-70.19062,-79.3985
xtal_74.cif,./U3Si5/222/xtal_74.cif,-43.59059,-96.49725
xtal_75.cif,./U3Si5/222/xtal_75.cif,-52.01443,-90.68824
xtal_76.cif,./U3Si5/222/xtal_76.cif,-93.48359,-50.230667
xtal_77.cif,./U3Si5/222/xtal_77.cif,-83.47222,-60.86094
xtal_79.cif,./U3Si5/222/xtal_79.cif,-49.547184,-92.7333
xtal_8.cif,./U3Si5/222/xtal_8.cif,-107.3143,-4.520025
xtal_80.cif,./U3Si5/222/xtal_80.cif,-95.46078,-44.67852
xtal_82.cif,./U3Si5/222/xtal_82.cif,-105.50424,-10.41907
xtal_83.cif,./U3Si5/222/xtal_83.cif,-101.98273,-18.30244
xtal_84.cif,./U3Si5/222/xtal_84.cif,-81.6293,-67.510155
xtal_85.cif,./U3Si5/222/xtal_85.cif,-85.32868,79.683205
xtal_86.cif,./U3Si5/222/xtal_86.cif,10.389148,105.86192
xtal_87.cif,./U3Si5/222/xtal_87.cif,-50.264053,-92.182144
xtal_88.cif,./U3Si5/222/xtal_88.cif,-22.365234,120.97384
xtal_9.cif,./U3Si5/222/xtal_9.cif,-117.59879,24.15809
xtal_90.cif,./U3Si5/222/xtal_90.cif,-79.713005,84.16373
xtal_93.cif,./U3Si5/222/xtal_93.cif,-115.30339,35.519108
xtal_94.cif,./U3Si5/222/xtal_94.cif,-54.44219,-88.55659
xtal_95.cif,./U3Si5/222/xtal_95.cif,-73.988525,-76.64455
xtal_96.cif,./U3Si5/222/xtal_96.cif,-97.72315,-23.784561
xtal_97.cif,./U3Si5/222/xtal_97.cif,-70.94561,90.91503
xtal_98.cif,./U3Si5/222/xtal_98.cif,-24.169147,119.70834
xtal_99.cif,./U3Si5/222/xtal_99.cif,-102.17235,60.148434
xtal_10.cif,./U3Si5/223/xtal_10.cif,-94.66836,70.01108
xtal_100.cif,./U3Si5/223/xtal_100.cif,-67.38194,-73.88672
xtal_13.cif,./U3Si5/223/xtal_13.cif,-17.815157,-100.09214
xtal_15.cif,./U3Si5/223/xtal_15.cif,-83.59164,-60.64637
xtal_16.cif,./U3Si5/223/xtal_16.cif,-67.14656,55.046223
xtal_17.cif,./U3Si5/223/xtal_17.cif,-39.994392,88.787865
xtal_18.cif,./U3Si5/223/xtal_18.cif,-27.264452,100.36452
xtal_19.cif,./U3Si5/223/xtal_19.cif,-67.111374,55.213913
xtal_2.cif,./U3Si5/223/xtal_2.cif,-78.34625,-40.41998
xtal_20.cif,./U3Si5/223/xtal_20.cif,-56.58984,-87.00136
xtal_25.cif,./U3Si5/223/xtal_25.cif,-117.28489,26.422894
xtal_27.cif,./U3Si5/223/xtal_27.cif,-95.176216,27.292517
xtal_28.cif,./U3Si5/223/xtal_28.cif,-67.11235,55.209423
xtal_29.cif,./U3Si5/223/xtal_29.cif,-38.727806,93.06945
xtal_3.cif,./U3Si5/223/xtal_3.cif,-28.801722,100.05321
xtal_30.cif,./U3Si5/223/xtal_30.cif,-101.32484,-19.173042
xtal_33.cif,./U3Si5/223/xtal_33.cif,-76.82864,-50.573814
xtal_35.cif,./U3Si5/223/xtal_35.cif,-92.36161,-9.333773
xtal_37.cif,./U3Si5/223/xtal_37.cif,-68.539406,48.528435
xtal_38.cif,./U3Si5/223/xtal_38.cif,-41.424923,-94.27254
xtal_40.cif,./U3Si5/223/xtal_40.cif,-117.29639,26.326054
xtal_41.cif,./U3Si5/223/xtal_41.cif,-38.315388,111.69056
xtal_42.cif,./U3Si5/223/xtal_42.cif,-67.19768,54.83221
xtal_43.cif,./U3Si5/223/xtal_43.cif,-92.22531,-9.437226
xtal_44.cif,./U3Si5/223/xtal_44.cif,-94.71519,28.043657
xtal_45.cif,./U3Si5/223/xtal_45.cif,-54.774708,-84.56054
xtal_46.cif,./U3Si5/223/xtal_46.cif,-117.48993,13.884134
xtal_52.cif,./U3Si5/223/xtal_52.cif,-40.0031,88.619316
xtal_55.cif,./U3Si5/223/xtal_55.cif,-67.16178,54.980503
xtal_56.cif,./U3Si5/223/xtal_56.cif,-80.34074,83.76162
xtal_57.cif,./U3Si5/223/xtal_57.cif,-109.59647,-1.6753416
xtal_58.cif,./U3Si5/223/xtal_58.cif,-42.796314,-96.86024
xtal_59.cif,./U3Si5/223/xtal_59.cif,-76.78543,-49.920948
xtal_61.cif,./U3Si5/223/xtal_61.cif,-76.8114,-50.8237
xtal_63.cif,./U3Si5/223/xtal_63.cif,1.3183244,105.320854
xtal_65.cif,./U3Si5/223/xtal_65.cif,-94.03,-34.380817
xtal_66.cif,./U3Si5/223/xtal_66.cif,-98.4311,3.778916
xtal_69.cif,./U3Si5/223/xtal_69.cif,-72.71539,-77.57329
xtal_7.cif,./U3Si5/223/xtal_7.cif,-89.315384,38.640556
xtal_70.cif,./U3Si5/223/xtal_70.cif,-95.239876,-28.562767
xtal_73.cif,./U3Si5/223/xtal_73.cif,-63.533043,99.741264
xtal_74.cif,./U3Si5/223/xtal_74.cif,-77.79544,-72.43374
xtal_75.cif,./U3Si5/223/xtal_75.cif,-95.8861,68.773575
xtal_76.cif,./U3Si5/223/xtal_76.cif,-63.620163,75.52198
xtal_77.cif,./U3Si5/223/xtal_77.cif,-69.608635,-79.803505
xtal_80.cif,./U3Si5/223/xtal_80.cif,-102.8436,-16.915548
xtal_81.cif,./U3Si5/223/xtal_81.cif,-100.49677,62.60321
xtal_83.cif,./U3Si5/223/xtal_83.cif,-98.44297,3.766183
xtal_86.cif,./U3Si5/223/xtal_86.cif,-113.76434,3.6670969
xtal_87.cif,./U3Si5/223/xtal_87.cif,-115.97627,32.614662
xtal_89.cif,./U3Si5/223/xtal_89.cif,-55.485703,-87.76897
xtal_9.cif,./U3Si5/223/xtal_9.cif,-66.07272,65.748474
xtal_90.cif,./U3Si5/223/xtal_90.cif,-67.23574,-73.97434
xtal_91.cif,./U3Si5/223/xtal_91.cif,-46.570286,-94.77567
xtal_93.cif,./U3Si5/223/xtal_93.cif,-44.05543,-96.24642
xtal_94.cif,./U3Si5/223/xtal_94.cif,-74.055756,-76.58846
xtal_95.cif,./U3Si5/223/xtal_95.cif,-95.32893,27.05118
xtal_97.cif,./U3Si5/223/xtal_97.cif,-4.9207635,105.30442
xtal_98.cif,./U3Si5/223/xtal_98.cif,-94.36562,-36.017647
xtal_99.cif,./U3Si5/223/xtal_99.cif,-5.338745,105.26884
xtal_10.cif,./U3Si5/224/xtal_10.cif,-17.476208,-71.32375
xtal_13.cif,./U3Si5/224/xtal_13.cif,-103.90078,-15.055518
xtal_17.cif,./U3Si5/224/xtal_17.cif,-28.678047,77.89074
xtal_18.cif,./U3Si5/224/xtal_18.cif,-104.60073,-13.3962145
xtal_2.cif,./U3Si5/224/xtal_2.cif,-61.108486,-0.28030998
xtal_20.cif,./U3Si5/224/xtal_20.cif,-37.45592,111.93257
xtal_22.cif,./U3Si5/224/xtal_22.cif,-61.18493,-0.71380454
xtal_23.cif,./U3Si5/224/xtal_23.cif,-20.42051,-69.163216
xtal_32.cif,./U3Si5/224/xtal_32.cif,-0.0696403,118.38752
xtal_33.cif,./U3Si5/224/xtal_33.cif,-61.14338,-0.54071814
xtal_34.cif,./U3Si5/224/xtal_34.cif,-83.73212,81.26946
xtal_35.cif,./U3Si5/224/xtal_35.cif,-61.17252,0.74988794
xtal_38.cif,./U3Si5/224/xtal_38.cif,-32.202168,-56.431347
xtal_39.cif,./U3Si5/224/xtal_39.cif,-17.13015,-71.47206
xtal_40.cif,./U3Si5/224/xtal_40.cif,-32.56411,-55.504578
xtal_41.cif,./U3Si5/224/xtal_41.cif,-17.619028,-71.25103
xtal_42.cif,./U3Si5/224/xtal_42.cif,-72.01673,-78.08756
xtal_43.cif,./U3Si5/224/xtal_43.cif,-24.658352,119.3366
xtal_46.cif,./U3Si5/224/xtal_46.cif,-32.871864,-54.498543
xtal_47.cif,./U3Si5/224/xtal_47.cif,-65.67347,97.23362
xtal_5.cif,./U3Si5/224/xtal_5.cif,-55.58358,-12.974459
xtal_50.cif,./U3Si5/224/xtal_50.cif,-55.503273,-13.160617
xtal_52.cif,./U3Si5/224/xtal_52.cif,-20.102322,-69.495834
xtal_53.cif,./U3Si5/224/xtal_53.cif,-83.99382,-59.954613
xtal_55.cif,./U3Si5/224/xtal_55.cif,-26.22616,78.95704
xtal_56.cif,./U3Si5/224/xtal_56.cif,-94.33381,70.351944
xtal_59.cif,./U3Si5/224/xtal_59.cif,-95.24379,69.43615
xtal_61.cif,./U3Si5/224/xtal_61.cif,-55.116825,-13.725785
xtal_67.cif,./U3Si5/224/xtal_67.cif,-32.867786,-54.51318
xtal_69.cif,./U3Si5/224/xtal_69.cif,-112.20274,1.5306705
xtal_7.cif,./U3Si5/224/xtal_7.cif,-65.43121,97.51925
xtal_70.cif,./U3Si5/224/xtal_70.cif,9.354825,-92.33551
xtal_72.cif,./U3Si5/224/xtal_72.cif,-32.88471,-54.45313
xtal_74.cif,./U3Si5/224/xtal_74.cif,-53.549377,26.487083
xtal_75.cif,./U3Si5/224/xtal_75.cif,-42.924633,57.69607
xtal_79.cif,./U3Si5/224/xtal_79.cif,-55.257244,-13.523368
xtal_8.cif,./U3Si5/224/xtal_8.cif,-31.9384,-56.926086
xtal_82.cif,./U3Si5/224/xtal_82.cif,-55.254932,-13.523189
xtal_83.cif,./U3Si5/224/xtal_83.cif,-32.06075,-56.719845
xtal_84.cif,./U3Si5/224/xtal_84.cif,8.549562,-75.53772
xtal_86.cif,./U3Si5/224/xtal_86.cif,-17.405972,-71.34431
xtal_88.cif,./U3Si5/224/xtal_88.cif,-109.71387,-1.5399203
xtal_89.cif,./U3Si5/224/xtal_89.cif,-32.328064,-56.12033
xtal_91.cif,./U3Si5/224/xtal_91.cif,-78.904106,-70.96491
xtal_92.cif,./U3Si5/224/xtal_92.cif,-68.6508,93.81616
xtal_96.cif,./U3Si5/224/xtal_96.cif,-61.15864,0.701598
xtal_98.cif,./U3Si5/224/xtal_98.cif,-61.170685,-0.65861946
xtal_1.cif,./U3Si5/229/xtal_1.cif,-37.74374,111.79757
xtal_10.cif,./U3Si5/229/xtal_10.cif,-116.02768,32.3848
xtal_11.cif,./U3Si5/229/xtal_11.cif,-117.644646,23.810356
xtal_12.cif,./U3Si5/229/xtal_12.cif,-105.526764,-10.302025
xtal_16.cif,./U3Si5/229/xtal_16.cif,-38.19373,111.706116
xtal_17.cif,./U3Si5/229/xtal_17.cif,-112.50769,1.9396461
xtal_18.cif,./U3Si5/229/xtal_18.cif,-77.570045,85.55915
xtal_21.cif,./U3Si5/229/xtal_21.cif,-102.773476,59.254677
xtal_24.cif,./U3Si5/229/xtal_24.cif,-68.75662,-80.36459
xtal_26.cif,./U3Si5/229/xtal_26.cif,-117.947815,18.3855
xtal_3.cif,./U3Si5/229/xtal_3.cif,-27.834038,117.430435
xtal_30.cif,./U3Si5/229/xtal_30.cif,-101.826164,60.65842
xtal_35.cif,./U3Si5/229/xtal_35.cif,8.066222,110.398796
xtal_4.cif,./U3Si5/229/xtal_4.cif,1.8272002,115.97238
xtal_46.cif,./U3Si5/229/xtal_46.cif,-50.677586,-91.85007
xtal_48.cif,./U3Si5/229/xtal_48.cif,-96.42987,-26.003866
xtal_49.cif,./U3Si5/229/xtal_49.cif,-65.3104,97.66098
xtal_5.cif,./U3Si5/229/xtal_5.cif,0.080178395,118.21751
xtal_50.cif,./U3Si5/229/xtal_50.cif,-94.09054,70.62259
xtal_52.cif,./U3Si5/229/xtal_52.cif,-62.126053,101.41515
xtal_53.cif,./U3Si5/229/xtal_53.cif,-70.58026,91.386185
xtal_54.cif,./U3Si5/229/xtal_54.cif,-50.742405,-91.794975
xtal_55.cif,./U3Si5/229/xtal_55.cif,-88.045685,77.486305
xtal_56.cif,./U3Si5/229/xtal_56.cif,-66.09201,-82.05502
xtal_59.cif,./U3Si5/229/xtal_59.cif,-28.394283,117.11133
xtal_60.cif,./U3Si5/229/xtal_60.cif,-25.245293,118.93346
xtal_65.cif,./U3Si5/229/xtal_65.cif,-62.843777,-83.627914
xtal_66.cif,./U3Si5/229/xtal_66.cif,-117.35684,25.89596
xtal_69.cif,./U3Si5/229/xtal_69.cif,-100.441734,62.690575
xtal_7.cif,./U3Si5/229/xtal_7.cif,-38.529675,-98.491516
xtal_70.cif,./U3Si5/229/xtal_70.cif,-116.782646,10.551692
xtal_73.cif,./U3Si5/229/xtal_73.cif,-108.140434,-3.368137
xtal_74.cif,./U3Si5/229/xtal_74.cif,-117.644844,23.800287
xtal_75.cif,./U3Si5/229/xtal_75.cif,-94.650505,70.02105
xtal_76.cif,./U3Si5/229/xtal_76.cif,-25.772692,118.608055
xtal_78.cif,./U3Si5/229/xtal_78.cif,-117.85238,16.809998
xtal_79.cif,./U3Si5/229/xtal_79.cif,-81.89749,-67.101974
xtal_8.cif,./U3Si5/229/xtal_8.cif,-95.18541,-46.305546
xtal_83.cif,./U3Si5/229/xtal_83.cif,-117.16694,27.418283
xtal_84.cif,./U3Si5/229/xtal_84.cif,-105.47785,-10.538238
xtal_87.cif,./U3Si5/229/xtal_87.cif,-43.565002,-96.50942
xtal_9.cif,./U3Si5/229/xtal_9.cif,-117.73428,15.283176
xtal_91.cif,./U3Si5/229/xtal_91.cif,-117.61075,14.386929
xtal_92.cif,./U3Si5/229/xtal_92.cif,-81.72148,-67.405396
xtal_97.cif,./U3Si5/229/xtal_97.cif,-83.92227,81.10333
xtal_98.cif,./U3Si5/229/xtal_98.cif,-95.0262,69.64906
