filename,filepath,tsne_dim1,tsne_dim2
xtal_1.cif,./U3Si5/__initial__/2/xtal_1.cif,-34.43875,-4.1998744
xtal_10.cif,./U3Si5/__initial__/2/xtal_10.cif,56.79896,4.908354
xtal_100.cif,./U3Si5/__initial__/2/xtal_100.cif,1.4590601,-86.825775
xtal_11.cif,./U3Si5/__initial__/2/xtal_11.cif,33.617218,-45.289406
xtal_12.cif,./U3Si5/__initial__/2/xtal_12.cif,39.815662,-81.79285
xtal_13.cif,./U3Si5/__initial__/2/xtal_13.cif,98.456604,18.401728
xtal_14.cif,./U3Si5/__initial__/2/xtal_14.cif,-20.601221,-50.382256
xtal_15.cif,./U3Si5/__initial__/2/xtal_15.cif,-38.83843,58.843353
xtal_16.cif,./U3Si5/__initial__/2/xtal_16.cif,-35.19968,-62.016724
xtal_17.cif,./U3Si5/__initial__/2/xtal_17.cif,39.657677,-74.695786
xtal_18.cif,./U3Si5/__initial__/2/xtal_18.cif,22.873999,-64.06155
xtal_19.cif,./U3Si5/__initial__/2/xtal_19.cif,-58.051304,-2.030316
xtal_2.cif,./U3Si5/__initial__/2/xtal_2.cif,-6.1352515,-72.61587
xtal_20.cif,./U3Si5/__initial__/2/xtal_20.cif,-60.083233,-20.800198
xtal_21.cif,./U3Si5/__initial__/2/xtal_21.cif,-63.9849,30.496721
xtal_22.cif,./U3Si5/__initial__/2/xtal_22.cif,-59.26186,-53.672993
xtal_23.cif,./U3Si5/__initial__/2/xtal_23.cif,-42.584087,22.840643
xtal_24.cif,./U3Si5/__initial__/2/xtal_24.cif,2.5532057,-93.71075
xtal_25.cif,./U3Si5/__initial__/2/xtal_25.cif,11.290868,61.68131
xtal_26.cif,./U3Si5/__initial__/2/xtal_26.cif,-57.0827,-1.2040147
xtal_27.cif,./U3Si5/__initial__/2/xtal_27.cif,17.253534,-92.44891
xtal_28.cif,./U3Si5/__initial__/2/xtal_28.cif,92.48991,-37.47055
xtal_29.cif,./U3Si5/__initial__/2/xtal_29.cif,-60.08746,-16.08501
xtal_3.cif,./U3Si5/__initial__/2/xtal_3.cif,-14.041527,-45.961494
xtal_30.cif,./U3Si5/__initial__/2/xtal_30.cif,35.90229,-73.71081
xtal_31.cif,./U3Si5/__initial__/2/xtal_31.cif,-9.61366,-76.243256
xtal_32.cif,./U3Si5/__initial__/2/xtal_32.cif,31.866966,-86.587364
xtal_33.cif,./U3Si5/__initial__/2/xtal_33.cif,-18.667997,-82.607086
xtal_34.cif,./U3Si5/__initial__/2/xtal_34.cif,48.619072,-66.24879
xtal_35.cif,./U3Si5/__initial__/2/xtal_35.cif,15.944169,-59.69591
xtal_36.cif,./U3Si5/__initial__/2/xtal_36.cif,-55.21311,-52.946846
xtal_37.cif,./U3Si5/__initial__/2/xtal_37.cif,84.9542,-61.087288
xtal_38.cif,./U3Si5/__initial__/2/xtal_38.cif,-59.78743,27.067339
xtal_39.cif,./U3Si5/__initial__/2/xtal_39.cif,-37.593113,2.7511432
xtal_4.cif,./U3Si5/__initial__/2/xtal_4.cif,17.805227,-92.18469
xtal_40.cif,./U3Si5/__initial__/2/xtal_40.cif,-37.87486,11.507759
xtal_41.cif,./U3Si5/__initial__/2/xtal_41.cif,-46.96389,28.790878
xtal_42.cif,./U3Si5/__initial__/2/xtal_42.cif,-8.632375,-67.99295
xtal_43.cif,./U3Si5/__initial__/2/xtal_43.cif,2.1893551,-90.03994
xtal_44.cif,./U3Si5/__initial__/2/xtal_44.cif,-60.005524,-5.63013
xtal_45.cif,./U3Si5/2/xtal_45.cif,-80.90097,-18.543287
xtal_46.cif,./U3Si5/__initial__/2/xtal_46.cif,-40.33288,-63.494564
xtal_47.cif,./U3Si5/__initial__/2/xtal_47.cif,-43.088863,-30.680704
xtal_48.cif,./U3Si5/__initial__/2/xtal_48.cif,-19.128683,-83.713
xtal_49.cif,./U3Si5/__initial__/2/xtal_49.cif,2.835484,-94.01531
xtal_5.cif,./U3Si5/__initial__/2/xtal_5.cif,-51.697994,-73.53953
xtal_50.cif,./U3Si5/__initial__/2/xtal_50.cif,2.2262778,-92.40697
xtal_51.cif,./U3Si5/__initial__/2/xtal_51.cif,-2.0658617,-62.741608
xtal_52.cif,./U3Si5/__initial__/2/xtal_52.cif,47.79826,-51.573513
xtal_53.cif,./U3Si5/__initial__/2/xtal_53.cif,39.5862,-75.968124
xtal_54.cif,./U3Si5/__initial__/2/xtal_54.cif,-70.01051,-29.85686
xtal_55.cif,./U3Si5/__initial__/2/xtal_55.cif,-20.348803,60.12684
xtal_56.cif,./U3Si5/__initial__/2/xtal_56.cif,0.90168524,-88.17912
xtal_57.cif,./U3Si5/__initial__/2/xtal_57.cif,-39.859867,-40.599686
xtal_58.cif,./U3Si5/__initial__/2/xtal_58.cif,50.034874,-26.712757
xtal_59.cif,./U3Si5/__initial__/2/xtal_59.cif,-12.468069,-78.13754
xtal_6.cif,./U3Si5/2/xtal_6.cif,31.194618,-41.91029
xtal_60.cif,./U3Si5/__initial__/2/xtal_60.cif,-5.9808574,-78.623665
xtal_61.cif,./U3Si5/__initial__/2/xtal_61.cif,-59.80747,-46.026188
xtal_62.cif,./U3Si5/__initial__/2/xtal_62.cif,32.59562,-89.37428
xtal_63.cif,./U3Si5/__initial__/2/xtal_63.cif,-31.585052,-67.29934
xtal_64.cif,./U3Si5/__initial__/2/xtal_64.cif,-19.145782,-46.7901
xtal_65.cif,./U3Si5/__initial__/2/xtal_65.cif,-26.429903,-85.38545
xtal_66.cif,./U3Si5/__initial__/2/xtal_66.cif,-57.655956,-71.05725
xtal_67.cif,./U3Si5/__initial__/2/xtal_67.cif,-30.106798,77.3208
xtal_68.cif,./U3Si5/__initial__/2/xtal_68.cif,66.022026,28.730625
xtal_69.cif,./U3Si5/__initial__/2/xtal_69.cif,-31.401918,-78.15155
xtal_7.cif,./U3Si5/__initial__/2/xtal_7.cif,67.54693,-77.80696
xtal_70.cif,./U3Si5/__initial__/2/xtal_70.cif,60.67297,4.199669
xtal_71.cif,./U3Si5/__initial__/2/xtal_71.cif,10.366576,-95.504776
xtal_72.cif,./U3Si5/__initial__/2/xtal_72.cif,45.304977,-64.62742
xtal_73.cif,./U3Si5/__initial__/2/xtal_73.cif,-49.910603,-45.619877
xtal_74.cif,./U3Si5/__initial__/2/xtal_74.cif,35.795704,-81.51515
xtal_75.cif,./U3Si5/__initial__/2/xtal_75.cif,-55.311363,-47.697727
xtal_76.cif,./U3Si5/__initial__/2/xtal_76.cif,-71.30149,-12.392705
xtal_77.cif,./U3Si5/__initial__/2/xtal_77.cif,45.39822,-79.09221
xtal_78.cif,./U3Si5/__initial__/2/xtal_78.cif,32.28075,-57.525837
xtal_79.cif,./U3Si5/__initial__/2/xtal_79.cif,17.618177,-94.39251
xtal_8.cif,./U3Si5/__initial__/2/xtal_8.cif,-34.821568,78.87565
xtal_80.cif,./U3Si5/__initial__/2/xtal_80.cif,-31.598764,46.407494
xtal_81.cif,./U3Si5/__initial__/2/xtal_81.cif,-62.269955,30.429037
xtal_82.cif,./U3Si5/__initial__/2/xtal_82.cif,-38.324028,-63.560974
xtal_83.cif,./U3Si5/__initial__/2/xtal_83.cif,-56.529778,41.41978
xtal_84.cif,./U3Si5/__initial__/2/xtal_84.cif,-29.10437,10.76582
xtal_85.cif,./U3Si5/__initial__/2/xtal_85.cif,-20.994902,72.944565
xtal_86.cif,./U3Si5/__initial__/2/xtal_86.cif,-54.943134,42.579006
xtal_87.cif,./U3Si5/__initial__/2/xtal_87.cif,33.17838,-73.72807
xtal_88.cif,./U3Si5/__initial__/2/xtal_88.cif,-10.262932,12.894146
xtal_89.cif,./U3Si5/__initial__/2/xtal_89.cif,-6.295276,74.33446
xtal_9.cif,./U3Si5/__initial__/2/xtal_9.cif,-37.65075,-46.10374
xtal_90.cif,./U3Si5/__initial__/2/xtal_90.cif,-60.778915,-19.081663
xtal_91.cif,./U3Si5/__initial__/2/xtal_91.cif,72.68919,41.957916
xtal_92.cif,./U3Si5/__initial__/2/xtal_92.cif,-77.702965,-20.889692
xtal_93.cif,./U3Si5/__initial__/2/xtal_93.cif,-30.09861,69.85228
xtal_94.cif,./U3Si5/__initial__/2/xtal_94.cif,17.377777,-92.79545
xtal_95.cif,./U3Si5/__initial__/2/xtal_95.cif,23.584415,-40.68299
xtal_96.cif,./U3Si5/__initial__/2/xtal_96.cif,50.271618,5.324619
xtal_97.cif,./U3Si5/__initial__/2/xtal_97.cif,-38.30925,-65.333565
xtal_98.cif,./U3Si5/__initial__/2/xtal_98.cif,-4.1492662,-99.23
xtal_99.cif,./U3Si5/__initial__/2/xtal_99.cif,11.227418,-95.910995
xtal_10.cif,./U3Si5/__initial__/3/xtal_10.cif,46.257816,-29.05251
xtal_100.cif,./U3Si5/__initial__/3/xtal_100.cif,41.366364,35.02538
xtal_11.cif,./U3Si5/__initial__/3/xtal_11.cif,83.232605,29.061087
xtal_12.cif,./U3Si5/__initial__/3/xtal_12.cif,-28.563126,35.18306
xtal_13.cif,./U3Si5/__initial__/3/xtal_13.cif,-5.1195664,2.547757
xtal_14.cif,./U3Si5/__initial__/3/xtal_14.cif,-4.843505,13.118866
xtal_15.cif,./U3Si5/__initial__/3/xtal_15.cif,79.79602,-79.30469
xtal_16.cif,./U3Si5/__initial__/3/xtal_16.cif,6.1888127,37.931522
xtal_17.cif,./U3Si5/__initial__/3/xtal_17.cif,44.67882,-29.92556
xtal_19.cif,./U3Si5/__initial__/3/xtal_19.cif,0.8836835,-23.331795
xtal_2.cif,./U3Si5/__initial__/3/xtal_2.cif,5.389073,-8.246645
xtal_20.cif,./U3Si5/__initial__/3/xtal_20.cif,-46.803043,68.18614
xtal_21.cif,./U3Si5/__initial__/3/xtal_21.cif,-40.65325,16.757477
xtal_24.cif,./U3Si5/__initial__/3/xtal_24.cif,13.796286,-1.838201
xtal_25.cif,./U3Si5/__initial__/3/xtal_25.cif,-31.022,18.021309
xtal_26.cif,./U3Si5/__initial__/3/xtal_26.cif,10.172779,-0.46302196
xtal_29.cif,./U3Si5/__initial__/3/xtal_29.cif,13.233358,-0.0039158477
xtal_3.cif,./U3Si5/__initial__/3/xtal_3.cif,-1.3789285,26.79423
xtal_30.cif,./U3Si5/3/xtal_30.cif,-12.573894,7.151188
xtal_31.cif,./U3Si5/3/xtal_31.cif,-97.89726,18.652046
xtal_33.cif,./U3Si5/__initial__/3/xtal_33.cif,-25.144182,4.2380137
xtal_34.cif,./U3Si5/__initial__/3/xtal_34.cif,-8.639292,92.80298
xtal_35.cif,./U3Si5/__initial__/3/xtal_35.cif,-25.66257,42.759033
xtal_36.cif,./U3Si5/__initial__/3/xtal_36.cif,-42.672115,-14.875106
xtal_39.cif,./U3Si5/__initial__/3/xtal_39.cif,-36.629723,-52.154774
xtal_40.cif,./U3Si5/__initial__/3/xtal_40.cif,-9.698196,8.026701
xtal_42.cif,./U3Si5/__initial__/3/xtal_42.cif,-18.528193,50.220947
xtal_46.cif,./U3Si5/__initial__/3/xtal_46.cif,7.9075236,86.16213
xtal_47.cif,./U3Si5/__initial__/3/xtal_47.cif,4.8630023,-8.0668745
xtal_48.cif,./U3Si5/__initial__/3/xtal_48.cif,68.384544,-9.425684
xtal_49.cif,./U3Si5/__initial__/3/xtal_49.cif,46.103462,-68.23122
xtal_5.cif,./U3Si5/__initial__/3/xtal_5.cif,-28.716269,58.383514
xtal_50.cif,./U3Si5/__initial__/3/xtal_50.cif,25.952974,20.284765
xtal_52.cif,./U3Si5/__initial__/3/xtal_52.cif,-40.19259,-10.655719
xtal_53.cif,./U3Si5/__initial__/3/xtal_53.cif,-13.720668,46.462433
xtal_54.cif,./U3Si5/__initial__/3/xtal_54.cif,42.70351,25.901836
xtal_56.cif,./U3Si5/__initial__/3/xtal_56.cif,10.848255,52.184917
xtal_57.cif,./U3Si5/__initial__/3/xtal_57.cif,15.418316,35.746742
xtal_58.cif,./U3Si5/__initial__/3/xtal_58.cif,13.708962,-6.2431474
xtal_59.cif,./U3Si5/__initial__/3/xtal_59.cif,-32.53515,-35.43279
xtal_6.cif,./U3Si5/__initial__/3/xtal_6.cif,17.982924,-81.74296
xtal_61.cif,./U3Si5/__initial__/3/xtal_61.cif,-43.553047,64.028885
xtal_62.cif,./U3Si5/__initial__/3/xtal_62.cif,-9.701618,7.823616
xtal_63.cif,./U3Si5/__initial__/3/xtal_63.cif,-18.316698,-16.661768
xtal_64.cif,./U3Si5/__initial__/3/xtal_64.cif,31.884144,38.288094
xtal_66.cif,./U3Si5/__initial__/3/xtal_66.cif,5.1386456,3.2429736
xtal_67.cif,./U3Si5/__initial__/3/xtal_67.cif,-29.398306,41.291203
xtal_68.cif,./U3Si5/__initial__/3/xtal_68.cif,3.264901,41.84256
xtal_70.cif,./U3Si5/__initial__/3/xtal_70.cif,23.684948,-27.095964
xtal_72.cif,./U3Si5/__initial__/3/xtal_72.cif,-4.519116,26.613344
xtal_73.cif,./U3Si5/__initial__/3/xtal_73.cif,-13.898415,63.440315
xtal_74.cif,./U3Si5/__initial__/3/xtal_74.cif,-21.919598,69.45437
xtal_75.cif,./U3Si5/__initial__/3/xtal_75.cif,2.9078932,-2.2675571
xtal_77.cif,./U3Si5/__initial__/3/xtal_77.cif,-36.171352,-2.6066425
xtal_78.cif,./U3Si5/__initial__/3/xtal_78.cif,-26.927345,69.9578
xtal_79.cif,./U3Si5/__initial__/3/xtal_79.cif,59.659607,51.279537
xtal_8.cif,./U3Si5/__initial__/3/xtal_8.cif,31.316267,32.76867
xtal_84.cif,./U3Si5/__initial__/3/xtal_84.cif,-9.585864,5.9781237
xtal_86.cif,./U3Si5/__initial__/3/xtal_86.cif,4.755836,0.9157324
xtal_89.cif,./U3Si5/__initial__/3/xtal_89.cif,38.37601,32.91286
xtal_90.cif,./U3Si5/__initial__/3/xtal_90.cif,7.0990047,-4.399388
xtal_91.cif,./U3Si5/__initial__/3/xtal_91.cif,18.095531,37.472473
xtal_93.cif,./U3Si5/__initial__/3/xtal_93.cif,2.28311,68.30159
xtal_94.cif,./U3Si5/__initial__/3/xtal_94.cif,-12.071145,76.32341
xtal_95.cif,./U3Si5/__initial__/3/xtal_95.cif,1.8778827,0.6772153
xtal_97.cif,./U3Si5/__initial__/3/xtal_97.cif,9.792569,51.819283
xtal_98.cif,./U3Si5/__initial__/3/xtal_98.cif,9.359268,25.01932
xtal_99.cif,./U3Si5/__initial__/3/xtal_99.cif,-49.017345,67.84798
xtal_100.cif,./U3Si5/__initial__/4/xtal_100.cif,-3.1038551,40.497517
xtal_12.cif,./U3Si5/__initial__/4/xtal_12.cif,-65.16138,-53.771866
xtal_14.cif,./U3Si5/__initial__/4/xtal_14.cif,-19.666449,87.61926
xtal_15.cif,./U3Si5/__initial__/4/xtal_15.cif,-27.57224,35.63458
xtal_16.cif,./U3Si5/__initial__/4/xtal_16.cif,-47.3667,-16.861954
xtal_17.cif,./U3Si5/__initial__/4/xtal_17.cif,-4.980222,86.95374
xtal_2.cif,./U3Si5/__initial__/4/xtal_2.cif,-42.25225,63.646492
xtal_20.cif,./U3Si5/__initial__/4/xtal_20.cif,12.501061,-84.3835
xtal_23.cif,./U3Si5/__initial__/4/xtal_23.cif,-21.960068,-84.30744
xtal_25.cif,./U3Si5/__initial__/4/xtal_25.cif,20.357838,-22.80355
xtal_26.cif,./U3Si5/__initial__/4/xtal_26.cif,39.746994,-91.23795
xtal_27.cif,./U3Si5/__initial__/4/xtal_27.cif,-2.2317328,30.05109
xtal_29.cif,./U3Si5/__initial__/4/xtal_29.cif,-23.666267,56.259495
xtal_3.cif,./U3Si5/__initial__/4/xtal_3.cif,3.9161394,16.422663
xtal_30.cif,./U3Si5/__initial__/4/xtal_30.cif,18.362473,1.9554465
xtal_31.cif,./U3Si5/__initial__/4/xtal_31.cif,-15.176053,-7.4265313
xtal_33.cif,./U3Si5/__initial__/4/xtal_33.cif,-58.76477,40.823036
xtal_34.cif,./U3Si5/__initial__/4/xtal_34.cif,-55.764896,-5.567857
xtal_37.cif,./U3Si5/__initial__/4/xtal_37.cif,20.718597,0.4092479
xtal_38.cif,./U3Si5/__initial__/4/xtal_38.cif,-29.584616,39.336185
xtal_39.cif,./U3Si5/__initial__/4/xtal_39.cif,48.586956,-4.7245617
xtal_4.cif,./U3Si5/__initial__/4/xtal_4.cif,3.0773075,-37.293694
xtal_40.cif,./U3Si5/__initial__/4/xtal_40.cif,41.15986,-25.194002
xtal_42.cif,./U3Si5/__initial__/4/xtal_42.cif,-21.99754,33.699146
xtal_43.cif,./U3Si5/__initial__/4/xtal_43.cif,0.6915565,21.832985
xtal_44.cif,./U3Si5/__initial__/4/xtal_44.cif,19.59237,-50.715458
xtal_47.cif,./U3Si5/__initial__/4/xtal_47.cif,2.587221,-15.023443
xtal_50.cif,./U3Si5/__initial__/4/xtal_50.cif,41.158653,-14.708019
xtal_52.cif,./U3Si5/__initial__/4/xtal_52.cif,-26.897455,69.8559
xtal_53.cif,./U3Si5/__initial__/4/xtal_53.cif,-20.235985,-58.67329
xtal_54.cif,./U3Si5/__initial__/4/xtal_54.cif,72.916565,-57.60855
xtal_55.cif,./U3Si5/__initial__/4/xtal_55.cif,-56.235443,16.264782
xtal_56.cif,./U3Si5/__initial__/4/xtal_56.cif,9.163138,-53.225864
xtal_58.cif,./U3Si5/__initial__/4/xtal_58.cif,-12.497529,-71.61626
xtal_59.cif,./U3Si5/__initial__/4/xtal_59.cif,-10.646918,94.21016
xtal_61.cif,./U3Si5/__initial__/4/xtal_61.cif,-2.9810834,38.925274
xtal_63.cif,./U3Si5/__initial__/4/xtal_63.cif,18.277916,-29.703104
xtal_65.cif,./U3Si5/__initial__/4/xtal_65.cif,-24.22057,85.83693
xtal_66.cif,./U3Si5/__initial__/4/xtal_66.cif,-64.20261,5.6221128
xtal_68.cif,./U3Si5/__initial__/4/xtal_68.cif,25.397583,8.210095
xtal_69.cif,./U3Si5/__initial__/4/xtal_69.cif,28.329044,-79.86517
xtal_7.cif,./U3Si5/__initial__/4/xtal_7.cif,-3.2831488,38.775356
xtal_70.cif,./U3Si5/__initial__/4/xtal_70.cif,4.165916,-50.80955
xtal_71.cif,./U3Si5/__initial__/4/xtal_71.cif,28.644518,-27.25807
xtal_72.cif,./U3Si5/__initial__/4/xtal_72.cif,12.879216,-8.501007
xtal_73.cif,./U3Si5/__initial__/4/xtal_73.cif,7.6828265,-40.118702
xtal_75.cif,./U3Si5/__initial__/4/xtal_75.cif,-41.892025,-61.885563
xtal_76.cif,./U3Si5/__initial__/4/xtal_76.cif,-12.69761,-39.556553
xtal_77.cif,./U3Si5/__initial__/4/xtal_77.cif,-35.61037,70.3466
xtal_78.cif,./U3Si5/__initial__/4/xtal_78.cif,-54.001263,30.981321
xtal_80.cif,./U3Si5/__initial__/4/xtal_80.cif,-36.726048,15.750123
xtal_81.cif,./U3Si5/__initial__/4/xtal_81.cif,39.35387,-71.76267
xtal_82.cif,./U3Si5/__initial__/4/xtal_82.cif,18.269161,-29.792877
xtal_83.cif,./U3Si5/__initial__/4/xtal_83.cif,-44.141132,-11.38983
xtal_84.cif,./U3Si5/__initial__/4/xtal_84.cif,10.390506,-85.65464
xtal_88.cif,./U3Si5/__initial__/4/xtal_88.cif,-66.5241,20.642975
xtal_92.cif,./U3Si5/__initial__/4/xtal_92.cif,7.268737,32.74618
xtal_93.cif,./U3Si5/__initial__/4/xtal_93.cif,-29.965656,43.55946
xtal_94.cif,./U3Si5/__initial__/4/xtal_94.cif,5.995748,-55.14467
xtal_95.cif,./U3Si5/__initial__/4/xtal_95.cif,-3.5208912,38.52132
xtal_98.cif,./U3Si5/__initial__/4/xtal_98.cif,-29.286617,41.99695
xtal_10.cif,./U3Si5/__initial__/5/xtal_10.cif,23.665258,-5.840785
xtal_12.cif,./U3Si5/__initial__/5/xtal_12.cif,-12.440533,-39.967045
xtal_14.cif,./U3Si5/__initial__/5/xtal_14.cif,28.546268,12.354605
xtal_16.cif,./U3Si5/__initial__/5/xtal_16.cif,-15.097758,39.41873
xtal_17.cif,./U3Si5/__initial__/5/xtal_17.cif,104.78849,7.5583277
xtal_19.cif,./U3Si5/__initial__/5/xtal_19.cif,-1.3122131,47.286377
xtal_2.cif,./U3Si5/__initial__/5/xtal_2.cif,25.097445,2.8983998
xtal_23.cif,./U3Si5/__initial__/5/xtal_23.cif,-27.405415,51.417957
xtal_26.cif,./U3Si5/__initial__/5/xtal_26.cif,11.060089,36.32372
xtal_28.cif,./U3Si5/__initial__/5/xtal_28.cif,-26.317802,30.221535
xtal_29.cif,./U3Si5/__initial__/5/xtal_29.cif,31.9632,35.178417
xtal_3.cif,./U3Si5/__initial__/5/xtal_3.cif,32.276943,-30.0472
xtal_31.cif,./U3Si5/__initial__/5/xtal_31.cif,-17.510077,62.450928
xtal_32.cif,./U3Si5/__initial__/5/xtal_32.cif,16.378012,8.738795
xtal_33.cif,./U3Si5/__initial__/5/xtal_33.cif,40.78816,-25.780176
xtal_35.cif,./U3Si5/__initial__/5/xtal_35.cif,32.598686,4.616667
xtal_36.cif,./U3Si5/__initial__/5/xtal_36.cif,33.369625,25.737194
xtal_38.cif,./U3Si5/__initial__/5/xtal_38.cif,5.2407246,13.860303
xtal_4.cif,./U3Si5/__initial__/5/xtal_4.cif,18.617579,10.904648
xtal_40.cif,./U3Si5/__initial__/5/xtal_40.cif,31.412241,-29.615854
xtal_43.cif,./U3Si5/__initial__/5/xtal_43.cif,43.306046,34.244293
xtal_44.cif,./U3Si5/__initial__/5/xtal_44.cif,-22.10346,-21.307085
xtal_45.cif,./U3Si5/__initial__/5/xtal_45.cif,-8.4347515,91.56403
xtal_47.cif,./U3Si5/__initial__/5/xtal_47.cif,30.92228,34.306595
xtal_48.cif,./U3Si5/__initial__/5/xtal_48.cif,17.75333,-89.994415
xtal_49.cif,./U3Si5/__initial__/5/xtal_49.cif,-31.097792,73.57171
xtal_5.cif,./U3Si5/__initial__/5/xtal_5.cif,38.20205,-93.35356
xtal_53.cif,./U3Si5/__initial__/5/xtal_53.cif,-41.01816,71.919846
xtal_54.cif,./U3Si5/__initial__/5/xtal_54.cif,9.782573,19.613287
xtal_55.cif,./U3Si5/__initial__/5/xtal_55.cif,44.0891,28.773237
xtal_57.cif,./U3Si5/__initial__/5/xtal_57.cif,77.215294,10.598327
xtal_59.cif,./U3Si5/__initial__/5/xtal_59.cif,2.3895469,48.27628
xtal_6.cif,./U3Si5/__initial__/5/xtal_6.cif,-34.5038,36.365574
xtal_61.cif,./U3Si5/__initial__/5/xtal_61.cif,-18.807299,13.335626
xtal_63.cif,./U3Si5/__initial__/5/xtal_63.cif,-5.4129047,21.39126
xtal_66.cif,./U3Si5/__initial__/5/xtal_66.cif,5.9557776,78.10072
xtal_68.cif,./U3Si5/__initial__/5/xtal_68.cif,-3.5054688,37.213463
xtal_69.cif,./U3Si5/__initial__/5/xtal_69.cif,54.414883,-49.522785
xtal_72.cif,./U3Si5/__initial__/5/xtal_72.cif,7.095827,76.05457
xtal_73.cif,./U3Si5/__initial__/5/xtal_73.cif,-37.546875,70.675125
xtal_74.cif,./U3Si5/__initial__/5/xtal_74.cif,73.57484,12.211228
xtal_79.cif,./U3Si5/__initial__/5/xtal_79.cif,42.916954,54.95
xtal_8.cif,./U3Si5/__initial__/5/xtal_8.cif,57.92836,-16.562767
xtal_80.cif,./U3Si5/__initial__/5/xtal_80.cif,18.496181,-85.92655
xtal_81.cif,./U3Si5/__initial__/5/xtal_81.cif,58.516804,69.46159
xtal_84.cif,./U3Si5/__initial__/5/xtal_84.cif,-5.723511,43.409023
xtal_85.cif,./U3Si5/__initial__/5/xtal_85.cif,-68.682365,23.189106
xtal_87.cif,./U3Si5/__initial__/5/xtal_87.cif,42.406055,60.18201
xtal_88.cif,./U3Si5/__initial__/5/xtal_88.cif,0.07736264,99.923836
xtal_9.cif,./U3Si5/__initial__/5/xtal_9.cif,24.043806,-6.1950326
xtal_90.cif,./U3Si5/__initial__/5/xtal_90.cif,39.78978,45.980263
xtal_92.cif,./U3Si5/__initial__/5/xtal_92.cif,23.14445,17.506748
xtal_95.cif,./U3Si5/__initial__/5/xtal_95.cif,85.10327,2.0794795
xtal_99.cif,./U3Si5/__initial__/5/xtal_99.cif,-18.32457,-1.8091755
xtal_1.cif,./U3Si5/__initial__/6/xtal_1.cif,9.970061,51.675156
xtal_10.cif,./U3Si5/__initial__/6/xtal_10.cif,20.237938,45.459892
xtal_100.cif,./U3Si5/__initial__/6/xtal_100.cif,9.893703,-9.345163
xtal_17.cif,./U3Si5/__initial__/6/xtal_17.cif,-24.451862,40.138412
xtal_2.cif,./U3Si5/__initial__/6/xtal_2.cif,18.03505,42.32488
xtal_20.cif,./U3Si5/__initial__/6/xtal_20.cif,38.990433,26.86381
xtal_22.cif,./U3Si5/__initial__/6/xtal_22.cif,3.6346815,-4.1116347
xtal_23.cif,./U3Si5/__initial__/6/xtal_23.cif,20.663979,39.490963
xtal_26.cif,./U3Si5/6/xtal_26.cif,1.3465712,111.14044
xtal_27.cif,./U3Si5/__initial__/6/xtal_27.cif,-33.5753,-34.478252
xtal_28.cif,./U3Si5/__initial__/6/xtal_28.cif,-4.1528087,-0.40821332
xtal_29.cif,./U3Si5/__initial__/6/xtal_29.cif,4.312506,48.04085
xtal_31.cif,./U3Si5/__initial__/6/xtal_31.cif,10.601778,50.26339
xtal_34.cif,./U3Si5/__initial__/6/xtal_34.cif,2.643179,26.610836
xtal_35.cif,./U3Si5/__initial__/6/xtal_35.cif,29.075619,-48.49549
xtal_37.cif,./U3Si5/__initial__/6/xtal_37.cif,52.416485,70.26783
xtal_39.cif,./U3Si5/__initial__/6/xtal_39.cif,1.9571772,43.956852
xtal_41.cif,./U3Si5/__initial__/6/xtal_41.cif,-11.519438,87.64321
xtal_42.cif,./U3Si5/__initial__/6/xtal_42.cif,-14.094183,24.382368
xtal_43.cif,./U3Si5/__initial__/6/xtal_43.cif,42.3399,75.169624
xtal_44.cif,./U3Si5/__initial__/6/xtal_44.cif,25.729614,76.141975
xtal_51.cif,./U3Si5/__initial__/6/xtal_51.cif,21.06199,-10.23912
xtal_53.cif,./U3Si5/__initial__/6/xtal_53.cif,5.543522,24.380722
xtal_54.cif,./U3Si5/__initial__/6/xtal_54.cif,0.91371256,41.388977
xtal_57.cif,./U3Si5/__initial__/6/xtal_57.cif,25.428272,30.87823
xtal_59.cif,./U3Si5/__initial__/6/xtal_59.cif,3.9359598,0.3435694
xtal_61.cif,./U3Si5/__initial__/6/xtal_61.cif,32.126274,26.63908
xtal_62.cif,./U3Si5/6/xtal_62.cif,-57.820805,49.341286
xtal_64.cif,./U3Si5/__initial__/6/xtal_64.cif,31.862082,31.44162
xtal_69.cif,./U3Si5/__initial__/6/xtal_69.cif,7.0255184,-20.494568
xtal_74.cif,./U3Si5/__initial__/6/xtal_74.cif,12.724643,32.72392
xtal_75.cif,./U3Si5/__initial__/6/xtal_75.cif,5.140114,59.598686
xtal_77.cif,./U3Si5/__initial__/6/xtal_77.cif,2.5590918,41.09341
xtal_80.cif,./U3Si5/__initial__/6/xtal_80.cif,-49.65249,66.58156
xtal_82.cif,./U3Si5/__initial__/6/xtal_82.cif,-2.912246,34.607235
xtal_83.cif,./U3Si5/__initial__/6/xtal_83.cif,15.137785,18.929428
xtal_84.cif,./U3Si5/__initial__/6/xtal_84.cif,20.257584,39.244904
xtal_85.cif,./U3Si5/__initial__/6/xtal_85.cif,26.698154,-3.5525339
xtal_87.cif,./U3Si5/__initial__/6/xtal_87.cif,46.248116,10.015016
xtal_88.cif,./U3Si5/__initial__/6/xtal_88.cif,31.001394,10.153494
xtal_9.cif,./U3Si5/__initial__/6/xtal_9.cif,16.91309,31.90089
xtal_92.cif,./U3Si5/__initial__/6/xtal_92.cif,12.975895,18.301613
xtal_94.cif,./U3Si5/__initial__/6/xtal_94.cif,37.08676,54.240826
xtal_95.cif,./U3Si5/__initial__/6/xtal_95.cif,-4.661679,0.20770839
xtal_96.cif,./U3Si5/__initial__/6/xtal_96.cif,5.2632236,0.47310385
xtal_98.cif,./U3Si5/__initial__/6/xtal_98.cif,-65.60078,17.591942
xtal_1.cif,./U3Si5/__initial__/7/xtal_1.cif,-2.6902425,-6.532823
xtal_10.cif,./U3Si5/__initial__/7/xtal_10.cif,22.088099,50.125534
xtal_100.cif,./U3Si5/__initial__/7/xtal_100.cif,33.627037,78.08094
xtal_11.cif,./U3Si5/__initial__/7/xtal_11.cif,-28.900671,40.23871
xtal_12.cif,./U3Si5/__initial__/7/xtal_12.cif,-28.538004,58.10222
xtal_13.cif,./U3Si5/__initial__/7/xtal_13.cif,14.686445,-89.21131
xtal_14.cif,./U3Si5/__initial__/7/xtal_14.cif,-10.636882,-5.170143
xtal_15.cif,./U3Si5/__initial__/7/xtal_15.cif,-2.015277,31.62183
xtal_16.cif,./U3Si5/__initial__/7/xtal_16.cif,36.890198,75.23012
xtal_17.cif,./U3Si5/__initial__/7/xtal_17.cif,30.26756,31.858624
xtal_18.cif,./U3Si5/__initial__/7/xtal_18.cif,-63.277782,13.873301
xtal_19.cif,./U3Si5/__initial__/7/xtal_19.cif,15.83964,-23.502542
xtal_2.cif,./U3Si5/__initial__/7/xtal_2.cif,21.617197,66.79456
xtal_20.cif,./U3Si5/__initial__/7/xtal_20.cif,1.7726212,-14.157522
xtal_21.cif,./U3Si5/__initial__/7/xtal_21.cif,-65.96177,4.0718727
xtal_22.cif,./U3Si5/__initial__/7/xtal_22.cif,19.6016,-17.397884
xtal_23.cif,./U3Si5/__initial__/7/xtal_23.cif,19.66329,-13.134254
xtal_24.cif,./U3Si5/__initial__/7/xtal_24.cif,-3.5705686,-5.1546025
xtal_25.cif,./U3Si5/__initial__/7/xtal_25.cif,18.790365,35.899666
xtal_26.cif,./U3Si5/__initial__/7/xtal_26.cif,36.939453,31.085823
xtal_27.cif,./U3Si5/__initial__/7/xtal_27.cif,16.897383,10.089505
xtal_28.cif,./U3Si5/__initial__/7/xtal_28.cif,-1.3462139,-19.85399
xtal_29.cif,./U3Si5/__initial__/7/xtal_29.cif,-12.299986,-51.70946
xtal_3.cif,./U3Si5/__initial__/7/xtal_3.cif,49.34018,45.39697
xtal_30.cif,./U3Si5/__initial__/7/xtal_30.cif,-19.329517,0.5073751
xtal_31.cif,./U3Si5/__initial__/7/xtal_31.cif,4.822763,-6.132423
xtal_32.cif,./U3Si5/__initial__/7/xtal_32.cif,17.94592,-0.9912934
xtal_33.cif,./U3Si5/__initial__/7/xtal_33.cif,2.5590427,43.462734
xtal_34.cif,./U3Si5/__initial__/7/xtal_34.cif,-17.108236,-23.001257
xtal_35.cif,./U3Si5/__initial__/7/xtal_35.cif,-0.12341295,26.263733
xtal_36.cif,./U3Si5/__initial__/7/xtal_36.cif,-4.859072,-60.994205
xtal_37.cif,./U3Si5/__initial__/7/xtal_37.cif,25.6831,11.601989
xtal_38.cif,./U3Si5/__initial__/7/xtal_38.cif,-18.245277,-24.761723
xtal_39.cif,./U3Si5/__initial__/7/xtal_39.cif,-58.863697,6.324091
xtal_4.cif,./U3Si5/__initial__/7/xtal_4.cif,-2.1089618,-3.2236598
xtal_40.cif,./U3Si5/__initial__/7/xtal_40.cif,24.44679,50.464417
xtal_41.cif,./U3Si5/__initial__/7/xtal_41.cif,-27.60801,39.98701
xtal_42.cif,./U3Si5/__initial__/7/xtal_42.cif,1.8656409,-30.81151
xtal_43.cif,./U3Si5/__initial__/7/xtal_43.cif,27.75518,-38.348927
xtal_44.cif,./U3Si5/__initial__/7/xtal_44.cif,4.339189,-21.587158
xtal_45.cif,./U3Si5/7/xtal_45.cif,-17.652145,108.72775
xtal_46.cif,./U3Si5/__initial__/7/xtal_46.cif,5.5644927,0.1224849
xtal_47.cif,./U3Si5/__initial__/7/xtal_47.cif,-64.83466,-35.760826
xtal_48.cif,./U3Si5/__initial__/7/xtal_48.cif,29.180029,88.52972
xtal_49.cif,./U3Si5/__initial__/7/xtal_49.cif,-3.4782882,35.76376
xtal_5.cif,./U3Si5/__initial__/7/xtal_5.cif,10.596674,35.436104
xtal_50.cif,./U3Si5/__initial__/7/xtal_50.cif,-1.6122371,-7.8187923
xtal_51.cif,./U3Si5/7/xtal_51.cif,-77.01727,34.491867
xtal_52.cif,./U3Si5/__initial__/7/xtal_52.cif,-22.768385,-19.17095
xtal_53.cif,./U3Si5/__initial__/7/xtal_53.cif,20.569551,-83.62393
xtal_54.cif,./U3Si5/__initial__/7/xtal_54.cif,-38.21582,10.460113
xtal_55.cif,./U3Si5/__initial__/7/xtal_55.cif,18.083115,-23.399454
xtal_56.cif,./U3Si5/__initial__/7/xtal_56.cif,4.819436,7.130457
xtal_57.cif,./U3Si5/__initial__/7/xtal_57.cif,-43.337135,71.19149
xtal_58.cif,./U3Si5/__initial__/7/xtal_58.cif,15.45957,-23.949986
xtal_59.cif,./U3Si5/__initial__/7/xtal_59.cif,1.6007688,25.476368
xtal_6.cif,./U3Si5/__initial__/7/xtal_6.cif,-11.545768,-58.222054
xtal_60.cif,./U3Si5/__initial__/7/xtal_60.cif,-41.85271,61.902557
xtal_61.cif,./U3Si5/__initial__/7/xtal_61.cif,-64.10136,8.86798
xtal_62.cif,./U3Si5/__initial__/7/xtal_62.cif,-63.689606,7.7179604
xtal_63.cif,./U3Si5/__initial__/7/xtal_63.cif,-2.2170587,29.847534
xtal_64.cif,./U3Si5/__initial__/7/xtal_64.cif,10.279124,27.42469
xtal_65.cif,./U3Si5/__initial__/7/xtal_65.cif,12.452556,-17.076576
xtal_66.cif,./U3Si5/__initial__/7/xtal_66.cif,-60.542267,-4.2520022
xtal_67.cif,./U3Si5/__initial__/7/xtal_67.cif,-64.069664,18.487944
xtal_68.cif,./U3Si5/__initial__/7/xtal_68.cif,-8.281973,5.749367
xtal_69.cif,./U3Si5/__initial__/7/xtal_69.cif,-6.250721,-8.983666
xtal_7.cif,./U3Si5/__initial__/7/xtal_7.cif,17.53001,-24.459286
xtal_70.cif,./U3Si5/__initial__/7/xtal_70.cif,-24.938597,15.44854
xtal_71.cif,./U3Si5/__initial__/7/xtal_71.cif,44.37199,84.53239
xtal_72.cif,./U3Si5/__initial__/7/xtal_72.cif,12.666058,-84.16268
xtal_73.cif,./U3Si5/__initial__/7/xtal_73.cif,24.347822,75.16345
xtal_74.cif,./U3Si5/__initial__/7/xtal_74.cif,-25.770401,-21.88069
xtal_75.cif,./U3Si5/__initial__/7/xtal_75.cif,-8.190506,-5.7352395
xtal_76.cif,./U3Si5/__initial__/7/xtal_76.cif,22.31931,50.91651
xtal_77.cif,./U3Si5/__initial__/7/xtal_77.cif,19.208126,-2.3778064
xtal_78.cif,./U3Si5/__initial__/7/xtal_78.cif,0.85821265,-5.8051734
xtal_79.cif,./U3Si5/__initial__/7/xtal_79.cif,0.526199,-30.681768
xtal_8.cif,./U3Si5/__initial__/7/xtal_8.cif,14.752576,11.157601
xtal_80.cif,./U3Si5/__initial__/7/xtal_80.cif,16.062243,35.787148
xtal_81.cif,./U3Si5/__initial__/7/xtal_81.cif,2.7444937,32.786865
xtal_82.cif,./U3Si5/__initial__/7/xtal_82.cif,26.093897,3.803356
xtal_83.cif,./U3Si5/__initial__/7/xtal_83.cif,10.287398,51.402573
xtal_84.cif,./U3Si5/__initial__/7/xtal_84.cif,7.3261223,13.849195
xtal_85.cif,./U3Si5/__initial__/7/xtal_85.cif,-14.36966,-52.480198
xtal_86.cif,./U3Si5/__initial__/7/xtal_86.cif,-52.085155,-3.870647
xtal_87.cif,./U3Si5/__initial__/7/xtal_87.cif,-22.523064,-83.78188
xtal_88.cif,./U3Si5/__initial__/7/xtal_88.cif,29.423079,30.408102
xtal_89.cif,./U3Si5/__initial__/7/xtal_89.cif,7.674334,-28.098406
xtal_9.cif,./U3Si5/__initial__/7/xtal_9.cif,-22.921389,-86.91179
xtal_90.cif,./U3Si5/__initial__/7/xtal_90.cif,20.89754,68.64295
xtal_91.cif,./U3Si5/__initial__/7/xtal_91.cif,-14.7740345,-17.189356
xtal_92.cif,./U3Si5/__initial__/7/xtal_92.cif,-13.026722,-4.1201954
xtal_93.cif,./U3Si5/__initial__/7/xtal_93.cif,-47.89081,75.51103
xtal_94.cif,./U3Si5/__initial__/7/xtal_94.cif,22.309414,37.296337
xtal_95.cif,./U3Si5/__initial__/7/xtal_95.cif,-12.489542,-90.54033
xtal_96.cif,./U3Si5/__initial__/7/xtal_96.cif,-41.800632,64.84859
xtal_97.cif,./U3Si5/__initial__/7/xtal_97.cif,-64.282646,-59.71568
xtal_98.cif,./U3Si5/__initial__/7/xtal_98.cif,-67.00799,22.538397
xtal_99.cif,./U3Si5/__initial__/7/xtal_99.cif,-48.18619,63.13691
xtal_1.cif,./U3Si5/__initial__/8/xtal_1.cif,24.342346,78.37727
xtal_10.cif,./U3Si5/__initial__/8/xtal_10.cif,35.19713,75.53215
xtal_100.cif,./U3Si5/__initial__/8/xtal_100.cif,-21.445982,20.908966
xtal_13.cif,./U3Si5/__initial__/8/xtal_13.cif,30.185814,60.564945
xtal_14.cif,./U3Si5/__initial__/8/xtal_14.cif,65.142914,18.186386
xtal_15.cif,./U3Si5/__initial__/8/xtal_15.cif,28.73606,43.71597
xtal_16.cif,./U3Si5/__initial__/8/xtal_16.cif,-19.408693,-56.737186
xtal_17.cif,./U3Si5/__initial__/8/xtal_17.cif,45.141865,-29.629217
xtal_18.cif,./U3Si5/__initial__/8/xtal_18.cif,40.723366,47.59694
xtal_2.cif,./U3Si5/__initial__/8/xtal_2.cif,30.015148,45.55873
xtal_25.cif,./U3Si5/__initial__/8/xtal_25.cif,48.930195,60.788742
xtal_26.cif,./U3Si5/__initial__/8/xtal_26.cif,31.373505,-29.627556
xtal_27.cif,./U3Si5/__initial__/8/xtal_27.cif,3.5251093,-18.677555
xtal_29.cif,./U3Si5/__initial__/8/xtal_29.cif,21.14093,33.60871
xtal_3.cif,./U3Si5/__initial__/8/xtal_3.cif,3.0892243,23.119415
xtal_30.cif,./U3Si5/__initial__/8/xtal_30.cif,11.214004,13.611094
xtal_31.cif,./U3Si5/__initial__/8/xtal_31.cif,37.086506,58.222034
xtal_33.cif,./U3Si5/__initial__/8/xtal_33.cif,30.565126,-6.4741874
xtal_35.cif,./U3Si5/__initial__/8/xtal_35.cif,25.748394,75.70815
xtal_36.cif,./U3Si5/__initial__/8/xtal_36.cif,9.695816,11.360554
xtal_38.cif,./U3Si5/__initial__/8/xtal_38.cif,74.989555,-60.82908
xtal_39.cif,./U3Si5/__initial__/8/xtal_39.cif,35.537495,28.619688
xtal_4.cif,./U3Si5/__initial__/8/xtal_4.cif,23.093624,-10.431446
xtal_41.cif,./U3Si5/__initial__/8/xtal_41.cif,-3.9652667,80.68405
xtal_42.cif,./U3Si5/__initial__/8/xtal_42.cif,9.39421,41.649002
xtal_44.cif,./U3Si5/__initial__/8/xtal_44.cif,49.408203,-0.44462016
xtal_47.cif,./U3Si5/__initial__/8/xtal_47.cif,45.059864,44.202526
xtal_50.cif,./U3Si5/__initial__/8/xtal_50.cif,-6.521738,6.7248693
xtal_51.cif,./U3Si5/__initial__/8/xtal_51.cif,34.70658,-14.015917
xtal_54.cif,./U3Si5/__initial__/8/xtal_54.cif,47.683132,79.50006
xtal_56.cif,./U3Si5/__initial__/8/xtal_56.cif,-27.102015,35.712097
xtal_6.cif,./U3Si5/__initial__/8/xtal_6.cif,35.2051,89.81623
xtal_60.cif,./U3Si5/__initial__/8/xtal_60.cif,7.576007,79.937416
xtal_62.cif,./U3Si5/__initial__/8/xtal_62.cif,0.025688898,23.337889
xtal_63.cif,./U3Si5/__initial__/8/xtal_63.cif,30.159632,42.392776
xtal_65.cif,./U3Si5/__initial__/8/xtal_65.cif,-2.7050414,30.3489
xtal_67.cif,./U3Si5/__initial__/8/xtal_67.cif,27.12237,-7.5298824
xtal_70.cif,./U3Si5/__initial__/8/xtal_70.cif,20.06787,70.81419
xtal_74.cif,./U3Si5/__initial__/8/xtal_74.cif,31.057268,9.390303
xtal_76.cif,./U3Si5/__initial__/8/xtal_76.cif,37.68301,-5.9231763
xtal_77.cif,./U3Si5/__initial__/8/xtal_77.cif,6.4178033,15.234791
xtal_79.cif,./U3Si5/__initial__/8/xtal_79.cif,12.003472,91.88825
xtal_82.cif,./U3Si5/__initial__/8/xtal_82.cif,5.1640005,43.33643
xtal_83.cif,./U3Si5/__initial__/8/xtal_83.cif,-45.617916,70.24791
xtal_84.cif,./U3Si5/__initial__/8/xtal_84.cif,52.900005,70.29978
xtal_86.cif,./U3Si5/__initial__/8/xtal_86.cif,77.14278,10.679704
xtal_88.cif,./U3Si5/__initial__/8/xtal_88.cif,6.7696776,-3.9248898
xtal_89.cif,./U3Si5/__initial__/8/xtal_89.cif,38.618595,44.877064
xtal_90.cif,./U3Si5/__initial__/8/xtal_90.cif,-26.020647,31.950022
xtal_91.cif,./U3Si5/__initial__/8/xtal_91.cif,20.53783,39.756714
xtal_94.cif,./U3Si5/__initial__/8/xtal_94.cif,23.780561,57.325005
xtal_95.cif,./U3Si5/__initial__/8/xtal_95.cif,45.450264,82.35917
xtal_97.cif,./U3Si5/__initial__/8/xtal_97.cif,-4.1522408,30.239054
xtal_98.cif,./U3Si5/__initial__/8/xtal_98.cif,28.564444,41.014896
xtal_1.cif,./U3Si5/10/xtal_1.cif,-86.62738,25.481539
xtal_10.cif,./U3Si5/__initial__/10/xtal_10.cif,12.42823,62.43149
xtal_11.cif,./U3Si5/__initial__/10/xtal_11.cif,-29.092905,62.877125
xtal_12.cif,./U3Si5/__initial__/10/xtal_12.cif,-3.6696696,18.426987
xtal_14.cif,./U3Si5/__initial__/10/xtal_14.cif,77.477615,-67.17208
xtal_15.cif,./U3Si5/__initial__/10/xtal_15.cif,-57.136665,-10.246346
xtal_17.cif,./U3Si5/__initial__/10/xtal_17.cif,0.32801574,-82.33602
xtal_18.cif,./U3Si5/__initial__/10/xtal_18.cif,-42.117992,-38.080956
xtal_2.cif,./U3Si5/__initial__/10/xtal_2.cif,-27.41083,-4.6974316
xtal_20.cif,./U3Si5/__initial__/10/xtal_20.cif,-18.647224,43.69513
xtal_22.cif,./U3Si5/__initial__/10/xtal_22.cif,54.027733,-61.786884
xtal_24.cif,./U3Si5/__initial__/10/xtal_24.cif,10.333786,78.12794
xtal_25.cif,./U3Si5/__initial__/10/xtal_25.cif,94.58797,-11.276089
xtal_26.cif,./U3Si5/__initial__/10/xtal_26.cif,39.1651,-41.69385
xtal_27.cif,./U3Si5/__initial__/10/xtal_27.cif,-39.85381,8.325965
xtal_29.cif,./U3Si5/__initial__/10/xtal_29.cif,23.56832,-83.68278
xtal_30.cif,./U3Si5/__initial__/10/xtal_30.cif,-7.579145,14.378371
xtal_32.cif,./U3Si5/__initial__/10/xtal_32.cif,-20.667936,73.94544
xtal_33.cif,./U3Si5/__initial__/10/xtal_33.cif,-34.215973,-68.457924
xtal_34.cif,./U3Si5/__initial__/10/xtal_34.cif,89.512985,-55.19402
xtal_35.cif,./U3Si5/__initial__/10/xtal_35.cif,-40.229965,-39.318504
xtal_37.cif,./U3Si5/__initial__/10/xtal_37.cif,-35.24668,9.903083
xtal_39.cif,./U3Si5/__initial__/10/xtal_39.cif,-25.592949,8.41638
xtal_41.cif,./U3Si5/__initial__/10/xtal_41.cif,41.627766,-0.06783435
xtal_42.cif,./U3Si5/__initial__/10/xtal_42.cif,-33.379063,88.94456
xtal_43.cif,./U3Si5/__initial__/10/xtal_43.cif,83.66398,-32.279613
xtal_46.cif,./U3Si5/__initial__/10/xtal_46.cif,52.82246,7.812879
xtal_47.cif,./U3Si5/__initial__/10/xtal_47.cif,58.48761,-41.914383
xtal_49.cif,./U3Si5/__initial__/10/xtal_49.cif,71.04231,-35.59073
xtal_5.cif,./U3Si5/__initial__/10/xtal_5.cif,73.65402,44.126335
xtal_51.cif,./U3Si5/__initial__/10/xtal_51.cif,4.9131474,94.78307
xtal_52.cif,./U3Si5/__initial__/10/xtal_52.cif,91.74732,-18.721632
xtal_54.cif,./U3Si5/__initial__/10/xtal_54.cif,63.174904,-78.643295
xtal_55.cif,./U3Si5/__initial__/10/xtal_55.cif,-58.491863,-20.594122
xtal_57.cif,./U3Si5/__initial__/10/xtal_57.cif,69.70876,-7.76849
xtal_6.cif,./U3Si5/__initial__/10/xtal_6.cif,-39.970627,35.790577
xtal_60.cif,./U3Si5/__initial__/10/xtal_60.cif,-21.05652,88.97668
xtal_62.cif,./U3Si5/__initial__/10/xtal_62.cif,39.244427,-1.3349397
xtal_63.cif,./U3Si5/__initial__/10/xtal_63.cif,97.88949,16.913996
xtal_64.cif,./U3Si5/__initial__/10/xtal_64.cif,62.83595,-17.999584
xtal_67.cif,./U3Si5/__initial__/10/xtal_67.cif,2.2513292,90.05722
xtal_68.cif,./U3Si5/__initial__/10/xtal_68.cif,8.336695,97.483795
xtal_69.cif,./U3Si5/__initial__/10/xtal_69.cif,47.731728,-30.196363
xtal_7.cif,./U3Si5/__initial__/10/xtal_7.cif,69.59344,-12.5196495
xtal_71.cif,./U3Si5/__initial__/10/xtal_71.cif,37.900627,-45.10548
xtal_72.cif,./U3Si5/__initial__/10/xtal_72.cif,-2.6520808,-43.42025
xtal_73.cif,./U3Si5/__initial__/10/xtal_73.cif,3.669566,84.89488
xtal_75.cif,./U3Si5/__initial__/10/xtal_75.cif,-28.34673,71.12086
xtal_76.cif,./U3Si5/__initial__/10/xtal_76.cif,-38.746193,13.591591
xtal_77.cif,./U3Si5/__initial__/10/xtal_77.cif,41.159023,18.686396
xtal_8.cif,./U3Si5/__initial__/10/xtal_8.cif,-17.374756,48.017303
xtal_80.cif,./U3Si5/__initial__/10/xtal_80.cif,36.049763,-33.793552
xtal_81.cif,./U3Si5/__initial__/10/xtal_81.cif,-59.11087,-11.809472
xtal_83.cif,./U3Si5/__initial__/10/xtal_83.cif,68.91703,-33.90337
xtal_85.cif,./U3Si5/__initial__/10/xtal_85.cif,-6.0313587,-59.903973
xtal_88.cif,./U3Si5/__initial__/10/xtal_88.cif,95.509476,-12.711959
xtal_9.cif,./U3Si5/__initial__/10/xtal_9.cif,-25.380516,68.61811
xtal_90.cif,./U3Si5/__initial__/10/xtal_90.cif,19.761751,-39.496864
xtal_91.cif,./U3Si5/__initial__/10/xtal_91.cif,-96.47085,24.374365
xtal_92.cif,./U3Si5/__initial__/10/xtal_92.cif,-41.597435,31.14985
xtal_93.cif,./U3Si5/__initial__/10/xtal_93.cif,57.679024,23.456327
xtal_94.cif,./U3Si5/__initial__/10/xtal_94.cif,53.349785,-66.920975
xtal_95.cif,./U3Si5/__initial__/10/xtal_95.cif,77.81823,-59.347023
xtal_96.cif,./U3Si5/__initial__/10/xtal_96.cif,-25.491976,72.23524
xtal_97.cif,./U3Si5/__initial__/10/xtal_97.cif,-19.951567,43.370327
xtal_98.cif,./U3Si5/__initial__/10/xtal_98.cif,-68.319916,42.90303
xtal_99.cif,./U3Si5/__initial__/10/xtal_99.cif,93.13585,-16.705975
xtal_1.cif,./U3Si5/__initial__/11/xtal_1.cif,63.43898,-74.8927
xtal_10.cif,./U3Si5/__initial__/11/xtal_10.cif,23.726624,-87.256615
xtal_11.cif,./U3Si5/__initial__/11/xtal_11.cif,-6.493987,-48.075493
xtal_12.cif,./U3Si5/__initial__/11/xtal_12.cif,5.920965,70.98762
xtal_13.cif,./U3Si5/__initial__/11/xtal_13.cif,64.14804,-15.424148
xtal_14.cif,./U3Si5/__initial__/11/xtal_14.cif,13.60545,-62.15103
xtal_15.cif,./U3Si5/__initial__/11/xtal_15.cif,-4.8239994,77.58865
xtal_16.cif,./U3Si5/__initial__/11/xtal_16.cif,-29.677483,17.139254
xtal_17.cif,./U3Si5/__initial__/11/xtal_17.cif,-2.6780462,66.39724
xtal_18.cif,./U3Si5/__initial__/11/xtal_18.cif,37.64502,-52.5122
xtal_20.cif,./U3Si5/__initial__/11/xtal_20.cif,22.895021,-58.890625
xtal_21.cif,./U3Si5/__initial__/11/xtal_21.cif,-10.347784,-91.629814
xtal_23.cif,./U3Si5/__initial__/11/xtal_23.cif,29.784397,-64.46357
xtal_24.cif,./U3Si5/__initial__/11/xtal_24.cif,-11.778019,-51.367226
xtal_25.cif,./U3Si5/__initial__/11/xtal_25.cif,-56.55386,-6.9306335
xtal_26.cif,./U3Si5/__initial__/11/xtal_26.cif,-35.185013,47.43943
xtal_27.cif,./U3Si5/__initial__/11/xtal_27.cif,37.7633,-52.62748
xtal_29.cif,./U3Si5/__initial__/11/xtal_29.cif,-40.060253,-79.639435
xtal_3.cif,./U3Si5/__initial__/11/xtal_3.cif,61.515038,31.326225
xtal_30.cif,./U3Si5/__initial__/11/xtal_30.cif,-45.27797,35.10996
xtal_31.cif,./U3Si5/__initial__/11/xtal_31.cif,44.22887,-54.271633
xtal_32.cif,./U3Si5/__initial__/11/xtal_32.cif,1.2215424,-51.69178
xtal_33.cif,./U3Si5/__initial__/11/xtal_33.cif,73.70878,8.79976
xtal_34.cif,./U3Si5/__initial__/11/xtal_34.cif,-23.107292,-53.69802
xtal_35.cif,./U3Si5/__initial__/11/xtal_35.cif,53.9733,-67.91362
xtal_36.cif,./U3Si5/__initial__/11/xtal_36.cif,60.553326,4.7088013
xtal_39.cif,./U3Si5/__initial__/11/xtal_39.cif,-13.130195,77.01369
xtal_4.cif,./U3Si5/__initial__/11/xtal_4.cif,93.259,-56.71215
xtal_40.cif,./U3Si5/__initial__/11/xtal_40.cif,-56.44169,-68.46333
xtal_41.cif,./U3Si5/__initial__/11/xtal_41.cif,-6.0587296,74.045265
xtal_42.cif,./U3Si5/__initial__/11/xtal_42.cif,-10.292237,-67.01452
xtal_43.cif,./U3Si5/__initial__/11/xtal_43.cif,-47.403156,31.591417
xtal_45.cif,./U3Si5/__initial__/11/xtal_45.cif,-67.702835,-27.496323
xtal_46.cif,./U3Si5/__initial__/11/xtal_46.cif,37.89467,-64.873665
xtal_47.cif,./U3Si5/__initial__/11/xtal_47.cif,54.320965,-17.097998
xtal_48.cif,./U3Si5/__initial__/11/xtal_48.cif,78.86273,42.17577
xtal_49.cif,./U3Si5/__initial__/11/xtal_49.cif,-14.51272,-53.27359
xtal_5.cif,./U3Si5/__initial__/11/xtal_5.cif,-19.302906,-49.428345
xtal_50.cif,./U3Si5/__initial__/11/xtal_50.cif,-23.332623,81.3756
xtal_51.cif,./U3Si5/__initial__/11/xtal_51.cif,95.72571,20.656017
xtal_52.cif,./U3Si5/__initial__/11/xtal_52.cif,32.983143,-50.787716
xtal_53.cif,./U3Si5/__initial__/11/xtal_53.cif,-61.92563,-6.638668
xtal_54.cif,./U3Si5/__initial__/11/xtal_54.cif,61.20294,-53.205246
xtal_55.cif,./U3Si5/__initial__/11/xtal_55.cif,-25.11395,12.758441
xtal_56.cif,./U3Si5/__initial__/11/xtal_56.cif,22.171616,-75.57641
xtal_57.cif,./U3Si5/__initial__/11/xtal_57.cif,-41.39876,22.370573
xtal_58.cif,./U3Si5/__initial__/11/xtal_58.cif,52.578884,16.580532
xtal_59.cif,./U3Si5/__initial__/11/xtal_59.cif,-48.219532,25.349
xtal_60.cif,./U3Si5/__initial__/11/xtal_60.cif,10.872326,95.38614
xtal_61.cif,./U3Si5/__initial__/11/xtal_61.cif,-41.119495,43.847565
xtal_62.cif,./U3Si5/__initial__/11/xtal_62.cif,51.21461,-47.47786
xtal_63.cif,./U3Si5/__initial__/11/xtal_63.cif,-3.1144161,68.7676
xtal_64.cif,./U3Si5/__initial__/11/xtal_64.cif,42.12555,-37.172768
xtal_65.cif,./U3Si5/__initial__/11/xtal_65.cif,94.73752,-50.716656
xtal_66.cif,./U3Si5/__initial__/11/xtal_66.cif,-64.79634,-17.793724
xtal_67.cif,./U3Si5/__initial__/11/xtal_67.cif,62.567825,-39.282272
xtal_68.cif,./U3Si5/11/xtal_68.cif,-79.53617,-0.92998
xtal_69.cif,./U3Si5/__initial__/11/xtal_69.cif,72.62921,-72.42815
xtal_7.cif,./U3Si5/__initial__/11/xtal_7.cif,-36.62677,-48.856236
xtal_70.cif,./U3Si5/__initial__/11/xtal_70.cif,71.68443,-35.84013
xtal_71.cif,./U3Si5/__initial__/11/xtal_71.cif,-56.965237,-2.909749
xtal_72.cif,./U3Si5/__initial__/11/xtal_72.cif,29.000591,-30.51075
xtal_73.cif,./U3Si5/__initial__/11/xtal_73.cif,-23.963356,18.65368
xtal_75.cif,./U3Si5/__initial__/11/xtal_75.cif,-92.289696,30.13477
xtal_76.cif,./U3Si5/__initial__/11/xtal_76.cif,30.069353,-49.058285
xtal_77.cif,./U3Si5/__initial__/11/xtal_77.cif,84.75635,-58.70156
xtal_78.cif,./U3Si5/__initial__/11/xtal_78.cif,-41.676678,-36.415672
xtal_8.cif,./U3Si5/__initial__/11/xtal_8.cif,-51.491634,-45.775864
xtal_80.cif,./U3Si5/__initial__/11/xtal_80.cif,51.84703,-18.866526
xtal_81.cif,./U3Si5/__initial__/11/xtal_81.cif,89.04181,-62.07921
xtal_83.cif,./U3Si5/__initial__/11/xtal_83.cif,31.98872,-11.352483
xtal_84.cif,./U3Si5/__initial__/11/xtal_84.cif,45.71149,-21.753113
xtal_85.cif,./U3Si5/__initial__/11/xtal_85.cif,-34.09236,13.483886
xtal_86.cif,./U3Si5/__initial__/11/xtal_86.cif,-51.025627,40.214897
xtal_87.cif,./U3Si5/__initial__/11/xtal_87.cif,37.041676,-69.69136
xtal_88.cif,./U3Si5/__initial__/11/xtal_88.cif,-61.132027,-6.1505556
xtal_89.cif,./U3Si5/__initial__/11/xtal_89.cif,-41.56641,-38.548054
xtal_91.cif,./U3Si5/__initial__/11/xtal_91.cif,-40.065487,81.142296
xtal_92.cif,./U3Si5/__initial__/11/xtal_92.cif,42.6814,10.43388
xtal_93.cif,./U3Si5/__initial__/11/xtal_93.cif,-54.092083,-7.0720997
xtal_94.cif,./U3Si5/__initial__/11/xtal_94.cif,75.96327,8.572755
xtal_95.cif,./U3Si5/__initial__/11/xtal_95.cif,-15.868439,-35.45375
xtal_96.cif,./U3Si5/__initial__/11/xtal_96.cif,1.1338211,-51.633984
xtal_97.cif,./U3Si5/__initial__/11/xtal_97.cif,-4.988565,77.54967
xtal_98.cif,./U3Si5/__initial__/11/xtal_98.cif,-20.125881,-73.682144
xtal_99.cif,./U3Si5/__initial__/11/xtal_99.cif,19.289951,-68.46557
xtal_14.cif,./U3Si5/__initial__/12/xtal_14.cif,71.22467,-35.026176
xtal_16.cif,./U3Si5/__initial__/12/xtal_16.cif,110.0813,36.831497
xtal_18.cif,./U3Si5/__initial__/12/xtal_18.cif,-24.426588,19.167595
xtal_19.cif,./U3Si5/__initial__/12/xtal_19.cif,-46.446434,-3.640718
xtal_2.cif,./U3Si5/__initial__/12/xtal_2.cif,106.622826,16.005259
xtal_24.cif,./U3Si5/__initial__/12/xtal_24.cif,79.14513,14.445561
xtal_25.cif,./U3Si5/__initial__/12/xtal_25.cif,60.18858,6.625369
xtal_28.cif,./U3Si5/__initial__/12/xtal_28.cif,7.348501,67.69767
xtal_3.cif,./U3Si5/__initial__/12/xtal_3.cif,70.59377,40.498928
xtal_33.cif,./U3Si5/__initial__/12/xtal_33.cif,9.027582,-58.121017
xtal_37.cif,./U3Si5/__initial__/12/xtal_37.cif,73.9638,48.272087
xtal_39.cif,./U3Si5/__initial__/12/xtal_39.cif,-29.57612,-14.974918
xtal_4.cif,./U3Si5/__initial__/12/xtal_4.cif,47.120636,-20.69336
xtal_40.cif,./U3Si5/__initial__/12/xtal_40.cif,102.50298,3.3690217
xtal_45.cif,./U3Si5/__initial__/12/xtal_45.cif,95.78687,40.421085
xtal_46.cif,./U3Si5/__initial__/12/xtal_46.cif,10.107382,81.90121
xtal_54.cif,./U3Si5/__initial__/12/xtal_54.cif,58.318645,-31.142275
xtal_57.cif,./U3Si5/__initial__/12/xtal_57.cif,-41.09897,-35.96896
xtal_58.cif,./U3Si5/__initial__/12/xtal_58.cif,74.36357,10.200822
xtal_6.cif,./U3Si5/__initial__/12/xtal_6.cif,73.4239,6.707759
xtal_61.cif,./U3Si5/__initial__/12/xtal_61.cif,68.1657,34.59001
xtal_62.cif,./U3Si5/__initial__/12/xtal_62.cif,106.30273,21.912552
xtal_65.cif,./U3Si5/__initial__/12/xtal_65.cif,-58.308334,62.393017
xtal_66.cif,./U3Si5/__initial__/12/xtal_66.cif,87.09518,3.765818
xtal_71.cif,./U3Si5/__initial__/12/xtal_71.cif,32.329853,-25.097721
xtal_73.cif,./U3Si5/__initial__/12/xtal_73.cif,-2.1576405,79.749176
xtal_75.cif,./U3Si5/__initial__/12/xtal_75.cif,2.4372456,89.0691
xtal_76.cif,./U3Si5/__initial__/12/xtal_76.cif,101.96131,1.1314402
xtal_79.cif,./U3Si5/__initial__/12/xtal_79.cif,89.35218,71.65443
xtal_8.cif,./U3Si5/__initial__/12/xtal_8.cif,-49.15233,45.43443
xtal_80.cif,./U3Si5/__initial__/12/xtal_80.cif,89.010315,-52.026836
xtal_86.cif,./U3Si5/__initial__/12/xtal_86.cif,51.707073,23.987497
xtal_87.cif,./U3Si5/__initial__/12/xtal_87.cif,67.84891,15.280223
xtal_88.cif,./U3Si5/__initial__/12/xtal_88.cif,39.671814,-56.50123
xtal_91.cif,./U3Si5/__initial__/12/xtal_91.cif,-53.53488,-0.24543186
xtal_93.cif,./U3Si5/__initial__/12/xtal_93.cif,35.407543,-15.946369
xtal_94.cif,./U3Si5/__initial__/12/xtal_94.cif,-6.565603,68.751976
xtal_97.cif,./U3Si5/__initial__/12/xtal_97.cif,-41.39756,11.433367
xtal_98.cif,./U3Si5/12/xtal_98.cif,-23.565918,109.351685
xtal_99.cif,./U3Si5/__initial__/12/xtal_99.cif,-13.131023,55.34237
xtal_1.cif,./U3Si5/__initial__/13/xtal_1.cif,-60.94905,-17.228416
xtal_10.cif,./U3Si5/__initial__/13/xtal_10.cif,10.1430235,86.916046
xtal_100.cif,./U3Si5/__initial__/13/xtal_100.cif,56.94117,-25.344711
xtal_11.cif,./U3Si5/__initial__/13/xtal_11.cif,62.27847,21.255638
xtal_12.cif,./U3Si5/__initial__/13/xtal_12.cif,106.150375,28.673676
xtal_13.cif,./U3Si5/__initial__/13/xtal_13.cif,-0.96922034,82.66915
xtal_14.cif,./U3Si5/__initial__/13/xtal_14.cif,34.933617,-83.963524
xtal_15.cif,./U3Si5/__initial__/13/xtal_15.cif,-52.864197,-13.102741
xtal_16.cif,./U3Si5/__initial__/13/xtal_16.cif,-59.83018,27.278416
xtal_17.cif,./U3Si5/__initial__/13/xtal_17.cif,-25.853996,-84.49036
xtal_18.cif,./U3Si5/__initial__/13/xtal_18.cif,66.95581,-17.426184
xtal_19.cif,./U3Si5/__initial__/13/xtal_19.cif,0.30131805,87.420044
xtal_2.cif,./U3Si5/__initial__/13/xtal_2.cif,32.823605,-41.42311
xtal_20.cif,./U3Si5/__initial__/13/xtal_20.cif,17.499767,-56.72787
xtal_21.cif,./U3Si5/__initial__/13/xtal_21.cif,-20.306463,88.8852
xtal_22.cif,./U3Si5/__initial__/13/xtal_22.cif,61.798435,-31.47688
xtal_23.cif,./U3Si5/__initial__/13/xtal_23.cif,-52.3357,-74.41559
xtal_24.cif,./U3Si5/__initial__/13/xtal_24.cif,83.06944,57.491734
xtal_25.cif,./U3Si5/__initial__/13/xtal_25.cif,102.99831,-40.332947
xtal_26.cif,./U3Si5/__initial__/13/xtal_26.cif,1.238108,66.74236
xtal_27.cif,./U3Si5/__initial__/13/xtal_27.cif,-59.736347,-54.35791
xtal_28.cif,./U3Si5/__initial__/13/xtal_28.cif,-40.069492,-38.8845
xtal_29.cif,./U3Si5/__initial__/13/xtal_29.cif,-18.753527,-53.68737
xtal_3.cif,./U3Si5/__initial__/13/xtal_3.cif,-62.89051,47.689327
xtal_30.cif,./U3Si5/__initial__/13/xtal_30.cif,-46.445816,35.58104
xtal_31.cif,./U3Si5/__initial__/13/xtal_31.cif,-38.533966,-45.257294
xtal_32.cif,./U3Si5/__initial__/13/xtal_32.cif,-43.183727,-5.0783405
xtal_33.cif,./U3Si5/__initial__/13/xtal_33.cif,-15.867308,92.13165
xtal_34.cif,./U3Si5/__initial__/13/xtal_34.cif,94.76257,48.2983
xtal_35.cif,./U3Si5/__initial__/13/xtal_35.cif,-22.855543,-58.203003
xtal_36.cif,./U3Si5/__initial__/13/xtal_36.cif,26.473942,-78.670494
xtal_37.cif,./U3Si5/__initial__/13/xtal_37.cif,9.042141,59.86997
xtal_38.cif,./U3Si5/__initial__/13/xtal_38.cif,-29.494574,15.708765
xtal_39.cif,./U3Si5/__initial__/13/xtal_39.cif,28.303104,-53.93925
xtal_4.cif,./U3Si5/__initial__/13/xtal_4.cif,-62.138165,32.747967
xtal_40.cif,./U3Si5/__initial__/13/xtal_40.cif,53.027954,-58.14307
xtal_41.cif,./U3Si5/__initial__/13/xtal_41.cif,28.19267,-53.92054
xtal_42.cif,./U3Si5/__initial__/13/xtal_42.cif,39.282055,-74.28751
xtal_43.cif,./U3Si5/__initial__/13/xtal_43.cif,84.851555,-1.740029
xtal_44.cif,./U3Si5/__initial__/13/xtal_44.cif,27.375404,-76.551506
xtal_45.cif,./U3Si5/__initial__/13/xtal_45.cif,-34.053658,-45.999863
xtal_46.cif,./U3Si5/__initial__/13/xtal_46.cif,64.07121,-78.10648
xtal_47.cif,./U3Si5/__initial__/13/xtal_47.cif,43.756226,-86.06493
xtal_48.cif,./U3Si5/__initial__/13/xtal_48.cif,-62.680103,59.454884
xtal_49.cif,./U3Si5/__initial__/13/xtal_49.cif,-11.043753,12.232359
xtal_5.cif,./U3Si5/__initial__/13/xtal_5.cif,-45.05601,34.878006
xtal_50.cif,./U3Si5/__initial__/13/xtal_50.cif,-89.55317,46.41274
xtal_51.cif,./U3Si5/__initial__/13/xtal_51.cif,-19.96825,-49.857025
xtal_52.cif,./U3Si5/__initial__/13/xtal_52.cif,14.215976,-96.414185
xtal_53.cif,./U3Si5/__initial__/13/xtal_53.cif,48.327038,2.5166364
xtal_54.cif,./U3Si5/__initial__/13/xtal_54.cif,-38.802025,-81.9729
xtal_55.cif,./U3Si5/__initial__/13/xtal_55.cif,-21.023426,-51.043903
xtal_56.cif,./U3Si5/__initial__/13/xtal_56.cif,-42.864975,45.989304
xtal_57.cif,./U3Si5/__initial__/13/xtal_57.cif,87.53133,-55.647293
xtal_58.cif,./U3Si5/__initial__/13/xtal_58.cif,-2.6247706,18.731304
xtal_59.cif,./U3Si5/__initial__/13/xtal_59.cif,-23.602686,80.3383
xtal_6.cif,./U3Si5/__initial__/13/xtal_6.cif,37.42551,-84.22748
xtal_60.cif,./U3Si5/__initial__/13/xtal_60.cif,65.64812,55.18994
xtal_61.cif,./U3Si5/__initial__/13/xtal_61.cif,-18.190193,91.245056
xtal_62.cif,./U3Si5/__initial__/13/xtal_62.cif,47.69221,7.955285
xtal_63.cif,./U3Si5/__initial__/13/xtal_63.cif,-57.845627,-56.507782
xtal_64.cif,./U3Si5/__initial__/13/xtal_64.cif,28.377443,-52.297462
xtal_65.cif,./U3Si5/__initial__/13/xtal_65.cif,27.164238,-84.82395
xtal_66.cif,./U3Si5/__initial__/13/xtal_66.cif,-39.219143,-64.43466
xtal_67.cif,./U3Si5/__initial__/13/xtal_67.cif,29.530228,-54.821957
xtal_68.cif,./U3Si5/__initial__/13/xtal_68.cif,-1.383306,-89.26333
xtal_69.cif,./U3Si5/__initial__/13/xtal_69.cif,20.64125,-76.855095
xtal_7.cif,./U3Si5/__initial__/13/xtal_7.cif,-92.63037,6.0987034
xtal_70.cif,./U3Si5/__initial__/13/xtal_70.cif,-38.9152,37.00102
xtal_71.cif,./U3Si5/__initial__/13/xtal_71.cif,-61.28704,-20.707565
xtal_72.cif,./U3Si5/__initial__/13/xtal_72.cif,58.57297,-60.07976
xtal_73.cif,./U3Si5/__initial__/13/xtal_73.cif,9.498099,-93.078094
xtal_74.cif,./U3Si5/__initial__/13/xtal_74.cif,-2.0793793,-62.568443
xtal_75.cif,./U3Si5/__initial__/13/xtal_75.cif,0.0025531168,-81.97995
xtal_76.cif,./U3Si5/__initial__/13/xtal_76.cif,-6.258375,75.225266
xtal_77.cif,./U3Si5/__initial__/13/xtal_77.cif,-92.377014,7.830947
xtal_78.cif,./U3Si5/__initial__/13/xtal_78.cif,-9.753209,-44.83176
xtal_79.cif,./U3Si5/__initial__/13/xtal_79.cif,36.857105,-75.29893
xtal_8.cif,./U3Si5/__initial__/13/xtal_8.cif,70.745735,-3.1971705
xtal_80.cif,./U3Si5/__initial__/13/xtal_80.cif,-43.973457,11.738611
xtal_81.cif,./U3Si5/__initial__/13/xtal_81.cif,-35.541424,16.294127
xtal_82.cif,./U3Si5/__initial__/13/xtal_82.cif,-32.05785,57.693687
xtal_83.cif,./U3Si5/__initial__/13/xtal_83.cif,-38.875153,79.50484
xtal_84.cif,./U3Si5/__initial__/13/xtal_84.cif,-39.869026,-21.799044
xtal_85.cif,./U3Si5/__initial__/13/xtal_85.cif,37.117958,-56.269913
xtal_86.cif,./U3Si5/__initial__/13/xtal_86.cif,30.735088,-95.700584
xtal_87.cif,./U3Si5/__initial__/13/xtal_87.cif,11.5938835,-97.65695
xtal_88.cif,./U3Si5/__initial__/13/xtal_88.cif,44.29192,-85.89857
xtal_89.cif,./U3Si5/__initial__/13/xtal_89.cif,-64.79045,-19.895504
xtal_9.cif,./U3Si5/__initial__/13/xtal_9.cif,79.89837,31.791056
xtal_90.cif,./U3Si5/__initial__/13/xtal_90.cif,-36.221832,-62.907978
xtal_91.cif,./U3Si5/__initial__/13/xtal_91.cif,-30.949677,-59.556095
xtal_92.cif,./U3Si5/__initial__/13/xtal_92.cif,-55.71714,-76.31235
xtal_93.cif,./U3Si5/__initial__/13/xtal_93.cif,-4.457587,-78.93954
xtal_94.cif,./U3Si5/__initial__/13/xtal_94.cif,-22.756783,-8.477275
xtal_95.cif,./U3Si5/__initial__/13/xtal_95.cif,-27.56146,67.39927
xtal_96.cif,./U3Si5/__initial__/13/xtal_96.cif,-48.19805,-60.943592
xtal_97.cif,./U3Si5/__initial__/13/xtal_97.cif,-2.0506124,-84.4791
xtal_98.cif,./U3Si5/__initial__/13/xtal_98.cif,-67.10918,-21.671154
xtal_99.cif,./U3Si5/__initial__/13/xtal_99.cif,-47.19786,41.00309
xtal_1.cif,./U3Si5/__initial__/14/xtal_1.cif,87.45251,47.165493
xtal_10.cif,./U3Si5/__initial__/14/xtal_10.cif,58.691547,-24.553343
xtal_100.cif,./U3Si5/__initial__/14/xtal_100.cif,-14.452204,-90.44127
xtal_11.cif,./U3Si5/__initial__/14/xtal_11.cif,45.299202,-16.198572
xtal_12.cif,./U3Si5/__initial__/14/xtal_12.cif,-13.825279,40.53237
xtal_13.cif,./U3Si5/__initial__/14/xtal_13.cif,-45.128532,-62.33339
xtal_14.cif,./U3Si5/__initial__/14/xtal_14.cif,70.71681,-4.990412
xtal_15.cif,./U3Si5/__initial__/14/xtal_15.cif,43.840683,-81.551254
xtal_16.cif,./U3Si5/__initial__/14/xtal_16.cif,-14.766445,-100.16101
xtal_17.cif,./U3Si5/__initial__/14/xtal_17.cif,-39.261044,-82.148056
xtal_18.cif,./U3Si5/__initial__/14/xtal_18.cif,63.198868,-27.106752
xtal_19.cif,./U3Si5/__initial__/14/xtal_19.cif,-26.146463,-0.69653976
xtal_2.cif,./U3Si5/__initial__/14/xtal_2.cif,-43.441692,52.03428
xtal_20.cif,./U3Si5/__initial__/14/xtal_20.cif,61.232075,14.052911
xtal_21.cif,./U3Si5/__initial__/14/xtal_21.cif,70.51012,-7.2731085
xtal_22.cif,./U3Si5/__initial__/14/xtal_22.cif,-35.552395,-64.45866
xtal_23.cif,./U3Si5/__initial__/14/xtal_23.cif,32.838085,-83.41624
xtal_24.cif,./U3Si5/__initial__/14/xtal_24.cif,3.7273035,-71.32035
xtal_25.cif,./U3Si5/__initial__/14/xtal_25.cif,61.22008,-45.690983
xtal_26.cif,./U3Si5/__initial__/14/xtal_26.cif,-53.313904,-19.676466
xtal_27.cif,./U3Si5/__initial__/14/xtal_27.cif,-37.457436,-67.64011
xtal_28.cif,./U3Si5/__initial__/14/xtal_28.cif,6.474003,-92.22208
xtal_29.cif,./U3Si5/__initial__/14/xtal_29.cif,-0.02529698,65.30659
xtal_3.cif,./U3Si5/__initial__/14/xtal_3.cif,24.785358,-49.81743
xtal_30.cif,./U3Si5/__initial__/14/xtal_30.cif,-7.43932,-86.01932
xtal_31.cif,./U3Si5/__initial__/14/xtal_31.cif,-36.791775,-81.74322
xtal_32.cif,./U3Si5/__initial__/14/xtal_32.cif,67.34254,-74.89696
xtal_33.cif,./U3Si5/__initial__/14/xtal_33.cif,-24.099522,2.9181013
xtal_34.cif,./U3Si5/__initial__/14/xtal_34.cif,33.313656,-45.016766
xtal_35.cif,./U3Si5/__initial__/14/xtal_35.cif,-24.153212,-65.12492
xtal_36.cif,./U3Si5/__initial__/14/xtal_36.cif,-31.825542,-7.8342457
xtal_37.cif,./U3Si5/__initial__/14/xtal_37.cif,-47.519566,-61.76425
xtal_38.cif,./U3Si5/__initial__/14/xtal_38.cif,43.34707,-19.035059
xtal_39.cif,./U3Si5/__initial__/14/xtal_39.cif,25.380985,-72.31509
xtal_4.cif,./U3Si5/__initial__/14/xtal_4.cif,0.08636381,-82.48424
xtal_40.cif,./U3Si5/__initial__/14/xtal_40.cif,-45.488216,-74.48228
xtal_41.cif,./U3Si5/__initial__/14/xtal_41.cif,-28.637684,-78.80015
xtal_42.cif,./U3Si5/__initial__/14/xtal_42.cif,-18.071772,-79.284325
xtal_43.cif,./U3Si5/__initial__/14/xtal_43.cif,-50.6534,57.254063
xtal_44.cif,./U3Si5/__initial__/14/xtal_44.cif,-30.67256,4.9041514
xtal_45.cif,./U3Si5/__initial__/14/xtal_45.cif,67.75341,29.152975
xtal_46.cif,./U3Si5/__initial__/14/xtal_46.cif,-41.744793,-26.899601
xtal_47.cif,./U3Si5/__initial__/14/xtal_47.cif,22.936209,-62.31999
xtal_48.cif,./U3Si5/__initial__/14/xtal_48.cif,-37.60226,37.77493
xtal_49.cif,./U3Si5/__initial__/14/xtal_49.cif,-29.440887,2.9478655
xtal_5.cif,./U3Si5/__initial__/14/xtal_5.cif,38.715168,-27.075724
xtal_50.cif,./U3Si5/__initial__/14/xtal_50.cif,-65.13976,-46.432545
xtal_51.cif,./U3Si5/__initial__/14/xtal_51.cif,-58.50582,-5.8287673
xtal_52.cif,./U3Si5/__initial__/14/xtal_52.cif,-52.84253,8.242566
xtal_53.cif,./U3Si5/__initial__/14/xtal_53.cif,-14.440461,-74.578026
xtal_54.cif,./U3Si5/__initial__/14/xtal_54.cif,44.85328,-84.825584
xtal_55.cif,./U3Si5/__initial__/14/xtal_55.cif,32.47798,-25.538725
xtal_56.cif,./U3Si5/__initial__/14/xtal_56.cif,-25.536854,6.7089024
xtal_57.cif,./U3Si5/__initial__/14/xtal_57.cif,-57.413864,24.472124
xtal_58.cif,./U3Si5/__initial__/14/xtal_58.cif,-49.66777,-16.63457
xtal_59.cif,./U3Si5/__initial__/14/xtal_59.cif,-47.822178,31.876099
xtal_6.cif,./U3Si5/__initial__/14/xtal_6.cif,34.16768,-62.634068
xtal_60.cif,./U3Si5/__initial__/14/xtal_60.cif,-33.492332,10.471595
xtal_61.cif,./U3Si5/__initial__/14/xtal_61.cif,-58.737785,45.135353
xtal_62.cif,./U3Si5/__initial__/14/xtal_62.cif,33.390396,-104.96977
xtal_63.cif,./U3Si5/__initial__/14/xtal_63.cif,-25.187386,28.69188
xtal_64.cif,./U3Si5/__initial__/14/xtal_64.cif,89.29959,6.686525
xtal_65.cif,./U3Si5/__initial__/14/xtal_65.cif,61.68698,-75.458725
xtal_66.cif,./U3Si5/__initial__/14/xtal_66.cif,-0.9748839,92.141685
xtal_67.cif,./U3Si5/__initial__/14/xtal_67.cif,-40.658154,46.22541
xtal_68.cif,./U3Si5/__initial__/14/xtal_68.cif,94.75038,62.930176
xtal_69.cif,./U3Si5/__initial__/14/xtal_69.cif,114.254906,-13.161555
xtal_7.cif,./U3Si5/__initial__/14/xtal_7.cif,-12.83469,-76.09498
xtal_70.cif,./U3Si5/__initial__/14/xtal_70.cif,65.07635,-27.083593
xtal_71.cif,./U3Si5/__initial__/14/xtal_71.cif,-41.16612,-21.486109
xtal_72.cif,./U3Si5/__initial__/14/xtal_72.cif,68.91149,20.11512
xtal_73.cif,./U3Si5/__initial__/14/xtal_73.cif,-28.186333,52.792446
xtal_74.cif,./U3Si5/__initial__/14/xtal_74.cif,-36.704964,77.9193
xtal_75.cif,./U3Si5/__initial__/14/xtal_75.cif,71.886024,29.61086
xtal_76.cif,./U3Si5/__initial__/14/xtal_76.cif,2.0185719,69.75478
xtal_77.cif,./U3Si5/__initial__/14/xtal_77.cif,100.85783,-1.0491112
xtal_78.cif,./U3Si5/__initial__/14/xtal_78.cif,-10.755529,-68.09354
xtal_79.cif,./U3Si5/__initial__/14/xtal_79.cif,17.331268,-104.12423
xtal_8.cif,./U3Si5/__initial__/14/xtal_8.cif,-26.965229,65.125145
xtal_80.cif,./U3Si5/__initial__/14/xtal_80.cif,-6.781484,-73.87989
xtal_81.cif,./U3Si5/__initial__/14/xtal_81.cif,63.0512,-65.43287
xtal_82.cif,./U3Si5/__initial__/14/xtal_82.cif,27.69757,-71.07264
xtal_83.cif,./U3Si5/__initial__/14/xtal_83.cif,-16.575409,-79.86816
xtal_84.cif,./U3Si5/__initial__/14/xtal_84.cif,56.81003,15.846553
xtal_85.cif,./U3Si5/__initial__/14/xtal_85.cif,-22.931534,-55.291634
xtal_86.cif,./U3Si5/__initial__/14/xtal_86.cif,-30.013628,-75.15908
xtal_87.cif,./U3Si5/__initial__/14/xtal_87.cif,40.204803,-80.72746
xtal_88.cif,./U3Si5/__initial__/14/xtal_88.cif,26.1687,-80.2674
xtal_89.cif,./U3Si5/__initial__/14/xtal_89.cif,-44.084038,28.433432
xtal_9.cif,./U3Si5/__initial__/14/xtal_9.cif,34.530037,-65.03822
xtal_90.cif,./U3Si5/__initial__/14/xtal_90.cif,84.386856,-35.02113
xtal_91.cif,./U3Si5/__initial__/14/xtal_91.cif,97.18645,-13.94816
xtal_92.cif,./U3Si5/__initial__/14/xtal_92.cif,-56.102222,-49.69827
xtal_93.cif,./U3Si5/__initial__/14/xtal_93.cif,42.22215,8.612755
xtal_94.cif,./U3Si5/__initial__/14/xtal_94.cif,37.142773,-66.231
xtal_95.cif,./U3Si5/__initial__/14/xtal_95.cif,33.68748,-26.097307
xtal_96.cif,./U3Si5/__initial__/14/xtal_96.cif,32.93755,-54.439545
xtal_97.cif,./U3Si5/__initial__/14/xtal_97.cif,41.081497,14.852568
xtal_98.cif,./U3Si5/__initial__/14/xtal_98.cif,6.636772,-74.450294
xtal_99.cif,./U3Si5/__initial__/14/xtal_99.cif,-49.09752,-70.42377
xtal_1.cif,./U3Si5/__initial__/16/xtal_1.cif,63.56599,35.47836
xtal_10.cif,./U3Si5/__initial__/16/xtal_10.cif,3.2371724,-101.63213
xtal_100.cif,./U3Si5/__initial__/16/xtal_100.cif,64.49204,-28.336546
xtal_11.cif,./U3Si5/__initial__/16/xtal_11.cif,3.6734343,-6.1841984
xtal_12.cif,./U3Si5/__initial__/16/xtal_12.cif,-31.866,61.62664
xtal_13.cif,./U3Si5/__initial__/16/xtal_13.cif,-33.525112,-5.6679916
xtal_14.cif,./U3Si5/__initial__/16/xtal_14.cif,-57.08341,63.11338
xtal_15.cif,./U3Si5/__initial__/16/xtal_15.cif,66.63335,-19.051893
xtal_16.cif,./U3Si5/__initial__/16/xtal_16.cif,-70.84945,-11.311712
xtal_17.cif,./U3Si5/__initial__/16/xtal_17.cif,-32.793274,-6.0832605
xtal_18.cif,./U3Si5/__initial__/16/xtal_18.cif,96.80747,56.796005
xtal_19.cif,./U3Si5/__initial__/16/xtal_19.cif,71.840385,-7.511337
xtal_2.cif,./U3Si5/__initial__/16/xtal_2.cif,73.39019,-72.4002
xtal_20.cif,./U3Si5/__initial__/16/xtal_20.cif,-16.957628,-38.636383
xtal_21.cif,./U3Si5/__initial__/16/xtal_21.cif,19.28453,-93.89051
xtal_22.cif,./U3Si5/__initial__/16/xtal_22.cif,103.95439,12.789316
xtal_23.cif,./U3Si5/__initial__/16/xtal_23.cif,-44.326344,41.11808
xtal_24.cif,./U3Si5/__initial__/16/xtal_24.cif,-51.97888,23.464819
xtal_25.cif,./U3Si5/__initial__/16/xtal_25.cif,95.37306,4.152991
xtal_26.cif,./U3Si5/__initial__/16/xtal_26.cif,52.083225,8.130692
xtal_27.cif,./U3Si5/__initial__/16/xtal_27.cif,18.358213,-1.0018767
xtal_28.cif,./U3Si5/__initial__/16/xtal_28.cif,56.5615,-12.601009
xtal_29.cif,./U3Si5/__initial__/16/xtal_29.cif,-41.884113,56.535965
xtal_30.cif,./U3Si5/__initial__/16/xtal_30.cif,33.58845,-25.34342
xtal_31.cif,./U3Si5/__initial__/16/xtal_31.cif,-33.917503,11.459968
xtal_32.cif,./U3Si5/__initial__/16/xtal_32.cif,-47.771618,-22.79512
xtal_33.cif,./U3Si5/__initial__/16/xtal_33.cif,-2.9706874,20.514025
xtal_37.cif,./U3Si5/__initial__/16/xtal_37.cif,-34.762,-27.894203
xtal_39.cif,./U3Si5/__initial__/16/xtal_39.cif,70.19931,-10.972392
xtal_4.cif,./U3Si5/__initial__/16/xtal_4.cif,48.261246,-37.670197
xtal_40.cif,./U3Si5/__initial__/16/xtal_40.cif,-25.640593,-81.30021
xtal_41.cif,./U3Si5/__initial__/16/xtal_41.cif,-50.190258,40.444675
xtal_44.cif,./U3Si5/__initial__/16/xtal_44.cif,59.567207,-10.495814
xtal_45.cif,./U3Si5/__initial__/16/xtal_45.cif,-2.4562147,-47.58755
xtal_46.cif,./U3Si5/__initial__/16/xtal_46.cif,-26.19469,-46.806507
xtal_47.cif,./U3Si5/__initial__/16/xtal_47.cif,32.327106,-25.905073
xtal_48.cif,./U3Si5/__initial__/16/xtal_48.cif,79.04397,-35.641407
xtal_49.cif,./U3Si5/__initial__/16/xtal_49.cif,37.16093,-55.508232
xtal_50.cif,./U3Si5/__initial__/16/xtal_50.cif,0.22199668,-7.880879
xtal_53.cif,./U3Si5/__initial__/16/xtal_53.cif,26.049404,-53.79922
xtal_54.cif,./U3Si5/__initial__/16/xtal_54.cif,34.11892,-62.258953
xtal_55.cif,./U3Si5/__initial__/16/xtal_55.cif,-23.064034,4.036276
xtal_56.cif,./U3Si5/__initial__/16/xtal_56.cif,11.124378,-65.06052
xtal_57.cif,./U3Si5/__initial__/16/xtal_57.cif,71.875984,37.34377
xtal_58.cif,./U3Si5/__initial__/16/xtal_58.cif,-48.53337,14.302376
xtal_59.cif,./U3Si5/__initial__/16/xtal_59.cif,-15.256168,-83.760796
xtal_6.cif,./U3Si5/__initial__/16/xtal_6.cif,58.126904,13.459284
xtal_61.cif,./U3Si5/__initial__/16/xtal_61.cif,58.54847,-11.021237
xtal_62.cif,./U3Si5/__initial__/16/xtal_62.cif,23.285751,-94.01665
xtal_63.cif,./U3Si5/__initial__/16/xtal_63.cif,61.474068,45.436695
xtal_64.cif,./U3Si5/__initial__/16/xtal_64.cif,-12.200625,11.89272
xtal_65.cif,./U3Si5/__initial__/16/xtal_65.cif,93.84409,-45.256687
xtal_66.cif,./U3Si5/__initial__/16/xtal_66.cif,60.467945,-7.906761
xtal_67.cif,./U3Si5/__initial__/16/xtal_67.cif,51.761623,5.032761
xtal_68.cif,./U3Si5/__initial__/16/xtal_68.cif,38.678257,1.7192954
xtal_7.cif,./U3Si5/__initial__/16/xtal_7.cif,-36.341633,-44.357483
xtal_70.cif,./U3Si5/__initial__/16/xtal_70.cif,63.01825,-65.22918
xtal_72.cif,./U3Si5/__initial__/16/xtal_72.cif,6.0528,88.260414
xtal_73.cif,./U3Si5/__initial__/16/xtal_73.cif,-46.997795,20.869356
xtal_74.cif,./U3Si5/__initial__/16/xtal_74.cif,19.436974,-98.07956
xtal_75.cif,./U3Si5/__initial__/16/xtal_75.cif,83.60716,-34.52909
xtal_77.cif,./U3Si5/__initial__/16/xtal_77.cif,-47.129333,41.1021
xtal_78.cif,./U3Si5/__initial__/16/xtal_78.cif,-37.93325,40.935352
xtal_79.cif,./U3Si5/__initial__/16/xtal_79.cif,-64.28686,5.496833
xtal_80.cif,./U3Si5/__initial__/16/xtal_80.cif,59.2144,-10.969789
xtal_81.cif,./U3Si5/__initial__/16/xtal_81.cif,-38.739346,-26.977253
xtal_82.cif,./U3Si5/__initial__/16/xtal_82.cif,-16.488823,61.985443
xtal_83.cif,./U3Si5/16/xtal_83.cif,-77.40748,19.127337
xtal_85.cif,./U3Si5/__initial__/16/xtal_85.cif,38.394848,-42.39889
xtal_86.cif,./U3Si5/__initial__/16/xtal_86.cif,28.698975,-43.787342
xtal_87.cif,./U3Si5/__initial__/16/xtal_87.cif,46.91896,-29.131763
xtal_88.cif,./U3Si5/__initial__/16/xtal_88.cif,-33.290226,-39.595333
xtal_9.cif,./U3Si5/__initial__/16/xtal_9.cif,-25.69966,69.171
xtal_91.cif,./U3Si5/__initial__/16/xtal_91.cif,-22.307083,-79.81969
xtal_92.cif,./U3Si5/16/xtal_92.cif,-72.952644,44.587696
xtal_93.cif,./U3Si5/__initial__/16/xtal_93.cif,-16.774282,54.754055
xtal_94.cif,./U3Si5/__initial__/16/xtal_94.cif,83.45483,45.785038
xtal_97.cif,./U3Si5/__initial__/16/xtal_97.cif,-26.054941,67.12654
xtal_98.cif,./U3Si5/__initial__/16/xtal_98.cif,43.14175,1.0350065
xtal_99.cif,./U3Si5/__initial__/16/xtal_99.cif,69.26464,37.74953
xtal_10.cif,./U3Si5/__initial__/17/xtal_10.cif,-47.291393,-8.520614
xtal_12.cif,./U3Si5/__initial__/17/xtal_12.cif,22.166052,-44.52081
xtal_14.cif,./U3Si5/__initial__/17/xtal_14.cif,15.382267,-25.397047
xtal_15.cif,./U3Si5/__initial__/17/xtal_15.cif,23.485415,-60.48734
xtal_16.cif,./U3Si5/__initial__/17/xtal_16.cif,-67.32731,16.495874
xtal_17.cif,./U3Si5/__initial__/17/xtal_17.cif,-46.852757,-30.217983
xtal_18.cif,./U3Si5/__initial__/17/xtal_18.cif,44.002995,-6.2650566
xtal_19.cif,./U3Si5/__initial__/17/xtal_19.cif,12.955531,-66.70321
xtal_2.cif,./U3Si5/__initial__/17/xtal_2.cif,-63.80835,46.281567
xtal_20.cif,./U3Si5/__initial__/17/xtal_20.cif,-16.481894,-20.138374
xtal_21.cif,./U3Si5/__initial__/17/xtal_21.cif,-57.9631,0.79014313
xtal_22.cif,./U3Si5/__initial__/17/xtal_22.cif,85.51521,-53.39964
xtal_25.cif,./U3Si5/__initial__/17/xtal_25.cif,-27.78616,11.128887
xtal_26.cif,./U3Si5/__initial__/17/xtal_26.cif,-40.775154,90.06968
xtal_29.cif,./U3Si5/__initial__/17/xtal_29.cif,-19.567644,-14.430871
xtal_3.cif,./U3Si5/__initial__/17/xtal_3.cif,-55.398083,19.00052
xtal_30.cif,./U3Si5/__initial__/17/xtal_30.cif,11.33833,95.20949
xtal_31.cif,./U3Si5/__initial__/17/xtal_31.cif,-55.56583,-64.77998
xtal_34.cif,./U3Si5/__initial__/17/xtal_34.cif,-36.24256,19.126968
xtal_37.cif,./U3Si5/__initial__/17/xtal_37.cif,-3.5409756,18.081488
xtal_38.cif,./U3Si5/__initial__/17/xtal_38.cif,66.04791,-68.32943
xtal_40.cif,./U3Si5/__initial__/17/xtal_40.cif,-49.27685,22.795486
xtal_42.cif,./U3Si5/__initial__/17/xtal_42.cif,-43.489376,52.510735
xtal_43.cif,./U3Si5/__initial__/17/xtal_43.cif,35.306164,-42.089108
xtal_44.cif,./U3Si5/__initial__/17/xtal_44.cif,-48.343136,37.562874
xtal_45.cif,./U3Si5/__initial__/17/xtal_45.cif,24.366846,-64.041016
xtal_47.cif,./U3Si5/__initial__/17/xtal_47.cif,-37.189743,13.798974
xtal_48.cif,./U3Si5/__initial__/17/xtal_48.cif,-56.011425,-72.417786
xtal_5.cif,./U3Si5/__initial__/17/xtal_5.cif,77.474625,43.749897
xtal_51.cif,./U3Si5/__initial__/17/xtal_51.cif,-31.35251,-36.216244
xtal_52.cif,./U3Si5/__initial__/17/xtal_52.cif,13.226354,-19.163013
xtal_57.cif,./U3Si5/__initial__/17/xtal_57.cif,-54.771244,5.2710743
xtal_58.cif,./U3Si5/__initial__/17/xtal_58.cif,-66.28624,2.0307887
xtal_60.cif,./U3Si5/__initial__/17/xtal_60.cif,22.027985,-43.01362
xtal_61.cif,./U3Si5/__initial__/17/xtal_61.cif,21.12273,-56.109444
xtal_62.cif,./U3Si5/__initial__/17/xtal_62.cif,-29.922703,38.115032
xtal_65.cif,./U3Si5/__initial__/17/xtal_65.cif,-48.03862,22.964165
xtal_66.cif,./U3Si5/__initial__/17/xtal_66.cif,-45.54017,-44.50409
xtal_7.cif,./U3Si5/__initial__/17/xtal_7.cif,-39.808205,54.05099
xtal_70.cif,./U3Si5/__initial__/17/xtal_70.cif,-51.68186,55.811016
xtal_71.cif,./U3Si5/__initial__/17/xtal_71.cif,42.78449,-57.449413
xtal_74.cif,./U3Si5/__initial__/17/xtal_74.cif,-22.95497,11.136736
xtal_75.cif,./U3Si5/__initial__/17/xtal_75.cif,-50.19614,-7.7728496
xtal_76.cif,./U3Si5/__initial__/17/xtal_76.cif,83.88115,-56.079643
xtal_77.cif,./U3Si5/__initial__/17/xtal_77.cif,74.801285,15.359876
xtal_8.cif,./U3Si5/__initial__/17/xtal_8.cif,43.682693,-13.646285
xtal_83.cif,./U3Si5/__initial__/17/xtal_83.cif,1.7152946,-59.24188
xtal_87.cif,./U3Si5/__initial__/17/xtal_87.cif,-3.1724567,17.408215
xtal_88.cif,./U3Si5/__initial__/17/xtal_88.cif,-25.482462,-46.55191
xtal_90.cif,./U3Si5/__initial__/17/xtal_90.cif,8.733086,-49.077747
xtal_91.cif,./U3Si5/__initial__/17/xtal_91.cif,-27.547573,21.97601
xtal_92.cif,./U3Si5/__initial__/17/xtal_92.cif,59.683876,-10.94995
xtal_96.cif,./U3Si5/__initial__/17/xtal_96.cif,57.961056,0.55095404
xtal_99.cif,./U3Si5/__initial__/17/xtal_99.cif,-9.751418,21.500008
xtal_1.cif,./U3Si5/__initial__/18/xtal_1.cif,33.86228,-32.45957
xtal_10.cif,./U3Si5/__initial__/18/xtal_10.cif,-56.81624,-3.8220897
xtal_100.cif,./U3Si5/__initial__/18/xtal_100.cif,46.279213,-37.421104
xtal_12.cif,./U3Si5/__initial__/18/xtal_12.cif,1.4341489,-29.781054
xtal_13.cif,./U3Si5/__initial__/18/xtal_13.cif,24.648333,16.050844
xtal_14.cif,./U3Si5/__initial__/18/xtal_14.cif,88.386986,-1.2615861
xtal_16.cif,./U3Si5/__initial__/18/xtal_16.cif,21.70696,-101.99676
xtal_17.cif,./U3Si5/__initial__/18/xtal_17.cif,62.02959,-30.624977
xtal_18.cif,./U3Si5/__initial__/18/xtal_18.cif,-60.13468,-15.493284
xtal_19.cif,./U3Si5/__initial__/18/xtal_19.cif,-2.5807312,73.439644
xtal_2.cif,./U3Si5/__initial__/18/xtal_2.cif,-57.706337,-41.518696
xtal_20.cif,./U3Si5/__initial__/18/xtal_20.cif,-64.69216,-41.41689
xtal_21.cif,./U3Si5/__initial__/18/xtal_21.cif,-28.720924,53.490177
xtal_22.cif,./U3Si5/__initial__/18/xtal_22.cif,5.2548323,-55.83613
xtal_23.cif,./U3Si5/__initial__/18/xtal_23.cif,53.41641,-26.20287
xtal_24.cif,./U3Si5/__initial__/18/xtal_24.cif,72.786865,-71.31951
xtal_25.cif,./U3Si5/__initial__/18/xtal_25.cif,-56.961178,28.102282
xtal_28.cif,./U3Si5/__initial__/18/xtal_28.cif,15.245555,-24.882757
xtal_29.cif,./U3Si5/__initial__/18/xtal_29.cif,-45.667023,23.466198
xtal_3.cif,./U3Si5/__initial__/18/xtal_3.cif,-32.078457,5.6155763
xtal_31.cif,./U3Si5/__initial__/18/xtal_31.cif,-0.68072337,18.892801
xtal_33.cif,./U3Si5/__initial__/18/xtal_33.cif,17.492998,-21.223183
xtal_34.cif,./U3Si5/__initial__/18/xtal_34.cif,-34.107567,-73.49352
xtal_35.cif,./U3Si5/__initial__/18/xtal_35.cif,-0.64362097,-14.415522
xtal_36.cif,./U3Si5/__initial__/18/xtal_36.cif,-60.733578,32.420547
xtal_37.cif,./U3Si5/__initial__/18/xtal_37.cif,-32.081753,47.12063
xtal_38.cif,./U3Si5/__initial__/18/xtal_38.cif,76.85412,-68.10453
xtal_4.cif,./U3Si5/__initial__/18/xtal_4.cif,-8.179632,-54.639915
xtal_40.cif,./U3Si5/__initial__/18/xtal_40.cif,-53.339756,-79.90956
xtal_41.cif,./U3Si5/__initial__/18/xtal_41.cif,82.16003,29.510378
xtal_42.cif,./U3Si5/__initial__/18/xtal_42.cif,-35.439606,-51.373844
xtal_44.cif,./U3Si5/__initial__/18/xtal_44.cif,-55.535103,-11.710126
xtal_45.cif,./U3Si5/__initial__/18/xtal_45.cif,-41.068344,79.44171
xtal_46.cif,./U3Si5/__initial__/18/xtal_46.cif,-66.25974,-12.837827
xtal_47.cif,./U3Si5/__initial__/18/xtal_47.cif,-3.1642976,71.18155
xtal_49.cif,./U3Si5/__initial__/18/xtal_49.cif,8.750791,-78.81775
xtal_5.cif,./U3Si5/__initial__/18/xtal_5.cif,-36.60582,-47.887726
xtal_50.cif,./U3Si5/__initial__/18/xtal_50.cif,-18.689568,-77.30854
xtal_51.cif,./U3Si5/__initial__/18/xtal_51.cif,44.842407,-65.177
xtal_52.cif,./U3Si5/__initial__/18/xtal_52.cif,2.690624,-91.05284
xtal_53.cif,./U3Si5/__initial__/18/xtal_53.cif,-33.350597,81.97727
xtal_54.cif,./U3Si5/__initial__/18/xtal_54.cif,38.00283,-28.823566
xtal_55.cif,./U3Si5/__initial__/18/xtal_55.cif,-48.35698,41.082436
xtal_56.cif,./U3Si5/__initial__/18/xtal_56.cif,-8.651652,14.061474
xtal_57.cif,./U3Si5/__initial__/18/xtal_57.cif,-29.368744,1.7044784
xtal_58.cif,./U3Si5/__initial__/18/xtal_58.cif,-67.5183,20.466751
xtal_59.cif,./U3Si5/__initial__/18/xtal_59.cif,-27.072433,80.72489
xtal_6.cif,./U3Si5/__initial__/18/xtal_6.cif,69.05509,-76.458496
xtal_60.cif,./U3Si5/__initial__/18/xtal_60.cif,-57.240433,24.115314
xtal_61.cif,./U3Si5/__initial__/18/xtal_61.cif,-19.782135,-8.893245
xtal_62.cif,./U3Si5/__initial__/18/xtal_62.cif,36.24009,-39.963985
xtal_63.cif,./U3Si5/__initial__/18/xtal_63.cif,-2.8958719,75.81163
xtal_64.cif,./U3Si5/__initial__/18/xtal_64.cif,-37.95273,54.001747
xtal_65.cif,./U3Si5/__initial__/18/xtal_65.cif,-65.916016,-18.529573
xtal_66.cif,./U3Si5/__initial__/18/xtal_66.cif,11.044757,-79.68428
xtal_68.cif,./U3Si5/__initial__/18/xtal_68.cif,70.03428,-53.41811
xtal_7.cif,./U3Si5/__initial__/18/xtal_7.cif,2.1709352,-32.52618
xtal_70.cif,./U3Si5/__initial__/18/xtal_70.cif,-2.48488,-47.484978
xtal_71.cif,./U3Si5/__initial__/18/xtal_71.cif,-56.711422,30.646374
xtal_72.cif,./U3Si5/__initial__/18/xtal_72.cif,63.149986,-40.917625
xtal_73.cif,./U3Si5/__initial__/18/xtal_73.cif,-79.60167,-0.24757466
xtal_74.cif,./U3Si5/__initial__/18/xtal_74.cif,-1.2814486,-31.150593
xtal_75.cif,./U3Si5/__initial__/18/xtal_75.cif,73.75903,30.451973
xtal_76.cif,./U3Si5/__initial__/18/xtal_76.cif,-55.771484,0.19170658
xtal_77.cif,./U3Si5/__initial__/18/xtal_77.cif,-39.298985,12.885513
xtal_78.cif,./U3Si5/__initial__/18/xtal_78.cif,41.255657,-14.518855
xtal_79.cif,./U3Si5/__initial__/18/xtal_79.cif,-37.20662,22.127275
xtal_80.cif,./U3Si5/__initial__/18/xtal_80.cif,-26.270996,-46.87785
xtal_81.cif,./U3Si5/__initial__/18/xtal_81.cif,52.810642,10.427506
xtal_82.cif,./U3Si5/__initial__/18/xtal_82.cif,-18.160261,-88.24198
xtal_84.cif,./U3Si5/__initial__/18/xtal_84.cif,-40.931942,56.33458
xtal_86.cif,./U3Si5/__initial__/18/xtal_86.cif,-58.743755,62.9579
xtal_87.cif,./U3Si5/__initial__/18/xtal_87.cif,46.093033,-67.957054
xtal_88.cif,./U3Si5/__initial__/18/xtal_88.cif,-43.1129,71.338745
xtal_89.cif,./U3Si5/__initial__/18/xtal_89.cif,-55.50665,10.881176
xtal_9.cif,./U3Si5/__initial__/18/xtal_9.cif,70.77064,-74.808464
xtal_90.cif,./U3Si5/__initial__/18/xtal_90.cif,-38.427906,14.059293
xtal_91.cif,./U3Si5/__initial__/18/xtal_91.cif,-5.254708,-44.93186
xtal_92.cif,./U3Si5/__initial__/18/xtal_92.cif,-13.908125,101.29249
xtal_93.cif,./U3Si5/__initial__/18/xtal_93.cif,-34.66464,-74.3389
xtal_94.cif,./U3Si5/__initial__/18/xtal_94.cif,-89.369705,7.665392
xtal_96.cif,./U3Si5/__initial__/18/xtal_96.cif,3.821456,84.66464
xtal_97.cif,./U3Si5/__initial__/18/xtal_97.cif,47.01457,-89.383194
xtal_98.cif,./U3Si5/__initial__/18/xtal_98.cif,1.9043324,100.191185
xtal_99.cif,./U3Si5/__initial__/18/xtal_99.cif,39.594265,-63.139614
xtal_1.cif,./U3Si5/__initial__/21/xtal_1.cif,-27.481186,57.115723
xtal_10.cif,./U3Si5/__initial__/21/xtal_10.cif,18.564962,40.994995
xtal_100.cif,./U3Si5/__initial__/21/xtal_100.cif,90.28914,43.43003
xtal_14.cif,./U3Si5/__initial__/21/xtal_14.cif,95.569626,17.320478
xtal_18.cif,./U3Si5/__initial__/21/xtal_18.cif,84.84516,3.086199
xtal_19.cif,./U3Si5/__initial__/21/xtal_19.cif,110.84274,-4.431479
xtal_2.cif,./U3Si5/__initial__/21/xtal_2.cif,95.68463,17.277584
xtal_20.cif,./U3Si5/__initial__/21/xtal_20.cif,77.40797,-76.134544
xtal_21.cif,./U3Si5/__initial__/21/xtal_21.cif,-34.505035,83.83312
xtal_22.cif,./U3Si5/__initial__/21/xtal_22.cif,50.497234,10.200383
xtal_23.cif,./U3Si5/__initial__/21/xtal_23.cif,105.739075,29.398458
xtal_24.cif,./U3Si5/__initial__/21/xtal_24.cif,-38.954212,79.54351
xtal_25.cif,./U3Si5/__initial__/21/xtal_25.cif,-10.074986,17.90185
xtal_26.cif,./U3Si5/__initial__/21/xtal_26.cif,97.64633,53.995857
xtal_28.cif,./U3Si5/__initial__/21/xtal_28.cif,-16.02719,94.12097
xtal_31.cif,./U3Si5/__initial__/21/xtal_31.cif,93.3241,4.8016124
xtal_33.cif,./U3Si5/__initial__/21/xtal_33.cif,100.299484,-18.698742
xtal_34.cif,./U3Si5/__initial__/21/xtal_34.cif,58.230473,37.728825
xtal_36.cif,./U3Si5/__initial__/21/xtal_36.cif,-20.94726,6.796273
xtal_37.cif,./U3Si5/__initial__/21/xtal_37.cif,70.327286,21.254778
xtal_39.cif,./U3Si5/__initial__/21/xtal_39.cif,34.47377,37.158226
xtal_4.cif,./U3Si5/__initial__/21/xtal_4.cif,-91.67364,-12.309749
xtal_40.cif,./U3Si5/__initial__/21/xtal_40.cif,67.09281,56.80475
xtal_42.cif,./U3Si5/__initial__/21/xtal_42.cif,42.01712,-21.083746
xtal_43.cif,./U3Si5/__initial__/21/xtal_43.cif,66.409836,-3.9752588
xtal_44.cif,./U3Si5/__initial__/21/xtal_44.cif,-0.8806541,-27.832657
xtal_45.cif,./U3Si5/__initial__/21/xtal_45.cif,-39.348064,30.470871
xtal_48.cif,./U3Si5/__initial__/21/xtal_48.cif,84.29332,-33.28498
xtal_5.cif,./U3Si5/__initial__/21/xtal_5.cif,10.365485,93.528015
xtal_50.cif,./U3Si5/__initial__/21/xtal_50.cif,53.95267,-21.469534
xtal_52.cif,./U3Si5/__initial__/21/xtal_52.cif,-20.69222,53.054688
xtal_54.cif,./U3Si5/__initial__/21/xtal_54.cif,72.61096,5.307243
xtal_56.cif,./U3Si5/__initial__/21/xtal_56.cif,-30.234121,0.38137025
xtal_59.cif,./U3Si5/__initial__/21/xtal_59.cif,63.51935,18.778051
xtal_6.cif,./U3Si5/__initial__/21/xtal_6.cif,-29.348053,26.008272
xtal_60.cif,./U3Si5/__initial__/21/xtal_60.cif,92.876305,6.4824376
xtal_62.cif,./U3Si5/__initial__/21/xtal_62.cif,-54.477837,27.540657
xtal_64.cif,./U3Si5/__initial__/21/xtal_64.cif,16.222328,6.5607185
xtal_67.cif,./U3Si5/__initial__/21/xtal_67.cif,64.20495,14.166849
xtal_68.cif,./U3Si5/__initial__/21/xtal_68.cif,101.05608,18.81527
xtal_70.cif,./U3Si5/__initial__/21/xtal_70.cif,34.90241,-14.63104
xtal_71.cif,./U3Si5/__initial__/21/xtal_71.cif,13.749824,-17.613302
xtal_72.cif,./U3Si5/__initial__/21/xtal_72.cif,-4.109134,-46.420372
xtal_74.cif,./U3Si5/__initial__/21/xtal_74.cif,-1.9959617,-44.790455
xtal_76.cif,./U3Si5/__initial__/21/xtal_76.cif,97.03734,-29.425552
xtal_78.cif,./U3Si5/__initial__/21/xtal_78.cif,71.65392,0.67100585
xtal_79.cif,./U3Si5/__initial__/21/xtal_79.cif,75.35143,-3.1586306
xtal_8.cif,./U3Si5/__initial__/21/xtal_8.cif,11.008005,66.09308
xtal_80.cif,./U3Si5/__initial__/21/xtal_80.cif,105.548195,0.3131574
xtal_81.cif,./U3Si5/__initial__/21/xtal_81.cif,7.921585,44.651943
xtal_82.cif,./U3Si5/__initial__/21/xtal_82.cif,-35.072758,17.762983
xtal_84.cif,./U3Si5/__initial__/21/xtal_84.cif,-15.404919,38.092224
xtal_85.cif,./U3Si5/__initial__/21/xtal_85.cif,54.477047,-11.140989
xtal_86.cif,./U3Si5/__initial__/21/xtal_86.cif,-65.36351,35.316902
xtal_87.cif,./U3Si5/__initial__/21/xtal_87.cif,-46.307693,9.996123
xtal_89.cif,./U3Si5/__initial__/21/xtal_89.cif,-50.980118,55.155445
xtal_90.cif,./U3Si5/__initial__/21/xtal_90.cif,-13.760933,51.72464
xtal_93.cif,./U3Si5/__initial__/21/xtal_93.cif,56.470978,-13.969671
xtal_94.cif,./U3Si5/__initial__/21/xtal_94.cif,-72.52157,-29.491306
xtal_95.cif,./U3Si5/__initial__/21/xtal_95.cif,71.0723,29.049187
xtal_96.cif,./U3Si5/__initial__/21/xtal_96.cif,62.082527,-19.322021
xtal_97.cif,./U3Si5/__initial__/21/xtal_97.cif,57.88165,-25.531775
xtal_98.cif,./U3Si5/__initial__/21/xtal_98.cif,-37.191086,-34.24245
xtal_11.cif,./U3Si5/__initial__/23/xtal_11.cif,-101.67853,-1.5591363
xtal_12.cif,./U3Si5/__initial__/23/xtal_12.cif,113.51944,-14.529685
xtal_13.cif,./U3Si5/__initial__/23/xtal_13.cif,-71.952644,-34.10433
xtal_14.cif,./U3Si5/__initial__/23/xtal_14.cif,-21.66926,-51.680122
xtal_15.cif,./U3Si5/__initial__/23/xtal_15.cif,-8.125085,50.31539
xtal_16.cif,./U3Si5/__initial__/23/xtal_16.cif,51.34943,-19.533072
xtal_18.cif,./U3Si5/__initial__/23/xtal_18.cif,-64.75548,46.327232
xtal_19.cif,./U3Si5/__initial__/23/xtal_19.cif,-32.235092,91.31012
xtal_21.cif,./U3Si5/__initial__/23/xtal_21.cif,102.17077,0.96516764
xtal_22.cif,./U3Si5/__initial__/23/xtal_22.cif,50.750042,-24.764524
xtal_23.cif,./U3Si5/__initial__/23/xtal_23.cif,-0.92315954,65.006966
xtal_26.cif,./U3Si5/__initial__/23/xtal_26.cif,96.30334,12.362739
xtal_28.cif,./U3Si5/__initial__/23/xtal_28.cif,-16.547592,21.521929
xtal_3.cif,./U3Si5/__initial__/23/xtal_3.cif,101.387596,-35.782703
xtal_30.cif,./U3Si5/__initial__/23/xtal_30.cif,1.348933,-55.625626
xtal_31.cif,./U3Si5/__initial__/23/xtal_31.cif,-43.796112,-2.8174174
xtal_32.cif,./U3Si5/__initial__/23/xtal_32.cif,92.45609,-65.02567
xtal_34.cif,./U3Si5/__initial__/23/xtal_34.cif,-29.912672,51.489983
xtal_35.cif,./U3Si5/__initial__/23/xtal_35.cif,63.482548,-38.297855
xtal_36.cif,./U3Si5/__initial__/23/xtal_36.cif,-11.056876,12.024185
xtal_37.cif,./U3Si5/__initial__/23/xtal_37.cif,87.25671,3.7066517
xtal_38.cif,./U3Si5/__initial__/23/xtal_38.cif,3.0092335,101.2707
xtal_4.cif,./U3Si5/__initial__/23/xtal_4.cif,68.897575,16.816772
xtal_40.cif,./U3Si5/__initial__/23/xtal_40.cif,69.897804,-28.251791
xtal_41.cif,./U3Si5/__initial__/23/xtal_41.cif,88.40428,-25.169348
xtal_42.cif,./U3Si5/__initial__/23/xtal_42.cif,1.0110971,62.439373
xtal_43.cif,./U3Si5/__initial__/23/xtal_43.cif,72.845116,-46.89466
xtal_46.cif,./U3Si5/__initial__/23/xtal_46.cif,96.60982,-37.029785
xtal_47.cif,./U3Si5/__initial__/23/xtal_47.cif,-33.189114,-65.74843
xtal_48.cif,./U3Si5/__initial__/23/xtal_48.cif,-29.061436,53.19296
xtal_49.cif,./U3Si5/__initial__/23/xtal_49.cif,-63.453144,-65.842545
xtal_50.cif,./U3Si5/__initial__/23/xtal_50.cif,55.04106,-10.565834
xtal_52.cif,./U3Si5/__initial__/23/xtal_52.cif,50.339363,14.141166
xtal_53.cif,./U3Si5/__initial__/23/xtal_53.cif,-93.88539,31.78221
xtal_55.cif,./U3Si5/__initial__/23/xtal_55.cif,-94.688644,-21.255325
xtal_59.cif,./U3Si5/__initial__/23/xtal_59.cif,-16.149223,-28.653708
xtal_6.cif,./U3Si5/__initial__/23/xtal_6.cif,62.820965,-38.82626
xtal_60.cif,./U3Si5/__initial__/23/xtal_60.cif,10.535845,-56.01216
xtal_61.cif,./U3Si5/__initial__/23/xtal_61.cif,60.719048,-52.632515
xtal_62.cif,./U3Si5/__initial__/23/xtal_62.cif,-31.522707,26.585434
xtal_63.cif,./U3Si5/__initial__/23/xtal_63.cif,91.663925,-31.220835
xtal_64.cif,./U3Si5/__initial__/23/xtal_64.cif,109.77463,-6.74265
xtal_65.cif,./U3Si5/__initial__/23/xtal_65.cif,22.878147,-87.18174
xtal_66.cif,./U3Si5/__initial__/23/xtal_66.cif,-21.046087,75.5655
xtal_67.cif,./U3Si5/__initial__/23/xtal_67.cif,-50.30036,53.020287
xtal_69.cif,./U3Si5/__initial__/23/xtal_69.cif,90.49268,-23.958605
xtal_7.cif,./U3Si5/__initial__/23/xtal_7.cif,73.95438,-73.27645
xtal_70.cif,./U3Si5/__initial__/23/xtal_70.cif,-6.345088,14.987105
xtal_71.cif,./U3Si5/__initial__/23/xtal_71.cif,-52.572735,95.569824
xtal_72.cif,./U3Si5/__initial__/23/xtal_72.cif,102.49968,-40.4307
xtal_73.cif,./U3Si5/__initial__/23/xtal_73.cif,91.75344,-16.515778
xtal_74.cif,./U3Si5/__initial__/23/xtal_74.cif,6.0244727,70.73689
xtal_76.cif,./U3Si5/__initial__/23/xtal_76.cif,-40.074966,39.313015
xtal_77.cif,./U3Si5/__initial__/23/xtal_77.cif,75.37416,-41.467587
xtal_78.cif,./U3Si5/__initial__/23/xtal_78.cif,-20.821665,-58.44313
xtal_79.cif,./U3Si5/__initial__/23/xtal_79.cif,2.8688524,87.933975
xtal_8.cif,./U3Si5/__initial__/23/xtal_8.cif,61.982304,-84.41799
xtal_81.cif,./U3Si5/__initial__/23/xtal_81.cif,99.286446,27.33284
xtal_83.cif,./U3Si5/__initial__/23/xtal_83.cif,57.32172,25.909906
xtal_84.cif,./U3Si5/__initial__/23/xtal_84.cif,103.17633,11.29951
xtal_85.cif,./U3Si5/__initial__/23/xtal_85.cif,85.21271,-1.9580593
xtal_88.cif,./U3Si5/__initial__/23/xtal_88.cif,92.87002,-65.39617
xtal_89.cif,./U3Si5/__initial__/23/xtal_89.cif,104.20592,25.722555
xtal_90.cif,./U3Si5/__initial__/23/xtal_90.cif,-92.93463,9.750702
xtal_91.cif,./U3Si5/__initial__/23/xtal_91.cif,100.523384,-28.282478
xtal_92.cif,./U3Si5/__initial__/23/xtal_92.cif,87.38827,3.576459
xtal_94.cif,./U3Si5/__initial__/23/xtal_94.cif,104.301155,26.263538
xtal_95.cif,./U3Si5/__initial__/23/xtal_95.cif,66.7712,16.658419
xtal_96.cif,./U3Si5/__initial__/23/xtal_96.cif,79.35238,50.21257
xtal_97.cif,./U3Si5/__initial__/23/xtal_97.cif,48.2638,21.00558
xtal_99.cif,./U3Si5/__initial__/23/xtal_99.cif,99.8756,30.87202
xtal_12.cif,./U3Si5/__initial__/25/xtal_12.cif,50.853573,44.81218
xtal_13.cif,./U3Si5/__initial__/25/xtal_13.cif,100.06183,55.72638
xtal_14.cif,./U3Si5/__initial__/25/xtal_14.cif,17.583656,43.513138
xtal_15.cif,./U3Si5/__initial__/25/xtal_15.cif,36.474888,34.673103
xtal_16.cif,./U3Si5/__initial__/25/xtal_16.cif,-22.058659,60.930668
xtal_18.cif,./U3Si5/__initial__/25/xtal_18.cif,32.63722,-6.378335
xtal_20.cif,./U3Si5/__initial__/25/xtal_20.cif,30.331709,59.309307
xtal_21.cif,./U3Si5/__initial__/25/xtal_21.cif,-32.74377,14.085547
xtal_22.cif,./U3Si5/__initial__/25/xtal_22.cif,-36.85716,-55.58916
xtal_25.cif,./U3Si5/__initial__/25/xtal_25.cif,19.238482,43.223537
xtal_27.cif,./U3Si5/__initial__/25/xtal_27.cif,31.293024,0.77323955
xtal_29.cif,./U3Si5/__initial__/25/xtal_29.cif,37.82795,25.867697
xtal_32.cif,./U3Si5/__initial__/25/xtal_32.cif,9.408045,17.870026
xtal_33.cif,./U3Si5/__initial__/25/xtal_33.cif,39.253353,-41.21668
xtal_36.cif,./U3Si5/__initial__/25/xtal_36.cif,28.8043,50.54606
xtal_38.cif,./U3Si5/__initial__/25/xtal_38.cif,16.24207,19.100752
xtal_40.cif,./U3Si5/__initial__/25/xtal_40.cif,85.25068,42.583683
xtal_41.cif,./U3Si5/__initial__/25/xtal_41.cif,-9.572589,94.58547
xtal_42.cif,./U3Si5/__initial__/25/xtal_42.cif,8.201855,35.328453
xtal_43.cif,./U3Si5/__initial__/25/xtal_43.cif,40.9791,75.82584
xtal_45.cif,./U3Si5/__initial__/25/xtal_45.cif,3.2735388,5.528973
xtal_49.cif,./U3Si5/__initial__/25/xtal_49.cif,81.38716,46.59638
xtal_5.cif,./U3Si5/__initial__/25/xtal_5.cif,51.532207,65.02722
xtal_50.cif,./U3Si5/__initial__/25/xtal_50.cif,-31.983644,37.052406
xtal_52.cif,./U3Si5/__initial__/25/xtal_52.cif,43.893635,64.315575
xtal_55.cif,./U3Si5/__initial__/25/xtal_55.cif,29.676678,34.00233
xtal_57.cif,./U3Si5/__initial__/25/xtal_57.cif,55.074245,-17.874624
xtal_58.cif,./U3Si5/__initial__/25/xtal_58.cif,1.0697889,6.356508
xtal_59.cif,./U3Si5/__initial__/25/xtal_59.cif,30.540342,0.049910374
xtal_6.cif,./U3Si5/__initial__/25/xtal_6.cif,-12.204113,-23.286219
xtal_60.cif,./U3Si5/__initial__/25/xtal_60.cif,5.013027,17.473513
xtal_61.cif,./U3Si5/__initial__/25/xtal_61.cif,49.285645,-19.871614
xtal_63.cif,./U3Si5/__initial__/25/xtal_63.cif,-7.165809,39.273582
xtal_66.cif,./U3Si5/__initial__/25/xtal_66.cif,3.974696,6.5394087
xtal_68.cif,./U3Si5/__initial__/25/xtal_68.cif,-2.3748968,25.281788
xtal_69.cif,./U3Si5/__initial__/25/xtal_69.cif,43.527462,52.323364
xtal_72.cif,./U3Si5/__initial__/25/xtal_72.cif,0.29924792,4.424346
xtal_74.cif,./U3Si5/__initial__/25/xtal_74.cif,-7.0961437,38.75936
xtal_77.cif,./U3Si5/__initial__/25/xtal_77.cif,3.6652646,26.463415
xtal_83.cif,./U3Si5/__initial__/25/xtal_83.cif,47.855656,-4.1679783
xtal_84.cif,./U3Si5/__initial__/25/xtal_84.cif,-16.015528,76.3672
xtal_85.cif,./U3Si5/__initial__/25/xtal_85.cif,59.897385,62.470497
xtal_88.cif,./U3Si5/__initial__/25/xtal_88.cif,25.06256,78.99837
xtal_9.cif,./U3Si5/__initial__/25/xtal_9.cif,27.579391,31.824804
xtal_93.cif,./U3Si5/__initial__/25/xtal_93.cif,-34.68514,70.834366
xtal_94.cif,./U3Si5/__initial__/25/xtal_94.cif,47.66649,72.19481
xtal_97.cif,./U3Si5/__initial__/25/xtal_97.cif,27.260786,-41.671898
xtal_98.cif,./U3Si5/__initial__/25/xtal_98.cif,0.93522465,25.354446
xtal_10.cif,./U3Si5/__initial__/26/xtal_10.cif,19.296064,49.368053
xtal_100.cif,./U3Si5/__initial__/26/xtal_100.cif,-2.5990572,-4.953355
xtal_11.cif,./U3Si5/__initial__/26/xtal_11.cif,-4.5583196,42.647755
xtal_12.cif,./U3Si5/__initial__/26/xtal_12.cif,-10.778235,-2.9675384
xtal_13.cif,./U3Si5/__initial__/26/xtal_13.cif,0.20245492,-11.805102
xtal_15.cif,./U3Si5/__initial__/26/xtal_15.cif,48.042164,-55.319088
xtal_16.cif,./U3Si5/__initial__/26/xtal_16.cif,4.1780066,46.05171
xtal_17.cif,./U3Si5/__initial__/26/xtal_17.cif,38.68216,-32.234997
xtal_18.cif,./U3Si5/__initial__/26/xtal_18.cif,-13.06367,64.14628
xtal_19.cif,./U3Si5/__initial__/26/xtal_19.cif,15.711627,7.7061186
xtal_20.cif,./U3Si5/__initial__/26/xtal_20.cif,18.204409,-86.79861
xtal_21.cif,./U3Si5/__initial__/26/xtal_21.cif,-21.35627,-5.4404593
xtal_22.cif,./U3Si5/__initial__/26/xtal_22.cif,-11.13514,23.326641
xtal_23.cif,./U3Si5/__initial__/26/xtal_23.cif,106.30819,-15.75446
xtal_24.cif,./U3Si5/__initial__/26/xtal_24.cif,55.485905,-14.025189
xtal_25.cif,./U3Si5/__initial__/26/xtal_25.cif,10.828303,79.86024
xtal_26.cif,./U3Si5/__initial__/26/xtal_26.cif,30.882265,21.485619
xtal_3.cif,./U3Si5/__initial__/26/xtal_3.cif,0.37321392,47.597183
xtal_31.cif,./U3Si5/__initial__/26/xtal_31.cif,28.521286,54.880768
xtal_32.cif,./U3Si5/__initial__/26/xtal_32.cif,44.561333,14.55477
xtal_34.cif,./U3Si5/__initial__/26/xtal_34.cif,-6.9126134,-2.572539
xtal_35.cif,./U3Si5/__initial__/26/xtal_35.cif,8.3847885,12.486539
xtal_39.cif,./U3Si5/__initial__/26/xtal_39.cif,-26.103369,0.9789122
xtal_4.cif,./U3Si5/__initial__/26/xtal_4.cif,-21.403154,-11.157312
xtal_41.cif,./U3Si5/26/xtal_41.cif,-46.65125,96.51784
xtal_42.cif,./U3Si5/__initial__/26/xtal_42.cif,-19.69388,33.56638
xtal_45.cif,./U3Si5/__initial__/26/xtal_45.cif,48.42363,-5.2848716
xtal_49.cif,./U3Si5/__initial__/26/xtal_49.cif,16.976442,39.0295
xtal_5.cif,./U3Si5/__initial__/26/xtal_5.cif,23.908648,17.411852
xtal_50.cif,./U3Si5/__initial__/26/xtal_50.cif,75.15285,-68.89586
xtal_53.cif,./U3Si5/__initial__/26/xtal_53.cif,11.256249,-16.393867
xtal_54.cif,./U3Si5/__initial__/26/xtal_54.cif,-13.7309885,18.205856
xtal_55.cif,./U3Si5/__initial__/26/xtal_55.cif,-14.255061,-2.9427803
xtal_57.cif,./U3Si5/__initial__/26/xtal_57.cif,-10.704028,83.65591
xtal_58.cif,./U3Si5/__initial__/26/xtal_58.cif,15.873974,16.902721
xtal_6.cif,./U3Si5/__initial__/26/xtal_6.cif,-30.690046,34.991978
xtal_60.cif,./U3Si5/__initial__/26/xtal_60.cif,37.61881,38.38037
xtal_61.cif,./U3Si5/__initial__/26/xtal_61.cif,-21.2782,60.899612
xtal_62.cif,./U3Si5/__initial__/26/xtal_62.cif,-20.97877,45.89003
xtal_63.cif,./U3Si5/__initial__/26/xtal_63.cif,-68.81543,14.011215
xtal_64.cif,./U3Si5/__initial__/26/xtal_64.cif,79.774506,41.357994
xtal_66.cif,./U3Si5/__initial__/26/xtal_66.cif,8.586618,-52.560204
xtal_67.cif,./U3Si5/__initial__/26/xtal_67.cif,11.983691,40.552822
xtal_68.cif,./U3Si5/__initial__/26/xtal_68.cif,81.041,56.47315
xtal_7.cif,./U3Si5/__initial__/26/xtal_7.cif,75.57475,-38.7821
xtal_72.cif,./U3Si5/__initial__/26/xtal_72.cif,25.03032,2.1702638
xtal_73.cif,./U3Si5/__initial__/26/xtal_73.cif,16.218105,-85.77381
xtal_75.cif,./U3Si5/__initial__/26/xtal_75.cif,-40.35862,-63.475098
xtal_77.cif,./U3Si5/__initial__/26/xtal_77.cif,6.4263167,-38.92783
xtal_81.cif,./U3Si5/__initial__/26/xtal_81.cif,42.889244,-34.972057
xtal_83.cif,./U3Si5/__initial__/26/xtal_83.cif,101.466484,24.598616
xtal_84.cif,./U3Si5/__initial__/26/xtal_84.cif,78.23617,41.80833
xtal_85.cif,./U3Si5/__initial__/26/xtal_85.cif,-23.395906,87.07589
xtal_87.cif,./U3Si5/__initial__/26/xtal_87.cif,79.9133,41.45534
xtal_88.cif,./U3Si5/__initial__/26/xtal_88.cif,22.52389,9.292351
xtal_95.cif,./U3Si5/__initial__/26/xtal_95.cif,-63.8106,14.545887
xtal_97.cif,./U3Si5/__initial__/26/xtal_97.cif,35.394043,-22.359833
xtal_99.cif,./U3Si5/__initial__/26/xtal_99.cif,-36.257423,69.446144
xtal_1.cif,./U3Si5/27/xtal_1.cif,-75.94115,45.814987
xtal_10.cif,./U3Si5/__initial__/27/xtal_10.cif,80.58215,56.812424
xtal_100.cif,./U3Si5/__initial__/27/xtal_100.cif,70.184204,39.385113
xtal_11.cif,./U3Si5/__initial__/27/xtal_11.cif,11.547485,25.99709
xtal_16.cif,./U3Si5/__initial__/27/xtal_16.cif,0.12423981,81.514275
xtal_28.cif,./U3Si5/__initial__/27/xtal_28.cif,104.004715,-8.083654
xtal_38.cif,./U3Si5/__initial__/27/xtal_38.cif,-48.28427,72.843025
xtal_40.cif,./U3Si5/__initial__/27/xtal_40.cif,-14.969445,48.277267
xtal_43.cif,./U3Si5/__initial__/27/xtal_43.cif,13.5436735,45.19326
xtal_50.cif,./U3Si5/__initial__/27/xtal_50.cif,9.229869,68.073044
xtal_51.cif,./U3Si5/__initial__/27/xtal_51.cif,19.989101,16.850851
xtal_77.cif,./U3Si5/__initial__/27/xtal_77.cif,17.90977,33.514015
xtal_78.cif,./U3Si5/__initial__/27/xtal_78.cif,10.007738,-0.95570326
xtal_86.cif,./U3Si5/__initial__/27/xtal_86.cif,22.44891,-16.777206
xtal_93.cif,./U3Si5/__initial__/27/xtal_93.cif,-41.93775,-61.600376
xtal_95.cif,./U3Si5/__initial__/27/xtal_95.cif,87.85836,-62.995567
xtal_1.cif,./U3Si5/__initial__/28/xtal_1.cif,-40.643314,71.99875
xtal_10.cif,./U3Si5/__initial__/28/xtal_10.cif,54.818527,10.141685
xtal_11.cif,./U3Si5/__initial__/28/xtal_11.cif,50.294075,63.542244
xtal_12.cif,./U3Si5/__initial__/28/xtal_12.cif,32.62246,66.07519
xtal_13.cif,./U3Si5/__initial__/28/xtal_13.cif,34.553883,78.08072
xtal_14.cif,./U3Si5/__initial__/28/xtal_14.cif,19.51536,49.07364
xtal_15.cif,./U3Si5/__initial__/28/xtal_15.cif,35.477367,-55.858765
xtal_16.cif,./U3Si5/__initial__/28/xtal_16.cif,41.19862,-39.913643
xtal_17.cif,./U3Si5/__initial__/28/xtal_17.cif,95.28947,-7.9915104
xtal_19.cif,./U3Si5/__initial__/28/xtal_19.cif,-41.404995,47.180088
xtal_20.cif,./U3Si5/__initial__/28/xtal_20.cif,26.501034,56.663754
xtal_21.cif,./U3Si5/__initial__/28/xtal_21.cif,20.284704,40.217823
xtal_24.cif,./U3Si5/__initial__/28/xtal_24.cif,15.483079,43.558247
xtal_25.cif,./U3Si5/__initial__/28/xtal_25.cif,23.006865,-0.64464223
xtal_26.cif,./U3Si5/__initial__/28/xtal_26.cif,36.8834,28.451994
xtal_28.cif,./U3Si5/__initial__/28/xtal_28.cif,-1.3942817,25.0554
xtal_29.cif,./U3Si5/__initial__/28/xtal_29.cif,8.761846,37.529953
xtal_3.cif,./U3Si5/__initial__/28/xtal_3.cif,-12.740176,65.410034
xtal_30.cif,./U3Si5/__initial__/28/xtal_30.cif,21.755926,63.683064
xtal_31.cif,./U3Si5/__initial__/28/xtal_31.cif,-3.6666582,-0.15329193
xtal_32.cif,./U3Si5/__initial__/28/xtal_32.cif,29.718876,53.565502
xtal_33.cif,./U3Si5/__initial__/28/xtal_33.cif,34.592445,-43.679775
xtal_34.cif,./U3Si5/__initial__/28/xtal_34.cif,44.79965,71.29843
xtal_35.cif,./U3Si5/__initial__/28/xtal_35.cif,-17.950209,63.25929
xtal_36.cif,./U3Si5/__initial__/28/xtal_36.cif,27.927073,3.6861665
xtal_37.cif,./U3Si5/__initial__/28/xtal_37.cif,37.00967,77.08336
xtal_38.cif,./U3Si5/__initial__/28/xtal_38.cif,46.886883,42.514328
xtal_39.cif,./U3Si5/__initial__/28/xtal_39.cif,77.95871,15.914485
xtal_4.cif,./U3Si5/__initial__/28/xtal_4.cif,-3.5834365,30.063402
xtal_40.cif,./U3Si5/__initial__/28/xtal_40.cif,-65.87672,7.0750475
xtal_43.cif,./U3Si5/__initial__/28/xtal_43.cif,34.902798,-1.4382956
xtal_44.cif,./U3Si5/__initial__/28/xtal_44.cif,3.383973,23.785347
xtal_45.cif,./U3Si5/__initial__/28/xtal_45.cif,20.163519,61.483246
xtal_46.cif,./U3Si5/__initial__/28/xtal_46.cif,6.331113,76.86701
xtal_47.cif,./U3Si5/__initial__/28/xtal_47.cif,27.630976,76.88658
xtal_48.cif,./U3Si5/__initial__/28/xtal_48.cif,15.885583,19.732565
xtal_49.cif,./U3Si5/__initial__/28/xtal_49.cif,-41.650154,57.40695
xtal_5.cif,./U3Si5/__initial__/28/xtal_5.cif,-4.2884603,-17.865349
xtal_50.cif,./U3Si5/__initial__/28/xtal_50.cif,1.151048,41.614483
xtal_51.cif,./U3Si5/__initial__/28/xtal_51.cif,16.55126,40.65563
xtal_53.cif,./U3Si5/__initial__/28/xtal_53.cif,-0.3238838,46.831085
xtal_54.cif,./U3Si5/__initial__/28/xtal_54.cif,-2.7079709,32.429478
xtal_55.cif,./U3Si5/__initial__/28/xtal_55.cif,70.637505,-76.576385
xtal_56.cif,./U3Si5/__initial__/28/xtal_56.cif,-38.95296,68.72917
xtal_57.cif,./U3Si5/__initial__/28/xtal_57.cif,-38.61367,71.648796
xtal_59.cif,./U3Si5/__initial__/28/xtal_59.cif,-5.5512285,25.406574
xtal_6.cif,./U3Si5/__initial__/28/xtal_6.cif,9.776744,-32.565086
xtal_60.cif,./U3Si5/__initial__/28/xtal_60.cif,18.913471,70.60622
xtal_62.cif,./U3Si5/__initial__/28/xtal_62.cif,0.3302392,41.68436
xtal_63.cif,./U3Si5/__initial__/28/xtal_63.cif,-13.507787,33.822075
xtal_64.cif,./U3Si5/__initial__/28/xtal_64.cif,7.480122,11.294467
xtal_65.cif,./U3Si5/__initial__/28/xtal_65.cif,26.156126,74.14052
xtal_67.cif,./U3Si5/__initial__/28/xtal_67.cif,41.612415,-11.915361
xtal_68.cif,./U3Si5/__initial__/28/xtal_68.cif,81.81741,-54.572754
xtal_69.cif,./U3Si5/__initial__/28/xtal_69.cif,23.350847,-17.15247
xtal_70.cif,./U3Si5/__initial__/28/xtal_70.cif,-18.308779,58.67181
xtal_71.cif,./U3Si5/__initial__/28/xtal_71.cif,-9.761383,13.647727
xtal_74.cif,./U3Si5/__initial__/28/xtal_74.cif,39.041992,89.21496
xtal_75.cif,./U3Si5/__initial__/28/xtal_75.cif,-52.012352,13.338195
xtal_76.cif,./U3Si5/__initial__/28/xtal_76.cif,15.0412245,17.293552
xtal_77.cif,./U3Si5/__initial__/28/xtal_77.cif,46.75948,31.496088
xtal_78.cif,./U3Si5/__initial__/28/xtal_78.cif,66.889755,-10.043667
xtal_79.cif,./U3Si5/__initial__/28/xtal_79.cif,33.25134,-1.4102633
xtal_80.cif,./U3Si5/__initial__/28/xtal_80.cif,-36.16654,19.37683
xtal_83.cif,./U3Si5/__initial__/28/xtal_83.cif,45.602863,-65.6715
xtal_86.cif,./U3Si5/__initial__/28/xtal_86.cif,29.700056,44.803047
xtal_87.cif,./U3Si5/__initial__/28/xtal_87.cif,46.465343,30.228537
xtal_88.cif,./U3Si5/__initial__/28/xtal_88.cif,-26.696962,33.9344
xtal_89.cif,./U3Si5/__initial__/28/xtal_89.cif,25.605852,28.954329
xtal_9.cif,./U3Si5/__initial__/28/xtal_9.cif,30.65693,-4.2255516
xtal_90.cif,./U3Si5/__initial__/28/xtal_90.cif,6.3374395,14.533448
xtal_91.cif,./U3Si5/__initial__/28/xtal_91.cif,25.978275,14.660365
xtal_94.cif,./U3Si5/__initial__/28/xtal_94.cif,-45.88591,29.5417
xtal_96.cif,./U3Si5/__initial__/28/xtal_96.cif,5.6402845,-5.123164
xtal_97.cif,./U3Si5/__initial__/28/xtal_97.cif,77.37406,7.2840595
xtal_98.cif,./U3Si5/__initial__/28/xtal_98.cif,27.455395,53.408276
xtal_99.cif,./U3Si5/__initial__/28/xtal_99.cif,84.90375,-0.65390795
xtal_1.cif,./U3Si5/__initial__/30/xtal_1.cif,32.722904,-5.2382903
xtal_10.cif,./U3Si5/__initial__/30/xtal_10.cif,16.856045,43.529984
xtal_11.cif,./U3Si5/__initial__/30/xtal_11.cif,-30.740974,95.4872
xtal_12.cif,./U3Si5/__initial__/30/xtal_12.cif,22.402542,-11.753597
xtal_15.cif,./U3Si5/__initial__/30/xtal_15.cif,22.77269,-18.886406
xtal_16.cif,./U3Si5/__initial__/30/xtal_16.cif,8.082103,7.4856443
xtal_18.cif,./U3Si5/__initial__/30/xtal_18.cif,-21.121235,50.494026
xtal_22.cif,./U3Si5/__initial__/30/xtal_22.cif,-63.786907,34.326168
xtal_23.cif,./U3Si5/__initial__/30/xtal_23.cif,-10.218228,103.98192
xtal_24.cif,./U3Si5/__initial__/30/xtal_24.cif,-23.773157,53.040794
xtal_25.cif,./U3Si5/__initial__/30/xtal_25.cif,63.063873,-8.714132
xtal_26.cif,./U3Si5/__initial__/30/xtal_26.cif,74.82165,42.79084
xtal_27.cif,./U3Si5/__initial__/30/xtal_27.cif,-16.860622,3.8869665
xtal_28.cif,./U3Si5/__initial__/30/xtal_28.cif,28.916264,25.552595
xtal_29.cif,./U3Si5/__initial__/30/xtal_29.cif,20.577705,-22.76076
xtal_3.cif,./U3Si5/__initial__/30/xtal_3.cif,46.70916,-49.986725
xtal_30.cif,./U3Si5/30/xtal_30.cif,-10.429203,108.89129
xtal_31.cif,./U3Si5/__initial__/30/xtal_31.cif,8.132574,21.459137
xtal_32.cif,./U3Si5/__initial__/30/xtal_32.cif,68.14443,-19.63882
xtal_33.cif,./U3Si5/__initial__/30/xtal_33.cif,52.51385,-14.288901
xtal_36.cif,./U3Si5/__initial__/30/xtal_36.cif,67.26816,-48.119434
xtal_38.cif,./U3Si5/__initial__/30/xtal_38.cif,20.974918,37.629524
xtal_4.cif,./U3Si5/__initial__/30/xtal_4.cif,2.0300148,-2.0904245
xtal_40.cif,./U3Si5/__initial__/30/xtal_40.cif,33.642796,25.952
xtal_42.cif,./U3Si5/__initial__/30/xtal_42.cif,5.895902,21.240091
xtal_45.cif,./U3Si5/__initial__/30/xtal_45.cif,16.287512,8.453566
xtal_46.cif,./U3Si5/__initial__/30/xtal_46.cif,32.533146,5.2874203
xtal_49.cif,./U3Si5/__initial__/30/xtal_49.cif,-69.14973,20.59536
xtal_51.cif,./U3Si5/__initial__/30/xtal_51.cif,11.023145,-9.645541
xtal_52.cif,./U3Si5/__initial__/30/xtal_52.cif,5.8550835,-1.2396951
xtal_53.cif,./U3Si5/__initial__/30/xtal_53.cif,-46.70288,46.64378
xtal_54.cif,./U3Si5/__initial__/30/xtal_54.cif,33.36348,19.553747
xtal_55.cif,./U3Si5/__initial__/30/xtal_55.cif,68.968315,25.952112
xtal_56.cif,./U3Si5/__initial__/30/xtal_56.cif,1.9088194,97.15207
xtal_6.cif,./U3Si5/__initial__/30/xtal_6.cif,-19.15036,-75.29015
xtal_66.cif,./U3Si5/__initial__/30/xtal_66.cif,82.44691,-41.480686
xtal_67.cif,./U3Si5/__initial__/30/xtal_67.cif,33.30472,-29.561588
xtal_68.cif,./U3Si5/__initial__/30/xtal_68.cif,-39.181904,27.126118
xtal_69.cif,./U3Si5/__initial__/30/xtal_69.cif,81.89956,8.210325
xtal_7.cif,./U3Si5/__initial__/30/xtal_7.cif,-3.8718657,26.87923
xtal_72.cif,./U3Si5/__initial__/30/xtal_72.cif,-30.019583,39.518368
xtal_74.cif,./U3Si5/__initial__/30/xtal_74.cif,46.83738,-52.02045
xtal_77.cif,./U3Si5/__initial__/30/xtal_77.cif,32.20174,55.286724
xtal_8.cif,./U3Si5/__initial__/30/xtal_8.cif,65.51644,55.25626
xtal_82.cif,./U3Si5/__initial__/30/xtal_82.cif,6.8869686,18.143515
xtal_84.cif,./U3Si5/__initial__/30/xtal_84.cif,93.54688,-39.178
xtal_86.cif,./U3Si5/__initial__/30/xtal_86.cif,65.368904,19.763544
xtal_87.cif,./U3Si5/__initial__/30/xtal_87.cif,61.977093,-2.2224605
xtal_88.cif,./U3Si5/__initial__/30/xtal_88.cif,-2.2976944,31.84192
xtal_89.cif,./U3Si5/30/xtal_89.cif,15.57737,-41.90606
xtal_9.cif,./U3Si5/__initial__/30/xtal_9.cif,-43.2232,-12.528611
xtal_90.cif,./U3Si5/__initial__/30/xtal_90.cif,6.244677,20.259813
xtal_91.cif,./U3Si5/__initial__/30/xtal_91.cif,-42.048897,-13.359815
xtal_92.cif,./U3Si5/__initial__/30/xtal_92.cif,87.57366,-1.0673385
xtal_93.cif,./U3Si5/__initial__/30/xtal_93.cif,101.62397,3.2707455
xtal_94.cif,./U3Si5/__initial__/30/xtal_94.cif,-1.3907287,-44.385044
xtal_95.cif,./U3Si5/__initial__/30/xtal_95.cif,47.912086,-28.151114
xtal_96.cif,./U3Si5/__initial__/30/xtal_96.cif,-1.3282232,9.578297
xtal_97.cif,./U3Si5/__initial__/30/xtal_97.cif,-17.770071,18.735512
xtal_99.cif,./U3Si5/__initial__/30/xtal_99.cif,52.823856,-51.057922
xtal_1.cif,./U3Si5/__initial__/31/xtal_1.cif,25.023088,57.297443
xtal_11.cif,./U3Si5/__initial__/31/xtal_11.cif,35.9814,32.66516
xtal_12.cif,./U3Si5/__initial__/31/xtal_12.cif,6.2596464,-1.9346602
xtal_20.cif,./U3Si5/__initial__/31/xtal_20.cif,-36.21871,70.07353
xtal_21.cif,./U3Si5/__initial__/31/xtal_21.cif,-26.434801,-17.479736
xtal_29.cif,./U3Si5/__initial__/31/xtal_29.cif,-42.8273,69.19791
xtal_30.cif,./U3Si5/__initial__/31/xtal_30.cif,-1.455297,-35.24413
xtal_31.cif,./U3Si5/__initial__/31/xtal_31.cif,-1.9116449,26.948051
xtal_32.cif,./U3Si5/__initial__/31/xtal_32.cif,-11.468116,-56.21741
xtal_33.cif,./U3Si5/__initial__/31/xtal_33.cif,-31.019997,21.059763
xtal_34.cif,./U3Si5/__initial__/31/xtal_34.cif,-2.121874,24.22897
xtal_35.cif,./U3Si5/__initial__/31/xtal_35.cif,12.759821,56.918728
xtal_36.cif,./U3Si5/__initial__/31/xtal_36.cif,1.6634572,-6.100544
xtal_37.cif,./U3Si5/__initial__/31/xtal_37.cif,-32.24039,61.82583
xtal_38.cif,./U3Si5/__initial__/31/xtal_38.cif,32.33904,-37.93081
xtal_39.cif,./U3Si5/__initial__/31/xtal_39.cif,47.550114,22.620642
xtal_4.cif,./U3Si5/__initial__/31/xtal_4.cif,6.10769,-6.072976
xtal_44.cif,./U3Si5/__initial__/31/xtal_44.cif,-7.9774394,23.296059
xtal_45.cif,./U3Si5/__initial__/31/xtal_45.cif,-13.760025,51.49161
xtal_47.cif,./U3Si5/__initial__/31/xtal_47.cif,-44.02771,67.99948
xtal_49.cif,./U3Si5/__initial__/31/xtal_49.cif,45.227524,-23.413935
xtal_51.cif,./U3Si5/__initial__/31/xtal_51.cif,-14.676274,74.70393
xtal_52.cif,./U3Si5/__initial__/31/xtal_52.cif,18.130732,41.11833
xtal_55.cif,./U3Si5/__initial__/31/xtal_55.cif,11.83092,17.556791
xtal_58.cif,./U3Si5/__initial__/31/xtal_58.cif,-45.498707,20.752256
xtal_64.cif,./U3Si5/__initial__/31/xtal_64.cif,55.183098,-56.364075
xtal_68.cif,./U3Si5/__initial__/31/xtal_68.cif,80.21107,-77.83941
xtal_69.cif,./U3Si5/__initial__/31/xtal_69.cif,27.665335,53.340393
xtal_7.cif,./U3Si5/31/xtal_7.cif,-19.34446,109.564835
xtal_75.cif,./U3Si5/__initial__/31/xtal_75.cif,-3.8684657,65.953896
xtal_79.cif,./U3Si5/__initial__/31/xtal_79.cif,2.0854208,20.065681
xtal_8.cif,./U3Si5/__initial__/31/xtal_8.cif,1.1177241,45.5023
xtal_85.cif,./U3Si5/__initial__/31/xtal_85.cif,28.080957,25.358698
xtal_9.cif,./U3Si5/__initial__/31/xtal_9.cif,26.415148,36.279423
xtal_91.cif,./U3Si5/__initial__/31/xtal_91.cif,-16.706305,77.23293
xtal_1.cif,./U3Si5/__initial__/32/xtal_1.cif,10.030642,87.716515
xtal_13.cif,./U3Si5/__initial__/32/xtal_13.cif,78.46131,59.749825
xtal_14.cif,./U3Si5/__initial__/32/xtal_14.cif,-40.54755,-48.02878
xtal_15.cif,./U3Si5/__initial__/32/xtal_15.cif,33.352722,78.29264
xtal_16.cif,./U3Si5/__initial__/32/xtal_16.cif,15.202932,36.170193
xtal_17.cif,./U3Si5/__initial__/32/xtal_17.cif,37.26334,86.4532
xtal_18.cif,./U3Si5/__initial__/32/xtal_18.cif,-18.78794,43.630764
xtal_19.cif,./U3Si5/__initial__/32/xtal_19.cif,48.061222,56.396244
xtal_2.cif,./U3Si5/__initial__/32/xtal_2.cif,44.15416,56.482864
xtal_23.cif,./U3Si5/__initial__/32/xtal_23.cif,29.128252,3.0253606
xtal_24.cif,./U3Si5/__initial__/32/xtal_24.cif,76.03611,53.358757
xtal_33.cif,./U3Si5/__initial__/32/xtal_33.cif,30.239376,90.330826
xtal_35.cif,./U3Si5/__initial__/32/xtal_35.cif,94.82659,26.155552
xtal_38.cif,./U3Si5/__initial__/32/xtal_38.cif,14.983642,19.406265
xtal_4.cif,./U3Si5/__initial__/32/xtal_4.cif,46.774406,44.946873
xtal_42.cif,./U3Si5/__initial__/32/xtal_42.cif,35.030106,93.53309
xtal_46.cif,./U3Si5/__initial__/32/xtal_46.cif,-13.438513,67.198235
xtal_48.cif,./U3Si5/__initial__/32/xtal_48.cif,44.835556,-23.12859
xtal_5.cif,./U3Si5/__initial__/32/xtal_5.cif,74.80608,-22.29686
xtal_60.cif,./U3Si5/__initial__/32/xtal_60.cif,38.67046,59.83255
xtal_64.cif,./U3Si5/__initial__/32/xtal_64.cif,49.47774,82.10309
xtal_68.cif,./U3Si5/__initial__/32/xtal_68.cif,40.27015,56.669353
xtal_69.cif,./U3Si5/__initial__/32/xtal_69.cif,37.569633,36.588203
xtal_70.cif,./U3Si5/32/xtal_70.cif,-10.210851,40.318542
xtal_75.cif,./U3Si5/__initial__/32/xtal_75.cif,19.23624,53.234108
xtal_76.cif,./U3Si5/__initial__/32/xtal_76.cif,28.832014,29.356825
xtal_79.cif,./U3Si5/__initial__/32/xtal_79.cif,79.078545,-42.21531
xtal_8.cif,./U3Si5/__initial__/32/xtal_8.cif,99.0444,56.452812
xtal_81.cif,./U3Si5/__initial__/32/xtal_81.cif,96.791595,-9.66785
xtal_82.cif,./U3Si5/__initial__/32/xtal_82.cif,61.31662,63.98372
xtal_83.cif,./U3Si5/__initial__/32/xtal_83.cif,-42.31235,74.35689
xtal_86.cif,./U3Si5/__initial__/32/xtal_86.cif,6.9701095,10.95067
xtal_89.cif,./U3Si5/__initial__/32/xtal_89.cif,-5.864725,70.00111
xtal_9.cif,./U3Si5/__initial__/32/xtal_9.cif,39.611797,-7.7066
xtal_92.cif,./U3Si5/__initial__/32/xtal_92.cif,19.672802,64.499115
xtal_93.cif,./U3Si5/__initial__/32/xtal_93.cif,35.482758,77.24482
xtal_10.cif,./U3Si5/__initial__/34/xtal_10.cif,28.678896,12.088781
xtal_11.cif,./U3Si5/__initial__/34/xtal_11.cif,9.07127,50.97517
xtal_12.cif,./U3Si5/__initial__/34/xtal_12.cif,95.01418,54.880924
xtal_15.cif,./U3Si5/__initial__/34/xtal_15.cif,-2.7427206,81.60458
xtal_17.cif,./U3Si5/__initial__/34/xtal_17.cif,0.06900779,-34.513817
xtal_18.cif,./U3Si5/__initial__/34/xtal_18.cif,69.36876,-45.127007
xtal_19.cif,./U3Si5/__initial__/34/xtal_19.cif,-32.08391,35.907177
xtal_21.cif,./U3Si5/__initial__/34/xtal_21.cif,26.010586,0.5864523
xtal_22.cif,./U3Si5/__initial__/34/xtal_22.cif,69.65985,-12.067947
xtal_23.cif,./U3Si5/__initial__/34/xtal_23.cif,-20.970444,9.369666
xtal_25.cif,./U3Si5/__initial__/34/xtal_25.cif,44.13949,35.647263
xtal_26.cif,./U3Si5/__initial__/34/xtal_26.cif,25.809526,-4.059307
xtal_28.cif,./U3Si5/__initial__/34/xtal_28.cif,34.1471,40.478188
xtal_30.cif,./U3Si5/__initial__/34/xtal_30.cif,53.857536,6.9166727
xtal_33.cif,./U3Si5/__initial__/34/xtal_33.cif,42.136074,36.650845
xtal_34.cif,./U3Si5/__initial__/34/xtal_34.cif,8.462711,35.841614
xtal_38.cif,./U3Si5/__initial__/34/xtal_38.cif,-23.728148,25.183907
xtal_40.cif,./U3Si5/__initial__/34/xtal_40.cif,67.08258,37.52858
xtal_41.cif,./U3Si5/__initial__/34/xtal_41.cif,-38.224075,84.36383
xtal_42.cif,./U3Si5/__initial__/34/xtal_42.cif,16.962486,31.970926
xtal_45.cif,./U3Si5/__initial__/34/xtal_45.cif,21.949903,45.74281
xtal_46.cif,./U3Si5/__initial__/34/xtal_46.cif,52.51894,70.71163
xtal_47.cif,./U3Si5/__initial__/34/xtal_47.cif,-1.3655887,47.19119
xtal_49.cif,./U3Si5/__initial__/34/xtal_49.cif,20.395542,33.09875
xtal_50.cif,./U3Si5/__initial__/34/xtal_50.cif,31.390842,37.38605
xtal_51.cif,./U3Si5/__initial__/34/xtal_51.cif,-65.77088,44.850967
xtal_53.cif,./U3Si5/__initial__/34/xtal_53.cif,11.786145,47.43837
xtal_54.cif,./U3Si5/__initial__/34/xtal_54.cif,9.0978,16.97047
xtal_57.cif,./U3Si5/__initial__/34/xtal_57.cif,54.77645,22.1172
xtal_58.cif,./U3Si5/__initial__/34/xtal_58.cif,-7.624783,64.63063
xtal_59.cif,./U3Si5/__initial__/34/xtal_59.cif,10.490175,-6.1687098
xtal_60.cif,./U3Si5/__initial__/34/xtal_60.cif,-58.848328,6.262859
xtal_61.cif,./U3Si5/__initial__/34/xtal_61.cif,52.07805,22.280624
xtal_62.cif,./U3Si5/__initial__/34/xtal_62.cif,8.357382,14.02543
xtal_63.cif,./U3Si5/__initial__/34/xtal_63.cif,64.054214,37.20851
xtal_65.cif,./U3Si5/__initial__/34/xtal_65.cif,38.694435,60.852394
xtal_66.cif,./U3Si5/__initial__/34/xtal_66.cif,-26.59758,38.64608
xtal_67.cif,./U3Si5/__initial__/34/xtal_67.cif,40.149944,48.55775
xtal_68.cif,./U3Si5/__initial__/34/xtal_68.cif,-2.708104,42.520367
xtal_7.cif,./U3Si5/__initial__/34/xtal_7.cif,-20.725708,27.538757
xtal_70.cif,./U3Si5/__initial__/34/xtal_70.cif,-37.717728,70.74428
xtal_73.cif,./U3Si5/__initial__/34/xtal_73.cif,43.84409,35.128197
xtal_75.cif,./U3Si5/__initial__/34/xtal_75.cif,27.025425,81.85292
xtal_76.cif,./U3Si5/__initial__/34/xtal_76.cif,35.525906,51.247826
xtal_77.cif,./U3Si5/__initial__/34/xtal_77.cif,12.6809025,0.06267609
xtal_8.cif,./U3Si5/__initial__/34/xtal_8.cif,-42.73226,-11.532358
xtal_81.cif,./U3Si5/__initial__/34/xtal_81.cif,-26.101286,37.61301
xtal_84.cif,./U3Si5/__initial__/34/xtal_84.cif,27.808159,-15.362829
xtal_85.cif,./U3Si5/__initial__/34/xtal_85.cif,-21.716791,96.39515
xtal_87.cif,./U3Si5/__initial__/34/xtal_87.cif,46.104862,-49.38244
xtal_88.cif,./U3Si5/__initial__/34/xtal_88.cif,63.97937,-40.849407
xtal_89.cif,./U3Si5/34/xtal_89.cif,-10.156285,-19.097221
xtal_91.cif,./U3Si5/__initial__/34/xtal_91.cif,25.625483,51.992306
xtal_92.cif,./U3Si5/__initial__/34/xtal_92.cif,-20.27134,6.6675916
xtal_100.cif,./U3Si5/__initial__/35/xtal_100.cif,46.835907,41.652447
xtal_12.cif,./U3Si5/__initial__/35/xtal_12.cif,19.786953,82.582054
xtal_16.cif,./U3Si5/__initial__/35/xtal_16.cif,55.66267,78.929405
xtal_21.cif,./U3Si5/__initial__/35/xtal_21.cif,83.03685,29.331034
xtal_25.cif,./U3Si5/__initial__/35/xtal_25.cif,42.074497,98.35086
xtal_26.cif,./U3Si5/__initial__/35/xtal_26.cif,39.060844,92.22887
xtal_29.cif,./U3Si5/__initial__/35/xtal_29.cif,45.627274,37.62923
xtal_3.cif,./U3Si5/__initial__/35/xtal_3.cif,33.880634,96.24592
xtal_30.cif,./U3Si5/__initial__/35/xtal_30.cif,33.7387,92.6455
xtal_32.cif,./U3Si5/__initial__/35/xtal_32.cif,47.265438,81.61507
xtal_38.cif,./U3Si5/__initial__/35/xtal_38.cif,64.47477,63.989372
xtal_40.cif,./U3Si5/__initial__/35/xtal_40.cif,55.220726,75.185356
xtal_42.cif,./U3Si5/__initial__/35/xtal_42.cif,50.15554,73.160286
xtal_43.cif,./U3Si5/__initial__/35/xtal_43.cif,75.60376,38.76614
xtal_44.cif,./U3Si5/__initial__/35/xtal_44.cif,70.112206,46.710094
xtal_45.cif,./U3Si5/__initial__/35/xtal_45.cif,12.156575,93.067
xtal_47.cif,./U3Si5/__initial__/35/xtal_47.cif,88.98262,37.17824
xtal_48.cif,./U3Si5/__initial__/35/xtal_48.cif,26.271996,59.866135
xtal_5.cif,./U3Si5/__initial__/35/xtal_5.cif,33.206207,76.93093
xtal_54.cif,./U3Si5/__initial__/35/xtal_54.cif,51.45979,74.22114
xtal_57.cif,./U3Si5/__initial__/35/xtal_57.cif,103.30319,6.2542825
xtal_58.cif,./U3Si5/__initial__/35/xtal_58.cif,38.598637,98.83063
xtal_61.cif,./U3Si5/__initial__/35/xtal_61.cif,60.41305,22.277456
xtal_65.cif,./U3Si5/__initial__/35/xtal_65.cif,44.36588,84.57518
xtal_70.cif,./U3Si5/__initial__/35/xtal_70.cif,0.76433027,-3.0684724
xtal_8.cif,./U3Si5/__initial__/35/xtal_8.cif,47.10232,77.29028
xtal_81.cif,./U3Si5/__initial__/35/xtal_81.cif,50.12898,74.84054
xtal_82.cif,./U3Si5/__initial__/35/xtal_82.cif,53.431854,76.15155
xtal_85.cif,./U3Si5/__initial__/35/xtal_85.cif,25.88255,85.589424
xtal_90.cif,./U3Si5/__initial__/35/xtal_90.cif,67.32204,61.088257
xtal_91.cif,./U3Si5/__initial__/35/xtal_91.cif,47.57121,71.257545
xtal_96.cif,./U3Si5/__initial__/35/xtal_96.cif,106.73988,5.0755754
xtal_98.cif,./U3Si5/__initial__/35/xtal_98.cif,55.223263,73.75195
xtal_99.cif,./U3Si5/__initial__/35/xtal_99.cif,18.174465,63.77894
xtal_1.cif,./U3Si5/__initial__/38/xtal_1.cif,36.52926,18.422585
xtal_10.cif,./U3Si5/__initial__/38/xtal_10.cif,92.80729,6.5564375
xtal_100.cif,./U3Si5/__initial__/38/xtal_100.cif,105.43794,14.376399
xtal_11.cif,./U3Si5/__initial__/38/xtal_11.cif,35.543503,21.996466
xtal_16.cif,./U3Si5/__initial__/38/xtal_16.cif,-21.938488,57.430546
xtal_17.cif,./U3Si5/__initial__/38/xtal_17.cif,79.00215,15.499585
xtal_18.cif,./U3Si5/__initial__/38/xtal_18.cif,9.296081,18.598755
xtal_20.cif,./U3Si5/__initial__/38/xtal_20.cif,-21.461643,70.223564
xtal_23.cif,./U3Si5/__initial__/38/xtal_23.cif,105.64838,-10.435772
xtal_24.cif,./U3Si5/__initial__/38/xtal_24.cif,44.459316,43.587505
xtal_25.cif,./U3Si5/__initial__/38/xtal_25.cif,28.18426,-10.358195
xtal_27.cif,./U3Si5/__initial__/38/xtal_27.cif,52.89146,65.973305
xtal_29.cif,./U3Si5/__initial__/38/xtal_29.cif,64.48464,-18.598452
xtal_3.cif,./U3Si5/__initial__/38/xtal_3.cif,56.96622,41.30216
xtal_31.cif,./U3Si5/__initial__/38/xtal_31.cif,80.060875,16.758932
xtal_32.cif,./U3Si5/__initial__/38/xtal_32.cif,30.16793,48.336987
xtal_36.cif,./U3Si5/__initial__/38/xtal_36.cif,41.14284,26.300865
xtal_38.cif,./U3Si5/__initial__/38/xtal_38.cif,83.54564,60.454315
xtal_39.cif,./U3Si5/__initial__/38/xtal_39.cif,-6.5282245,-2.8163307
xtal_43.cif,./U3Si5/__initial__/38/xtal_43.cif,-3.2002451,43.888035
xtal_45.cif,./U3Si5/__initial__/38/xtal_45.cif,-31.90306,-15.436843
xtal_46.cif,./U3Si5/__initial__/38/xtal_46.cif,46.30324,43.804855
xtal_47.cif,./U3Si5/__initial__/38/xtal_47.cif,-15.6238575,76.508644
xtal_48.cif,./U3Si5/__initial__/38/xtal_48.cif,43.658825,29.690222
xtal_5.cif,./U3Si5/__initial__/38/xtal_5.cif,74.672806,-44.313385
xtal_53.cif,./U3Si5/__initial__/38/xtal_53.cif,52.05285,-12.626224
xtal_54.cif,./U3Si5/__initial__/38/xtal_54.cif,75.99381,-61.69246
xtal_57.cif,./U3Si5/__initial__/38/xtal_57.cif,71.84685,-7.695035
xtal_58.cif,./U3Si5/__initial__/38/xtal_58.cif,3.4117892,23.810217
xtal_6.cif,./U3Si5/__initial__/38/xtal_6.cif,4.6617966,43.645535
xtal_60.cif,./U3Si5/__initial__/38/xtal_60.cif,83.722565,7.380877
xtal_65.cif,./U3Si5/__initial__/38/xtal_65.cif,18.702814,10.433296
xtal_67.cif,./U3Si5/__initial__/38/xtal_67.cif,101.00188,24.37054
xtal_7.cif,./U3Si5/__initial__/38/xtal_7.cif,21.333239,21.591972
xtal_72.cif,./U3Si5/__initial__/38/xtal_72.cif,10.472637,45.46767
xtal_73.cif,./U3Si5/__initial__/38/xtal_73.cif,82.94055,8.381736
xtal_80.cif,./U3Si5/__initial__/38/xtal_80.cif,99.724754,-12.825058
xtal_82.cif,./U3Si5/__initial__/38/xtal_82.cif,104.437164,-24.62534
xtal_84.cif,./U3Si5/__initial__/38/xtal_84.cif,39.04456,27.927471
xtal_9.cif,./U3Si5/__initial__/38/xtal_9.cif,44.6043,39.410942
xtal_91.cif,./U3Si5/__initial__/38/xtal_91.cif,-20.71711,36.221485
xtal_92.cif,./U3Si5/__initial__/38/xtal_92.cif,58.046696,36.674114
xtal_94.cif,./U3Si5/__initial__/38/xtal_94.cif,69.477455,-7.882721
xtal_96.cif,./U3Si5/__initial__/38/xtal_96.cif,34.759315,-14.508006
xtal_97.cif,./U3Si5/__initial__/38/xtal_97.cif,35.87333,19.280937
xtal_98.cif,./U3Si5/__initial__/38/xtal_98.cif,80.627174,39.732895
xtal_99.cif,./U3Si5/__initial__/38/xtal_99.cif,59.042194,25.904892
xtal_12.cif,./U3Si5/__initial__/44/xtal_12.cif,40.841827,41.93093
xtal_14.cif,./U3Si5/__initial__/44/xtal_14.cif,35.27241,19.238768
xtal_16.cif,./U3Si5/__initial__/44/xtal_16.cif,0.14303201,-11.854629
xtal_22.cif,./U3Si5/__initial__/44/xtal_22.cif,-7.8155236,93.43123
xtal_23.cif,./U3Si5/__initial__/44/xtal_23.cif,25.369316,58.20963
xtal_24.cif,./U3Si5/__initial__/44/xtal_24.cif,-16.037205,73.80205
xtal_26.cif,./U3Si5/__initial__/44/xtal_26.cif,-2.2360606,-3.3984225
xtal_34.cif,./U3Si5/__initial__/44/xtal_34.cif,35.62499,24.540163
xtal_36.cif,./U3Si5/__initial__/44/xtal_36.cif,41.88688,30.96509
xtal_38.cif,./U3Si5/__initial__/44/xtal_38.cif,83.60403,2.01286
xtal_42.cif,./U3Si5/__initial__/44/xtal_42.cif,94.0618,63.484657
xtal_44.cif,./U3Si5/__initial__/44/xtal_44.cif,102.82307,25.773981
xtal_46.cif,./U3Si5/__initial__/44/xtal_46.cif,78.86774,52.17693
xtal_47.cif,./U3Si5/44/xtal_47.cif,107.191605,-9.811114
xtal_5.cif,./U3Si5/__initial__/44/xtal_5.cif,38.69009,-6.244975
xtal_52.cif,./U3Si5/__initial__/44/xtal_52.cif,-4.2472577,104.677734
xtal_57.cif,./U3Si5/__initial__/44/xtal_57.cif,104.48042,-4.64489
xtal_59.cif,./U3Si5/__initial__/44/xtal_59.cif,46.13046,44.05047
xtal_68.cif,./U3Si5/__initial__/44/xtal_68.cif,-14.493156,89.22828
xtal_7.cif,./U3Si5/__initial__/44/xtal_7.cif,83.21955,45.400017
xtal_75.cif,./U3Si5/__initial__/44/xtal_75.cif,48.350975,60.785496
xtal_76.cif,./U3Si5/__initial__/44/xtal_76.cif,95.64191,26.789467
xtal_79.cif,./U3Si5/__initial__/44/xtal_79.cif,45.85843,55.725197
xtal_82.cif,./U3Si5/__initial__/44/xtal_82.cif,41.355644,45.43624
xtal_91.cif,./U3Si5/__initial__/44/xtal_91.cif,26.429152,40.29722
xtal_92.cif,./U3Si5/__initial__/44/xtal_92.cif,24.77304,27.180277
xtal_95.cif,./U3Si5/__initial__/44/xtal_95.cif,49.830334,67.74802
xtal_96.cif,./U3Si5/__initial__/44/xtal_96.cif,29.723974,-5.496326
xtal_98.cif,./U3Si5/__initial__/44/xtal_98.cif,45.14283,69.74114
xtal_99.cif,./U3Si5/__initial__/44/xtal_99.cif,45.50036,51.437054
xtal_1.cif,./U3Si5/__initial__/47/xtal_1.cif,60.44957,20.696795
xtal_10.cif,./U3Si5/__initial__/47/xtal_10.cif,-30.991884,-0.3775699
xtal_100.cif,./U3Si5/47/xtal_100.cif,69.33237,18.164331
xtal_11.cif,./U3Si5/__initial__/47/xtal_11.cif,107.3751,-18.706781
xtal_12.cif,./U3Si5/__initial__/47/xtal_12.cif,53.181664,24.428513
xtal_13.cif,./U3Si5/__initial__/47/xtal_13.cif,-9.08026,55.937115
xtal_14.cif,./U3Si5/47/xtal_14.cif,-37.28415,109.560646
xtal_15.cif,./U3Si5/__initial__/47/xtal_15.cif,-12.325754,-76.40245
xtal_16.cif,./U3Si5/__initial__/47/xtal_16.cif,-18.555922,59.084087
xtal_17.cif,./U3Si5/__initial__/47/xtal_17.cif,-60.78136,-54.035748
xtal_18.cif,./U3Si5/__initial__/47/xtal_18.cif,-18.471727,-88.64969
xtal_19.cif,./U3Si5/__initial__/47/xtal_19.cif,12.140565,67.4572
xtal_2.cif,./U3Si5/__initial__/47/xtal_2.cif,38.52419,-64.275604
xtal_20.cif,./U3Si5/__initial__/47/xtal_20.cif,-43.98006,-35.69843
xtal_21.cif,./U3Si5/__initial__/47/xtal_21.cif,-39.664753,-27.505898
xtal_22.cif,./U3Si5/__initial__/47/xtal_22.cif,110.27079,36.642525
xtal_23.cif,./U3Si5/__initial__/47/xtal_23.cif,-16.258478,-57.749207
xtal_24.cif,./U3Si5/__initial__/47/xtal_24.cif,-57.60524,-55.914722
xtal_25.cif,./U3Si5/__initial__/47/xtal_25.cif,5.5121408,69.7894
xtal_26.cif,./U3Si5/__initial__/47/xtal_26.cif,56.121582,15.254075
xtal_27.cif,./U3Si5/__initial__/47/xtal_27.cif,-3.097187,-46.031494
xtal_28.cif,./U3Si5/__initial__/47/xtal_28.cif,-29.792809,63.810112
xtal_29.cif,./U3Si5/__initial__/47/xtal_29.cif,60.090305,13.206623
xtal_3.cif,./U3Si5/__initial__/47/xtal_3.cif,93.291374,-10.51345
xtal_30.cif,./U3Si5/__initial__/47/xtal_30.cif,-16.721972,55.55233
xtal_31.cif,./U3Si5/__initial__/47/xtal_31.cif,60.309174,-44.402084
xtal_32.cif,./U3Si5/__initial__/47/xtal_32.cif,2.1226718,-55.252205
xtal_33.cif,./U3Si5/__initial__/47/xtal_33.cif,77.93764,40.6944
xtal_34.cif,./U3Si5/__initial__/47/xtal_34.cif,-29.369268,2.9348981
xtal_35.cif,./U3Si5/__initial__/47/xtal_35.cif,21.697721,-66.22552
xtal_36.cif,./U3Si5/__initial__/47/xtal_36.cif,57.292572,-58.368492
xtal_37.cif,./U3Si5/__initial__/47/xtal_37.cif,22.585505,-44.93363
xtal_38.cif,./U3Si5/__initial__/47/xtal_38.cif,69.078804,-78.13571
xtal_39.cif,./U3Si5/__initial__/47/xtal_39.cif,-20.14336,-91.875465
xtal_4.cif,./U3Si5/__initial__/47/xtal_4.cif,-8.164713,14.099082
xtal_40.cif,./U3Si5/__initial__/47/xtal_40.cif,-39.099655,-20.873013
xtal_41.cif,./U3Si5/__initial__/47/xtal_41.cif,-42.076923,-25.325876
xtal_42.cif,./U3Si5/__initial__/47/xtal_42.cif,44.420296,-87.208885
xtal_43.cif,./U3Si5/__initial__/47/xtal_43.cif,-29.658062,71.77128
xtal_44.cif,./U3Si5/__initial__/47/xtal_44.cif,-0.053478386,-95.22106
xtal_45.cif,./U3Si5/47/xtal_45.cif,22.18962,-32.137447
xtal_46.cif,./U3Si5/__initial__/47/xtal_46.cif,-48.284405,-16.845438
xtal_47.cif,./U3Si5/__initial__/47/xtal_47.cif,62.498455,-17.576534
xtal_48.cif,./U3Si5/__initial__/47/xtal_48.cif,40.03159,-67.39904
xtal_49.cif,./U3Si5/__initial__/47/xtal_49.cif,70.19007,-3.607537
xtal_5.cif,./U3Si5/__initial__/47/xtal_5.cif,74.78391,-44.134823
xtal_50.cif,./U3Si5/__initial__/47/xtal_50.cif,51.61205,5.909655
xtal_51.cif,./U3Si5/__initial__/47/xtal_51.cif,-54.771473,14.843119
xtal_52.cif,./U3Si5/__initial__/47/xtal_52.cif,-92.19197,15.254038
xtal_53.cif,./U3Si5/__initial__/47/xtal_53.cif,100.8315,28.037806
xtal_54.cif,./U3Si5/__initial__/47/xtal_54.cif,33.45626,-19.75834
xtal_55.cif,./U3Si5/47/xtal_55.cif,-67.1103,-35.100418
xtal_56.cif,./U3Si5/__initial__/47/xtal_56.cif,89.33773,-10.124133
xtal_57.cif,./U3Si5/__initial__/47/xtal_57.cif,-56.503777,-63.940468
xtal_58.cif,./U3Si5/__initial__/47/xtal_58.cif,-48.91408,11.951218
xtal_59.cif,./U3Si5/__initial__/47/xtal_59.cif,-53.829185,16.358932
xtal_6.cif,./U3Si5/__initial__/47/xtal_6.cif,1.8855296,-55.370552
xtal_60.cif,./U3Si5/__initial__/47/xtal_60.cif,-59.666866,23.803411
xtal_61.cif,./U3Si5/__initial__/47/xtal_61.cif,8.374725,82.91334
xtal_62.cif,./U3Si5/__initial__/47/xtal_62.cif,-34.659817,0.87360954
xtal_63.cif,./U3Si5/__initial__/47/xtal_63.cif,30.636906,-43.49345
xtal_64.cif,./U3Si5/__initial__/47/xtal_64.cif,-12.101582,-76.579475
xtal_65.cif,./U3Si5/__initial__/47/xtal_65.cif,-15.466977,40.990894
xtal_66.cif,./U3Si5/__initial__/47/xtal_66.cif,-32.486794,-62.54445
xtal_67.cif,./U3Si5/__initial__/47/xtal_67.cif,-57.241516,-8.15404
xtal_68.cif,./U3Si5/__initial__/47/xtal_68.cif,83.21251,-34.198753
xtal_69.cif,./U3Si5/47/xtal_69.cif,-24.696152,97.042
xtal_7.cif,./U3Si5/__initial__/47/xtal_7.cif,-14.305365,53.00282
xtal_70.cif,./U3Si5/__initial__/47/xtal_70.cif,-8.353568,18.182623
xtal_71.cif,./U3Si5/__initial__/47/xtal_71.cif,43.894157,-35.4725
xtal_72.cif,./U3Si5/__initial__/47/xtal_72.cif,-42.806385,46.78383
xtal_73.cif,./U3Si5/__initial__/47/xtal_73.cif,1.6825715,-89.07385
xtal_74.cif,./U3Si5/__initial__/47/xtal_74.cif,30.099874,-49.116673
xtal_75.cif,./U3Si5/__initial__/47/xtal_75.cif,-41.168022,-21.541803
xtal_76.cif,./U3Si5/__initial__/47/xtal_76.cif,-39.70784,8.608772
xtal_77.cif,./U3Si5/__initial__/47/xtal_77.cif,-60.227753,-20.874191
xtal_78.cif,./U3Si5/__initial__/47/xtal_78.cif,-24.391804,-6.982621
xtal_79.cif,./U3Si5/__initial__/47/xtal_79.cif,-1.7096237,82.497955
xtal_8.cif,./U3Si5/__initial__/47/xtal_8.cif,-7.6073723,85.95763
xtal_80.cif,./U3Si5/__initial__/47/xtal_80.cif,56.206165,-89.71809
xtal_81.cif,./U3Si5/__initial__/47/xtal_81.cif,-27.933178,65.577705
xtal_82.cif,./U3Si5/__initial__/47/xtal_82.cif,62.34544,26.126963
xtal_83.cif,./U3Si5/__initial__/47/xtal_83.cif,-48.40942,-1.2986902
xtal_84.cif,./U3Si5/__initial__/47/xtal_84.cif,85.96094,18.793129
xtal_85.cif,./U3Si5/__initial__/47/xtal_85.cif,-37.71603,14.765959
xtal_86.cif,./U3Si5/__initial__/47/xtal_86.cif,61.889908,-38.106693
xtal_87.cif,./U3Si5/__initial__/47/xtal_87.cif,52.32623,-53.606915
xtal_88.cif,./U3Si5/__initial__/47/xtal_88.cif,31.361113,-52.08845
xtal_89.cif,./U3Si5/__initial__/47/xtal_89.cif,68.7997,31.566608
xtal_9.cif,./U3Si5/__initial__/47/xtal_9.cif,-22.944452,-9.0567
xtal_90.cif,./U3Si5/__initial__/47/xtal_90.cif,78.43193,-72.36255
xtal_91.cif,./U3Si5/__initial__/47/xtal_91.cif,50.67615,-49.16778
xtal_92.cif,./U3Si5/__initial__/47/xtal_92.cif,38.01932,-44.975086
xtal_93.cif,./U3Si5/__initial__/47/xtal_93.cif,4.365048,-61.579117
xtal_94.cif,./U3Si5/47/xtal_94.cif,-82.911385,65.31125
xtal_95.cif,./U3Si5/__initial__/47/xtal_95.cif,96.21826,-38.380867
xtal_96.cif,./U3Si5/__initial__/47/xtal_96.cif,-33.785835,-72.60376
xtal_97.cif,./U3Si5/__initial__/47/xtal_97.cif,-17.792233,87.188255
xtal_98.cif,./U3Si5/__initial__/47/xtal_98.cif,14.747096,-57.92473
xtal_99.cif,./U3Si5/__initial__/47/xtal_99.cif,71.47212,-79.56489
xtal_1.cif,./U3Si5/__initial__/48/xtal_1.cif,-20.256855,96.60235
xtal_10.cif,./U3Si5/__initial__/48/xtal_10.cif,-45.113094,-22.72277
xtal_100.cif,./U3Si5/48/xtal_100.cif,-60.26858,-34.124596
xtal_11.cif,./U3Si5/__initial__/48/xtal_11.cif,-62.719612,39.900826
xtal_12.cif,./U3Si5/__initial__/48/xtal_12.cif,-80.10372,68.23405
xtal_13.cif,./U3Si5/__initial__/48/xtal_13.cif,3.566806,87.49233
xtal_14.cif,./U3Si5/__initial__/48/xtal_14.cif,-16.75339,55.816486
xtal_15.cif,./U3Si5/48/xtal_15.cif,-93.45661,3.5766222
xtal_16.cif,./U3Si5/__initial__/48/xtal_16.cif,76.27856,-41.009933
xtal_17.cif,./U3Si5/__initial__/48/xtal_17.cif,-88.638954,7.931125
xtal_18.cif,./U3Si5/__initial__/48/xtal_18.cif,7.857097,-68.00792
xtal_19.cif,./U3Si5/__initial__/48/xtal_19.cif,46.911522,-79.82169
xtal_2.cif,./U3Si5/__initial__/48/xtal_2.cif,65.37075,29.39286
xtal_20.cif,./U3Si5/__initial__/48/xtal_20.cif,59.659805,30.307331
xtal_21.cif,./U3Si5/__initial__/48/xtal_21.cif,8.216553,99.78418
xtal_22.cif,./U3Si5/__initial__/48/xtal_22.cif,-53.198936,-60.697384
xtal_23.cif,./U3Si5/__initial__/48/xtal_23.cif,-26.133268,23.249752
xtal_24.cif,./U3Si5/__initial__/48/xtal_24.cif,-0.27964023,-83.35831
xtal_25.cif,./U3Si5/__initial__/48/xtal_25.cif,18.583094,-95.39739
xtal_26.cif,./U3Si5/__initial__/48/xtal_26.cif,-29.105434,-64.29588
xtal_27.cif,./U3Si5/__initial__/48/xtal_27.cif,111.49542,28.814444
xtal_28.cif,./U3Si5/__initial__/48/xtal_28.cif,80.86229,-19.726072
xtal_29.cif,./U3Si5/__initial__/48/xtal_29.cif,91.05329,-59.087387
xtal_3.cif,./U3Si5/__initial__/48/xtal_3.cif,-60.130726,-45.02139
xtal_30.cif,./U3Si5/__initial__/48/xtal_30.cif,100.632286,-18.35785
xtal_31.cif,./U3Si5/__initial__/48/xtal_31.cif,-90.89767,43.010223
xtal_32.cif,./U3Si5/__initial__/48/xtal_32.cif,-18.1376,89.54076
xtal_33.cif,./U3Si5/__initial__/48/xtal_33.cif,65.23179,-8.745668
xtal_34.cif,./U3Si5/__initial__/48/xtal_34.cif,-22.73901,-73.55897
xtal_35.cif,./U3Si5/__initial__/48/xtal_35.cif,45.69674,-23.310051
xtal_36.cif,./U3Si5/__initial__/48/xtal_36.cif,0.57787937,-54.22351
xtal_37.cif,./U3Si5/__initial__/48/xtal_37.cif,31.062883,-69.6883
xtal_38.cif,./U3Si5/__initial__/48/xtal_38.cif,-34.174072,-85.50571
xtal_39.cif,./U3Si5/__initial__/48/xtal_39.cif,-11.075191,110.84871
xtal_4.cif,./U3Si5/__initial__/48/xtal_4.cif,3.766298,-66.24017
xtal_40.cif,./U3Si5/__initial__/48/xtal_40.cif,-49.79433,37.650696
xtal_41.cif,./U3Si5/__initial__/48/xtal_41.cif,-17.304972,-46.10869
xtal_42.cif,./U3Si5/__initial__/48/xtal_42.cif,58.935722,-77.17923
xtal_43.cif,./U3Si5/__initial__/48/xtal_43.cif,-68.49377,-43.770607
xtal_44.cif,./U3Si5/__initial__/48/xtal_44.cif,-17.385397,-72.490326
xtal_45.cif,./U3Si5/__initial__/48/xtal_45.cif,53.98485,-72.13399
xtal_46.cif,./U3Si5/__initial__/48/xtal_46.cif,-27.451607,53.929947
xtal_47.cif,./U3Si5/__initial__/48/xtal_47.cif,-58.96058,-1.6245286
xtal_48.cif,./U3Si5/__initial__/48/xtal_48.cif,33.97251,-96.94021
xtal_49.cif,./U3Si5/__initial__/48/xtal_49.cif,-72.562164,-47.975803
xtal_5.cif,./U3Si5/__initial__/48/xtal_5.cif,-24.92589,5.071669
xtal_50.cif,./U3Si5/__initial__/48/xtal_50.cif,4.6424026,-64.504295
xtal_51.cif,./U3Si5/__initial__/48/xtal_51.cif,-7.720943,-84.00156
xtal_52.cif,./U3Si5/__initial__/48/xtal_52.cif,-75.595375,-66.94262
xtal_53.cif,./U3Si5/__initial__/48/xtal_53.cif,18.079594,-52.974403
xtal_54.cif,./U3Si5/__initial__/48/xtal_54.cif,-25.400013,-65.19395
xtal_55.cif,./U3Si5/__initial__/48/xtal_55.cif,-40.82338,8.986502
xtal_56.cif,./U3Si5/__initial__/48/xtal_56.cif,93.9308,-7.4740906
xtal_57.cif,./U3Si5/__initial__/48/xtal_57.cif,-31.304968,-59.374332
xtal_58.cif,./U3Si5/__initial__/48/xtal_58.cif,-47.77993,-66.22369
xtal_59.cif,./U3Si5/__initial__/48/xtal_59.cif,-16.369455,-99.99915
xtal_6.cif,./U3Si5/__initial__/48/xtal_6.cif,-19.982351,-70.76672
xtal_60.cif,./U3Si5/__initial__/48/xtal_60.cif,-23.248348,10.325566
xtal_61.cif,./U3Si5/__initial__/48/xtal_61.cif,52.029392,-52.947327
xtal_62.cif,./U3Si5/__initial__/48/xtal_62.cif,-25.43272,-46.395557
xtal_63.cif,./U3Si5/__initial__/48/xtal_63.cif,5.869388,-94.095924
xtal_64.cif,./U3Si5/__initial__/48/xtal_64.cif,-59.46858,-2.2544856
xtal_65.cif,./U3Si5/__initial__/48/xtal_65.cif,-1.3314072,-89.562096
xtal_66.cif,./U3Si5/__initial__/48/xtal_66.cif,93.50223,-53.207714
xtal_67.cif,./U3Si5/__initial__/48/xtal_67.cif,-29.49527,-4.2102413
xtal_68.cif,./U3Si5/__initial__/48/xtal_68.cif,-0.6276664,62.50232
xtal_69.cif,./U3Si5/__initial__/48/xtal_69.cif,-36.002758,-60.320637
xtal_7.cif,./U3Si5/__initial__/48/xtal_7.cif,38.69219,-64.997635
xtal_70.cif,./U3Si5/__initial__/48/xtal_70.cif,76.389694,-53.526833
xtal_71.cif,./U3Si5/__initial__/48/xtal_71.cif,80.02386,52.564922
xtal_72.cif,./U3Si5/__initial__/48/xtal_72.cif,-17.6159,-51.300602
xtal_73.cif,./U3Si5/__initial__/48/xtal_73.cif,12.986695,-94.190155
xtal_74.cif,./U3Si5/__initial__/48/xtal_74.cif,-25.554377,7.426094
xtal_75.cif,./U3Si5/__initial__/48/xtal_75.cif,-13.8500595,-48.116722
xtal_76.cif,./U3Si5/__initial__/48/xtal_76.cif,103.79853,-2.8082428
xtal_77.cif,./U3Si5/__initial__/48/xtal_77.cif,104.26391,28.351156
xtal_78.cif,./U3Si5/__initial__/48/xtal_78.cif,-57.733856,-56.560684
xtal_79.cif,./U3Si5/__initial__/48/xtal_79.cif,-26.953245,-1.5728619
xtal_8.cif,./U3Si5/__initial__/48/xtal_8.cif,-25.789469,0.36257982
xtal_80.cif,./U3Si5/__initial__/48/xtal_80.cif,77.91984,53.275394
xtal_81.cif,./U3Si5/__initial__/48/xtal_81.cif,6.9034567,-73.794426
xtal_82.cif,./U3Si5/__initial__/48/xtal_82.cif,-34.28779,-47.24019
xtal_83.cif,./U3Si5/__initial__/48/xtal_83.cif,32.980648,-97.13589
xtal_84.cif,./U3Si5/__initial__/48/xtal_84.cif,-50.539745,28.175163
xtal_85.cif,./U3Si5/__initial__/48/xtal_85.cif,-24.726063,-8.714625
xtal_86.cif,./U3Si5/__initial__/48/xtal_86.cif,-56.960175,-12.746289
xtal_87.cif,./U3Si5/__initial__/48/xtal_87.cif,1.5974345,70.13264
xtal_88.cif,./U3Si5/__initial__/48/xtal_88.cif,51.988113,-21.326056
xtal_89.cif,./U3Si5/__initial__/48/xtal_89.cif,71.54405,-4.4578857
xtal_9.cif,./U3Si5/__initial__/48/xtal_9.cif,-26.223484,28.130276
xtal_90.cif,./U3Si5/__initial__/48/xtal_90.cif,-18.810184,-63.416115
xtal_91.cif,./U3Si5/__initial__/48/xtal_91.cif,83.177956,-58.23894
xtal_92.cif,./U3Si5/__initial__/48/xtal_92.cif,-21.430635,-95.04629
xtal_93.cif,./U3Si5/__initial__/48/xtal_93.cif,-32.10046,-52.022026
xtal_94.cif,./U3Si5/__initial__/48/xtal_94.cif,-34.893436,-44.201992
xtal_95.cif,./U3Si5/__initial__/48/xtal_95.cif,-7.438129,49.574757
xtal_96.cif,./U3Si5/__initial__/48/xtal_96.cif,-55.21544,-53.174706
xtal_97.cif,./U3Si5/__initial__/48/xtal_97.cif,64.83539,-10.423352
xtal_98.cif,./U3Si5/__initial__/48/xtal_98.cif,-3.0948808,-60.182743
xtal_99.cif,./U3Si5/__initial__/48/xtal_99.cif,-6.1741633,-69.18729
xtal_10.cif,./U3Si5/__initial__/49/xtal_10.cif,97.22074,41.077435
xtal_100.cif,./U3Si5/__initial__/49/xtal_100.cif,-23.043737,82.46039
xtal_12.cif,./U3Si5/__initial__/49/xtal_12.cif,-18.912569,88.88622
xtal_15.cif,./U3Si5/__initial__/49/xtal_15.cif,58.06339,-2.5169883
xtal_16.cif,./U3Si5/__initial__/49/xtal_16.cif,-30.169884,55.705276
xtal_17.cif,./U3Si5/__initial__/49/xtal_17.cif,60.294235,39.40566
xtal_18.cif,./U3Si5/__initial__/49/xtal_18.cif,62.063286,27.706896
xtal_19.cif,./U3Si5/__initial__/49/xtal_19.cif,60.431717,5.0184937
xtal_2.cif,./U3Si5/__initial__/49/xtal_2.cif,-38.075882,33.352177
xtal_20.cif,./U3Si5/__initial__/49/xtal_20.cif,69.94218,-0.7949352
xtal_23.cif,./U3Si5/__initial__/49/xtal_23.cif,80.64323,-3.5084398
xtal_26.cif,./U3Si5/__initial__/49/xtal_26.cif,-84.313255,55.78091
xtal_27.cif,./U3Si5/__initial__/49/xtal_27.cif,-23.06894,64.132774
xtal_28.cif,./U3Si5/__initial__/49/xtal_28.cif,109.420494,-1.5513812
xtal_29.cif,./U3Si5/__initial__/49/xtal_29.cif,104.83627,12.929254
xtal_3.cif,./U3Si5/__initial__/49/xtal_3.cif,-1.368099,83.49885
xtal_30.cif,./U3Si5/__initial__/49/xtal_30.cif,-20.902946,80.473465
xtal_31.cif,./U3Si5/__initial__/49/xtal_31.cif,-18.448683,93.35545
xtal_33.cif,./U3Si5/__initial__/49/xtal_33.cif,56.57366,-39.30101
xtal_35.cif,./U3Si5/__initial__/49/xtal_35.cif,52.40844,8.734571
xtal_37.cif,./U3Si5/__initial__/49/xtal_37.cif,34.088825,-30.66887
xtal_38.cif,./U3Si5/__initial__/49/xtal_38.cif,-24.859856,66.64951
xtal_39.cif,./U3Si5/__initial__/49/xtal_39.cif,-70.17381,32.257538
xtal_4.cif,./U3Si5/__initial__/49/xtal_4.cif,109.64687,-4.341664
xtal_40.cif,./U3Si5/__initial__/49/xtal_40.cif,70.20572,-5.4140973
xtal_42.cif,./U3Si5/__initial__/49/xtal_42.cif,73.37908,-37.48397
xtal_43.cif,./U3Si5/__initial__/49/xtal_43.cif,34.259224,-89.67275
xtal_44.cif,./U3Si5/__initial__/49/xtal_44.cif,85.71878,27.609198
xtal_45.cif,./U3Si5/__initial__/49/xtal_45.cif,94.63538,-19.3805
xtal_48.cif,./U3Si5/__initial__/49/xtal_48.cif,52.497787,16.714617
xtal_5.cif,./U3Si5/__initial__/49/xtal_5.cif,102.17978,26.682367
xtal_50.cif,./U3Si5/__initial__/49/xtal_50.cif,67.77909,-45.01172
xtal_51.cif,./U3Si5/__initial__/49/xtal_51.cif,84.02602,44.968235
xtal_52.cif,./U3Si5/__initial__/49/xtal_52.cif,-34.75518,-63.051655
xtal_54.cif,./U3Si5/__initial__/49/xtal_54.cif,78.73263,5.261216
xtal_57.cif,./U3Si5/__initial__/49/xtal_57.cif,-39.38155,52.005394
xtal_58.cif,./U3Si5/__initial__/49/xtal_58.cif,100.69742,17.252127
xtal_59.cif,./U3Si5/__initial__/49/xtal_59.cif,-50.845978,45.3374
xtal_6.cif,./U3Si5/__initial__/49/xtal_6.cif,-8.833974,69.13259
xtal_60.cif,./U3Si5/__initial__/49/xtal_60.cif,90.8671,-11.376275
xtal_62.cif,./U3Si5/__initial__/49/xtal_62.cif,66.07765,-28.17429
xtal_63.cif,./U3Si5/__initial__/49/xtal_63.cif,-40.86274,40.66063
xtal_64.cif,./U3Si5/__initial__/49/xtal_64.cif,-6.6993384,51.644527
xtal_65.cif,./U3Si5/__initial__/49/xtal_65.cif,56.986313,27.139843
xtal_66.cif,./U3Si5/__initial__/49/xtal_66.cif,87.30791,-21.853264
xtal_67.cif,./U3Si5/__initial__/49/xtal_67.cif,88.180824,-37.319767
xtal_68.cif,./U3Si5/__initial__/49/xtal_68.cif,95.69886,-5.9184647
xtal_70.cif,./U3Si5/__initial__/49/xtal_70.cif,82.62827,-64.73571
xtal_73.cif,./U3Si5/__initial__/49/xtal_73.cif,-12.16047,22.416222
xtal_74.cif,./U3Si5/__initial__/49/xtal_74.cif,93.38579,43.38988
xtal_76.cif,./U3Si5/__initial__/49/xtal_76.cif,45.974075,12.246318
xtal_77.cif,./U3Si5/__initial__/49/xtal_77.cif,74.26416,-5.694954
xtal_8.cif,./U3Si5/__initial__/49/xtal_8.cif,8.775453,68.16972
xtal_80.cif,./U3Si5/__initial__/49/xtal_80.cif,71.32782,30.152102
xtal_82.cif,./U3Si5/__initial__/49/xtal_82.cif,95.37998,20.956884
xtal_84.cif,./U3Si5/__initial__/49/xtal_84.cif,-25.339449,14.20081
xtal_85.cif,./U3Si5/__initial__/49/xtal_85.cif,106.62019,10.736881
xtal_88.cif,./U3Si5/__initial__/49/xtal_88.cif,63.885178,-19.02949
xtal_89.cif,./U3Si5/__initial__/49/xtal_89.cif,79.37521,-7.688911
xtal_90.cif,./U3Si5/__initial__/49/xtal_90.cif,78.86838,-0.26452437
xtal_91.cif,./U3Si5/__initial__/49/xtal_91.cif,-20.097271,-37.67727
xtal_93.cif,./U3Si5/__initial__/49/xtal_93.cif,78.413,14.4287405
xtal_94.cif,./U3Si5/__initial__/49/xtal_94.cif,-22.830835,4.3690915
xtal_96.cif,./U3Si5/__initial__/49/xtal_96.cif,108.825966,-1.6319796
xtal_97.cif,./U3Si5/__initial__/49/xtal_97.cif,81.34009,30.499348
xtal_98.cif,./U3Si5/__initial__/49/xtal_98.cif,93.275635,65.73059
xtal_99.cif,./U3Si5/__initial__/49/xtal_99.cif,-63.232456,61.37828
xtal_1.cif,./U3Si5/__initial__/50/xtal_1.cif,-58.414265,24.140348
xtal_10.cif,./U3Si5/__initial__/50/xtal_10.cif,77.13272,15.976078
xtal_13.cif,./U3Si5/__initial__/50/xtal_13.cif,55.137383,-85.924706
xtal_14.cif,./U3Si5/__initial__/50/xtal_14.cif,105.67372,-19.461958
xtal_15.cif,./U3Si5/__initial__/50/xtal_15.cif,96.03666,51.44075
xtal_16.cif,./U3Si5/__initial__/50/xtal_16.cif,-86.8639,57.782204
xtal_17.cif,./U3Si5/__initial__/50/xtal_17.cif,-20.947607,76.60218
xtal_19.cif,./U3Si5/__initial__/50/xtal_19.cif,48.841007,-7.366901
xtal_2.cif,./U3Si5/__initial__/50/xtal_2.cif,61.202843,7.39284
xtal_20.cif,./U3Si5/__initial__/50/xtal_20.cif,63.535698,-21.780968
xtal_21.cif,./U3Si5/__initial__/50/xtal_21.cif,94.47148,49.49232
xtal_22.cif,./U3Si5/__initial__/50/xtal_22.cif,110.895226,28.145844
xtal_24.cif,./U3Si5/__initial__/50/xtal_24.cif,61.148323,52.989494
xtal_29.cif,./U3Si5/__initial__/50/xtal_29.cif,51.18095,30.266731
xtal_30.cif,./U3Si5/__initial__/50/xtal_30.cif,-33.86556,59.91172
xtal_31.cif,./U3Si5/__initial__/50/xtal_31.cif,75.592125,-4.338005
xtal_38.cif,./U3Si5/__initial__/50/xtal_38.cif,93.70837,42.95767
xtal_39.cif,./U3Si5/__initial__/50/xtal_39.cif,60.117687,5.568955
xtal_40.cif,./U3Si5/__initial__/50/xtal_40.cif,-21.799278,39.243866
xtal_41.cif,./U3Si5/__initial__/50/xtal_41.cif,81.2146,5.351563
xtal_42.cif,./U3Si5/__initial__/50/xtal_42.cif,76.41559,-47.56025
xtal_44.cif,./U3Si5/__initial__/50/xtal_44.cif,111.15081,-3.8393617
xtal_45.cif,./U3Si5/__initial__/50/xtal_45.cif,54.711365,20.47007
xtal_49.cif,./U3Si5/__initial__/50/xtal_49.cif,91.586754,-11.538535
xtal_50.cif,./U3Si5/__initial__/50/xtal_50.cif,-6.66078,71.77797
xtal_51.cif,./U3Si5/__initial__/50/xtal_51.cif,105.297424,9.126561
xtal_53.cif,./U3Si5/__initial__/50/xtal_53.cif,98.13451,27.049295
xtal_58.cif,./U3Si5/__initial__/50/xtal_58.cif,-18.19726,78.95928
xtal_6.cif,./U3Si5/__initial__/50/xtal_6.cif,-28.956923,-49.906708
xtal_60.cif,./U3Si5/__initial__/50/xtal_60.cif,53.62236,-4.878761
xtal_63.cif,./U3Si5/__initial__/50/xtal_63.cif,2.1949623,97.77269
xtal_65.cif,./U3Si5/__initial__/50/xtal_65.cif,85.24161,65.88108
xtal_67.cif,./U3Si5/__initial__/50/xtal_67.cif,61.584293,30.703512
xtal_73.cif,./U3Si5/__initial__/50/xtal_73.cif,-8.516478,60.400043
xtal_75.cif,./U3Si5/__initial__/50/xtal_75.cif,-21.292475,81.332405
xtal_76.cif,./U3Si5/__initial__/50/xtal_76.cif,-18.96878,55.15903
xtal_78.cif,./U3Si5/__initial__/50/xtal_78.cif,-31.102114,64.05953
xtal_79.cif,./U3Si5/__initial__/50/xtal_79.cif,95.53328,4.0955157
xtal_80.cif,./U3Si5/__initial__/50/xtal_80.cif,-48.85419,44.885746
xtal_81.cif,./U3Si5/__initial__/50/xtal_81.cif,51.240578,-29.9141
xtal_82.cif,./U3Si5/__initial__/50/xtal_82.cif,103.50151,-3.0118258
xtal_83.cif,./U3Si5/__initial__/50/xtal_83.cif,59.628494,32.69929
xtal_84.cif,./U3Si5/__initial__/50/xtal_84.cif,-9.252719,74.10884
xtal_86.cif,./U3Si5/__initial__/50/xtal_86.cif,65.30701,-14.906091
xtal_91.cif,./U3Si5/__initial__/50/xtal_91.cif,47.605305,20.366785
xtal_93.cif,./U3Si5/__initial__/50/xtal_93.cif,7.1984158,75.8902
xtal_95.cif,./U3Si5/__initial__/50/xtal_95.cif,70.629906,9.404954
xtal_96.cif,./U3Si5/__initial__/50/xtal_96.cif,-34.4259,16.005487
xtal_97.cif,./U3Si5/__initial__/50/xtal_97.cif,104.66187,28.089525
xtal_98.cif,./U3Si5/__initial__/50/xtal_98.cif,110.30964,29.919703
xtal_99.cif,./U3Si5/__initial__/50/xtal_99.cif,69.75647,-56.602947
xtal_1.cif,./U3Si5/__initial__/51/xtal_1.cif,-29.2657,-56.16845
xtal_10.cif,./U3Si5/__initial__/51/xtal_10.cif,48.745953,-1.2820487
xtal_100.cif,./U3Si5/__initial__/51/xtal_100.cif,82.94038,29.093365
xtal_11.cif,./U3Si5/__initial__/51/xtal_11.cif,71.802155,2.910427
xtal_12.cif,./U3Si5/51/xtal_12.cif,-6.353731,111.141205
xtal_13.cif,./U3Si5/__initial__/51/xtal_13.cif,-73.9169,-52.41163
xtal_14.cif,./U3Si5/__initial__/51/xtal_14.cif,35.538315,-36.61888
xtal_15.cif,./U3Si5/__initial__/51/xtal_15.cif,-36.221516,19.483467
xtal_16.cif,./U3Si5/__initial__/51/xtal_16.cif,-6.9346657,-98.5085
xtal_17.cif,./U3Si5/__initial__/51/xtal_17.cif,-23.353624,18.203867
xtal_18.cif,./U3Si5/__initial__/51/xtal_18.cif,19.746262,-70.580475
xtal_19.cif,./U3Si5/__initial__/51/xtal_19.cif,20.636621,-59.844933
xtal_2.cif,./U3Si5/__initial__/51/xtal_2.cif,32.91489,-54.3194
xtal_20.cif,./U3Si5/__initial__/51/xtal_20.cif,46.805565,-94.80591
xtal_21.cif,./U3Si5/__initial__/51/xtal_21.cif,71.49044,29.42737
xtal_22.cif,./U3Si5/__initial__/51/xtal_22.cif,-41.946503,-33.261177
xtal_23.cif,./U3Si5/__initial__/51/xtal_23.cif,50.623383,-2.1669734
xtal_24.cif,./U3Si5/__initial__/51/xtal_24.cif,52.906727,-51.86649
xtal_25.cif,./U3Si5/__initial__/51/xtal_25.cif,59.440468,-30.31036
xtal_26.cif,./U3Si5/__initial__/51/xtal_26.cif,-55.41588,32.242565
xtal_27.cif,./U3Si5/__initial__/51/xtal_27.cif,50.550117,-51.20743
xtal_28.cif,./U3Si5/__initial__/51/xtal_28.cif,-25.09753,90.44487
xtal_29.cif,./U3Si5/51/xtal_29.cif,-52.65101,38.690506
xtal_3.cif,./U3Si5/__initial__/51/xtal_3.cif,-47.799686,-20.46801
xtal_30.cif,./U3Si5/__initial__/51/xtal_30.cif,-23.933798,4.3697424
xtal_31.cif,./U3Si5/__initial__/51/xtal_31.cif,73.56856,41.928055
xtal_32.cif,./U3Si5/__initial__/51/xtal_32.cif,23.542112,-51.306522
xtal_33.cif,./U3Si5/__initial__/51/xtal_33.cif,15.755867,-92.904366
xtal_34.cif,./U3Si5/__initial__/51/xtal_34.cif,-6.3263545,13.242703
xtal_35.cif,./U3Si5/__initial__/51/xtal_35.cif,44.653248,18.791147
xtal_36.cif,./U3Si5/__initial__/51/xtal_36.cif,60.83997,13.7689905
xtal_37.cif,./U3Si5/__initial__/51/xtal_37.cif,-0.16007148,101.25244
xtal_38.cif,./U3Si5/__initial__/51/xtal_38.cif,-60.999878,-44.917244
xtal_39.cif,./U3Si5/__initial__/51/xtal_39.cif,39.57899,-66.43796
xtal_4.cif,./U3Si5/__initial__/51/xtal_4.cif,110.44423,-1.971501
xtal_40.cif,./U3Si5/__initial__/51/xtal_40.cif,83.82998,-73.50839
xtal_41.cif,./U3Si5/__initial__/51/xtal_41.cif,-41.30442,5.2832975
xtal_42.cif,./U3Si5/__initial__/51/xtal_42.cif,69.173515,-7.6919436
xtal_43.cif,./U3Si5/__initial__/51/xtal_43.cif,-26.630678,91.891464
xtal_44.cif,./U3Si5/__initial__/51/xtal_44.cif,76.642586,52.376556
xtal_45.cif,./U3Si5/__initial__/51/xtal_45.cif,-3.2556963,-43.49507
xtal_46.cif,./U3Si5/__initial__/51/xtal_46.cif,72.54497,-70.94413
xtal_47.cif,./U3Si5/__initial__/51/xtal_47.cif,-44.981228,28.459661
xtal_48.cif,./U3Si5/__initial__/51/xtal_48.cif,59.16819,5.1448207
xtal_49.cif,./U3Si5/__initial__/51/xtal_49.cif,86.59222,-51.110714
xtal_5.cif,./U3Si5/__initial__/51/xtal_5.cif,52.336143,-28.107826
xtal_50.cif,./U3Si5/__initial__/51/xtal_50.cif,69.5181,-0.30146626
xtal_51.cif,./U3Si5/__initial__/51/xtal_51.cif,28.367083,-54.054054
xtal_52.cif,./U3Si5/__initial__/51/xtal_52.cif,77.292534,-69.243484
xtal_53.cif,./U3Si5/__initial__/51/xtal_53.cif,0.67795783,-55.93878
xtal_54.cif,./U3Si5/__initial__/51/xtal_54.cif,-68.093376,-30.203114
xtal_55.cif,./U3Si5/__initial__/51/xtal_55.cif,38.74185,-81.90138
xtal_56.cif,./U3Si5/__initial__/51/xtal_56.cif,-26.538776,28.241724
xtal_57.cif,./U3Si5/__initial__/51/xtal_57.cif,37.90151,-65.61379
xtal_58.cif,./U3Si5/__initial__/51/xtal_58.cif,-3.3660204,63.235134
xtal_59.cif,./U3Si5/__initial__/51/xtal_59.cif,-22.14326,16.965929
xtal_6.cif,./U3Si5/__initial__/51/xtal_6.cif,71.62683,3.0615888
xtal_60.cif,./U3Si5/__initial__/51/xtal_60.cif,54.535786,19.07244
xtal_61.cif,./U3Si5/__initial__/51/xtal_61.cif,-42.63501,-38.271507
xtal_62.cif,./U3Si5/__initial__/51/xtal_62.cif,-53.98461,-0.36801723
xtal_63.cif,./U3Si5/__initial__/51/xtal_63.cif,-43.29523,-72.453255
xtal_64.cif,./U3Si5/__initial__/51/xtal_64.cif,101.5708,-15.8215685
xtal_65.cif,./U3Si5/__initial__/51/xtal_65.cif,38.072475,-45.017353
xtal_66.cif,./U3Si5/__initial__/51/xtal_66.cif,75.2506,-2.5570083
xtal_67.cif,./U3Si5/__initial__/51/xtal_67.cif,77.400116,-69.850296
xtal_68.cif,./U3Si5/__initial__/51/xtal_68.cif,22.351204,-38.141483
xtal_69.cif,./U3Si5/__initial__/51/xtal_69.cif,-27.759893,10.956661
xtal_7.cif,./U3Si5/__initial__/51/xtal_7.cif,43.571167,-51.93685
xtal_70.cif,./U3Si5/__initial__/51/xtal_70.cif,-39.810104,-30.630184
xtal_71.cif,./U3Si5/__initial__/51/xtal_71.cif,41.797913,-50.55312
xtal_72.cif,./U3Si5/__initial__/51/xtal_72.cif,-14.496121,61.808193
xtal_73.cif,./U3Si5/__initial__/51/xtal_73.cif,-25.939877,-37.193478
xtal_74.cif,./U3Si5/__initial__/51/xtal_74.cif,-46.46299,-38.45872
xtal_75.cif,./U3Si5/__initial__/51/xtal_75.cif,-37.62814,-2.6185784
xtal_76.cif,./U3Si5/__initial__/51/xtal_76.cif,-26.590845,-37.05053
xtal_77.cif,./U3Si5/__initial__/51/xtal_77.cif,-18.246895,47.493828
xtal_78.cif,./U3Si5/__initial__/51/xtal_78.cif,-11.911131,-67.31238
xtal_79.cif,./U3Si5/__initial__/51/xtal_79.cif,56.338627,-44.339344
xtal_8.cif,./U3Si5/__initial__/51/xtal_8.cif,61.14058,-28.739046
xtal_80.cif,./U3Si5/__initial__/51/xtal_80.cif,61.245132,19.876318
xtal_81.cif,./U3Si5/__initial__/51/xtal_81.cif,73.33254,24.935963
xtal_82.cif,./U3Si5/__initial__/51/xtal_82.cif,70.232605,-38.35942
xtal_83.cif,./U3Si5/__initial__/51/xtal_83.cif,-17.064201,57.828766
xtal_84.cif,./U3Si5/__initial__/51/xtal_84.cif,62.347916,19.07593
xtal_85.cif,./U3Si5/__initial__/51/xtal_85.cif,-48.253254,-61.712204
xtal_86.cif,./U3Si5/__initial__/51/xtal_86.cif,67.83033,-11.296136
xtal_87.cif,./U3Si5/__initial__/51/xtal_87.cif,-34.41123,24.983965
xtal_88.cif,./U3Si5/__initial__/51/xtal_88.cif,51.698376,29.028196
xtal_89.cif,./U3Si5/__initial__/51/xtal_89.cif,42.61207,-54.83355
xtal_9.cif,./U3Si5/__initial__/51/xtal_9.cif,100.375854,50.715534
xtal_90.cif,./U3Si5/__initial__/51/xtal_90.cif,49.751083,8.894894
xtal_91.cif,./U3Si5/__initial__/51/xtal_91.cif,60.026924,18.572006
xtal_92.cif,./U3Si5/__initial__/51/xtal_92.cif,41.51243,19.672113
xtal_93.cif,./U3Si5/__initial__/51/xtal_93.cif,24.366068,-44.916172
xtal_94.cif,./U3Si5/__initial__/51/xtal_94.cif,18.436258,-72.998344
xtal_95.cif,./U3Si5/__initial__/51/xtal_95.cif,59.82461,32.415794
xtal_96.cif,./U3Si5/__initial__/51/xtal_96.cif,-61.48461,-68.19103
xtal_97.cif,./U3Si5/__initial__/51/xtal_97.cif,17.94411,-70.56653
xtal_98.cif,./U3Si5/__initial__/51/xtal_98.cif,89.172035,-55.922268
xtal_99.cif,./U3Si5/__initial__/51/xtal_99.cif,12.479693,-58.140205
xtal_1.cif,./U3Si5/__initial__/53/xtal_1.cif,97.94089,3.9939094
xtal_10.cif,./U3Si5/__initial__/53/xtal_10.cif,-20.796936,74.7827
xtal_100.cif,./U3Si5/__initial__/53/xtal_100.cif,44.045662,-12.075116
xtal_11.cif,./U3Si5/__initial__/53/xtal_11.cif,88.50765,49.668888
xtal_12.cif,./U3Si5/__initial__/53/xtal_12.cif,-5.2883177,-77.28134
xtal_13.cif,./U3Si5/__initial__/53/xtal_13.cif,100.62128,-17.359901
xtal_14.cif,./U3Si5/__initial__/53/xtal_14.cif,15.612404,-57.698544
xtal_15.cif,./U3Si5/__initial__/53/xtal_15.cif,-50.275936,-58.68646
xtal_16.cif,./U3Si5/__initial__/53/xtal_16.cif,40.956207,-60.83776
xtal_17.cif,./U3Si5/__initial__/53/xtal_17.cif,42.223633,-66.87476
xtal_18.cif,./U3Si5/__initial__/53/xtal_18.cif,87.81638,-53.377247
xtal_19.cif,./U3Si5/__initial__/53/xtal_19.cif,69.23304,-74.137245
xtal_2.cif,./U3Si5/__initial__/53/xtal_2.cif,11.499026,-50.121223
xtal_20.cif,./U3Si5/__initial__/53/xtal_20.cif,96.50253,59.612133
xtal_21.cif,./U3Si5/__initial__/53/xtal_21.cif,84.19175,0.46564576
xtal_22.cif,./U3Si5/__initial__/53/xtal_22.cif,38.096638,-84.57375
xtal_23.cif,./U3Si5/__initial__/53/xtal_23.cif,80.4313,-67.914825
xtal_24.cif,./U3Si5/__initial__/53/xtal_24.cif,-37.37091,59.393497
xtal_25.cif,./U3Si5/__initial__/53/xtal_25.cif,-61.085022,-45.418724
xtal_26.cif,./U3Si5/__initial__/53/xtal_26.cif,91.49083,-0.9521546
xtal_27.cif,./U3Si5/__initial__/53/xtal_27.cif,-19.759926,12.275899
xtal_28.cif,./U3Si5/__initial__/53/xtal_28.cif,-57.83348,14.774238
xtal_29.cif,./U3Si5/__initial__/53/xtal_29.cif,54.076447,15.549505
xtal_3.cif,./U3Si5/__initial__/53/xtal_3.cif,34.802807,-39.36919
xtal_30.cif,./U3Si5/__initial__/53/xtal_30.cif,-18.267727,-42.85718
xtal_31.cif,./U3Si5/__initial__/53/xtal_31.cif,-22.96759,12.205484
xtal_32.cif,./U3Si5/__initial__/53/xtal_32.cif,-21.392994,-58.60587
xtal_33.cif,./U3Si5/__initial__/53/xtal_33.cif,-26.33858,-46.056305
xtal_34.cif,./U3Si5/__initial__/53/xtal_34.cif,49.279335,-47.13917
xtal_35.cif,./U3Si5/__initial__/53/xtal_35.cif,3.3454294,-76.593376
xtal_36.cif,./U3Si5/__initial__/53/xtal_36.cif,-26.651386,28.54947
xtal_37.cif,./U3Si5/__initial__/53/xtal_37.cif,83.716385,54.289845
xtal_38.cif,./U3Si5/__initial__/53/xtal_38.cif,57.46337,19.283052
xtal_39.cif,./U3Si5/__initial__/53/xtal_39.cif,58.387512,-84.73192
xtal_4.cif,./U3Si5/__initial__/53/xtal_4.cif,12.311325,-59.8489
xtal_40.cif,./U3Si5/__initial__/53/xtal_40.cif,-61.420116,-10.779218
xtal_41.cif,./U3Si5/__initial__/53/xtal_41.cif,-53.76775,21.285465
xtal_42.cif,./U3Si5/__initial__/53/xtal_42.cif,-1.0897852,-102.37242
xtal_43.cif,./U3Si5/__initial__/53/xtal_43.cif,-57.26206,-67.79085
xtal_44.cif,./U3Si5/__initial__/53/xtal_44.cif,84.94076,-17.778597
xtal_45.cif,./U3Si5/__initial__/53/xtal_45.cif,31.243319,-52.145157
xtal_46.cif,./U3Si5/__initial__/53/xtal_46.cif,63.798824,20.240976
xtal_47.cif,./U3Si5/__initial__/53/xtal_47.cif,90.75593,-59.27722
xtal_48.cif,./U3Si5/__initial__/53/xtal_48.cif,-60.261528,-53.134068
xtal_49.cif,./U3Si5/__initial__/53/xtal_49.cif,-45.62852,22.14014
xtal_5.cif,./U3Si5/__initial__/53/xtal_5.cif,-14.3282385,-46.6006
xtal_50.cif,./U3Si5/__initial__/53/xtal_50.cif,-64.80437,83.51208
xtal_51.cif,./U3Si5/__initial__/53/xtal_51.cif,-21.24298,-57.012756
xtal_52.cif,./U3Si5/__initial__/53/xtal_52.cif,46.98238,-84.58431
xtal_53.cif,./U3Si5/__initial__/53/xtal_53.cif,-56.795788,-69.04915
xtal_54.cif,./U3Si5/__initial__/53/xtal_54.cif,-22.154242,40.82258
xtal_55.cif,./U3Si5/__initial__/53/xtal_55.cif,-82.45645,62.80301
xtal_56.cif,./U3Si5/__initial__/53/xtal_56.cif,-70.54494,-21.601074
xtal_57.cif,./U3Si5/__initial__/53/xtal_57.cif,5.129498,-71.909485
xtal_58.cif,./U3Si5/__initial__/53/xtal_58.cif,83.13567,55.314915
xtal_59.cif,./U3Si5/__initial__/53/xtal_59.cif,74.84549,5.6305265
xtal_6.cif,./U3Si5/__initial__/53/xtal_6.cif,-20.034855,-50.25853
xtal_60.cif,./U3Si5/__initial__/53/xtal_60.cif,-32.391247,25.440691
xtal_61.cif,./U3Si5/__initial__/53/xtal_61.cif,78.42907,-20.701239
xtal_62.cif,./U3Si5/__initial__/53/xtal_62.cif,80.079605,3.185225
xtal_63.cif,./U3Si5/__initial__/53/xtal_63.cif,71.77678,4.595031
xtal_64.cif,./U3Si5/__initial__/53/xtal_64.cif,8.003656,85.556076
xtal_65.cif,./U3Si5/__initial__/53/xtal_65.cif,50.742935,-29.848186
xtal_66.cif,./U3Si5/__initial__/53/xtal_66.cif,-57.79942,27.153597
xtal_67.cif,./U3Si5/__initial__/53/xtal_67.cif,-23.182644,90.83843
xtal_68.cif,./U3Si5/__initial__/53/xtal_68.cif,45.768692,-22.861633
xtal_69.cif,./U3Si5/__initial__/53/xtal_69.cif,-44.62725,-23.674215
xtal_7.cif,./U3Si5/__initial__/53/xtal_7.cif,-2.7818224,67.474525
xtal_70.cif,./U3Si5/__initial__/53/xtal_70.cif,-31.395004,-67.88885
xtal_71.cif,./U3Si5/__initial__/53/xtal_71.cif,-7.5264053,-45.297123
xtal_72.cif,./U3Si5/__initial__/53/xtal_72.cif,-69.49181,-14.523777
xtal_73.cif,./U3Si5/__initial__/53/xtal_73.cif,59.340378,-58.692562
xtal_74.cif,./U3Si5/__initial__/53/xtal_74.cif,-71.54895,-49.511486
xtal_75.cif,./U3Si5/__initial__/53/xtal_75.cif,54.935505,-66.91677
xtal_76.cif,./U3Si5/__initial__/53/xtal_76.cif,33.377483,-57.721737
xtal_77.cif,./U3Si5/__initial__/53/xtal_77.cif,-24.691456,3.6391537
xtal_78.cif,./U3Si5/__initial__/53/xtal_78.cif,-5.606237,16.645184
xtal_79.cif,./U3Si5/__initial__/53/xtal_79.cif,-48.01599,-21.954967
xtal_8.cif,./U3Si5/__initial__/53/xtal_8.cif,15.846057,-57.61686
xtal_80.cif,./U3Si5/__initial__/53/xtal_80.cif,-19.962776,10.761208
xtal_81.cif,./U3Si5/__initial__/53/xtal_81.cif,103.48699,-42.016727
xtal_82.cif,./U3Si5/__initial__/53/xtal_82.cif,63.688816,-11.392809
xtal_83.cif,./U3Si5/__initial__/53/xtal_83.cif,-0.508756,-89.59819
xtal_84.cif,./U3Si5/__initial__/53/xtal_84.cif,-37.680748,-82.62352
xtal_85.cif,./U3Si5/__initial__/53/xtal_85.cif,-43.352825,-35.793465
xtal_86.cif,./U3Si5/__initial__/53/xtal_86.cif,-31.161251,16.58175
xtal_87.cif,./U3Si5/__initial__/53/xtal_87.cif,-29.979303,-87.2151
xtal_88.cif,./U3Si5/__initial__/53/xtal_88.cif,-38.62433,39.367805
xtal_89.cif,./U3Si5/__initial__/53/xtal_89.cif,-37.969414,78.8613
xtal_9.cif,./U3Si5/__initial__/53/xtal_9.cif,57.08741,-23.625679
xtal_90.cif,./U3Si5/__initial__/53/xtal_90.cif,-94.42156,-19.833069
xtal_91.cif,./U3Si5/__initial__/53/xtal_91.cif,-38.439014,-73.30708
xtal_92.cif,./U3Si5/__initial__/53/xtal_92.cif,-35.137146,64.82835
xtal_93.cif,./U3Si5/__initial__/53/xtal_93.cif,-23.506058,0.38772246
xtal_94.cif,./U3Si5/__initial__/53/xtal_94.cif,69.08286,17.178179
xtal_95.cif,./U3Si5/__initial__/53/xtal_95.cif,89.227516,-61.386967
xtal_96.cif,./U3Si5/__initial__/53/xtal_96.cif,-31.464603,-65.221054
xtal_97.cif,./U3Si5/__initial__/53/xtal_97.cif,59.19721,-60.591015
xtal_98.cif,./U3Si5/__initial__/53/xtal_98.cif,100.226,28.45188
xtal_99.cif,./U3Si5/__initial__/53/xtal_99.cif,70.45301,33.94181
xtal_100.cif,./U3Si5/__initial__/55/xtal_100.cif,-7.906643,49.307625
xtal_11.cif,./U3Si5/__initial__/55/xtal_11.cif,5.876001,67.69113
xtal_12.cif,./U3Si5/__initial__/55/xtal_12.cif,39.0458,-63.173138
xtal_13.cif,./U3Si5/__initial__/55/xtal_13.cif,36.700012,-80.956924
xtal_14.cif,./U3Si5/__initial__/55/xtal_14.cif,78.80749,5.268227
xtal_15.cif,./U3Si5/__initial__/55/xtal_15.cif,-45.038242,58.559174
xtal_17.cif,./U3Si5/__initial__/55/xtal_17.cif,82.74817,63.159775
xtal_19.cif,./U3Si5/__initial__/55/xtal_19.cif,110.59088,27.826666
xtal_20.cif,./U3Si5/__initial__/55/xtal_20.cif,104.424675,-10.603014
xtal_21.cif,./U3Si5/__initial__/55/xtal_21.cif,80.793526,30.049086
xtal_24.cif,./U3Si5/__initial__/55/xtal_24.cif,51.13073,24.010403
xtal_25.cif,./U3Si5/__initial__/55/xtal_25.cif,78.171906,15.408912
xtal_26.cif,./U3Si5/__initial__/55/xtal_26.cif,95.31146,39.428574
xtal_27.cif,./U3Si5/55/xtal_27.cif,-78.74763,34.326317
xtal_28.cif,./U3Si5/__initial__/55/xtal_28.cif,60.58811,9.141889
xtal_30.cif,./U3Si5/__initial__/55/xtal_30.cif,-37.18848,40.487633
xtal_31.cif,./U3Si5/__initial__/55/xtal_31.cif,56.20088,11.581866
xtal_32.cif,./U3Si5/__initial__/55/xtal_32.cif,61.71746,47.62785
xtal_33.cif,./U3Si5/__initial__/55/xtal_33.cif,52.28586,-1.4534917
xtal_35.cif,./U3Si5/__initial__/55/xtal_35.cif,-32.089695,102.38491
xtal_36.cif,./U3Si5/__initial__/55/xtal_36.cif,98.31287,17.614727
xtal_38.cif,./U3Si5/__initial__/55/xtal_38.cif,-49.06798,28.175133
xtal_39.cif,./U3Si5/__initial__/55/xtal_39.cif,55.519363,-19.996525
xtal_44.cif,./U3Si5/__initial__/55/xtal_44.cif,92.30045,60.696823
xtal_47.cif,./U3Si5/__initial__/55/xtal_47.cif,11.860179,-63.201164
xtal_49.cif,./U3Si5/__initial__/55/xtal_49.cif,73.58306,11.895198
xtal_5.cif,./U3Si5/__initial__/55/xtal_5.cif,-36.09798,41.536903
xtal_50.cif,./U3Si5/__initial__/55/xtal_50.cif,-9.602308,17.164871
xtal_52.cif,./U3Si5/__initial__/55/xtal_52.cif,-80.1665,-26.041746
xtal_57.cif,./U3Si5/__initial__/55/xtal_57.cif,-55.24549,4.749751
xtal_58.cif,./U3Si5/__initial__/55/xtal_58.cif,96.76915,46.45715
xtal_59.cif,./U3Si5/__initial__/55/xtal_59.cif,-5.9721637,76.25672
xtal_6.cif,./U3Si5/__initial__/55/xtal_6.cif,47.36824,-37.848923
xtal_61.cif,./U3Si5/__initial__/55/xtal_61.cif,-91.76291,8.741422
xtal_62.cif,./U3Si5/__initial__/55/xtal_62.cif,43.636513,-62.049225
xtal_64.cif,./U3Si5/__initial__/55/xtal_64.cif,61.353737,27.815739
xtal_65.cif,./U3Si5/__initial__/55/xtal_65.cif,97.05366,56.35398
xtal_66.cif,./U3Si5/__initial__/55/xtal_66.cif,79.971436,41.69346
xtal_69.cif,./U3Si5/__initial__/55/xtal_69.cif,-48.297577,43.23519
xtal_72.cif,./U3Si5/__initial__/55/xtal_72.cif,73.321365,-5.215133
xtal_73.cif,./U3Si5/__initial__/55/xtal_73.cif,48.189785,-0.14750195
xtal_74.cif,./U3Si5/__initial__/55/xtal_74.cif,61.257095,8.929521
xtal_75.cif,./U3Si5/__initial__/55/xtal_75.cif,78.6583,-15.528876
xtal_76.cif,./U3Si5/__initial__/55/xtal_76.cif,-13.78067,56.164707
xtal_79.cif,./U3Si5/__initial__/55/xtal_79.cif,-39.55727,6.7908425
xtal_83.cif,./U3Si5/__initial__/55/xtal_83.cif,-12.606186,75.62242
xtal_84.cif,./U3Si5/__initial__/55/xtal_84.cif,-14.115107,43.198944
xtal_88.cif,./U3Si5/__initial__/55/xtal_88.cif,-24.364801,67.15351
xtal_89.cif,./U3Si5/__initial__/55/xtal_89.cif,51.39621,-22.05122
xtal_9.cif,./U3Si5/__initial__/55/xtal_9.cif,-17.81044,48.9053
xtal_90.cif,./U3Si5/__initial__/55/xtal_90.cif,-73.880775,-19.835203
xtal_91.cif,./U3Si5/__initial__/55/xtal_91.cif,71.583824,22.132317
xtal_92.cif,./U3Si5/__initial__/55/xtal_92.cif,-20.016144,39.430244
xtal_93.cif,./U3Si5/__initial__/55/xtal_93.cif,112.38459,29.466118
xtal_94.cif,./U3Si5/__initial__/55/xtal_94.cif,-46.68344,-1.8076453
xtal_1.cif,./U3Si5/__initial__/58/xtal_1.cif,51.400574,4.327286
xtal_12.cif,./U3Si5/__initial__/58/xtal_12.cif,-20.614399,24.761696
xtal_16.cif,./U3Si5/__initial__/58/xtal_16.cif,-6.9014616,-67.09416
xtal_18.cif,./U3Si5/__initial__/58/xtal_18.cif,63.83222,-6.2819753
xtal_20.cif,./U3Si5/__initial__/58/xtal_20.cif,21.018429,27.738152
xtal_28.cif,./U3Si5/__initial__/58/xtal_28.cif,95.68513,60.420513
xtal_3.cif,./U3Si5/__initial__/58/xtal_3.cif,-70.62854,-13.373578
xtal_31.cif,./U3Si5/__initial__/58/xtal_31.cif,52.007755,23.957876
xtal_34.cif,./U3Si5/__initial__/58/xtal_34.cif,-56.21078,27.879107
xtal_35.cif,./U3Si5/__initial__/58/xtal_35.cif,54.949936,-27.38047
xtal_37.cif,./U3Si5/__initial__/58/xtal_37.cif,29.25006,-53.317574
xtal_38.cif,./U3Si5/__initial__/58/xtal_38.cif,-66.20254,-65.58857
xtal_39.cif,./U3Si5/__initial__/58/xtal_39.cif,103.129105,-2.4135654
xtal_4.cif,./U3Si5/__initial__/58/xtal_4.cif,74.353615,-30.333157
xtal_40.cif,./U3Si5/__initial__/58/xtal_40.cif,38.378876,-27.069916
xtal_51.cif,./U3Si5/__initial__/58/xtal_51.cif,-6.994381,57.738354
xtal_53.cif,./U3Si5/__initial__/58/xtal_53.cif,84.00864,0.57177174
xtal_54.cif,./U3Si5/__initial__/58/xtal_54.cif,-4.726461,87.15187
xtal_56.cif,./U3Si5/__initial__/58/xtal_56.cif,70.15993,6.2092924
xtal_57.cif,./U3Si5/__initial__/58/xtal_57.cif,-22.163425,-52.158802
xtal_59.cif,./U3Si5/__initial__/58/xtal_59.cif,-24.41323,66.02985
xtal_6.cif,./U3Si5/__initial__/58/xtal_6.cif,62.04894,28.244467
xtal_60.cif,./U3Si5/__initial__/58/xtal_60.cif,54.262188,-61.761383
xtal_61.cif,./U3Si5/__initial__/58/xtal_61.cif,21.594677,-43.266582
xtal_64.cif,./U3Si5/__initial__/58/xtal_64.cif,97.1329,-30.119959
xtal_65.cif,./U3Si5/__initial__/58/xtal_65.cif,-8.818126,67.67448
xtal_66.cif,./U3Si5/__initial__/58/xtal_66.cif,-6.7463994,73.001434
xtal_72.cif,./U3Si5/__initial__/58/xtal_72.cif,-16.519926,91.57358
xtal_73.cif,./U3Si5/__initial__/58/xtal_73.cif,115.026276,2.5299432
xtal_76.cif,./U3Si5/__initial__/58/xtal_76.cif,52.67807,-23.351593
xtal_81.cif,./U3Si5/__initial__/58/xtal_81.cif,36.41147,-17.013735
xtal_82.cif,./U3Si5/__initial__/58/xtal_82.cif,-49.817963,57.956196
xtal_84.cif,./U3Si5/__initial__/58/xtal_84.cif,85.70389,-2.5213785
xtal_86.cif,./U3Si5/__initial__/58/xtal_86.cif,59.189312,50.73669
xtal_87.cif,./U3Si5/__initial__/58/xtal_87.cif,75.08703,5.395593
xtal_89.cif,./U3Si5/__initial__/58/xtal_89.cif,88.929726,54.413788
xtal_9.cif,./U3Si5/__initial__/58/xtal_9.cif,-20.21297,26.49841
xtal_90.cif,./U3Si5/__initial__/58/xtal_90.cif,5.54063,70.51493
xtal_91.cif,./U3Si5/__initial__/58/xtal_91.cif,73.913795,28.019762
xtal_94.cif,./U3Si5/__initial__/58/xtal_94.cif,50.0595,-18.917645
xtal_96.cif,./U3Si5/__initial__/58/xtal_96.cif,101.9077,-16.660543
xtal_98.cif,./U3Si5/__initial__/58/xtal_98.cif,-79.28701,-24.919832
xtal_99.cif,./U3Si5/__initial__/58/xtal_99.cif,-41.0902,-2.2374911
xtal_10.cif,./U3Si5/__initial__/59/xtal_10.cif,87.0779,-34.95708
xtal_100.cif,./U3Si5/__initial__/59/xtal_100.cif,26.476292,-103.728584
xtal_12.cif,./U3Si5/__initial__/59/xtal_12.cif,-29.666197,-3.2990613
xtal_13.cif,./U3Si5/__initial__/59/xtal_13.cif,-68.96197,-19.347551
xtal_14.cif,./U3Si5/__initial__/59/xtal_14.cif,73.74369,-45.834595
xtal_15.cif,./U3Si5/__initial__/59/xtal_15.cif,-63.30178,41.347885
xtal_16.cif,./U3Si5/__initial__/59/xtal_16.cif,-38.319706,-37.47789
xtal_17.cif,./U3Si5/__initial__/59/xtal_17.cif,47.110176,-18.764101
xtal_18.cif,./U3Si5/__initial__/59/xtal_18.cif,6.368322,-91.6284
xtal_19.cif,./U3Si5/__initial__/59/xtal_19.cif,45.54487,-80.83508
xtal_2.cif,./U3Si5/__initial__/59/xtal_2.cif,63.97366,37.070374
xtal_20.cif,./U3Si5/__initial__/59/xtal_20.cif,38.177753,-27.640654
xtal_22.cif,./U3Si5/__initial__/59/xtal_22.cif,61.213615,52.86512
xtal_23.cif,./U3Si5/__initial__/59/xtal_23.cif,-16.371141,-45.8319
xtal_24.cif,./U3Si5/__initial__/59/xtal_24.cif,-40.715347,8.935823
xtal_25.cif,./U3Si5/__initial__/59/xtal_25.cif,29.955378,-30.123957
xtal_26.cif,./U3Si5/__initial__/59/xtal_26.cif,24.966534,-80.92823
xtal_28.cif,./U3Si5/__initial__/59/xtal_28.cif,12.170128,-58.382465
xtal_29.cif,./U3Si5/__initial__/59/xtal_29.cif,-7.8533134,-77.414276
xtal_30.cif,./U3Si5/__initial__/59/xtal_30.cif,-35.3677,9.67654
xtal_31.cif,./U3Si5/__initial__/59/xtal_31.cif,42.02547,-37.159203
xtal_32.cif,./U3Si5/__initial__/59/xtal_32.cif,-7.752294,104.09717
xtal_33.cif,./U3Si5/__initial__/59/xtal_33.cif,-18.088778,57.268494
xtal_34.cif,./U3Si5/__initial__/59/xtal_34.cif,95.65062,-45.07128
xtal_35.cif,./U3Si5/__initial__/59/xtal_35.cif,-35.129864,-74.820496
xtal_36.cif,./U3Si5/__initial__/59/xtal_36.cif,-49.855984,-1.6926049
xtal_37.cif,./U3Si5/__initial__/59/xtal_37.cif,-26.881262,21.999603
xtal_38.cif,./U3Si5/__initial__/59/xtal_38.cif,35.213493,-39.283104
xtal_4.cif,./U3Si5/__initial__/59/xtal_4.cif,-5.110623,13.7718725
xtal_40.cif,./U3Si5/__initial__/59/xtal_40.cif,-38.22051,31.360886
xtal_41.cif,./U3Si5/__initial__/59/xtal_41.cif,65.279205,3.4439015
xtal_42.cif,./U3Si5/__initial__/59/xtal_42.cif,-24.930733,74.5728
xtal_43.cif,./U3Si5/__initial__/59/xtal_43.cif,42.562298,-13.610811
xtal_44.cif,./U3Si5/__initial__/59/xtal_44.cif,-66.78642,-13.404356
xtal_46.cif,./U3Si5/__initial__/59/xtal_46.cif,-50.500263,-14.906686
xtal_47.cif,./U3Si5/__initial__/59/xtal_47.cif,-29.390875,-12.583587
xtal_5.cif,./U3Si5/__initial__/59/xtal_5.cif,-44.734776,-24.956486
xtal_50.cif,./U3Si5/__initial__/59/xtal_50.cif,-19.742554,0.5353597
xtal_51.cif,./U3Si5/__initial__/59/xtal_51.cif,-52.24523,-60.28865
xtal_52.cif,./U3Si5/__initial__/59/xtal_52.cif,38.31478,-43.29079
xtal_53.cif,./U3Si5/__initial__/59/xtal_53.cif,-46.859608,27.7146
xtal_55.cif,./U3Si5/__initial__/59/xtal_55.cif,-21.110683,-36.95355
xtal_56.cif,./U3Si5/__initial__/59/xtal_56.cif,-59.69499,26.926786
xtal_57.cif,./U3Si5/__initial__/59/xtal_57.cif,22.78204,-101.66962
xtal_58.cif,./U3Si5/__initial__/59/xtal_58.cif,107.77626,-19.231583
xtal_6.cif,./U3Si5/__initial__/59/xtal_6.cif,42.172535,-87.42323
xtal_60.cif,./U3Si5/__initial__/59/xtal_60.cif,31.993473,-37.935734
xtal_61.cif,./U3Si5/__initial__/59/xtal_61.cif,11.398349,-61.211437
xtal_63.cif,./U3Si5/__initial__/59/xtal_63.cif,-37.505077,-75.85009
xtal_64.cif,./U3Si5/__initial__/59/xtal_64.cif,-16.346024,-66.81254
xtal_65.cif,./U3Si5/__initial__/59/xtal_65.cif,35.516678,-39.49512
xtal_66.cif,./U3Si5/__initial__/59/xtal_66.cif,-57.235256,-20.016577
xtal_67.cif,./U3Si5/__initial__/59/xtal_67.cif,-34.128925,24.969141
xtal_68.cif,./U3Si5/__initial__/59/xtal_68.cif,-44.459766,-19.937817
xtal_69.cif,./U3Si5/__initial__/59/xtal_69.cif,10.301585,78.14202
xtal_7.cif,./U3Si5/__initial__/59/xtal_7.cif,15.223698,-54.151344
xtal_70.cif,./U3Si5/__initial__/59/xtal_70.cif,83.06847,30.044563
xtal_71.cif,./U3Si5/__initial__/59/xtal_71.cif,-54.3964,3.9565063
xtal_72.cif,./U3Si5/__initial__/59/xtal_72.cif,-55.002438,-44.499752
xtal_73.cif,./U3Si5/__initial__/59/xtal_73.cif,-73.980255,-38.166264
xtal_76.cif,./U3Si5/__initial__/59/xtal_76.cif,-73.191696,-38.77481
xtal_77.cif,./U3Si5/__initial__/59/xtal_77.cif,63.15669,49.394768
xtal_79.cif,./U3Si5/__initial__/59/xtal_79.cif,40.6971,-21.88935
xtal_8.cif,./U3Si5/__initial__/59/xtal_8.cif,21.149815,-103.690475
xtal_81.cif,./U3Si5/__initial__/59/xtal_81.cif,73.13035,11.759241
xtal_82.cif,./U3Si5/__initial__/59/xtal_82.cif,-38.90572,10.797158
xtal_85.cif,./U3Si5/__initial__/59/xtal_85.cif,79.48389,4.997585
xtal_86.cif,./U3Si5/__initial__/59/xtal_86.cif,70.06231,-73.49614
xtal_87.cif,./U3Si5/__initial__/59/xtal_87.cif,78.63106,15.506982
xtal_88.cif,./U3Si5/__initial__/59/xtal_88.cif,-43.651833,7.9003124
xtal_89.cif,./U3Si5/__initial__/59/xtal_89.cif,-88.23967,-14.235387
xtal_9.cif,./U3Si5/__initial__/59/xtal_9.cif,-18.314293,-51.151093
xtal_92.cif,./U3Si5/__initial__/59/xtal_92.cif,22.18405,-74.278725
xtal_93.cif,./U3Si5/__initial__/59/xtal_93.cif,21.739548,-61.10196
xtal_94.cif,./U3Si5/__initial__/59/xtal_94.cif,-44.36131,-38.840096
xtal_95.cif,./U3Si5/__initial__/59/xtal_95.cif,-38.843475,58.774685
xtal_96.cif,./U3Si5/__initial__/59/xtal_96.cif,60.34775,-8.412076
xtal_98.cif,./U3Si5/__initial__/59/xtal_98.cif,-89.0595,1.7919387
xtal_1.cif,./U3Si5/__initial__/65/xtal_1.cif,104.964645,7.7945814
xtal_10.cif,./U3Si5/__initial__/65/xtal_10.cif,38.846287,-1.1128848
xtal_11.cif,./U3Si5/__initial__/65/xtal_11.cif,91.87447,11.222059
xtal_14.cif,./U3Si5/__initial__/65/xtal_14.cif,93.424934,2.6318715
xtal_15.cif,./U3Si5/__initial__/65/xtal_15.cif,-41.24794,83.05914
xtal_16.cif,./U3Si5/__initial__/65/xtal_16.cif,58.754223,24.06221
xtal_17.cif,./U3Si5/__initial__/65/xtal_17.cif,-31.172222,29.578651
xtal_18.cif,./U3Si5/__initial__/65/xtal_18.cif,79.55235,51.346375
xtal_19.cif,./U3Si5/__initial__/65/xtal_19.cif,-42.39699,21.393827
xtal_20.cif,./U3Si5/__initial__/65/xtal_20.cif,96.05372,-33.37555
xtal_23.cif,./U3Si5/__initial__/65/xtal_23.cif,-4.5934205,73.00535
xtal_25.cif,./U3Si5/__initial__/65/xtal_25.cif,-37.964565,34.97356
xtal_26.cif,./U3Si5/__initial__/65/xtal_26.cif,-56.770462,30.800276
xtal_29.cif,./U3Si5/__initial__/65/xtal_29.cif,-41.328583,39.68448
xtal_3.cif,./U3Si5/__initial__/65/xtal_3.cif,-6.1934457,55.31175
xtal_31.cif,./U3Si5/__initial__/65/xtal_31.cif,66.03218,-17.970366
xtal_36.cif,./U3Si5/__initial__/65/xtal_36.cif,90.900475,-3.443986
xtal_37.cif,./U3Si5/__initial__/65/xtal_37.cif,49.993916,19.913273
xtal_38.cif,./U3Si5/__initial__/65/xtal_38.cif,-41.178616,-58.473877
xtal_4.cif,./U3Si5/__initial__/65/xtal_4.cif,99.59858,30.535044
xtal_42.cif,./U3Si5/__initial__/65/xtal_42.cif,-48.93142,-8.005563
xtal_43.cif,./U3Si5/__initial__/65/xtal_43.cif,72.17504,41.450672
xtal_44.cif,./U3Si5/__initial__/65/xtal_44.cif,95.50783,42.488113
xtal_48.cif,./U3Si5/__initial__/65/xtal_48.cif,-30.942722,-87.41982
xtal_5.cif,./U3Si5/__initial__/65/xtal_5.cif,47.994167,8.325162
xtal_50.cif,./U3Si5/__initial__/65/xtal_50.cif,-18.184795,69.960754
xtal_51.cif,./U3Si5/__initial__/65/xtal_51.cif,-42.95204,21.757294
xtal_53.cif,./U3Si5/__initial__/65/xtal_53.cif,84.94297,64.623116
xtal_54.cif,./U3Si5/__initial__/65/xtal_54.cif,71.749146,0.7834186
xtal_55.cif,./U3Si5/__initial__/65/xtal_55.cif,-66.71504,40.995342
xtal_56.cif,./U3Si5/__initial__/65/xtal_56.cif,93.16635,59.43351
xtal_57.cif,./U3Si5/__initial__/65/xtal_57.cif,6.461038,94.566925
xtal_58.cif,./U3Si5/__initial__/65/xtal_58.cif,3.1186185,85.8277
xtal_59.cif,./U3Si5/__initial__/65/xtal_59.cif,-37.31083,20.567997
xtal_6.cif,./U3Si5/__initial__/65/xtal_6.cif,11.317262,-47.78246
xtal_60.cif,./U3Si5/__initial__/65/xtal_60.cif,11.427408,-62.568306
xtal_62.cif,./U3Si5/__initial__/65/xtal_62.cif,109.694885,12.967692
xtal_64.cif,./U3Si5/__initial__/65/xtal_64.cif,103.315956,11.337166
xtal_65.cif,./U3Si5/__initial__/65/xtal_65.cif,79.14208,57.441097
xtal_66.cif,./U3Si5/__initial__/65/xtal_66.cif,-25.408401,48.27006
xtal_68.cif,./U3Si5/__initial__/65/xtal_68.cif,95.28577,50.836483
xtal_7.cif,./U3Si5/__initial__/65/xtal_7.cif,-31.224495,8.033863
xtal_72.cif,./U3Si5/__initial__/65/xtal_72.cif,65.77317,51.181396
xtal_74.cif,./U3Si5/__initial__/65/xtal_74.cif,-43.694298,52.475636
xtal_76.cif,./U3Si5/__initial__/65/xtal_76.cif,39.938984,2.1921537
xtal_81.cif,./U3Si5/__initial__/65/xtal_81.cif,89.56307,56.234398
xtal_82.cif,./U3Si5/__initial__/65/xtal_82.cif,-4.999864,15.973204
xtal_84.cif,./U3Si5/__initial__/65/xtal_84.cif,-41.9647,22.544886
xtal_86.cif,./U3Si5/__initial__/65/xtal_86.cif,-55.52568,46.08853
xtal_89.cif,./U3Si5/__initial__/65/xtal_89.cif,-9.413114,82.71139
xtal_91.cif,./U3Si5/__initial__/65/xtal_91.cif,98.50627,30.000326
xtal_97.cif,./U3Si5/__initial__/65/xtal_97.cif,54.845352,-63.084293
xtal_10.cif,./U3Si5/__initial__/71/xtal_10.cif,-28.027977,22.537802
xtal_100.cif,./U3Si5/__initial__/71/xtal_100.cif,87.71165,-0.54183125
xtal_11.cif,./U3Si5/__initial__/71/xtal_11.cif,97.93624,-27.713402
xtal_12.cif,./U3Si5/__initial__/71/xtal_12.cif,-59.27572,-20.754332
xtal_13.cif,./U3Si5/__initial__/71/xtal_13.cif,84.40476,4.962588
xtal_14.cif,./U3Si5/__initial__/71/xtal_14.cif,53.5654,16.343277
xtal_15.cif,./U3Si5/__initial__/71/xtal_15.cif,-60.468616,10.5443945
xtal_16.cif,./U3Si5/__initial__/71/xtal_16.cif,81.059685,-59.85987
xtal_18.cif,./U3Si5/__initial__/71/xtal_18.cif,-40.761612,35.53082
xtal_19.cif,./U3Si5/__initial__/71/xtal_19.cif,88.668465,-10.007179
xtal_2.cif,./U3Si5/__initial__/71/xtal_2.cif,104.21594,2.631648
xtal_20.cif,./U3Si5/__initial__/71/xtal_20.cif,3.5253277,87.03027
xtal_21.cif,./U3Si5/__initial__/71/xtal_21.cif,91.654236,-58.59871
xtal_22.cif,./U3Si5/__initial__/71/xtal_22.cif,52.848278,-25.221909
xtal_23.cif,./U3Si5/__initial__/71/xtal_23.cif,68.95727,4.899205
xtal_25.cif,./U3Si5/__initial__/71/xtal_25.cif,10.165842,-75.2161
xtal_26.cif,./U3Si5/__initial__/71/xtal_26.cif,49.187813,-37.183823
xtal_27.cif,./U3Si5/__initial__/71/xtal_27.cif,-80.738235,-28.370697
xtal_28.cif,./U3Si5/__initial__/71/xtal_28.cif,-40.99143,-77.70438
xtal_29.cif,./U3Si5/__initial__/71/xtal_29.cif,46.451363,-44.159275
xtal_31.cif,./U3Si5/__initial__/71/xtal_31.cif,76.91084,-35.79973
xtal_32.cif,./U3Si5/__initial__/71/xtal_32.cif,-24.780659,108.88518
xtal_33.cif,./U3Si5/__initial__/71/xtal_33.cif,95.13674,-33.976864
xtal_34.cif,./U3Si5/__initial__/71/xtal_34.cif,-26.211412,66.727234
xtal_35.cif,./U3Si5/__initial__/71/xtal_35.cif,69.55394,-23.362017
xtal_36.cif,./U3Si5/__initial__/71/xtal_36.cif,50.10426,9.883699
xtal_37.cif,./U3Si5/__initial__/71/xtal_37.cif,108.39655,-10.437689
xtal_38.cif,./U3Si5/__initial__/71/xtal_38.cif,78.70884,-14.742907
xtal_39.cif,./U3Si5/__initial__/71/xtal_39.cif,80.1175,14.758311
xtal_40.cif,./U3Si5/__initial__/71/xtal_40.cif,70.37514,-8.816427
xtal_41.cif,./U3Si5/71/xtal_41.cif,-24.153503,74.539856
xtal_42.cif,./U3Si5/__initial__/71/xtal_42.cif,-67.93466,92.82929
xtal_44.cif,./U3Si5/71/xtal_44.cif,64.641426,13.845236
xtal_47.cif,./U3Si5/__initial__/71/xtal_47.cif,-46.303432,81.62389
xtal_48.cif,./U3Si5/__initial__/71/xtal_48.cif,-77.11356,85.82507
xtal_49.cif,./U3Si5/__initial__/71/xtal_49.cif,51.247147,30.046066
xtal_50.cif,./U3Si5/__initial__/71/xtal_50.cif,42.908707,-29.62435
xtal_51.cif,./U3Si5/__initial__/71/xtal_51.cif,-30.938818,92.23029
xtal_53.cif,./U3Si5/__initial__/71/xtal_53.cif,104.696205,7.2254143
xtal_54.cif,./U3Si5/__initial__/71/xtal_54.cif,10.266068,-56.032467
xtal_56.cif,./U3Si5/__initial__/71/xtal_56.cif,110.04889,-1.7351944
xtal_57.cif,./U3Si5/__initial__/71/xtal_57.cif,58.553944,-26.63795
xtal_58.cif,./U3Si5/__initial__/71/xtal_58.cif,-45.163692,21.686422
xtal_59.cif,./U3Si5/__initial__/71/xtal_59.cif,-82.845634,-26.942785
xtal_62.cif,./U3Si5/__initial__/71/xtal_62.cif,41.95732,19.77469
xtal_63.cif,./U3Si5/__initial__/71/xtal_63.cif,47.58373,-5.1352544
xtal_64.cif,./U3Si5/__initial__/71/xtal_64.cif,112.549965,-11.355972
xtal_65.cif,./U3Si5/__initial__/71/xtal_65.cif,2.9219742,101.156265
xtal_66.cif,./U3Si5/__initial__/71/xtal_66.cif,57.881435,-39.13559
xtal_67.cif,./U3Si5/__initial__/71/xtal_67.cif,93.27535,25.78044
xtal_68.cif,./U3Si5/__initial__/71/xtal_68.cif,-60.104847,45.623833
xtal_69.cif,./U3Si5/__initial__/71/xtal_69.cif,67.33932,-45.343716
xtal_7.cif,./U3Si5/__initial__/71/xtal_7.cif,103.20859,11.271545
xtal_70.cif,./U3Si5/__initial__/71/xtal_70.cif,-23.064243,24.860529
xtal_71.cif,./U3Si5/__initial__/71/xtal_71.cif,-35.631367,3.9824076
xtal_72.cif,./U3Si5/__initial__/71/xtal_72.cif,-80.79725,67.46462
xtal_73.cif,./U3Si5/__initial__/71/xtal_73.cif,-93.060165,21.828423
xtal_74.cif,./U3Si5/__initial__/71/xtal_74.cif,-51.86401,56.06084
xtal_75.cif,./U3Si5/__initial__/71/xtal_75.cif,-57.85238,-12.353669
xtal_76.cif,./U3Si5/__initial__/71/xtal_76.cif,46.168045,-46.73713
xtal_78.cif,./U3Si5/__initial__/71/xtal_78.cif,70.35074,-0.5634512
xtal_79.cif,./U3Si5/__initial__/71/xtal_79.cif,42.802116,16.330479
xtal_8.cif,./U3Si5/__initial__/71/xtal_8.cif,105.02711,13.372344
xtal_80.cif,./U3Si5/__initial__/71/xtal_80.cif,-6.332099,51.105904
xtal_81.cif,./U3Si5/__initial__/71/xtal_81.cif,99.363304,26.549658
xtal_82.cif,./U3Si5/__initial__/71/xtal_82.cif,104.12693,11.68257
xtal_83.cif,./U3Si5/__initial__/71/xtal_83.cif,98.24248,-45.372074
xtal_84.cif,./U3Si5/__initial__/71/xtal_84.cif,-68.36942,38.972122
xtal_87.cif,./U3Si5/__initial__/71/xtal_87.cif,84.379814,26.917654
xtal_88.cif,./U3Si5/__initial__/71/xtal_88.cif,-16.12455,21.409779
xtal_89.cif,./U3Si5/__initial__/71/xtal_89.cif,104.168846,-3.8625822
xtal_90.cif,./U3Si5/__initial__/71/xtal_90.cif,48.3934,21.497242
xtal_91.cif,./U3Si5/__initial__/71/xtal_91.cif,104.328735,-38.08413
xtal_92.cif,./U3Si5/__initial__/71/xtal_92.cif,72.85187,-27.87296
xtal_93.cif,./U3Si5/__initial__/71/xtal_93.cif,52.17363,15.089376
xtal_94.cif,./U3Si5/__initial__/71/xtal_94.cif,-28.126118,-7.0874357
xtal_95.cif,./U3Si5/71/xtal_95.cif,38.67349,-20.073746
xtal_96.cif,./U3Si5/__initial__/71/xtal_96.cif,-6.185993,54.671947
xtal_98.cif,./U3Si5/__initial__/71/xtal_98.cif,-92.00117,-9.259818
xtal_99.cif,./U3Si5/__initial__/71/xtal_99.cif,95.74099,26.51614
xtal_10.cif,./U3Si5/__initial__/75/xtal_10.cif,34.16855,2.1961074
xtal_100.cif,./U3Si5/__initial__/75/xtal_100.cif,-31.742788,25.234108
xtal_11.cif,./U3Si5/__initial__/75/xtal_11.cif,20.145514,81.410446
xtal_13.cif,./U3Si5/__initial__/75/xtal_13.cif,-32.28419,-51.03958
xtal_14.cif,./U3Si5/__initial__/75/xtal_14.cif,29.728966,-6.1665273
xtal_15.cif,./U3Si5/__initial__/75/xtal_15.cif,38.567604,46.97127
xtal_17.cif,./U3Si5/__initial__/75/xtal_17.cif,55.76958,-27.504955
xtal_2.cif,./U3Si5/__initial__/75/xtal_2.cif,72.92327,-57.777874
xtal_20.cif,./U3Si5/__initial__/75/xtal_20.cif,-2.8534517,33.50358
xtal_21.cif,./U3Si5/75/xtal_21.cif,26.599854,88.287506
xtal_22.cif,./U3Si5/__initial__/75/xtal_22.cif,-7.520479,30.176067
xtal_23.cif,./U3Si5/__initial__/75/xtal_23.cif,32.160477,92.35055
xtal_25.cif,./U3Si5/75/xtal_25.cif,-112.85967,2.6957862
xtal_26.cif,./U3Si5/__initial__/75/xtal_26.cif,3.2168326,8.390735
xtal_27.cif,./U3Si5/__initial__/75/xtal_27.cif,14.921939,-85.73548
xtal_29.cif,./U3Si5/__initial__/75/xtal_29.cif,42.621647,61.16547
xtal_3.cif,./U3Si5/75/xtal_3.cif,24.838968,80.989624
xtal_31.cif,./U3Si5/__initial__/75/xtal_31.cif,46.965176,95.06642
xtal_32.cif,./U3Si5/__initial__/75/xtal_32.cif,-28.335505,36.820065
xtal_33.cif,./U3Si5/__initial__/75/xtal_33.cif,48.470577,77.61494
xtal_37.cif,./U3Si5/__initial__/75/xtal_37.cif,18.199854,19.266548
xtal_38.cif,./U3Si5/__initial__/75/xtal_38.cif,28.678728,58.81138
xtal_39.cif,./U3Si5/__initial__/75/xtal_39.cif,34.4448,95.19267
xtal_4.cif,./U3Si5/75/xtal_4.cif,55.329037,-76.01033
xtal_40.cif,./U3Si5/__initial__/75/xtal_40.cif,35.87191,51.789047
xtal_41.cif,./U3Si5/__initial__/75/xtal_41.cif,-51.325264,36.69611
xtal_42.cif,./U3Si5/__initial__/75/xtal_42.cif,25.377792,-5.3632364
xtal_44.cif,./U3Si5/__initial__/75/xtal_44.cif,96.516914,-25.840168
xtal_45.cif,./U3Si5/__initial__/75/xtal_45.cif,1.1951944,48.655754
xtal_48.cif,./U3Si5/__initial__/75/xtal_48.cif,62.55098,-2.294978
xtal_49.cif,./U3Si5/__initial__/75/xtal_49.cif,46.554523,-43.61322
xtal_51.cif,./U3Si5/__initial__/75/xtal_51.cif,-8.40326,-2.5386472
xtal_53.cif,./U3Si5/__initial__/75/xtal_53.cif,53.64675,84.36189
xtal_54.cif,./U3Si5/__initial__/75/xtal_54.cif,-24.008465,-42.879993
xtal_55.cif,./U3Si5/75/xtal_55.cif,-89.87028,14.179202
xtal_56.cif,./U3Si5/75/xtal_56.cif,26.659834,86.613045
xtal_57.cif,./U3Si5/__initial__/75/xtal_57.cif,-4.8987913,5.55549
xtal_58.cif,./U3Si5/__initial__/75/xtal_58.cif,61.041416,60.38217
xtal_6.cif,./U3Si5/__initial__/75/xtal_6.cif,33.636974,-31.170431
xtal_60.cif,./U3Si5/__initial__/75/xtal_60.cif,26.340054,78.52348
xtal_63.cif,./U3Si5/__initial__/75/xtal_63.cif,-62.98452,18.309685
xtal_65.cif,./U3Si5/__initial__/75/xtal_65.cif,34.77148,24.835636
xtal_67.cif,./U3Si5/__initial__/75/xtal_67.cif,62.494984,-0.14879474
xtal_68.cif,./U3Si5/__initial__/75/xtal_68.cif,-12.714719,28.517508
xtal_7.cif,./U3Si5/__initial__/75/xtal_7.cif,37.236202,91.40176
xtal_72.cif,./U3Si5/__initial__/75/xtal_72.cif,27.613392,-6.888509
xtal_77.cif,./U3Si5/75/xtal_77.cif,-71.744804,76.43299
xtal_79.cif,./U3Si5/__initial__/75/xtal_79.cif,29.070671,81.357376
xtal_80.cif,./U3Si5/__initial__/75/xtal_80.cif,13.078012,48.465096
xtal_81.cif,./U3Si5/__initial__/75/xtal_81.cif,1.6292864,8.271615
xtal_82.cif,./U3Si5/__initial__/75/xtal_82.cif,57.232006,74.23408
xtal_86.cif,./U3Si5/__initial__/75/xtal_86.cif,43.912334,74.99807
xtal_88.cif,./U3Si5/__initial__/75/xtal_88.cif,63.05267,63.632973
xtal_89.cif,./U3Si5/__initial__/75/xtal_89.cif,33.183857,94.92042
xtal_9.cif,./U3Si5/__initial__/75/xtal_9.cif,34.955776,-95.09834
xtal_90.cif,./U3Si5/__initial__/75/xtal_90.cif,-12.398557,69.16295
xtal_91.cif,./U3Si5/75/xtal_91.cif,42.073826,-50.54978
xtal_92.cif,./U3Si5/75/xtal_92.cif,-69.92491,9.887321
xtal_93.cif,./U3Si5/__initial__/75/xtal_93.cif,2.929244,58.944958
xtal_94.cif,./U3Si5/__initial__/75/xtal_94.cif,53.790443,-12.975228
xtal_95.cif,./U3Si5/__initial__/75/xtal_95.cif,-27.064783,4.227001
xtal_96.cif,./U3Si5/__initial__/75/xtal_96.cif,-49.987507,68.05749
xtal_98.cif,./U3Si5/__initial__/75/xtal_98.cif,70.28966,-38.515263
xtal_99.cif,./U3Si5/__initial__/75/xtal_99.cif,44.283344,71.66294
xtal_13.cif,./U3Si5/__initial__/77/xtal_13.cif,7.237465,2.9244275
xtal_27.cif,./U3Si5/__initial__/77/xtal_27.cif,43.74087,11.496979
xtal_34.cif,./U3Si5/__initial__/77/xtal_34.cif,12.792635,18.764277
xtal_37.cif,./U3Si5/__initial__/77/xtal_37.cif,44.87157,27.14714
xtal_44.cif,./U3Si5/__initial__/77/xtal_44.cif,27.734428,33.083725
xtal_47.cif,./U3Si5/__initial__/77/xtal_47.cif,65.129326,55.57349
xtal_48.cif,./U3Si5/__initial__/77/xtal_48.cif,79.807884,-80.74492
xtal_5.cif,./U3Si5/__initial__/77/xtal_5.cif,72.58961,24.69034
xtal_51.cif,./U3Si5/__initial__/77/xtal_51.cif,46.27861,71.232735
xtal_55.cif,./U3Si5/__initial__/77/xtal_55.cif,-62.1175,-6.9937277
xtal_58.cif,./U3Si5/__initial__/77/xtal_58.cif,2.6432805,10.480427
xtal_62.cif,./U3Si5/__initial__/77/xtal_62.cif,3.2778103,3.5665398
xtal_79.cif,./U3Si5/__initial__/77/xtal_79.cif,42.656822,-23.73093
xtal_80.cif,./U3Si5/__initial__/77/xtal_80.cif,20.398592,31.236391
xtal_83.cif,./U3Si5/77/xtal_83.cif,-69.600914,76.84487
xtal_86.cif,./U3Si5/77/xtal_86.cif,19.232748,-43.15842
xtal_88.cif,./U3Si5/77/xtal_88.cif,-78.6755,-7.410536
xtal_10.cif,./U3Si5/__initial__/79/xtal_10.cif,4.191318,26.370653
xtal_100.cif,./U3Si5/__initial__/79/xtal_100.cif,57.964428,70.3352
xtal_13.cif,./U3Si5/__initial__/79/xtal_13.cif,24.042442,83.08108
xtal_14.cif,./U3Si5/__initial__/79/xtal_14.cif,96.90836,-28.693462
xtal_16.cif,./U3Si5/__initial__/79/xtal_16.cif,36.460606,98.6289
xtal_19.cif,./U3Si5/__initial__/79/xtal_19.cif,-30.259218,82.509254
xtal_22.cif,./U3Si5/__initial__/79/xtal_22.cif,17.756218,32.701153
xtal_25.cif,./U3Si5/__initial__/79/xtal_25.cif,67.96801,-40.1119
xtal_27.cif,./U3Si5/__initial__/79/xtal_27.cif,45.78383,96.566795
xtal_30.cif,./U3Si5/__initial__/79/xtal_30.cif,106.48832,-28.83994
xtal_34.cif,./U3Si5/__initial__/79/xtal_34.cif,95.18269,-4.364894
xtal_38.cif,./U3Si5/__initial__/79/xtal_38.cif,37.346584,78.20739
xtal_41.cif,./U3Si5/__initial__/79/xtal_41.cif,54.388218,-27.27797
xtal_42.cif,./U3Si5/__initial__/79/xtal_42.cif,-22.11891,-34.5554
xtal_43.cif,./U3Si5/__initial__/79/xtal_43.cif,-0.4750276,101.87519
xtal_44.cif,./U3Si5/__initial__/79/xtal_44.cif,26.451126,48.283623
xtal_45.cif,./U3Si5/__initial__/79/xtal_45.cif,107.27278,11.242186
xtal_49.cif,./U3Si5/__initial__/79/xtal_49.cif,93.30212,-51.6052
xtal_50.cif,./U3Si5/__initial__/79/xtal_50.cif,86.92607,8.4922
xtal_52.cif,./U3Si5/__initial__/79/xtal_52.cif,7.8983507,44.500492
xtal_53.cif,./U3Si5/__initial__/79/xtal_53.cif,27.012161,81.698456
xtal_54.cif,./U3Si5/__initial__/79/xtal_54.cif,107.89219,2.5201821
xtal_56.cif,./U3Si5/__initial__/79/xtal_56.cif,103.55309,9.447383
xtal_58.cif,./U3Si5/__initial__/79/xtal_58.cif,2.068171,72.206154
xtal_60.cif,./U3Si5/__initial__/79/xtal_60.cif,69.803474,-61.6006
xtal_61.cif,./U3Si5/__initial__/79/xtal_61.cif,61.481766,-4.393224
xtal_63.cif,./U3Si5/__initial__/79/xtal_63.cif,28.253698,-10.335949
xtal_64.cif,./U3Si5/__initial__/79/xtal_64.cif,64.74891,22.032934
xtal_65.cif,./U3Si5/__initial__/79/xtal_65.cif,35.979683,54.834187
xtal_66.cif,./U3Si5/__initial__/79/xtal_66.cif,-13.889364,19.388298
xtal_67.cif,./U3Si5/__initial__/79/xtal_67.cif,46.02793,44.248493
xtal_69.cif,./U3Si5/__initial__/79/xtal_69.cif,29.466015,85.1184
xtal_71.cif,./U3Si5/__initial__/79/xtal_71.cif,19.045618,20.938896
xtal_74.cif,./U3Si5/__initial__/79/xtal_74.cif,77.9372,-18.567667
xtal_80.cif,./U3Si5/__initial__/79/xtal_80.cif,40.767517,46.107212
xtal_84.cif,./U3Si5/__initial__/79/xtal_84.cif,-19.269753,32.736267
xtal_85.cif,./U3Si5/__initial__/79/xtal_85.cif,36.188095,45.51636
xtal_86.cif,./U3Si5/__initial__/79/xtal_86.cif,53.64214,-26.87118
xtal_87.cif,./U3Si5/__initial__/79/xtal_87.cif,83.97959,61.078667
xtal_89.cif,./U3Si5/__initial__/79/xtal_89.cif,24.15459,19.980944
xtal_9.cif,./U3Si5/__initial__/79/xtal_9.cif,50.27183,63.63213
xtal_95.cif,./U3Si5/__initial__/79/xtal_95.cif,61.224495,65.588234
xtal_96.cif,./U3Si5/__initial__/79/xtal_96.cif,0.013016161,100.12955
xtal_97.cif,./U3Si5/__initial__/79/xtal_97.cif,-8.223648,50.45266
xtal_99.cif,./U3Si5/__initial__/79/xtal_99.cif,57.9507,28.341436
xtal_1.cif,./U3Si5/__initial__/81/xtal_1.cif,65.79644,47.88984
xtal_10.cif,./U3Si5/__initial__/81/xtal_10.cif,-48.889984,72.91049
xtal_100.cif,./U3Si5/__initial__/81/xtal_100.cif,-37.02582,-37.73293
xtal_11.cif,./U3Si5/__initial__/81/xtal_11.cif,-22.938091,84.358894
xtal_12.cif,./U3Si5/__initial__/81/xtal_12.cif,-12.101436,-94.510345
xtal_13.cif,./U3Si5/__initial__/81/xtal_13.cif,27.904942,-15.9391575
xtal_14.cif,./U3Si5/__initial__/81/xtal_14.cif,-23.033415,-83.30312
xtal_15.cif,./U3Si5/__initial__/81/xtal_15.cif,7.8282447,68.34614
xtal_16.cif,./U3Si5/__initial__/81/xtal_16.cif,68.665085,36.029953
xtal_17.cif,./U3Si5/__initial__/81/xtal_17.cif,-19.333307,-21.741758
xtal_18.cif,./U3Si5/__initial__/81/xtal_18.cif,3.8171034,-59.29165
xtal_19.cif,./U3Si5/__initial__/81/xtal_19.cif,-68.007774,18.39434
xtal_2.cif,./U3Si5/__initial__/81/xtal_2.cif,21.413267,-13.409172
xtal_20.cif,./U3Si5/__initial__/81/xtal_20.cif,9.670245,-47.730507
xtal_21.cif,./U3Si5/__initial__/81/xtal_21.cif,-31.946861,47.161327
xtal_22.cif,./U3Si5/__initial__/81/xtal_22.cif,-47.523827,72.3552
xtal_23.cif,./U3Si5/81/xtal_23.cif,21.05021,-36.908184
xtal_24.cif,./U3Si5/__initial__/81/xtal_24.cif,-8.888562,92.241486
xtal_25.cif,./U3Si5/__initial__/81/xtal_25.cif,-46.26709,6.740653
xtal_26.cif,./U3Si5/__initial__/81/xtal_26.cif,-6.42448,-35.28516
xtal_27.cif,./U3Si5/__initial__/81/xtal_27.cif,14.97695,-18.310751
xtal_28.cif,./U3Si5/__initial__/81/xtal_28.cif,6.676918,76.76021
xtal_29.cif,./U3Si5/__initial__/81/xtal_29.cif,-74.40287,15.741312
xtal_3.cif,./U3Si5/__initial__/81/xtal_3.cif,-41.28123,87.864395
xtal_30.cif,./U3Si5/__initial__/81/xtal_30.cif,-32.500744,0.66657305
xtal_31.cif,./U3Si5/__initial__/81/xtal_31.cif,-34.926132,-38.171455
xtal_32.cif,./U3Si5/__initial__/81/xtal_32.cif,-43.69828,64.19683
xtal_33.cif,./U3Si5/__initial__/81/xtal_33.cif,-24.36893,-87.08543
xtal_34.cif,./U3Si5/__initial__/81/xtal_34.cif,8.121879,-80.15866
xtal_35.cif,./U3Si5/__initial__/81/xtal_35.cif,-60.491673,-41.304333
xtal_36.cif,./U3Si5/__initial__/81/xtal_36.cif,21.693043,16.736973
xtal_37.cif,./U3Si5/__initial__/81/xtal_37.cif,19.644884,-94.19762
xtal_38.cif,./U3Si5/__initial__/81/xtal_38.cif,-0.5143787,-15.717995
xtal_39.cif,./U3Si5/__initial__/81/xtal_39.cif,-41.87604,70.43724
xtal_4.cif,./U3Si5/__initial__/81/xtal_4.cif,45.374702,-84.42369
xtal_40.cif,./U3Si5/__initial__/81/xtal_40.cif,-30.156172,-77.4178
xtal_41.cif,./U3Si5/__initial__/81/xtal_41.cif,67.94277,-59.672466
xtal_42.cif,./U3Si5/__initial__/81/xtal_42.cif,4.757125,93.774124
xtal_43.cif,./U3Si5/81/xtal_43.cif,-59.654427,81.09032
xtal_44.cif,./U3Si5/__initial__/81/xtal_44.cif,-16.529549,-38.896427
xtal_45.cif,./U3Si5/__initial__/81/xtal_45.cif,68.436386,34.280766
xtal_46.cif,./U3Si5/__initial__/81/xtal_46.cif,-25.670261,-70.36287
xtal_47.cif,./U3Si5/__initial__/81/xtal_47.cif,-14.164571,-18.558382
xtal_48.cif,./U3Si5/__initial__/81/xtal_48.cif,4.626665,12.847459
xtal_49.cif,./U3Si5/__initial__/81/xtal_49.cif,-37.355892,15.4599
xtal_5.cif,./U3Si5/__initial__/81/xtal_5.cif,13.851824,-81.751274
xtal_50.cif,./U3Si5/__initial__/81/xtal_50.cif,-29.58149,15.177351
xtal_51.cif,./U3Si5/__initial__/81/xtal_51.cif,-46.869957,67.80531
xtal_52.cif,./U3Si5/__initial__/81/xtal_52.cif,6.539779,-22.702051
xtal_53.cif,./U3Si5/__initial__/81/xtal_53.cif,-48.24941,-80.41657
xtal_54.cif,./U3Si5/81/xtal_54.cif,84.377495,-65.16629
xtal_55.cif,./U3Si5/__initial__/81/xtal_55.cif,35.29327,-71.91792
xtal_56.cif,./U3Si5/__initial__/81/xtal_56.cif,56.373863,22.178282
xtal_57.cif,./U3Si5/81/xtal_57.cif,-17.084515,110.11641
xtal_58.cif,./U3Si5/__initial__/81/xtal_58.cif,19.68886,-14.90051
xtal_59.cif,./U3Si5/__initial__/81/xtal_59.cif,-66.27085,39.341236
xtal_6.cif,./U3Si5/__initial__/81/xtal_6.cif,15.313126,-88.293335
xtal_60.cif,./U3Si5/__initial__/81/xtal_60.cif,-7.338231,-73.98366
xtal_61.cif,./U3Si5/__initial__/81/xtal_61.cif,20.047161,-68.815186
xtal_62.cif,./U3Si5/__initial__/81/xtal_62.cif,-9.28952,94.70735
xtal_63.cif,./U3Si5/__initial__/81/xtal_63.cif,16.840809,-101.83835
xtal_64.cif,./U3Si5/__initial__/81/xtal_64.cif,6.488788,-88.507965
xtal_65.cif,./U3Si5/__initial__/81/xtal_65.cif,-21.591547,-16.730062
xtal_66.cif,./U3Si5/__initial__/81/xtal_66.cif,-36.177685,-38.205112
xtal_67.cif,./U3Si5/__initial__/81/xtal_67.cif,-68.67823,15.293985
xtal_68.cif,./U3Si5/__initial__/81/xtal_68.cif,76.44997,43.116837
xtal_69.cif,./U3Si5/__initial__/81/xtal_69.cif,-30.918272,16.044313
xtal_7.cif,./U3Si5/__initial__/81/xtal_7.cif,-38.709923,-53.648884
xtal_70.cif,./U3Si5/__initial__/81/xtal_70.cif,26.867922,36.604862
xtal_71.cif,./U3Si5/81/xtal_71.cif,40.72365,-10.723905
xtal_72.cif,./U3Si5/__initial__/81/xtal_72.cif,-15.003322,37.23215
xtal_73.cif,./U3Si5/__initial__/81/xtal_73.cif,-3.4535222,44.546673
xtal_74.cif,./U3Si5/__initial__/81/xtal_74.cif,-31.388432,-42.387688
xtal_75.cif,./U3Si5/__initial__/81/xtal_75.cif,-67.67175,-56.150097
xtal_76.cif,./U3Si5/__initial__/81/xtal_76.cif,36.57013,-20.991951
xtal_77.cif,./U3Si5/__initial__/81/xtal_77.cif,-68.73866,40.723347
xtal_78.cif,./U3Si5/__initial__/81/xtal_78.cif,34.471233,22.16661
xtal_79.cif,./U3Si5/__initial__/81/xtal_79.cif,63.42724,-78.97289
xtal_8.cif,./U3Si5/__initial__/81/xtal_8.cif,-41.537613,-32.518234
xtal_80.cif,./U3Si5/__initial__/81/xtal_80.cif,-69.17154,-53.543663
xtal_81.cif,./U3Si5/__initial__/81/xtal_81.cif,31.633732,-23.869066
xtal_82.cif,./U3Si5/__initial__/81/xtal_82.cif,-31.167372,40.971565
xtal_83.cif,./U3Si5/__initial__/81/xtal_83.cif,3.8912525,34.53621
xtal_84.cif,./U3Si5/__initial__/81/xtal_84.cif,34.032066,38.417442
xtal_85.cif,./U3Si5/__initial__/81/xtal_85.cif,-56.8466,-42.017178
xtal_86.cif,./U3Si5/__initial__/81/xtal_86.cif,-55.845592,-38.837727
xtal_87.cif,./U3Si5/__initial__/81/xtal_87.cif,63.874878,-62.83037
xtal_88.cif,./U3Si5/__initial__/81/xtal_88.cif,-39.47014,-21.804512
xtal_89.cif,./U3Si5/__initial__/81/xtal_89.cif,12.1766205,-19.929817
xtal_9.cif,./U3Si5/__initial__/81/xtal_9.cif,-55.610676,64.55731
xtal_90.cif,./U3Si5/__initial__/81/xtal_90.cif,82.63969,-25.53684
xtal_91.cif,./U3Si5/__initial__/81/xtal_91.cif,8.365304,-87.63027
xtal_92.cif,./U3Si5/__initial__/81/xtal_92.cif,74.492714,24.081102
xtal_93.cif,./U3Si5/__initial__/81/xtal_93.cif,-53.104355,58.021385
xtal_94.cif,./U3Si5/__initial__/81/xtal_94.cif,-29.844568,90.44179
xtal_95.cif,./U3Si5/__initial__/81/xtal_95.cif,24.804766,12.650209
xtal_96.cif,./U3Si5/__initial__/81/xtal_96.cif,-54.876926,-23.499422
xtal_97.cif,./U3Si5/__initial__/81/xtal_97.cif,68.278305,-63.44542
xtal_98.cif,./U3Si5/__initial__/81/xtal_98.cif,-20.105467,47.905075
xtal_99.cif,./U3Si5/__initial__/81/xtal_99.cif,-2.644019,66.64443
xtal_11.cif,./U3Si5/__initial__/82/xtal_11.cif,-44.384823,84.841515
xtal_12.cif,./U3Si5/__initial__/82/xtal_12.cif,-82.80391,59.930214
xtal_15.cif,./U3Si5/__initial__/82/xtal_15.cif,48.678818,59.123318
xtal_17.cif,./U3Si5/__initial__/82/xtal_17.cif,73.540726,12.486362
xtal_19.cif,./U3Si5/__initial__/82/xtal_19.cif,77.803825,-67.62781
xtal_2.cif,./U3Si5/__initial__/82/xtal_2.cif,64.90467,30.601025
xtal_20.cif,./U3Si5/__initial__/82/xtal_20.cif,-16.343445,23.690456
xtal_22.cif,./U3Si5/__initial__/82/xtal_22.cif,41.157078,49.172943
xtal_23.cif,./U3Si5/__initial__/82/xtal_23.cif,-7.419644,35.35583
xtal_24.cif,./U3Si5/__initial__/82/xtal_24.cif,-38.29978,31.178202
xtal_26.cif,./U3Si5/__initial__/82/xtal_26.cif,42.242237,41.965977
xtal_28.cif,./U3Si5/__initial__/82/xtal_28.cif,27.242958,-3.5541751
xtal_3.cif,./U3Si5/__initial__/82/xtal_3.cif,116.828766,5.812979
xtal_30.cif,./U3Si5/__initial__/82/xtal_30.cif,-21.219164,-20.749315
xtal_31.cif,./U3Si5/__initial__/82/xtal_31.cif,-5.630099,69.477196
xtal_32.cif,./U3Si5/__initial__/82/xtal_32.cif,25.61812,52.876057
xtal_33.cif,./U3Si5/__initial__/82/xtal_33.cif,32.587776,57.09485
xtal_34.cif,./U3Si5/__initial__/82/xtal_34.cif,4.027804,49.301357
xtal_36.cif,./U3Si5/__initial__/82/xtal_36.cif,-12.928601,107.1799
xtal_41.cif,./U3Si5/__initial__/82/xtal_41.cif,35.039787,31.291634
xtal_44.cif,./U3Si5/__initial__/82/xtal_44.cif,91.28036,-25.585146
xtal_45.cif,./U3Si5/__initial__/82/xtal_45.cif,-2.5438278,20.298185
xtal_48.cif,./U3Si5/__initial__/82/xtal_48.cif,56.23103,31.917437
xtal_49.cif,./U3Si5/__initial__/82/xtal_49.cif,3.484054,-66.934326
xtal_5.cif,./U3Si5/__initial__/82/xtal_5.cif,-8.711593,61.436836
xtal_57.cif,./U3Si5/__initial__/82/xtal_57.cif,-5.7220154,34.711136
xtal_59.cif,./U3Si5/__initial__/82/xtal_59.cif,54.011623,32.235313
xtal_6.cif,./U3Si5/__initial__/82/xtal_6.cif,-8.824537,58.562706
xtal_60.cif,./U3Si5/__initial__/82/xtal_60.cif,-8.995821,35.705406
xtal_64.cif,./U3Si5/__initial__/82/xtal_64.cif,-7.9704714,36.477474
xtal_66.cif,./U3Si5/__initial__/82/xtal_66.cif,-4.229116,93.57079
xtal_67.cif,./U3Si5/__initial__/82/xtal_67.cif,21.187174,-45.52764
xtal_70.cif,./U3Si5/__initial__/82/xtal_70.cif,-9.106898,59.636333
xtal_72.cif,./U3Si5/__initial__/82/xtal_72.cif,47.170124,50.9265
xtal_74.cif,./U3Si5/__initial__/82/xtal_74.cif,52.410187,68.37386
xtal_75.cif,./U3Si5/__initial__/82/xtal_75.cif,57.107277,71.29032
xtal_79.cif,./U3Si5/__initial__/82/xtal_79.cif,10.8248005,44.180992
xtal_80.cif,./U3Si5/__initial__/82/xtal_80.cif,27.248985,-1.975191
xtal_81.cif,./U3Si5/__initial__/82/xtal_81.cif,74.97702,-22.226774
xtal_82.cif,./U3Si5/__initial__/82/xtal_82.cif,-14.72891,17.303732
xtal_85.cif,./U3Si5/__initial__/82/xtal_85.cif,116.72718,6.2919908
xtal_90.cif,./U3Si5/__initial__/82/xtal_90.cif,82.02273,61.66716
xtal_94.cif,./U3Si5/__initial__/82/xtal_94.cif,44.811596,59.487072
xtal_95.cif,./U3Si5/__initial__/82/xtal_95.cif,57.456993,15.866203
xtal_96.cif,./U3Si5/__initial__/82/xtal_96.cif,42.71057,17.284004
xtal_98.cif,./U3Si5/__initial__/82/xtal_98.cif,64.68762,13.954693
xtal_1.cif,./U3Si5/83/xtal_1.cif,40.50043,-58.072117
xtal_100.cif,./U3Si5/__initial__/83/xtal_100.cif,91.33752,-7.818376
xtal_11.cif,./U3Si5/__initial__/83/xtal_11.cif,32.401863,-18.297945
xtal_13.cif,./U3Si5/__initial__/83/xtal_13.cif,-31.083529,2.4528959
xtal_15.cif,./U3Si5/__initial__/83/xtal_15.cif,-57.452652,27.933237
xtal_17.cif,./U3Si5/__initial__/83/xtal_17.cif,69.98985,34.07506
xtal_18.cif,./U3Si5/__initial__/83/xtal_18.cif,52.80627,-72.967896
xtal_19.cif,./U3Si5/__initial__/83/xtal_19.cif,84.39917,67.40025
xtal_2.cif,./U3Si5/__initial__/83/xtal_2.cif,95.2931,-25.63824
xtal_21.cif,./U3Si5/__initial__/83/xtal_21.cif,65.44769,47.149395
xtal_22.cif,./U3Si5/83/xtal_22.cif,-0.31777874,37.486774
xtal_23.cif,./U3Si5/83/xtal_23.cif,14.665751,-37.87669
xtal_26.cif,./U3Si5/__initial__/83/xtal_26.cif,-40.995014,59.040195
xtal_27.cif,./U3Si5/__initial__/83/xtal_27.cif,-15.278804,66.72686
xtal_28.cif,./U3Si5/__initial__/83/xtal_28.cif,66.50299,-5.484547
xtal_30.cif,./U3Si5/__initial__/83/xtal_30.cif,-61.343296,-10.58123
xtal_31.cif,./U3Si5/__initial__/83/xtal_31.cif,47.904472,11.161657
xtal_32.cif,./U3Si5/__initial__/83/xtal_32.cif,-20.31829,66.78216
xtal_35.cif,./U3Si5/__initial__/83/xtal_35.cif,75.58683,-3.9209812
xtal_36.cif,./U3Si5/__initial__/83/xtal_36.cif,-66.774,-37.33382
xtal_37.cif,./U3Si5/__initial__/83/xtal_37.cif,87.71818,58.06961
xtal_38.cif,./U3Si5/__initial__/83/xtal_38.cif,95.67828,62.064293
xtal_39.cif,./U3Si5/__initial__/83/xtal_39.cif,-2.0575323,-84.27616
xtal_4.cif,./U3Si5/__initial__/83/xtal_4.cif,94.18481,44.82202
xtal_40.cif,./U3Si5/__initial__/83/xtal_40.cif,0.10659954,65.06065
xtal_41.cif,./U3Si5/83/xtal_41.cif,-96.26907,27.43992
xtal_44.cif,./U3Si5/83/xtal_44.cif,23.55963,-39.704292
xtal_45.cif,./U3Si5/__initial__/83/xtal_45.cif,60.07238,51.567024
xtal_46.cif,./U3Si5/__initial__/83/xtal_46.cif,-60.6043,-23.11887
xtal_47.cif,./U3Si5/__initial__/83/xtal_47.cif,8.831342,-100.70085
xtal_49.cif,./U3Si5/__initial__/83/xtal_49.cif,-60.87463,-42.976246
xtal_5.cif,./U3Si5/__initial__/83/xtal_5.cif,57.880367,6.075395
xtal_51.cif,./U3Si5/__initial__/83/xtal_51.cif,43.48668,-45.500683
xtal_52.cif,./U3Si5/__initial__/83/xtal_52.cif,-19.814716,55.861736
xtal_53.cif,./U3Si5/__initial__/83/xtal_53.cif,19.455404,-104.75619
xtal_54.cif,./U3Si5/__initial__/83/xtal_54.cif,-59.775837,26.865978
xtal_55.cif,./U3Si5/__initial__/83/xtal_55.cif,62.9208,50.171318
xtal_56.cif,./U3Si5/__initial__/83/xtal_56.cif,-41.220783,36.795227
xtal_59.cif,./U3Si5/__initial__/83/xtal_59.cif,-6.8483305,103.86607
xtal_6.cif,./U3Si5/__initial__/83/xtal_6.cif,94.329636,69.93394
xtal_60.cif,./U3Si5/__initial__/83/xtal_60.cif,-21.73292,71.3558
xtal_61.cif,./U3Si5/__initial__/83/xtal_61.cif,-72.20356,-14.637204
xtal_62.cif,./U3Si5/83/xtal_62.cif,-70.367325,6.3086047
xtal_64.cif,./U3Si5/__initial__/83/xtal_64.cif,105.86108,22.39628
xtal_66.cif,./U3Si5/__initial__/83/xtal_66.cif,13.76519,-70.7123
xtal_67.cif,./U3Si5/__initial__/83/xtal_67.cif,109.78223,-9.135323
xtal_68.cif,./U3Si5/__initial__/83/xtal_68.cif,46.38089,-10.394013
xtal_69.cif,./U3Si5/__initial__/83/xtal_69.cif,42.130875,-56.309155
xtal_7.cif,./U3Si5/__initial__/83/xtal_7.cif,73.75765,44.471645
xtal_70.cif,./U3Si5/__initial__/83/xtal_70.cif,-8.792146,-78.61071
xtal_71.cif,./U3Si5/__initial__/83/xtal_71.cif,115.8056,10.168922
xtal_72.cif,./U3Si5/__initial__/83/xtal_72.cif,10.504406,83.25136
xtal_73.cif,./U3Si5/__initial__/83/xtal_73.cif,96.93525,-11.726386
xtal_74.cif,./U3Si5/__initial__/83/xtal_74.cif,49.893047,9.169916
xtal_78.cif,./U3Si5/__initial__/83/xtal_78.cif,66.91389,-19.662767
xtal_79.cif,./U3Si5/__initial__/83/xtal_79.cif,64.572334,35.49158
xtal_8.cif,./U3Si5/__initial__/83/xtal_8.cif,71.94859,59.05572
xtal_81.cif,./U3Si5/__initial__/83/xtal_81.cif,-65.7682,-4.11458
xtal_83.cif,./U3Si5/__initial__/83/xtal_83.cif,-0.8677292,13.702699
xtal_84.cif,./U3Si5/__initial__/83/xtal_84.cif,-55.747074,-18.460981
xtal_85.cif,./U3Si5/__initial__/83/xtal_85.cif,52.472298,6.136936
xtal_86.cif,./U3Si5/__initial__/83/xtal_86.cif,47.787155,-90.9931
xtal_87.cif,./U3Si5/__initial__/83/xtal_87.cif,-13.894493,101.2535
xtal_88.cif,./U3Si5/__initial__/83/xtal_88.cif,-7.4393163,-60.70358
xtal_89.cif,./U3Si5/__initial__/83/xtal_89.cif,115.04291,8.959558
xtal_9.cif,./U3Si5/__initial__/83/xtal_9.cif,-52.00566,50.78209
xtal_91.cif,./U3Si5/__initial__/83/xtal_91.cif,-64.13324,-13.619272
xtal_92.cif,./U3Si5/__initial__/83/xtal_92.cif,-60.783802,-55.144474
xtal_93.cif,./U3Si5/__initial__/83/xtal_93.cif,-55.325138,-74.06772
xtal_94.cif,./U3Si5/__initial__/83/xtal_94.cif,-18.500036,43.378094
xtal_95.cif,./U3Si5/__initial__/83/xtal_95.cif,-36.641716,-68.81054
xtal_96.cif,./U3Si5/__initial__/83/xtal_96.cif,43.714905,-34.883953
xtal_97.cif,./U3Si5/__initial__/83/xtal_97.cif,-63.27466,-54.134037
xtal_99.cif,./U3Si5/__initial__/83/xtal_99.cif,66.08255,-20.556398
xtal_1.cif,./U3Si5/__initial__/84/xtal_1.cif,31.604893,-11.285774
xtal_10.cif,./U3Si5/__initial__/84/xtal_10.cif,-27.663939,54.477398
xtal_100.cif,./U3Si5/__initial__/84/xtal_100.cif,-24.750444,-9.507019
xtal_11.cif,./U3Si5/__initial__/84/xtal_11.cif,110.63718,2.9929397
xtal_12.cif,./U3Si5/__initial__/84/xtal_12.cif,-87.04609,-30.070631
xtal_13.cif,./U3Si5/__initial__/84/xtal_13.cif,-47.80345,100.4182
xtal_14.cif,./U3Si5/__initial__/84/xtal_14.cif,-59.958344,-43.03204
xtal_15.cif,./U3Si5/84/xtal_15.cif,18.705858,-37.30714
xtal_16.cif,./U3Si5/__initial__/84/xtal_16.cif,-21.872591,23.459997
xtal_17.cif,./U3Si5/__initial__/84/xtal_17.cif,-39.242844,-63.100193
xtal_18.cif,./U3Si5/__initial__/84/xtal_18.cif,-99.85286,-0.0020568524
xtal_19.cif,./U3Si5/84/xtal_19.cif,-61.40232,-33.54143
xtal_2.cif,./U3Si5/__initial__/84/xtal_2.cif,0.9573537,-62.787895
xtal_20.cif,./U3Si5/__initial__/84/xtal_20.cif,-27.858572,-11.310325
xtal_21.cif,./U3Si5/__initial__/84/xtal_21.cif,13.19119,-94.35982
xtal_22.cif,./U3Si5/__initial__/84/xtal_22.cif,-5.6053076,-47.821022
xtal_23.cif,./U3Si5/__initial__/84/xtal_23.cif,-54.088684,14.708031
xtal_24.cif,./U3Si5/__initial__/84/xtal_24.cif,23.445309,-60.55437
xtal_25.cif,./U3Si5/__initial__/84/xtal_25.cif,62.22746,-62.87212
xtal_26.cif,./U3Si5/__initial__/84/xtal_26.cif,60.957848,13.852158
xtal_27.cif,./U3Si5/__initial__/84/xtal_27.cif,68.37172,33.99967
xtal_28.cif,./U3Si5/__initial__/84/xtal_28.cif,-7.505072,60.46771
xtal_29.cif,./U3Si5/__initial__/84/xtal_29.cif,-47.0087,-40.552128
xtal_3.cif,./U3Si5/__initial__/84/xtal_3.cif,81.297585,-56.45012
xtal_30.cif,./U3Si5/__initial__/84/xtal_30.cif,57.99674,-29.973963
xtal_31.cif,./U3Si5/__initial__/84/xtal_31.cif,115.04764,30.06051
xtal_32.cif,./U3Si5/__initial__/84/xtal_32.cif,88.34925,-36.93244
xtal_33.cif,./U3Si5/__initial__/84/xtal_33.cif,105.55015,0.21156207
xtal_34.cif,./U3Si5/__initial__/84/xtal_34.cif,-72.43875,-16.23998
xtal_35.cif,./U3Si5/__initial__/84/xtal_35.cif,-56.633793,33.02154
xtal_36.cif,./U3Si5/__initial__/84/xtal_36.cif,-3.6998594,-52.629505
xtal_37.cif,./U3Si5/84/xtal_37.cif,-84.71649,22.860909
xtal_38.cif,./U3Si5/__initial__/84/xtal_38.cif,55.688946,-66.884315
xtal_39.cif,./U3Si5/__initial__/84/xtal_39.cif,-11.204815,-67.85462
xtal_4.cif,./U3Si5/__initial__/84/xtal_4.cif,1.4045347,-49.909714
xtal_40.cif,./U3Si5/__initial__/84/xtal_40.cif,-3.907664,-83.16434
xtal_41.cif,./U3Si5/__initial__/84/xtal_41.cif,68.38181,-44.369926
xtal_42.cif,./U3Si5/__initial__/84/xtal_42.cif,43.33563,-56.248314
xtal_43.cif,./U3Si5/__initial__/84/xtal_43.cif,10.980671,-98.89282
xtal_44.cif,./U3Si5/__initial__/84/xtal_44.cif,73.4498,-2.2535799
xtal_45.cif,./U3Si5/84/xtal_45.cif,-80.13245,20.014006
xtal_46.cif,./U3Si5/__initial__/84/xtal_46.cif,21.13551,-75.548645
xtal_47.cif,./U3Si5/__initial__/84/xtal_47.cif,-35.36587,-65.218704
xtal_48.cif,./U3Si5/__initial__/84/xtal_48.cif,59.975082,-33.87043
xtal_49.cif,./U3Si5/__initial__/84/xtal_49.cif,49.098106,-73.73962
xtal_5.cif,./U3Si5/__initial__/84/xtal_5.cif,-1.8090862,-103.45509
xtal_50.cif,./U3Si5/__initial__/84/xtal_50.cif,-21.967108,46.97008
xtal_51.cif,./U3Si5/__initial__/84/xtal_51.cif,51.291046,18.22744
xtal_52.cif,./U3Si5/__initial__/84/xtal_52.cif,-9.198528,102.70887
xtal_53.cif,./U3Si5/__initial__/84/xtal_53.cif,-48.018814,-59.60612
xtal_54.cif,./U3Si5/__initial__/84/xtal_54.cif,24.601645,-81.101456
xtal_55.cif,./U3Si5/__initial__/84/xtal_55.cif,26.042896,-87.09473
xtal_56.cif,./U3Si5/__initial__/84/xtal_56.cif,-34.427315,56.0754
xtal_57.cif,./U3Si5/84/xtal_57.cif,-84.175644,-5.9799542
xtal_58.cif,./U3Si5/__initial__/84/xtal_58.cif,-56.05092,43.47936
xtal_59.cif,./U3Si5/__initial__/84/xtal_59.cif,51.34899,-84.71921
xtal_6.cif,./U3Si5/__initial__/84/xtal_6.cif,-38.527943,34.552906
xtal_60.cif,./U3Si5/__initial__/84/xtal_60.cif,67.4084,-49.18631
xtal_61.cif,./U3Si5/__initial__/84/xtal_61.cif,115.860405,29.17171
xtal_62.cif,./U3Si5/__initial__/84/xtal_62.cif,-76.60255,-23.577206
xtal_63.cif,./U3Si5/__initial__/84/xtal_63.cif,-69.944084,32.707542
xtal_64.cif,./U3Si5/__initial__/84/xtal_64.cif,8.743688,-98.33923
xtal_65.cif,./U3Si5/__initial__/84/xtal_65.cif,8.584512,63.036217
xtal_66.cif,./U3Si5/__initial__/84/xtal_66.cif,62.926815,27.59082
xtal_67.cif,./U3Si5/__initial__/84/xtal_67.cif,93.924614,-15.570517
xtal_68.cif,./U3Si5/__initial__/84/xtal_68.cif,28.722858,-78.18891
xtal_69.cif,./U3Si5/__initial__/84/xtal_69.cif,57.667812,-7.6099763
xtal_7.cif,./U3Si5/__initial__/84/xtal_7.cif,98.48505,25.916409
xtal_70.cif,./U3Si5/__initial__/84/xtal_70.cif,26.038883,-82.41562
xtal_71.cif,./U3Si5/__initial__/84/xtal_71.cif,61.313587,-68.70301
xtal_72.cif,./U3Si5/__initial__/84/xtal_72.cif,-41.0341,8.516116
xtal_73.cif,./U3Si5/__initial__/84/xtal_73.cif,56.68606,-31.871832
xtal_74.cif,./U3Si5/__initial__/84/xtal_74.cif,6.9047933,67.70683
xtal_75.cif,./U3Si5/__initial__/84/xtal_75.cif,86.18571,-57.049267
xtal_76.cif,./U3Si5/__initial__/84/xtal_76.cif,-28.418365,-14.793959
xtal_77.cif,./U3Si5/__initial__/84/xtal_77.cif,-40.244785,14.595835
xtal_78.cif,./U3Si5/__initial__/84/xtal_78.cif,-22.061518,-99.0174
xtal_79.cif,./U3Si5/__initial__/84/xtal_79.cif,108.12077,30.873802
xtal_8.cif,./U3Si5/__initial__/84/xtal_8.cif,79.87666,-7.691017
xtal_80.cif,./U3Si5/__initial__/84/xtal_80.cif,-24.639791,-2.1001542
xtal_81.cif,./U3Si5/__initial__/84/xtal_81.cif,80.78199,39.56658
xtal_82.cif,./U3Si5/__initial__/84/xtal_82.cif,-25.354939,-67.609886
xtal_83.cif,./U3Si5/84/xtal_83.cif,-43.52911,-43.216892
xtal_84.cif,./U3Si5/__initial__/84/xtal_84.cif,-15.307562,-81.26707
xtal_85.cif,./U3Si5/__initial__/84/xtal_85.cif,33.389103,-94.162346
xtal_86.cif,./U3Si5/__initial__/84/xtal_86.cif,-36.272034,19.30431
xtal_87.cif,./U3Si5/__initial__/84/xtal_87.cif,-30.120516,56.030685
xtal_88.cif,./U3Si5/__initial__/84/xtal_88.cif,46.8355,-19.412895
xtal_89.cif,./U3Si5/__initial__/84/xtal_89.cif,62.83649,-39.21135
xtal_9.cif,./U3Si5/__initial__/84/xtal_9.cif,40.486694,-40.425373
xtal_90.cif,./U3Si5/__initial__/84/xtal_90.cif,34.698284,-95.30511
xtal_91.cif,./U3Si5/84/xtal_91.cif,-37.2379,109.75352
xtal_92.cif,./U3Si5/__initial__/84/xtal_92.cif,-25.881342,82.72121
xtal_93.cif,./U3Si5/84/xtal_93.cif,-80.57893,-8.812016
xtal_94.cif,./U3Si5/__initial__/84/xtal_94.cif,-34.577477,14.9754925
xtal_95.cif,./U3Si5/__initial__/84/xtal_95.cif,-72.98573,-52.959656
xtal_96.cif,./U3Si5/__initial__/84/xtal_96.cif,13.060466,-73.5767
xtal_97.cif,./U3Si5/__initial__/84/xtal_97.cif,26.011372,-61.532703
xtal_98.cif,./U3Si5/__initial__/84/xtal_98.cif,-19.786875,-99.57998
xtal_99.cif,./U3Si5/__initial__/84/xtal_99.cif,-44.859608,8.669641
xtal_15.cif,./U3Si5/__initial__/85/xtal_15.cif,57.15871,55.475666
xtal_17.cif,./U3Si5/__initial__/85/xtal_17.cif,-26.573086,48.825962
xtal_19.cif,./U3Si5/85/xtal_19.cif,-82.18206,-9.637397
xtal_21.cif,./U3Si5/__initial__/85/xtal_21.cif,63.01947,-5.0496974
xtal_23.cif,./U3Si5/__initial__/85/xtal_23.cif,91.41457,70.767876
xtal_24.cif,./U3Si5/__initial__/85/xtal_24.cif,71.325676,34.047028
xtal_30.cif,./U3Si5/85/xtal_30.cif,-72.683784,57.69527
xtal_36.cif,./U3Si5/__initial__/85/xtal_36.cif,8.147909,86.27244
xtal_41.cif,./U3Si5/__initial__/85/xtal_41.cif,81.70008,53.880005
xtal_42.cif,./U3Si5/__initial__/85/xtal_42.cif,3.1787312,99.06141
xtal_44.cif,./U3Si5/85/xtal_44.cif,-84.63444,63.168346
xtal_49.cif,./U3Si5/__initial__/85/xtal_49.cif,77.55511,54.19961
xtal_50.cif,./U3Si5/__initial__/85/xtal_50.cif,30.338116,-27.486324
xtal_59.cif,./U3Si5/__initial__/85/xtal_59.cif,110.23211,5.406958
xtal_64.cif,./U3Si5/__initial__/85/xtal_64.cif,-26.694988,68.61636
xtal_73.cif,./U3Si5/__initial__/85/xtal_73.cif,78.80364,-0.22861448
xtal_74.cif,./U3Si5/__initial__/85/xtal_74.cif,48.390034,-11.780933
xtal_75.cif,./U3Si5/__initial__/85/xtal_75.cif,-21.907345,-47.904186
xtal_77.cif,./U3Si5/__initial__/85/xtal_77.cif,109.92922,36.87915
xtal_78.cif,./U3Si5/__initial__/85/xtal_78.cif,94.48691,63.125797
xtal_83.cif,./U3Si5/__initial__/85/xtal_83.cif,56.243305,23.228683
xtal_84.cif,./U3Si5/__initial__/85/xtal_84.cif,92.902336,71.046486
xtal_85.cif,./U3Si5/__initial__/85/xtal_85.cif,81.894135,31.961744
xtal_86.cif,./U3Si5/__initial__/85/xtal_86.cif,80.317665,42.697628
xtal_92.cif,./U3Si5/__initial__/85/xtal_92.cif,-4.6601214,70.18074
xtal_96.cif,./U3Si5/__initial__/85/xtal_96.cif,-29.249123,11.471129
xtal_98.cif,./U3Si5/__initial__/85/xtal_98.cif,-15.903339,95.303116
xtal_99.cif,./U3Si5/__initial__/85/xtal_99.cif,47.116013,-4.2553954
xtal_1.cif,./U3Si5/__initial__/86/xtal_1.cif,57.60572,-2.3290784
xtal_100.cif,./U3Si5/__initial__/86/xtal_100.cif,-24.359957,-6.926625
xtal_11.cif,./U3Si5/__initial__/86/xtal_11.cif,-46.209934,-72.70685
xtal_12.cif,./U3Si5/__initial__/86/xtal_12.cif,-20.219036,-89.45646
xtal_13.cif,./U3Si5/__initial__/86/xtal_13.cif,-33.582,79.64314
xtal_14.cif,./U3Si5/__initial__/86/xtal_14.cif,115.2581,10.543372
xtal_15.cif,./U3Si5/__initial__/86/xtal_15.cif,-50.966175,57.38931
xtal_16.cif,./U3Si5/__initial__/86/xtal_16.cif,-26.047604,89.810356
xtal_17.cif,./U3Si5/__initial__/86/xtal_17.cif,-30.000898,-88.60853
xtal_18.cif,./U3Si5/__initial__/86/xtal_18.cif,12.634125,-99.370674
xtal_19.cif,./U3Si5/__initial__/86/xtal_19.cif,63.721798,-74.21838
xtal_20.cif,./U3Si5/86/xtal_20.cif,13.751943,-43.09387
xtal_21.cif,./U3Si5/__initial__/86/xtal_21.cif,-67.53118,-5.642162
xtal_22.cif,./U3Si5/__initial__/86/xtal_22.cif,-7.9531417,49.45886
xtal_23.cif,./U3Si5/86/xtal_23.cif,-59.40161,-34.34116
xtal_24.cif,./U3Si5/__initial__/86/xtal_24.cif,-70.8822,-37.193092
xtal_25.cif,./U3Si5/__initial__/86/xtal_25.cif,-57.81565,-66.41569
xtal_26.cif,./U3Si5/__initial__/86/xtal_26.cif,-63.62079,40.617023
xtal_28.cif,./U3Si5/__initial__/86/xtal_28.cif,-58.76828,-57.53022
xtal_29.cif,./U3Si5/__initial__/86/xtal_29.cif,-63.77414,40.27663
xtal_3.cif,./U3Si5/__initial__/86/xtal_3.cif,-27.321941,-14.436682
xtal_30.cif,./U3Si5/__initial__/86/xtal_30.cif,-26.75291,-85.495964
xtal_31.cif,./U3Si5/__initial__/86/xtal_31.cif,-92.47427,7.6858506
xtal_33.cif,./U3Si5/__initial__/86/xtal_33.cif,59.467735,-33.102226
xtal_36.cif,./U3Si5/__initial__/86/xtal_36.cif,-40.400837,36.065514
xtal_37.cif,./U3Si5/__initial__/86/xtal_37.cif,74.672745,25.362688
xtal_38.cif,./U3Si5/__initial__/86/xtal_38.cif,50.91829,16.422226
xtal_39.cif,./U3Si5/__initial__/86/xtal_39.cif,0.0054473984,-82.123695
xtal_4.cif,./U3Si5/__initial__/86/xtal_4.cif,-69.80256,44.333916
xtal_40.cif,./U3Si5/__initial__/86/xtal_40.cif,69.09126,-49.84049
xtal_41.cif,./U3Si5/__initial__/86/xtal_41.cif,15.9812,-60.60298
xtal_43.cif,./U3Si5/__initial__/86/xtal_43.cif,62.97918,-75.27267
xtal_45.cif,./U3Si5/__initial__/86/xtal_45.cif,-60.572594,-50.96059
xtal_46.cif,./U3Si5/__initial__/86/xtal_46.cif,-18.48928,63.3934
xtal_47.cif,./U3Si5/__initial__/86/xtal_47.cif,-54.759113,32.687687
xtal_48.cif,./U3Si5/__initial__/86/xtal_48.cif,97.82785,52.06693
xtal_49.cif,./U3Si5/__initial__/86/xtal_49.cif,97.30085,-27.600815
xtal_5.cif,./U3Si5/__initial__/86/xtal_5.cif,81.460846,-19.003918
xtal_50.cif,./U3Si5/__initial__/86/xtal_50.cif,44.34081,-78.640495
xtal_51.cif,./U3Si5/__initial__/86/xtal_51.cif,-30.181337,69.079
xtal_52.cif,./U3Si5/__initial__/86/xtal_52.cif,64.618935,22.869886
xtal_53.cif,./U3Si5/__initial__/86/xtal_53.cif,-29.80033,-74.92848
xtal_56.cif,./U3Si5/__initial__/86/xtal_56.cif,-10.7639475,-97.46397
xtal_57.cif,./U3Si5/__initial__/86/xtal_57.cif,-40.318268,52.47216
xtal_58.cif,./U3Si5/__initial__/86/xtal_58.cif,-97.739975,10.383606
xtal_59.cif,./U3Si5/__initial__/86/xtal_59.cif,78.05208,-66.867256
xtal_60.cif,./U3Si5/__initial__/86/xtal_60.cif,-18.636305,11.691428
xtal_61.cif,./U3Si5/__initial__/86/xtal_61.cif,-5.193126,-73.391716
xtal_63.cif,./U3Si5/__initial__/86/xtal_63.cif,-94.721985,-10.856977
xtal_64.cif,./U3Si5/__initial__/86/xtal_64.cif,-92.21535,-34.480534
xtal_65.cif,./U3Si5/__initial__/86/xtal_65.cif,97.77813,-45.070393
xtal_66.cif,./U3Si5/__initial__/86/xtal_66.cif,-6.3880987,49.773438
xtal_67.cif,./U3Si5/__initial__/86/xtal_67.cif,-23.935106,67.702446
xtal_68.cif,./U3Si5/__initial__/86/xtal_68.cif,-38.39388,-89.26859
xtal_7.cif,./U3Si5/__initial__/86/xtal_7.cif,53.42802,-42.30347
xtal_70.cif,./U3Si5/__initial__/86/xtal_70.cif,61.45411,20.439564
xtal_71.cif,./U3Si5/__initial__/86/xtal_71.cif,30.23516,-79.72761
xtal_72.cif,./U3Si5/__initial__/86/xtal_72.cif,-31.54056,53.85095
xtal_74.cif,./U3Si5/__initial__/86/xtal_74.cif,-29.6401,-68.680374
xtal_76.cif,./U3Si5/__initial__/86/xtal_76.cif,-55.059864,-12.903299
xtal_77.cif,./U3Si5/__initial__/86/xtal_77.cif,65.07453,-43.15574
xtal_78.cif,./U3Si5/__initial__/86/xtal_78.cif,91.46284,-7.4717913
xtal_79.cif,./U3Si5/__initial__/86/xtal_79.cif,80.12037,-21.245453
xtal_8.cif,./U3Si5/__initial__/86/xtal_8.cif,-58.954796,37.07273
xtal_80.cif,./U3Si5/__initial__/86/xtal_80.cif,-70.63574,44.23987
xtal_82.cif,./U3Si5/86/xtal_82.cif,-82.1044,-8.693165
xtal_83.cif,./U3Si5/86/xtal_83.cif,-79.879135,23.191692
xtal_84.cif,./U3Si5/__initial__/86/xtal_84.cif,-47.59546,-4.3291063
xtal_85.cif,./U3Si5/__initial__/86/xtal_85.cif,-17.949091,-93.7319
xtal_87.cif,./U3Si5/86/xtal_87.cif,-70.29734,5.4956594
xtal_89.cif,./U3Si5/__initial__/86/xtal_89.cif,63.49983,14.6684065
xtal_9.cif,./U3Si5/__initial__/86/xtal_9.cif,-20.809252,52.99535
xtal_90.cif,./U3Si5/__initial__/86/xtal_90.cif,-65.07415,-56.981857
xtal_91.cif,./U3Si5/__initial__/86/xtal_91.cif,-32.439606,-21.05377
xtal_92.cif,./U3Si5/__initial__/86/xtal_92.cif,0.1897551,78.12428
xtal_93.cif,./U3Si5/__initial__/86/xtal_93.cif,-56.678387,1.3726063
xtal_94.cif,./U3Si5/__initial__/86/xtal_94.cif,-42.30338,5.7113776
xtal_95.cif,./U3Si5/__initial__/86/xtal_95.cif,-52.894775,-15.879421
xtal_97.cif,./U3Si5/__initial__/86/xtal_97.cif,112.39055,16.644665
xtal_98.cif,./U3Si5/__initial__/86/xtal_98.cif,-57.97437,-17.316566
xtal_99.cif,./U3Si5/__initial__/86/xtal_99.cif,-32.62606,-56.070007
xtal_10.cif,./U3Si5/__initial__/87/xtal_10.cif,-21.261753,15.109799
xtal_12.cif,./U3Si5/__initial__/87/xtal_12.cif,89.26248,11.739374
xtal_16.cif,./U3Si5/__initial__/87/xtal_16.cif,113.1147,28.628027
xtal_17.cif,./U3Si5/__initial__/87/xtal_17.cif,-72.72028,73.14514
xtal_27.cif,./U3Si5/__initial__/87/xtal_27.cif,-14.22879,66.528465
xtal_29.cif,./U3Si5/__initial__/87/xtal_29.cif,56.285637,27.831154
xtal_30.cif,./U3Si5/__initial__/87/xtal_30.cif,43.731422,-11.826919
xtal_32.cif,./U3Si5/__initial__/87/xtal_32.cif,69.508804,33.867317
xtal_33.cif,./U3Si5/__initial__/87/xtal_33.cif,111.060715,29.479631
xtal_35.cif,./U3Si5/__initial__/87/xtal_35.cif,96.9036,4.0998507
xtal_36.cif,./U3Si5/__initial__/87/xtal_36.cif,105.73768,22.59039
xtal_37.cif,./U3Si5/__initial__/87/xtal_37.cif,68.94876,33.417065
xtal_46.cif,./U3Si5/__initial__/87/xtal_46.cif,113.38797,10.164771
xtal_47.cif,./U3Si5/__initial__/87/xtal_47.cif,4.7911806,106.162834
xtal_51.cif,./U3Si5/87/xtal_51.cif,85.41174,38.059788
xtal_6.cif,./U3Si5/__initial__/87/xtal_6.cif,92.24169,60.29749
xtal_60.cif,./U3Si5/__initial__/87/xtal_60.cif,55.035816,-85.720695
xtal_62.cif,./U3Si5/__initial__/87/xtal_62.cif,83.35236,65.956604
xtal_63.cif,./U3Si5/__initial__/87/xtal_63.cif,-26.206749,28.115479
xtal_67.cif,./U3Si5/__initial__/87/xtal_67.cif,-19.848959,95.561005
xtal_7.cif,./U3Si5/__initial__/87/xtal_7.cif,41.168297,-60.524693
xtal_70.cif,./U3Si5/__initial__/87/xtal_70.cif,79.15512,57.757416
xtal_71.cif,./U3Si5/__initial__/87/xtal_71.cif,76.05666,-51.587383
xtal_74.cif,./U3Si5/__initial__/87/xtal_74.cif,-69.31836,39.38191
xtal_77.cif,./U3Si5/__initial__/87/xtal_77.cif,76.356285,-14.109354
xtal_78.cif,./U3Si5/__initial__/87/xtal_78.cif,112.31723,16.70153
xtal_80.cif,./U3Si5/__initial__/87/xtal_80.cif,-20.241955,64.96787
xtal_83.cif,./U3Si5/__initial__/87/xtal_83.cif,-1.0995191,104.29426
xtal_86.cif,./U3Si5/__initial__/87/xtal_86.cif,88.621254,49.35172
xtal_89.cif,./U3Si5/__initial__/87/xtal_89.cif,87.13338,60.28374
xtal_9.cif,./U3Si5/__initial__/87/xtal_9.cif,92.70796,61.50297
xtal_90.cif,./U3Si5/__initial__/87/xtal_90.cif,-23.506216,91.11666
xtal_91.cif,./U3Si5/__initial__/87/xtal_91.cif,-1.6937191,85.97491
xtal_94.cif,./U3Si5/__initial__/87/xtal_94.cif,116.06043,29.331474
xtal_95.cif,./U3Si5/__initial__/87/xtal_95.cif,85.46938,58.888355
xtal_99.cif,./U3Si5/__initial__/87/xtal_99.cif,-43.881382,85.286575
xtal_1.cif,./U3Si5/__initial__/89/xtal_1.cif,-50.46733,6.386906
xtal_100.cif,./U3Si5/__initial__/89/xtal_100.cif,-8.718517,21.477247
xtal_11.cif,./U3Si5/__initial__/89/xtal_11.cif,45.05362,-4.888212
xtal_13.cif,./U3Si5/__initial__/89/xtal_13.cif,106.56537,-13.624458
xtal_14.cif,./U3Si5/__initial__/89/xtal_14.cif,71.627045,29.6177
xtal_15.cif,./U3Si5/__initial__/89/xtal_15.cif,90.58722,-10.741678
xtal_16.cif,./U3Si5/__initial__/89/xtal_16.cif,88.02281,-53.227943
xtal_17.cif,./U3Si5/__initial__/89/xtal_17.cif,85.79128,38.32826
xtal_18.cif,./U3Si5/__initial__/89/xtal_18.cif,59.079834,24.023195
xtal_19.cif,./U3Si5/__initial__/89/xtal_19.cif,-0.84297496,-92.48213
xtal_2.cif,./U3Si5/__initial__/89/xtal_2.cif,91.72269,-10.571423
xtal_23.cif,./U3Si5/__initial__/89/xtal_23.cif,88.45139,18.87047
xtal_25.cif,./U3Si5/89/xtal_25.cif,-85.28591,24.82869
xtal_27.cif,./U3Si5/89/xtal_27.cif,12.122615,64.59932
xtal_28.cif,./U3Si5/__initial__/89/xtal_28.cif,52.881023,18.604158
xtal_29.cif,./U3Si5/__initial__/89/xtal_29.cif,2.1707199,82.50758
xtal_30.cif,./U3Si5/__initial__/89/xtal_30.cif,49.926895,-18.385834
xtal_31.cif,./U3Si5/__initial__/89/xtal_31.cif,74.63782,12.310462
xtal_36.cif,./U3Si5/__initial__/89/xtal_36.cif,-18.880167,89.11677
xtal_37.cif,./U3Si5/__initial__/89/xtal_37.cif,-25.802988,49.310543
xtal_38.cif,./U3Si5/__initial__/89/xtal_38.cif,-38.266445,14.390713
xtal_39.cif,./U3Si5/__initial__/89/xtal_39.cif,78.79482,43.518635
xtal_41.cif,./U3Si5/89/xtal_41.cif,77.38105,54.665436
xtal_42.cif,./U3Si5/__initial__/89/xtal_42.cif,-10.475976,-69.297226
xtal_46.cif,./U3Si5/__initial__/89/xtal_46.cif,55.93558,-67.419685
xtal_47.cif,./U3Si5/__initial__/89/xtal_47.cif,-39.877815,13.805022
xtal_48.cif,./U3Si5/__initial__/89/xtal_48.cif,-48.005817,-45.16891
xtal_49.cif,./U3Si5/__initial__/89/xtal_49.cif,80.67775,-38.409157
xtal_5.cif,./U3Si5/__initial__/89/xtal_5.cif,111.66613,16.549109
xtal_52.cif,./U3Si5/__initial__/89/xtal_52.cif,70.78268,4.182359
xtal_53.cif,./U3Si5/__initial__/89/xtal_53.cif,93.81733,-3.214831
xtal_54.cif,./U3Si5/__initial__/89/xtal_54.cif,86.3811,-51.756203
xtal_55.cif,./U3Si5/__initial__/89/xtal_55.cif,93.426865,68.103516
xtal_56.cif,./U3Si5/__initial__/89/xtal_56.cif,67.628105,46.155365
xtal_57.cif,./U3Si5/__initial__/89/xtal_57.cif,-29.821453,-61.582367
xtal_59.cif,./U3Si5/__initial__/89/xtal_59.cif,88.0139,-28.688744
xtal_6.cif,./U3Si5/__initial__/89/xtal_6.cif,-40.4488,-76.20633
xtal_60.cif,./U3Si5/__initial__/89/xtal_60.cif,-29.390179,76.75747
xtal_61.cif,./U3Si5/__initial__/89/xtal_61.cif,-38.044827,-45.62792
xtal_64.cif,./U3Si5/__initial__/89/xtal_64.cif,-8.693226,-52.883034
xtal_65.cif,./U3Si5/__initial__/89/xtal_65.cif,69.20531,5.103509
xtal_66.cif,./U3Si5/__initial__/89/xtal_66.cif,63.522194,-28.112293
xtal_69.cif,./U3Si5/__initial__/89/xtal_69.cif,97.51454,43.12595
xtal_7.cif,./U3Si5/__initial__/89/xtal_7.cif,63.47695,-85.166275
xtal_70.cif,./U3Si5/89/xtal_70.cif,-76.64762,48.010788
xtal_71.cif,./U3Si5/__initial__/89/xtal_71.cif,-4.751852,18.615013
xtal_72.cif,./U3Si5/__initial__/89/xtal_72.cif,87.37708,59.80662
xtal_74.cif,./U3Si5/__initial__/89/xtal_74.cif,-61.62621,39.25543
xtal_75.cif,./U3Si5/__initial__/89/xtal_75.cif,-31.814114,29.765614
xtal_76.cif,./U3Si5/__initial__/89/xtal_76.cif,15.747959,-93.165215
xtal_77.cif,./U3Si5/__initial__/89/xtal_77.cif,-37.366436,80.14049
xtal_79.cif,./U3Si5/__initial__/89/xtal_79.cif,-37.981613,43.347416
xtal_8.cif,./U3Si5/__initial__/89/xtal_8.cif,59.895603,-13.684237
xtal_80.cif,./U3Si5/__initial__/89/xtal_80.cif,22.471746,-46.642517
xtal_81.cif,./U3Si5/__initial__/89/xtal_81.cif,51.51816,-22.85726
xtal_82.cif,./U3Si5/89/xtal_82.cif,-42.752563,-45.958973
xtal_83.cif,./U3Si5/__initial__/89/xtal_83.cif,-36.336445,40.217476
xtal_84.cif,./U3Si5/__initial__/89/xtal_84.cif,49.8307,-40.290096
xtal_85.cif,./U3Si5/__initial__/89/xtal_85.cif,82.367325,-25.19251
xtal_87.cif,./U3Si5/__initial__/89/xtal_87.cif,95.71174,18.410162
xtal_9.cif,./U3Si5/__initial__/89/xtal_9.cif,-18.273771,85.41056
xtal_91.cif,./U3Si5/__initial__/89/xtal_91.cif,88.909164,10.237205
xtal_92.cif,./U3Si5/__initial__/89/xtal_92.cif,87.88681,58.609264
xtal_94.cif,./U3Si5/__initial__/89/xtal_94.cif,61.43134,14.462141
xtal_95.cif,./U3Si5/__initial__/89/xtal_95.cif,-49.847317,-6.510786
xtal_97.cif,./U3Si5/__initial__/89/xtal_97.cif,-40.713654,-76.4733
xtal_98.cif,./U3Si5/__initial__/89/xtal_98.cif,0.66566795,62.190887
xtal_99.cif,./U3Si5/__initial__/89/xtal_99.cif,64.81811,35.059853
xtal_1.cif,./U3Si5/__initial__/90/xtal_1.cif,59.560905,-82.29279
xtal_10.cif,./U3Si5/__initial__/90/xtal_10.cif,54.467842,13.336918
xtal_11.cif,./U3Si5/__initial__/90/xtal_11.cif,-85.943306,-13.567262
xtal_12.cif,./U3Si5/__initial__/90/xtal_12.cif,106.84457,20.693283
xtal_13.cif,./U3Si5/__initial__/90/xtal_13.cif,95.198685,-5.1243753
xtal_17.cif,./U3Si5/__initial__/90/xtal_17.cif,-10.440573,82.72572
xtal_18.cif,./U3Si5/__initial__/90/xtal_18.cif,-53.51233,-9.443802
xtal_19.cif,./U3Si5/__initial__/90/xtal_19.cif,6.0062246,-45.764168
xtal_20.cif,./U3Si5/__initial__/90/xtal_20.cif,59.897892,-13.700408
xtal_21.cif,./U3Si5/__initial__/90/xtal_21.cif,-28.507334,68.843414
xtal_22.cif,./U3Si5/__initial__/90/xtal_22.cif,-24.683443,13.372183
xtal_23.cif,./U3Si5/__initial__/90/xtal_23.cif,81.35052,-53.932777
xtal_24.cif,./U3Si5/__initial__/90/xtal_24.cif,111.00476,-1.8142332
xtal_26.cif,./U3Si5/__initial__/90/xtal_26.cif,-29.353464,-14.909022
xtal_27.cif,./U3Si5/__initial__/90/xtal_27.cif,92.32505,-10.994142
xtal_28.cif,./U3Si5/__initial__/90/xtal_28.cif,-39.138794,-91.17153
xtal_29.cif,./U3Si5/__initial__/90/xtal_29.cif,101.833046,-35.911922
xtal_3.cif,./U3Si5/__initial__/90/xtal_3.cif,47.470573,20.289469
xtal_30.cif,./U3Si5/__initial__/90/xtal_30.cif,4.9803114,101.75755
xtal_31.cif,./U3Si5/__initial__/90/xtal_31.cif,95.604935,-5.777709
xtal_32.cif,./U3Si5/__initial__/90/xtal_32.cif,-73.55953,-48.026905
xtal_35.cif,./U3Si5/__initial__/90/xtal_35.cif,88.086586,57.204006
xtal_36.cif,./U3Si5/__initial__/90/xtal_36.cif,75.30213,61.389984
xtal_39.cif,./U3Si5/__initial__/90/xtal_39.cif,-34.379986,20.619625
xtal_45.cif,./U3Si5/__initial__/90/xtal_45.cif,-31.63948,63.86986
xtal_47.cif,./U3Si5/__initial__/90/xtal_47.cif,80.210236,58.803864
xtal_5.cif,./U3Si5/90/xtal_5.cif,8.399823,-12.4235
xtal_51.cif,./U3Si5/90/xtal_51.cif,-77.59488,53.56047
xtal_55.cif,./U3Si5/__initial__/90/xtal_55.cif,-53.795498,-70.65946
xtal_57.cif,./U3Si5/__initial__/90/xtal_57.cif,-28.77605,71.05986
xtal_6.cif,./U3Si5/__initial__/90/xtal_6.cif,95.141205,-14.023892
xtal_60.cif,./U3Si5/__initial__/90/xtal_60.cif,77.92907,40.55651
xtal_61.cif,./U3Si5/__initial__/90/xtal_61.cif,-43.633842,15.282136
xtal_62.cif,./U3Si5/__initial__/90/xtal_62.cif,48.370842,21.550058
xtal_64.cif,./U3Si5/__initial__/90/xtal_64.cif,-36.39599,80.67373
xtal_66.cif,./U3Si5/__initial__/90/xtal_66.cif,-36.576782,32.902435
xtal_68.cif,./U3Si5/__initial__/90/xtal_68.cif,-16.344896,-78.76841
xtal_69.cif,./U3Si5/__initial__/90/xtal_69.cif,-6.7593527,73.38207
xtal_7.cif,./U3Si5/90/xtal_7.cif,-57.01114,87.20419
xtal_70.cif,./U3Si5/__initial__/90/xtal_70.cif,72.02069,-41.95427
xtal_71.cif,./U3Si5/__initial__/90/xtal_71.cif,68.93038,-44.80014
xtal_72.cif,./U3Si5/__initial__/90/xtal_72.cif,49.102863,27.253412
xtal_73.cif,./U3Si5/__initial__/90/xtal_73.cif,-8.3066225,17.7029
xtal_74.cif,./U3Si5/__initial__/90/xtal_74.cif,105.064735,12.925149
xtal_75.cif,./U3Si5/__initial__/90/xtal_75.cif,-49.41693,52.823387
xtal_76.cif,./U3Si5/__initial__/90/xtal_76.cif,59.65604,-12.224576
xtal_77.cif,./U3Si5/__initial__/90/xtal_77.cif,57.427994,15.112553
xtal_79.cif,./U3Si5/__initial__/90/xtal_79.cif,59.5925,-30.543753
xtal_8.cif,./U3Si5/__initial__/90/xtal_8.cif,-43.536568,51.994473
xtal_80.cif,./U3Si5/__initial__/90/xtal_80.cif,-34.294712,12.983263
xtal_81.cif,./U3Si5/__initial__/90/xtal_81.cif,-7.3409457,76.66517
xtal_83.cif,./U3Si5/__initial__/90/xtal_83.cif,40.504784,8.279101
xtal_85.cif,./U3Si5/__initial__/90/xtal_85.cif,108.04074,17.32709
xtal_86.cif,./U3Si5/__initial__/90/xtal_86.cif,105.26792,-40.92484
xtal_87.cif,./U3Si5/__initial__/90/xtal_87.cif,80.20026,50.59085
xtal_88.cif,./U3Si5/__initial__/90/xtal_88.cif,99.63712,15.983607
xtal_89.cif,./U3Si5/__initial__/90/xtal_89.cif,83.563324,-73.88464
xtal_9.cif,./U3Si5/__initial__/90/xtal_9.cif,47.47581,2.4970295
xtal_91.cif,./U3Si5/__initial__/90/xtal_91.cif,94.924065,-22.470789
xtal_92.cif,./U3Si5/90/xtal_92.cif,-41.904205,-45.955826
xtal_94.cif,./U3Si5/__initial__/90/xtal_94.cif,-33.83294,5.428431
xtal_96.cif,./U3Si5/__initial__/90/xtal_96.cif,-62.529896,48.084976
xtal_97.cif,./U3Si5/__initial__/90/xtal_97.cif,67.93228,34.633587
xtal_98.cif,./U3Si5/__initial__/90/xtal_98.cif,104.22229,-3.138777
xtal_1.cif,./U3Si5/__initial__/93/xtal_1.cif,-28.35388,10.631272
xtal_10.cif,./U3Si5/__initial__/93/xtal_10.cif,46.06819,6.9554834
xtal_11.cif,./U3Si5/__initial__/93/xtal_11.cif,-28.796083,77.50269
xtal_12.cif,./U3Si5/__initial__/93/xtal_12.cif,-33.911636,-47.62439
xtal_13.cif,./U3Si5/__initial__/93/xtal_13.cif,-30.141119,-36.703358
xtal_14.cif,./U3Si5/93/xtal_14.cif,-5.0868154,-21.961395
xtal_15.cif,./U3Si5/93/xtal_15.cif,-62.58005,53.563343
xtal_18.cif,./U3Si5/__initial__/93/xtal_18.cif,57.964836,-70.91691
xtal_20.cif,./U3Si5/__initial__/93/xtal_20.cif,-59.817802,14.185007
xtal_22.cif,./U3Si5/__initial__/93/xtal_22.cif,-17.645922,19.641226
xtal_24.cif,./U3Si5/__initial__/93/xtal_24.cif,77.608505,-42.184586
xtal_26.cif,./U3Si5/93/xtal_26.cif,-9.186573,2.703615
xtal_27.cif,./U3Si5/__initial__/93/xtal_27.cif,-37.652542,-5.673004
xtal_28.cif,./U3Si5/__initial__/93/xtal_28.cif,45.968353,7.248318
xtal_29.cif,./U3Si5/93/xtal_29.cif,-79.13104,35.053562
xtal_3.cif,./U3Si5/__initial__/93/xtal_3.cif,-47.394855,-42.828194
xtal_30.cif,./U3Si5/__initial__/93/xtal_30.cif,68.50289,-50.43497
xtal_31.cif,./U3Si5/93/xtal_31.cif,41.39769,-27.035915
xtal_32.cif,./U3Si5/__initial__/93/xtal_32.cif,-71.37929,-48.655006
xtal_33.cif,./U3Si5/__initial__/93/xtal_33.cif,84.79269,26.761093
xtal_34.cif,./U3Si5/__initial__/93/xtal_34.cif,95.239685,-39.648426
xtal_35.cif,./U3Si5/__initial__/93/xtal_35.cif,-30.020285,75.58569
xtal_36.cif,./U3Si5/__initial__/93/xtal_36.cif,-31.333307,46.167458
xtal_37.cif,./U3Si5/93/xtal_37.cif,-87.298355,46.321003
xtal_40.cif,./U3Si5/__initial__/93/xtal_40.cif,-45.195076,-79.23303
xtal_42.cif,./U3Si5/__initial__/93/xtal_42.cif,-33.069107,-66.92728
xtal_43.cif,./U3Si5/__initial__/93/xtal_43.cif,-56.49975,43.073826
xtal_45.cif,./U3Si5/__initial__/93/xtal_45.cif,-51.639038,8.822846
xtal_46.cif,./U3Si5/__initial__/93/xtal_46.cif,47.63636,-60.842678
xtal_48.cif,./U3Si5/__initial__/93/xtal_48.cif,104.20671,-4.6400337
xtal_49.cif,./U3Si5/__initial__/93/xtal_49.cif,63.40237,27.243141
xtal_5.cif,./U3Si5/__initial__/93/xtal_5.cif,-43.374325,-22.733273
xtal_51.cif,./U3Si5/__initial__/93/xtal_51.cif,56.120148,26.830986
xtal_57.cif,./U3Si5/__initial__/93/xtal_57.cif,40.039074,7.6461334
xtal_6.cif,./U3Si5/__initial__/93/xtal_6.cif,5.490197,63.481934
xtal_60.cif,./U3Si5/__initial__/93/xtal_60.cif,-44.82442,23.174847
xtal_62.cif,./U3Si5/__initial__/93/xtal_62.cif,50.534016,-47.06447
xtal_65.cif,./U3Si5/__initial__/93/xtal_65.cif,59.53988,-6.2532067
xtal_66.cif,./U3Si5/__initial__/93/xtal_66.cif,-64.59669,-13.618655
xtal_67.cif,./U3Si5/__initial__/93/xtal_67.cif,-48.273922,20.611994
xtal_68.cif,./U3Si5/__initial__/93/xtal_68.cif,-27.801651,67.31129
xtal_69.cif,./U3Si5/__initial__/93/xtal_69.cif,107.45942,-20.369122
xtal_7.cif,./U3Si5/__initial__/93/xtal_7.cif,93.17548,31.458366
xtal_71.cif,./U3Si5/__initial__/93/xtal_71.cif,64.317635,36.854095
xtal_72.cif,./U3Si5/__initial__/93/xtal_72.cif,2.5885305,69.296394
xtal_76.cif,./U3Si5/93/xtal_76.cif,62.874912,-19.496063
xtal_81.cif,./U3Si5/__initial__/93/xtal_81.cif,-51.15811,25.10681
xtal_82.cif,./U3Si5/__initial__/93/xtal_82.cif,29.472263,-24.568733
xtal_84.cif,./U3Si5/93/xtal_84.cif,-30.783636,-0.9253505
xtal_85.cif,./U3Si5/93/xtal_85.cif,-56.817486,74.292404
xtal_86.cif,./U3Si5/__initial__/93/xtal_86.cif,72.35723,-28.99017
xtal_87.cif,./U3Si5/__initial__/93/xtal_87.cif,-43.57616,15.498612
xtal_88.cif,./U3Si5/__initial__/93/xtal_88.cif,-27.927658,88.13981
xtal_89.cif,./U3Si5/__initial__/93/xtal_89.cif,93.811295,25.293268
xtal_9.cif,./U3Si5/__initial__/93/xtal_9.cif,-37.936653,41.225124
xtal_92.cif,./U3Si5/__initial__/93/xtal_92.cif,16.238796,-60.180153
xtal_94.cif,./U3Si5/__initial__/93/xtal_94.cif,-48.141148,-2.621449
xtal_95.cif,./U3Si5/__initial__/93/xtal_95.cif,-17.698042,-73.869415
xtal_96.cif,./U3Si5/__initial__/93/xtal_96.cif,-51.733616,8.664906
xtal_97.cif,./U3Si5/__initial__/93/xtal_97.cif,-29.782038,18.403662
xtal_98.cif,./U3Si5/__initial__/93/xtal_98.cif,-2.129724,90.28875
xtal_99.cif,./U3Si5/__initial__/93/xtal_99.cif,115.14899,25.62836
xtal_1.cif,./U3Si5/__initial__/94/xtal_1.cif,47.11148,-91.87223
xtal_10.cif,./U3Si5/__initial__/94/xtal_10.cif,89.3687,2.9049163
xtal_100.cif,./U3Si5/__initial__/94/xtal_100.cif,40.047184,-57.862507
xtal_11.cif,./U3Si5/__initial__/94/xtal_11.cif,60.923676,8.999172
xtal_12.cif,./U3Si5/__initial__/94/xtal_12.cif,-64.75094,-1.7370238
xtal_13.cif,./U3Si5/__initial__/94/xtal_13.cif,-23.398655,41.91217
xtal_14.cif,./U3Si5/__initial__/94/xtal_14.cif,61.871304,-79.126656
xtal_15.cif,./U3Si5/__initial__/94/xtal_15.cif,25.766146,-51.26185
xtal_16.cif,./U3Si5/94/xtal_16.cif,-6.2443676,-21.18904
xtal_17.cif,./U3Si5/__initial__/94/xtal_17.cif,-25.749647,49.74784
xtal_18.cif,./U3Si5/__initial__/94/xtal_18.cif,72.48712,4.159599
xtal_19.cif,./U3Si5/__initial__/94/xtal_19.cif,-29.121567,-86.29612
xtal_2.cif,./U3Si5/__initial__/94/xtal_2.cif,97.14651,-51.146854
xtal_20.cif,./U3Si5/__initial__/94/xtal_20.cif,61.35412,-82.83852
xtal_21.cif,./U3Si5/__initial__/94/xtal_21.cif,-30.572777,3.7027488
xtal_22.cif,./U3Si5/__initial__/94/xtal_22.cif,-22.739193,13.96059
xtal_23.cif,./U3Si5/__initial__/94/xtal_23.cif,-23.621038,73.23007
xtal_24.cif,./U3Si5/__initial__/94/xtal_24.cif,37.75861,-87.66376
xtal_25.cif,./U3Si5/__initial__/94/xtal_25.cif,-62.51944,-68.78631
xtal_26.cif,./U3Si5/__initial__/94/xtal_26.cif,3.9532633,-61.34734
xtal_27.cif,./U3Si5/__initial__/94/xtal_27.cif,64.18666,-78.176315
xtal_28.cif,./U3Si5/__initial__/94/xtal_28.cif,49.162098,-4.2461066
xtal_29.cif,./U3Si5/__initial__/94/xtal_29.cif,46.388367,-76.218925
xtal_3.cif,./U3Si5/__initial__/94/xtal_3.cif,40.761215,-98.70128
xtal_30.cif,./U3Si5/__initial__/94/xtal_30.cif,83.90104,-74.81764
xtal_31.cif,./U3Si5/__initial__/94/xtal_31.cif,-78.575,-37.639397
xtal_32.cif,./U3Si5/__initial__/94/xtal_32.cif,54.982983,-80.061516
xtal_33.cif,./U3Si5/__initial__/94/xtal_33.cif,-45.31012,-79.27382
xtal_34.cif,./U3Si5/__initial__/94/xtal_34.cif,-56.593163,37.11805
xtal_35.cif,./U3Si5/94/xtal_35.cif,57.649178,7.410937
xtal_36.cif,./U3Si5/__initial__/94/xtal_36.cif,59.662094,-65.21318
xtal_37.cif,./U3Si5/__initial__/94/xtal_37.cif,58.26092,-25.344934
xtal_38.cif,./U3Si5/94/xtal_38.cif,50.708836,25.26543
xtal_39.cif,./U3Si5/__initial__/94/xtal_39.cif,31.460754,-77.619965
xtal_4.cif,./U3Si5/__initial__/94/xtal_4.cif,-29.414701,-53.134727
xtal_40.cif,./U3Si5/__initial__/94/xtal_40.cif,63.838017,-56.78988
xtal_41.cif,./U3Si5/__initial__/94/xtal_41.cif,56.586777,-68.80532
xtal_42.cif,./U3Si5/__initial__/94/xtal_42.cif,53.372852,-6.9875455
xtal_43.cif,./U3Si5/__initial__/94/xtal_43.cif,-27.46904,22.115915
xtal_44.cif,./U3Si5/__initial__/94/xtal_44.cif,9.90206,102.00967
xtal_45.cif,./U3Si5/__initial__/94/xtal_45.cif,-7.050711,67.32895
xtal_46.cif,./U3Si5/__initial__/94/xtal_46.cif,84.31662,-59.615887
xtal_47.cif,./U3Si5/__initial__/94/xtal_47.cif,41.9783,19.89838
xtal_48.cif,./U3Si5/__initial__/94/xtal_48.cif,-57.768974,-13.7156315
xtal_49.cif,./U3Si5/__initial__/94/xtal_49.cif,-67.14459,-4.6851754
xtal_5.cif,./U3Si5/__initial__/94/xtal_5.cif,55.66622,9.832311
xtal_50.cif,./U3Si5/__initial__/94/xtal_50.cif,17.780346,-106.983574
xtal_51.cif,./U3Si5/__initial__/94/xtal_51.cif,-30.238716,-3.2106502
xtal_52.cif,./U3Si5/__initial__/94/xtal_52.cif,-14.92637,75.59327
xtal_53.cif,./U3Si5/__initial__/94/xtal_53.cif,85.083755,26.529552
xtal_54.cif,./U3Si5/__initial__/94/xtal_54.cif,-26.05497,55.986725
xtal_55.cif,./U3Si5/__initial__/94/xtal_55.cif,69.80773,55.5958
xtal_56.cif,./U3Si5/__initial__/94/xtal_56.cif,-26.910675,52.95869
xtal_57.cif,./U3Si5/__initial__/94/xtal_57.cif,31.336933,-79.25074
xtal_58.cif,./U3Si5/__initial__/94/xtal_58.cif,-30.077578,-47.538357
xtal_59.cif,./U3Si5/__initial__/94/xtal_59.cif,81.06218,-60.621494
xtal_6.cif,./U3Si5/__initial__/94/xtal_6.cif,31.913109,-12.545355
xtal_60.cif,./U3Si5/94/xtal_60.cif,-14.968871,8.006617
xtal_61.cif,./U3Si5/__initial__/94/xtal_61.cif,-53.808132,-49.77041
xtal_62.cif,./U3Si5/__initial__/94/xtal_62.cif,87.64705,26.622265
xtal_63.cif,./U3Si5/__initial__/94/xtal_63.cif,-19.191256,-97.76789
xtal_64.cif,./U3Si5/__initial__/94/xtal_64.cif,-70.86281,-13.944633
xtal_65.cif,./U3Si5/__initial__/94/xtal_65.cif,43.963715,-12.065036
xtal_66.cif,./U3Si5/__initial__/94/xtal_66.cif,-25.720451,-84.650894
xtal_67.cif,./U3Si5/__initial__/94/xtal_67.cif,-26.017406,-11.206362
xtal_68.cif,./U3Si5/__initial__/94/xtal_68.cif,-30.686071,-62.00661
xtal_69.cif,./U3Si5/__initial__/94/xtal_69.cif,92.410446,-26.093464
xtal_7.cif,./U3Si5/94/xtal_7.cif,-57.90525,51.263916
xtal_70.cif,./U3Si5/__initial__/94/xtal_70.cif,-0.6291841,-83.29484
xtal_71.cif,./U3Si5/__initial__/94/xtal_71.cif,29.593,-64.41683
xtal_72.cif,./U3Si5/__initial__/94/xtal_72.cif,39.490353,-76.83882
xtal_73.cif,./U3Si5/__initial__/94/xtal_73.cif,79.11702,41.665188
xtal_74.cif,./U3Si5/__initial__/94/xtal_74.cif,18.816435,-48.103348
xtal_75.cif,./U3Si5/__initial__/94/xtal_75.cif,95.39699,-34.21329
xtal_76.cif,./U3Si5/__initial__/94/xtal_76.cif,-28.836864,-61.826153
xtal_77.cif,./U3Si5/__initial__/94/xtal_77.cif,-89.82395,13.744636
xtal_78.cif,./U3Si5/94/xtal_78.cif,-3.2737057,4.9429383
xtal_79.cif,./U3Si5/__initial__/94/xtal_79.cif,49.629692,-84.52599
xtal_8.cif,./U3Si5/__initial__/94/xtal_8.cif,69.49798,-56.918148
xtal_80.cif,./U3Si5/__initial__/94/xtal_80.cif,-82.35488,-18.51764
xtal_81.cif,./U3Si5/__initial__/94/xtal_81.cif,-0.00641424,-76.25915
xtal_82.cif,./U3Si5/__initial__/94/xtal_82.cif,8.644824,91.929405
xtal_83.cif,./U3Si5/__initial__/94/xtal_83.cif,-55.727406,-60.90976
xtal_84.cif,./U3Si5/94/xtal_84.cif,-76.56086,23.404789
xtal_85.cif,./U3Si5/__initial__/94/xtal_85.cif,-15.920856,-85.12161
xtal_86.cif,./U3Si5/__initial__/94/xtal_86.cif,55.007725,-3.046163
xtal_87.cif,./U3Si5/__initial__/94/xtal_87.cif,87.30961,16.226612
xtal_88.cif,./U3Si5/__initial__/94/xtal_88.cif,97.53899,-32.740005
xtal_89.cif,./U3Si5/__initial__/94/xtal_89.cif,-28.080425,17.282057
xtal_9.cif,./U3Si5/__initial__/94/xtal_9.cif,72.991066,-37.286053
xtal_90.cif,./U3Si5/94/xtal_90.cif,17.530962,26.352808
xtal_91.cif,./U3Si5/__initial__/94/xtal_91.cif,0.34613374,-76.77648
xtal_92.cif,./U3Si5/94/xtal_92.cif,-36.613037,-9.61632
xtal_93.cif,./U3Si5/__initial__/94/xtal_93.cif,-62.60884,44.451653
xtal_94.cif,./U3Si5/__initial__/94/xtal_94.cif,-52.294228,-14.980404
xtal_95.cif,./U3Si5/__initial__/94/xtal_95.cif,57.013523,-13.732251
xtal_96.cif,./U3Si5/__initial__/94/xtal_96.cif,65.41113,-64.92323
xtal_97.cif,./U3Si5/__initial__/94/xtal_97.cif,-73.66341,-25.553741
xtal_98.cif,./U3Si5/__initial__/94/xtal_98.cif,-102.363106,16.552584
xtal_99.cif,./U3Si5/__initial__/94/xtal_99.cif,50.302715,-29.729889
xtal_1.cif,./U3Si5/__initial__/97/xtal_1.cif,89.1192,44.405228
xtal_10.cif,./U3Si5/__initial__/97/xtal_10.cif,10.850554,-74.30238
xtal_100.cif,./U3Si5/__initial__/97/xtal_100.cif,18.644512,-66.378555
xtal_11.cif,./U3Si5/__initial__/97/xtal_11.cif,70.63196,9.129244
xtal_13.cif,./U3Si5/__initial__/97/xtal_13.cif,96.05011,-43.108246
xtal_14.cif,./U3Si5/__initial__/97/xtal_14.cif,115.80143,8.492788
xtal_15.cif,./U3Si5/__initial__/97/xtal_15.cif,-50.073563,93.175514
xtal_16.cif,./U3Si5/__initial__/97/xtal_16.cif,93.64108,67.02401
xtal_17.cif,./U3Si5/__initial__/97/xtal_17.cif,-39.74517,5.0532002
xtal_19.cif,./U3Si5/__initial__/97/xtal_19.cif,73.95467,-54.451656
xtal_2.cif,./U3Si5/__initial__/97/xtal_2.cif,70.90299,-49.748077
xtal_20.cif,./U3Si5/__initial__/97/xtal_20.cif,-43.170563,77.726616
xtal_21.cif,./U3Si5/__initial__/97/xtal_21.cif,117.61995,33.159897
xtal_22.cif,./U3Si5/__initial__/97/xtal_22.cif,93.72491,68.87279
xtal_23.cif,./U3Si5/__initial__/97/xtal_23.cif,78.16684,38.773956
xtal_24.cif,./U3Si5/__initial__/97/xtal_24.cif,104.938576,-0.49109536
xtal_25.cif,./U3Si5/__initial__/97/xtal_25.cif,-21.557386,-57.42031
xtal_26.cif,./U3Si5/__initial__/97/xtal_26.cif,98.40348,-43.409664
xtal_27.cif,./U3Si5/__initial__/97/xtal_27.cif,-54.343365,-17.22902
xtal_28.cif,./U3Si5/__initial__/97/xtal_28.cif,0.69041264,62.227345
xtal_29.cif,./U3Si5/__initial__/97/xtal_29.cif,65.79787,50.78173
xtal_3.cif,./U3Si5/__initial__/97/xtal_3.cif,115.90091,31.132395
xtal_30.cif,./U3Si5/__initial__/97/xtal_30.cif,-87.41877,10.327532
xtal_31.cif,./U3Si5/__initial__/97/xtal_31.cif,67.04847,23.35556
xtal_32.cif,./U3Si5/__initial__/97/xtal_32.cif,-18.900713,14.962107
xtal_33.cif,./U3Si5/__initial__/97/xtal_33.cif,-76.8508,-48.411816
xtal_34.cif,./U3Si5/__initial__/97/xtal_34.cif,46.364105,5.718459
xtal_35.cif,./U3Si5/__initial__/97/xtal_35.cif,-70.64115,-2.9411376
xtal_36.cif,./U3Si5/__initial__/97/xtal_36.cif,55.311428,-85.87024
xtal_37.cif,./U3Si5/__initial__/97/xtal_37.cif,-32.112373,6.50502
xtal_38.cif,./U3Si5/__initial__/97/xtal_38.cif,79.13127,-19.63649
xtal_39.cif,./U3Si5/__initial__/97/xtal_39.cif,-27.714882,14.811457
xtal_4.cif,./U3Si5/__initial__/97/xtal_4.cif,-27.4874,117.595085
xtal_41.cif,./U3Si5/__initial__/97/xtal_41.cif,91.73498,-1.8800565
xtal_42.cif,./U3Si5/__initial__/97/xtal_42.cif,89.22845,55.901867
xtal_43.cif,./U3Si5/__initial__/97/xtal_43.cif,-14.15614,111.381325
xtal_44.cif,./U3Si5/__initial__/97/xtal_44.cif,86.11273,-42.383003
xtal_46.cif,./U3Si5/__initial__/97/xtal_46.cif,72.21327,-28.245508
xtal_47.cif,./U3Si5/__initial__/97/xtal_47.cif,-26.26311,1.0783045
xtal_48.cif,./U3Si5/__initial__/97/xtal_48.cif,-17.985601,14.704675
xtal_49.cif,./U3Si5/__initial__/97/xtal_49.cif,-37.00112,36.672432
xtal_5.cif,./U3Si5/__initial__/97/xtal_5.cif,-67.98925,39.69587
xtal_50.cif,./U3Si5/__initial__/97/xtal_50.cif,-21.057886,-70.35443
xtal_51.cif,./U3Si5/__initial__/97/xtal_51.cif,95.10618,14.177492
xtal_52.cif,./U3Si5/__initial__/97/xtal_52.cif,37.618008,-85.83234
xtal_53.cif,./U3Si5/__initial__/97/xtal_53.cif,66.00425,-62.36063
xtal_54.cif,./U3Si5/__initial__/97/xtal_54.cif,-20.272255,48.1699
xtal_55.cif,./U3Si5/__initial__/97/xtal_55.cif,81.45483,-34.799896
xtal_57.cif,./U3Si5/__initial__/97/xtal_57.cif,-4.1411204,56.425365
xtal_58.cif,./U3Si5/__initial__/97/xtal_58.cif,87.18169,8.717933
xtal_59.cif,./U3Si5/__initial__/97/xtal_59.cif,-38.680622,92.995476
xtal_6.cif,./U3Si5/__initial__/97/xtal_6.cif,115.97581,30.219889
xtal_60.cif,./U3Si5/__initial__/97/xtal_60.cif,57.38708,-87.61183
xtal_61.cif,./U3Si5/__initial__/97/xtal_61.cif,90.142456,-8.693466
xtal_62.cif,./U3Si5/__initial__/97/xtal_62.cif,23.423689,-49.66274
xtal_63.cif,./U3Si5/__initial__/97/xtal_63.cif,3.0375311,-69.429344
xtal_64.cif,./U3Si5/__initial__/97/xtal_64.cif,5.3683033,-65.114456
xtal_65.cif,./U3Si5/__initial__/97/xtal_65.cif,96.42516,-17.248184
xtal_66.cif,./U3Si5/__initial__/97/xtal_66.cif,-28.832026,-28.16571
xtal_68.cif,./U3Si5/__initial__/97/xtal_68.cif,-29.052597,-5.323641
xtal_70.cif,./U3Si5/__initial__/97/xtal_70.cif,76.34962,-40.386074
xtal_71.cif,./U3Si5/__initial__/97/xtal_71.cif,0.31842506,63.44079
xtal_74.cif,./U3Si5/__initial__/97/xtal_74.cif,-32.871063,4.033654
xtal_75.cif,./U3Si5/__initial__/97/xtal_75.cif,-75.38729,-24.381783
xtal_76.cif,./U3Si5/__initial__/97/xtal_76.cif,-43.1925,45.197876
xtal_77.cif,./U3Si5/__initial__/97/xtal_77.cif,58.27334,-82.8372
xtal_78.cif,./U3Si5/__initial__/97/xtal_78.cif,-77.71616,-58.56889
xtal_79.cif,./U3Si5/__initial__/97/xtal_79.cif,104.87243,-13.064657
xtal_8.cif,./U3Si5/__initial__/97/xtal_8.cif,64.4434,35.555305
xtal_80.cif,./U3Si5/__initial__/97/xtal_80.cif,-36.99589,-83.42724
xtal_81.cif,./U3Si5/__initial__/97/xtal_81.cif,97.20744,-26.959143
xtal_83.cif,./U3Si5/__initial__/97/xtal_83.cif,63.660572,-25.754128
xtal_84.cif,./U3Si5/__initial__/97/xtal_84.cif,-73.69585,-26.170311
xtal_85.cif,./U3Si5/__initial__/97/xtal_85.cif,-30.416613,-5.66403
xtal_86.cif,./U3Si5/__initial__/97/xtal_86.cif,81.16596,-20.506212
xtal_87.cif,./U3Si5/__initial__/97/xtal_87.cif,-60.472996,34.044903
xtal_88.cif,./U3Si5/__initial__/97/xtal_88.cif,57.200035,28.311335
xtal_89.cif,./U3Si5/__initial__/97/xtal_89.cif,57.850506,-39.219177
xtal_9.cif,./U3Si5/__initial__/97/xtal_9.cif,62.367012,-45.885506
xtal_90.cif,./U3Si5/__initial__/97/xtal_90.cif,89.552704,54.548317
xtal_91.cif,./U3Si5/__initial__/97/xtal_91.cif,110.29051,5.7652364
xtal_92.cif,./U3Si5/__initial__/97/xtal_92.cif,-22.852491,38.543056
xtal_93.cif,./U3Si5/__initial__/97/xtal_93.cif,110.323364,7.7797246
xtal_94.cif,./U3Si5/__initial__/97/xtal_94.cif,-114.60739,8.433065
xtal_95.cif,./U3Si5/__initial__/97/xtal_95.cif,38.123016,-74.760765
xtal_96.cif,./U3Si5/__initial__/97/xtal_96.cif,-49.259285,0.6556041
xtal_97.cif,./U3Si5/__initial__/97/xtal_97.cif,109.5362,-7.4553876
xtal_99.cif,./U3Si5/__initial__/97/xtal_99.cif,-65.43384,65.66805
xtal_10.cif,./U3Si5/99/xtal_10.cif,67.67864,-54.12975
xtal_100.cif,./U3Si5/__initial__/99/xtal_100.cif,87.77301,16.275007
xtal_11.cif,./U3Si5/__initial__/99/xtal_11.cif,-45.705196,17.248833
xtal_12.cif,./U3Si5/99/xtal_12.cif,45.28287,-73.10591
xtal_13.cif,./U3Si5/__initial__/99/xtal_13.cif,61.334015,35.72486
xtal_17.cif,./U3Si5/__initial__/99/xtal_17.cif,54.141056,-1.1776254
xtal_18.cif,./U3Si5/__initial__/99/xtal_18.cif,66.16095,51.93556
xtal_2.cif,./U3Si5/__initial__/99/xtal_2.cif,-6.365983,49.288918
xtal_20.cif,./U3Si5/__initial__/99/xtal_20.cif,-6.1050763,50.69145
xtal_21.cif,./U3Si5/__initial__/99/xtal_21.cif,-24.165934,71.15381
xtal_22.cif,./U3Si5/__initial__/99/xtal_22.cif,51.531914,-68.35061
xtal_26.cif,./U3Si5/__initial__/99/xtal_26.cif,54.00786,0.85270256
xtal_27.cif,./U3Si5/__initial__/99/xtal_27.cif,21.614601,87.332886
xtal_28.cif,./U3Si5/__initial__/99/xtal_28.cif,63.85098,-42.884377
xtal_29.cif,./U3Si5/__initial__/99/xtal_29.cif,48.439663,11.377413
xtal_32.cif,./U3Si5/__initial__/99/xtal_32.cif,-64.2433,18.694536
xtal_34.cif,./U3Si5/99/xtal_34.cif,-26.920177,-2.9256587
xtal_35.cif,./U3Si5/__initial__/99/xtal_35.cif,4.8833013,24.747751
xtal_37.cif,./U3Si5/__initial__/99/xtal_37.cif,41.81518,92.011536
xtal_39.cif,./U3Si5/__initial__/99/xtal_39.cif,29.853653,42.7377
xtal_4.cif,./U3Si5/__initial__/99/xtal_4.cif,18.294538,19.510708
xtal_40.cif,./U3Si5/__initial__/99/xtal_40.cif,-31.528393,61.844437
xtal_41.cif,./U3Si5/__initial__/99/xtal_41.cif,67.94715,47.12243
xtal_43.cif,./U3Si5/99/xtal_43.cif,-70.70351,39.462364
xtal_44.cif,./U3Si5/__initial__/99/xtal_44.cif,49.84587,44.613712
xtal_45.cif,./U3Si5/__initial__/99/xtal_45.cif,-12.573165,-4.9861164
xtal_47.cif,./U3Si5/__initial__/99/xtal_47.cif,-34.169003,48.314766
xtal_48.cif,./U3Si5/__initial__/99/xtal_48.cif,36.072353,96.09248
xtal_5.cif,./U3Si5/__initial__/99/xtal_5.cif,50.953384,21.227922
xtal_50.cif,./U3Si5/99/xtal_50.cif,-69.72734,48.71877
xtal_51.cif,./U3Si5/__initial__/99/xtal_51.cif,46.87363,69.45949
xtal_52.cif,./U3Si5/__initial__/99/xtal_52.cif,48.7944,73.67711
xtal_53.cif,./U3Si5/99/xtal_53.cif,-0.9049683,60.902645
xtal_54.cif,./U3Si5/__initial__/99/xtal_54.cif,-22.788929,30.823881
xtal_55.cif,./U3Si5/__initial__/99/xtal_55.cif,5.2726884,-38.853027
xtal_56.cif,./U3Si5/__initial__/99/xtal_56.cif,8.143205,38.11357
xtal_57.cif,./U3Si5/__initial__/99/xtal_57.cif,-27.350986,-92.54794
xtal_59.cif,./U3Si5/__initial__/99/xtal_59.cif,29.595661,40.68184
xtal_6.cif,./U3Si5/__initial__/99/xtal_6.cif,-7.278096,74.07657
xtal_60.cif,./U3Si5/__initial__/99/xtal_60.cif,52.601425,72.1005
xtal_61.cif,./U3Si5/__initial__/99/xtal_61.cif,28.07425,81.17018
xtal_62.cif,./U3Si5/__initial__/99/xtal_62.cif,1.8277389,43.097584
xtal_64.cif,./U3Si5/99/xtal_64.cif,-29.336092,91.90238
xtal_66.cif,./U3Si5/__initial__/99/xtal_66.cif,32.8118,94.743195
xtal_70.cif,./U3Si5/__initial__/99/xtal_70.cif,54.180557,79.910805
xtal_71.cif,./U3Si5/__initial__/99/xtal_71.cif,41.69061,95.85022
xtal_74.cif,./U3Si5/__initial__/99/xtal_74.cif,110.46272,-17.189411
xtal_75.cif,./U3Si5/__initial__/99/xtal_75.cif,105.050735,38.18873
xtal_76.cif,./U3Si5/__initial__/99/xtal_76.cif,70.96921,-5.9293966
xtal_77.cif,./U3Si5/__initial__/99/xtal_77.cif,-4.577528,78.989426
xtal_79.cif,./U3Si5/99/xtal_79.cif,-62.576363,-38.3508
xtal_81.cif,./U3Si5/__initial__/99/xtal_81.cif,-24.570072,33.355213
xtal_82.cif,./U3Si5/__initial__/99/xtal_82.cif,24.222118,-10.147741
xtal_83.cif,./U3Si5/__initial__/99/xtal_83.cif,82.64031,-72.704796
xtal_85.cif,./U3Si5/99/xtal_85.cif,-84.30587,59.937695
xtal_86.cif,./U3Si5/__initial__/99/xtal_86.cif,42.06699,78.43758
xtal_87.cif,./U3Si5/__initial__/99/xtal_87.cif,88.482765,16.047659
xtal_88.cif,./U3Si5/__initial__/99/xtal_88.cif,23.592873,42.636547
xtal_89.cif,./U3Si5/__initial__/99/xtal_89.cif,-15.2958555,2.6777294
xtal_90.cif,./U3Si5/__initial__/99/xtal_90.cif,-7.935671,18.880981
xtal_92.cif,./U3Si5/__initial__/99/xtal_92.cif,84.99328,64.48037
xtal_93.cif,./U3Si5/__initial__/99/xtal_93.cif,44.014282,-15.345121
xtal_94.cif,./U3Si5/__initial__/99/xtal_94.cif,14.668578,40.90967
xtal_95.cif,./U3Si5/__initial__/99/xtal_95.cif,44.935444,-36.29608
xtal_96.cif,./U3Si5/__initial__/99/xtal_96.cif,27.602568,37.529488
xtal_97.cif,./U3Si5/__initial__/99/xtal_97.cif,22.996506,74.27595
xtal_98.cif,./U3Si5/__initial__/99/xtal_98.cif,-47.760406,77.95226
xtal_99.cif,./U3Si5/99/xtal_99.cif,-44.149868,-51.796513
xtal_11.cif,./U3Si5/__initial__/100/xtal_11.cif,-12.407975,69.33794
xtal_12.cif,./U3Si5/__initial__/100/xtal_12.cif,65.13398,61.18302
xtal_15.cif,./U3Si5/__initial__/100/xtal_15.cif,54.79126,81.87163
xtal_19.cif,./U3Si5/__initial__/100/xtal_19.cif,31.239582,66.62543
xtal_2.cif,./U3Si5/100/xtal_2.cif,-2.5424793,113.519035
xtal_22.cif,./U3Si5/__initial__/100/xtal_22.cif,11.614791,66.23686
xtal_23.cif,./U3Si5/__initial__/100/xtal_23.cif,77.40231,5.545867
xtal_24.cif,./U3Si5/__initial__/100/xtal_24.cif,36.1203,98.442085
xtal_28.cif,./U3Si5/__initial__/100/xtal_28.cif,60.49183,72.89295
xtal_3.cif,./U3Si5/__initial__/100/xtal_3.cif,63.28459,64.835846
xtal_32.cif,./U3Si5/__initial__/100/xtal_32.cif,45.670277,51.73233
xtal_35.cif,./U3Si5/__initial__/100/xtal_35.cif,75.13966,61.619244
xtal_4.cif,./U3Si5/__initial__/100/xtal_4.cif,11.171558,50.268875
xtal_41.cif,./U3Si5/__initial__/100/xtal_41.cif,63.22606,65.9157
xtal_42.cif,./U3Si5/__initial__/100/xtal_42.cif,40.626583,89.85903
xtal_45.cif,./U3Si5/__initial__/100/xtal_45.cif,21.392122,83.55475
xtal_46.cif,./U3Si5/__initial__/100/xtal_46.cif,43.509277,63.795246
xtal_48.cif,./U3Si5/__initial__/100/xtal_48.cif,3.2258348,58.51772
xtal_52.cif,./U3Si5/__initial__/100/xtal_52.cif,37.290077,90.70421
xtal_54.cif,./U3Si5/__initial__/100/xtal_54.cif,61.438232,48.84564
xtal_57.cif,./U3Si5/__initial__/100/xtal_57.cif,34.080967,78.90185
xtal_59.cif,./U3Si5/__initial__/100/xtal_59.cif,45.765865,79.88954
xtal_6.cif,./U3Si5/__initial__/100/xtal_6.cif,48.767345,81.70535
xtal_62.cif,./U3Si5/__initial__/100/xtal_62.cif,87.16356,60.34074
xtal_63.cif,./U3Si5/__initial__/100/xtal_63.cif,44.227783,100.180725
xtal_64.cif,./U3Si5/__initial__/100/xtal_64.cif,-21.596056,-48.701336
xtal_66.cif,./U3Si5/__initial__/100/xtal_66.cif,43.395123,30.12731
xtal_68.cif,./U3Si5/__initial__/100/xtal_68.cif,103.369095,27.184893
xtal_69.cif,./U3Si5/__initial__/100/xtal_69.cif,53.528545,79.41381
xtal_75.cif,./U3Si5/__initial__/100/xtal_75.cif,49.3496,73.98963
xtal_76.cif,./U3Si5/__initial__/100/xtal_76.cif,51.081482,77.275085
xtal_78.cif,./U3Si5/__initial__/100/xtal_78.cif,31.644623,94.218025
xtal_80.cif,./U3Si5/__initial__/100/xtal_80.cif,44.090656,28.364105
xtal_82.cif,./U3Si5/__initial__/100/xtal_82.cif,25.281727,69.33077
xtal_84.cif,./U3Si5/__initial__/100/xtal_84.cif,76.94804,7.998281
xtal_88.cif,./U3Si5/__initial__/100/xtal_88.cif,51.2346,1.0763762
xtal_9.cif,./U3Si5/__initial__/100/xtal_9.cif,80.33894,4.381551
xtal_90.cif,./U3Si5/__initial__/100/xtal_90.cif,61.502117,63.066174
xtal_92.cif,./U3Si5/__initial__/100/xtal_92.cif,18.08842,55.58607
xtal_94.cif,./U3Si5/__initial__/100/xtal_94.cif,74.92994,0.20814832
xtal_97.cif,./U3Si5/__initial__/100/xtal_97.cif,50.271954,78.17006
xtal_98.cif,./U3Si5/__initial__/100/xtal_98.cif,46.7869,31.098938
xtal_99.cif,./U3Si5/__initial__/100/xtal_99.cif,38.85101,97.52792
xtal_13.cif,./U3Si5/__initial__/101/xtal_13.cif,112.69837,16.872755
xtal_28.cif,./U3Si5/__initial__/101/xtal_28.cif,93.15276,70.70132
xtal_30.cif,./U3Si5/__initial__/101/xtal_30.cif,60.63677,63.899937
xtal_32.cif,./U3Si5/__initial__/101/xtal_32.cif,41.894943,92.86704
xtal_36.cif,./U3Si5/__initial__/101/xtal_36.cif,57.978664,71.83562
xtal_5.cif,./U3Si5/__initial__/101/xtal_5.cif,-3.0421855,19.28359
xtal_7.cif,./U3Si5/__initial__/101/xtal_7.cif,55.651234,78.88423
xtal_73.cif,./U3Si5/__initial__/101/xtal_73.cif,32.178604,56.78434
xtal_74.cif,./U3Si5/__initial__/101/xtal_74.cif,43.493664,57.94398
xtal_83.cif,./U3Si5/__initial__/101/xtal_83.cif,-6.828904,94.4939
xtal_87.cif,./U3Si5/__initial__/101/xtal_87.cif,45.007095,-39.87796
xtal_93.cif,./U3Si5/__initial__/101/xtal_93.cif,39.00847,76.71794
xtal_14.cif,./U3Si5/__initial__/102/xtal_14.cif,95.33399,-26.408243
xtal_15.cif,./U3Si5/__initial__/102/xtal_15.cif,-22.310457,55.331722
xtal_17.cif,./U3Si5/__initial__/102/xtal_17.cif,15.649765,40.00194
xtal_2.cif,./U3Si5/102/xtal_2.cif,-10.974285,1.8010105
xtal_21.cif,./U3Si5/__initial__/102/xtal_21.cif,-20.958923,-46.321926
xtal_25.cif,./U3Si5/__initial__/102/xtal_25.cif,-33.367943,-33.476513
xtal_26.cif,./U3Si5/__initial__/102/xtal_26.cif,37.16815,58.811657
xtal_28.cif,./U3Si5/__initial__/102/xtal_28.cif,73.72739,-74.717575
xtal_29.cif,./U3Si5/__initial__/102/xtal_29.cif,42.90758,30.65555
xtal_3.cif,./U3Si5/__initial__/102/xtal_3.cif,47.11001,69.20066
xtal_32.cif,./U3Si5/__initial__/102/xtal_32.cif,70.57299,-20.669615
xtal_34.cif,./U3Si5/__initial__/102/xtal_34.cif,99.61014,-44.28071
xtal_38.cif,./U3Si5/__initial__/102/xtal_38.cif,3.4634228,8.68055
xtal_39.cif,./U3Si5/__initial__/102/xtal_39.cif,69.82553,-18.31254
xtal_4.cif,./U3Si5/__initial__/102/xtal_4.cif,43.397797,77.62624
xtal_43.cif,./U3Si5/__initial__/102/xtal_43.cif,77.82625,13.085781
xtal_45.cif,./U3Si5/__initial__/102/xtal_45.cif,24.107897,1.2836263
xtal_47.cif,./U3Si5/102/xtal_47.cif,-9.183627,108.68084
xtal_5.cif,./U3Si5/__initial__/102/xtal_5.cif,44.301014,81.34823
xtal_50.cif,./U3Si5/__initial__/102/xtal_50.cif,81.979866,28.31538
xtal_53.cif,./U3Si5/__initial__/102/xtal_53.cif,42.884975,63.998043
xtal_54.cif,./U3Si5/__initial__/102/xtal_54.cif,72.06368,27.103739
xtal_56.cif,./U3Si5/__initial__/102/xtal_56.cif,56.37206,72.74745
xtal_60.cif,./U3Si5/__initial__/102/xtal_60.cif,22.775547,68.73448
xtal_61.cif,./U3Si5/__initial__/102/xtal_61.cif,35.433235,46.01721
xtal_62.cif,./U3Si5/__initial__/102/xtal_62.cif,72.68882,24.947714
xtal_63.cif,./U3Si5/__initial__/102/xtal_63.cif,48.27981,73.79765
xtal_66.cif,./U3Si5/__initial__/102/xtal_66.cif,39.00245,56.213425
xtal_68.cif,./U3Si5/__initial__/102/xtal_68.cif,40.877968,61.541164
xtal_7.cif,./U3Si5/__initial__/102/xtal_7.cif,0.1003545,101.033554
xtal_70.cif,./U3Si5/__initial__/102/xtal_70.cif,20.253544,37.066578
xtal_71.cif,./U3Si5/102/xtal_71.cif,-49.800552,74.24868
xtal_72.cif,./U3Si5/__initial__/102/xtal_72.cif,46.478855,83.626724
xtal_73.cif,./U3Si5/__initial__/102/xtal_73.cif,37.075565,89.14045
xtal_76.cif,./U3Si5/__initial__/102/xtal_76.cif,-4.839492,52.446102
xtal_79.cif,./U3Si5/__initial__/102/xtal_79.cif,76.287766,53.990543
xtal_8.cif,./U3Si5/__initial__/102/xtal_8.cif,77.38586,42.461906
xtal_80.cif,./U3Si5/__initial__/102/xtal_80.cif,-58.04921,6.796357
xtal_81.cif,./U3Si5/__initial__/102/xtal_81.cif,56.379784,27.593975
xtal_86.cif,./U3Si5/__initial__/102/xtal_86.cif,58.344845,70.562546
xtal_88.cif,./U3Si5/__initial__/102/xtal_88.cif,37.786884,42.5486
xtal_9.cif,./U3Si5/__initial__/102/xtal_9.cif,61.254112,52.969986
xtal_93.cif,./U3Si5/__initial__/102/xtal_93.cif,0.70507413,82.98485
xtal_94.cif,./U3Si5/__initial__/102/xtal_94.cif,20.072424,81.177345
xtal_96.cif,./U3Si5/__initial__/102/xtal_96.cif,27.010427,15.460424
xtal_98.cif,./U3Si5/__initial__/102/xtal_98.cif,24.668879,56.692078
xtal_1.cif,./U3Si5/__initial__/103/xtal_1.cif,-17.711739,14.755535
xtal_10.cif,./U3Si5/__initial__/103/xtal_10.cif,100.188644,-10.30487
xtal_100.cif,./U3Si5/__initial__/103/xtal_100.cif,67.62184,-42.020496
xtal_11.cif,./U3Si5/__initial__/103/xtal_11.cif,41.676365,27.387287
xtal_12.cif,./U3Si5/__initial__/103/xtal_12.cif,71.9709,-75.78854
xtal_14.cif,./U3Si5/__initial__/103/xtal_14.cif,31.244455,60.811302
xtal_16.cif,./U3Si5/__initial__/103/xtal_16.cif,66.56461,14.56663
xtal_17.cif,./U3Si5/__initial__/103/xtal_17.cif,117.69636,7.019753
xtal_18.cif,./U3Si5/__initial__/103/xtal_18.cif,104.65981,-3.1509945
xtal_19.cif,./U3Si5/__initial__/103/xtal_19.cif,20.119633,61.213478
xtal_2.cif,./U3Si5/__initial__/103/xtal_2.cif,30.610775,42.063484
xtal_20.cif,./U3Si5/__initial__/103/xtal_20.cif,75.65184,24.051443
xtal_21.cif,./U3Si5/__initial__/103/xtal_21.cif,89.45297,38.893105
xtal_22.cif,./U3Si5/__initial__/103/xtal_22.cif,49.716442,83.26464
xtal_23.cif,./U3Si5/__initial__/103/xtal_23.cif,57.64493,-52.15835
xtal_24.cif,./U3Si5/__initial__/103/xtal_24.cif,107.26997,34.830418
xtal_25.cif,./U3Si5/__initial__/103/xtal_25.cif,97.05341,-39.446846
xtal_26.cif,./U3Si5/__initial__/103/xtal_26.cif,108.44128,31.730846
xtal_27.cif,./U3Si5/__initial__/103/xtal_27.cif,34.11304,5.5016565
xtal_28.cif,./U3Si5/__initial__/103/xtal_28.cif,110.65283,-16.879929
xtal_29.cif,./U3Si5/__initial__/103/xtal_29.cif,63.557655,-68.62443
xtal_3.cif,./U3Si5/__initial__/103/xtal_3.cif,66.80824,35.756138
xtal_30.cif,./U3Si5/__initial__/103/xtal_30.cif,41.97192,27.500225
xtal_32.cif,./U3Si5/__initial__/103/xtal_32.cif,-93.12196,13.8257065
xtal_33.cif,./U3Si5/__initial__/103/xtal_33.cif,96.995865,-4.6144147
xtal_34.cif,./U3Si5/__initial__/103/xtal_34.cif,114.35771,-14.612879
xtal_35.cif,./U3Si5/__initial__/103/xtal_35.cif,93.37822,-18.775238
xtal_37.cif,./U3Si5/__initial__/103/xtal_37.cif,45.671383,96.92631
xtal_38.cif,./U3Si5/__initial__/103/xtal_38.cif,-67.26164,-21.832758
xtal_39.cif,./U3Si5/__initial__/103/xtal_39.cif,-1.087896,77.84264
xtal_4.cif,./U3Si5/__initial__/103/xtal_4.cif,41.205433,61.573246
xtal_40.cif,./U3Si5/__initial__/103/xtal_40.cif,38.806988,-8.49552
xtal_41.cif,./U3Si5/__initial__/103/xtal_41.cif,72.99086,28.602911
xtal_43.cif,./U3Si5/__initial__/103/xtal_43.cif,68.597664,39.629955
xtal_45.cif,./U3Si5/__initial__/103/xtal_45.cif,88.16994,19.06166
xtal_47.cif,./U3Si5/__initial__/103/xtal_47.cif,35.676052,93.02587
xtal_48.cif,./U3Si5/__initial__/103/xtal_48.cif,103.576706,-13.868938
xtal_5.cif,./U3Si5/__initial__/103/xtal_5.cif,55.10493,18.84567
xtal_50.cif,./U3Si5/__initial__/103/xtal_50.cif,18.494526,22.489834
xtal_51.cif,./U3Si5/__initial__/103/xtal_51.cif,60.089516,-33.06723
xtal_53.cif,./U3Si5/__initial__/103/xtal_53.cif,101.25035,-31.637978
xtal_54.cif,./U3Si5/__initial__/103/xtal_54.cif,43.011818,99.52552
xtal_59.cif,./U3Si5/__initial__/103/xtal_59.cif,-13.362564,-36.818184
xtal_61.cif,./U3Si5/__initial__/103/xtal_61.cif,70.23919,-50.268204
xtal_62.cif,./U3Si5/__initial__/103/xtal_62.cif,66.15428,-48.655186
xtal_63.cif,./U3Si5/__initial__/103/xtal_63.cif,-10.182917,-64.452934
xtal_64.cif,./U3Si5/__initial__/103/xtal_64.cif,-22.100122,44.874508
xtal_65.cif,./U3Si5/__initial__/103/xtal_65.cif,-4.57533,78.87574
xtal_66.cif,./U3Si5/__initial__/103/xtal_66.cif,31.070562,-6.459205
xtal_67.cif,./U3Si5/__initial__/103/xtal_67.cif,-29.38917,53.75728
xtal_68.cif,./U3Si5/__initial__/103/xtal_68.cif,-0.31345326,87.28237
xtal_69.cif,./U3Si5/__initial__/103/xtal_69.cif,21.022083,81.19356
xtal_7.cif,./U3Si5/__initial__/103/xtal_7.cif,101.36,-0.4086442
xtal_70.cif,./U3Si5/__initial__/103/xtal_70.cif,66.01594,30.406126
xtal_71.cif,./U3Si5/__initial__/103/xtal_71.cif,29.853539,72.538795
xtal_72.cif,./U3Si5/__initial__/103/xtal_72.cif,84.33865,-65.13913
xtal_73.cif,./U3Si5/__initial__/103/xtal_73.cif,79.5426,-35.805695
xtal_74.cif,./U3Si5/__initial__/103/xtal_74.cif,21.61773,82.92929
xtal_75.cif,./U3Si5/__initial__/103/xtal_75.cif,-30.803629,34.95846
xtal_76.cif,./U3Si5/__initial__/103/xtal_76.cif,14.209016,31.350424
xtal_77.cif,./U3Si5/__initial__/103/xtal_77.cif,-19.66901,16.588846
xtal_78.cif,./U3Si5/__initial__/103/xtal_78.cif,-65.184006,76.516594
xtal_79.cif,./U3Si5/__initial__/103/xtal_79.cif,22.158699,-15.569674
xtal_8.cif,./U3Si5/__initial__/103/xtal_8.cif,-2.7782192,63.526955
xtal_80.cif,./U3Si5/__initial__/103/xtal_80.cif,-37.899624,65.554634
xtal_81.cif,./U3Si5/__initial__/103/xtal_81.cif,-16.554068,45.160744
xtal_83.cif,./U3Si5/__initial__/103/xtal_83.cif,50.99996,-84.73399
xtal_84.cif,./U3Si5/__initial__/103/xtal_84.cif,100.71371,-29.057068
xtal_85.cif,./U3Si5/__initial__/103/xtal_85.cif,-33.273346,-10.729274
xtal_86.cif,./U3Si5/__initial__/103/xtal_86.cif,108.911766,30.041283
xtal_89.cif,./U3Si5/__initial__/103/xtal_89.cif,6.8510137,7.4612675
xtal_9.cif,./U3Si5/__initial__/103/xtal_9.cif,47.816315,51.8107
xtal_90.cif,./U3Si5/__initial__/103/xtal_90.cif,12.49837,9.986854
xtal_91.cif,./U3Si5/__initial__/103/xtal_91.cif,101.07758,-42.925663
xtal_92.cif,./U3Si5/__initial__/103/xtal_92.cif,47.14119,96.41376
xtal_93.cif,./U3Si5/__initial__/103/xtal_93.cif,104.66263,-30.428925
xtal_94.cif,./U3Si5/__initial__/103/xtal_94.cif,62.624077,65.9173
xtal_95.cif,./U3Si5/__initial__/103/xtal_95.cif,47.863277,-54.04582
xtal_96.cif,./U3Si5/__initial__/103/xtal_96.cif,60.107277,-51.013123
xtal_97.cif,./U3Si5/__initial__/103/xtal_97.cif,9.47508,1.9131991
xtal_98.cif,./U3Si5/__initial__/103/xtal_98.cif,103.12732,-9.857247
xtal_99.cif,./U3Si5/__initial__/103/xtal_99.cif,53.29346,-27.40287
xtal_100.cif,./U3Si5/__initial__/104/xtal_100.cif,0.5324221,78.104095
xtal_11.cif,./U3Si5/__initial__/104/xtal_11.cif,29.040201,52.846046
xtal_12.cif,./U3Si5/__initial__/104/xtal_12.cif,23.038485,41.82518
xtal_13.cif,./U3Si5/__initial__/104/xtal_13.cif,53.87193,84.15298
xtal_15.cif,./U3Si5/__initial__/104/xtal_15.cif,111.64437,3.5709429
xtal_17.cif,./U3Si5/__initial__/104/xtal_17.cif,-21.288061,87.48889
xtal_21.cif,./U3Si5/__initial__/104/xtal_21.cif,82.10526,-19.21907
xtal_23.cif,./U3Si5/__initial__/104/xtal_23.cif,71.13843,55.12796
xtal_29.cif,./U3Si5/__initial__/104/xtal_29.cif,40.820187,-15.274383
xtal_30.cif,./U3Si5/__initial__/104/xtal_30.cif,107.28547,-27.97465
xtal_31.cif,./U3Si5/__initial__/104/xtal_31.cif,43.67991,99.233215
xtal_33.cif,./U3Si5/__initial__/104/xtal_33.cif,56.12592,22.755379
xtal_36.cif,./U3Si5/__initial__/104/xtal_36.cif,105.900505,12.244896
xtal_44.cif,./U3Si5/__initial__/104/xtal_44.cif,24.608934,47.11864
xtal_45.cif,./U3Si5/__initial__/104/xtal_45.cif,56.314236,21.991238
xtal_46.cif,./U3Si5/__initial__/104/xtal_46.cif,57.643696,69.86541
xtal_49.cif,./U3Si5/__initial__/104/xtal_49.cif,86.76567,60.819035
xtal_52.cif,./U3Si5/__initial__/104/xtal_52.cif,24.00367,49.533493
xtal_53.cif,./U3Si5/__initial__/104/xtal_53.cif,34.91315,-10.132278
xtal_55.cif,./U3Si5/__initial__/104/xtal_55.cif,89.362625,-62.45588
xtal_59.cif,./U3Si5/__initial__/104/xtal_59.cif,36.35967,88.710846
xtal_60.cif,./U3Si5/__initial__/104/xtal_60.cif,39.000076,-39.17589
xtal_73.cif,./U3Si5/__initial__/104/xtal_73.cif,36.72797,55.656036
xtal_74.cif,./U3Si5/__initial__/104/xtal_74.cif,-5.4928017,81.2399
xtal_77.cif,./U3Si5/104/xtal_77.cif,7.7966323,109.790535
xtal_78.cif,./U3Si5/__initial__/104/xtal_78.cif,22.841105,68.78769
xtal_79.cif,./U3Si5/__initial__/104/xtal_79.cif,46.96097,82.00952
xtal_80.cif,./U3Si5/__initial__/104/xtal_80.cif,44.623055,79.422554
xtal_81.cif,./U3Si5/__initial__/104/xtal_81.cif,15.14063,51.242786
xtal_89.cif,./U3Si5/__initial__/104/xtal_89.cif,33.011032,83.81796
xtal_92.cif,./U3Si5/__initial__/104/xtal_92.cif,5.278843,43.472523
xtal_95.cif,./U3Si5/__initial__/104/xtal_95.cif,88.05292,-35.030914
xtal_96.cif,./U3Si5/__initial__/104/xtal_96.cif,-27.120266,-60.18099
xtal_97.cif,./U3Si5/__initial__/104/xtal_97.cif,50.43973,71.215126
xtal_10.cif,./U3Si5/__initial__/105/xtal_10.cif,4.654304,7.7786384
xtal_100.cif,./U3Si5/__initial__/105/xtal_100.cif,38.137375,56.75666
xtal_14.cif,./U3Si5/__initial__/105/xtal_14.cif,-33.695995,55.826653
xtal_17.cif,./U3Si5/__initial__/105/xtal_17.cif,104.10263,-11.956292
xtal_18.cif,./U3Si5/__initial__/105/xtal_18.cif,33.889027,78.90557
xtal_19.cif,./U3Si5/105/xtal_19.cif,24.133318,74.55583
xtal_2.cif,./U3Si5/__initial__/105/xtal_2.cif,2.7425928,28.01391
xtal_20.cif,./U3Si5/__initial__/105/xtal_20.cif,-8.048999,4.0999594
xtal_24.cif,./U3Si5/__initial__/105/xtal_24.cif,8.022744,0.6477785
xtal_25.cif,./U3Si5/105/xtal_25.cif,-54.25083,86.498116
xtal_26.cif,./U3Si5/__initial__/105/xtal_26.cif,58.85213,-23.924578
xtal_28.cif,./U3Si5/105/xtal_28.cif,2.1241434,107.93456
xtal_29.cif,./U3Si5/__initial__/105/xtal_29.cif,5.1613455,7.417439
xtal_30.cif,./U3Si5/__initial__/105/xtal_30.cif,-2.0933847,19.5042
xtal_31.cif,./U3Si5/__initial__/105/xtal_31.cif,71.96664,29.616137
xtal_33.cif,./U3Si5/__initial__/105/xtal_33.cif,10.729957,19.295277
xtal_34.cif,./U3Si5/__initial__/105/xtal_34.cif,60.965115,30.772564
xtal_37.cif,./U3Si5/__initial__/105/xtal_37.cif,-67.0864,23.57127
xtal_39.cif,./U3Si5/105/xtal_39.cif,-42.506927,-69.41529
xtal_4.cif,./U3Si5/__initial__/105/xtal_4.cif,54.60129,-22.19645
xtal_41.cif,./U3Si5/__initial__/105/xtal_41.cif,113.72436,-10.409004
xtal_44.cif,./U3Si5/__initial__/105/xtal_44.cif,41.77568,17.328115
xtal_45.cif,./U3Si5/__initial__/105/xtal_45.cif,-82.82696,-1.8629241
xtal_47.cif,./U3Si5/__initial__/105/xtal_47.cif,19.59053,80.84166
xtal_48.cif,./U3Si5/__initial__/105/xtal_48.cif,-28.107975,55.737717
xtal_49.cif,./U3Si5/__initial__/105/xtal_49.cif,23.507393,17.876184
xtal_50.cif,./U3Si5/__initial__/105/xtal_50.cif,-4.169284,-7.190996
xtal_52.cif,./U3Si5/__initial__/105/xtal_52.cif,-19.15061,7.5088277
xtal_53.cif,./U3Si5/105/xtal_53.cif,-1.0629101,37.070595
xtal_54.cif,./U3Si5/__initial__/105/xtal_54.cif,70.493164,-63.182774
xtal_57.cif,./U3Si5/__initial__/105/xtal_57.cif,-20.93996,36.9849
xtal_62.cif,./U3Si5/105/xtal_62.cif,-43.098133,-44.795544
xtal_63.cif,./U3Si5/__initial__/105/xtal_63.cif,75.895905,-15.185278
xtal_64.cif,./U3Si5/__initial__/105/xtal_64.cif,17.93867,39.632065
xtal_65.cif,./U3Si5/__initial__/105/xtal_65.cif,33.12224,56.04788
xtal_66.cif,./U3Si5/__initial__/105/xtal_66.cif,41.384224,28.002787
xtal_67.cif,./U3Si5/__initial__/105/xtal_67.cif,71.1573,-63.16662
xtal_69.cif,./U3Si5/__initial__/105/xtal_69.cif,73.26868,-2.2978897
xtal_7.cif,./U3Si5/__initial__/105/xtal_7.cif,34.793007,-3.4222205
xtal_71.cif,./U3Si5/__initial__/105/xtal_71.cif,-33.02704,-68.89372
xtal_74.cif,./U3Si5/__initial__/105/xtal_74.cif,105.677216,-34.123848
xtal_75.cif,./U3Si5/__initial__/105/xtal_75.cif,64.329575,36.386887
xtal_77.cif,./U3Si5/__initial__/105/xtal_77.cif,63.38078,22.909433
xtal_78.cif,./U3Si5/__initial__/105/xtal_78.cif,30.63037,89.050285
xtal_79.cif,./U3Si5/__initial__/105/xtal_79.cif,-7.6137714,94.08468
xtal_8.cif,./U3Si5/__initial__/105/xtal_8.cif,-22.184464,74.02619
xtal_80.cif,./U3Si5/__initial__/105/xtal_80.cif,0.31527403,89.275345
xtal_81.cif,./U3Si5/105/xtal_81.cif,-60.03278,-34.077164
xtal_83.cif,./U3Si5/__initial__/105/xtal_83.cif,30.48832,3.0726802
xtal_84.cif,./U3Si5/__initial__/105/xtal_84.cif,-30.741827,39.728817
xtal_86.cif,./U3Si5/__initial__/105/xtal_86.cif,15.603458,-10.648826
xtal_88.cif,./U3Si5/__initial__/105/xtal_88.cif,87.8809,-55.491444
xtal_9.cif,./U3Si5/__initial__/105/xtal_9.cif,18.932056,9.708847
xtal_91.cif,./U3Si5/__initial__/105/xtal_91.cif,19.1691,20.636868
xtal_94.cif,./U3Si5/__initial__/105/xtal_94.cif,59.896217,-11.565083
xtal_95.cif,./U3Si5/__initial__/105/xtal_95.cif,11.41794,61.466854
xtal_99.cif,./U3Si5/__initial__/105/xtal_99.cif,32.396557,-41.27274
xtal_12.cif,./U3Si5/__initial__/107/xtal_12.cif,86.516045,-0.22001134
xtal_13.cif,./U3Si5/__initial__/107/xtal_13.cif,-15.804524,97.58438
xtal_15.cif,./U3Si5/__initial__/107/xtal_15.cif,15.090276,37.013004
xtal_17.cif,./U3Si5/__initial__/107/xtal_17.cif,42.82815,74.18643
xtal_2.cif,./U3Si5/__initial__/107/xtal_2.cif,59.97105,-52.11726
xtal_23.cif,./U3Si5/__initial__/107/xtal_23.cif,13.212598,56.543392
xtal_28.cif,./U3Si5/__initial__/107/xtal_28.cif,82.7112,66.02103
xtal_3.cif,./U3Si5/__initial__/107/xtal_3.cif,61.017376,63.831306
xtal_33.cif,./U3Si5/__initial__/107/xtal_33.cif,-3.5329196,65.72786
xtal_34.cif,./U3Si5/__initial__/107/xtal_34.cif,-0.27491626,17.041458
xtal_36.cif,./U3Si5/__initial__/107/xtal_36.cif,49.437634,79.936714
xtal_38.cif,./U3Si5/__initial__/107/xtal_38.cif,113.412224,6.1563053
xtal_4.cif,./U3Si5/__initial__/107/xtal_4.cif,65.21559,61.121433
xtal_40.cif,./U3Si5/__initial__/107/xtal_40.cif,99.9461,-0.83108157
xtal_42.cif,./U3Si5/__initial__/107/xtal_42.cif,33.67713,78.80776
xtal_45.cif,./U3Si5/__initial__/107/xtal_45.cif,30.082285,56.903404
xtal_49.cif,./U3Si5/__initial__/107/xtal_49.cif,94.32279,32.24485
xtal_5.cif,./U3Si5/__initial__/107/xtal_5.cif,32.947044,67.08814
xtal_52.cif,./U3Si5/__initial__/107/xtal_52.cif,84.28124,47.89912
xtal_53.cif,./U3Si5/__initial__/107/xtal_53.cif,93.89763,31.76627
xtal_56.cif,./U3Si5/__initial__/107/xtal_56.cif,36.895557,89.46731
xtal_6.cif,./U3Si5/__initial__/107/xtal_6.cif,30.942587,90.16954
xtal_62.cif,./U3Si5/__initial__/107/xtal_62.cif,-4.210355,53.20734
xtal_64.cif,./U3Si5/__initial__/107/xtal_64.cif,115.85151,29.132755
xtal_67.cif,./U3Si5/__initial__/107/xtal_67.cif,62.15627,-1.2967672
xtal_7.cif,./U3Si5/__initial__/107/xtal_7.cif,15.631357,48.010204
xtal_74.cif,./U3Si5/__initial__/107/xtal_74.cif,62.436066,-8.285991
xtal_75.cif,./U3Si5/__initial__/107/xtal_75.cif,84.422424,47.8662
xtal_79.cif,./U3Si5/__initial__/107/xtal_79.cif,111.969734,3.595741
xtal_80.cif,./U3Si5/__initial__/107/xtal_80.cif,99.004715,-31.027472
xtal_81.cif,./U3Si5/__initial__/107/xtal_81.cif,66.82688,31.53179
xtal_86.cif,./U3Si5/__initial__/107/xtal_86.cif,13.529597,13.799026
xtal_87.cif,./U3Si5/__initial__/107/xtal_87.cif,45.53376,77.1604
xtal_90.cif,./U3Si5/__initial__/107/xtal_90.cif,33.61807,46.629227
xtal_93.cif,./U3Si5/__initial__/107/xtal_93.cif,57.45687,72.65546
xtal_1.cif,./U3Si5/__initial__/111/xtal_1.cif,-1.031919,18.329536
xtal_100.cif,./U3Si5/__initial__/111/xtal_100.cif,39.91209,19.549015
xtal_16.cif,./U3Si5/__initial__/111/xtal_16.cif,79.57787,48.054245
xtal_2.cif,./U3Si5/__initial__/111/xtal_2.cif,62.30607,55.018024
xtal_20.cif,./U3Si5/__initial__/111/xtal_20.cif,23.410004,43.625977
xtal_24.cif,./U3Si5/__initial__/111/xtal_24.cif,96.37949,20.474236
xtal_27.cif,./U3Si5/__initial__/111/xtal_27.cif,42.58318,-25.585825
xtal_28.cif,./U3Si5/__initial__/111/xtal_28.cif,-3.3979669,19.665968
xtal_29.cif,./U3Si5/__initial__/111/xtal_29.cif,63.306633,3.8964987
xtal_31.cif,./U3Si5/__initial__/111/xtal_31.cif,-25.377838,73.29057
xtal_32.cif,./U3Si5/__initial__/111/xtal_32.cif,-2.03675,48.555412
xtal_34.cif,./U3Si5/__initial__/111/xtal_34.cif,-41.145615,42.694424
xtal_35.cif,./U3Si5/111/xtal_35.cif,54.337914,32.009453
xtal_43.cif,./U3Si5/__initial__/111/xtal_43.cif,0.5718629,44.88297
xtal_45.cif,./U3Si5/__initial__/111/xtal_45.cif,48.80601,-6.2405715
xtal_48.cif,./U3Si5/__initial__/111/xtal_48.cif,-50.58749,-6.588223
xtal_5.cif,./U3Si5/__initial__/111/xtal_5.cif,68.76876,38.818676
xtal_53.cif,./U3Si5/__initial__/111/xtal_53.cif,96.1498,43.66836
xtal_54.cif,./U3Si5/__initial__/111/xtal_54.cif,46.303947,-43.65139
xtal_59.cif,./U3Si5/__initial__/111/xtal_59.cif,96.72523,40.66637
xtal_6.cif,./U3Si5/__initial__/111/xtal_6.cif,-37.24419,-41.89564
xtal_62.cif,./U3Si5/__initial__/111/xtal_62.cif,14.162272,81.54186
xtal_65.cif,./U3Si5/__initial__/111/xtal_65.cif,105.27813,29.97888
xtal_66.cif,./U3Si5/111/xtal_66.cif,-10.441302,111.360855
xtal_69.cif,./U3Si5/__initial__/111/xtal_69.cif,43.676636,-13.987769
xtal_70.cif,./U3Si5/__initial__/111/xtal_70.cif,72.00416,2.712334
xtal_71.cif,./U3Si5/__initial__/111/xtal_71.cif,-68.77598,16.526304
xtal_73.cif,./U3Si5/__initial__/111/xtal_73.cif,74.420334,10.653866
xtal_76.cif,./U3Si5/__initial__/111/xtal_76.cif,-5.478169,71.46363
xtal_77.cif,./U3Si5/__initial__/111/xtal_77.cif,2.6345086,-20.421318
xtal_78.cif,./U3Si5/111/xtal_78.cif,118.34578,34.188797
xtal_80.cif,./U3Si5/__initial__/111/xtal_80.cif,-0.80364203,92.76167
xtal_82.cif,./U3Si5/__initial__/111/xtal_82.cif,68.39669,-22.3912
xtal_84.cif,./U3Si5/111/xtal_84.cif,114.099915,16.452223
xtal_85.cif,./U3Si5/__initial__/111/xtal_85.cif,-27.250103,52.054897
xtal_86.cif,./U3Si5/__initial__/111/xtal_86.cif,96.25673,-12.573601
xtal_87.cif,./U3Si5/__initial__/111/xtal_87.cif,53.236652,-43.813812
xtal_88.cif,./U3Si5/__initial__/111/xtal_88.cif,-2.1832023,20.21314
xtal_89.cif,./U3Si5/111/xtal_89.cif,116.95573,33.314205
xtal_9.cif,./U3Si5/__initial__/111/xtal_9.cif,-3.5543902,93.42096
xtal_94.cif,./U3Si5/__initial__/111/xtal_94.cif,12.467149,66.291565
xtal_95.cif,./U3Si5/__initial__/111/xtal_95.cif,89.4475,56.224792
xtal_98.cif,./U3Si5/__initial__/111/xtal_98.cif,66.21486,45.511696
xtal_1.cif,./U3Si5/__initial__/112/xtal_1.cif,-45.604652,52.69936
xtal_10.cif,./U3Si5/__initial__/112/xtal_10.cif,48.132133,-61.816517
xtal_100.cif,./U3Si5/112/xtal_100.cif,-84.31303,34.47739
xtal_11.cif,./U3Si5/__initial__/112/xtal_11.cif,-8.400563,-82.23609
xtal_12.cif,./U3Si5/__initial__/112/xtal_12.cif,53.636276,-78.51238
xtal_13.cif,./U3Si5/__initial__/112/xtal_13.cif,82.01947,-41.78073
xtal_14.cif,./U3Si5/__initial__/112/xtal_14.cif,-15.709425,-82.57833
xtal_15.cif,./U3Si5/__initial__/112/xtal_15.cif,-23.762825,77.21641
xtal_16.cif,./U3Si5/__initial__/112/xtal_16.cif,62.45111,-65.05586
xtal_17.cif,./U3Si5/__initial__/112/xtal_17.cif,-94.21587,20.850733
xtal_18.cif,./U3Si5/__initial__/112/xtal_18.cif,-3.4562294,-75.406715
xtal_19.cif,./U3Si5/__initial__/112/xtal_19.cif,108.524315,19.031286
xtal_2.cif,./U3Si5/__initial__/112/xtal_2.cif,65.46502,29.8104
xtal_20.cif,./U3Si5/__initial__/112/xtal_20.cif,62.87435,27.166714
xtal_21.cif,./U3Si5/__initial__/112/xtal_21.cif,93.59814,-53.261765
xtal_22.cif,./U3Si5/__initial__/112/xtal_22.cif,-9.791495,27.70227
xtal_23.cif,./U3Si5/__initial__/112/xtal_23.cif,-8.162126,14.095432
xtal_24.cif,./U3Si5/__initial__/112/xtal_24.cif,50.85452,-20.926855
xtal_25.cif,./U3Si5/112/xtal_25.cif,-62.868122,-34.209312
xtal_26.cif,./U3Si5/__initial__/112/xtal_26.cif,-9.6194105,-81.35102
xtal_27.cif,./U3Si5/__initial__/112/xtal_27.cif,-95.072975,26.425728
xtal_28.cif,./U3Si5/__initial__/112/xtal_28.cif,32.118443,-37.689987
xtal_29.cif,./U3Si5/__initial__/112/xtal_29.cif,-37.09236,17.01292
xtal_3.cif,./U3Si5/__initial__/112/xtal_3.cif,-62.287872,-45.275814
xtal_30.cif,./U3Si5/__initial__/112/xtal_30.cif,-28.897017,10.111323
xtal_31.cif,./U3Si5/__initial__/112/xtal_31.cif,-38.67833,-63.631805
xtal_32.cif,./U3Si5/__initial__/112/xtal_32.cif,59.270695,-13.851201
xtal_33.cif,./U3Si5/__initial__/112/xtal_33.cif,71.82479,-30.217003
xtal_34.cif,./U3Si5/__initial__/112/xtal_34.cif,-59.411488,42.869686
xtal_35.cif,./U3Si5/__initial__/112/xtal_35.cif,83.16506,-39.0686
xtal_36.cif,./U3Si5/__initial__/112/xtal_36.cif,-12.357549,-97.54356
xtal_37.cif,./U3Si5/__initial__/112/xtal_37.cif,-17.203266,19.078434
xtal_38.cif,./U3Si5/__initial__/112/xtal_38.cif,-38.441936,-62.174095
xtal_39.cif,./U3Si5/__initial__/112/xtal_39.cif,58.871365,39.326836
xtal_4.cif,./U3Si5/__initial__/112/xtal_4.cif,92.25705,-42.41494
xtal_40.cif,./U3Si5/__initial__/112/xtal_40.cif,31.317165,-85.58999
xtal_41.cif,./U3Si5/__initial__/112/xtal_41.cif,-99.236,11.577776
xtal_42.cif,./U3Si5/__initial__/112/xtal_42.cif,96.16915,-15.506811
xtal_43.cif,./U3Si5/__initial__/112/xtal_43.cif,-37.320206,-3.607901
xtal_44.cif,./U3Si5/__initial__/112/xtal_44.cif,84.797356,-67.735756
xtal_45.cif,./U3Si5/__initial__/112/xtal_45.cif,100.39024,-35.413216
xtal_46.cif,./U3Si5/__initial__/112/xtal_46.cif,17.781288,-92.02391
xtal_47.cif,./U3Si5/__initial__/112/xtal_47.cif,35.23686,-29.651318
xtal_48.cif,./U3Si5/__initial__/112/xtal_48.cif,96.934654,-51.451237
xtal_49.cif,./U3Si5/__initial__/112/xtal_49.cif,55.36209,25.086487
xtal_5.cif,./U3Si5/__initial__/112/xtal_5.cif,72.85835,-5.472568
xtal_50.cif,./U3Si5/__initial__/112/xtal_50.cif,3.4594188,-23.454689
xtal_51.cif,./U3Si5/__initial__/112/xtal_51.cif,-80.184166,-44.927845
xtal_52.cif,./U3Si5/__initial__/112/xtal_52.cif,46.719486,-57.496532
xtal_53.cif,./U3Si5/__initial__/112/xtal_53.cif,103.886024,-10.918458
xtal_54.cif,./U3Si5/__initial__/112/xtal_54.cif,-47.838627,-44.55668
xtal_55.cif,./U3Si5/__initial__/112/xtal_55.cif,74.633705,15.724696
xtal_56.cif,./U3Si5/__initial__/112/xtal_56.cif,3.9556417,-67.996284
xtal_57.cif,./U3Si5/__initial__/112/xtal_57.cif,-14.764328,63.880802
xtal_58.cif,./U3Si5/__initial__/112/xtal_58.cif,103.79493,-2.7574086
xtal_59.cif,./U3Si5/__initial__/112/xtal_59.cif,48.04927,-87.41768
xtal_6.cif,./U3Si5/__initial__/112/xtal_6.cif,63.4126,27.201677
xtal_60.cif,./U3Si5/__initial__/112/xtal_60.cif,75.987434,-6.6343493
xtal_61.cif,./U3Si5/__initial__/112/xtal_61.cif,67.334435,-6.398512
xtal_62.cif,./U3Si5/__initial__/112/xtal_62.cif,-36.851646,12.637583
xtal_63.cif,./U3Si5/__initial__/112/xtal_63.cif,67.098335,34.93326
xtal_64.cif,./U3Si5/__initial__/112/xtal_64.cif,45.346344,-87.2844
xtal_65.cif,./U3Si5/112/xtal_65.cif,20.754068,73.10588
xtal_66.cif,./U3Si5/__initial__/112/xtal_66.cif,-62.270573,-44.405476
xtal_67.cif,./U3Si5/__initial__/112/xtal_67.cif,-9.513764,-67.496445
xtal_68.cif,./U3Si5/__initial__/112/xtal_68.cif,40.227074,19.53075
xtal_69.cif,./U3Si5/__initial__/112/xtal_69.cif,-22.065092,46.809525
xtal_7.cif,./U3Si5/__initial__/112/xtal_7.cif,55.481407,-72.038124
xtal_70.cif,./U3Si5/__initial__/112/xtal_70.cif,-25.954021,-75.45674
xtal_71.cif,./U3Si5/__initial__/112/xtal_71.cif,60.274044,-25.122332
xtal_72.cif,./U3Si5/__initial__/112/xtal_72.cif,-22.890755,-4.606213
xtal_73.cif,./U3Si5/__initial__/112/xtal_73.cif,61.769554,-76.83433
xtal_74.cif,./U3Si5/112/xtal_74.cif,16.232336,-41.78581
xtal_75.cif,./U3Si5/__initial__/112/xtal_75.cif,69.10386,-34.73943
xtal_76.cif,./U3Si5/__initial__/112/xtal_76.cif,79.250145,29.70588
xtal_77.cif,./U3Si5/__initial__/112/xtal_77.cif,-20.088266,-49.75298
xtal_78.cif,./U3Si5/__initial__/112/xtal_78.cif,55.74082,-79.094475
xtal_79.cif,./U3Si5/__initial__/112/xtal_79.cif,12.130702,-6.389
xtal_8.cif,./U3Si5/__initial__/112/xtal_8.cif,68.078674,-69.58496
xtal_80.cif,./U3Si5/__initial__/112/xtal_80.cif,-7.4171767,20.636686
xtal_81.cif,./U3Si5/__initial__/112/xtal_81.cif,12.249055,63.13063
xtal_82.cif,./U3Si5/__initial__/112/xtal_82.cif,103.30319,-33.44447
xtal_83.cif,./U3Si5/__initial__/112/xtal_83.cif,-72.13139,-32.905987
xtal_84.cif,./U3Si5/__initial__/112/xtal_84.cif,107.26631,-16.745546
xtal_85.cif,./U3Si5/__initial__/112/xtal_85.cif,-17.885464,-51.697872
xtal_86.cif,./U3Si5/__initial__/112/xtal_86.cif,74.9526,15.073103
xtal_87.cif,./U3Si5/__initial__/112/xtal_87.cif,-35.46788,64.437065
xtal_88.cif,./U3Si5/__initial__/112/xtal_88.cif,-39.156208,-18.50199
xtal_89.cif,./U3Si5/__initial__/112/xtal_89.cif,-40.463207,-71.45406
xtal_9.cif,./U3Si5/__initial__/112/xtal_9.cif,32.273354,-57.506382
xtal_90.cif,./U3Si5/__initial__/112/xtal_90.cif,79.46028,-57.017746
xtal_91.cif,./U3Si5/__initial__/112/xtal_91.cif,56.735157,-5.027128
xtal_92.cif,./U3Si5/__initial__/112/xtal_92.cif,-54.82558,-5.0320373
xtal_93.cif,./U3Si5/__initial__/112/xtal_93.cif,75.9065,-77.97056
xtal_94.cif,./U3Si5/__initial__/112/xtal_94.cif,94.073586,-57.603107
xtal_95.cif,./U3Si5/112/xtal_95.cif,-75.55723,21.33718
xtal_96.cif,./U3Si5/__initial__/112/xtal_96.cif,39.714226,-67.37038
xtal_97.cif,./U3Si5/__initial__/112/xtal_97.cif,22.479542,-49.782734
xtal_98.cif,./U3Si5/__initial__/112/xtal_98.cif,-2.8712466,-89.79958
xtal_99.cif,./U3Si5/__initial__/112/xtal_99.cif,83.98436,-58.870102
xtal_1.cif,./U3Si5/__initial__/113/xtal_1.cif,-21.832363,87.501595
xtal_10.cif,./U3Si5/__initial__/113/xtal_10.cif,111.43955,12.923278
xtal_11.cif,./U3Si5/__initial__/113/xtal_11.cif,3.342284,68.67893
xtal_12.cif,./U3Si5/__initial__/113/xtal_12.cif,69.75987,54.379272
xtal_13.cif,./U3Si5/__initial__/113/xtal_13.cif,59.57298,-14.726227
xtal_14.cif,./U3Si5/__initial__/113/xtal_14.cif,33.46554,-20.089705
xtal_15.cif,./U3Si5/__initial__/113/xtal_15.cif,-64.755486,51.849827
xtal_18.cif,./U3Si5/__initial__/113/xtal_18.cif,109.99241,-16.364113
xtal_19.cif,./U3Si5/__initial__/113/xtal_19.cif,-59.19756,15.096191
xtal_2.cif,./U3Si5/__initial__/113/xtal_2.cif,42.173508,-45.93395
xtal_20.cif,./U3Si5/__initial__/113/xtal_20.cif,51.939774,-4.5163894
xtal_24.cif,./U3Si5/__initial__/113/xtal_24.cif,75.31619,16.24599
xtal_27.cif,./U3Si5/__initial__/113/xtal_27.cif,-30.746365,37.185673
xtal_3.cif,./U3Si5/__initial__/113/xtal_3.cif,26.47497,-6.980569
xtal_31.cif,./U3Si5/__initial__/113/xtal_31.cif,23.526028,-8.193357
xtal_34.cif,./U3Si5/__initial__/113/xtal_34.cif,-11.043529,15.411563
xtal_35.cif,./U3Si5/113/xtal_35.cif,-84.16878,-6.0185766
xtal_36.cif,./U3Si5/__initial__/113/xtal_36.cif,68.53182,-22.733147
xtal_39.cif,./U3Si5/__initial__/113/xtal_39.cif,49.367428,-7.8441358
xtal_4.cif,./U3Si5/__initial__/113/xtal_4.cif,-31.11048,36.34281
xtal_40.cif,./U3Si5/__initial__/113/xtal_40.cif,-10.110574,83.72769
xtal_44.cif,./U3Si5/__initial__/113/xtal_44.cif,53.61088,0.98466533
xtal_45.cif,./U3Si5/__initial__/113/xtal_45.cif,6.37704,77.75094
xtal_46.cif,./U3Si5/__initial__/113/xtal_46.cif,-46.048035,69.71201
xtal_47.cif,./U3Si5/__initial__/113/xtal_47.cif,51.375732,-75.52462
xtal_48.cif,./U3Si5/__initial__/113/xtal_48.cif,-12.863575,-52.74862
xtal_49.cif,./U3Si5/__initial__/113/xtal_49.cif,31.697523,-37.60294
xtal_50.cif,./U3Si5/__initial__/113/xtal_50.cif,102.031876,-5.607836
xtal_51.cif,./U3Si5/__initial__/113/xtal_51.cif,79.5377,29.701752
xtal_52.cif,./U3Si5/__initial__/113/xtal_52.cif,84.29377,1.075205
xtal_53.cif,./U3Si5/__initial__/113/xtal_53.cif,-35.276478,78.41577
xtal_55.cif,./U3Si5/__initial__/113/xtal_55.cif,-7.529478,13.221405
xtal_58.cif,./U3Si5/__initial__/113/xtal_58.cif,2.1694064,-31.244398
xtal_59.cif,./U3Si5/__initial__/113/xtal_59.cif,8.657738,-82.02014
xtal_6.cif,./U3Si5/__initial__/113/xtal_6.cif,-29.377028,34.539707
xtal_60.cif,./U3Si5/__initial__/113/xtal_60.cif,69.96659,-9.437786
xtal_61.cif,./U3Si5/__initial__/113/xtal_61.cif,-93.19535,-7.8717966
xtal_62.cif,./U3Si5/__initial__/113/xtal_62.cif,55.818653,4.1274734
xtal_63.cif,./U3Si5/__initial__/113/xtal_63.cif,-23.550577,-15.622837
xtal_64.cif,./U3Si5/__initial__/113/xtal_64.cif,-21.803211,-63.56958
xtal_66.cif,./U3Si5/__initial__/113/xtal_66.cif,80.30386,4.404045
xtal_68.cif,./U3Si5/__initial__/113/xtal_68.cif,20.150293,-2.5828545
xtal_70.cif,./U3Si5/__initial__/113/xtal_70.cif,-10.018896,83.4875
xtal_73.cif,./U3Si5/__initial__/113/xtal_73.cif,62.735733,55.07982
xtal_74.cif,./U3Si5/__initial__/113/xtal_74.cif,-78.175644,-5.13811
xtal_75.cif,./U3Si5/__initial__/113/xtal_75.cif,-40.969906,68.00107
xtal_76.cif,./U3Si5/__initial__/113/xtal_76.cif,106.47947,36.67009
xtal_78.cif,./U3Si5/__initial__/113/xtal_78.cif,67.1107,-59.641853
xtal_79.cif,./U3Si5/__initial__/113/xtal_79.cif,95.296814,-12.812884
xtal_80.cif,./U3Si5/__initial__/113/xtal_80.cif,1.7112424,-34.413048
xtal_83.cif,./U3Si5/__initial__/113/xtal_83.cif,-25.670565,56.757107
xtal_84.cif,./U3Si5/__initial__/113/xtal_84.cif,-20.147587,-19.719782
xtal_86.cif,./U3Si5/__initial__/113/xtal_86.cif,64.93253,9.373176
xtal_87.cif,./U3Si5/__initial__/113/xtal_87.cif,83.303894,65.862625
xtal_89.cif,./U3Si5/__initial__/113/xtal_89.cif,-12.883234,54.988102
xtal_9.cif,./U3Si5/__initial__/113/xtal_9.cif,8.081196,85.67663
xtal_90.cif,./U3Si5/113/xtal_90.cif,-24.835058,117.222435
xtal_91.cif,./U3Si5/__initial__/113/xtal_91.cif,117.97274,33.557964
xtal_93.cif,./U3Si5/__initial__/113/xtal_93.cif,64.60832,53.002476
xtal_94.cif,./U3Si5/__initial__/113/xtal_94.cif,7.746122,86.803795
xtal_95.cif,./U3Si5/__initial__/113/xtal_95.cif,20.56311,-11.023775
xtal_96.cif,./U3Si5/__initial__/113/xtal_96.cif,91.09824,8.25033
xtal_97.cif,./U3Si5/__initial__/113/xtal_97.cif,-34.88196,47.647247
xtal_98.cif,./U3Si5/__initial__/113/xtal_98.cif,3.1224823,-32.381767
xtal_99.cif,./U3Si5/__initial__/113/xtal_99.cif,111.13058,35.6769
xtal_10.cif,./U3Si5/__initial__/114/xtal_10.cif,-1.8810455,-94.01067
xtal_100.cif,./U3Si5/__initial__/114/xtal_100.cif,83.8919,54.769016
xtal_12.cif,./U3Si5/__initial__/114/xtal_12.cif,-20.394384,94.83644
xtal_13.cif,./U3Si5/__initial__/114/xtal_13.cif,81.94864,55.479073
xtal_15.cif,./U3Si5/__initial__/114/xtal_15.cif,61.32882,31.34481
xtal_16.cif,./U3Si5/__initial__/114/xtal_16.cif,85.71105,5.4907103
xtal_17.cif,./U3Si5/__initial__/114/xtal_17.cif,-41.982914,84.97014
xtal_19.cif,./U3Si5/__initial__/114/xtal_19.cif,-51.09444,-11.984583
xtal_29.cif,./U3Si5/__initial__/114/xtal_29.cif,-15.557749,43.33896
xtal_3.cif,./U3Si5/__initial__/114/xtal_3.cif,115.17791,25.476835
xtal_39.cif,./U3Si5/__initial__/114/xtal_39.cif,-63.99773,48.2538
xtal_40.cif,./U3Si5/__initial__/114/xtal_40.cif,-24.974838,-95.775764
xtal_46.cif,./U3Si5/__initial__/114/xtal_46.cif,62.95732,-56.034496
xtal_5.cif,./U3Si5/__initial__/114/xtal_5.cif,85.72561,-59.719994
xtal_50.cif,./U3Si5/__initial__/114/xtal_50.cif,101.48762,18.640589
xtal_53.cif,./U3Si5/__initial__/114/xtal_53.cif,115.972374,6.084141
xtal_54.cif,./U3Si5/__initial__/114/xtal_54.cif,-22.358912,-52.42942
xtal_56.cif,./U3Si5/__initial__/114/xtal_56.cif,78.49329,-21.543615
xtal_58.cif,./U3Si5/__initial__/114/xtal_58.cif,62.1705,-46.107094
xtal_74.cif,./U3Si5/__initial__/114/xtal_74.cif,80.50352,-13.092355
xtal_78.cif,./U3Si5/__initial__/114/xtal_78.cif,114.42611,8.255796
xtal_80.cif,./U3Si5/__initial__/114/xtal_80.cif,91.3033,-29.618158
xtal_84.cif,./U3Si5/__initial__/114/xtal_84.cif,69.22754,-48.355762
xtal_85.cif,./U3Si5/__initial__/114/xtal_85.cif,41.1107,-19.001335
xtal_9.cif,./U3Si5/__initial__/114/xtal_9.cif,-45.655502,88.442474
xtal_90.cif,./U3Si5/__initial__/114/xtal_90.cif,-17.543812,14.370217
xtal_91.cif,./U3Si5/__initial__/114/xtal_91.cif,75.33965,29.592829
xtal_92.cif,./U3Si5/__initial__/114/xtal_92.cif,117.5319,33.046124
xtal_98.cif,./U3Si5/__initial__/114/xtal_98.cif,102.0779,26.486788
xtal_99.cif,./U3Si5/__initial__/114/xtal_99.cif,-65.75877,-5.475932
xtal_1.cif,./U3Si5/115/xtal_1.cif,-78.998344,-2.8400908
xtal_10.cif,./U3Si5/__initial__/115/xtal_10.cif,91.283516,8.051357
xtal_18.cif,./U3Si5/__initial__/115/xtal_18.cif,5.6918473,63.213223
xtal_19.cif,./U3Si5/115/xtal_19.cif,-76.1191,47.22803
xtal_2.cif,./U3Si5/__initial__/115/xtal_2.cif,-10.731221,21.023046
xtal_25.cif,./U3Si5/__initial__/115/xtal_25.cif,60.709183,-61.526012
xtal_26.cif,./U3Si5/__initial__/115/xtal_26.cif,5.133516,59.290844
xtal_28.cif,./U3Si5/115/xtal_28.cif,-90.58462,36.709515
xtal_29.cif,./U3Si5/115/xtal_29.cif,-54.882114,87.261475
xtal_32.cif,./U3Si5/__initial__/115/xtal_32.cif,-3.3716667,14.4222765
xtal_34.cif,./U3Si5/__initial__/115/xtal_34.cif,27.210735,53.422276
xtal_39.cif,./U3Si5/__initial__/115/xtal_39.cif,83.740295,28.553988
xtal_4.cif,./U3Si5/__initial__/115/xtal_4.cif,-15.180248,56.100647
xtal_41.cif,./U3Si5/__initial__/115/xtal_41.cif,-35.390396,65.63031
xtal_47.cif,./U3Si5/115/xtal_47.cif,115.18301,25.61591
xtal_49.cif,./U3Si5/__initial__/115/xtal_49.cif,89.887695,43.80249
xtal_5.cif,./U3Si5/__initial__/115/xtal_5.cif,11.958304,60.94665
xtal_51.cif,./U3Si5/__initial__/115/xtal_51.cif,-36.60804,17.960217
xtal_52.cif,./U3Si5/115/xtal_52.cif,-83.47838,33.029194
xtal_54.cif,./U3Si5/__initial__/115/xtal_54.cif,31.637743,27.21148
xtal_55.cif,./U3Si5/__initial__/115/xtal_55.cif,8.819315,41.213833
xtal_58.cif,./U3Si5/__initial__/115/xtal_58.cif,3.2774599,27.9415
xtal_65.cif,./U3Si5/__initial__/115/xtal_65.cif,-42.89616,16.226732
xtal_66.cif,./U3Si5/__initial__/115/xtal_66.cif,40.104782,56.29435
xtal_68.cif,./U3Si5/__initial__/115/xtal_68.cif,44.30509,18.343409
xtal_79.cif,./U3Si5/__initial__/115/xtal_79.cif,-7.7772136,19.765976
xtal_8.cif,./U3Si5/__initial__/115/xtal_8.cif,-23.236012,-53.14869
xtal_82.cif,./U3Si5/__initial__/115/xtal_82.cif,-14.931752,55.597343
xtal_83.cif,./U3Si5/__initial__/115/xtal_83.cif,66.82004,46.710373
xtal_86.cif,./U3Si5/__initial__/115/xtal_86.cif,-26.87996,-12.105317
xtal_87.cif,./U3Si5/__initial__/115/xtal_87.cif,65.657455,47.710133
xtal_88.cif,./U3Si5/__initial__/115/xtal_88.cif,64.26053,39.020885
xtal_92.cif,./U3Si5/115/xtal_92.cif,-12.220441,-46.395203
xtal_94.cif,./U3Si5/__initial__/115/xtal_94.cif,67.22596,-40.92125
xtal_96.cif,./U3Si5/__initial__/115/xtal_96.cif,99.31512,-28.206247
xtal_98.cif,./U3Si5/__initial__/115/xtal_98.cif,61.211617,24.25141
xtal_1.cif,./U3Si5/__initial__/116/xtal_1.cif,64.422104,-36.47435
xtal_100.cif,./U3Si5/__initial__/116/xtal_100.cif,-23.47247,-10.947725
xtal_11.cif,./U3Si5/__initial__/116/xtal_11.cif,55.944046,-6.4937716
xtal_12.cif,./U3Si5/__initial__/116/xtal_12.cif,52.54462,33.806934
xtal_14.cif,./U3Si5/__initial__/116/xtal_14.cif,52.87898,33.621452
xtal_15.cif,./U3Si5/__initial__/116/xtal_15.cif,-62.937733,-53.68099
xtal_16.cif,./U3Si5/__initial__/116/xtal_16.cif,94.409874,19.504955
xtal_18.cif,./U3Si5/__initial__/116/xtal_18.cif,66.63251,-45.39394
xtal_19.cif,./U3Si5/__initial__/116/xtal_19.cif,-37.426228,-3.1640148
xtal_2.cif,./U3Si5/__initial__/116/xtal_2.cif,-59.355694,56.543972
xtal_20.cif,./U3Si5/__initial__/116/xtal_20.cif,1.8305029,-25.318384
xtal_21.cif,./U3Si5/__initial__/116/xtal_21.cif,73.639206,25.923159
xtal_24.cif,./U3Si5/__initial__/116/xtal_24.cif,-19.970724,22.975094
xtal_27.cif,./U3Si5/__initial__/116/xtal_27.cif,-17.688942,-19.525043
xtal_3.cif,./U3Si5/__initial__/116/xtal_3.cif,71.34708,-41.849285
xtal_32.cif,./U3Si5/__initial__/116/xtal_32.cif,-21.22441,75.039955
xtal_33.cif,./U3Si5/__initial__/116/xtal_33.cif,-65.28439,29.117088
xtal_34.cif,./U3Si5/__initial__/116/xtal_34.cif,68.234215,35.404507
xtal_35.cif,./U3Si5/__initial__/116/xtal_35.cif,-34.385834,9.917497
xtal_37.cif,./U3Si5/__initial__/116/xtal_37.cif,-94.76784,-27.243591
xtal_38.cif,./U3Si5/__initial__/116/xtal_38.cif,112.7938,16.013298
xtal_39.cif,./U3Si5/__initial__/116/xtal_39.cif,58.222145,-4.450362
xtal_4.cif,./U3Si5/__initial__/116/xtal_4.cif,93.8407,-39.147854
xtal_40.cif,./U3Si5/__initial__/116/xtal_40.cif,67.40764,51.077866
xtal_41.cif,./U3Si5/__initial__/116/xtal_41.cif,94.16955,31.74583
xtal_42.cif,./U3Si5/__initial__/116/xtal_42.cif,-98.8102,16.7186
xtal_43.cif,./U3Si5/__initial__/116/xtal_43.cif,91.000694,-29.139706
xtal_44.cif,./U3Si5/__initial__/116/xtal_44.cif,1.7165837,95.835396
xtal_45.cif,./U3Si5/__initial__/116/xtal_45.cif,-7.4005713,-40.714256
xtal_46.cif,./U3Si5/__initial__/116/xtal_46.cif,73.87603,-31.485056
xtal_49.cif,./U3Si5/__initial__/116/xtal_49.cif,90.900246,5.44732
xtal_50.cif,./U3Si5/__initial__/116/xtal_50.cif,-12.744828,93.46464
xtal_51.cif,./U3Si5/__initial__/116/xtal_51.cif,90.15894,-25.114397
xtal_53.cif,./U3Si5/__initial__/116/xtal_53.cif,58.96689,38.931286
xtal_54.cif,./U3Si5/__initial__/116/xtal_54.cif,-50.31244,45.46146
xtal_57.cif,./U3Si5/__initial__/116/xtal_57.cif,30.42428,25.160156
xtal_59.cif,./U3Si5/__initial__/116/xtal_59.cif,45.907246,-72.11371
xtal_6.cif,./U3Si5/__initial__/116/xtal_6.cif,51.934753,-46.208065
xtal_60.cif,./U3Si5/__initial__/116/xtal_60.cif,2.608546,-17.990034
xtal_61.cif,./U3Si5/__initial__/116/xtal_61.cif,55.60067,25.666182
xtal_62.cif,./U3Si5/__initial__/116/xtal_62.cif,54.04896,32.18343
xtal_63.cif,./U3Si5/__initial__/116/xtal_63.cif,83.09309,-51.824303
xtal_66.cif,./U3Si5/__initial__/116/xtal_66.cif,86.99114,8.363071
xtal_67.cif,./U3Si5/__initial__/116/xtal_67.cif,97.302315,-48.96848
xtal_68.cif,./U3Si5/__initial__/116/xtal_68.cif,-4.1745644,-7.3169885
xtal_69.cif,./U3Si5/__initial__/116/xtal_69.cif,62.590298,-36.731403
xtal_7.cif,./U3Si5/__initial__/116/xtal_7.cif,7.533644,63.105125
xtal_71.cif,./U3Si5/__initial__/116/xtal_71.cif,-48.27337,66.58572
xtal_72.cif,./U3Si5/__initial__/116/xtal_72.cif,62.10183,14.985256
xtal_73.cif,./U3Si5/__initial__/116/xtal_73.cif,31.061394,-42.032154
xtal_74.cif,./U3Si5/__initial__/116/xtal_74.cif,-22.584948,19.00574
xtal_75.cif,./U3Si5/__initial__/116/xtal_75.cif,-94.9082,37.188583
xtal_79.cif,./U3Si5/__initial__/116/xtal_79.cif,-24.2427,-0.2968017
xtal_8.cif,./U3Si5/__initial__/116/xtal_8.cif,-44.165638,16.340336
xtal_80.cif,./U3Si5/__initial__/116/xtal_80.cif,77.3049,45.853573
xtal_81.cif,./U3Si5/__initial__/116/xtal_81.cif,32.134777,-38.710106
xtal_86.cif,./U3Si5/__initial__/116/xtal_86.cif,89.53008,38.957928
xtal_87.cif,./U3Si5/__initial__/116/xtal_87.cif,-39.295597,7.109207
xtal_89.cif,./U3Si5/__initial__/116/xtal_89.cif,-15.554402,0.99223834
xtal_9.cif,./U3Si5/__initial__/116/xtal_9.cif,-28.583134,53.140068
xtal_91.cif,./U3Si5/__initial__/116/xtal_91.cif,65.708626,-3.2411547
xtal_93.cif,./U3Si5/__initial__/116/xtal_93.cif,-13.189366,41.851837
xtal_94.cif,./U3Si5/__initial__/116/xtal_94.cif,6.0912256,31.512077
xtal_95.cif,./U3Si5/__initial__/116/xtal_95.cif,104.06107,-4.5505223
xtal_96.cif,./U3Si5/__initial__/116/xtal_96.cif,-2.711947,75.97384
xtal_99.cif,./U3Si5/__initial__/116/xtal_99.cif,82.83013,61.502693
xtal_1.cif,./U3Si5/117/xtal_1.cif,-51.47159,-42.035305
xtal_10.cif,./U3Si5/__initial__/117/xtal_10.cif,-81.80106,-18.753893
xtal_100.cif,./U3Si5/__initial__/117/xtal_100.cif,-62.420444,-50.80867
xtal_11.cif,./U3Si5/__initial__/117/xtal_11.cif,-35.26894,1.7135247
xtal_12.cif,./U3Si5/__initial__/117/xtal_12.cif,97.40864,42.04049
xtal_13.cif,./U3Si5/__initial__/117/xtal_13.cif,-35.220013,-24.751324
xtal_14.cif,./U3Si5/__initial__/117/xtal_14.cif,-3.095771,61.325493
xtal_15.cif,./U3Si5/117/xtal_15.cif,-17.808424,106.12518
xtal_16.cif,./U3Si5/__initial__/117/xtal_16.cif,20.083475,-65.403595
xtal_17.cif,./U3Si5/__initial__/117/xtal_17.cif,49.20916,-86.01017
xtal_18.cif,./U3Si5/__initial__/117/xtal_18.cif,32.96917,-54.286724
xtal_19.cif,./U3Si5/__initial__/117/xtal_19.cif,64.64997,-15.415927
xtal_2.cif,./U3Si5/__initial__/117/xtal_2.cif,-48.961346,38.823257
xtal_20.cif,./U3Si5/__initial__/117/xtal_20.cif,66.99359,-18.81621
xtal_21.cif,./U3Si5/__initial__/117/xtal_21.cif,91.23053,-10.339123
xtal_22.cif,./U3Si5/__initial__/117/xtal_22.cif,12.642266,-106.249916
xtal_23.cif,./U3Si5/__initial__/117/xtal_23.cif,73.280495,31.769594
xtal_24.cif,./U3Si5/__initial__/117/xtal_24.cif,92.592224,-3.3479137
xtal_25.cif,./U3Si5/__initial__/117/xtal_25.cif,-73.98207,46.856575
xtal_26.cif,./U3Si5/__initial__/117/xtal_26.cif,9.51581,60.496193
xtal_27.cif,./U3Si5/__initial__/117/xtal_27.cif,-4.6917386,69.01047
xtal_28.cif,./U3Si5/__initial__/117/xtal_28.cif,-14.514662,42.238583
xtal_29.cif,./U3Si5/__initial__/117/xtal_29.cif,55.96995,22.39005
xtal_3.cif,./U3Si5/__initial__/117/xtal_3.cif,-17.08873,-41.490772
xtal_30.cif,./U3Si5/__initial__/117/xtal_30.cif,99.87566,-46.268562
xtal_31.cif,./U3Si5/__initial__/117/xtal_31.cif,-11.168897,17.403725
xtal_32.cif,./U3Si5/__initial__/117/xtal_32.cif,-37.454483,35.825768
xtal_33.cif,./U3Si5/__initial__/117/xtal_33.cif,100.98433,28.181004
xtal_34.cif,./U3Si5/__initial__/117/xtal_34.cif,-25.347227,51.94971
xtal_36.cif,./U3Si5/__initial__/117/xtal_36.cif,96.308624,10.57163
xtal_37.cif,./U3Si5/__initial__/117/xtal_37.cif,59.462868,20.229658
xtal_38.cif,./U3Si5/__initial__/117/xtal_38.cif,-20.456837,-3.2833724
xtal_39.cif,./U3Si5/__initial__/117/xtal_39.cif,47.72771,-19.802877
xtal_4.cif,./U3Si5/__initial__/117/xtal_4.cif,-22.688162,16.470955
xtal_40.cif,./U3Si5/__initial__/117/xtal_40.cif,90.847435,-15.071421
xtal_41.cif,./U3Si5/__initial__/117/xtal_41.cif,-58.791935,-55.625618
xtal_43.cif,./U3Si5/__initial__/117/xtal_43.cif,94.928215,-37.007374
xtal_46.cif,./U3Si5/__initial__/117/xtal_46.cif,-30.824188,2.5902843
xtal_48.cif,./U3Si5/__initial__/117/xtal_48.cif,58.451786,32.804684
xtal_49.cif,./U3Si5/__initial__/117/xtal_49.cif,98.40285,51.571114
xtal_50.cif,./U3Si5/__initial__/117/xtal_50.cif,100.719086,-39.865845
xtal_54.cif,./U3Si5/__initial__/117/xtal_54.cif,-9.042084,72.08061
xtal_55.cif,./U3Si5/__initial__/117/xtal_55.cif,95.356926,21.194345
xtal_57.cif,./U3Si5/__initial__/117/xtal_57.cif,77.34409,-63.993736
xtal_58.cif,./U3Si5/__initial__/117/xtal_58.cif,95.33564,15.456946
xtal_59.cif,./U3Si5/__initial__/117/xtal_59.cif,88.92758,26.741135
xtal_6.cif,./U3Si5/__initial__/117/xtal_6.cif,-33.693256,6.622278
xtal_60.cif,./U3Si5/__initial__/117/xtal_60.cif,74.336075,-27.807226
xtal_61.cif,./U3Si5/__initial__/117/xtal_61.cif,66.1234,-32.551846
xtal_62.cif,./U3Si5/__initial__/117/xtal_62.cif,47.318497,-72.34444
xtal_63.cif,./U3Si5/__initial__/117/xtal_63.cif,-42.063244,-4.080018
xtal_64.cif,./U3Si5/__initial__/117/xtal_64.cif,55.836414,4.1057205
xtal_65.cif,./U3Si5/__initial__/117/xtal_65.cif,52.399677,-67.02019
xtal_66.cif,./U3Si5/__initial__/117/xtal_66.cif,53.661415,15.784943
xtal_69.cif,./U3Si5/__initial__/117/xtal_69.cif,-86.29057,10.766705
xtal_7.cif,./U3Si5/__initial__/117/xtal_7.cif,13.027137,-71.0556
xtal_71.cif,./U3Si5/__initial__/117/xtal_71.cif,-27.252296,-42.96898
xtal_72.cif,./U3Si5/__initial__/117/xtal_72.cif,89.544655,-1.1578748
xtal_73.cif,./U3Si5/__initial__/117/xtal_73.cif,-48.415314,-46.92027
xtal_74.cif,./U3Si5/__initial__/117/xtal_74.cif,42.66414,-92.71963
xtal_75.cif,./U3Si5/__initial__/117/xtal_75.cif,59.73583,19.007631
xtal_76.cif,./U3Si5/__initial__/117/xtal_76.cif,26.731823,-21.050896
xtal_77.cif,./U3Si5/__initial__/117/xtal_77.cif,49.30026,-92.12311
xtal_78.cif,./U3Si5/__initial__/117/xtal_78.cif,33.62219,-22.516068
xtal_8.cif,./U3Si5/__initial__/117/xtal_8.cif,-45.265125,29.35491
xtal_81.cif,./U3Si5/__initial__/117/xtal_81.cif,92.92202,15.538986
xtal_83.cif,./U3Si5/__initial__/117/xtal_83.cif,-4.634498,76.86411
xtal_84.cif,./U3Si5/__initial__/117/xtal_84.cif,88.281105,71.881584
xtal_85.cif,./U3Si5/__initial__/117/xtal_85.cif,-64.94278,32.170788
xtal_86.cif,./U3Si5/__initial__/117/xtal_86.cif,73.23184,42.401093
xtal_87.cif,./U3Si5/__initial__/117/xtal_87.cif,45.79753,-44.284084
xtal_89.cif,./U3Si5/__initial__/117/xtal_89.cif,67.28341,22.262667
xtal_9.cif,./U3Si5/__initial__/117/xtal_9.cif,-61.985683,62.68677
xtal_90.cif,./U3Si5/__initial__/117/xtal_90.cif,85.07021,-0.9686993
xtal_93.cif,./U3Si5/__initial__/117/xtal_93.cif,-81.646095,53.932255
xtal_94.cif,./U3Si5/__initial__/117/xtal_94.cif,61.140488,-28.77487
xtal_95.cif,./U3Si5/__initial__/117/xtal_95.cif,-32.743347,-44.1292
xtal_96.cif,./U3Si5/__initial__/117/xtal_96.cif,43.46535,-93.757744
xtal_98.cif,./U3Si5/117/xtal_98.cif,29.657028,-75.10267
xtal_99.cif,./U3Si5/__initial__/117/xtal_99.cif,93.03202,62.149654
xtal_100.cif,./U3Si5/__initial__/118/xtal_100.cif,97.18997,-29.278576
xtal_12.cif,./U3Si5/__initial__/118/xtal_12.cif,28.32163,58.331326
xtal_15.cif,./U3Si5/118/xtal_15.cif,6.883096,-14.286716
xtal_16.cif,./U3Si5/__initial__/118/xtal_16.cif,77.05139,51.720215
xtal_17.cif,./U3Si5/__initial__/118/xtal_17.cif,18.806763,32.076664
xtal_18.cif,./U3Si5/__initial__/118/xtal_18.cif,-12.465271,-32.58566
xtal_19.cif,./U3Si5/__initial__/118/xtal_19.cif,28.567863,27.25505
xtal_21.cif,./U3Si5/__initial__/118/xtal_21.cif,12.059383,32.533115
xtal_22.cif,./U3Si5/__initial__/118/xtal_22.cif,88.36334,69.625206
xtal_26.cif,./U3Si5/__initial__/118/xtal_26.cif,82.17276,58.983833
xtal_30.cif,./U3Si5/__initial__/118/xtal_30.cif,91.82313,-30.8095
xtal_36.cif,./U3Si5/118/xtal_36.cif,-1.2444056,4.813746
xtal_37.cif,./U3Si5/__initial__/118/xtal_37.cif,27.766338,-57.834064
xtal_48.cif,./U3Si5/__initial__/118/xtal_48.cif,103.41822,25.437998
xtal_49.cif,./U3Si5/__initial__/118/xtal_49.cif,-43.939137,70.70315
xtal_5.cif,./U3Si5/__initial__/118/xtal_5.cif,-11.256635,37.50207
xtal_50.cif,./U3Si5/__initial__/118/xtal_50.cif,-52.382984,33.291447
xtal_52.cif,./U3Si5/__initial__/118/xtal_52.cif,27.893307,35.39924
xtal_58.cif,./U3Si5/__initial__/118/xtal_58.cif,-5.0846047,87.451126
xtal_6.cif,./U3Si5/__initial__/118/xtal_6.cif,-25.73127,36.199802
xtal_62.cif,./U3Si5/__initial__/118/xtal_62.cif,-7.9237423,36.586613
xtal_64.cif,./U3Si5/118/xtal_64.cif,-52.875095,87.925354
xtal_65.cif,./U3Si5/__initial__/118/xtal_65.cif,104.59078,-39.015507
xtal_67.cif,./U3Si5/__initial__/118/xtal_67.cif,39.176407,-41.739056
xtal_68.cif,./U3Si5/__initial__/118/xtal_68.cif,59.1751,75.104515
xtal_70.cif,./U3Si5/__initial__/118/xtal_70.cif,62.95851,-86.61325
xtal_72.cif,./U3Si5/__initial__/118/xtal_72.cif,-12.436957,25.854544
xtal_73.cif,./U3Si5/__initial__/118/xtal_73.cif,-0.9284294,86.27745
xtal_74.cif,./U3Si5/118/xtal_74.cif,-75.99109,16.846727
xtal_8.cif,./U3Si5/__initial__/118/xtal_8.cif,57.59188,75.35843
xtal_82.cif,./U3Si5/__initial__/118/xtal_82.cif,58.14482,-23.37497
xtal_85.cif,./U3Si5/118/xtal_85.cif,-68.09935,81.20288
xtal_86.cif,./U3Si5/__initial__/118/xtal_86.cif,-20.28027,26.156174
xtal_87.cif,./U3Si5/118/xtal_87.cif,4.633583,-10.919719
xtal_88.cif,./U3Si5/__initial__/118/xtal_88.cif,48.321922,60.666878
xtal_89.cif,./U3Si5/__initial__/118/xtal_89.cif,-42.72429,3.3851228
xtal_9.cif,./U3Si5/__initial__/118/xtal_9.cif,14.512276,58.095913
xtal_92.cif,./U3Si5/__initial__/118/xtal_92.cif,-42.854897,69.18493
xtal_93.cif,./U3Si5/__initial__/118/xtal_93.cif,3.2559817,35.943348
xtal_96.cif,./U3Si5/__initial__/118/xtal_96.cif,-0.74691147,105.385185
xtal_98.cif,./U3Si5/__initial__/118/xtal_98.cif,77.99495,16.564983
xtal_10.cif,./U3Si5/__initial__/119/xtal_10.cif,-20.572172,64.916
xtal_100.cif,./U3Si5/__initial__/119/xtal_100.cif,40.240757,42.986507
xtal_11.cif,./U3Si5/__initial__/119/xtal_11.cif,46.458237,59.57116
xtal_12.cif,./U3Si5/__initial__/119/xtal_12.cif,102.03232,-22.83457
xtal_14.cif,./U3Si5/__initial__/119/xtal_14.cif,101.085495,0.9931996
xtal_16.cif,./U3Si5/__initial__/119/xtal_16.cif,-54.28751,-15.584439
xtal_17.cif,./U3Si5/__initial__/119/xtal_17.cif,116.05906,3.0563114
xtal_18.cif,./U3Si5/__initial__/119/xtal_18.cif,30.820692,59.271767
xtal_19.cif,./U3Si5/__initial__/119/xtal_19.cif,104.92146,11.199071
xtal_20.cif,./U3Si5/__initial__/119/xtal_20.cif,50.068794,-5.797334
xtal_21.cif,./U3Si5/__initial__/119/xtal_21.cif,46.37474,59.93592
xtal_22.cif,./U3Si5/__initial__/119/xtal_22.cif,-43.393036,91.1983
xtal_23.cif,./U3Si5/__initial__/119/xtal_23.cif,59.909332,15.977629
xtal_24.cif,./U3Si5/__initial__/119/xtal_24.cif,44.872612,35.50653
xtal_25.cif,./U3Si5/__initial__/119/xtal_25.cif,94.58172,-33.394802
xtal_26.cif,./U3Si5/__initial__/119/xtal_26.cif,56.72828,-81.10082
xtal_27.cif,./U3Si5/__initial__/119/xtal_27.cif,7.5762944,21.94617
xtal_28.cif,./U3Si5/__initial__/119/xtal_28.cif,3.7417867,49.48622
xtal_29.cif,./U3Si5/__initial__/119/xtal_29.cif,49.827404,-5.32
xtal_31.cif,./U3Si5/__initial__/119/xtal_31.cif,1.7294892,38.663605
xtal_32.cif,./U3Si5/__initial__/119/xtal_32.cif,95.68361,-42.34096
xtal_33.cif,./U3Si5/__initial__/119/xtal_33.cif,8.944236,14.572656
xtal_35.cif,./U3Si5/__initial__/119/xtal_35.cif,37.18422,-50.935905
xtal_36.cif,./U3Si5/__initial__/119/xtal_36.cif,59.243114,76.81077
xtal_37.cif,./U3Si5/__initial__/119/xtal_37.cif,9.606462,41.232063
xtal_38.cif,./U3Si5/__initial__/119/xtal_38.cif,-30.098759,96.620575
xtal_39.cif,./U3Si5/__initial__/119/xtal_39.cif,-70.13945,-13.51028
xtal_4.cif,./U3Si5/__initial__/119/xtal_4.cif,113.47406,26.41802
xtal_42.cif,./U3Si5/__initial__/119/xtal_42.cif,48.14233,64.764694
xtal_43.cif,./U3Si5/__initial__/119/xtal_43.cif,-6.9467874,40.070522
xtal_44.cif,./U3Si5/__initial__/119/xtal_44.cif,67.235054,-45.98876
xtal_45.cif,./U3Si5/__initial__/119/xtal_45.cif,-63.374474,3.5351708
xtal_48.cif,./U3Si5/__initial__/119/xtal_48.cif,65.28771,-49.09312
xtal_49.cif,./U3Si5/__initial__/119/xtal_49.cif,48.74837,59.093464
xtal_5.cif,./U3Si5/__initial__/119/xtal_5.cif,93.63568,31.627024
xtal_50.cif,./U3Si5/__initial__/119/xtal_50.cif,22.175093,44.291077
xtal_52.cif,./U3Si5/__initial__/119/xtal_52.cif,117.127144,5.539911
xtal_53.cif,./U3Si5/__initial__/119/xtal_53.cif,63.098392,-59.889416
xtal_55.cif,./U3Si5/__initial__/119/xtal_55.cif,58.567894,72.05669
xtal_57.cif,./U3Si5/__initial__/119/xtal_57.cif,-10.43937,47.730785
xtal_58.cif,./U3Si5/__initial__/119/xtal_58.cif,-48.72345,17.092424
xtal_6.cif,./U3Si5/__initial__/119/xtal_6.cif,-18.592188,75.79358
xtal_60.cif,./U3Si5/__initial__/119/xtal_60.cif,-9.9056835,75.81277
xtal_61.cif,./U3Si5/__initial__/119/xtal_61.cif,89.15244,52.65798
xtal_62.cif,./U3Si5/__initial__/119/xtal_62.cif,95.17408,-34.289165
xtal_63.cif,./U3Si5/__initial__/119/xtal_63.cif,-42.53331,19.740402
xtal_70.cif,./U3Si5/__initial__/119/xtal_70.cif,-0.86019087,26.53266
xtal_73.cif,./U3Si5/__initial__/119/xtal_73.cif,66.85392,51.56964
xtal_75.cif,./U3Si5/__initial__/119/xtal_75.cif,-53.612724,26.835567
xtal_76.cif,./U3Si5/__initial__/119/xtal_76.cif,-29.652431,-21.754488
xtal_79.cif,./U3Si5/__initial__/119/xtal_79.cif,43.37576,53.37524
xtal_8.cif,./U3Si5/__initial__/119/xtal_8.cif,51.028816,-48.991642
xtal_80.cif,./U3Si5/__initial__/119/xtal_80.cif,52.63265,-35.090202
xtal_81.cif,./U3Si5/__initial__/119/xtal_81.cif,91.10737,-40.954166
xtal_84.cif,./U3Si5/__initial__/119/xtal_84.cif,84.29063,-3.1137233
xtal_85.cif,./U3Si5/__initial__/119/xtal_85.cif,-18.626411,-7.316212
xtal_86.cif,./U3Si5/__initial__/119/xtal_86.cif,39.78235,28.895954
xtal_87.cif,./U3Si5/__initial__/119/xtal_87.cif,67.18424,16.74596
xtal_89.cif,./U3Si5/__initial__/119/xtal_89.cif,-66.05958,96.36075
xtal_9.cif,./U3Si5/__initial__/119/xtal_9.cif,40.18876,29.344477
xtal_91.cif,./U3Si5/__initial__/119/xtal_91.cif,51.952087,-4.6411505
xtal_94.cif,./U3Si5/__initial__/119/xtal_94.cif,-70.035934,37.00197
xtal_96.cif,./U3Si5/__initial__/119/xtal_96.cif,16.754515,4.577406
xtal_97.cif,./U3Si5/__initial__/119/xtal_97.cif,65.858635,-17.551361
xtal_1.cif,./U3Si5/__initial__/121/xtal_1.cif,92.59252,-45.741062
xtal_11.cif,./U3Si5/__initial__/121/xtal_11.cif,60.131355,49.59419
xtal_14.cif,./U3Si5/__initial__/121/xtal_14.cif,-45.515972,-14.71398
xtal_16.cif,./U3Si5/__initial__/121/xtal_16.cif,96.9605,4.108363
xtal_18.cif,./U3Si5/__initial__/121/xtal_18.cif,74.39585,25.338917
xtal_19.cif,./U3Si5/__initial__/121/xtal_19.cif,90.58136,-11.851336
xtal_2.cif,./U3Si5/__initial__/121/xtal_2.cif,32.31371,-18.839148
xtal_20.cif,./U3Si5/__initial__/121/xtal_20.cif,115.4516,27.941765
xtal_21.cif,./U3Si5/__initial__/121/xtal_21.cif,116.68938,5.8513837
xtal_22.cif,./U3Si5/__initial__/121/xtal_22.cif,-28.51787,50.995186
xtal_25.cif,./U3Si5/__initial__/121/xtal_25.cif,72.77954,25.976885
xtal_26.cif,./U3Si5/__initial__/121/xtal_26.cif,84.6077,-18.612053
xtal_27.cif,./U3Si5/__initial__/121/xtal_27.cif,108.68045,17.486868
xtal_28.cif,./U3Si5/__initial__/121/xtal_28.cif,-14.158592,-27.032253
xtal_29.cif,./U3Si5/__initial__/121/xtal_29.cif,96.98198,4.0989976
xtal_3.cif,./U3Si5/__initial__/121/xtal_3.cif,68.85462,16.704672
xtal_33.cif,./U3Si5/__initial__/121/xtal_33.cif,-9.524097,16.476967
xtal_34.cif,./U3Si5/__initial__/121/xtal_34.cif,-67.374245,-2.346766
xtal_38.cif,./U3Si5/__initial__/121/xtal_38.cif,-15.346759,54.26616
xtal_39.cif,./U3Si5/__initial__/121/xtal_39.cif,-25.959993,-31.303694
xtal_40.cif,./U3Si5/__initial__/121/xtal_40.cif,47.74494,-60.748325
xtal_42.cif,./U3Si5/__initial__/121/xtal_42.cif,-46.324425,37.926075
xtal_45.cif,./U3Si5/__initial__/121/xtal_45.cif,-92.789474,37.212128
xtal_46.cif,./U3Si5/__initial__/121/xtal_46.cif,95.032845,42.62025
xtal_48.cif,./U3Si5/__initial__/121/xtal_48.cif,-62.74497,97.05873
xtal_49.cif,./U3Si5/__initial__/121/xtal_49.cif,100.117485,-1.7341765
xtal_5.cif,./U3Si5/__initial__/121/xtal_5.cif,-32.04855,-52.13713
xtal_50.cif,./U3Si5/__initial__/121/xtal_50.cif,112.84545,16.710321
xtal_51.cif,./U3Si5/__initial__/121/xtal_51.cif,94.634,11.155585
xtal_52.cif,./U3Si5/__initial__/121/xtal_52.cif,89.002556,46.708145
xtal_54.cif,./U3Si5/__initial__/121/xtal_54.cif,66.89199,35.02134
xtal_55.cif,./U3Si5/__initial__/121/xtal_55.cif,-26.150972,8.951838
xtal_58.cif,./U3Si5/__initial__/121/xtal_58.cif,92.747734,57.853508
xtal_59.cif,./U3Si5/__initial__/121/xtal_59.cif,-25.073154,-73.794136
xtal_6.cif,./U3Si5/__initial__/121/xtal_6.cif,-3.3962393,55.384857
xtal_60.cif,./U3Si5/__initial__/121/xtal_60.cif,-5.4268694,15.840876
xtal_61.cif,./U3Si5/__initial__/121/xtal_61.cif,-54.695072,39.772892
xtal_62.cif,./U3Si5/__initial__/121/xtal_62.cif,-44.273792,85.122635
xtal_64.cif,./U3Si5/__initial__/121/xtal_64.cif,8.411181,83.083374
xtal_65.cif,./U3Si5/__initial__/121/xtal_65.cif,92.839745,-64.03978
xtal_67.cif,./U3Si5/__initial__/121/xtal_67.cif,116.90844,27.06287
xtal_68.cif,./U3Si5/__initial__/121/xtal_68.cif,34.461792,-45.721703
xtal_69.cif,./U3Si5/__initial__/121/xtal_69.cif,-1.5231193,87.89994
xtal_7.cif,./U3Si5/__initial__/121/xtal_7.cif,-54.333992,-17.263954
xtal_70.cif,./U3Si5/__initial__/121/xtal_70.cif,78.61501,-6.763638
xtal_71.cif,./U3Si5/__initial__/121/xtal_71.cif,-86.3987,-18.168932
xtal_73.cif,./U3Si5/__initial__/121/xtal_73.cif,10.379446,61.985
xtal_75.cif,./U3Si5/__initial__/121/xtal_75.cif,68.74462,20.354305
xtal_78.cif,./U3Si5/__initial__/121/xtal_78.cif,109.60135,-6.7852793
xtal_79.cif,./U3Si5/__initial__/121/xtal_79.cif,84.48564,3.1192315
xtal_81.cif,./U3Si5/__initial__/121/xtal_81.cif,90.71349,-25.560102
xtal_82.cif,./U3Si5/__initial__/121/xtal_82.cif,-52.907658,94.058846
xtal_84.cif,./U3Si5/__initial__/121/xtal_84.cif,81.93967,-14.048165
xtal_85.cif,./U3Si5/__initial__/121/xtal_85.cif,-68.85125,26.877863
xtal_86.cif,./U3Si5/__initial__/121/xtal_86.cif,65.54433,-4.2942886
xtal_88.cif,./U3Si5/__initial__/121/xtal_88.cif,116.585236,10.039047
xtal_89.cif,./U3Si5/__initial__/121/xtal_89.cif,106.055214,-2.8117855
xtal_91.cif,./U3Si5/__initial__/121/xtal_91.cif,115.21159,31.520857
xtal_95.cif,./U3Si5/__initial__/121/xtal_95.cif,67.41699,-48.633373
xtal_98.cif,./U3Si5/__initial__/121/xtal_98.cif,57.306232,-69.43993
xtal_1.cif,./U3Si5/__initial__/123/xtal_1.cif,92.07253,17.095991
xtal_10.cif,./U3Si5/__initial__/123/xtal_10.cif,-4.8352795,-48.99923
xtal_100.cif,./U3Si5/__initial__/123/xtal_100.cif,-89.52514,-9.542609
xtal_11.cif,./U3Si5/__initial__/123/xtal_11.cif,50.823784,-3.7472196
xtal_12.cif,./U3Si5/__initial__/123/xtal_12.cif,-99.481735,17.56953
xtal_13.cif,./U3Si5/__initial__/123/xtal_13.cif,84.4224,-54.76457
xtal_14.cif,./U3Si5/__initial__/123/xtal_14.cif,-12.733709,55.3974
xtal_15.cif,./U3Si5/__initial__/123/xtal_15.cif,59.64025,49.745598
xtal_16.cif,./U3Si5/__initial__/123/xtal_16.cif,91.65186,10.56108
xtal_17.cif,./U3Si5/__initial__/123/xtal_17.cif,-8.924021,27.104017
xtal_18.cif,./U3Si5/__initial__/123/xtal_18.cif,54.449276,-59.441654
xtal_19.cif,./U3Si5/__initial__/123/xtal_19.cif,86.22951,-42.07016
xtal_2.cif,./U3Si5/__initial__/123/xtal_2.cif,52.399532,-1.3514102
xtal_20.cif,./U3Si5/__initial__/123/xtal_20.cif,-62.144867,-45.238712
xtal_21.cif,./U3Si5/__initial__/123/xtal_21.cif,-70.56406,-24.104752
xtal_22.cif,./U3Si5/__initial__/123/xtal_22.cif,-49.957912,46.059654
xtal_23.cif,./U3Si5/__initial__/123/xtal_23.cif,97.96956,29.753155
xtal_24.cif,./U3Si5/__initial__/123/xtal_24.cif,-32.443176,-15.0242405
xtal_25.cif,./U3Si5/__initial__/123/xtal_25.cif,94.447296,8.321238
xtal_26.cif,./U3Si5/__initial__/123/xtal_26.cif,52.421406,-8.68017
xtal_27.cif,./U3Si5/__initial__/123/xtal_27.cif,-27.49445,-5.051514
xtal_28.cif,./U3Si5/__initial__/123/xtal_28.cif,79.29636,55.45861
xtal_29.cif,./U3Si5/__initial__/123/xtal_29.cif,112.085625,3.440703
xtal_3.cif,./U3Si5/__initial__/123/xtal_3.cif,96.640686,-38.72323
xtal_30.cif,./U3Si5/__initial__/123/xtal_30.cif,77.33624,-6.6928596
xtal_31.cif,./U3Si5/__initial__/123/xtal_31.cif,90.41313,58.14734
xtal_32.cif,./U3Si5/__initial__/123/xtal_32.cif,-53.087196,-14.816171
xtal_33.cif,./U3Si5/__initial__/123/xtal_33.cif,77.805954,-57.192993
xtal_34.cif,./U3Si5/123/xtal_34.cif,54.924286,-77.09809
xtal_35.cif,./U3Si5/__initial__/123/xtal_35.cif,92.311226,40.4994
xtal_36.cif,./U3Si5/__initial__/123/xtal_36.cif,42.05079,-56.71463
xtal_37.cif,./U3Si5/__initial__/123/xtal_37.cif,-6.028786,66.54336
xtal_38.cif,./U3Si5/__initial__/123/xtal_38.cif,11.821682,66.688324
xtal_39.cif,./U3Si5/__initial__/123/xtal_39.cif,-2.826902,16.622797
xtal_4.cif,./U3Si5/__initial__/123/xtal_4.cif,-79.339615,-22.976751
xtal_40.cif,./U3Si5/__initial__/123/xtal_40.cif,22.944027,-85.41896
xtal_41.cif,./U3Si5/__initial__/123/xtal_41.cif,74.661736,14.409155
xtal_42.cif,./U3Si5/__initial__/123/xtal_42.cif,100.36526,-40.099274
xtal_43.cif,./U3Si5/__initial__/123/xtal_43.cif,-42.76809,-30.29685
xtal_44.cif,./U3Si5/__initial__/123/xtal_44.cif,98.575836,-32.768505
xtal_45.cif,./U3Si5/__initial__/123/xtal_45.cif,-48.18016,44.153934
xtal_46.cif,./U3Si5/123/xtal_46.cif,116.08541,29.371286
xtal_47.cif,./U3Si5/__initial__/123/xtal_47.cif,44.99461,-3.4437883
xtal_48.cif,./U3Si5/__initial__/123/xtal_48.cif,-13.842726,-44.700756
xtal_49.cif,./U3Si5/__initial__/123/xtal_49.cif,-56.057415,-65.82656
xtal_5.cif,./U3Si5/123/xtal_5.cif,116.452095,33.06006
xtal_50.cif,./U3Si5/__initial__/123/xtal_50.cif,46.46135,22.048914
xtal_51.cif,./U3Si5/__initial__/123/xtal_51.cif,89.97063,57.882256
xtal_52.cif,./U3Si5/__initial__/123/xtal_52.cif,86.62881,58.45021
xtal_53.cif,./U3Si5/123/xtal_53.cif,-80.141106,34.604485
xtal_54.cif,./U3Si5/__initial__/123/xtal_54.cif,94.792435,54.720314
xtal_55.cif,./U3Si5/__initial__/123/xtal_55.cif,85.16029,64.780655
xtal_56.cif,./U3Si5/__initial__/123/xtal_56.cif,-30.576885,-8.227534
xtal_57.cif,./U3Si5/__initial__/123/xtal_57.cif,-35.892544,-17.058905
xtal_58.cif,./U3Si5/__initial__/123/xtal_58.cif,-23.081293,25.458485
xtal_59.cif,./U3Si5/__initial__/123/xtal_59.cif,-63.157223,41.953247
xtal_6.cif,./U3Si5/__initial__/123/xtal_6.cif,-42.52487,-3.1011608
xtal_60.cif,./U3Si5/__initial__/123/xtal_60.cif,69.68936,-70.18659
xtal_61.cif,./U3Si5/__initial__/123/xtal_61.cif,-66.7445,-38.301876
xtal_62.cif,./U3Si5/__initial__/123/xtal_62.cif,82.89994,2.8303149
xtal_63.cif,./U3Si5/__initial__/123/xtal_63.cif,64.61776,-29.920895
xtal_64.cif,./U3Si5/__initial__/123/xtal_64.cif,-12.649602,-76.56093
xtal_65.cif,./U3Si5/123/xtal_65.cif,115.93204,30.020386
xtal_66.cif,./U3Si5/__initial__/123/xtal_66.cif,-26.036388,-48.85542
xtal_67.cif,./U3Si5/__initial__/123/xtal_67.cif,62.590332,43.911686
xtal_68.cif,./U3Si5/__initial__/123/xtal_68.cif,36.207344,-17.086138
xtal_69.cif,./U3Si5/__initial__/123/xtal_69.cif,61.42013,24.314875
xtal_7.cif,./U3Si5/__initial__/123/xtal_7.cif,49.30738,-51.977547
xtal_70.cif,./U3Si5/__initial__/123/xtal_70.cif,91.61869,7.4169025
xtal_71.cif,./U3Si5/__initial__/123/xtal_71.cif,76.040955,9.19437
xtal_72.cif,./U3Si5/__initial__/123/xtal_72.cif,97.788,-4.0310707
xtal_73.cif,./U3Si5/__initial__/123/xtal_73.cif,-41.183273,17.711817
xtal_74.cif,./U3Si5/__initial__/123/xtal_74.cif,80.06094,-34.781055
xtal_75.cif,./U3Si5/__initial__/123/xtal_75.cif,94.28423,46.149715
xtal_76.cif,./U3Si5/__initial__/123/xtal_76.cif,12.627583,-72.103195
xtal_77.cif,./U3Si5/__initial__/123/xtal_77.cif,61.02052,48.958424
xtal_78.cif,./U3Si5/__initial__/123/xtal_78.cif,-27.175953,-27.86157
xtal_79.cif,./U3Si5/__initial__/123/xtal_79.cif,40.297825,1.668621
xtal_8.cif,./U3Si5/123/xtal_8.cif,-10.024584,110.458015
xtal_80.cif,./U3Si5/__initial__/123/xtal_80.cif,92.14571,68.55445
xtal_81.cif,./U3Si5/__initial__/123/xtal_81.cif,7.0417423,-69.37355
xtal_82.cif,./U3Si5/__initial__/123/xtal_82.cif,-15.025454,-43.05933
xtal_83.cif,./U3Si5/__initial__/123/xtal_83.cif,72.055145,58.87425
xtal_84.cif,./U3Si5/__initial__/123/xtal_84.cif,62.965538,-78.39414
xtal_85.cif,./U3Si5/__initial__/123/xtal_85.cif,69.02308,-10.368271
xtal_86.cif,./U3Si5/__initial__/123/xtal_86.cif,95.739815,-43.403076
xtal_87.cif,./U3Si5/__initial__/123/xtal_87.cif,86.92643,19.295599
xtal_88.cif,./U3Si5/123/xtal_88.cif,32.386246,-56.503815
xtal_89.cif,./U3Si5/__initial__/123/xtal_89.cif,79.74387,-43.68796
xtal_9.cif,./U3Si5/123/xtal_9.cif,48.369442,-2.427878
xtal_90.cif,./U3Si5/__initial__/123/xtal_90.cif,43.461063,-52.959538
xtal_91.cif,./U3Si5/__initial__/123/xtal_91.cif,-41.67683,23.14555
xtal_92.cif,./U3Si5/__initial__/123/xtal_92.cif,-7.5869737,-76.33252
xtal_93.cif,./U3Si5/__initial__/123/xtal_93.cif,78.81503,-35.38281
xtal_94.cif,./U3Si5/__initial__/123/xtal_94.cif,47.829453,9.557547
xtal_95.cif,./U3Si5/__initial__/123/xtal_95.cif,71.2368,54.059593
xtal_96.cif,./U3Si5/__initial__/123/xtal_96.cif,-8.187553,16.384865
xtal_97.cif,./U3Si5/__initial__/123/xtal_97.cif,43.188232,-75.80389
xtal_98.cif,./U3Si5/123/xtal_98.cif,-80.227356,-9.862384
xtal_99.cif,./U3Si5/__initial__/123/xtal_99.cif,-51.263153,92.20037
xtal_1.cif,./U3Si5/__initial__/124/xtal_1.cif,71.68901,21.888721
xtal_10.cif,./U3Si5/__initial__/124/xtal_10.cif,110.12546,3.134701
xtal_100.cif,./U3Si5/__initial__/124/xtal_100.cif,-7.874947,56.296783
xtal_11.cif,./U3Si5/__initial__/124/xtal_11.cif,-15.529531,56.143528
xtal_14.cif,./U3Si5/__initial__/124/xtal_14.cif,97.53285,26.966278
xtal_15.cif,./U3Si5/__initial__/124/xtal_15.cif,109.729965,8.258945
xtal_17.cif,./U3Si5/__initial__/124/xtal_17.cif,-15.395734,64.21269
xtal_18.cif,./U3Si5/__initial__/124/xtal_18.cif,-50.84612,44.124184
xtal_2.cif,./U3Si5/__initial__/124/xtal_2.cif,110.14493,-0.9191595
xtal_20.cif,./U3Si5/__initial__/124/xtal_20.cif,79.36351,-28.927004
xtal_21.cif,./U3Si5/__initial__/124/xtal_21.cif,87.177925,60.5541
xtal_22.cif,./U3Si5/__initial__/124/xtal_22.cif,1.0615076,-62.787155
xtal_23.cif,./U3Si5/__initial__/124/xtal_23.cif,-3.4481392,59.99233
xtal_25.cif,./U3Si5/__initial__/124/xtal_25.cif,-97.77994,7.8209004
xtal_26.cif,./U3Si5/__initial__/124/xtal_26.cif,93.77054,-4.413785
xtal_27.cif,./U3Si5/__initial__/124/xtal_27.cif,68.421394,25.957897
xtal_28.cif,./U3Si5/__initial__/124/xtal_28.cif,-50.14005,92.84991
xtal_29.cif,./U3Si5/__initial__/124/xtal_29.cif,91.273384,-42.404453
xtal_31.cif,./U3Si5/__initial__/124/xtal_31.cif,105.7513,-5.2574434
xtal_32.cif,./U3Si5/__initial__/124/xtal_32.cif,-44.017517,2.2827833
xtal_33.cif,./U3Si5/__initial__/124/xtal_33.cif,83.07414,-47.398613
xtal_34.cif,./U3Si5/__initial__/124/xtal_34.cif,115.24357,7.4030027
xtal_35.cif,./U3Si5/__initial__/124/xtal_35.cif,19.845663,-65.43635
xtal_37.cif,./U3Si5/__initial__/124/xtal_37.cif,-41.30392,49.553627
xtal_38.cif,./U3Si5/__initial__/124/xtal_38.cif,116.467606,4.822975
xtal_39.cif,./U3Si5/__initial__/124/xtal_39.cif,78.01178,-37.076286
xtal_4.cif,./U3Si5/__initial__/124/xtal_4.cif,-97.93618,37.24254
xtal_40.cif,./U3Si5/__initial__/124/xtal_40.cif,86.29672,-35.425434
xtal_41.cif,./U3Si5/__initial__/124/xtal_41.cif,111.40694,2.435702
xtal_42.cif,./U3Si5/__initial__/124/xtal_42.cif,29.793535,-43.019157
xtal_43.cif,./U3Si5/__initial__/124/xtal_43.cif,104.999016,-18.375662
xtal_44.cif,./U3Si5/__initial__/124/xtal_44.cif,-7.065576,15.154496
xtal_45.cif,./U3Si5/__initial__/124/xtal_45.cif,6.0572915,-61.668304
xtal_47.cif,./U3Si5/__initial__/124/xtal_47.cif,-16.408531,41.168907
xtal_5.cif,./U3Si5/__initial__/124/xtal_5.cif,-57.550213,27.41668
xtal_50.cif,./U3Si5/__initial__/124/xtal_50.cif,19.061071,-72.27888
xtal_52.cif,./U3Si5/__initial__/124/xtal_52.cif,116.59711,32.90295
xtal_54.cif,./U3Si5/__initial__/124/xtal_54.cif,111.57065,2.4804058
xtal_55.cif,./U3Si5/__initial__/124/xtal_55.cif,4.068141,-62.442005
xtal_56.cif,./U3Si5/__initial__/124/xtal_56.cif,63.364162,-46.712025
xtal_6.cif,./U3Si5/__initial__/124/xtal_6.cif,-40.48892,39.521275
xtal_61.cif,./U3Si5/__initial__/124/xtal_61.cif,99.85433,-1.8537976
xtal_62.cif,./U3Si5/__initial__/124/xtal_62.cif,-19.796154,-36.675167
xtal_63.cif,./U3Si5/__initial__/124/xtal_63.cif,-47.779877,88.84723
xtal_64.cif,./U3Si5/__initial__/124/xtal_64.cif,54.680084,-67.34245
xtal_66.cif,./U3Si5/__initial__/124/xtal_66.cif,-21.91061,40.975567
xtal_67.cif,./U3Si5/__initial__/124/xtal_67.cif,62.640247,44.0004
xtal_68.cif,./U3Si5/__initial__/124/xtal_68.cif,110.21162,5.6312456
xtal_70.cif,./U3Si5/__initial__/124/xtal_70.cif,88.960144,6.6983047
xtal_71.cif,./U3Si5/__initial__/124/xtal_71.cif,112.28114,17.412893
xtal_72.cif,./U3Si5/__initial__/124/xtal_72.cif,-9.705601,105.40937
xtal_73.cif,./U3Si5/__initial__/124/xtal_73.cif,107.57008,19.797623
xtal_75.cif,./U3Si5/__initial__/124/xtal_75.cif,93.64348,-41.728325
xtal_76.cif,./U3Si5/__initial__/124/xtal_76.cif,-21.4714,14.945257
xtal_77.cif,./U3Si5/__initial__/124/xtal_77.cif,-6.319363,75.53898
xtal_8.cif,./U3Si5/__initial__/124/xtal_8.cif,-78.48851,-25.088905
xtal_80.cif,./U3Si5/__initial__/124/xtal_80.cif,-1.2540681,93.32304
xtal_81.cif,./U3Si5/__initial__/124/xtal_81.cif,-35.425102,-84.4835
xtal_82.cif,./U3Si5/__initial__/124/xtal_82.cif,74.862175,25.815958
xtal_84.cif,./U3Si5/__initial__/124/xtal_84.cif,-23.386076,18.079634
xtal_86.cif,./U3Si5/__initial__/124/xtal_86.cif,88.30446,0.6867873
xtal_87.cif,./U3Si5/__initial__/124/xtal_87.cif,-22.487362,11.279235
xtal_89.cif,./U3Si5/__initial__/124/xtal_89.cif,97.03383,-4.5597634
xtal_90.cif,./U3Si5/__initial__/124/xtal_90.cif,92.499306,-3.3959649
xtal_91.cif,./U3Si5/__initial__/124/xtal_91.cif,88.107895,45.67115
xtal_92.cif,./U3Si5/__initial__/124/xtal_92.cif,-51.139454,53.737755
xtal_93.cif,./U3Si5/__initial__/124/xtal_93.cif,-25.979359,-68.18914
xtal_96.cif,./U3Si5/__initial__/124/xtal_96.cif,51.963364,23.797293
xtal_97.cif,./U3Si5/__initial__/124/xtal_97.cif,-21.037455,-3.87448
xtal_98.cif,./U3Si5/__initial__/124/xtal_98.cif,61.792927,30.815176
xtal_12.cif,./U3Si5/__initial__/125/xtal_12.cif,12.550892,64.463104
xtal_13.cif,./U3Si5/__initial__/125/xtal_13.cif,-1.6470959,17.179071
xtal_16.cif,./U3Si5/125/xtal_16.cif,63.10731,-47.754944
xtal_2.cif,./U3Si5/125/xtal_2.cif,118.86743,34.68652
xtal_22.cif,./U3Si5/__initial__/125/xtal_22.cif,114.58515,36.250763
xtal_27.cif,./U3Si5/__initial__/125/xtal_27.cif,94.38214,70.0335
xtal_33.cif,./U3Si5/__initial__/125/xtal_33.cif,93.65819,73.46334
xtal_42.cif,./U3Si5/__initial__/125/xtal_42.cif,90.5644,11.899855
xtal_45.cif,./U3Si5/__initial__/125/xtal_45.cif,95.197296,12.608864
xtal_67.cif,./U3Si5/__initial__/125/xtal_67.cif,45.641632,11.71149
xtal_7.cif,./U3Si5/125/xtal_7.cif,-6.0679154,66.053375
xtal_85.cif,./U3Si5/__initial__/125/xtal_85.cif,97.2684,63.341885
xtal_9.cif,./U3Si5/__initial__/125/xtal_9.cif,97.72891,63.106712
xtal_90.cif,./U3Si5/__initial__/125/xtal_90.cif,88.12622,69.364655
xtal_92.cif,./U3Si5/__initial__/125/xtal_92.cif,81.18247,62.00862
xtal_95.cif,./U3Si5/__initial__/125/xtal_95.cif,90.50248,70.81288
xtal_98.cif,./U3Si5/125/xtal_98.cif,118.86319,34.723724
xtal_1.cif,./U3Si5/__initial__/126/xtal_1.cif,90.53736,41.865005
xtal_10.cif,./U3Si5/__initial__/126/xtal_10.cif,88.579926,46.613903
xtal_11.cif,./U3Si5/__initial__/126/xtal_11.cif,-43.150677,86.615364
xtal_12.cif,./U3Si5/__initial__/126/xtal_12.cif,81.55173,31.171852
xtal_13.cif,./U3Si5/__initial__/126/xtal_13.cif,1.5016887,95.43412
xtal_14.cif,./U3Si5/__initial__/126/xtal_14.cif,68.34826,16.431087
xtal_16.cif,./U3Si5/__initial__/126/xtal_16.cif,94.09963,-36.054283
xtal_19.cif,./U3Si5/__initial__/126/xtal_19.cif,92.28994,60.617786
xtal_2.cif,./U3Si5/__initial__/126/xtal_2.cif,-62.45506,31.998268
xtal_21.cif,./U3Si5/__initial__/126/xtal_21.cif,38.63584,-59.87692
xtal_22.cif,./U3Si5/__initial__/126/xtal_22.cif,115.6847,29.364061
xtal_26.cif,./U3Si5/__initial__/126/xtal_26.cif,55.564312,-38.292267
xtal_27.cif,./U3Si5/__initial__/126/xtal_27.cif,0.9802428,61.846313
xtal_29.cif,./U3Si5/__initial__/126/xtal_29.cif,-51.23839,23.67102
xtal_3.cif,./U3Si5/__initial__/126/xtal_3.cif,99.354965,50.988827
xtal_30.cif,./U3Si5/__initial__/126/xtal_30.cif,92.90949,-30.265354
xtal_31.cif,./U3Si5/__initial__/126/xtal_31.cif,4.411079,99.766594
xtal_32.cif,./U3Si5/__initial__/126/xtal_32.cif,93.54081,67.99669
xtal_33.cif,./U3Si5/__initial__/126/xtal_33.cif,107.428215,37.868332
xtal_36.cif,./U3Si5/__initial__/126/xtal_36.cif,-7.556851,60.51223
xtal_39.cif,./U3Si5/__initial__/126/xtal_39.cif,83.13916,22.772375
xtal_41.cif,./U3Si5/__initial__/126/xtal_41.cif,78.112,-6.7118587
xtal_42.cif,./U3Si5/__initial__/126/xtal_42.cif,-25.836042,17.028809
xtal_45.cif,./U3Si5/__initial__/126/xtal_45.cif,-26.858475,52.70501
xtal_46.cif,./U3Si5/__initial__/126/xtal_46.cif,85.9011,2.0712001
xtal_47.cif,./U3Si5/__initial__/126/xtal_47.cif,106.73771,-9.330661
xtal_49.cif,./U3Si5/__initial__/126/xtal_49.cif,-13.037763,40.911877
xtal_50.cif,./U3Si5/__initial__/126/xtal_50.cif,-21.178585,-63.4273
xtal_51.cif,./U3Si5/__initial__/126/xtal_51.cif,83.046165,-75.717995
xtal_54.cif,./U3Si5/__initial__/126/xtal_54.cif,-90.55459,46.532757
xtal_57.cif,./U3Si5/__initial__/126/xtal_57.cif,-117.646904,23.831324
xtal_58.cif,./U3Si5/__initial__/126/xtal_58.cif,35.710014,-18.014547
xtal_6.cif,./U3Si5/__initial__/126/xtal_6.cif,-115.807785,9.571468
xtal_64.cif,./U3Si5/__initial__/126/xtal_64.cif,96.877266,52.045948
xtal_65.cif,./U3Si5/__initial__/126/xtal_65.cif,-38.59247,31.379946
xtal_66.cif,./U3Si5/__initial__/126/xtal_66.cif,38.62002,-1.1583458
xtal_69.cif,./U3Si5/__initial__/126/xtal_69.cif,114.108665,16.48857
xtal_7.cif,./U3Si5/__initial__/126/xtal_7.cif,88.80492,10.433202
xtal_70.cif,./U3Si5/__initial__/126/xtal_70.cif,100.43096,21.230341
xtal_73.cif,./U3Si5/__initial__/126/xtal_73.cif,10.635198,98.28295
xtal_8.cif,./U3Si5/__initial__/126/xtal_8.cif,-17.425852,57.740803
xtal_80.cif,./U3Si5/__initial__/126/xtal_80.cif,113.26106,29.74524
xtal_81.cif,./U3Si5/__initial__/126/xtal_81.cif,-5.684571,66.87602
xtal_82.cif,./U3Si5/__initial__/126/xtal_82.cif,-54.67097,-0.2098017
xtal_83.cif,./U3Si5/__initial__/126/xtal_83.cif,-48.51646,98.04801
xtal_84.cif,./U3Si5/__initial__/126/xtal_84.cif,-11.015738,-63.97761
xtal_85.cif,./U3Si5/__initial__/126/xtal_85.cif,90.64703,2.4304929
xtal_90.cif,./U3Si5/__initial__/126/xtal_90.cif,101.63637,-16.989973
xtal_92.cif,./U3Si5/__initial__/126/xtal_92.cif,112.08662,16.646751
xtal_95.cif,./U3Si5/__initial__/126/xtal_95.cif,-17.746723,91.757774
xtal_96.cif,./U3Si5/__initial__/126/xtal_96.cif,-74.28974,-47.503914
xtal_97.cif,./U3Si5/__initial__/126/xtal_97.cif,91.443,-2.6627064
xtal_10.cif,./U3Si5/__initial__/127/xtal_10.cif,106.303986,-13.741801
xtal_100.cif,./U3Si5/__initial__/127/xtal_100.cif,-51.399666,44.762054
xtal_11.cif,./U3Si5/__initial__/127/xtal_11.cif,-60.275635,59.35771
xtal_13.cif,./U3Si5/__initial__/127/xtal_13.cif,68.14269,15.793876
xtal_14.cif,./U3Si5/127/xtal_14.cif,20.853134,-54.894928
xtal_19.cif,./U3Si5/__initial__/127/xtal_19.cif,98.07235,61.225166
xtal_2.cif,./U3Si5/__initial__/127/xtal_2.cif,11.947666,62.711483
xtal_20.cif,./U3Si5/__initial__/127/xtal_20.cif,88.89813,10.944714
xtal_24.cif,./U3Si5/__initial__/127/xtal_24.cif,71.540054,-6.476034
xtal_26.cif,./U3Si5/__initial__/127/xtal_26.cif,71.836464,37.34501
xtal_28.cif,./U3Si5/__initial__/127/xtal_28.cif,110.88383,36.171864
xtal_29.cif,./U3Si5/__initial__/127/xtal_29.cif,98.74245,54.124535
xtal_3.cif,./U3Si5/__initial__/127/xtal_3.cif,108.96166,7.471482
xtal_30.cif,./U3Si5/__initial__/127/xtal_30.cif,77.551926,16.532072
xtal_31.cif,./U3Si5/__initial__/127/xtal_31.cif,107.4127,37.76349
xtal_32.cif,./U3Si5/__initial__/127/xtal_32.cif,67.46864,-48.827843
xtal_33.cif,./U3Si5/__initial__/127/xtal_33.cif,82.03597,59.08702
xtal_34.cif,./U3Si5/127/xtal_34.cif,-83.15817,55.717945
xtal_35.cif,./U3Si5/__initial__/127/xtal_35.cif,-18.186785,69.961754
xtal_36.cif,./U3Si5/__initial__/127/xtal_36.cif,62.728874,20.651457
xtal_38.cif,./U3Si5/__initial__/127/xtal_38.cif,-63.973476,61.508442
xtal_39.cif,./U3Si5/__initial__/127/xtal_39.cif,-28.54621,89.51428
xtal_40.cif,./U3Si5/__initial__/127/xtal_40.cif,96.01838,10.607026
xtal_42.cif,./U3Si5/__initial__/127/xtal_42.cif,-51.922173,52.011795
xtal_46.cif,./U3Si5/__initial__/127/xtal_46.cif,-30.977327,2.8782358
xtal_49.cif,./U3Si5/__initial__/127/xtal_49.cif,62.199905,16.909355
xtal_5.cif,./U3Si5/__initial__/127/xtal_5.cif,40.684906,3.881956
xtal_50.cif,./U3Si5/__initial__/127/xtal_50.cif,64.938614,47.79723
xtal_52.cif,./U3Si5/__initial__/127/xtal_52.cif,31.667833,-13.710811
xtal_54.cif,./U3Si5/__initial__/127/xtal_54.cif,41.991287,0.084622845
xtal_55.cif,./U3Si5/__initial__/127/xtal_55.cif,34.730724,-26.842972
xtal_57.cif,./U3Si5/__initial__/127/xtal_57.cif,90.06752,57.328346
xtal_58.cif,./U3Si5/__initial__/127/xtal_58.cif,94.75055,70.11883
xtal_59.cif,./U3Si5/__initial__/127/xtal_59.cif,110.15068,36.753742
xtal_64.cif,./U3Si5/__initial__/127/xtal_64.cif,99.84242,-27.253704
xtal_66.cif,./U3Si5/__initial__/127/xtal_66.cif,66.73476,56.62544
xtal_69.cif,./U3Si5/__initial__/127/xtal_69.cif,44.11279,17.377708
xtal_7.cif,./U3Si5/__initial__/127/xtal_7.cif,75.45873,-3.794827
xtal_72.cif,./U3Si5/__initial__/127/xtal_72.cif,52.603344,-2.2372785
xtal_77.cif,./U3Si5/__initial__/127/xtal_77.cif,67.69052,46.335617
xtal_78.cif,./U3Si5/__initial__/127/xtal_78.cif,69.18268,-50.156975
xtal_79.cif,./U3Si5/__initial__/127/xtal_79.cif,9.336194,81.86896
xtal_8.cif,./U3Si5/__initial__/127/xtal_8.cif,-70.64527,-63.58093
xtal_81.cif,./U3Si5/__initial__/127/xtal_81.cif,11.529023,80.39425
xtal_84.cif,./U3Si5/__initial__/127/xtal_84.cif,80.77065,61.27884
xtal_85.cif,./U3Si5/__initial__/127/xtal_85.cif,50.289715,19.742002
xtal_87.cif,./U3Si5/__initial__/127/xtal_87.cif,58.958836,39.39222
xtal_88.cif,./U3Si5/__initial__/127/xtal_88.cif,89.3926,56.28809
xtal_89.cif,./U3Si5/__initial__/127/xtal_89.cif,34.358105,-32.59474
xtal_90.cif,./U3Si5/__initial__/127/xtal_90.cif,110.478,36.495342
xtal_92.cif,./U3Si5/__initial__/127/xtal_92.cif,49.66638,8.599221
xtal_93.cif,./U3Si5/__initial__/127/xtal_93.cif,11.145898,66.22881
xtal_94.cif,./U3Si5/__initial__/127/xtal_94.cif,12.08798,82.8314
xtal_95.cif,./U3Si5/__initial__/127/xtal_95.cif,92.11032,70.68086
xtal_96.cif,./U3Si5/__initial__/127/xtal_96.cif,79.55727,48.46805
xtal_97.cif,./U3Si5/__initial__/127/xtal_97.cif,93.988686,-7.142817
xtal_98.cif,./U3Si5/__initial__/127/xtal_98.cif,98.28507,25.310816
xtal_11.cif,./U3Si5/__initial__/128/xtal_11.cif,108.522736,37.785275
xtal_19.cif,./U3Si5/__initial__/128/xtal_19.cif,7.2204905,98.99724
xtal_28.cif,./U3Si5/128/xtal_28.cif,-13.781092,101.92844
xtal_35.cif,./U3Si5/__initial__/128/xtal_35.cif,108.58673,37.72648
xtal_44.cif,./U3Si5/__initial__/128/xtal_44.cif,100.26101,20.220436
xtal_47.cif,./U3Si5/__initial__/128/xtal_47.cif,8.651222,109.744316
xtal_48.cif,./U3Si5/__initial__/128/xtal_48.cif,-37.312923,-3.8559937
xtal_49.cif,./U3Si5/__initial__/128/xtal_49.cif,93.865875,63.25713
xtal_56.cif,./U3Si5/__initial__/128/xtal_56.cif,-43.493988,20.795053
xtal_69.cif,./U3Si5/__initial__/128/xtal_69.cif,118.63202,34.4324
xtal_70.cif,./U3Si5/__initial__/128/xtal_70.cif,88.10188,69.36986
xtal_75.cif,./U3Si5/__initial__/128/xtal_75.cif,102.00153,27.287878
xtal_79.cif,./U3Si5/__initial__/128/xtal_79.cif,-13.2831745,76.416565
xtal_84.cif,./U3Si5/__initial__/128/xtal_84.cif,113.86927,28.162685
xtal_89.cif,./U3Si5/__initial__/128/xtal_89.cif,88.81248,49.115433
xtal_10.cif,./U3Si5/__initial__/129/xtal_10.cif,-25.697462,82.7084
xtal_100.cif,./U3Si5/__initial__/129/xtal_100.cif,90.13447,-0.040688816
xtal_11.cif,./U3Si5/__initial__/129/xtal_11.cif,1.671806,91.91842
xtal_13.cif,./U3Si5/__initial__/129/xtal_13.cif,-14.422784,-60.656044
xtal_14.cif,./U3Si5/__initial__/129/xtal_14.cif,90.89093,-8.64697
xtal_15.cif,./U3Si5/__initial__/129/xtal_15.cif,-67.75414,-28.405487
xtal_16.cif,./U3Si5/129/xtal_16.cif,39.418125,0.9732857
xtal_18.cif,./U3Si5/__initial__/129/xtal_18.cif,68.71953,-9.976475
xtal_19.cif,./U3Si5/__initial__/129/xtal_19.cif,-7.40612,-56.38904
xtal_20.cif,./U3Si5/__initial__/129/xtal_20.cif,79.07056,46.289066
xtal_22.cif,./U3Si5/__initial__/129/xtal_22.cif,33.233723,-25.105564
xtal_23.cif,./U3Si5/__initial__/129/xtal_23.cif,40.389313,7.9599676
xtal_24.cif,./U3Si5/__initial__/129/xtal_24.cif,64.78242,22.933718
xtal_25.cif,./U3Si5/__initial__/129/xtal_25.cif,110.91238,29.687113
xtal_28.cif,./U3Si5/__initial__/129/xtal_28.cif,52.696728,10.592173
xtal_29.cif,./U3Si5/__initial__/129/xtal_29.cif,-20.070679,22.43025
xtal_3.cif,./U3Si5/__initial__/129/xtal_3.cif,70.932755,21.330507
xtal_30.cif,./U3Si5/129/xtal_30.cif,-55.17137,73.83417
xtal_31.cif,./U3Si5/129/xtal_31.cif,36.695152,78.17435
xtal_32.cif,./U3Si5/__initial__/129/xtal_32.cif,97.297424,-32.680042
xtal_34.cif,./U3Si5/__initial__/129/xtal_34.cif,74.559845,10.861901
xtal_35.cif,./U3Si5/__initial__/129/xtal_35.cif,-50.08217,-2.78933
xtal_37.cif,./U3Si5/__initial__/129/xtal_37.cif,40.83064,16.232336
xtal_38.cif,./U3Si5/__initial__/129/xtal_38.cif,-42.111145,40.434357
xtal_39.cif,./U3Si5/__initial__/129/xtal_39.cif,40.078693,13.790129
xtal_4.cif,./U3Si5/__initial__/129/xtal_4.cif,-35.064213,-43.74727
xtal_41.cif,./U3Si5/__initial__/129/xtal_41.cif,57.03111,-32.830822
xtal_42.cif,./U3Si5/__initial__/129/xtal_42.cif,-43.68162,14.37315
xtal_43.cif,./U3Si5/__initial__/129/xtal_43.cif,10.490272,58.14962
xtal_44.cif,./U3Si5/__initial__/129/xtal_44.cif,-42.676964,83.4143
xtal_45.cif,./U3Si5/__initial__/129/xtal_45.cif,-92.79415,9.608335
xtal_46.cif,./U3Si5/129/xtal_46.cif,49.762184,-74.55384
xtal_47.cif,./U3Si5/__initial__/129/xtal_47.cif,83.73796,-55.61125
xtal_48.cif,./U3Si5/__initial__/129/xtal_48.cif,104.78361,-36.361427
xtal_49.cif,./U3Si5/__initial__/129/xtal_49.cif,-58.286858,-10.4084215
xtal_50.cif,./U3Si5/__initial__/129/xtal_50.cif,-44.932476,34.701515
xtal_54.cif,./U3Si5/__initial__/129/xtal_54.cif,-25.611238,102.887436
xtal_55.cif,./U3Si5/__initial__/129/xtal_55.cif,56.237206,40.91067
xtal_56.cif,./U3Si5/129/xtal_56.cif,84.36291,-65.14162
xtal_6.cif,./U3Si5/__initial__/129/xtal_6.cif,93.50253,2.686623
xtal_60.cif,./U3Si5/__initial__/129/xtal_60.cif,11.438294,82.18698
xtal_61.cif,./U3Si5/__initial__/129/xtal_61.cif,-31.708061,53.308002
xtal_63.cif,./U3Si5/__initial__/129/xtal_63.cif,95.27153,73.349655
xtal_64.cif,./U3Si5/__initial__/129/xtal_64.cif,66.06623,47.472393
xtal_65.cif,./U3Si5/129/xtal_65.cif,63.44242,-50.22769
xtal_66.cif,./U3Si5/__initial__/129/xtal_66.cif,49.671814,-2.3010025
xtal_68.cif,./U3Si5/__initial__/129/xtal_68.cif,12.075682,-58.220512
xtal_69.cif,./U3Si5/__initial__/129/xtal_69.cif,79.67332,48.136593
xtal_7.cif,./U3Si5/__initial__/129/xtal_7.cif,96.07198,47.21048
xtal_73.cif,./U3Si5/__initial__/129/xtal_73.cif,66.8499,48.999638
xtal_74.cif,./U3Si5/__initial__/129/xtal_74.cif,56.505795,1.3576859
xtal_75.cif,./U3Si5/__initial__/129/xtal_75.cif,52.56278,-1.9953195
xtal_76.cif,./U3Si5/__initial__/129/xtal_76.cif,91.566986,-14.185795
xtal_78.cif,./U3Si5/__initial__/129/xtal_78.cif,42.05882,-15.987862
xtal_79.cif,./U3Si5/__initial__/129/xtal_79.cif,10.991363,91.386696
xtal_8.cif,./U3Si5/__initial__/129/xtal_8.cif,-18.292246,37.553394
xtal_80.cif,./U3Si5/__initial__/129/xtal_80.cif,-33.704773,-28.069098
xtal_81.cif,./U3Si5/__initial__/129/xtal_81.cif,10.87594,89.90158
xtal_83.cif,./U3Si5/__initial__/129/xtal_83.cif,80.1189,-4.0794287
xtal_85.cif,./U3Si5/__initial__/129/xtal_85.cif,41.79752,-85.905426
xtal_87.cif,./U3Si5/__initial__/129/xtal_87.cif,59.052326,-26.081915
xtal_88.cif,./U3Si5/__initial__/129/xtal_88.cif,3.9482846,-59.08084
xtal_89.cif,./U3Si5/129/xtal_89.cif,62.288605,-49.70097
xtal_9.cif,./U3Si5/__initial__/129/xtal_9.cif,81.22343,59.91413
xtal_90.cif,./U3Si5/__initial__/129/xtal_90.cif,10.877732,89.768845
xtal_91.cif,./U3Si5/__initial__/129/xtal_91.cif,-36.975697,79.7762
xtal_92.cif,./U3Si5/__initial__/129/xtal_92.cif,-26.406664,100.249695
xtal_94.cif,./U3Si5/__initial__/129/xtal_94.cif,67.757,46.426487
xtal_95.cif,./U3Si5/__initial__/129/xtal_95.cif,109.18572,36.98439
xtal_96.cif,./U3Si5/129/xtal_96.cif,-84.58452,67.218796
xtal_97.cif,./U3Si5/__initial__/129/xtal_97.cif,3.2517319,87.52602
xtal_1.cif,./U3Si5/__initial__/131/xtal_1.cif,53.95593,0.64200634
xtal_10.cif,./U3Si5/__initial__/131/xtal_10.cif,36.879623,-56.829002
xtal_100.cif,./U3Si5/__initial__/131/xtal_100.cif,81.06965,-45.084312
xtal_11.cif,./U3Si5/__initial__/131/xtal_11.cif,2.7785292,-56.815914
xtal_12.cif,./U3Si5/__initial__/131/xtal_12.cif,-2.2435055,-45.300503
xtal_13.cif,./U3Si5/131/xtal_13.cif,18.128878,-44.700836
xtal_14.cif,./U3Si5/__initial__/131/xtal_14.cif,76.48749,-77.10272
xtal_15.cif,./U3Si5/131/xtal_15.cif,-23.749674,77.19264
xtal_16.cif,./U3Si5/__initial__/131/xtal_16.cif,67.81606,-75.707085
xtal_17.cif,./U3Si5/__initial__/131/xtal_17.cif,35.603733,-62.010548
xtal_18.cif,./U3Si5/__initial__/131/xtal_18.cif,44.663876,-50.292294
xtal_19.cif,./U3Si5/__initial__/131/xtal_19.cif,-43.49898,-30.222977
xtal_2.cif,./U3Si5/__initial__/131/xtal_2.cif,-45.517303,23.124023
xtal_20.cif,./U3Si5/__initial__/131/xtal_20.cif,-39.8009,-18.684372
xtal_21.cif,./U3Si5/__initial__/131/xtal_21.cif,-28.501904,-16.707607
xtal_22.cif,./U3Si5/__initial__/131/xtal_22.cif,-61.05411,-44.19577
xtal_23.cif,./U3Si5/__initial__/131/xtal_23.cif,-99.07402,1.3876114
xtal_24.cif,./U3Si5/__initial__/131/xtal_24.cif,-25.315489,-45.20308
xtal_25.cif,./U3Si5/__initial__/131/xtal_25.cif,-43.285088,41.320587
xtal_26.cif,./U3Si5/__initial__/131/xtal_26.cif,59.815655,-10.61822
xtal_27.cif,./U3Si5/__initial__/131/xtal_27.cif,40.55903,1.4082301
xtal_28.cif,./U3Si5/__initial__/131/xtal_28.cif,96.711945,-54.02816
xtal_29.cif,./U3Si5/__initial__/131/xtal_29.cif,47.063385,-79.36376
xtal_3.cif,./U3Si5/__initial__/131/xtal_3.cif,60.756973,12.606253
xtal_30.cif,./U3Si5/__initial__/131/xtal_30.cif,-41.382797,11.147257
xtal_31.cif,./U3Si5/__initial__/131/xtal_31.cif,100.6281,-35.15797
xtal_32.cif,./U3Si5/__initial__/131/xtal_32.cif,-26.801628,12.445037
xtal_33.cif,./U3Si5/__initial__/131/xtal_33.cif,106.10529,-0.5431858
xtal_34.cif,./U3Si5/__initial__/131/xtal_34.cif,104.08257,-8.667523
xtal_35.cif,./U3Si5/__initial__/131/xtal_35.cif,96.395546,-25.957193
xtal_36.cif,./U3Si5/__initial__/131/xtal_36.cif,65.11877,-20.385347
xtal_37.cif,./U3Si5/__initial__/131/xtal_37.cif,93.339676,-56.67778
xtal_38.cif,./U3Si5/__initial__/131/xtal_38.cif,88.39683,26.663609
xtal_39.cif,./U3Si5/__initial__/131/xtal_39.cif,12.167281,59.525394
xtal_4.cif,./U3Si5/__initial__/131/xtal_4.cif,41.11583,-51.170044
xtal_40.cif,./U3Si5/__initial__/131/xtal_40.cif,-21.365944,0.9832831
xtal_41.cif,./U3Si5/__initial__/131/xtal_41.cif,52.342705,-5.019953
xtal_42.cif,./U3Si5/__initial__/131/xtal_42.cif,-14.638984,-50.40668
xtal_43.cif,./U3Si5/__initial__/131/xtal_43.cif,-18.692022,-54.142395
xtal_44.cif,./U3Si5/__initial__/131/xtal_44.cif,79.42138,51.34863
xtal_45.cif,./U3Si5/__initial__/131/xtal_45.cif,-8.991728,-65.12493
xtal_46.cif,./U3Si5/__initial__/131/xtal_46.cif,99.75811,-43.94567
xtal_47.cif,./U3Si5/__initial__/131/xtal_47.cif,107.88109,-18.551216
xtal_48.cif,./U3Si5/__initial__/131/xtal_48.cif,45.398155,2.6051764
xtal_49.cif,./U3Si5/__initial__/131/xtal_49.cif,41.22791,14.296502
xtal_5.cif,./U3Si5/__initial__/131/xtal_5.cif,61.853584,30.966532
xtal_50.cif,./U3Si5/__initial__/131/xtal_50.cif,50.46132,-77.42464
xtal_51.cif,./U3Si5/__initial__/131/xtal_51.cif,-52.679314,5.586325
xtal_52.cif,./U3Si5/__initial__/131/xtal_52.cif,6.7565455,-59.78701
xtal_53.cif,./U3Si5/__initial__/131/xtal_53.cif,86.97861,-50.53538
xtal_54.cif,./U3Si5/__initial__/131/xtal_54.cif,-59.625507,-62.42302
xtal_55.cif,./U3Si5/__initial__/131/xtal_55.cif,71.78966,40.534626
xtal_56.cif,./U3Si5/__initial__/131/xtal_56.cif,40.883656,1.410146
xtal_57.cif,./U3Si5/__initial__/131/xtal_57.cif,80.97614,-34.099186
xtal_58.cif,./U3Si5/__initial__/131/xtal_58.cif,-19.216265,47.709507
xtal_59.cif,./U3Si5/__initial__/131/xtal_59.cif,-8.74267,25.578514
xtal_6.cif,./U3Si5/__initial__/131/xtal_6.cif,-40.06358,56.469147
xtal_60.cif,./U3Si5/__initial__/131/xtal_60.cif,64.80293,5.059135
xtal_61.cif,./U3Si5/__initial__/131/xtal_61.cif,61.73832,24.172247
xtal_62.cif,./U3Si5/__initial__/131/xtal_62.cif,106.922676,-14.292867
xtal_63.cif,./U3Si5/__initial__/131/xtal_63.cif,96.13301,39.29664
xtal_64.cif,./U3Si5/__initial__/131/xtal_64.cif,89.30985,-9.968536
xtal_65.cif,./U3Si5/__initial__/131/xtal_65.cif,52.746403,-61.15088
xtal_66.cif,./U3Si5/131/xtal_66.cif,-11.849647,1.1681728
xtal_67.cif,./U3Si5/__initial__/131/xtal_67.cif,-33.80627,-14.942996
xtal_68.cif,./U3Si5/__initial__/131/xtal_68.cif,106.29203,-27.780287
xtal_69.cif,./U3Si5/__initial__/131/xtal_69.cif,67.98537,-32.937664
xtal_7.cif,./U3Si5/131/xtal_7.cif,-49.915276,-44.240887
xtal_70.cif,./U3Si5/__initial__/131/xtal_70.cif,-74.75195,-41.846455
xtal_71.cif,./U3Si5/__initial__/131/xtal_71.cif,8.084069,-95.32363
xtal_72.cif,./U3Si5/__initial__/131/xtal_72.cif,64.34987,-51.149162
xtal_73.cif,./U3Si5/__initial__/131/xtal_73.cif,108.372826,32.087696
xtal_74.cif,./U3Si5/__initial__/131/xtal_74.cif,-24.818144,-4.8163295
xtal_75.cif,./U3Si5/__initial__/131/xtal_75.cif,84.10096,-68.037285
xtal_76.cif,./U3Si5/__initial__/131/xtal_76.cif,-54.805153,-75.46789
xtal_77.cif,./U3Si5/__initial__/131/xtal_77.cif,92.63202,-42.554874
xtal_78.cif,./U3Si5/__initial__/131/xtal_78.cif,86.82553,-27.557793
xtal_79.cif,./U3Si5/__initial__/131/xtal_79.cif,37.74407,-87.773155
xtal_8.cif,./U3Si5/__initial__/131/xtal_8.cif,-38.544876,-73.23933
xtal_80.cif,./U3Si5/__initial__/131/xtal_80.cif,-5.998222,-98.75293
xtal_81.cif,./U3Si5/__initial__/131/xtal_81.cif,14.198859,-95.50503
xtal_82.cif,./U3Si5/__initial__/131/xtal_82.cif,66.55134,-5.8934717
xtal_83.cif,./U3Si5/__initial__/131/xtal_83.cif,96.27713,-12.638536
xtal_84.cif,./U3Si5/__initial__/131/xtal_84.cif,97.06387,27.620378
xtal_85.cif,./U3Si5/__initial__/131/xtal_85.cif,87.51159,-58.38422
xtal_86.cif,./U3Si5/__initial__/131/xtal_86.cif,-47.527664,-23.178421
xtal_87.cif,./U3Si5/__initial__/131/xtal_87.cif,-3.4206543,15.610226
xtal_88.cif,./U3Si5/__initial__/131/xtal_88.cif,-40.79742,23.96654
xtal_89.cif,./U3Si5/131/xtal_89.cif,-79.9264,57.325603
xtal_9.cif,./U3Si5/131/xtal_9.cif,-83.543945,20.849524
xtal_90.cif,./U3Si5/__initial__/131/xtal_90.cif,74.3874,-77.95087
xtal_91.cif,./U3Si5/__initial__/131/xtal_91.cif,-36.760735,76.409996
xtal_92.cif,./U3Si5/__initial__/131/xtal_92.cif,107.114624,20.486275
xtal_93.cif,./U3Si5/131/xtal_93.cif,-83.9234,21.031387
xtal_94.cif,./U3Si5/__initial__/131/xtal_94.cif,45.52207,-84.391075
xtal_95.cif,./U3Si5/__initial__/131/xtal_95.cif,54.567554,-11.36722
xtal_96.cif,./U3Si5/__initial__/131/xtal_96.cif,11.659511,61.721546
xtal_97.cif,./U3Si5/__initial__/131/xtal_97.cif,-40.231842,-58.791862
xtal_98.cif,./U3Si5/__initial__/131/xtal_98.cif,-46.949738,27.955505
xtal_99.cif,./U3Si5/__initial__/131/xtal_99.cif,-6.8114514,-65.58083
xtal_1.cif,./U3Si5/__initial__/132/xtal_1.cif,-54.761894,-3.7121677
xtal_10.cif,./U3Si5/__initial__/132/xtal_10.cif,64.90364,-43.548737
xtal_100.cif,./U3Si5/__initial__/132/xtal_100.cif,66.086075,-64.69441
xtal_11.cif,./U3Si5/__initial__/132/xtal_11.cif,97.37845,23.779291
xtal_12.cif,./U3Si5/__initial__/132/xtal_12.cif,38.53794,-66.98615
xtal_13.cif,./U3Si5/__initial__/132/xtal_13.cif,65.60417,-65.07609
xtal_14.cif,./U3Si5/__initial__/132/xtal_14.cif,-57.530334,43.77013
xtal_15.cif,./U3Si5/__initial__/132/xtal_15.cif,-39.84617,39.539165
xtal_16.cif,./U3Si5/__initial__/132/xtal_16.cif,105.51329,-30.295055
xtal_17.cif,./U3Si5/__initial__/132/xtal_17.cif,-43.097523,-22.675962
xtal_18.cif,./U3Si5/__initial__/132/xtal_18.cif,15.517232,-68.77696
xtal_19.cif,./U3Si5/__initial__/132/xtal_19.cif,66.983894,-39.269302
xtal_2.cif,./U3Si5/__initial__/132/xtal_2.cif,-3.18831,-46.27889
xtal_20.cif,./U3Si5/__initial__/132/xtal_20.cif,48.79846,-42.055096
xtal_21.cif,./U3Si5/__initial__/132/xtal_21.cif,44.239517,-78.64822
xtal_22.cif,./U3Si5/__initial__/132/xtal_22.cif,-47.20787,-21.283976
xtal_23.cif,./U3Si5/__initial__/132/xtal_23.cif,55.71377,19.94853
xtal_24.cif,./U3Si5/__initial__/132/xtal_24.cif,59.971992,38.760445
xtal_25.cif,./U3Si5/__initial__/132/xtal_25.cif,62.097168,-50.340466
xtal_26.cif,./U3Si5/__initial__/132/xtal_26.cif,-51.593784,8.880338
xtal_27.cif,./U3Si5/__initial__/132/xtal_27.cif,-35.29312,47.202965
xtal_28.cif,./U3Si5/__initial__/132/xtal_28.cif,76.59735,-40.869648
xtal_29.cif,./U3Si5/__initial__/132/xtal_29.cif,-60.142883,-43.39428
xtal_3.cif,./U3Si5/__initial__/132/xtal_3.cif,111.22502,3.2353077
xtal_30.cif,./U3Si5/__initial__/132/xtal_30.cif,94.07792,40.856888
xtal_31.cif,./U3Si5/__initial__/132/xtal_31.cif,55.87598,15.53402
xtal_32.cif,./U3Si5/__initial__/132/xtal_32.cif,105.16269,29.96526
xtal_33.cif,./U3Si5/__initial__/132/xtal_33.cif,104.3995,-37.312775
xtal_34.cif,./U3Si5/__initial__/132/xtal_34.cif,95.862915,17.478672
xtal_35.cif,./U3Si5/__initial__/132/xtal_35.cif,102.67447,-3.567986
xtal_36.cif,./U3Si5/__initial__/132/xtal_36.cif,-56.793766,-5.8586183
xtal_37.cif,./U3Si5/__initial__/132/xtal_37.cif,-58.026802,44.236675
xtal_38.cif,./U3Si5/__initial__/132/xtal_38.cif,70.09852,-52.381523
xtal_39.cif,./U3Si5/__initial__/132/xtal_39.cif,-7.435525,52.09957
xtal_4.cif,./U3Si5/__initial__/132/xtal_4.cif,43.59869,-12.833345
xtal_40.cif,./U3Si5/__initial__/132/xtal_40.cif,-42.87954,-20.04391
xtal_41.cif,./U3Si5/__initial__/132/xtal_41.cif,98.07537,29.804602
xtal_42.cif,./U3Si5/__initial__/132/xtal_42.cif,-36.48871,4.3252873
xtal_43.cif,./U3Si5/__initial__/132/xtal_43.cif,-54.873253,27.317614
xtal_44.cif,./U3Si5/__initial__/132/xtal_44.cif,-23.044085,38.056633
xtal_45.cif,./U3Si5/__initial__/132/xtal_45.cif,84.95979,-44.328148
xtal_46.cif,./U3Si5/__initial__/132/xtal_46.cif,59.92995,24.332502
xtal_47.cif,./U3Si5/__initial__/132/xtal_47.cif,71.40121,-41.293053
xtal_48.cif,./U3Si5/__initial__/132/xtal_48.cif,-66.69014,-38.22201
xtal_49.cif,./U3Si5/__initial__/132/xtal_49.cif,55.775528,-0.29021072
xtal_5.cif,./U3Si5/__initial__/132/xtal_5.cif,51.415222,-52.384544
xtal_50.cif,./U3Si5/__initial__/132/xtal_50.cif,-20.24054,41.347477
xtal_51.cif,./U3Si5/__initial__/132/xtal_51.cif,80.08593,-60.927467
xtal_52.cif,./U3Si5/__initial__/132/xtal_52.cif,101.76294,1.3700851
xtal_53.cif,./U3Si5/__initial__/132/xtal_53.cif,105.72502,11.636567
xtal_54.cif,./U3Si5/__initial__/132/xtal_54.cif,4.253189,69.83811
xtal_55.cif,./U3Si5/__initial__/132/xtal_55.cif,-24.638456,-1.1578901
xtal_56.cif,./U3Si5/__initial__/132/xtal_56.cif,-18.66169,-100.054596
xtal_57.cif,./U3Si5/__initial__/132/xtal_57.cif,-52.050003,5.9829926
xtal_58.cif,./U3Si5/__initial__/132/xtal_58.cif,-33.790558,31.336138
xtal_59.cif,./U3Si5/__initial__/132/xtal_59.cif,-64.74623,-4.425632
xtal_6.cif,./U3Si5/__initial__/132/xtal_6.cif,52.683083,24.978704
xtal_60.cif,./U3Si5/__initial__/132/xtal_60.cif,-20.068642,92.31637
xtal_61.cif,./U3Si5/__initial__/132/xtal_61.cif,93.54429,68.00543
xtal_62.cif,./U3Si5/__initial__/132/xtal_62.cif,77.90365,-6.7092595
xtal_63.cif,./U3Si5/__initial__/132/xtal_63.cif,-24.39652,-1.1777996
xtal_64.cif,./U3Si5/__initial__/132/xtal_64.cif,79.32013,-73.73226
xtal_65.cif,./U3Si5/__initial__/132/xtal_65.cif,-42.953773,52.822327
xtal_66.cif,./U3Si5/__initial__/132/xtal_66.cif,100.33757,20.33163
xtal_67.cif,./U3Si5/__initial__/132/xtal_67.cif,81.79657,-66.34574
xtal_68.cif,./U3Si5/__initial__/132/xtal_68.cif,0.76282793,65.8504
xtal_69.cif,./U3Si5/__initial__/132/xtal_69.cif,67.98253,-33.054363
xtal_7.cif,./U3Si5/__initial__/132/xtal_7.cif,78.010605,0.4234341
xtal_70.cif,./U3Si5/__initial__/132/xtal_70.cif,52.567867,18.331482
xtal_71.cif,./U3Si5/__initial__/132/xtal_71.cif,-37.998386,-45.56949
xtal_72.cif,./U3Si5/__initial__/132/xtal_72.cif,-44.84138,82.685745
xtal_73.cif,./U3Si5/__initial__/132/xtal_73.cif,-57.01273,43.781715
xtal_74.cif,./U3Si5/__initial__/132/xtal_74.cif,95.24039,-25.31798
xtal_75.cif,./U3Si5/__initial__/132/xtal_75.cif,71.83749,2.7036
xtal_76.cif,./U3Si5/__initial__/132/xtal_76.cif,75.135056,29.196514
xtal_77.cif,./U3Si5/__initial__/132/xtal_77.cif,-10.463117,47.67424
xtal_78.cif,./U3Si5/__initial__/132/xtal_78.cif,-53.332172,-60.89561
xtal_79.cif,./U3Si5/__initial__/132/xtal_79.cif,51.389248,-70.214165
xtal_8.cif,./U3Si5/__initial__/132/xtal_8.cif,67.18804,-74.74347
xtal_80.cif,./U3Si5/__initial__/132/xtal_80.cif,75.01839,-6.788548
xtal_81.cif,./U3Si5/__initial__/132/xtal_81.cif,4.8155594,99.07744
xtal_82.cif,./U3Si5/__initial__/132/xtal_82.cif,-42.757656,3.179457
xtal_83.cif,./U3Si5/__initial__/132/xtal_83.cif,95.8994,-43.94128
xtal_84.cif,./U3Si5/__initial__/132/xtal_84.cif,93.0506,5.351446
xtal_85.cif,./U3Si5/__initial__/132/xtal_85.cif,-6.826192,67.37953
xtal_86.cif,./U3Si5/__initial__/132/xtal_86.cif,101.515724,27.777029
xtal_87.cif,./U3Si5/__initial__/132/xtal_87.cif,6.315831,67.62385
xtal_88.cif,./U3Si5/__initial__/132/xtal_88.cif,-28.695984,-79.16265
xtal_89.cif,./U3Si5/__initial__/132/xtal_89.cif,40.16454,-78.69409
xtal_9.cif,./U3Si5/__initial__/132/xtal_9.cif,49.95389,5.364341
xtal_90.cif,./U3Si5/__initial__/132/xtal_90.cif,83.27563,-45.182606
xtal_91.cif,./U3Si5/__initial__/132/xtal_91.cif,-44.46524,18.319532
xtal_92.cif,./U3Si5/__initial__/132/xtal_92.cif,-30.064371,55.637527
xtal_93.cif,./U3Si5/__initial__/132/xtal_93.cif,25.108294,-101.45414
xtal_94.cif,./U3Si5/__initial__/132/xtal_94.cif,-35.43839,105.97019
xtal_95.cif,./U3Si5/__initial__/132/xtal_95.cif,95.7337,61.334755
xtal_96.cif,./U3Si5/__initial__/132/xtal_96.cif,93.95657,-4.3648767
xtal_97.cif,./U3Si5/__initial__/132/xtal_97.cif,32.371117,-32.447746
xtal_98.cif,./U3Si5/__initial__/132/xtal_98.cif,64.24826,-26.090305
xtal_99.cif,./U3Si5/__initial__/132/xtal_99.cif,87.45971,-28.0664
xtal_19.cif,./U3Si5/__initial__/134/xtal_19.cif,92.89623,-26.339977
xtal_27.cif,./U3Si5/__initial__/134/xtal_27.cif,-39.193405,-6.7998943
xtal_41.cif,./U3Si5/__initial__/134/xtal_41.cif,-28.183332,76.864716
xtal_42.cif,./U3Si5/__initial__/134/xtal_42.cif,22.021364,-69.668465
xtal_44.cif,./U3Si5/134/xtal_44.cif,-0.06649702,110.58059
xtal_51.cif,./U3Si5/__initial__/134/xtal_51.cif,56.280285,40.932102
xtal_58.cif,./U3Si5/__initial__/134/xtal_58.cif,55.950077,21.894909
xtal_68.cif,./U3Si5/134/xtal_68.cif,100.203766,30.365583
xtal_82.cif,./U3Si5/134/xtal_82.cif,-78.34947,53.014317
xtal_87.cif,./U3Si5/134/xtal_87.cif,118.65463,34.461914
xtal_9.cif,./U3Si5/__initial__/134/xtal_9.cif,87.25234,4.6961436
xtal_93.cif,./U3Si5/__initial__/134/xtal_93.cif,-17.783957,14.2616825
xtal_95.cif,./U3Si5/__initial__/134/xtal_95.cif,90.83336,49.24386
xtal_10.cif,./U3Si5/__initial__/136/xtal_10.cif,-2.1583366,16.915977
xtal_100.cif,./U3Si5/__initial__/136/xtal_100.cif,75.86643,48.08068
xtal_11.cif,./U3Si5/__initial__/136/xtal_11.cif,51.737305,17.99367
xtal_12.cif,./U3Si5/__initial__/136/xtal_12.cif,-52.787674,-7.766564
xtal_13.cif,./U3Si5/__initial__/136/xtal_13.cif,83.38305,-41.918007
xtal_14.cif,./U3Si5/__initial__/136/xtal_14.cif,110.46717,-9.450204
xtal_15.cif,./U3Si5/__initial__/136/xtal_15.cif,1.7301152,-59.05677
xtal_16.cif,./U3Si5/__initial__/136/xtal_16.cif,-35.680737,64.15852
xtal_17.cif,./U3Si5/__initial__/136/xtal_17.cif,93.3122,72.35975
xtal_18.cif,./U3Si5/__initial__/136/xtal_18.cif,25.879473,-69.48991
xtal_19.cif,./U3Si5/__initial__/136/xtal_19.cif,-68.313324,-48.474045
xtal_2.cif,./U3Si5/__initial__/136/xtal_2.cif,-19.323177,-46.97867
xtal_20.cif,./U3Si5/__initial__/136/xtal_20.cif,68.63268,-80.73873
xtal_21.cif,./U3Si5/__initial__/136/xtal_21.cif,-17.588186,16.30748
xtal_22.cif,./U3Si5/__initial__/136/xtal_22.cif,79.87034,-37.603355
xtal_23.cif,./U3Si5/__initial__/136/xtal_23.cif,-25.808813,48.498344
xtal_24.cif,./U3Si5/__initial__/136/xtal_24.cif,67.85809,-52.84465
xtal_25.cif,./U3Si5/__initial__/136/xtal_25.cif,98.29632,-45.438408
xtal_26.cif,./U3Si5/__initial__/136/xtal_26.cif,27.731493,-87.7997
xtal_27.cif,./U3Si5/__initial__/136/xtal_27.cif,-2.4555213,-60.026573
xtal_28.cif,./U3Si5/__initial__/136/xtal_28.cif,72.57916,5.3954425
xtal_29.cif,./U3Si5/__initial__/136/xtal_29.cif,-25.204731,-64.64393
xtal_3.cif,./U3Si5/__initial__/136/xtal_3.cif,-5.132738,-66.6682
xtal_30.cif,./U3Si5/__initial__/136/xtal_30.cif,98.22579,-27.495045
xtal_31.cif,./U3Si5/__initial__/136/xtal_31.cif,-29.2057,-8.266803
xtal_32.cif,./U3Si5/__initial__/136/xtal_32.cif,54.26615,-78.09244
xtal_33.cif,./U3Si5/__initial__/136/xtal_33.cif,-51.516483,-14.648317
xtal_34.cif,./U3Si5/__initial__/136/xtal_34.cif,90.93047,-23.582026
xtal_35.cif,./U3Si5/__initial__/136/xtal_35.cif,88.79006,1.6428785
xtal_36.cif,./U3Si5/__initial__/136/xtal_36.cif,113.379814,5.6496854
xtal_37.cif,./U3Si5/__initial__/136/xtal_37.cif,-59.725113,-0.11080673
xtal_38.cif,./U3Si5/__initial__/136/xtal_38.cif,-10.599003,-74.552124
xtal_39.cif,./U3Si5/__initial__/136/xtal_39.cif,-47.002613,-89.04352
xtal_4.cif,./U3Si5/__initial__/136/xtal_4.cif,117.264145,34.49763
xtal_40.cif,./U3Si5/__initial__/136/xtal_40.cif,-5.1377068,57.403324
xtal_41.cif,./U3Si5/__initial__/136/xtal_41.cif,78.41168,-22.783657
xtal_42.cif,./U3Si5/__initial__/136/xtal_42.cif,-26.908936,-70.287125
xtal_43.cif,./U3Si5/__initial__/136/xtal_43.cif,-20.808365,1.0842147
xtal_44.cif,./U3Si5/__initial__/136/xtal_44.cif,-21.536652,-49.136272
xtal_45.cif,./U3Si5/136/xtal_45.cif,-5.0831466,-21.679039
xtal_46.cif,./U3Si5/136/xtal_46.cif,12.479332,-38.03383
xtal_47.cif,./U3Si5/__initial__/136/xtal_47.cif,39.88095,-78.65244
xtal_48.cif,./U3Si5/__initial__/136/xtal_48.cif,-23.8575,73.695404
xtal_49.cif,./U3Si5/__initial__/136/xtal_49.cif,50.225353,-49.583035
xtal_5.cif,./U3Si5/__initial__/136/xtal_5.cif,83.96358,0.6785586
xtal_50.cif,./U3Si5/136/xtal_50.cif,-76.95997,37.39394
xtal_52.cif,./U3Si5/__initial__/136/xtal_52.cif,-22.889051,10.596447
xtal_53.cif,./U3Si5/__initial__/136/xtal_53.cif,-60.50906,-62.586372
xtal_54.cif,./U3Si5/__initial__/136/xtal_54.cif,14.803184,-94.0057
xtal_55.cif,./U3Si5/__initial__/136/xtal_55.cif,-55.951653,61.29604
xtal_56.cif,./U3Si5/__initial__/136/xtal_56.cif,-22.68934,23.593256
xtal_57.cif,./U3Si5/__initial__/136/xtal_57.cif,110.50781,2.3567905
xtal_59.cif,./U3Si5/__initial__/136/xtal_59.cif,114.638,36.223724
xtal_6.cif,./U3Si5/__initial__/136/xtal_6.cif,101.09466,-42.653137
xtal_60.cif,./U3Si5/__initial__/136/xtal_60.cif,108.89677,-30.061316
xtal_61.cif,./U3Si5/__initial__/136/xtal_61.cif,96.18936,-37.44662
xtal_62.cif,./U3Si5/__initial__/136/xtal_62.cif,-43.018948,-5.086126
xtal_63.cif,./U3Si5/__initial__/136/xtal_63.cif,-38.281033,-1.1759346
xtal_64.cif,./U3Si5/__initial__/136/xtal_64.cif,7.788546,62.64678
xtal_65.cif,./U3Si5/__initial__/136/xtal_65.cif,99.57878,20.153624
xtal_66.cif,./U3Si5/__initial__/136/xtal_66.cif,65.32419,-60.36851
xtal_67.cif,./U3Si5/__initial__/136/xtal_67.cif,53.317318,-74.6324
xtal_68.cif,./U3Si5/__initial__/136/xtal_68.cif,-65.07352,76.70502
xtal_69.cif,./U3Si5/__initial__/136/xtal_69.cif,57.53691,31.929317
xtal_70.cif,./U3Si5/__initial__/136/xtal_70.cif,-25.492508,-63.116203
xtal_71.cif,./U3Si5/__initial__/136/xtal_71.cif,98.922035,-37.57731
xtal_72.cif,./U3Si5/__initial__/136/xtal_72.cif,-65.41304,66.9206
xtal_73.cif,./U3Si5/__initial__/136/xtal_73.cif,-92.27191,14.920547
xtal_74.cif,./U3Si5/__initial__/136/xtal_74.cif,-27.22571,-43.07561
xtal_75.cif,./U3Si5/__initial__/136/xtal_75.cif,-3.7052715,-57.968765
xtal_76.cif,./U3Si5/__initial__/136/xtal_76.cif,94.76,11.157856
xtal_77.cif,./U3Si5/__initial__/136/xtal_77.cif,-24.660282,110.45564
xtal_78.cif,./U3Si5/__initial__/136/xtal_78.cif,64.55208,28.59158
xtal_79.cif,./U3Si5/__initial__/136/xtal_79.cif,45.4069,3.8997378
xtal_8.cif,./U3Si5/__initial__/136/xtal_8.cif,55.873657,31.00278
xtal_81.cif,./U3Si5/__initial__/136/xtal_81.cif,-91.41544,15.950046
xtal_82.cif,./U3Si5/__initial__/136/xtal_82.cif,-14.841845,55.496155
xtal_83.cif,./U3Si5/__initial__/136/xtal_83.cif,-67.508224,-48.891365
xtal_84.cif,./U3Si5/__initial__/136/xtal_84.cif,44.56947,-23.604431
xtal_85.cif,./U3Si5/__initial__/136/xtal_85.cif,68.9878,33.544113
xtal_86.cif,./U3Si5/136/xtal_86.cif,-77.19761,18.904179
xtal_87.cif,./U3Si5/__initial__/136/xtal_87.cif,93.968376,-2.5959918
xtal_88.cif,./U3Si5/136/xtal_88.cif,6.883879,-12.225948
xtal_89.cif,./U3Si5/__initial__/136/xtal_89.cif,109.8977,18.614006
xtal_9.cif,./U3Si5/__initial__/136/xtal_9.cif,-72.648544,-32.87496
xtal_90.cif,./U3Si5/__initial__/136/xtal_90.cif,-24.808256,-47.878326
xtal_91.cif,./U3Si5/__initial__/136/xtal_91.cif,-18.174139,58.040955
xtal_92.cif,./U3Si5/__initial__/136/xtal_92.cif,-59.550484,37.119976
xtal_93.cif,./U3Si5/__initial__/136/xtal_93.cif,-28.020588,17.52371
xtal_94.cif,./U3Si5/__initial__/136/xtal_94.cif,63.03084,-43.90311
xtal_95.cif,./U3Si5/__initial__/136/xtal_95.cif,75.19656,29.401752
xtal_96.cif,./U3Si5/__initial__/136/xtal_96.cif,63.74781,22.82323
xtal_97.cif,./U3Si5/136/xtal_97.cif,-9.974155,-12.3719
xtal_98.cif,./U3Si5/__initial__/136/xtal_98.cif,93.32146,-16.867538
xtal_99.cif,./U3Si5/__initial__/136/xtal_99.cif,96.7665,-39.198586
xtal_1.cif,./U3Si5/__initial__/137/xtal_1.cif,36.947136,-97.39588
xtal_100.cif,./U3Si5/__initial__/137/xtal_100.cif,34.65771,-26.778399
xtal_11.cif,./U3Si5/__initial__/137/xtal_11.cif,-33.942642,54.019463
xtal_12.cif,./U3Si5/__initial__/137/xtal_12.cif,65.850975,-47.80103
xtal_13.cif,./U3Si5/__initial__/137/xtal_13.cif,76.38725,-52.741066
xtal_14.cif,./U3Si5/__initial__/137/xtal_14.cif,-97.81303,7.3371034
xtal_15.cif,./U3Si5/__initial__/137/xtal_15.cif,-32.65087,-45.74281
xtal_16.cif,./U3Si5/__initial__/137/xtal_16.cif,-25.713,-98.560135
xtal_17.cif,./U3Si5/__initial__/137/xtal_17.cif,108.45108,-30.467407
xtal_18.cif,./U3Si5/__initial__/137/xtal_18.cif,0.55822086,62.140163
xtal_19.cif,./U3Si5/__initial__/137/xtal_19.cif,56.899185,-80.26803
xtal_2.cif,./U3Si5/__initial__/137/xtal_2.cif,-33.816578,9.00481
xtal_20.cif,./U3Si5/137/xtal_20.cif,89.71668,70.54585
xtal_21.cif,./U3Si5/__initial__/137/xtal_21.cif,1.0537189,-98.562386
xtal_22.cif,./U3Si5/__initial__/137/xtal_22.cif,33.538437,-79.36876
xtal_23.cif,./U3Si5/__initial__/137/xtal_23.cif,95.56314,61.820396
xtal_24.cif,./U3Si5/__initial__/137/xtal_24.cif,67.27621,49.32279
xtal_25.cif,./U3Si5/__initial__/137/xtal_25.cif,100.52881,-16.299248
xtal_26.cif,./U3Si5/__initial__/137/xtal_26.cif,7.699338,94.83203
xtal_27.cif,./U3Si5/__initial__/137/xtal_27.cif,61.100246,-40.8278
xtal_28.cif,./U3Si5/__initial__/137/xtal_28.cif,-60.828964,100.46378
xtal_29.cif,./U3Si5/__initial__/137/xtal_29.cif,-66.562775,77.06055
xtal_3.cif,./U3Si5/__initial__/137/xtal_3.cif,80.32818,-37.62766
xtal_30.cif,./U3Si5/__initial__/137/xtal_30.cif,-48.61483,0.6141973
xtal_31.cif,./U3Si5/__initial__/137/xtal_31.cif,89.446014,-27.95704
xtal_32.cif,./U3Si5/__initial__/137/xtal_32.cif,96.70788,-29.209288
xtal_33.cif,./U3Si5/__initial__/137/xtal_33.cif,101.410645,-15.852523
xtal_35.cif,./U3Si5/__initial__/137/xtal_35.cif,-104.21126,-14.482263
xtal_36.cif,./U3Si5/__initial__/137/xtal_36.cif,-89.48943,45.606743
xtal_37.cif,./U3Si5/__initial__/137/xtal_37.cif,-117.790825,17.951315
xtal_38.cif,./U3Si5/__initial__/137/xtal_38.cif,57.835533,26.560246
xtal_39.cif,./U3Si5/__initial__/137/xtal_39.cif,-69.905136,-41.950897
xtal_4.cif,./U3Si5/__initial__/137/xtal_4.cif,81.62966,42.650486
xtal_40.cif,./U3Si5/__initial__/137/xtal_40.cif,43.729404,9.907111
xtal_41.cif,./U3Si5/__initial__/137/xtal_41.cif,-13.944964,42.01635
xtal_42.cif,./U3Si5/__initial__/137/xtal_42.cif,-30.141403,2.9948583
xtal_43.cif,./U3Si5/__initial__/137/xtal_43.cif,-94.41931,-4.4659095
xtal_44.cif,./U3Si5/__initial__/137/xtal_44.cif,-93.85446,-10.908933
xtal_46.cif,./U3Si5/__initial__/137/xtal_46.cif,56.56365,16.03345
xtal_47.cif,./U3Si5/__initial__/137/xtal_47.cif,111.61471,-15.646247
xtal_48.cif,./U3Si5/__initial__/137/xtal_48.cif,62.37276,-6.63377
xtal_49.cif,./U3Si5/__initial__/137/xtal_49.cif,67.24114,-42.306564
xtal_5.cif,./U3Si5/__initial__/137/xtal_5.cif,75.59383,-30.331066
xtal_50.cif,./U3Si5/__initial__/137/xtal_50.cif,57.989994,-6.789525
xtal_51.cif,./U3Si5/__initial__/137/xtal_51.cif,40.876755,15.326114
xtal_52.cif,./U3Si5/__initial__/137/xtal_52.cif,65.12103,-42.4894
xtal_53.cif,./U3Si5/__initial__/137/xtal_53.cif,81.98692,-19.009653
xtal_54.cif,./U3Si5/__initial__/137/xtal_54.cif,-84.69813,65.70083
xtal_55.cif,./U3Si5/__initial__/137/xtal_55.cif,-11.691406,55.854313
xtal_56.cif,./U3Si5/__initial__/137/xtal_56.cif,82.445015,-15.267913
xtal_57.cif,./U3Si5/__initial__/137/xtal_57.cif,-46.478077,9.330475
xtal_58.cif,./U3Si5/__initial__/137/xtal_58.cif,76.5765,53.217846
xtal_59.cif,./U3Si5/__initial__/137/xtal_59.cif,-65.275536,-64.58916
xtal_6.cif,./U3Si5/__initial__/137/xtal_6.cif,-30.073944,-75.02524
xtal_60.cif,./U3Si5/__initial__/137/xtal_60.cif,71.27472,53.988525
xtal_62.cif,./U3Si5/__initial__/137/xtal_62.cif,87.51336,-28.11227
xtal_63.cif,./U3Si5/__initial__/137/xtal_63.cif,-37.478508,-36.3119
xtal_64.cif,./U3Si5/__initial__/137/xtal_64.cif,-43.476505,-5.916427
xtal_65.cif,./U3Si5/__initial__/137/xtal_65.cif,93.48238,-46.688274
xtal_66.cif,./U3Si5/__initial__/137/xtal_66.cif,-93.78225,10.571123
xtal_67.cif,./U3Si5/__initial__/137/xtal_67.cif,56.89575,-44.0738
xtal_68.cif,./U3Si5/__initial__/137/xtal_68.cif,-55.642212,27.896189
xtal_69.cif,./U3Si5/__initial__/137/xtal_69.cif,89.58311,-27.695873
xtal_7.cif,./U3Si5/__initial__/137/xtal_7.cif,-64.805504,-4.4304137
xtal_70.cif,./U3Si5/__initial__/137/xtal_70.cif,-48.3731,93.55933
xtal_71.cif,./U3Si5/__initial__/137/xtal_71.cif,-77.33174,-41.376057
xtal_72.cif,./U3Si5/__initial__/137/xtal_72.cif,-38.66279,41.633675
xtal_73.cif,./U3Si5/__initial__/137/xtal_73.cif,-12.267733,53.632637
xtal_74.cif,./U3Si5/__initial__/137/xtal_74.cif,-6.2217517,64.84438
xtal_75.cif,./U3Si5/__initial__/137/xtal_75.cif,-38.3808,-97.45385
xtal_76.cif,./U3Si5/__initial__/137/xtal_76.cif,-72.89268,-59.922375
xtal_77.cif,./U3Si5/__initial__/137/xtal_77.cif,67.1327,-41.40489
xtal_78.cif,./U3Si5/__initial__/137/xtal_78.cif,82.19554,-14.379911
xtal_79.cif,./U3Si5/__initial__/137/xtal_79.cif,-12.265582,76.28485
xtal_8.cif,./U3Si5/__initial__/137/xtal_8.cif,65.210846,-8.782414
xtal_80.cif,./U3Si5/__initial__/137/xtal_80.cif,85.62693,-43.647984
xtal_81.cif,./U3Si5/__initial__/137/xtal_81.cif,-1.063425,103.703835
xtal_83.cif,./U3Si5/__initial__/137/xtal_83.cif,-26.14079,99.1543
xtal_84.cif,./U3Si5/__initial__/137/xtal_84.cif,-61.810658,60.6515
xtal_86.cif,./U3Si5/__initial__/137/xtal_86.cif,110.663635,-14.814788
xtal_87.cif,./U3Si5/__initial__/137/xtal_87.cif,44.87182,-93.4849
xtal_88.cif,./U3Si5/__initial__/137/xtal_88.cif,74.250175,26.815647
xtal_89.cif,./U3Si5/__initial__/137/xtal_89.cif,-30.040945,12.68422
xtal_9.cif,./U3Si5/__initial__/137/xtal_9.cif,-93.95633,-29.557724
xtal_90.cif,./U3Si5/__initial__/137/xtal_90.cif,-79.499794,-41.580467
xtal_91.cif,./U3Si5/__initial__/137/xtal_91.cif,55.155735,31.845156
xtal_93.cif,./U3Si5/__initial__/137/xtal_93.cif,-47.662624,-19.86792
xtal_94.cif,./U3Si5/__initial__/137/xtal_94.cif,-26.219656,-96.73708
xtal_95.cif,./U3Si5/__initial__/137/xtal_95.cif,-25.641754,57.027714
xtal_96.cif,./U3Si5/__initial__/137/xtal_96.cif,-97.80421,34.137333
xtal_97.cif,./U3Si5/__initial__/137/xtal_97.cif,-18.966732,55.14208
xtal_98.cif,./U3Si5/__initial__/137/xtal_98.cif,-117.21604,26.946243
xtal_99.cif,./U3Si5/__initial__/137/xtal_99.cif,-1.3858428,90.44334
xtal_1.cif,./U3Si5/__initial__/139/xtal_1.cif,-78.3783,-39.535557
xtal_10.cif,./U3Si5/__initial__/139/xtal_10.cif,-42.031475,41.21692
xtal_100.cif,./U3Si5/__initial__/139/xtal_100.cif,94.68324,45.437187
xtal_11.cif,./U3Si5/__initial__/139/xtal_11.cif,60.939495,-55.172024
xtal_12.cif,./U3Si5/__initial__/139/xtal_12.cif,56.245388,31.8796
xtal_13.cif,./U3Si5/__initial__/139/xtal_13.cif,-20.06816,65.16521
xtal_14.cif,./U3Si5/__initial__/139/xtal_14.cif,-101.55264,-18.875875
xtal_15.cif,./U3Si5/__initial__/139/xtal_15.cif,83.35997,-45.04312
xtal_16.cif,./U3Si5/__initial__/139/xtal_16.cif,114.25006,9.661898
xtal_17.cif,./U3Si5/__initial__/139/xtal_17.cif,51.498875,-53.241688
xtal_18.cif,./U3Si5/__initial__/139/xtal_18.cif,-18.16533,14.0715065
xtal_19.cif,./U3Si5/__initial__/139/xtal_19.cif,-60.131283,36.337994
xtal_2.cif,./U3Si5/__initial__/139/xtal_2.cif,93.26798,72.19673
xtal_20.cif,./U3Si5/__initial__/139/xtal_20.cif,98.556465,16.83409
xtal_21.cif,./U3Si5/__initial__/139/xtal_21.cif,61.734802,43.741486
xtal_22.cif,./U3Si5/__initial__/139/xtal_22.cif,92.94228,-64.666626
xtal_23.cif,./U3Si5/__initial__/139/xtal_23.cif,99.08405,-44.50434
xtal_24.cif,./U3Si5/__initial__/139/xtal_24.cif,-34.61052,28.717371
xtal_25.cif,./U3Si5/__initial__/139/xtal_25.cif,-7.433839,-89.17235
xtal_26.cif,./U3Si5/__initial__/139/xtal_26.cif,-18.7092,-64.09961
xtal_27.cif,./U3Si5/__initial__/139/xtal_27.cif,-32.01138,-24.786242
xtal_28.cif,./U3Si5/__initial__/139/xtal_28.cif,88.6315,46.690945
xtal_29.cif,./U3Si5/__initial__/139/xtal_29.cif,-49.988003,96.77134
xtal_3.cif,./U3Si5/__initial__/139/xtal_3.cif,-15.06298,-100.72591
xtal_30.cif,./U3Si5/__initial__/139/xtal_30.cif,-66.08237,81.767136
xtal_31.cif,./U3Si5/__initial__/139/xtal_31.cif,88.38391,47.870644
xtal_32.cif,./U3Si5/__initial__/139/xtal_32.cif,115.17266,7.8230615
xtal_33.cif,./U3Si5/__initial__/139/xtal_33.cif,7.9199557,68.205666
xtal_34.cif,./U3Si5/__initial__/139/xtal_34.cif,-33.608986,8.315887
xtal_35.cif,./U3Si5/__initial__/139/xtal_35.cif,-21.521658,-57.295414
xtal_36.cif,./U3Si5/__initial__/139/xtal_36.cif,109.93224,16.398054
xtal_37.cif,./U3Si5/__initial__/139/xtal_37.cif,42.637547,-47.69829
xtal_38.cif,./U3Si5/__initial__/139/xtal_38.cif,23.53093,-65.97798
xtal_39.cif,./U3Si5/__initial__/139/xtal_39.cif,-6.2403674,-69.458664
xtal_4.cif,./U3Si5/__initial__/139/xtal_4.cif,112.73843,28.65325
xtal_40.cif,./U3Si5/__initial__/139/xtal_40.cif,45.3094,-59.7651
xtal_41.cif,./U3Si5/__initial__/139/xtal_41.cif,-72.85661,-59.97742
xtal_42.cif,./U3Si5/__initial__/139/xtal_42.cif,57.29622,-10.647659
xtal_43.cif,./U3Si5/__initial__/139/xtal_43.cif,45.79277,-59.385464
xtal_44.cif,./U3Si5/__initial__/139/xtal_44.cif,-2.9735816,-44.551716
xtal_45.cif,./U3Si5/__initial__/139/xtal_45.cif,86.409996,1.2262565
xtal_46.cif,./U3Si5/__initial__/139/xtal_46.cif,-117.1557,27.495056
xtal_47.cif,./U3Si5/__initial__/139/xtal_47.cif,-10.451927,47.68889
xtal_48.cif,./U3Si5/__initial__/139/xtal_48.cif,79.7698,-27.17725
xtal_49.cif,./U3Si5/__initial__/139/xtal_49.cif,-95.95112,-9.78224
xtal_5.cif,./U3Si5/__initial__/139/xtal_5.cif,50.92255,14.746208
xtal_50.cif,./U3Si5/__initial__/139/xtal_50.cif,83.74469,-1.9584157
xtal_51.cif,./U3Si5/__initial__/139/xtal_51.cif,-55.931786,-83.63203
xtal_52.cif,./U3Si5/__initial__/139/xtal_52.cif,83.94669,4.140747
xtal_53.cif,./U3Si5/__initial__/139/xtal_53.cif,56.150837,16.151154
xtal_54.cif,./U3Si5/__initial__/139/xtal_54.cif,67.25634,-48.762646
xtal_55.cif,./U3Si5/__initial__/139/xtal_55.cif,96.56076,56.735287
xtal_56.cif,./U3Si5/__initial__/139/xtal_56.cif,-94.32601,-49.011066
xtal_57.cif,./U3Si5/__initial__/139/xtal_57.cif,-49.531902,-68.58784
xtal_58.cif,./U3Si5/__initial__/139/xtal_58.cif,43.23781,7.739711
xtal_59.cif,./U3Si5/__initial__/139/xtal_59.cif,-5.03722,57.571976
xtal_6.cif,./U3Si5/__initial__/139/xtal_6.cif,54.95006,-73.22559
xtal_60.cif,./U3Si5/__initial__/139/xtal_60.cif,93.743935,73.69126
xtal_61.cif,./U3Si5/__initial__/139/xtal_61.cif,116.91053,30.788685
xtal_62.cif,./U3Si5/__initial__/139/xtal_62.cif,56.581795,-72.87576
xtal_63.cif,./U3Si5/__initial__/139/xtal_63.cif,-93.026405,41.082813
xtal_64.cif,./U3Si5/__initial__/139/xtal_64.cif,35.54968,-71.44096
xtal_65.cif,./U3Si5/__initial__/139/xtal_65.cif,-14.803467,64.64562
xtal_66.cif,./U3Si5/__initial__/139/xtal_66.cif,-66.73724,82.72519
xtal_67.cif,./U3Si5/__initial__/139/xtal_67.cif,-54.948563,24.447182
xtal_68.cif,./U3Si5/__initial__/139/xtal_68.cif,91.951385,16.630161
xtal_69.cif,./U3Si5/__initial__/139/xtal_69.cif,-86.16194,78.82695
xtal_7.cif,./U3Si5/__initial__/139/xtal_7.cif,-27.268578,-43.122746
xtal_70.cif,./U3Si5/__initial__/139/xtal_70.cif,102.21238,-18.210108
xtal_71.cif,./U3Si5/__initial__/139/xtal_71.cif,117.0936,34.274445
xtal_72.cif,./U3Si5/__initial__/139/xtal_72.cif,-37.10688,-85.11742
xtal_73.cif,./U3Si5/__initial__/139/xtal_73.cif,-43.333595,52.102226
xtal_74.cif,./U3Si5/__initial__/139/xtal_74.cif,81.49806,-46.71608
xtal_75.cif,./U3Si5/__initial__/139/xtal_75.cif,71.21465,-72.54653
xtal_76.cif,./U3Si5/__initial__/139/xtal_76.cif,64.71103,13.853885
xtal_77.cif,./U3Si5/__initial__/139/xtal_77.cif,53.054718,-27.14723
xtal_78.cif,./U3Si5/__initial__/139/xtal_78.cif,93.03592,-43.20468
xtal_79.cif,./U3Si5/__initial__/139/xtal_79.cif,102.296646,25.748255
xtal_8.cif,./U3Si5/__initial__/139/xtal_8.cif,-88.14145,51.47464
xtal_80.cif,./U3Si5/__initial__/139/xtal_80.cif,73.19067,59.432087
xtal_81.cif,./U3Si5/__initial__/139/xtal_81.cif,-33.48904,-72.79232
xtal_82.cif,./U3Si5/__initial__/139/xtal_82.cif,61.41835,-54.716354
xtal_83.cif,./U3Si5/__initial__/139/xtal_83.cif,109.76599,-9.422549
xtal_84.cif,./U3Si5/__initial__/139/xtal_84.cif,82.18567,61.202545
xtal_85.cif,./U3Si5/__initial__/139/xtal_85.cif,-19.879292,22.71467
xtal_86.cif,./U3Si5/__initial__/139/xtal_86.cif,90.77596,-15.701516
xtal_87.cif,./U3Si5/__initial__/139/xtal_87.cif,-97.73309,14.269395
xtal_88.cif,./U3Si5/__initial__/139/xtal_88.cif,116.4616,10.099457
xtal_89.cif,./U3Si5/__initial__/139/xtal_89.cif,11.042715,99.47539
xtal_9.cif,./U3Si5/__initial__/139/xtal_9.cif,-14.77778,65.872894
xtal_90.cif,./U3Si5/__initial__/139/xtal_90.cif,-103.30815,19.900995
xtal_91.cif,./U3Si5/__initial__/139/xtal_91.cif,116.90715,33.02821
xtal_92.cif,./U3Si5/__initial__/139/xtal_92.cif,87.42408,56.12451
xtal_93.cif,./U3Si5/__initial__/139/xtal_93.cif,42.51836,-87.25911
xtal_94.cif,./U3Si5/__initial__/139/xtal_94.cif,67.29358,-42.441242
xtal_95.cif,./U3Si5/__initial__/139/xtal_95.cif,-95.40754,-27.944456
xtal_96.cif,./U3Si5/__initial__/139/xtal_96.cif,113.468216,25.806374
xtal_97.cif,./U3Si5/__initial__/139/xtal_97.cif,-101.875336,60.556652
xtal_98.cif,./U3Si5/__initial__/139/xtal_98.cif,68.52522,-46.24148
xtal_99.cif,./U3Si5/__initial__/139/xtal_99.cif,79.00701,-28.568285
xtal_1.cif,./U3Si5/__initial__/143/xtal_1.cif,-44.241306,-26.503836
xtal_10.cif,./U3Si5/__initial__/143/xtal_10.cif,-7.0449758,94.41009
xtal_11.cif,./U3Si5/__initial__/143/xtal_11.cif,23.37359,76.55868
xtal_14.cif,./U3Si5/__initial__/143/xtal_14.cif,21.877796,43.338642
xtal_15.cif,./U3Si5/__initial__/143/xtal_15.cif,68.14037,1.1287314
xtal_16.cif,./U3Si5/__initial__/143/xtal_16.cif,13.677703,42.23392
xtal_17.cif,./U3Si5/__initial__/143/xtal_17.cif,-43.435085,74.492386
xtal_18.cif,./U3Si5/__initial__/143/xtal_18.cif,35.980865,58.11992
xtal_2.cif,./U3Si5/__initial__/143/xtal_2.cif,24.073887,21.407671
xtal_23.cif,./U3Si5/__initial__/143/xtal_23.cif,25.840528,42.830585
xtal_24.cif,./U3Si5/__initial__/143/xtal_24.cif,23.053799,36.566223
xtal_25.cif,./U3Si5/__initial__/143/xtal_25.cif,25.073366,85.9485
xtal_27.cif,./U3Si5/__initial__/143/xtal_27.cif,0.93869597,31.466473
xtal_30.cif,./U3Si5/__initial__/143/xtal_30.cif,21.175236,18.146847
xtal_32.cif,./U3Si5/143/xtal_32.cif,35.61878,48.00136
xtal_33.cif,./U3Si5/__initial__/143/xtal_33.cif,-6.8016562,0.2281558
xtal_35.cif,./U3Si5/__initial__/143/xtal_35.cif,-0.14935425,21.46529
xtal_37.cif,./U3Si5/__initial__/143/xtal_37.cif,-4.5767,104.93844
xtal_38.cif,./U3Si5/__initial__/143/xtal_38.cif,4.9612803,4.3379974
xtal_4.cif,./U3Si5/__initial__/143/xtal_4.cif,33.73005,84.94728
xtal_40.cif,./U3Si5/__initial__/143/xtal_40.cif,-60.996746,30.901476
xtal_42.cif,./U3Si5/__initial__/143/xtal_42.cif,40.56038,56.022247
xtal_45.cif,./U3Si5/__initial__/143/xtal_45.cif,6.8706956,13.876846
xtal_46.cif,./U3Si5/__initial__/143/xtal_46.cif,32.246754,83.12199
xtal_47.cif,./U3Si5/__initial__/143/xtal_47.cif,8.5930395,-9.70194
xtal_48.cif,./U3Si5/143/xtal_48.cif,-75.71323,28.656195
xtal_49.cif,./U3Si5/__initial__/143/xtal_49.cif,-3.9957337,3.815136
xtal_50.cif,./U3Si5/__initial__/143/xtal_50.cif,34.635525,39.809708
xtal_52.cif,./U3Si5/__initial__/143/xtal_52.cif,44.33429,30.403828
xtal_53.cif,./U3Si5/__initial__/143/xtal_53.cif,12.333026,9.930526
xtal_54.cif,./U3Si5/__initial__/143/xtal_54.cif,2.509274,6.1179686
xtal_55.cif,./U3Si5/__initial__/143/xtal_55.cif,11.009128,35.52566
xtal_57.cif,./U3Si5/__initial__/143/xtal_57.cif,-38.222107,71.08489
xtal_58.cif,./U3Si5/__initial__/143/xtal_58.cif,22.041803,65.1334
xtal_59.cif,./U3Si5/__initial__/143/xtal_59.cif,1.3777243,22.417282
xtal_6.cif,./U3Si5/__initial__/143/xtal_6.cif,-36.527744,4.81985
xtal_61.cif,./U3Si5/__initial__/143/xtal_61.cif,-8.491881,5.4813056
xtal_65.cif,./U3Si5/__initial__/143/xtal_65.cif,3.1024816,25.528744
xtal_66.cif,./U3Si5/__initial__/143/xtal_66.cif,28.940449,53.799133
xtal_67.cif,./U3Si5/__initial__/143/xtal_67.cif,26.260777,-10.974773
xtal_69.cif,./U3Si5/143/xtal_69.cif,38.61107,47.61883
xtal_70.cif,./U3Si5/__initial__/143/xtal_70.cif,44.98599,84.02945
xtal_71.cif,./U3Si5/__initial__/143/xtal_71.cif,-21.043098,47.755104
xtal_72.cif,./U3Si5/__initial__/143/xtal_72.cif,-14.231101,86.61816
xtal_73.cif,./U3Si5/__initial__/143/xtal_73.cif,12.533063,28.158142
xtal_76.cif,./U3Si5/__initial__/143/xtal_76.cif,16.770878,24.772251
xtal_77.cif,./U3Si5/__initial__/143/xtal_77.cif,43.773884,53.208065
xtal_78.cif,./U3Si5/__initial__/143/xtal_78.cif,-46.02434,66.27628
xtal_8.cif,./U3Si5/__initial__/143/xtal_8.cif,-7.2728915,6.254018
xtal_81.cif,./U3Si5/__initial__/143/xtal_81.cif,86.03168,-37.626137
xtal_83.cif,./U3Si5/__initial__/143/xtal_83.cif,48.115364,80.56545
xtal_84.cif,./U3Si5/__initial__/143/xtal_84.cif,26.012472,77.476875
xtal_85.cif,./U3Si5/__initial__/143/xtal_85.cif,-0.024124496,-16.312706
xtal_87.cif,./U3Si5/__initial__/143/xtal_87.cif,73.42135,55.80872
xtal_88.cif,./U3Si5/__initial__/143/xtal_88.cif,20.50153,37.246162
xtal_89.cif,./U3Si5/__initial__/143/xtal_89.cif,46.08366,62.99685
xtal_9.cif,./U3Si5/__initial__/143/xtal_9.cif,-4.3889613,42.71694
xtal_91.cif,./U3Si5/__initial__/143/xtal_91.cif,94.85596,-17.927227
xtal_92.cif,./U3Si5/__initial__/143/xtal_92.cif,44.36147,48.234104
xtal_93.cif,./U3Si5/__initial__/143/xtal_93.cif,-1.4273335,33.82215
xtal_97.cif,./U3Si5/__initial__/143/xtal_97.cif,42.83268,27.399979
xtal_98.cif,./U3Si5/__initial__/143/xtal_98.cif,3.4461896,5.8599324
xtal_12.cif,./U3Si5/144/xtal_12.cif,-52.144238,73.07862
xtal_13.cif,./U3Si5/__initial__/144/xtal_13.cif,34.21018,34.228912
xtal_15.cif,./U3Si5/__initial__/144/xtal_15.cif,54.742264,-17.097645
xtal_18.cif,./U3Si5/__initial__/144/xtal_18.cif,-27.58643,35.59901
xtal_2.cif,./U3Si5/__initial__/144/xtal_2.cif,-57.21945,34.614006
xtal_27.cif,./U3Si5/144/xtal_27.cif,12.166647,29.79395
xtal_30.cif,./U3Si5/__initial__/144/xtal_30.cif,26.152044,11.927957
xtal_31.cif,./U3Si5/__initial__/144/xtal_31.cif,-31.79855,47.9159
xtal_33.cif,./U3Si5/__initial__/144/xtal_33.cif,20.27106,12.949432
xtal_34.cif,./U3Si5/__initial__/144/xtal_34.cif,-12.902581,-20.711401
xtal_35.cif,./U3Si5/__initial__/144/xtal_35.cif,-45.14872,72.03413
xtal_38.cif,./U3Si5/__initial__/144/xtal_38.cif,-29.2276,80.48363
xtal_40.cif,./U3Si5/__initial__/144/xtal_40.cif,2.9677958,91.30465
xtal_42.cif,./U3Si5/__initial__/144/xtal_42.cif,-13.978125,34.190926
xtal_43.cif,./U3Si5/144/xtal_43.cif,-5.924023,111.499374
xtal_44.cif,./U3Si5/__initial__/144/xtal_44.cif,25.22473,75.5759
xtal_46.cif,./U3Si5/144/xtal_46.cif,6.6878133,109.135605
xtal_53.cif,./U3Si5/__initial__/144/xtal_53.cif,15.452358,17.173178
xtal_54.cif,./U3Si5/__initial__/144/xtal_54.cif,3.8324554,34.940014
xtal_55.cif,./U3Si5/__initial__/144/xtal_55.cif,43.176517,36.294838
xtal_56.cif,./U3Si5/__initial__/144/xtal_56.cif,28.531866,25.38601
xtal_57.cif,./U3Si5/__initial__/144/xtal_57.cif,-64.671234,-25.022617
xtal_59.cif,./U3Si5/__initial__/144/xtal_59.cif,10.427853,-11.147732
xtal_6.cif,./U3Si5/__initial__/144/xtal_6.cif,-43.842995,71.32342
xtal_60.cif,./U3Si5/__initial__/144/xtal_60.cif,-27.190052,80.53993
xtal_61.cif,./U3Si5/__initial__/144/xtal_61.cif,6.6411157,91.113304
xtal_64.cif,./U3Si5/__initial__/144/xtal_64.cif,24.331177,5.2317953
xtal_65.cif,./U3Si5/__initial__/144/xtal_65.cif,30.141848,55.66013
xtal_66.cif,./U3Si5/__initial__/144/xtal_66.cif,1.2387531,-18.496567
xtal_69.cif,./U3Si5/__initial__/144/xtal_69.cif,-38.96749,72.67004
xtal_74.cif,./U3Si5/__initial__/144/xtal_74.cif,25.062775,55.04234
xtal_75.cif,./U3Si5/__initial__/144/xtal_75.cif,1.9246207,48.19399
xtal_76.cif,./U3Si5/__initial__/144/xtal_76.cif,19.224556,-48.262447
xtal_8.cif,./U3Si5/__initial__/144/xtal_8.cif,-35.849323,57.604946
xtal_80.cif,./U3Si5/__initial__/144/xtal_80.cif,-46.92211,74.313354
xtal_81.cif,./U3Si5/__initial__/144/xtal_81.cif,-56.46505,-37.074722
xtal_83.cif,./U3Si5/__initial__/144/xtal_83.cif,-4.685819,-3.9426532
xtal_85.cif,./U3Si5/__initial__/144/xtal_85.cif,-7.6808295,94.31304
xtal_88.cif,./U3Si5/__initial__/144/xtal_88.cif,-37.076756,-51.67736
xtal_90.cif,./U3Si5/__initial__/144/xtal_90.cif,-62.17931,17.48088
xtal_91.cif,./U3Si5/144/xtal_91.cif,-80.0717,79.89346
xtal_95.cif,./U3Si5/__initial__/144/xtal_95.cif,15.797851,-28.292294
xtal_10.cif,./U3Si5/__initial__/145/xtal_10.cif,7.6885257,42.570705
xtal_100.cif,./U3Si5/__initial__/145/xtal_100.cif,20.61914,-96.45437
xtal_12.cif,./U3Si5/__initial__/145/xtal_12.cif,7.278581,-25.94665
xtal_13.cif,./U3Si5/__initial__/145/xtal_13.cif,26.376091,-80.0311
xtal_15.cif,./U3Si5/__initial__/145/xtal_15.cif,-16.501091,2.928105
xtal_16.cif,./U3Si5/__initial__/145/xtal_16.cif,12.382642,44.189293
xtal_17.cif,./U3Si5/__initial__/145/xtal_17.cif,-9.6550665,92.260025
xtal_19.cif,./U3Si5/__initial__/145/xtal_19.cif,-32.8988,-68.98483
xtal_2.cif,./U3Si5/__initial__/145/xtal_2.cif,14.017998,-1.599136
xtal_20.cif,./U3Si5/__initial__/145/xtal_20.cif,-57.58045,-15.211881
xtal_22.cif,./U3Si5/__initial__/145/xtal_22.cif,-56.27983,17.4905
xtal_23.cif,./U3Si5/__initial__/145/xtal_23.cif,3.2812161,34.188084
xtal_24.cif,./U3Si5/__initial__/145/xtal_24.cif,-47.728474,-16.858288
xtal_26.cif,./U3Si5/__initial__/145/xtal_26.cif,-65.34463,5.7955174
xtal_27.cif,./U3Si5/__initial__/145/xtal_27.cif,10.283676,-84.81047
xtal_28.cif,./U3Si5/__initial__/145/xtal_28.cif,18.808947,32.50841
xtal_29.cif,./U3Si5/__initial__/145/xtal_29.cif,-19.753237,-18.294212
xtal_3.cif,./U3Si5/__initial__/145/xtal_3.cif,26.131308,15.517066
xtal_30.cif,./U3Si5/__initial__/145/xtal_30.cif,-19.607035,-16.728935
xtal_31.cif,./U3Si5/__initial__/145/xtal_31.cif,9.706524,33.911804
xtal_32.cif,./U3Si5/__initial__/145/xtal_32.cif,-2.604057,29.076756
xtal_34.cif,./U3Si5/__initial__/145/xtal_34.cif,-69.265205,7.9722986
xtal_35.cif,./U3Si5/__initial__/145/xtal_35.cif,-1.5486389,47.581158
xtal_36.cif,./U3Si5/__initial__/145/xtal_36.cif,-38.656265,-53.799084
xtal_37.cif,./U3Si5/145/xtal_37.cif,-5.566602,-12.132814
xtal_38.cif,./U3Si5/__initial__/145/xtal_38.cif,15.3701935,-22.752626
xtal_40.cif,./U3Si5/__initial__/145/xtal_40.cif,14.2707405,-1.9542582
xtal_41.cif,./U3Si5/__initial__/145/xtal_41.cif,-13.364252,89.968254
xtal_42.cif,./U3Si5/__initial__/145/xtal_42.cif,-2.2731543,45.44176
xtal_45.cif,./U3Si5/__initial__/145/xtal_45.cif,-70.72357,19.433914
xtal_46.cif,./U3Si5/__initial__/145/xtal_46.cif,52.62213,-18.064423
xtal_47.cif,./U3Si5/__initial__/145/xtal_47.cif,-14.890852,-13.74574
xtal_48.cif,./U3Si5/__initial__/145/xtal_48.cif,-65.33665,17.024551
xtal_49.cif,./U3Si5/__initial__/145/xtal_49.cif,-25.400862,-20.78515
xtal_5.cif,./U3Si5/__initial__/145/xtal_5.cif,31.474333,-11.386536
xtal_50.cif,./U3Si5/__initial__/145/xtal_50.cif,-5.5754433,43.413662
xtal_51.cif,./U3Si5/__initial__/145/xtal_51.cif,-60.84754,35.830708
xtal_52.cif,./U3Si5/__initial__/145/xtal_52.cif,20.215902,7.6129727
xtal_55.cif,./U3Si5/__initial__/145/xtal_55.cif,-64.87618,8.683893
xtal_57.cif,./U3Si5/__initial__/145/xtal_57.cif,-21.664925,-27.016283
xtal_58.cif,./U3Si5/__initial__/145/xtal_58.cif,14.029993,-88.35295
xtal_59.cif,./U3Si5/__initial__/145/xtal_59.cif,-14.546459,-20.999407
xtal_6.cif,./U3Si5/__initial__/145/xtal_6.cif,-63.63259,-20.870247
xtal_60.cif,./U3Si5/__initial__/145/xtal_60.cif,-60.396664,3.9969726
xtal_61.cif,./U3Si5/__initial__/145/xtal_61.cif,13.469129,4.826812
xtal_63.cif,./U3Si5/__initial__/145/xtal_63.cif,53.0186,66.36217
xtal_64.cif,./U3Si5/__initial__/145/xtal_64.cif,18.798086,-27.536512
xtal_65.cif,./U3Si5/__initial__/145/xtal_65.cif,7.725033,86.81753
xtal_66.cif,./U3Si5/__initial__/145/xtal_66.cif,15.430276,-0.6215934
xtal_68.cif,./U3Si5/__initial__/145/xtal_68.cif,4.215595,16.058678
xtal_69.cif,./U3Si5/145/xtal_69.cif,-52.899094,76.90372
xtal_7.cif,./U3Si5/__initial__/145/xtal_7.cif,-20.468401,-21.346151
xtal_71.cif,./U3Si5/__initial__/145/xtal_71.cif,42.74107,55.33455
xtal_72.cif,./U3Si5/__initial__/145/xtal_72.cif,-44.429955,68.89486
xtal_73.cif,./U3Si5/__initial__/145/xtal_73.cif,5.2390957,-82.94259
xtal_74.cif,./U3Si5/__initial__/145/xtal_74.cif,-68.716446,19.709324
xtal_76.cif,./U3Si5/__initial__/145/xtal_76.cif,-57.979187,39.805553
xtal_77.cif,./U3Si5/__initial__/145/xtal_77.cif,11.622179,24.329945
xtal_79.cif,./U3Si5/__initial__/145/xtal_79.cif,-66.97173,4.8994184
xtal_80.cif,./U3Si5/__initial__/145/xtal_80.cif,11.258233,-87.64679
xtal_81.cif,./U3Si5/__initial__/145/xtal_81.cif,-17.003145,-22.165777
xtal_82.cif,./U3Si5/__initial__/145/xtal_82.cif,13.028825,-86.52194
xtal_83.cif,./U3Si5/__initial__/145/xtal_83.cif,-44.545776,-10.96719
xtal_85.cif,./U3Si5/__initial__/145/xtal_85.cif,-65.98933,17.625158
xtal_86.cif,./U3Si5/__initial__/145/xtal_86.cif,-48.014328,44.054073
xtal_87.cif,./U3Si5/__initial__/145/xtal_87.cif,17.400639,-83.56712
xtal_88.cif,./U3Si5/__initial__/145/xtal_88.cif,36.619385,55.704636
xtal_89.cif,./U3Si5/__initial__/145/xtal_89.cif,-41.76431,70.21795
xtal_9.cif,./U3Si5/__initial__/145/xtal_9.cif,16.424538,-3.2873335
xtal_90.cif,./U3Si5/__initial__/145/xtal_90.cif,-42.562946,61.23513
xtal_92.cif,./U3Si5/145/xtal_92.cif,3.4780614,36.836636
xtal_93.cif,./U3Si5/__initial__/145/xtal_93.cif,-65.14141,22.036257
xtal_95.cif,./U3Si5/__initial__/145/xtal_95.cif,-66.03469,6.509287
xtal_96.cif,./U3Si5/__initial__/145/xtal_96.cif,-65.308914,7.860669
xtal_98.cif,./U3Si5/__initial__/145/xtal_98.cif,17.25841,-2.72059
xtal_99.cif,./U3Si5/__initial__/145/xtal_99.cif,-2.5492334,-29.710308
xtal_100.cif,./U3Si5/__initial__/146/xtal_100.cif,0.12077288,-8.8732
xtal_11.cif,./U3Si5/__initial__/146/xtal_11.cif,-65.91284,-46.419174
xtal_13.cif,./U3Si5/__initial__/146/xtal_13.cif,-13.200608,92.4349
xtal_14.cif,./U3Si5/__initial__/146/xtal_14.cif,38.423836,47.437656
xtal_15.cif,./U3Si5/146/xtal_15.cif,-50.981884,78.029594
xtal_17.cif,./U3Si5/__initial__/146/xtal_17.cif,36.25149,38.3593
xtal_18.cif,./U3Si5/__initial__/146/xtal_18.cif,-23.12707,-20.47012
xtal_19.cif,./U3Si5/__initial__/146/xtal_19.cif,42.515545,63.30522
xtal_2.cif,./U3Si5/__initial__/146/xtal_2.cif,-11.409441,-20.26015
xtal_20.cif,./U3Si5/__initial__/146/xtal_20.cif,7.2450366,-5.924412
xtal_21.cif,./U3Si5/__initial__/146/xtal_21.cif,27.106012,29.79207
xtal_22.cif,./U3Si5/__initial__/146/xtal_22.cif,26.216497,53.727985
xtal_23.cif,./U3Si5/__initial__/146/xtal_23.cif,41.853275,46.29432
xtal_24.cif,./U3Si5/__initial__/146/xtal_24.cif,41.15231,45.91856
xtal_25.cif,./U3Si5/__initial__/146/xtal_25.cif,55.553635,-89.92722
xtal_26.cif,./U3Si5/__initial__/146/xtal_26.cif,43.767677,54.432133
xtal_27.cif,./U3Si5/__initial__/146/xtal_27.cif,30.11696,64.91247
xtal_28.cif,./U3Si5/__initial__/146/xtal_28.cif,17.666986,-20.956
xtal_29.cif,./U3Si5/__initial__/146/xtal_29.cif,31.560413,1.5191168
xtal_3.cif,./U3Si5/__initial__/146/xtal_3.cif,59.565113,74.097206
xtal_30.cif,./U3Si5/__initial__/146/xtal_30.cif,0.65259033,-22.686853
xtal_31.cif,./U3Si5/__initial__/146/xtal_31.cif,64.00588,-66.34693
xtal_33.cif,./U3Si5/__initial__/146/xtal_33.cif,43.119987,31.653505
xtal_34.cif,./U3Si5/__initial__/146/xtal_34.cif,-13.231312,89.183945
xtal_35.cif,./U3Si5/__initial__/146/xtal_35.cif,5.9576073,18.547127
xtal_36.cif,./U3Si5/__initial__/146/xtal_36.cif,-46.246418,27.378706
xtal_37.cif,./U3Si5/__initial__/146/xtal_37.cif,0.51551604,-58.269466
xtal_39.cif,./U3Si5/__initial__/146/xtal_39.cif,24.64601,52.925957
xtal_40.cif,./U3Si5/__initial__/146/xtal_40.cif,31.760094,34.0432
xtal_41.cif,./U3Si5/__initial__/146/xtal_41.cif,13.428576,-84.25462
xtal_42.cif,./U3Si5/__initial__/146/xtal_42.cif,-53.2813,67.24707
xtal_43.cif,./U3Si5/__initial__/146/xtal_43.cif,20.103416,36.24937
xtal_44.cif,./U3Si5/__initial__/146/xtal_44.cif,50.29187,82.8122
xtal_45.cif,./U3Si5/__initial__/146/xtal_45.cif,8.80591,40.37343
xtal_48.cif,./U3Si5/__initial__/146/xtal_48.cif,24.940802,76.273415
xtal_50.cif,./U3Si5/__initial__/146/xtal_50.cif,32.712906,30.46153
xtal_52.cif,./U3Si5/__initial__/146/xtal_52.cif,27.998829,-16.832024
xtal_53.cif,./U3Si5/__initial__/146/xtal_53.cif,-67.17853,14.209526
xtal_54.cif,./U3Si5/__initial__/146/xtal_54.cif,12.87833,-0.6660577
xtal_55.cif,./U3Si5/__initial__/146/xtal_55.cif,16.74164,34.51952
xtal_57.cif,./U3Si5/__initial__/146/xtal_57.cif,14.48942,9.529747
xtal_58.cif,./U3Si5/__initial__/146/xtal_58.cif,11.24801,35.56878
xtal_59.cif,./U3Si5/__initial__/146/xtal_59.cif,48.714508,60.649956
xtal_6.cif,./U3Si5/__initial__/146/xtal_6.cif,11.263572,45.187744
xtal_60.cif,./U3Si5/__initial__/146/xtal_60.cif,23.276907,21.2321
xtal_61.cif,./U3Si5/__initial__/146/xtal_61.cif,20.727,20.490479
xtal_62.cif,./U3Si5/__initial__/146/xtal_62.cif,-0.25297815,78.217545
xtal_63.cif,./U3Si5/__initial__/146/xtal_63.cif,-62.936462,4.985754
xtal_64.cif,./U3Si5/__initial__/146/xtal_64.cif,30.317396,24.88282
xtal_65.cif,./U3Si5/__initial__/146/xtal_65.cif,50.41726,64.05645
xtal_66.cif,./U3Si5/__initial__/146/xtal_66.cif,26.224268,-80.31481
xtal_67.cif,./U3Si5/__initial__/146/xtal_67.cif,12.844988,-3.736597
xtal_68.cif,./U3Si5/__initial__/146/xtal_68.cif,37.74116,41.6598
xtal_69.cif,./U3Si5/__initial__/146/xtal_69.cif,41.109966,43.67537
xtal_7.cif,./U3Si5/__initial__/146/xtal_7.cif,28.991835,7.8177805
xtal_70.cif,./U3Si5/__initial__/146/xtal_70.cif,17.783377,7.5175242
xtal_71.cif,./U3Si5/__initial__/146/xtal_71.cif,-11.934174,-57.408085
xtal_72.cif,./U3Si5/__initial__/146/xtal_72.cif,8.681505,-0.64846826
xtal_73.cif,./U3Si5/__initial__/146/xtal_73.cif,-1.8232586,44.168293
xtal_74.cif,./U3Si5/__initial__/146/xtal_74.cif,0.33120775,44.807655
xtal_75.cif,./U3Si5/__initial__/146/xtal_75.cif,32.074398,31.113157
xtal_76.cif,./U3Si5/__initial__/146/xtal_76.cif,-25.871843,86.84818
xtal_77.cif,./U3Si5/__initial__/146/xtal_77.cif,12.750218,-14.4405
xtal_78.cif,./U3Si5/__initial__/146/xtal_78.cif,35.00386,37.237885
xtal_79.cif,./U3Si5/__initial__/146/xtal_79.cif,24.77075,54.674618
xtal_8.cif,./U3Si5/__initial__/146/xtal_8.cif,30.775003,38.485214
xtal_80.cif,./U3Si5/__initial__/146/xtal_80.cif,-7.236074,-9.634978
xtal_81.cif,./U3Si5/__initial__/146/xtal_81.cif,42.961002,49.552788
xtal_82.cif,./U3Si5/__initial__/146/xtal_82.cif,31.756378,35.199078
xtal_83.cif,./U3Si5/__initial__/146/xtal_83.cif,-7.0835934,39.783146
xtal_84.cif,./U3Si5/__initial__/146/xtal_84.cif,59.0834,77.45961
xtal_85.cif,./U3Si5/__initial__/146/xtal_85.cif,25.653048,21.489277
xtal_86.cif,./U3Si5/__initial__/146/xtal_86.cif,26.429867,47.92
xtal_87.cif,./U3Si5/__initial__/146/xtal_87.cif,30.830572,9.567111
xtal_89.cif,./U3Si5/__initial__/146/xtal_89.cif,-57.048195,-57.521297
xtal_9.cif,./U3Si5/__initial__/146/xtal_9.cif,21.84824,3.6136076
xtal_91.cif,./U3Si5/__initial__/146/xtal_91.cif,-67.94457,20.8861
xtal_92.cif,./U3Si5/__initial__/146/xtal_92.cif,41.0196,54.462673
xtal_93.cif,./U3Si5/__initial__/146/xtal_93.cif,21.248917,-16.560564
xtal_95.cif,./U3Si5/__initial__/146/xtal_95.cif,59.5824,80.128296
xtal_96.cif,./U3Si5/__initial__/146/xtal_96.cif,25.473028,55.900185
xtal_97.cif,./U3Si5/__initial__/146/xtal_97.cif,43.97927,48.296448
xtal_98.cif,./U3Si5/__initial__/146/xtal_98.cif,-56.088924,-53.178215
xtal_99.cif,./U3Si5/__initial__/146/xtal_99.cif,35.008667,22.199972
xtal_10.cif,./U3Si5/__initial__/147/xtal_10.cif,-29.501522,-38.77834
xtal_100.cif,./U3Si5/__initial__/147/xtal_100.cif,83.92173,3.4543214
xtal_11.cif,./U3Si5/__initial__/147/xtal_11.cif,-8.97028,26.598
xtal_12.cif,./U3Si5/__initial__/147/xtal_12.cif,32.742058,-91.342354
xtal_13.cif,./U3Si5/__initial__/147/xtal_13.cif,-91.20074,12.535445
xtal_15.cif,./U3Si5/__initial__/147/xtal_15.cif,30.107239,-13.119641
xtal_16.cif,./U3Si5/__initial__/147/xtal_16.cif,35.169304,-85.59846
xtal_18.cif,./U3Si5/__initial__/147/xtal_18.cif,-91.59419,15.936587
xtal_20.cif,./U3Si5/__initial__/147/xtal_20.cif,11.415849,80.19936
xtal_21.cif,./U3Si5/__initial__/147/xtal_21.cif,96.89537,43.22687
xtal_25.cif,./U3Si5/__initial__/147/xtal_25.cif,-73.02211,42.925343
xtal_26.cif,./U3Si5/__initial__/147/xtal_26.cif,-1.0040424,18.682215
xtal_27.cif,./U3Si5/__initial__/147/xtal_27.cif,45.50442,-51.280674
xtal_28.cif,./U3Si5/__initial__/147/xtal_28.cif,-35.737564,0.2908419
xtal_29.cif,./U3Si5/__initial__/147/xtal_29.cif,-9.030342,69.12099
xtal_30.cif,./U3Si5/__initial__/147/xtal_30.cif,-23.544449,64.66028
xtal_31.cif,./U3Si5/__initial__/147/xtal_31.cif,-28.157787,70.76143
xtal_32.cif,./U3Si5/__initial__/147/xtal_32.cif,82.96011,-44.304897
xtal_33.cif,./U3Si5/__initial__/147/xtal_33.cif,-8.328011,16.52769
xtal_34.cif,./U3Si5/__initial__/147/xtal_34.cif,9.168139,-57.716026
xtal_35.cif,./U3Si5/__initial__/147/xtal_35.cif,-53.139812,18.42411
xtal_37.cif,./U3Si5/__initial__/147/xtal_37.cif,-94.02626,-10.664552
xtal_38.cif,./U3Si5/__initial__/147/xtal_38.cif,-45.37713,1.5071114
xtal_39.cif,./U3Si5/__initial__/147/xtal_39.cif,103.460945,-16.33045
xtal_4.cif,./U3Si5/147/xtal_4.cif,112.65788,6.1537504
xtal_40.cif,./U3Si5/__initial__/147/xtal_40.cif,-4.7626853,16.13007
xtal_44.cif,./U3Si5/__initial__/147/xtal_44.cif,-46.409885,58.806896
xtal_45.cif,./U3Si5/147/xtal_45.cif,-49.218357,-51.59621
xtal_46.cif,./U3Si5/__initial__/147/xtal_46.cif,61.18402,-25.599195
xtal_47.cif,./U3Si5/__initial__/147/xtal_47.cif,73.156235,59.441433
xtal_48.cif,./U3Si5/__initial__/147/xtal_48.cif,-2.5380569,85.3221
xtal_5.cif,./U3Si5/__initial__/147/xtal_5.cif,-5.45985,-100.484535
xtal_53.cif,./U3Si5/__initial__/147/xtal_53.cif,95.12885,42.096817
xtal_55.cif,./U3Si5/__initial__/147/xtal_55.cif,109.223724,-9.8538475
xtal_57.cif,./U3Si5/__initial__/147/xtal_57.cif,-57.78571,11.874902
xtal_58.cif,./U3Si5/__initial__/147/xtal_58.cif,-57.471893,1.7374188
xtal_59.cif,./U3Si5/__initial__/147/xtal_59.cif,79.14125,57.40662
xtal_6.cif,./U3Si5/__initial__/147/xtal_6.cif,-10.84716,81.947525
xtal_60.cif,./U3Si5/__initial__/147/xtal_60.cif,-84.42529,49.083847
xtal_61.cif,./U3Si5/__initial__/147/xtal_61.cif,-50.03018,-1.3420788
xtal_63.cif,./U3Si5/__initial__/147/xtal_63.cif,-57.647675,22.242525
xtal_64.cif,./U3Si5/__initial__/147/xtal_64.cif,-48.199944,41.27331
xtal_65.cif,./U3Si5/__initial__/147/xtal_65.cif,100.78552,-35.698162
xtal_66.cif,./U3Si5/__initial__/147/xtal_66.cif,-63.707565,31.587622
xtal_68.cif,./U3Si5/__initial__/147/xtal_68.cif,67.50609,-39.318768
xtal_7.cif,./U3Si5/__initial__/147/xtal_7.cif,-37.549175,92.60856
xtal_72.cif,./U3Si5/__initial__/147/xtal_72.cif,-39.032475,-31.06682
xtal_73.cif,./U3Si5/__initial__/147/xtal_73.cif,93.09517,70.542694
xtal_74.cif,./U3Si5/__initial__/147/xtal_74.cif,99.91952,29.62213
xtal_75.cif,./U3Si5/__initial__/147/xtal_75.cif,-89.675415,24.479183
xtal_77.cif,./U3Si5/147/xtal_77.cif,-69.919174,63.12344
xtal_78.cif,./U3Si5/147/xtal_78.cif,29.052362,4.737533
xtal_79.cif,./U3Si5/__initial__/147/xtal_79.cif,70.16546,20.121885
xtal_80.cif,./U3Si5/__initial__/147/xtal_80.cif,-54.409504,-0.7976525
xtal_83.cif,./U3Si5/__initial__/147/xtal_83.cif,29.70153,-23.919106
xtal_84.cif,./U3Si5/__initial__/147/xtal_84.cif,-6.9837403,71.48027
xtal_85.cif,./U3Si5/147/xtal_85.cif,0.1692064,109.97083
xtal_87.cif,./U3Si5/147/xtal_87.cif,95.60011,4.0805755
xtal_88.cif,./U3Si5/__initial__/147/xtal_88.cif,89.059074,53.698647
xtal_90.cif,./U3Si5/147/xtal_90.cif,42.123756,74.19485
xtal_91.cif,./U3Si5/__initial__/147/xtal_91.cif,-61.005127,59.2106
xtal_92.cif,./U3Si5/__initial__/147/xtal_92.cif,105.81484,29.187567
xtal_94.cif,./U3Si5/__initial__/147/xtal_94.cif,58.14498,-7.352546
xtal_95.cif,./U3Si5/147/xtal_95.cif,4.258309,104.79694
xtal_96.cif,./U3Si5/__initial__/147/xtal_96.cif,-59.098026,15.957085
xtal_97.cif,./U3Si5/__initial__/147/xtal_97.cif,101.31581,18.743162
xtal_10.cif,./U3Si5/148/xtal_10.cif,1.0317296,72.09691
xtal_22.cif,./U3Si5/__initial__/148/xtal_22.cif,61.171535,-28.669374
xtal_29.cif,./U3Si5/148/xtal_29.cif,111.87196,-15.761469
xtal_31.cif,./U3Si5/__initial__/148/xtal_31.cif,-38.59603,19.692713
xtal_34.cif,./U3Si5/__initial__/148/xtal_34.cif,-2.6478436,102.12607
xtal_42.cif,./U3Si5/__initial__/148/xtal_42.cif,-32.19943,-22.467533
xtal_44.cif,./U3Si5/__initial__/148/xtal_44.cif,-68.74173,82.25005
xtal_46.cif,./U3Si5/148/xtal_46.cif,100.26403,23.05298
xtal_47.cif,./U3Si5/__initial__/148/xtal_47.cif,-34.854816,28.255602
xtal_52.cif,./U3Si5/__initial__/148/xtal_52.cif,-73.02048,-59.744236
xtal_55.cif,./U3Si5/148/xtal_55.cif,106.42198,-28.582352
xtal_57.cif,./U3Si5/__initial__/148/xtal_57.cif,56.74613,14.924137
xtal_6.cif,./U3Si5/__initial__/148/xtal_6.cif,-117.13827,18.400883
xtal_61.cif,./U3Si5/__initial__/148/xtal_61.cif,53.25545,-42.47609
xtal_74.cif,./U3Si5/__initial__/148/xtal_74.cif,85.74778,-74.86218
xtal_79.cif,./U3Si5/148/xtal_79.cif,1.2268695,70.97642
xtal_1.cif,./U3Si5/__initial__/149/xtal_1.cif,54.256664,-31.484076
xtal_10.cif,./U3Si5/__initial__/149/xtal_10.cif,-13.087002,71.72301
xtal_100.cif,./U3Si5/149/xtal_100.cif,-36.28637,-9.38464
xtal_11.cif,./U3Si5/__initial__/149/xtal_11.cif,-60.5462,21.804626
xtal_12.cif,./U3Si5/__initial__/149/xtal_12.cif,80.866974,60.60149
xtal_13.cif,./U3Si5/__initial__/149/xtal_13.cif,44.18135,28.375069
xtal_14.cif,./U3Si5/__initial__/149/xtal_14.cif,8.749952,-83.29219
xtal_15.cif,./U3Si5/__initial__/149/xtal_15.cif,-13.027882,-86.71123
xtal_16.cif,./U3Si5/__initial__/149/xtal_16.cif,-98.97468,14.063392
xtal_17.cif,./U3Si5/__initial__/149/xtal_17.cif,-26.281399,21.869223
xtal_18.cif,./U3Si5/__initial__/149/xtal_18.cif,-62.520992,-56.161343
xtal_19.cif,./U3Si5/__initial__/149/xtal_19.cif,-70.78883,32.790653
xtal_2.cif,./U3Si5/__initial__/149/xtal_2.cif,-3.2703412,-80.45047
xtal_20.cif,./U3Si5/__initial__/149/xtal_20.cif,17.017832,-49.563526
xtal_21.cif,./U3Si5/__initial__/149/xtal_21.cif,61.77653,62.488876
xtal_22.cif,./U3Si5/__initial__/149/xtal_22.cif,46.048622,-5.7958975
xtal_23.cif,./U3Si5/__initial__/149/xtal_23.cif,47.635677,2.3653286
xtal_24.cif,./U3Si5/__initial__/149/xtal_24.cif,-34.5575,79.512665
xtal_25.cif,./U3Si5/__initial__/149/xtal_25.cif,62.97187,-84.768105
xtal_26.cif,./U3Si5/__initial__/149/xtal_26.cif,-44.544872,-75.32071
xtal_27.cif,./U3Si5/__initial__/149/xtal_27.cif,8.742202,13.827058
xtal_28.cif,./U3Si5/__initial__/149/xtal_28.cif,-20.348368,-20.61904
xtal_29.cif,./U3Si5/__initial__/149/xtal_29.cif,22.427296,43.98312
xtal_3.cif,./U3Si5/__initial__/149/xtal_3.cif,46.471367,-20.331627
xtal_30.cif,./U3Si5/__initial__/149/xtal_30.cif,86.02717,58.542435
xtal_31.cif,./U3Si5/__initial__/149/xtal_31.cif,43.207005,-43.352325
xtal_32.cif,./U3Si5/__initial__/149/xtal_32.cif,9.250685,-70.32789
xtal_33.cif,./U3Si5/__initial__/149/xtal_33.cif,-24.658068,-11.146532
xtal_34.cif,./U3Si5/__initial__/149/xtal_34.cif,-52.100758,16.388466
xtal_35.cif,./U3Si5/149/xtal_35.cif,-75.936226,25.565157
xtal_36.cif,./U3Si5/__initial__/149/xtal_36.cif,-12.638775,-73.260635
xtal_37.cif,./U3Si5/__initial__/149/xtal_37.cif,-54.998226,-26.116278
xtal_38.cif,./U3Si5/__initial__/149/xtal_38.cif,-20.601458,-31.673012
xtal_39.cif,./U3Si5/__initial__/149/xtal_39.cif,41.37737,35.01742
xtal_4.cif,./U3Si5/__initial__/149/xtal_4.cif,37.72729,44.813957
xtal_40.cif,./U3Si5/__initial__/149/xtal_40.cif,65.04238,35.726395
xtal_41.cif,./U3Si5/__initial__/149/xtal_41.cif,74.03102,14.822551
xtal_42.cif,./U3Si5/__initial__/149/xtal_42.cif,97.03132,51.99096
xtal_43.cif,./U3Si5/__initial__/149/xtal_43.cif,-77.0904,-15.582352
xtal_44.cif,./U3Si5/__initial__/149/xtal_44.cif,49.302822,38.556442
xtal_45.cif,./U3Si5/__initial__/149/xtal_45.cif,-36.468494,3.4564354
xtal_46.cif,./U3Si5/__initial__/149/xtal_46.cif,0.072768636,43.50181
xtal_47.cif,./U3Si5/__initial__/149/xtal_47.cif,-87.93655,-19.898989
xtal_48.cif,./U3Si5/__initial__/149/xtal_48.cif,76.44151,38.23189
xtal_49.cif,./U3Si5/__initial__/149/xtal_49.cif,13.90735,-79.840965
xtal_5.cif,./U3Si5/__initial__/149/xtal_5.cif,93.42994,70.330246
xtal_50.cif,./U3Si5/__initial__/149/xtal_50.cif,9.901109,96.800415
xtal_51.cif,./U3Si5/__initial__/149/xtal_51.cif,-5.3323097,88.36499
xtal_52.cif,./U3Si5/__initial__/149/xtal_52.cif,33.356747,54.43961
xtal_53.cif,./U3Si5/__initial__/149/xtal_53.cif,-38.20521,-91.6695
xtal_54.cif,./U3Si5/__initial__/149/xtal_54.cif,-41.104687,-39.89039
xtal_55.cif,./U3Si5/__initial__/149/xtal_55.cif,10.604711,79.54298
xtal_56.cif,./U3Si5/__initial__/149/xtal_56.cif,-7.407834,-89.773415
xtal_57.cif,./U3Si5/__initial__/149/xtal_57.cif,26.383202,56.786514
xtal_58.cif,./U3Si5/__initial__/149/xtal_58.cif,21.744455,-49.75938
xtal_59.cif,./U3Si5/__initial__/149/xtal_59.cif,72.92745,19.78682
xtal_6.cif,./U3Si5/__initial__/149/xtal_6.cif,15.078055,-21.037724
xtal_60.cif,./U3Si5/__initial__/149/xtal_60.cif,38.150166,-6.120162
xtal_61.cif,./U3Si5/__initial__/149/xtal_61.cif,2.1052866,47.22757
xtal_62.cif,./U3Si5/__initial__/149/xtal_62.cif,42.984753,54.071995
xtal_63.cif,./U3Si5/__initial__/149/xtal_63.cif,28.967901,-103.13806
xtal_64.cif,./U3Si5/__initial__/149/xtal_64.cif,-22.735104,-83.55737
xtal_65.cif,./U3Si5/__initial__/149/xtal_65.cif,69.15127,56.839916
xtal_66.cif,./U3Si5/__initial__/149/xtal_66.cif,-6.204743,43.007286
xtal_67.cif,./U3Si5/__initial__/149/xtal_67.cif,31.38684,0.21184139
xtal_68.cif,./U3Si5/__initial__/149/xtal_68.cif,-61.704857,-52.06158
xtal_69.cif,./U3Si5/__initial__/149/xtal_69.cif,40.106396,28.810408
xtal_7.cif,./U3Si5/__initial__/149/xtal_7.cif,96.88592,26.288383
xtal_70.cif,./U3Si5/__initial__/149/xtal_70.cif,-24.86221,3.7499282
xtal_71.cif,./U3Si5/__initial__/149/xtal_71.cif,78.86706,15.585508
xtal_72.cif,./U3Si5/__initial__/149/xtal_72.cif,-56.71809,37.129265
xtal_73.cif,./U3Si5/149/xtal_73.cif,18.285185,-38.412544
xtal_74.cif,./U3Si5/__initial__/149/xtal_74.cif,-35.226246,-50.009464
xtal_75.cif,./U3Si5/__initial__/149/xtal_75.cif,-4.756137,31.573147
xtal_76.cif,./U3Si5/__initial__/149/xtal_76.cif,12.890455,-99.2906
xtal_77.cif,./U3Si5/__initial__/149/xtal_77.cif,59.13298,76.45725
xtal_78.cif,./U3Si5/__initial__/149/xtal_78.cif,81.220215,60.515137
xtal_79.cif,./U3Si5/__initial__/149/xtal_79.cif,-9.91431,-72.498886
xtal_8.cif,./U3Si5/__initial__/149/xtal_8.cif,68.54379,53.61154
xtal_80.cif,./U3Si5/__initial__/149/xtal_80.cif,52.11244,-19.43859
xtal_81.cif,./U3Si5/__initial__/149/xtal_81.cif,13.120769,39.480785
xtal_82.cif,./U3Si5/__initial__/149/xtal_82.cif,-47.57671,68.33514
xtal_83.cif,./U3Si5/__initial__/149/xtal_83.cif,-45.40527,-26.511217
xtal_84.cif,./U3Si5/__initial__/149/xtal_84.cif,60.288815,24.086054
xtal_85.cif,./U3Si5/__initial__/149/xtal_85.cif,-46.74943,-62.03353
xtal_86.cif,./U3Si5/__initial__/149/xtal_86.cif,82.01767,31.247612
xtal_87.cif,./U3Si5/__initial__/149/xtal_87.cif,-29.364191,73.67947
xtal_88.cif,./U3Si5/__initial__/149/xtal_88.cif,-7.024901,-7.8881574
xtal_89.cif,./U3Si5/__initial__/149/xtal_89.cif,-30.19622,70.10362
xtal_9.cif,./U3Si5/__initial__/149/xtal_9.cif,-53.166527,-73.50714
xtal_90.cif,./U3Si5/__initial__/149/xtal_90.cif,76.67547,43.538155
xtal_91.cif,./U3Si5/__initial__/149/xtal_91.cif,106.22405,15.385184
xtal_92.cif,./U3Si5/__initial__/149/xtal_92.cif,-16.700686,-8.353152
xtal_93.cif,./U3Si5/__initial__/149/xtal_93.cif,68.21262,21.471169
xtal_94.cif,./U3Si5/149/xtal_94.cif,-69.400055,9.157452
xtal_95.cif,./U3Si5/__initial__/149/xtal_95.cif,-50.261974,55.797184
xtal_96.cif,./U3Si5/__initial__/149/xtal_96.cif,-37.07981,-18.087307
xtal_97.cif,./U3Si5/__initial__/149/xtal_97.cif,-4.6996994,101.91956
xtal_98.cif,./U3Si5/__initial__/149/xtal_98.cif,-7.863538,23.576519
xtal_99.cif,./U3Si5/__initial__/149/xtal_99.cif,3.6577058,-18.766356
xtal_1.cif,./U3Si5/__initial__/150/xtal_1.cif,93.20697,59.318893
xtal_10.cif,./U3Si5/__initial__/150/xtal_10.cif,105.51842,-27.32149
xtal_11.cif,./U3Si5/__initial__/150/xtal_11.cif,69.851524,-4.8187847
xtal_12.cif,./U3Si5/__initial__/150/xtal_12.cif,-5.9304957,66.30079
xtal_13.cif,./U3Si5/__initial__/150/xtal_13.cif,113.19347,28.72282
xtal_18.cif,./U3Si5/__initial__/150/xtal_18.cif,-19.08103,93.090034
xtal_19.cif,./U3Si5/__initial__/150/xtal_19.cif,2.4053867,82.71973
xtal_22.cif,./U3Si5/150/xtal_22.cif,29.465923,8.03147
xtal_27.cif,./U3Si5/__initial__/150/xtal_27.cif,38.277714,-35.08582
xtal_3.cif,./U3Si5/__initial__/150/xtal_3.cif,-61.385727,63.387745
xtal_31.cif,./U3Si5/__initial__/150/xtal_31.cif,96.39631,56.565365
xtal_33.cif,./U3Si5/__initial__/150/xtal_33.cif,-21.090572,74.95322
xtal_39.cif,./U3Si5/__initial__/150/xtal_39.cif,60.850414,10.399167
xtal_41.cif,./U3Si5/__initial__/150/xtal_41.cif,-38.12873,-63.603603
xtal_43.cif,./U3Si5/__initial__/150/xtal_43.cif,53.84112,-3.6464097
xtal_5.cif,./U3Si5/150/xtal_5.cif,-15.852598,9.108227
xtal_50.cif,./U3Si5/150/xtal_50.cif,57.882477,75.706856
xtal_52.cif,./U3Si5/__initial__/150/xtal_52.cif,42.36103,39.969746
xtal_57.cif,./U3Si5/__initial__/150/xtal_57.cif,65.24142,-20.530424
xtal_59.cif,./U3Si5/__initial__/150/xtal_59.cif,102.105255,3.2211556
xtal_61.cif,./U3Si5/__initial__/150/xtal_61.cif,34.111683,22.570011
xtal_66.cif,./U3Si5/__initial__/150/xtal_66.cif,93.67982,-12.224704
xtal_72.cif,./U3Si5/__initial__/150/xtal_72.cif,69.11101,40.57447
xtal_73.cif,./U3Si5/150/xtal_73.cif,16.637177,28.923634
xtal_75.cif,./U3Si5/__initial__/150/xtal_75.cif,93.53444,62.976574
xtal_76.cif,./U3Si5/150/xtal_76.cif,5.511147,-12.602756
xtal_81.cif,./U3Si5/__initial__/150/xtal_81.cif,38.298866,2.1657856
xtal_82.cif,./U3Si5/__initial__/150/xtal_82.cif,47.60653,64.00439
xtal_91.cif,./U3Si5/__initial__/150/xtal_91.cif,44.015697,14.325703
xtal_92.cif,./U3Si5/150/xtal_92.cif,7.181009,45.961113
xtal_94.cif,./U3Si5/150/xtal_94.cif,-7.896591,-33.385563
xtal_95.cif,./U3Si5/__initial__/150/xtal_95.cif,74.613655,-2.4212317
xtal_96.cif,./U3Si5/150/xtal_96.cif,10.140234,28.075567
xtal_99.cif,./U3Si5/150/xtal_99.cif,23.989561,-34.53371
xtal_1.cif,./U3Si5/__initial__/151/xtal_1.cif,-22.999168,-89.08411
xtal_10.cif,./U3Si5/__initial__/151/xtal_10.cif,-1.1329995,-22.445402
xtal_11.cif,./U3Si5/__initial__/151/xtal_11.cif,-22.357603,-19.773285
xtal_12.cif,./U3Si5/__initial__/151/xtal_12.cif,22.485708,56.838383
xtal_13.cif,./U3Si5/__initial__/151/xtal_13.cif,37.921402,45.493446
xtal_14.cif,./U3Si5/__initial__/151/xtal_14.cif,25.634047,22.564398
xtal_15.cif,./U3Si5/__initial__/151/xtal_15.cif,18.443493,-0.5414458
xtal_16.cif,./U3Si5/__initial__/151/xtal_16.cif,35.171482,44.90004
xtal_17.cif,./U3Si5/__initial__/151/xtal_17.cif,78.226685,-38.203583
xtal_18.cif,./U3Si5/151/xtal_18.cif,3.5105617,37.009243
xtal_19.cif,./U3Si5/__initial__/151/xtal_19.cif,20.065805,-69.45812
xtal_2.cif,./U3Si5/__initial__/151/xtal_2.cif,-55.963654,-10.505277
xtal_20.cif,./U3Si5/151/xtal_20.cif,12.965462,28.295769
xtal_22.cif,./U3Si5/151/xtal_22.cif,14.3331995,-42.16561
xtal_23.cif,./U3Si5/__initial__/151/xtal_23.cif,15.330958,-22.694637
xtal_24.cif,./U3Si5/__initial__/151/xtal_24.cif,-98.73421,15.912988
xtal_26.cif,./U3Si5/__initial__/151/xtal_26.cif,4.1650257,40.9683
xtal_29.cif,./U3Si5/__initial__/151/xtal_29.cif,16.746567,-5.3924212
xtal_3.cif,./U3Si5/__initial__/151/xtal_3.cif,1.6077464,85.93916
xtal_31.cif,./U3Si5/__initial__/151/xtal_31.cif,-15.715832,73.318016
xtal_32.cif,./U3Si5/__initial__/151/xtal_32.cif,5.93803,21.49772
xtal_35.cif,./U3Si5/__initial__/151/xtal_35.cif,-54.823944,62.353752
xtal_38.cif,./U3Si5/__initial__/151/xtal_38.cif,30.676565,55.47529
xtal_39.cif,./U3Si5/__initial__/151/xtal_39.cif,-42.759266,-65.912125
xtal_4.cif,./U3Si5/__initial__/151/xtal_4.cif,26.612333,30.213827
xtal_40.cif,./U3Si5/__initial__/151/xtal_40.cif,33.1528,57.461655
xtal_41.cif,./U3Si5/__initial__/151/xtal_41.cif,-22.496262,-22.74438
xtal_44.cif,./U3Si5/__initial__/151/xtal_44.cif,-20.135574,-16.616
xtal_45.cif,./U3Si5/__initial__/151/xtal_45.cif,0.5865459,-8.568511
xtal_46.cif,./U3Si5/__initial__/151/xtal_46.cif,-34.82562,42.544506
xtal_49.cif,./U3Si5/__initial__/151/xtal_49.cif,31.249838,5.887075
xtal_5.cif,./U3Si5/__initial__/151/xtal_5.cif,32.02044,5.4325743
xtal_50.cif,./U3Si5/__initial__/151/xtal_50.cif,-29.96209,41.41314
xtal_51.cif,./U3Si5/__initial__/151/xtal_51.cif,46.064888,-96.986084
xtal_52.cif,./U3Si5/__initial__/151/xtal_52.cif,11.080943,-14.568743
xtal_53.cif,./U3Si5/__initial__/151/xtal_53.cif,11.103795,-95.96242
xtal_54.cif,./U3Si5/151/xtal_54.cif,-86.69262,20.71257
xtal_55.cif,./U3Si5/__initial__/151/xtal_55.cif,5.515289,35.703228
xtal_56.cif,./U3Si5/151/xtal_56.cif,-53.84294,-26.78808
xtal_58.cif,./U3Si5/__initial__/151/xtal_58.cif,48.85784,-12.352235
xtal_59.cif,./U3Si5/__initial__/151/xtal_59.cif,8.600987,40.9476
xtal_60.cif,./U3Si5/__initial__/151/xtal_60.cif,33.932922,56.165226
xtal_62.cif,./U3Si5/__initial__/151/xtal_62.cif,67.31936,-84.750275
xtal_63.cif,./U3Si5/__initial__/151/xtal_63.cif,-3.495618,27.147324
xtal_64.cif,./U3Si5/__initial__/151/xtal_64.cif,-34.365067,21.353216
xtal_65.cif,./U3Si5/__initial__/151/xtal_65.cif,32.144676,33.92764
xtal_67.cif,./U3Si5/__initial__/151/xtal_67.cif,-65.9091,17.87015
xtal_68.cif,./U3Si5/__initial__/151/xtal_68.cif,1.000358,101.90174
xtal_69.cif,./U3Si5/__initial__/151/xtal_69.cif,12.741489,-14.610335
xtal_7.cif,./U3Si5/__initial__/151/xtal_7.cif,14.797596,-28.17715
xtal_71.cif,./U3Si5/__initial__/151/xtal_71.cif,24.48722,51.1293
xtal_72.cif,./U3Si5/151/xtal_72.cif,-22.46871,108.110825
xtal_74.cif,./U3Si5/__initial__/151/xtal_74.cif,15.7028475,5.6738315
xtal_75.cif,./U3Si5/__initial__/151/xtal_75.cif,9.421897,-39.616283
xtal_76.cif,./U3Si5/__initial__/151/xtal_76.cif,5.459095,-47.352257
xtal_77.cif,./U3Si5/__initial__/151/xtal_77.cif,18.6797,-3.3487318
xtal_78.cif,./U3Si5/__initial__/151/xtal_78.cif,50.870373,-45.502567
xtal_79.cif,./U3Si5/__initial__/151/xtal_79.cif,5.786588,29.718859
xtal_8.cif,./U3Si5/__initial__/151/xtal_8.cif,-6.009121,-16.678463
xtal_80.cif,./U3Si5/__initial__/151/xtal_80.cif,-62.48726,-28.879316
xtal_81.cif,./U3Si5/__initial__/151/xtal_81.cif,-70.06441,-28.48745
xtal_82.cif,./U3Si5/__initial__/151/xtal_82.cif,12.605829,24.768232
xtal_83.cif,./U3Si5/__initial__/151/xtal_83.cif,22.11467,16.701443
xtal_84.cif,./U3Si5/__initial__/151/xtal_84.cif,25.32291,10.646713
xtal_85.cif,./U3Si5/__initial__/151/xtal_85.cif,25.643797,37.98793
xtal_88.cif,./U3Si5/__initial__/151/xtal_88.cif,45.349728,-37.4921
xtal_89.cif,./U3Si5/__initial__/151/xtal_89.cif,75.134895,15.282574
xtal_90.cif,./U3Si5/__initial__/151/xtal_90.cif,22.524368,51.52907
xtal_91.cif,./U3Si5/__initial__/151/xtal_91.cif,-62.495262,-13.911392
xtal_92.cif,./U3Si5/__initial__/151/xtal_92.cif,29.772053,33.973576
xtal_93.cif,./U3Si5/__initial__/151/xtal_93.cif,26.00724,-14.050946
xtal_94.cif,./U3Si5/__initial__/151/xtal_94.cif,12.748787,24.14527
xtal_96.cif,./U3Si5/__initial__/151/xtal_96.cif,-72.56514,-14.7791815
xtal_97.cif,./U3Si5/__initial__/151/xtal_97.cif,4.0198903,-39.325977
xtal_98.cif,./U3Si5/__initial__/151/xtal_98.cif,10.417884,-15.556325
xtal_99.cif,./U3Si5/__initial__/151/xtal_99.cif,-66.323814,1.8880457
xtal_1.cif,./U3Si5/__initial__/152/xtal_1.cif,4.1374183,50.860535
xtal_10.cif,./U3Si5/__initial__/152/xtal_10.cif,1.2508875,-31.58094
xtal_100.cif,./U3Si5/__initial__/152/xtal_100.cif,-57.947056,34.70849
xtal_11.cif,./U3Si5/__initial__/152/xtal_11.cif,-65.20686,8.726107
xtal_12.cif,./U3Si5/__initial__/152/xtal_12.cif,-30.892416,41.018536
xtal_13.cif,./U3Si5/__initial__/152/xtal_13.cif,27.83745,-38.31762
xtal_14.cif,./U3Si5/__initial__/152/xtal_14.cif,1.5138698,-96.95069
xtal_15.cif,./U3Si5/__initial__/152/xtal_15.cif,0.12353238,-91.14499
xtal_16.cif,./U3Si5/__initial__/152/xtal_16.cif,4.166405,-38.69885
xtal_18.cif,./U3Si5/__initial__/152/xtal_18.cif,-17.657742,-88.53322
xtal_19.cif,./U3Si5/__initial__/152/xtal_19.cif,-7.0114946,85.86562
xtal_20.cif,./U3Si5/__initial__/152/xtal_20.cif,21.280027,11.098502
xtal_21.cif,./U3Si5/__initial__/152/xtal_21.cif,15.899615,-53.857483
xtal_22.cif,./U3Si5/__initial__/152/xtal_22.cif,16.103905,-20.969212
xtal_23.cif,./U3Si5/__initial__/152/xtal_23.cif,10.351771,-17.61928
xtal_24.cif,./U3Si5/__initial__/152/xtal_24.cif,-31.13452,-14.271644
xtal_25.cif,./U3Si5/__initial__/152/xtal_25.cif,24.801622,-99.035225
xtal_26.cif,./U3Si5/__initial__/152/xtal_26.cif,-48.516857,73.43323
xtal_28.cif,./U3Si5/__initial__/152/xtal_28.cif,15.314971,-51.849197
xtal_30.cif,./U3Si5/__initial__/152/xtal_30.cif,-40.30034,-74.38367
xtal_31.cif,./U3Si5/__initial__/152/xtal_31.cif,-42.233074,55.3415
xtal_32.cif,./U3Si5/__initial__/152/xtal_32.cif,-40.708023,24.016148
xtal_33.cif,./U3Si5/__initial__/152/xtal_33.cif,-25.900509,-46.22111
xtal_36.cif,./U3Si5/__initial__/152/xtal_36.cif,-46.725845,35.840275
xtal_38.cif,./U3Si5/__initial__/152/xtal_38.cif,1.2578565,50.315063
xtal_39.cif,./U3Si5/__initial__/152/xtal_39.cif,-47.53731,27.214228
xtal_40.cif,./U3Si5/__initial__/152/xtal_40.cif,-47.269943,-63.883896
xtal_41.cif,./U3Si5/__initial__/152/xtal_41.cif,33.162045,33.052616
xtal_42.cif,./U3Si5/__initial__/152/xtal_42.cif,-16.524643,80.36692
xtal_44.cif,./U3Si5/__initial__/152/xtal_44.cif,19.381516,-24.370378
xtal_47.cif,./U3Si5/__initial__/152/xtal_47.cif,-2.4676807,18.785393
xtal_48.cif,./U3Si5/__initial__/152/xtal_48.cif,6.6376877,-87.36116
xtal_49.cif,./U3Si5/__initial__/152/xtal_49.cif,-40.1324,39.497997
xtal_5.cif,./U3Si5/__initial__/152/xtal_5.cif,-60.092377,-53.49271
xtal_50.cif,./U3Si5/__initial__/152/xtal_50.cif,21.646608,-103.53045
xtal_52.cif,./U3Si5/__initial__/152/xtal_52.cif,-71.05448,-54.091404
xtal_53.cif,./U3Si5/__initial__/152/xtal_53.cif,-27.505602,100.34349
xtal_54.cif,./U3Si5/__initial__/152/xtal_54.cif,27.646444,14.827159
xtal_55.cif,./U3Si5/__initial__/152/xtal_55.cif,19.405201,-71.51063
xtal_56.cif,./U3Si5/__initial__/152/xtal_56.cif,13.250823,4.1121016
xtal_57.cif,./U3Si5/__initial__/152/xtal_57.cif,-54.727566,21.558023
xtal_58.cif,./U3Si5/__initial__/152/xtal_58.cif,-34.281548,79.419655
xtal_59.cif,./U3Si5/__initial__/152/xtal_59.cif,17.243484,33.36453
xtal_6.cif,./U3Si5/__initial__/152/xtal_6.cif,45.164738,-79.2302
xtal_60.cif,./U3Si5/__initial__/152/xtal_60.cif,-4.309089,-52.65196
xtal_61.cif,./U3Si5/__initial__/152/xtal_61.cif,-1.7396492,91.373116
xtal_63.cif,./U3Si5/__initial__/152/xtal_63.cif,-26.049723,31.010422
xtal_64.cif,./U3Si5/__initial__/152/xtal_64.cif,-14.926931,-42.821144
xtal_65.cif,./U3Si5/__initial__/152/xtal_65.cif,-6.336904,28.257496
xtal_66.cif,./U3Si5/__initial__/152/xtal_66.cif,-1.0236112,-34.179745
xtal_68.cif,./U3Si5/__initial__/152/xtal_68.cif,-20.904032,-22.475267
xtal_69.cif,./U3Si5/__initial__/152/xtal_69.cif,-40.77008,-35.8228
xtal_7.cif,./U3Si5/__initial__/152/xtal_7.cif,-11.552602,-28.445751
xtal_71.cif,./U3Si5/__initial__/152/xtal_71.cif,34.97889,-1.476457
xtal_72.cif,./U3Si5/__initial__/152/xtal_72.cif,9.643787,-22.930593
xtal_74.cif,./U3Si5/__initial__/152/xtal_74.cif,-77.570564,10.797471
xtal_75.cif,./U3Si5/__initial__/152/xtal_75.cif,-3.0975294,-7.997355
xtal_77.cif,./U3Si5/__initial__/152/xtal_77.cif,-49.362675,27.40811
xtal_79.cif,./U3Si5/__initial__/152/xtal_79.cif,-31.617529,-61.29693
xtal_81.cif,./U3Si5/__initial__/152/xtal_81.cif,-20.62577,96.18874
xtal_82.cif,./U3Si5/__initial__/152/xtal_82.cif,-34.3609,-48.220325
xtal_84.cif,./U3Si5/__initial__/152/xtal_84.cif,-36.485424,-0.34739017
xtal_86.cif,./U3Si5/__initial__/152/xtal_86.cif,-50.600063,-2.799877
xtal_88.cif,./U3Si5/__initial__/152/xtal_88.cif,12.186383,-26.807604
xtal_89.cif,./U3Si5/__initial__/152/xtal_89.cif,-41.33371,-57.746204
xtal_9.cif,./U3Si5/__initial__/152/xtal_9.cif,84.21674,44.9903
xtal_91.cif,./U3Si5/__initial__/152/xtal_91.cif,-53.24438,-8.327803
xtal_92.cif,./U3Si5/__initial__/152/xtal_92.cif,-58.291084,-50.048584
xtal_94.cif,./U3Si5/__initial__/152/xtal_94.cif,26.208477,-19.652185
xtal_95.cif,./U3Si5/__initial__/152/xtal_95.cif,35.274773,40.61928
xtal_96.cif,./U3Si5/__initial__/152/xtal_96.cif,25.99328,22.634914
xtal_98.cif,./U3Si5/__initial__/152/xtal_98.cif,32.73892,-104.64861
xtal_99.cif,./U3Si5/__initial__/152/xtal_99.cif,-37.6771,42.022503
xtal_1.cif,./U3Si5/__initial__/153/xtal_1.cif,-62.62759,39.065876
xtal_10.cif,./U3Si5/__initial__/153/xtal_10.cif,-21.738092,88.87904
xtal_100.cif,./U3Si5/__initial__/153/xtal_100.cif,54.32643,70.18404
xtal_13.cif,./U3Si5/__initial__/153/xtal_13.cif,36.569702,38.762894
xtal_14.cif,./U3Si5/__initial__/153/xtal_14.cif,6.0759625,-55.344173
xtal_15.cif,./U3Si5/__initial__/153/xtal_15.cif,32.077755,57.60317
xtal_16.cif,./U3Si5/__initial__/153/xtal_16.cif,37.390896,43.378983
xtal_17.cif,./U3Si5/__initial__/153/xtal_17.cif,-35.31099,78.14036
xtal_19.cif,./U3Si5/153/xtal_19.cif,-83.35454,-4.6057234
xtal_2.cif,./U3Si5/__initial__/153/xtal_2.cif,19.909729,-6.8853097
xtal_20.cif,./U3Si5/__initial__/153/xtal_20.cif,47.408936,-7.7833576
xtal_21.cif,./U3Si5/__initial__/153/xtal_21.cif,-2.3513181,-5.378755
xtal_22.cif,./U3Si5/__initial__/153/xtal_22.cif,6.2809,89.49996
xtal_25.cif,./U3Si5/__initial__/153/xtal_25.cif,-51.156467,-65.07753
xtal_27.cif,./U3Si5/__initial__/153/xtal_27.cif,46.92079,61.435436
xtal_28.cif,./U3Si5/__initial__/153/xtal_28.cif,2.0862334,49.358967
xtal_29.cif,./U3Si5/__initial__/153/xtal_29.cif,-46.863655,-45.15134
xtal_3.cif,./U3Si5/__initial__/153/xtal_3.cif,-38.95001,61.074055
xtal_31.cif,./U3Si5/__initial__/153/xtal_31.cif,19.022633,-98.582275
xtal_32.cif,./U3Si5/__initial__/153/xtal_32.cif,21.849184,44.19523
xtal_33.cif,./U3Si5/__initial__/153/xtal_33.cif,13.013866,-41.17301
xtal_35.cif,./U3Si5/__initial__/153/xtal_35.cif,26.20048,24.294355
xtal_37.cif,./U3Si5/__initial__/153/xtal_37.cif,21.100883,10.967978
xtal_38.cif,./U3Si5/__initial__/153/xtal_38.cif,-65.90534,-17.153965
xtal_39.cif,./U3Si5/__initial__/153/xtal_39.cif,9.819622,79.909454
xtal_4.cif,./U3Si5/__initial__/153/xtal_4.cif,33.353474,56.633564
xtal_40.cif,./U3Si5/__initial__/153/xtal_40.cif,41.10222,47.98531
xtal_42.cif,./U3Si5/__initial__/153/xtal_42.cif,-38.679832,86.63486
xtal_44.cif,./U3Si5/__initial__/153/xtal_44.cif,-48.234997,41.176327
xtal_46.cif,./U3Si5/__initial__/153/xtal_46.cif,24.63638,32.14585
xtal_48.cif,./U3Si5/__initial__/153/xtal_48.cif,19.968655,4.954082
xtal_49.cif,./U3Si5/__initial__/153/xtal_49.cif,11.940139,-91.038
xtal_50.cif,./U3Si5/__initial__/153/xtal_50.cif,31.225533,-45.756718
xtal_51.cif,./U3Si5/__initial__/153/xtal_51.cif,3.3216765,47.4836
xtal_52.cif,./U3Si5/__initial__/153/xtal_52.cif,-10.859972,81.01654
xtal_54.cif,./U3Si5/__initial__/153/xtal_54.cif,30.088675,16.985924
xtal_55.cif,./U3Si5/__initial__/153/xtal_55.cif,24.855404,56.201927
xtal_57.cif,./U3Si5/__initial__/153/xtal_57.cif,-3.6596024,-27.76184
xtal_58.cif,./U3Si5/__initial__/153/xtal_58.cif,-8.737114,92.51457
xtal_59.cif,./U3Si5/__initial__/153/xtal_59.cif,-18.038733,85.66322
xtal_6.cif,./U3Si5/__initial__/153/xtal_6.cif,33.3911,41.719166
xtal_60.cif,./U3Si5/__initial__/153/xtal_60.cif,17.661325,-10.875372
xtal_62.cif,./U3Si5/__initial__/153/xtal_62.cif,-59.530148,20.457104
xtal_63.cif,./U3Si5/__initial__/153/xtal_63.cif,22.194792,44.310986
xtal_64.cif,./U3Si5/__initial__/153/xtal_64.cif,-33.142807,-45.92604
xtal_65.cif,./U3Si5/__initial__/153/xtal_65.cif,23.904215,-60.41957
xtal_67.cif,./U3Si5/__initial__/153/xtal_67.cif,-66.49174,13.834145
xtal_69.cif,./U3Si5/__initial__/153/xtal_69.cif,-55.569317,19.859268
xtal_71.cif,./U3Si5/__initial__/153/xtal_71.cif,33.3879,33.709488
xtal_72.cif,./U3Si5/__initial__/153/xtal_72.cif,-15.93007,2.9674797
xtal_75.cif,./U3Si5/__initial__/153/xtal_75.cif,-55.93156,68.64741
xtal_76.cif,./U3Si5/__initial__/153/xtal_76.cif,25.446465,43.678406
xtal_77.cif,./U3Si5/153/xtal_77.cif,-62.103497,52.57227
xtal_78.cif,./U3Si5/153/xtal_78.cif,-52.988564,76.370224
xtal_8.cif,./U3Si5/__initial__/153/xtal_8.cif,-47.85076,-8.559616
xtal_82.cif,./U3Si5/__initial__/153/xtal_82.cif,-21.015858,-90.62514
xtal_83.cif,./U3Si5/__initial__/153/xtal_83.cif,40.0686,45.181503
xtal_85.cif,./U3Si5/__initial__/153/xtal_85.cif,8.13254,26.624348
xtal_86.cif,./U3Si5/__initial__/153/xtal_86.cif,-38.670242,-39.17827
xtal_89.cif,./U3Si5/__initial__/153/xtal_89.cif,5.3107495,26.193987
xtal_9.cif,./U3Si5/__initial__/153/xtal_9.cif,-14.774187,72.8211
xtal_90.cif,./U3Si5/__initial__/153/xtal_90.cif,56.00865,-29.02796
xtal_91.cif,./U3Si5/__initial__/153/xtal_91.cif,-19.058481,-79.566895
xtal_93.cif,./U3Si5/__initial__/153/xtal_93.cif,13.114298,25.612146
xtal_94.cif,./U3Si5/__initial__/153/xtal_94.cif,-26.844852,-48.24362
xtal_96.cif,./U3Si5/153/xtal_96.cif,-8.305221,110.47802
xtal_97.cif,./U3Si5/__initial__/153/xtal_97.cif,-53.40312,66.54672
xtal_98.cif,./U3Si5/153/xtal_98.cif,-86.89322,20.854248
xtal_1.cif,./U3Si5/__initial__/154/xtal_1.cif,-65.54445,8.210785
xtal_10.cif,./U3Si5/__initial__/154/xtal_10.cif,-36.317642,-43.795135
xtal_100.cif,./U3Si5/__initial__/154/xtal_100.cif,21.036955,-106.47307
xtal_11.cif,./U3Si5/__initial__/154/xtal_11.cif,20.78585,5.271315
xtal_12.cif,./U3Si5/__initial__/154/xtal_12.cif,8.572915,-94.164894
xtal_13.cif,./U3Si5/__initial__/154/xtal_13.cif,25.39595,-90.6853
xtal_14.cif,./U3Si5/__initial__/154/xtal_14.cif,-22.567938,-85.14944
xtal_15.cif,./U3Si5/154/xtal_15.cif,3.970498,35.119427
xtal_16.cif,./U3Si5/__initial__/154/xtal_16.cif,15.014048,-102.14027
xtal_17.cif,./U3Si5/__initial__/154/xtal_17.cif,-88.018684,55.588768
xtal_18.cif,./U3Si5/__initial__/154/xtal_18.cif,-33.120567,-63.028652
xtal_19.cif,./U3Si5/__initial__/154/xtal_19.cif,-46.096764,-63.53769
xtal_2.cif,./U3Si5/__initial__/154/xtal_2.cif,-19.614302,-91.69204
xtal_20.cif,./U3Si5/__initial__/154/xtal_20.cif,-55.356445,19.043182
xtal_21.cif,./U3Si5/__initial__/154/xtal_21.cif,44.581562,-5.3842573
xtal_22.cif,./U3Si5/__initial__/154/xtal_22.cif,36.639988,-69.748886
xtal_23.cif,./U3Si5/__initial__/154/xtal_23.cif,-51.8013,13.059097
xtal_24.cif,./U3Si5/__initial__/154/xtal_24.cif,-6.537444,95.10016
xtal_25.cif,./U3Si5/__initial__/154/xtal_25.cif,16.95243,-60.823776
xtal_26.cif,./U3Si5/__initial__/154/xtal_26.cif,-84.87409,-13.844476
xtal_27.cif,./U3Si5/__initial__/154/xtal_27.cif,-80.55345,7.177708
xtal_28.cif,./U3Si5/__initial__/154/xtal_28.cif,-46.10052,-52.331253
xtal_29.cif,./U3Si5/__initial__/154/xtal_29.cif,-15.512458,-53.144234
xtal_3.cif,./U3Si5/__initial__/154/xtal_3.cif,-51.195103,-29.439596
xtal_30.cif,./U3Si5/__initial__/154/xtal_30.cif,-30.462019,41.831593
xtal_31.cif,./U3Si5/__initial__/154/xtal_31.cif,-31.780857,-76.95349
xtal_32.cif,./U3Si5/__initial__/154/xtal_32.cif,-8.780406,-44.466667
xtal_33.cif,./U3Si5/__initial__/154/xtal_33.cif,12.908944,-92.77443
xtal_34.cif,./U3Si5/__initial__/154/xtal_34.cif,-14.370401,-27.422607
xtal_35.cif,./U3Si5/__initial__/154/xtal_35.cif,-48.378666,-77.951645
xtal_36.cif,./U3Si5/__initial__/154/xtal_36.cif,13.219573,25.368492
xtal_37.cif,./U3Si5/154/xtal_37.cif,-69.02908,8.446757
xtal_38.cif,./U3Si5/__initial__/154/xtal_38.cif,18.215723,-102.11155
xtal_39.cif,./U3Si5/154/xtal_39.cif,-82.68681,-6.421332
xtal_4.cif,./U3Si5/__initial__/154/xtal_4.cif,-3.6909256,-6.1997013
xtal_40.cif,./U3Si5/__initial__/154/xtal_40.cif,44.24815,-82.51114
xtal_41.cif,./U3Si5/__initial__/154/xtal_41.cif,-43.709534,-29.551462
xtal_42.cif,./U3Si5/__initial__/154/xtal_42.cif,-61.095623,37.361393
xtal_43.cif,./U3Si5/__initial__/154/xtal_43.cif,-21.101606,-19.420662
xtal_44.cif,./U3Si5/__initial__/154/xtal_44.cif,-44.3534,40.62809
xtal_45.cif,./U3Si5/__initial__/154/xtal_45.cif,-27.729654,-68.491905
xtal_46.cif,./U3Si5/154/xtal_46.cif,-60.815483,-35.182106
xtal_47.cif,./U3Si5/__initial__/154/xtal_47.cif,-27.707949,-83.00652
xtal_48.cif,./U3Si5/__initial__/154/xtal_48.cif,-61.26091,39.606083
xtal_49.cif,./U3Si5/__initial__/154/xtal_49.cif,-21.081478,42.22877
xtal_5.cif,./U3Si5/__initial__/154/xtal_5.cif,-16.55443,-18.105303
xtal_50.cif,./U3Si5/__initial__/154/xtal_50.cif,3.8324058,-96.94289
xtal_51.cif,./U3Si5/__initial__/154/xtal_51.cif,-0.4277671,-99.05657
xtal_52.cif,./U3Si5/__initial__/154/xtal_52.cif,21.508451,-77.93644
xtal_53.cif,./U3Si5/__initial__/154/xtal_53.cif,25.773605,-46.218624
xtal_54.cif,./U3Si5/__initial__/154/xtal_54.cif,-2.2841976,-86.15721
xtal_55.cif,./U3Si5/__initial__/154/xtal_55.cif,-84.73004,8.342787
xtal_56.cif,./U3Si5/__initial__/154/xtal_56.cif,-24.404047,-86.45837
xtal_57.cif,./U3Si5/__initial__/154/xtal_57.cif,-46.66907,-13.338943
xtal_58.cif,./U3Si5/__initial__/154/xtal_58.cif,-1.5619658,29.28367
xtal_59.cif,./U3Si5/__initial__/154/xtal_59.cif,83.88162,45.670254
xtal_6.cif,./U3Si5/__initial__/154/xtal_6.cif,6.5131145,-74.679146
xtal_60.cif,./U3Si5/__initial__/154/xtal_60.cif,18.68711,-12.335163
xtal_61.cif,./U3Si5/__initial__/154/xtal_61.cif,15.383819,-88.19315
xtal_62.cif,./U3Si5/__initial__/154/xtal_62.cif,-70.041046,-70.13954
xtal_63.cif,./U3Si5/__initial__/154/xtal_63.cif,9.281391,97.44073
xtal_64.cif,./U3Si5/__initial__/154/xtal_64.cif,-55.108418,66.1096
xtal_65.cif,./U3Si5/__initial__/154/xtal_65.cif,84.03281,-66.114174
xtal_66.cif,./U3Si5/__initial__/154/xtal_66.cif,-2.000119,-31.001638
xtal_67.cif,./U3Si5/__initial__/154/xtal_67.cif,79.19911,-37.242546
xtal_68.cif,./U3Si5/__initial__/154/xtal_68.cif,-23.118942,-86.090744
xtal_69.cif,./U3Si5/__initial__/154/xtal_69.cif,-21.398924,-82.80817
xtal_7.cif,./U3Si5/154/xtal_7.cif,-77.60911,53.73275
xtal_70.cif,./U3Si5/__initial__/154/xtal_70.cif,-64.01031,39.72489
xtal_71.cif,./U3Si5/__initial__/154/xtal_71.cif,-24.952496,-89.02263
xtal_72.cif,./U3Si5/__initial__/154/xtal_72.cif,31.011854,-102.77369
xtal_73.cif,./U3Si5/__initial__/154/xtal_73.cif,9.197186,-69.83364
xtal_74.cif,./U3Si5/__initial__/154/xtal_74.cif,-26.522495,76.34047
xtal_75.cif,./U3Si5/__initial__/154/xtal_75.cif,-15.442557,0.8749631
xtal_76.cif,./U3Si5/__initial__/154/xtal_76.cif,39.83746,-5.6049113
xtal_77.cif,./U3Si5/__initial__/154/xtal_77.cif,-51.33549,65.49613
xtal_78.cif,./U3Si5/__initial__/154/xtal_78.cif,-16.86821,-69.61351
xtal_79.cif,./U3Si5/__initial__/154/xtal_79.cif,-9.370419,-50.347725
xtal_8.cif,./U3Si5/__initial__/154/xtal_8.cif,-21.00394,-31.940706
xtal_80.cif,./U3Si5/__initial__/154/xtal_80.cif,10.406019,-15.477234
xtal_81.cif,./U3Si5/__initial__/154/xtal_81.cif,14.52075,-53.946697
xtal_82.cif,./U3Si5/__initial__/154/xtal_82.cif,0.018388327,-62.70505
xtal_83.cif,./U3Si5/__initial__/154/xtal_83.cif,24.718893,-82.151146
xtal_84.cif,./U3Si5/__initial__/154/xtal_84.cif,-76.241806,-32.373875
xtal_85.cif,./U3Si5/__initial__/154/xtal_85.cif,-51.84336,24.60018
xtal_86.cif,./U3Si5/__initial__/154/xtal_86.cif,1.5323474,-8.680584
xtal_87.cif,./U3Si5/__initial__/154/xtal_87.cif,-24.514032,-84.56266
xtal_88.cif,./U3Si5/__initial__/154/xtal_88.cif,-27.660053,54.84633
xtal_89.cif,./U3Si5/__initial__/154/xtal_89.cif,32.41243,33.190395
xtal_9.cif,./U3Si5/__initial__/154/xtal_9.cif,56.420174,-44.260258
xtal_90.cif,./U3Si5/__initial__/154/xtal_90.cif,-62.034847,-67.11242
xtal_91.cif,./U3Si5/__initial__/154/xtal_91.cif,-39.697594,54.16869
xtal_92.cif,./U3Si5/__initial__/154/xtal_92.cif,-21.78579,-81.490616
xtal_93.cif,./U3Si5/__initial__/154/xtal_93.cif,-72.788315,-25.499332
xtal_94.cif,./U3Si5/__initial__/154/xtal_94.cif,-63.377213,61.043865
xtal_95.cif,./U3Si5/__initial__/154/xtal_95.cif,-29.781998,78.846825
xtal_96.cif,./U3Si5/__initial__/154/xtal_96.cif,-42.54817,46.18511
xtal_97.cif,./U3Si5/__initial__/154/xtal_97.cif,-16.055063,41.66133
xtal_98.cif,./U3Si5/__initial__/154/xtal_98.cif,-40.77927,-24.12526
xtal_99.cif,./U3Si5/__initial__/154/xtal_99.cif,2.231582,-11.310504
xtal_1.cif,./U3Si5/__initial__/155/xtal_1.cif,33.949245,42.059425
xtal_10.cif,./U3Si5/__initial__/155/xtal_10.cif,61.958427,29.728685
xtal_100.cif,./U3Si5/__initial__/155/xtal_100.cif,58.898636,75.484604
xtal_15.cif,./U3Si5/__initial__/155/xtal_15.cif,52.584057,68.30869
xtal_16.cif,./U3Si5/__initial__/155/xtal_16.cif,25.8468,18.824251
xtal_19.cif,./U3Si5/__initial__/155/xtal_19.cif,-10.752688,-4.605692
xtal_20.cif,./U3Si5/__initial__/155/xtal_20.cif,84.14755,-4.35809
xtal_22.cif,./U3Si5/__initial__/155/xtal_22.cif,96.169235,-17.685741
xtal_25.cif,./U3Si5/__initial__/155/xtal_25.cif,-41.564083,68.38218
xtal_27.cif,./U3Si5/__initial__/155/xtal_27.cif,76.23012,-26.077398
xtal_29.cif,./U3Si5/__initial__/155/xtal_29.cif,7.6610622,-62.385727
xtal_30.cif,./U3Si5/__initial__/155/xtal_30.cif,39.301285,-77.730644
xtal_35.cif,./U3Si5/__initial__/155/xtal_35.cif,-24.07525,-32.75753
xtal_38.cif,./U3Si5/__initial__/155/xtal_38.cif,37.832176,49.659325
xtal_39.cif,./U3Si5/__initial__/155/xtal_39.cif,84.11539,-4.7485456
xtal_40.cif,./U3Si5/__initial__/155/xtal_40.cif,23.552153,-26.981081
xtal_41.cif,./U3Si5/__initial__/155/xtal_41.cif,9.128202,50.245697
xtal_42.cif,./U3Si5/__initial__/155/xtal_42.cif,-79.507484,25.82073
xtal_43.cif,./U3Si5/155/xtal_43.cif,17.14193,27.41754
xtal_44.cif,./U3Si5/__initial__/155/xtal_44.cif,-9.621286,104.74152
xtal_45.cif,./U3Si5/__initial__/155/xtal_45.cif,54.585526,70.38073
xtal_46.cif,./U3Si5/__initial__/155/xtal_46.cif,42.909985,48.74743
xtal_47.cif,./U3Si5/__initial__/155/xtal_47.cif,-67.150826,-5.0499372
xtal_48.cif,./U3Si5/__initial__/155/xtal_48.cif,-14.499934,-90.67062
xtal_50.cif,./U3Si5/__initial__/155/xtal_50.cif,88.11218,47.061787
xtal_52.cif,./U3Si5/__initial__/155/xtal_52.cif,62.356308,-36.023
xtal_53.cif,./U3Si5/__initial__/155/xtal_53.cif,-1.9201404,89.57884
xtal_54.cif,./U3Si5/__initial__/155/xtal_54.cif,59.674873,79.88886
xtal_55.cif,./U3Si5/__initial__/155/xtal_55.cif,35.454052,53.862785
xtal_56.cif,./U3Si5/__initial__/155/xtal_56.cif,42.23831,54.854954
xtal_57.cif,./U3Si5/155/xtal_57.cif,-19.0933,96.80857
xtal_58.cif,./U3Si5/__initial__/155/xtal_58.cif,77.77339,-74.23816
xtal_59.cif,./U3Si5/__initial__/155/xtal_59.cif,-26.472311,12.523746
xtal_6.cif,./U3Si5/__initial__/155/xtal_6.cif,-23.225405,-76.370804
xtal_60.cif,./U3Si5/__initial__/155/xtal_60.cif,81.24547,-24.22059
xtal_61.cif,./U3Si5/155/xtal_61.cif,-37.004368,-9.786507
xtal_62.cif,./U3Si5/__initial__/155/xtal_62.cif,100.30742,28.999596
xtal_64.cif,./U3Si5/__initial__/155/xtal_64.cif,59.915497,78.23436
xtal_67.cif,./U3Si5/__initial__/155/xtal_67.cif,96.92656,-52.66233
xtal_68.cif,./U3Si5/__initial__/155/xtal_68.cif,42.65565,61.944893
xtal_69.cif,./U3Si5/__initial__/155/xtal_69.cif,56.794506,75.064186
xtal_7.cif,./U3Si5/__initial__/155/xtal_7.cif,10.299413,49.973145
xtal_70.cif,./U3Si5/__initial__/155/xtal_70.cif,54.660503,70.52521
xtal_72.cif,./U3Si5/__initial__/155/xtal_72.cif,26.835583,12.593321
xtal_74.cif,./U3Si5/__initial__/155/xtal_74.cif,29.30961,18.897015
xtal_75.cif,./U3Si5/155/xtal_75.cif,-35.960197,100.26108
xtal_76.cif,./U3Si5/__initial__/155/xtal_76.cif,50.932106,67.8241
xtal_77.cif,./U3Si5/__initial__/155/xtal_77.cif,15.763413,47.87929
xtal_78.cif,./U3Si5/__initial__/155/xtal_78.cif,-12.081222,94.29169
xtal_8.cif,./U3Si5/__initial__/155/xtal_8.cif,62.52149,-8.235981
xtal_80.cif,./U3Si5/__initial__/155/xtal_80.cif,46.740597,53.006126
xtal_81.cif,./U3Si5/__initial__/155/xtal_81.cif,40.208107,55.7266
xtal_83.cif,./U3Si5/__initial__/155/xtal_83.cif,45.240257,58.163395
xtal_84.cif,./U3Si5/__initial__/155/xtal_84.cif,92.228806,40.55823
xtal_85.cif,./U3Si5/__initial__/155/xtal_85.cif,26.311678,36.960323
xtal_86.cif,./U3Si5/__initial__/155/xtal_86.cif,-7.192554,101.50854
xtal_87.cif,./U3Si5/__initial__/155/xtal_87.cif,59.160114,77.545425
xtal_88.cif,./U3Si5/__initial__/155/xtal_88.cif,3.3513155,89.55608
xtal_9.cif,./U3Si5/__initial__/155/xtal_9.cif,-42.613506,2.4262466
xtal_90.cif,./U3Si5/__initial__/155/xtal_90.cif,45.144882,-68.6618
xtal_91.cif,./U3Si5/__initial__/155/xtal_91.cif,98.852684,-37.65186
xtal_92.cif,./U3Si5/__initial__/155/xtal_92.cif,3.3934479,-32.753414
xtal_94.cif,./U3Si5/155/xtal_94.cif,-84.33597,41.775814
xtal_95.cif,./U3Si5/__initial__/155/xtal_95.cif,-50.70955,78.4526
xtal_96.cif,./U3Si5/__initial__/155/xtal_96.cif,23.256819,28.984343
xtal_97.cif,./U3Si5/__initial__/155/xtal_97.cif,69.66467,-47.69366
xtal_98.cif,./U3Si5/__initial__/155/xtal_98.cif,35.480064,54.08193
xtal_99.cif,./U3Si5/155/xtal_99.cif,-29.038385,38.453167
xtal_1.cif,./U3Si5/__initial__/156/xtal_1.cif,30.440754,37.544094
xtal_10.cif,./U3Si5/__initial__/156/xtal_10.cif,19.074602,19.563896
xtal_100.cif,./U3Si5/__initial__/156/xtal_100.cif,26.846664,-5.482918
xtal_11.cif,./U3Si5/__initial__/156/xtal_11.cif,-23.77343,81.38892
xtal_12.cif,./U3Si5/__initial__/156/xtal_12.cif,29.940619,-59.902428
xtal_13.cif,./U3Si5/__initial__/156/xtal_13.cif,21.619184,54.105587
xtal_14.cif,./U3Si5/__initial__/156/xtal_14.cif,18.872286,74.601364
xtal_15.cif,./U3Si5/__initial__/156/xtal_15.cif,-14.959734,-12.336286
xtal_16.cif,./U3Si5/__initial__/156/xtal_16.cif,-10.8174515,-39.853935
xtal_17.cif,./U3Si5/__initial__/156/xtal_17.cif,100.854034,-28.136932
xtal_18.cif,./U3Si5/__initial__/156/xtal_18.cif,-26.314587,23.07678
xtal_19.cif,./U3Si5/__initial__/156/xtal_19.cif,30.55057,60.415794
xtal_20.cif,./U3Si5/__initial__/156/xtal_20.cif,24.871428,-0.064521104
xtal_21.cif,./U3Si5/__initial__/156/xtal_21.cif,30.784958,27.613708
xtal_23.cif,./U3Si5/__initial__/156/xtal_23.cif,3.2459245,-42.88204
xtal_24.cif,./U3Si5/156/xtal_24.cif,4.124671,111.13137
xtal_25.cif,./U3Si5/__initial__/156/xtal_25.cif,1.1811849,-36.360268
xtal_26.cif,./U3Si5/156/xtal_26.cif,13.869092,27.04764
xtal_27.cif,./U3Si5/__initial__/156/xtal_27.cif,5.485713,-1.2388115
xtal_28.cif,./U3Si5/__initial__/156/xtal_28.cif,22.191725,49.271683
xtal_29.cif,./U3Si5/156/xtal_29.cif,-7.3167415,-11.980651
xtal_3.cif,./U3Si5/__initial__/156/xtal_3.cif,-3.0889986,26.582937
xtal_30.cif,./U3Si5/156/xtal_30.cif,31.385439,48.506535
xtal_31.cif,./U3Si5/__initial__/156/xtal_31.cif,-7.098,44.39081
xtal_32.cif,./U3Si5/__initial__/156/xtal_32.cif,45.190624,14.262745
xtal_33.cif,./U3Si5/__initial__/156/xtal_33.cif,-12.622187,90.24864
xtal_34.cif,./U3Si5/__initial__/156/xtal_34.cif,-16.038452,-49.679813
xtal_36.cif,./U3Si5/__initial__/156/xtal_36.cif,-39.37761,-33.560146
xtal_37.cif,./U3Si5/__initial__/156/xtal_37.cif,27.938948,88.37939
xtal_38.cif,./U3Si5/__initial__/156/xtal_38.cif,-0.3334126,33.307693
xtal_39.cif,./U3Si5/__initial__/156/xtal_39.cif,-39.14121,68.39008
xtal_4.cif,./U3Si5/156/xtal_4.cif,-86.7403,24.481033
xtal_40.cif,./U3Si5/__initial__/156/xtal_40.cif,28.041603,2.4781587
xtal_41.cif,./U3Si5/__initial__/156/xtal_41.cif,-2.7938712,87.83297
xtal_42.cif,./U3Si5/__initial__/156/xtal_42.cif,29.912615,37.086773
xtal_44.cif,./U3Si5/156/xtal_44.cif,-53.883327,80.04296
xtal_45.cif,./U3Si5/__initial__/156/xtal_45.cif,11.467978,88.566124
xtal_46.cif,./U3Si5/__initial__/156/xtal_46.cif,18.679201,76.73456
xtal_47.cif,./U3Si5/__initial__/156/xtal_47.cif,29.350683,30.49158
xtal_48.cif,./U3Si5/__initial__/156/xtal_48.cif,6.2621517,14.936841
xtal_5.cif,./U3Si5/__initial__/156/xtal_5.cif,-0.50296795,-58.65886
xtal_50.cif,./U3Si5/__initial__/156/xtal_50.cif,-58.346954,-4.0206647
xtal_51.cif,./U3Si5/__initial__/156/xtal_51.cif,21.433535,4.13497
xtal_52.cif,./U3Si5/__initial__/156/xtal_52.cif,1.2850366,-3.1747394
xtal_53.cif,./U3Si5/__initial__/156/xtal_53.cif,25.22956,-8.566106
xtal_54.cif,./U3Si5/156/xtal_54.cif,-42.257977,-47.57865
xtal_55.cif,./U3Si5/__initial__/156/xtal_55.cif,23.545013,84.72426
xtal_56.cif,./U3Si5/__initial__/156/xtal_56.cif,11.778424,34.332638
xtal_57.cif,./U3Si5/__initial__/156/xtal_57.cif,60.040955,78.43262
xtal_58.cif,./U3Si5/__initial__/156/xtal_58.cif,74.92726,39.087505
xtal_6.cif,./U3Si5/__initial__/156/xtal_6.cif,-32.259346,37.838684
xtal_60.cif,./U3Si5/156/xtal_60.cif,-61.10048,52.950684
xtal_62.cif,./U3Si5/__initial__/156/xtal_62.cif,14.711843,42.316914
xtal_63.cif,./U3Si5/__initial__/156/xtal_63.cif,12.737176,25.961407
xtal_66.cif,./U3Si5/__initial__/156/xtal_66.cif,16.831299,20.50869
xtal_67.cif,./U3Si5/__initial__/156/xtal_67.cif,2.1830733,-8.872805
xtal_68.cif,./U3Si5/__initial__/156/xtal_68.cif,-65.84776,17.67017
xtal_69.cif,./U3Si5/__initial__/156/xtal_69.cif,-7.587949,-0.67840403
xtal_7.cif,./U3Si5/__initial__/156/xtal_7.cif,-45.657642,70.536476
xtal_70.cif,./U3Si5/156/xtal_70.cif,-89.30458,-1.636401
xtal_71.cif,./U3Si5/__initial__/156/xtal_71.cif,88.04726,-37.36801
xtal_73.cif,./U3Si5/__initial__/156/xtal_73.cif,-48.577095,35.946648
xtal_74.cif,./U3Si5/__initial__/156/xtal_74.cif,0.20350982,44.566452
xtal_75.cif,./U3Si5/156/xtal_75.cif,13.006312,-42.869633
xtal_76.cif,./U3Si5/__initial__/156/xtal_76.cif,34.637745,2.0628932
xtal_77.cif,./U3Si5/__initial__/156/xtal_77.cif,15.220467,10.964258
xtal_78.cif,./U3Si5/__initial__/156/xtal_78.cif,14.073904,13.853089
xtal_79.cif,./U3Si5/__initial__/156/xtal_79.cif,15.041931,-38.765568
xtal_8.cif,./U3Si5/__initial__/156/xtal_8.cif,13.534281,0.018879157
xtal_80.cif,./U3Si5/156/xtal_80.cif,18.034817,-37.195072
xtal_81.cif,./U3Si5/__initial__/156/xtal_81.cif,-62.454098,-28.849836
xtal_82.cif,./U3Si5/__initial__/156/xtal_82.cif,-1.9010782,-20.219353
xtal_83.cif,./U3Si5/__initial__/156/xtal_83.cif,-6.25522,83.779564
xtal_84.cif,./U3Si5/__initial__/156/xtal_84.cif,-8.592969,21.309793
xtal_85.cif,./U3Si5/__initial__/156/xtal_85.cif,23.599066,19.308764
xtal_86.cif,./U3Si5/__initial__/156/xtal_86.cif,-31.97026,88.16494
xtal_87.cif,./U3Si5/__initial__/156/xtal_87.cif,17.353447,20.51207
xtal_88.cif,./U3Si5/__initial__/156/xtal_88.cif,18.577772,43.332005
xtal_89.cif,./U3Si5/__initial__/156/xtal_89.cif,58.06323,-13.094429
xtal_9.cif,./U3Si5/__initial__/156/xtal_9.cif,-48.321835,17.368563
xtal_90.cif,./U3Si5/__initial__/156/xtal_90.cif,-0.320864,46.82267
xtal_91.cif,./U3Si5/__initial__/156/xtal_91.cif,-20.505278,28.564991
xtal_92.cif,./U3Si5/__initial__/156/xtal_92.cif,29.469536,38.449146
xtal_93.cif,./U3Si5/__initial__/156/xtal_93.cif,42.818962,25.774736
xtal_94.cif,./U3Si5/__initial__/156/xtal_94.cif,4.7045474,47.43468
xtal_95.cif,./U3Si5/__initial__/156/xtal_95.cif,13.758758,19.86813
xtal_96.cif,./U3Si5/__initial__/156/xtal_96.cif,2.929726,3.4602747
xtal_97.cif,./U3Si5/__initial__/156/xtal_97.cif,22.00806,64.843575
xtal_98.cif,./U3Si5/156/xtal_98.cif,-24.763262,108.242775
xtal_99.cif,./U3Si5/__initial__/156/xtal_99.cif,38.996082,98.43311
xtal_100.cif,./U3Si5/__initial__/157/xtal_100.cif,41.92018,92.080345
xtal_11.cif,./U3Si5/__initial__/157/xtal_11.cif,26.893824,88.34037
xtal_12.cif,./U3Si5/__initial__/157/xtal_12.cif,6.7326455,77.159935
xtal_13.cif,./U3Si5/__initial__/157/xtal_13.cif,45.80855,93.64174
xtal_15.cif,./U3Si5/__initial__/157/xtal_15.cif,-12.691896,78.27896
xtal_18.cif,./U3Si5/__initial__/157/xtal_18.cif,60.322697,-33.715157
xtal_19.cif,./U3Si5/__initial__/157/xtal_19.cif,68.53454,48.91646
xtal_21.cif,./U3Si5/157/xtal_21.cif,10.468574,-39.77737
xtal_22.cif,./U3Si5/__initial__/157/xtal_22.cif,21.182442,51.020153
xtal_24.cif,./U3Si5/__initial__/157/xtal_24.cif,38.193146,37.72409
xtal_27.cif,./U3Si5/__initial__/157/xtal_27.cif,47.826946,96.16226
xtal_28.cif,./U3Si5/__initial__/157/xtal_28.cif,-34.55648,-36.776775
xtal_31.cif,./U3Si5/__initial__/157/xtal_31.cif,30.282593,65.13358
xtal_34.cif,./U3Si5/157/xtal_34.cif,16.835154,29.526339
xtal_35.cif,./U3Si5/__initial__/157/xtal_35.cif,70.48808,-5.7259345
xtal_36.cif,./U3Si5/157/xtal_36.cif,6.796658,107.43815
xtal_38.cif,./U3Si5/__initial__/157/xtal_38.cif,-22.266264,-20.254042
xtal_39.cif,./U3Si5/__initial__/157/xtal_39.cif,34.09213,89.14253
xtal_4.cif,./U3Si5/__initial__/157/xtal_4.cif,38.67764,75.15835
xtal_40.cif,./U3Si5/__initial__/157/xtal_40.cif,-28.19841,112.04455
xtal_43.cif,./U3Si5/__initial__/157/xtal_43.cif,23.83825,55.229233
xtal_44.cif,./U3Si5/__initial__/157/xtal_44.cif,48.119698,62.80377
xtal_48.cif,./U3Si5/__initial__/157/xtal_48.cif,33.044235,91.133156
xtal_5.cif,./U3Si5/__initial__/157/xtal_5.cif,-52.11374,62.47736
xtal_51.cif,./U3Si5/__initial__/157/xtal_51.cif,21.805994,82.86779
xtal_57.cif,./U3Si5/__initial__/157/xtal_57.cif,-45.98388,17.78257
xtal_59.cif,./U3Si5/__initial__/157/xtal_59.cif,-42.09641,19.932991
xtal_73.cif,./U3Si5/__initial__/157/xtal_73.cif,35.086266,76.3429
xtal_77.cif,./U3Si5/__initial__/157/xtal_77.cif,43.19449,21.448143
xtal_79.cif,./U3Si5/__initial__/157/xtal_79.cif,38.671673,-13.182043
xtal_83.cif,./U3Si5/__initial__/157/xtal_83.cif,71.99706,55.722904
xtal_84.cif,./U3Si5/__initial__/157/xtal_84.cif,43.754116,77.21123
xtal_85.cif,./U3Si5/__initial__/157/xtal_85.cif,-39.01362,67.08636
xtal_86.cif,./U3Si5/157/xtal_86.cif,16.428667,73.6107
xtal_87.cif,./U3Si5/__initial__/157/xtal_87.cif,31.886187,91.08632
xtal_88.cif,./U3Si5/__initial__/157/xtal_88.cif,36.80687,89.54585
xtal_89.cif,./U3Si5/__initial__/157/xtal_89.cif,46.606754,59.650597
xtal_9.cif,./U3Si5/__initial__/157/xtal_9.cif,2.552083,8.590093
xtal_91.cif,./U3Si5/__initial__/157/xtal_91.cif,44.042366,30.678724
xtal_94.cif,./U3Si5/__initial__/157/xtal_94.cif,-3.8116689,64.860855
xtal_97.cif,./U3Si5/__initial__/157/xtal_97.cif,33.454647,90.15384
xtal_10.cif,./U3Si5/__initial__/158/xtal_10.cif,28.534004,77.78311
xtal_100.cif,./U3Si5/__initial__/158/xtal_100.cif,-18.077759,40.095387
xtal_11.cif,./U3Si5/__initial__/158/xtal_11.cif,85.68299,5.27932
xtal_13.cif,./U3Si5/__initial__/158/xtal_13.cif,58.65678,23.394123
xtal_15.cif,./U3Si5/__initial__/158/xtal_15.cif,40.416134,40.933674
xtal_18.cif,./U3Si5/158/xtal_18.cif,0.05589789,110.86942
xtal_19.cif,./U3Si5/__initial__/158/xtal_19.cif,44.646477,82.32423
xtal_2.cif,./U3Si5/__initial__/158/xtal_2.cif,32.723824,9.288524
xtal_23.cif,./U3Si5/__initial__/158/xtal_23.cif,44.10277,38.454735
xtal_25.cif,./U3Si5/__initial__/158/xtal_25.cif,85.223366,-52.936153
xtal_28.cif,./U3Si5/__initial__/158/xtal_28.cif,22.651783,32.270775
xtal_32.cif,./U3Si5/158/xtal_32.cif,-86.88448,24.236658
xtal_33.cif,./U3Si5/__initial__/158/xtal_33.cif,36.96483,42.148308
xtal_34.cif,./U3Si5/__initial__/158/xtal_34.cif,37.285355,91.35366
xtal_35.cif,./U3Si5/__initial__/158/xtal_35.cif,-3.623633,16.228054
xtal_37.cif,./U3Si5/__initial__/158/xtal_37.cif,60.222706,78.785805
xtal_38.cif,./U3Si5/__initial__/158/xtal_38.cif,19.996235,48.283325
xtal_39.cif,./U3Si5/__initial__/158/xtal_39.cif,10.148642,14.566247
xtal_4.cif,./U3Si5/__initial__/158/xtal_4.cif,27.371498,57.499275
xtal_41.cif,./U3Si5/__initial__/158/xtal_41.cif,34.578636,-15.646364
xtal_45.cif,./U3Si5/__initial__/158/xtal_45.cif,19.66554,68.66165
xtal_47.cif,./U3Si5/__initial__/158/xtal_47.cif,46.571033,77.52897
xtal_50.cif,./U3Si5/__initial__/158/xtal_50.cif,32.47627,-18.08217
xtal_52.cif,./U3Si5/158/xtal_52.cif,-55.329906,-25.9152
xtal_54.cif,./U3Si5/158/xtal_54.cif,-82.62288,-8.729786
xtal_59.cif,./U3Si5/__initial__/158/xtal_59.cif,60.787052,58.856358
xtal_6.cif,./U3Si5/__initial__/158/xtal_6.cif,4.4364686,64.5647
xtal_60.cif,./U3Si5/__initial__/158/xtal_60.cif,-0.4029702,33.309303
xtal_61.cif,./U3Si5/__initial__/158/xtal_61.cif,26.172634,88.26875
xtal_62.cif,./U3Si5/__initial__/158/xtal_62.cif,69.22138,25.579847
xtal_63.cif,./U3Si5/__initial__/158/xtal_63.cif,51.832615,19.780872
xtal_65.cif,./U3Si5/__initial__/158/xtal_65.cif,42.005188,33.347847
xtal_66.cif,./U3Si5/__initial__/158/xtal_66.cif,61.424076,61.042168
xtal_67.cif,./U3Si5/__initial__/158/xtal_67.cif,82.58766,-72.21834
xtal_68.cif,./U3Si5/__initial__/158/xtal_68.cif,28.550608,-5.3461766
xtal_7.cif,./U3Si5/__initial__/158/xtal_7.cif,47.777115,84.19507
xtal_70.cif,./U3Si5/__initial__/158/xtal_70.cif,-11.619997,-33.705555
xtal_73.cif,./U3Si5/__initial__/158/xtal_73.cif,59.10296,80.87301
xtal_74.cif,./U3Si5/__initial__/158/xtal_74.cif,-38.222355,69.69268
xtal_75.cif,./U3Si5/158/xtal_75.cif,-18.73147,109.67035
xtal_77.cif,./U3Si5/__initial__/158/xtal_77.cif,36.373287,78.452614
xtal_78.cif,./U3Si5/__initial__/158/xtal_78.cif,5.6008286,27.083279
xtal_79.cif,./U3Si5/__initial__/158/xtal_79.cif,89.195816,-7.70633
xtal_80.cif,./U3Si5/158/xtal_80.cif,-59.557964,82.77183
xtal_81.cif,./U3Si5/158/xtal_81.cif,-9.527796,-19.316376
xtal_82.cif,./U3Si5/__initial__/158/xtal_82.cif,55.117737,73.239334
xtal_87.cif,./U3Si5/__initial__/158/xtal_87.cif,25.098532,-7.0857277
xtal_88.cif,./U3Si5/__initial__/158/xtal_88.cif,60.201748,78.73624
xtal_90.cif,./U3Si5/__initial__/158/xtal_90.cif,70.861275,54.421375
xtal_94.cif,./U3Si5/__initial__/158/xtal_94.cif,-23.39136,65.80773
xtal_95.cif,./U3Si5/__initial__/158/xtal_95.cif,-82.96877,55.279804
xtal_96.cif,./U3Si5/__initial__/158/xtal_96.cif,24.312757,-27.18097
xtal_97.cif,./U3Si5/__initial__/158/xtal_97.cif,-5.95207,75.5239
xtal_1.cif,./U3Si5/__initial__/159/xtal_1.cif,27.859428,58.19969
xtal_10.cif,./U3Si5/__initial__/159/xtal_10.cif,53.782,73.77661
xtal_16.cif,./U3Si5/__initial__/159/xtal_16.cif,29.078108,7.8063536
xtal_19.cif,./U3Si5/__initial__/159/xtal_19.cif,26.116179,76.950935
xtal_20.cif,./U3Si5/__initial__/159/xtal_20.cif,41.12377,97.748474
xtal_24.cif,./U3Si5/__initial__/159/xtal_24.cif,14.495994,13.888729
xtal_26.cif,./U3Si5/__initial__/159/xtal_26.cif,-50.815887,73.66519
xtal_3.cif,./U3Si5/__initial__/159/xtal_3.cif,62.15406,16.628777
xtal_30.cif,./U3Si5/__initial__/159/xtal_30.cif,73.305145,5.868387
xtal_32.cif,./U3Si5/__initial__/159/xtal_32.cif,26.238663,77.987724
xtal_33.cif,./U3Si5/__initial__/159/xtal_33.cif,44.006294,2.7203457
xtal_36.cif,./U3Si5/159/xtal_36.cif,10.153235,30.103561
xtal_40.cif,./U3Si5/__initial__/159/xtal_40.cif,53.25176,66.526665
xtal_42.cif,./U3Si5/__initial__/159/xtal_42.cif,59.582386,60.212807
xtal_43.cif,./U3Si5/__initial__/159/xtal_43.cif,-0.92031485,25.234804
xtal_44.cif,./U3Si5/__initial__/159/xtal_44.cif,36.51897,-40.792763
xtal_46.cif,./U3Si5/__initial__/159/xtal_46.cif,21.912107,38.966366
xtal_47.cif,./U3Si5/__initial__/159/xtal_47.cif,-13.21037,62.29928
xtal_49.cif,./U3Si5/__initial__/159/xtal_49.cif,47.706913,64.56284
xtal_5.cif,./U3Si5/__initial__/159/xtal_5.cif,26.309904,-1.4306794
xtal_50.cif,./U3Si5/__initial__/159/xtal_50.cif,30.481579,3.1449616
xtal_51.cif,./U3Si5/__initial__/159/xtal_51.cif,20.520323,76.41129
xtal_52.cif,./U3Si5/__initial__/159/xtal_52.cif,53.51043,70.80964
xtal_54.cif,./U3Si5/__initial__/159/xtal_54.cif,-23.601063,41.143887
xtal_56.cif,./U3Si5/__initial__/159/xtal_56.cif,21.62168,70.182365
xtal_57.cif,./U3Si5/__initial__/159/xtal_57.cif,-3.4850664,-4.6873484
xtal_59.cif,./U3Si5/159/xtal_59.cif,21.441492,-52.781445
xtal_60.cif,./U3Si5/__initial__/159/xtal_60.cif,67.923805,54.377098
xtal_61.cif,./U3Si5/__initial__/159/xtal_61.cif,84.24919,47.782745
xtal_64.cif,./U3Si5/__initial__/159/xtal_64.cif,-35.74568,-2.521982
xtal_66.cif,./U3Si5/159/xtal_66.cif,-60.69512,53.187794
xtal_75.cif,./U3Si5/__initial__/159/xtal_75.cif,90.04816,-30.532396
xtal_77.cif,./U3Si5/__initial__/159/xtal_77.cif,58.61608,72.19857
xtal_84.cif,./U3Si5/159/xtal_84.cif,16.357265,24.204748
xtal_85.cif,./U3Si5/__initial__/159/xtal_85.cif,58.461952,72.02494
xtal_87.cif,./U3Si5/__initial__/159/xtal_87.cif,34.2205,54.90845
xtal_88.cif,./U3Si5/__initial__/159/xtal_88.cif,-7.020975,40.016388
xtal_92.cif,./U3Si5/__initial__/159/xtal_92.cif,-14.089663,90.86088
xtal_94.cif,./U3Si5/__initial__/159/xtal_94.cif,21.119202,34.406036
xtal_96.cif,./U3Si5/__initial__/159/xtal_96.cif,72.70316,19.844877
xtal_97.cif,./U3Si5/159/xtal_97.cif,-69.64863,10.382466
xtal_1.cif,./U3Si5/__initial__/160/xtal_1.cif,-32.340446,46.954704
xtal_10.cif,./U3Si5/__initial__/160/xtal_10.cif,27.924898,-2.7186103
xtal_100.cif,./U3Si5/__initial__/160/xtal_100.cif,41.077675,-33.178326
xtal_11.cif,./U3Si5/__initial__/160/xtal_11.cif,49.77867,70.20587
xtal_12.cif,./U3Si5/__initial__/160/xtal_12.cif,69.57528,-85.56893
xtal_13.cif,./U3Si5/__initial__/160/xtal_13.cif,52.620842,-11.883595
xtal_14.cif,./U3Si5/__initial__/160/xtal_14.cif,-27.084541,-11.274337
xtal_15.cif,./U3Si5/__initial__/160/xtal_15.cif,-47.80829,-8.343953
xtal_24.cif,./U3Si5/__initial__/160/xtal_24.cif,18.408989,20.706503
xtal_25.cif,./U3Si5/__initial__/160/xtal_25.cif,-4.9615736,23.975977
xtal_26.cif,./U3Si5/__initial__/160/xtal_26.cif,90.15452,-34.940956
xtal_27.cif,./U3Si5/__initial__/160/xtal_27.cif,5.154997,50.75269
xtal_28.cif,./U3Si5/__initial__/160/xtal_28.cif,-21.120832,21.809109
xtal_30.cif,./U3Si5/__initial__/160/xtal_30.cif,5.072306,18.29624
xtal_31.cif,./U3Si5/__initial__/160/xtal_31.cif,12.064671,50.02122
xtal_33.cif,./U3Si5/__initial__/160/xtal_33.cif,4.020276,-33.539703
xtal_36.cif,./U3Si5/__initial__/160/xtal_36.cif,33.444157,25.923666
xtal_37.cif,./U3Si5/__initial__/160/xtal_37.cif,22.340458,78.511086
xtal_38.cif,./U3Si5/__initial__/160/xtal_38.cif,-50.087967,5.2857585
xtal_4.cif,./U3Si5/__initial__/160/xtal_4.cif,29.443933,4.744618
xtal_40.cif,./U3Si5/160/xtal_40.cif,-18.024954,111.53543
xtal_41.cif,./U3Si5/__initial__/160/xtal_41.cif,20.150635,45.483196
xtal_42.cif,./U3Si5/__initial__/160/xtal_42.cif,54.17609,68.99313
xtal_43.cif,./U3Si5/__initial__/160/xtal_43.cif,52.583324,64.06374
xtal_45.cif,./U3Si5/__initial__/160/xtal_45.cif,26.699696,76.28592
xtal_46.cif,./U3Si5/160/xtal_46.cif,-79.29751,20.79438
xtal_47.cif,./U3Si5/__initial__/160/xtal_47.cif,-43.384853,39.45819
xtal_5.cif,./U3Si5/__initial__/160/xtal_5.cif,69.12159,-85.33808
xtal_50.cif,./U3Si5/__initial__/160/xtal_50.cif,43.622543,-11.664674
xtal_52.cif,./U3Si5/__initial__/160/xtal_52.cif,-22.126053,2.2064714
xtal_53.cif,./U3Si5/__initial__/160/xtal_53.cif,-24.300875,7.9206862
xtal_54.cif,./U3Si5/__initial__/160/xtal_54.cif,35.214104,19.288185
xtal_55.cif,./U3Si5/__initial__/160/xtal_55.cif,56.693665,-26.747707
xtal_56.cif,./U3Si5/__initial__/160/xtal_56.cif,3.3190067,50.33727
xtal_57.cif,./U3Si5/__initial__/160/xtal_57.cif,22.782232,47.29398
xtal_58.cif,./U3Si5/__initial__/160/xtal_58.cif,1.0704966,105.73236
xtal_60.cif,./U3Si5/__initial__/160/xtal_60.cif,-20.26117,-58.07977
xtal_61.cif,./U3Si5/__initial__/160/xtal_61.cif,-52.97474,31.853035
xtal_62.cif,./U3Si5/__initial__/160/xtal_62.cif,53.63094,-10.042823
xtal_63.cif,./U3Si5/__initial__/160/xtal_63.cif,8.782523,40.363457
xtal_64.cif,./U3Si5/__initial__/160/xtal_64.cif,80.12599,-23.603222
xtal_65.cif,./U3Si5/160/xtal_65.cif,-1.1535918,6.0910497
xtal_68.cif,./U3Si5/__initial__/160/xtal_68.cif,86.19313,54.276127
xtal_69.cif,./U3Si5/__initial__/160/xtal_69.cif,3.1735454,31.723074
xtal_70.cif,./U3Si5/160/xtal_70.cif,21.24488,-52.01502
xtal_71.cif,./U3Si5/__initial__/160/xtal_71.cif,-8.392638,91.62217
xtal_72.cif,./U3Si5/__initial__/160/xtal_72.cif,33.5416,0.030223008
xtal_74.cif,./U3Si5/__initial__/160/xtal_74.cif,45.52808,-44.67728
xtal_75.cif,./U3Si5/__initial__/160/xtal_75.cif,77.95793,-28.39119
xtal_78.cif,./U3Si5/__initial__/160/xtal_78.cif,-10.561541,60.34975
xtal_79.cif,./U3Si5/__initial__/160/xtal_79.cif,30.560944,91.174675
xtal_8.cif,./U3Si5/__initial__/160/xtal_8.cif,44.579437,39.19867
xtal_82.cif,./U3Si5/__initial__/160/xtal_82.cif,2.5058959,-65.45871
xtal_83.cif,./U3Si5/__initial__/160/xtal_83.cif,34.90073,42.27993
xtal_86.cif,./U3Si5/__initial__/160/xtal_86.cif,64.42281,-66.55007
xtal_87.cif,./U3Si5/__initial__/160/xtal_87.cif,-10.180243,-24.217043
xtal_89.cif,./U3Si5/__initial__/160/xtal_89.cif,15.426767,51.12058
xtal_91.cif,./U3Si5/__initial__/160/xtal_91.cif,-8.853638,35.641224
xtal_92.cif,./U3Si5/__initial__/160/xtal_92.cif,-24.484802,5.7198033
xtal_93.cif,./U3Si5/__initial__/160/xtal_93.cif,-5.9450536,-4.1024194
xtal_94.cif,./U3Si5/__initial__/160/xtal_94.cif,-14.003846,-31.589258
xtal_96.cif,./U3Si5/__initial__/160/xtal_96.cif,13.926119,42.616783
xtal_97.cif,./U3Si5/__initial__/160/xtal_97.cif,-44.541428,69.45681
xtal_98.cif,./U3Si5/__initial__/160/xtal_98.cif,-29.906101,-43.69271
xtal_99.cif,./U3Si5/__initial__/160/xtal_99.cif,26.741043,-26.927555
xtal_1.cif,./U3Si5/__initial__/162/xtal_1.cif,-97.53867,4.281992
xtal_100.cif,./U3Si5/__initial__/162/xtal_100.cif,83.76916,45.256435
xtal_12.cif,./U3Si5/__initial__/162/xtal_12.cif,99.47032,21.101755
xtal_13.cif,./U3Si5/__initial__/162/xtal_13.cif,-69.57953,-3.2576034
xtal_14.cif,./U3Si5/__initial__/162/xtal_14.cif,56.652462,-39.98093
xtal_17.cif,./U3Si5/__initial__/162/xtal_17.cif,-89.31028,-33.326332
xtal_19.cif,./U3Si5/__initial__/162/xtal_19.cif,-66.66052,37.286686
xtal_2.cif,./U3Si5/__initial__/162/xtal_2.cif,-57.945747,24.201767
xtal_21.cif,./U3Si5/__initial__/162/xtal_21.cif,-43.90489,-5.8021684
xtal_25.cif,./U3Si5/__initial__/162/xtal_25.cif,4.9022636,93.82058
xtal_27.cif,./U3Si5/__initial__/162/xtal_27.cif,33.273037,-73.94275
xtal_28.cif,./U3Si5/__initial__/162/xtal_28.cif,95.77944,72.1183
xtal_30.cif,./U3Si5/__initial__/162/xtal_30.cif,33.336063,-107.11876
xtal_31.cif,./U3Si5/__initial__/162/xtal_31.cif,73.461105,9.140588
xtal_33.cif,./U3Si5/__initial__/162/xtal_33.cif,87.55586,44.380436
xtal_34.cif,./U3Si5/162/xtal_34.cif,-43.471077,43.065002
xtal_40.cif,./U3Si5/__initial__/162/xtal_40.cif,99.94919,-20.48527
xtal_41.cif,./U3Si5/__initial__/162/xtal_41.cif,11.54869,62.49288
xtal_42.cif,./U3Si5/__initial__/162/xtal_42.cif,60.858997,27.919352
xtal_44.cif,./U3Si5/__initial__/162/xtal_44.cif,43.42557,10.583499
xtal_46.cif,./U3Si5/__initial__/162/xtal_46.cif,74.07249,7.1810412
xtal_48.cif,./U3Si5/__initial__/162/xtal_48.cif,78.79884,41.774944
xtal_49.cif,./U3Si5/__initial__/162/xtal_49.cif,38.19483,-33.69308
xtal_50.cif,./U3Si5/__initial__/162/xtal_50.cif,87.46474,56.182755
xtal_51.cif,./U3Si5/__initial__/162/xtal_51.cif,-42.19691,30.937931
xtal_55.cif,./U3Si5/__initial__/162/xtal_55.cif,-37.201683,22.682573
xtal_58.cif,./U3Si5/__initial__/162/xtal_58.cif,-35.058727,20.220896
xtal_60.cif,./U3Si5/__initial__/162/xtal_60.cif,-27.134533,65.140495
xtal_62.cif,./U3Si5/__initial__/162/xtal_62.cif,-60.00126,32.681812
xtal_63.cif,./U3Si5/__initial__/162/xtal_63.cif,87.1927,26.02073
xtal_64.cif,./U3Si5/__initial__/162/xtal_64.cif,-12.124165,50.19328
xtal_67.cif,./U3Si5/__initial__/162/xtal_67.cif,97.54233,42.566566
xtal_68.cif,./U3Si5/__initial__/162/xtal_68.cif,-70.58281,-30.972586
xtal_69.cif,./U3Si5/__initial__/162/xtal_69.cif,10.084399,86.208664
xtal_7.cif,./U3Si5/__initial__/162/xtal_7.cif,-45.60149,36.25554
xtal_70.cif,./U3Si5/__initial__/162/xtal_70.cif,-53.619446,3.1725647
xtal_71.cif,./U3Si5/__initial__/162/xtal_71.cif,109.80155,22.839636
xtal_73.cif,./U3Si5/__initial__/162/xtal_73.cif,77.542595,0.90537226
xtal_74.cif,./U3Si5/162/xtal_74.cif,-87.4314,56.916454
xtal_8.cif,./U3Si5/__initial__/162/xtal_8.cif,86.62237,46.87122
xtal_81.cif,./U3Si5/__initial__/162/xtal_81.cif,68.83706,55.40335
xtal_82.cif,./U3Si5/162/xtal_82.cif,-45.329258,-3.4345293
xtal_84.cif,./U3Si5/__initial__/162/xtal_84.cif,37.817204,-33.907864
xtal_85.cif,./U3Si5/__initial__/162/xtal_85.cif,100.28645,-40.24507
xtal_86.cif,./U3Si5/__initial__/162/xtal_86.cif,-63.773495,31.938295
xtal_87.cif,./U3Si5/__initial__/162/xtal_87.cif,-42.084587,58.141296
xtal_88.cif,./U3Si5/__initial__/162/xtal_88.cif,-65.36825,57.152897
xtal_9.cif,./U3Si5/__initial__/162/xtal_9.cif,111.05786,-15.980856
xtal_92.cif,./U3Si5/__initial__/162/xtal_92.cif,5.644603,94.7133
xtal_93.cif,./U3Si5/__initial__/162/xtal_93.cif,95.11664,73.50275
xtal_95.cif,./U3Si5/162/xtal_95.cif,-28.86971,2.3891501
xtal_96.cif,./U3Si5/__initial__/162/xtal_96.cif,18.948015,-48.615086
xtal_98.cif,./U3Si5/__initial__/162/xtal_98.cif,75.64274,58.704567
xtal_99.cif,./U3Si5/__initial__/162/xtal_99.cif,59.901775,-14.540379
xtal_1.cif,./U3Si5/__initial__/163/xtal_1.cif,-2.6401024,-92.05195
xtal_10.cif,./U3Si5/__initial__/163/xtal_10.cif,101.24808,19.955315
xtal_100.cif,./U3Si5/__initial__/163/xtal_100.cif,30.54647,-95.87408
xtal_11.cif,./U3Si5/__initial__/163/xtal_11.cif,-42.624374,5.60184
xtal_12.cif,./U3Si5/__initial__/163/xtal_12.cif,-65.55603,47.2093
xtal_13.cif,./U3Si5/__initial__/163/xtal_13.cif,24.429916,-105.21286
xtal_14.cif,./U3Si5/__initial__/163/xtal_14.cif,5.077332,-93.45016
xtal_15.cif,./U3Si5/__initial__/163/xtal_15.cif,0.74741596,-54.10825
xtal_16.cif,./U3Si5/__initial__/163/xtal_16.cif,43.542557,-27.846676
xtal_17.cif,./U3Si5/__initial__/163/xtal_17.cif,-63.88877,75.580795
xtal_18.cif,./U3Si5/__initial__/163/xtal_18.cif,11.98262,-45.287743
xtal_19.cif,./U3Si5/__initial__/163/xtal_19.cif,50.291267,-7.563821
xtal_2.cif,./U3Si5/__initial__/163/xtal_2.cif,63.826668,-11.038721
xtal_20.cif,./U3Si5/__initial__/163/xtal_20.cif,-83.75734,48.93473
xtal_21.cif,./U3Si5/__initial__/163/xtal_21.cif,-25.788431,-98.56547
xtal_22.cif,./U3Si5/__initial__/163/xtal_22.cif,81.1757,29.75483
xtal_23.cif,./U3Si5/__initial__/163/xtal_23.cif,13.474383,-70.27175
xtal_24.cif,./U3Si5/__initial__/163/xtal_24.cif,-35.737392,-93.284996
xtal_25.cif,./U3Si5/__initial__/163/xtal_25.cif,69.47824,54.816837
xtal_26.cif,./U3Si5/__initial__/163/xtal_26.cif,40.557377,-75.71204
xtal_27.cif,./U3Si5/__initial__/163/xtal_27.cif,-45.64795,-2.6131356
xtal_28.cif,./U3Si5/__initial__/163/xtal_28.cif,-49.635708,-59.396107
xtal_29.cif,./U3Si5/__initial__/163/xtal_29.cif,-52.180504,-6.9006896
xtal_3.cif,./U3Si5/__initial__/163/xtal_3.cif,-68.388794,38.91878
xtal_30.cif,./U3Si5/__initial__/163/xtal_30.cif,62.93115,-14.837767
xtal_31.cif,./U3Si5/__initial__/163/xtal_31.cif,39.896282,-47.56347
xtal_32.cif,./U3Si5/__initial__/163/xtal_32.cif,-75.55379,71.6008
xtal_33.cif,./U3Si5/__initial__/163/xtal_33.cif,46.585236,-74.54878
xtal_34.cif,./U3Si5/__initial__/163/xtal_34.cif,16.935453,-50.803444
xtal_35.cif,./U3Si5/__initial__/163/xtal_35.cif,-3.087502,-97.64811
xtal_36.cif,./U3Si5/__initial__/163/xtal_36.cif,51.324245,-0.4067878
xtal_37.cif,./U3Si5/__initial__/163/xtal_37.cif,1.8434228,-98.339005
xtal_38.cif,./U3Si5/__initial__/163/xtal_38.cif,-11.523985,-67.291855
xtal_39.cif,./U3Si5/__initial__/163/xtal_39.cif,-16.188301,42.40227
xtal_4.cif,./U3Si5/__initial__/163/xtal_4.cif,-47.57487,-64.09049
xtal_40.cif,./U3Si5/__initial__/163/xtal_40.cif,-14.74202,-80.30868
xtal_41.cif,./U3Si5/__initial__/163/xtal_41.cif,94.6844,-57.871555
xtal_42.cif,./U3Si5/163/xtal_42.cif,-15.047115,28.823704
xtal_43.cif,./U3Si5/__initial__/163/xtal_43.cif,15.086279,-94.67119
xtal_44.cif,./U3Si5/__initial__/163/xtal_44.cif,38.004086,-95.87628
xtal_45.cif,./U3Si5/__initial__/163/xtal_45.cif,73.22582,-71.184135
xtal_46.cif,./U3Si5/__initial__/163/xtal_46.cif,87.37176,-38.59278
xtal_47.cif,./U3Si5/__initial__/163/xtal_47.cif,3.0387516,85.920715
xtal_48.cif,./U3Si5/163/xtal_48.cif,-10.8744955,22.363205
xtal_49.cif,./U3Si5/__initial__/163/xtal_49.cif,-2.8004987,63.559788
xtal_5.cif,./U3Si5/__initial__/163/xtal_5.cif,-57.688293,23.890415
xtal_50.cif,./U3Si5/__initial__/163/xtal_50.cif,35.621296,-29.671904
xtal_51.cif,./U3Si5/__initial__/163/xtal_51.cif,-57.35152,-20.771566
xtal_52.cif,./U3Si5/__initial__/163/xtal_52.cif,78.74434,57.407494
xtal_53.cif,./U3Si5/__initial__/163/xtal_53.cif,-10.610163,-69.40503
xtal_54.cif,./U3Si5/__initial__/163/xtal_54.cif,-43.471767,-2.337006
xtal_55.cif,./U3Si5/__initial__/163/xtal_55.cif,19.396997,-51.86219
xtal_56.cif,./U3Si5/__initial__/163/xtal_56.cif,-29.414146,78.11827
xtal_57.cif,./U3Si5/__initial__/163/xtal_57.cif,51.22873,18.124552
xtal_58.cif,./U3Si5/__initial__/163/xtal_58.cif,-29.923664,75.33612
xtal_59.cif,./U3Si5/__initial__/163/xtal_59.cif,42.013702,-53.884567
xtal_6.cif,./U3Si5/__initial__/163/xtal_6.cif,-48.902412,11.940486
xtal_60.cif,./U3Si5/__initial__/163/xtal_60.cif,-40.888107,-21.473074
xtal_61.cif,./U3Si5/__initial__/163/xtal_61.cif,-42.98171,7.05692
xtal_62.cif,./U3Si5/__initial__/163/xtal_62.cif,-51.062054,-11.966443
xtal_63.cif,./U3Si5/__initial__/163/xtal_63.cif,-63.40094,-6.370036
xtal_64.cif,./U3Si5/__initial__/163/xtal_64.cif,-69.38789,-47.96169
xtal_65.cif,./U3Si5/__initial__/163/xtal_65.cif,-46.175438,-80.388336
xtal_66.cif,./U3Si5/__initial__/163/xtal_66.cif,-42.38403,41.65686
xtal_67.cif,./U3Si5/__initial__/163/xtal_67.cif,-9.805627,-70.27741
xtal_68.cif,./U3Si5/__initial__/163/xtal_68.cif,-16.542826,-92.05859
xtal_69.cif,./U3Si5/__initial__/163/xtal_69.cif,-46.351295,6.537194
xtal_7.cif,./U3Si5/__initial__/163/xtal_7.cif,-94.90892,4.173102
xtal_70.cif,./U3Si5/__initial__/163/xtal_70.cif,-87.13257,5.271261
xtal_71.cif,./U3Si5/__initial__/163/xtal_71.cif,23.294989,-46.89695
xtal_72.cif,./U3Si5/__initial__/163/xtal_72.cif,-70.68619,-50.069847
xtal_73.cif,./U3Si5/__initial__/163/xtal_73.cif,-89.49852,-52.024654
xtal_74.cif,./U3Si5/__initial__/163/xtal_74.cif,19.683947,-61.676716
xtal_75.cif,./U3Si5/__initial__/163/xtal_75.cif,-78.63479,-61.3468
xtal_76.cif,./U3Si5/__initial__/163/xtal_76.cif,-53.1045,43.83169
xtal_77.cif,./U3Si5/__initial__/163/xtal_77.cif,-32.739853,-1.4624895
xtal_78.cif,./U3Si5/163/xtal_78.cif,-9.210885,12.885923
xtal_79.cif,./U3Si5/__initial__/163/xtal_79.cif,-5.7680216,-61.40993
xtal_8.cif,./U3Si5/__initial__/163/xtal_8.cif,-34.546818,-61.665478
xtal_80.cif,./U3Si5/__initial__/163/xtal_80.cif,24.245163,-84.84048
xtal_81.cif,./U3Si5/__initial__/163/xtal_81.cif,-32.137222,83.59694
xtal_82.cif,./U3Si5/163/xtal_82.cif,-73.93488,59.076553
xtal_83.cif,./U3Si5/__initial__/163/xtal_83.cif,40.4359,20.934633
xtal_84.cif,./U3Si5/__initial__/163/xtal_84.cif,87.39896,-22.103237
xtal_85.cif,./U3Si5/__initial__/163/xtal_85.cif,-45.519955,93.80574
xtal_86.cif,./U3Si5/__initial__/163/xtal_86.cif,-76.0212,-28.815823
xtal_87.cif,./U3Si5/__initial__/163/xtal_87.cif,-35.808697,-61.49491
xtal_88.cif,./U3Si5/__initial__/163/xtal_88.cif,97.064674,-31.391981
xtal_89.cif,./U3Si5/__initial__/163/xtal_89.cif,46.74711,-94.5517
xtal_9.cif,./U3Si5/__initial__/163/xtal_9.cif,-80.90539,-8.079507
xtal_90.cif,./U3Si5/__initial__/163/xtal_90.cif,-14.718077,-47.351
xtal_91.cif,./U3Si5/__initial__/163/xtal_91.cif,-33.024254,60.628
xtal_92.cif,./U3Si5/__initial__/163/xtal_92.cif,53.818394,-88.080284
xtal_93.cif,./U3Si5/__initial__/163/xtal_93.cif,-46.158,-75.83607
xtal_94.cif,./U3Si5/__initial__/163/xtal_94.cif,-19.386904,-69.26564
xtal_95.cif,./U3Si5/__initial__/163/xtal_95.cif,-4.5192947,108.09302
xtal_96.cif,./U3Si5/__initial__/163/xtal_96.cif,13.60723,-47.45366
xtal_97.cif,./U3Si5/__initial__/163/xtal_97.cif,47.926746,-90.43458
xtal_98.cif,./U3Si5/__initial__/163/xtal_98.cif,-4.639148,-47.340973
xtal_99.cif,./U3Si5/__initial__/163/xtal_99.cif,40.932217,-90.49291
xtal_100.cif,./U3Si5/__initial__/164/xtal_100.cif,-29.147194,78.27457
xtal_12.cif,./U3Si5/164/xtal_12.cif,112.89497,6.232514
xtal_17.cif,./U3Si5/__initial__/164/xtal_17.cif,-67.284256,-49.015438
xtal_2.cif,./U3Si5/__initial__/164/xtal_2.cif,96.00339,59.46686
xtal_20.cif,./U3Si5/164/xtal_20.cif,61.50165,14.577552
xtal_21.cif,./U3Si5/__initial__/164/xtal_21.cif,73.63532,12.097746
xtal_23.cif,./U3Si5/__initial__/164/xtal_23.cif,60.131973,33.814335
xtal_27.cif,./U3Si5/__initial__/164/xtal_27.cif,90.763985,-14.075429
xtal_31.cif,./U3Si5/__initial__/164/xtal_31.cif,54.787678,-21.955355
xtal_32.cif,./U3Si5/__initial__/164/xtal_32.cif,-67.26222,-43.914886
xtal_36.cif,./U3Si5/__initial__/164/xtal_36.cif,68.699875,52.975445
xtal_43.cif,./U3Si5/__initial__/164/xtal_43.cif,-89.97679,24.97785
xtal_44.cif,./U3Si5/__initial__/164/xtal_44.cif,55.845875,-0.4897601
xtal_45.cif,./U3Si5/__initial__/164/xtal_45.cif,-75.44343,-56.67018
xtal_46.cif,./U3Si5/__initial__/164/xtal_46.cif,78.29356,53.99296
xtal_47.cif,./U3Si5/164/xtal_47.cif,-5.7671347,-22.3089
xtal_48.cif,./U3Si5/__initial__/164/xtal_48.cif,41.34501,17.880732
xtal_5.cif,./U3Si5/__initial__/164/xtal_5.cif,-34.57495,89.490524
xtal_50.cif,./U3Si5/__initial__/164/xtal_50.cif,50.84233,10.64264
xtal_53.cif,./U3Si5/__initial__/164/xtal_53.cif,98.55508,61.892292
xtal_55.cif,./U3Si5/__initial__/164/xtal_55.cif,-71.622025,76.68779
xtal_56.cif,./U3Si5/__initial__/164/xtal_56.cif,-97.56394,30.868439
xtal_57.cif,./U3Si5/__initial__/164/xtal_57.cif,99.03848,51.152386
xtal_58.cif,./U3Si5/__initial__/164/xtal_58.cif,78.23958,43.995197
xtal_59.cif,./U3Si5/__initial__/164/xtal_59.cif,46.892357,-76.35634
xtal_60.cif,./U3Si5/__initial__/164/xtal_60.cif,-0.5242707,65.88003
xtal_61.cif,./U3Si5/__initial__/164/xtal_61.cif,90.04034,48.82368
xtal_62.cif,./U3Si5/__initial__/164/xtal_62.cif,109.481865,-9.801846
xtal_65.cif,./U3Si5/__initial__/164/xtal_65.cif,90.95448,-31.232891
xtal_66.cif,./U3Si5/164/xtal_66.cif,-39.035248,-22.5237
xtal_69.cif,./U3Si5/__initial__/164/xtal_69.cif,-1.9202554,15.59007
xtal_7.cif,./U3Si5/__initial__/164/xtal_7.cif,87.935974,46.04103
xtal_70.cif,./U3Si5/__initial__/164/xtal_70.cif,-24.497252,-44.678223
xtal_72.cif,./U3Si5/__initial__/164/xtal_72.cif,67.57728,-68.55265
xtal_73.cif,./U3Si5/__initial__/164/xtal_73.cif,7.7607937,62.778034
xtal_75.cif,./U3Si5/__initial__/164/xtal_75.cif,-62.513176,48.120075
xtal_77.cif,./U3Si5/__initial__/164/xtal_77.cif,39.132526,-57.64393
xtal_78.cif,./U3Si5/__initial__/164/xtal_78.cif,60.107445,-6.1984315
xtal_80.cif,./U3Si5/__initial__/164/xtal_80.cif,83.3506,23.373362
xtal_82.cif,./U3Si5/__initial__/164/xtal_82.cif,69.152985,5.345668
xtal_86.cif,./U3Si5/__initial__/164/xtal_86.cif,6.1184044,-67.896286
xtal_89.cif,./U3Si5/164/xtal_89.cif,-20.611061,109.41846
xtal_90.cif,./U3Si5/__initial__/164/xtal_90.cif,-52.218792,56.578506
xtal_92.cif,./U3Si5/__initial__/164/xtal_92.cif,99.579414,30.799856
xtal_99.cif,./U3Si5/__initial__/164/xtal_99.cif,-43.533997,47.63386
xtal_1.cif,./U3Si5/__initial__/165/xtal_1.cif,-42.45212,5.396762
xtal_12.cif,./U3Si5/__initial__/165/xtal_12.cif,-20.757723,-76.71581
xtal_14.cif,./U3Si5/__initial__/165/xtal_14.cif,114.693535,33.268673
xtal_15.cif,./U3Si5/__initial__/165/xtal_15.cif,-54.951374,-44.233334
xtal_16.cif,./U3Si5/__initial__/165/xtal_16.cif,-19.03494,106.00445
xtal_17.cif,./U3Si5/__initial__/165/xtal_17.cif,-37.40091,-67.49827
xtal_18.cif,./U3Si5/__initial__/165/xtal_18.cif,69.08791,-50.72544
xtal_2.cif,./U3Si5/__initial__/165/xtal_2.cif,37.83193,-62.30819
xtal_22.cif,./U3Si5/__initial__/165/xtal_22.cif,-45.988712,-38.758366
xtal_23.cif,./U3Si5/__initial__/165/xtal_23.cif,-53.911533,-76.15668
xtal_24.cif,./U3Si5/__initial__/165/xtal_24.cif,87.71338,-22.323057
xtal_28.cif,./U3Si5/165/xtal_28.cif,-87.10997,-10.319325
xtal_29.cif,./U3Si5/__initial__/165/xtal_29.cif,-27.426485,21.64434
xtal_30.cif,./U3Si5/__initial__/165/xtal_30.cif,-94.670746,15.488566
xtal_32.cif,./U3Si5/__initial__/165/xtal_32.cif,88.88014,55.88837
xtal_36.cif,./U3Si5/__initial__/165/xtal_36.cif,-2.5697644,91.143585
xtal_38.cif,./U3Si5/__initial__/165/xtal_38.cif,47.26714,-7.793219
xtal_39.cif,./U3Si5/__initial__/165/xtal_39.cif,-84.62524,2.1358721
xtal_40.cif,./U3Si5/__initial__/165/xtal_40.cif,-34.40077,34.681988
xtal_42.cif,./U3Si5/__initial__/165/xtal_42.cif,69.61514,22.078201
xtal_44.cif,./U3Si5/__initial__/165/xtal_44.cif,57.06016,-7.425592
xtal_47.cif,./U3Si5/__initial__/165/xtal_47.cif,59.168095,20.224571
xtal_48.cif,./U3Si5/__initial__/165/xtal_48.cif,66.474144,-6.2385697
xtal_5.cif,./U3Si5/__initial__/165/xtal_5.cif,51.583717,-69.83521
xtal_51.cif,./U3Si5/__initial__/165/xtal_51.cif,40.819267,20.20803
xtal_52.cif,./U3Si5/__initial__/165/xtal_52.cif,28.671467,-30.445139
xtal_54.cif,./U3Si5/__initial__/165/xtal_54.cif,106.265274,-14.259266
xtal_57.cif,./U3Si5/__initial__/165/xtal_57.cif,-3.7277787,-71.1274
xtal_59.cif,./U3Si5/__initial__/165/xtal_59.cif,-15.284109,56.090828
xtal_60.cif,./U3Si5/__initial__/165/xtal_60.cif,-47.023033,-40.506622
xtal_62.cif,./U3Si5/__initial__/165/xtal_62.cif,0.7766885,60.649803
xtal_63.cif,./U3Si5/__initial__/165/xtal_63.cif,-83.31931,64.90533
xtal_64.cif,./U3Si5/__initial__/165/xtal_64.cif,63.66959,-29.488173
xtal_65.cif,./U3Si5/__initial__/165/xtal_65.cif,79.02547,-35.583324
xtal_66.cif,./U3Si5/__initial__/165/xtal_66.cif,-30.064114,-40.654526
xtal_69.cif,./U3Si5/__initial__/165/xtal_69.cif,10.284895,96.79802
xtal_72.cif,./U3Si5/__initial__/165/xtal_72.cif,-35.868584,19.807867
xtal_75.cif,./U3Si5/__initial__/165/xtal_75.cif,-36.844322,18.404175
xtal_8.cif,./U3Si5/__initial__/165/xtal_8.cif,-68.111275,75.83758
xtal_83.cif,./U3Si5/__initial__/165/xtal_83.cif,-63.12051,-50.36219
xtal_84.cif,./U3Si5/__initial__/165/xtal_84.cif,-42.48437,-78.4968
xtal_85.cif,./U3Si5/__initial__/165/xtal_85.cif,86.61522,-40.768
xtal_86.cif,./U3Si5/__initial__/165/xtal_86.cif,-51.22962,-50.72031
xtal_87.cif,./U3Si5/__initial__/165/xtal_87.cif,87.96873,45.580044
xtal_89.cif,./U3Si5/__initial__/165/xtal_89.cif,-40.601494,55.307213
xtal_9.cif,./U3Si5/__initial__/165/xtal_9.cif,74.761116,13.89204
xtal_90.cif,./U3Si5/__initial__/165/xtal_90.cif,45.271034,-30.906769
xtal_91.cif,./U3Si5/__initial__/165/xtal_91.cif,-27.61123,74.952774
xtal_95.cif,./U3Si5/__initial__/165/xtal_95.cif,4.6021676,-70.59037
xtal_96.cif,./U3Si5/165/xtal_96.cif,-89.26551,2.2734456
xtal_99.cif,./U3Si5/__initial__/165/xtal_99.cif,-36.214146,58.07727
xtal_100.cif,./U3Si5/__initial__/166/xtal_100.cif,-65.87418,-18.561766
xtal_11.cif,./U3Si5/__initial__/166/xtal_11.cif,-87.469025,9.114558
xtal_15.cif,./U3Si5/__initial__/166/xtal_15.cif,3.941209,89.82022
xtal_16.cif,./U3Si5/__initial__/166/xtal_16.cif,12.574621,-72.899124
xtal_17.cif,./U3Si5/__initial__/166/xtal_17.cif,-68.71431,65.657074
xtal_21.cif,./U3Si5/__initial__/166/xtal_21.cif,-75.734344,-49.07337
xtal_23.cif,./U3Si5/__initial__/166/xtal_23.cif,53.47937,14.321776
xtal_24.cif,./U3Si5/__initial__/166/xtal_24.cif,13.991997,-48.8619
xtal_26.cif,./U3Si5/166/xtal_26.cif,110.49793,13.605588
xtal_29.cif,./U3Si5/__initial__/166/xtal_29.cif,1.3235778,111.90244
xtal_30.cif,./U3Si5/__initial__/166/xtal_30.cif,-72.11975,-40.760918
xtal_31.cif,./U3Si5/__initial__/166/xtal_31.cif,-100.55421,28.887146
xtal_35.cif,./U3Si5/__initial__/166/xtal_35.cif,-30.38343,63.341835
xtal_36.cif,./U3Si5/__initial__/166/xtal_36.cif,-53.20044,-42.498096
xtal_37.cif,./U3Si5/__initial__/166/xtal_37.cif,-36.37446,107.67223
xtal_38.cif,./U3Si5/__initial__/166/xtal_38.cif,-49.888676,-46.02313
xtal_4.cif,./U3Si5/__initial__/166/xtal_4.cif,49.191616,-52.00749
xtal_40.cif,./U3Si5/__initial__/166/xtal_40.cif,-31.42716,-75.98888
xtal_41.cif,./U3Si5/__initial__/166/xtal_41.cif,53.711437,9.050983
xtal_42.cif,./U3Si5/166/xtal_42.cif,-0.21063377,73.700554
xtal_48.cif,./U3Si5/__initial__/166/xtal_48.cif,-30.608519,-27.924788
xtal_5.cif,./U3Si5/__initial__/166/xtal_5.cif,45.83973,4.627818
xtal_53.cif,./U3Si5/__initial__/166/xtal_53.cif,-84.38943,2.601636
xtal_54.cif,./U3Si5/__initial__/166/xtal_54.cif,-60.155296,-50.990685
xtal_55.cif,./U3Si5/__initial__/166/xtal_55.cif,-37.04434,8.705636
xtal_56.cif,./U3Si5/__initial__/166/xtal_56.cif,98.56449,25.908213
xtal_58.cif,./U3Si5/__initial__/166/xtal_58.cif,-96.81874,-25.238424
xtal_59.cif,./U3Si5/__initial__/166/xtal_59.cif,-41.642105,34.908855
xtal_61.cif,./U3Si5/__initial__/166/xtal_61.cif,-25.418716,104.22757
xtal_63.cif,./U3Si5/__initial__/166/xtal_63.cif,97.78554,24.090946
xtal_64.cif,./U3Si5/__initial__/166/xtal_64.cif,-47.860962,14.165549
xtal_67.cif,./U3Si5/__initial__/166/xtal_67.cif,-11.102802,84.56555
xtal_7.cif,./U3Si5/__initial__/166/xtal_7.cif,-10.140831,-64.28725
xtal_79.cif,./U3Si5/166/xtal_79.cif,100.27706,23.427923
xtal_80.cif,./U3Si5/166/xtal_80.cif,98.16908,-19.01592
xtal_81.cif,./U3Si5/__initial__/166/xtal_81.cif,-91.10407,-34.037117
xtal_84.cif,./U3Si5/__initial__/166/xtal_84.cif,-53.318127,15.838569
xtal_88.cif,./U3Si5/__initial__/166/xtal_88.cif,-71.95949,-28.56569
xtal_93.cif,./U3Si5/__initial__/166/xtal_93.cif,-2.1433566,-74.1078
xtal_94.cif,./U3Si5/__initial__/166/xtal_94.cif,-27.326944,93.21878
xtal_95.cif,./U3Si5/__initial__/166/xtal_95.cif,84.26139,-31.604809
xtal_1.cif,./U3Si5/__initial__/168/xtal_1.cif,-33.46552,25.176422
xtal_10.cif,./U3Si5/__initial__/168/xtal_10.cif,22.261873,21.689417
xtal_11.cif,./U3Si5/168/xtal_11.cif,-83.76769,20.836216
xtal_12.cif,./U3Si5/__initial__/168/xtal_12.cif,-12.376314,-44.061848
xtal_13.cif,./U3Si5/__initial__/168/xtal_13.cif,-8.736916,35.694122
xtal_14.cif,./U3Si5/__initial__/168/xtal_14.cif,52.876175,80.4579
xtal_15.cif,./U3Si5/__initial__/168/xtal_15.cif,2.7984912,-10.5199375
xtal_16.cif,./U3Si5/__initial__/168/xtal_16.cif,10.227846,94.61276
xtal_17.cif,./U3Si5/__initial__/168/xtal_17.cif,-11.130878,66.7194
xtal_18.cif,./U3Si5/__initial__/168/xtal_18.cif,28.175081,1.947822
xtal_19.cif,./U3Si5/__initial__/168/xtal_19.cif,61.85893,61.609615
xtal_20.cif,./U3Si5/__initial__/168/xtal_20.cif,39.15242,96.46204
xtal_21.cif,./U3Si5/__initial__/168/xtal_21.cif,38.084747,73.83573
xtal_22.cif,./U3Si5/__initial__/168/xtal_22.cif,-25.083323,82.26965
xtal_24.cif,./U3Si5/__initial__/168/xtal_24.cif,-3.5680635,87.492226
xtal_26.cif,./U3Si5/__initial__/168/xtal_26.cif,35.815666,91.62641
xtal_28.cif,./U3Si5/__initial__/168/xtal_28.cif,37.37932,97.314285
xtal_29.cif,./U3Si5/__initial__/168/xtal_29.cif,20.620602,69.47487
xtal_3.cif,./U3Si5/__initial__/168/xtal_3.cif,62.924458,62.95443
xtal_34.cif,./U3Si5/__initial__/168/xtal_34.cif,41.59849,79.29093
xtal_36.cif,./U3Si5/__initial__/168/xtal_36.cif,26.361862,78.51677
xtal_37.cif,./U3Si5/__initial__/168/xtal_37.cif,75.88103,-64.60896
xtal_38.cif,./U3Si5/__initial__/168/xtal_38.cif,33.925137,87.43506
xtal_4.cif,./U3Si5/__initial__/168/xtal_4.cif,46.379307,97.43251
xtal_40.cif,./U3Si5/__initial__/168/xtal_40.cif,63.643295,64.94374
xtal_41.cif,./U3Si5/__initial__/168/xtal_41.cif,19.092075,70.37934
xtal_43.cif,./U3Si5/__initial__/168/xtal_43.cif,37.946262,74.14339
xtal_45.cif,./U3Si5/__initial__/168/xtal_45.cif,26.411072,31.038809
xtal_48.cif,./U3Si5/168/xtal_48.cif,-42.448257,101.11708
xtal_5.cif,./U3Si5/__initial__/168/xtal_5.cif,30.254408,32.882175
xtal_50.cif,./U3Si5/__initial__/168/xtal_50.cif,75.81314,-37.76466
xtal_51.cif,./U3Si5/__initial__/168/xtal_51.cif,51.68577,83.94307
xtal_52.cif,./U3Si5/__initial__/168/xtal_52.cif,42.030823,99.003
xtal_53.cif,./U3Si5/__initial__/168/xtal_53.cif,-0.18166637,7.3979063
xtal_54.cif,./U3Si5/__initial__/168/xtal_54.cif,7.2367744,50.095898
xtal_55.cif,./U3Si5/__initial__/168/xtal_55.cif,23.086538,87.122536
xtal_56.cif,./U3Si5/__initial__/168/xtal_56.cif,-62.027466,71.0344
xtal_57.cif,./U3Si5/__initial__/168/xtal_57.cif,36.616463,49.89896
xtal_58.cif,./U3Si5/__initial__/168/xtal_58.cif,44.2554,38.76773
xtal_60.cif,./U3Si5/__initial__/168/xtal_60.cif,86.71626,38.9204
xtal_61.cif,./U3Si5/__initial__/168/xtal_61.cif,10.164157,10.331642
xtal_63.cif,./U3Si5/__initial__/168/xtal_63.cif,-11.891671,87.1754
xtal_64.cif,./U3Si5/168/xtal_64.cif,-52.411114,74.467705
xtal_65.cif,./U3Si5/__initial__/168/xtal_65.cif,29.629156,77.73663
xtal_66.cif,./U3Si5/__initial__/168/xtal_66.cif,-34.67093,58.06241
xtal_67.cif,./U3Si5/__initial__/168/xtal_67.cif,19.002096,43.821568
xtal_68.cif,./U3Si5/__initial__/168/xtal_68.cif,65.49146,21.153372
xtal_69.cif,./U3Si5/__initial__/168/xtal_69.cif,42.82041,28.964903
xtal_7.cif,./U3Si5/__initial__/168/xtal_7.cif,31.254564,52.012386
xtal_70.cif,./U3Si5/__initial__/168/xtal_70.cif,-14.151952,13.52195
xtal_71.cif,./U3Si5/__initial__/168/xtal_71.cif,19.413233,75.14625
xtal_72.cif,./U3Si5/__initial__/168/xtal_72.cif,37.348118,71.996735
xtal_74.cif,./U3Si5/__initial__/168/xtal_74.cif,76.35602,-38.061096
xtal_75.cif,./U3Si5/__initial__/168/xtal_75.cif,21.242317,24.177605
xtal_76.cif,./U3Si5/__initial__/168/xtal_76.cif,47.066544,64.77519
xtal_78.cif,./U3Si5/__initial__/168/xtal_78.cif,26.33337,-40.979076
xtal_8.cif,./U3Si5/__initial__/168/xtal_8.cif,52.56791,83.64918
xtal_81.cif,./U3Si5/__initial__/168/xtal_81.cif,-47.17314,75.1855
xtal_82.cif,./U3Si5/__initial__/168/xtal_82.cif,-67.7861,37.81922
xtal_84.cif,./U3Si5/__initial__/168/xtal_84.cif,35.14292,-87.63021
xtal_85.cif,./U3Si5/__initial__/168/xtal_85.cif,44.47577,79.6885
xtal_88.cif,./U3Si5/__initial__/168/xtal_88.cif,52.84581,80.07214
xtal_89.cif,./U3Si5/__initial__/168/xtal_89.cif,73.93146,7.869124
xtal_9.cif,./U3Si5/__initial__/168/xtal_9.cif,-41.196938,0.031154977
xtal_91.cif,./U3Si5/__initial__/168/xtal_91.cif,25.411556,76.30562
xtal_93.cif,./U3Si5/__initial__/168/xtal_93.cif,19.711954,89.14978
xtal_96.cif,./U3Si5/__initial__/168/xtal_96.cif,44.57541,16.243713
xtal_99.cif,./U3Si5/168/xtal_99.cif,25.474033,86.56587
xtal_1.cif,./U3Si5/__initial__/171/xtal_1.cif,-55.016083,-8.003866
xtal_10.cif,./U3Si5/__initial__/171/xtal_10.cif,-37.694744,-30.261726
xtal_11.cif,./U3Si5/__initial__/171/xtal_11.cif,-8.387655,-49.43781
xtal_12.cif,./U3Si5/__initial__/171/xtal_12.cif,18.370571,-86.57908
xtal_13.cif,./U3Si5/__initial__/171/xtal_13.cif,-75.45484,-6.923087
xtal_15.cif,./U3Si5/__initial__/171/xtal_15.cif,-13.271502,-55.788174
xtal_16.cif,./U3Si5/__initial__/171/xtal_16.cif,56.041615,-17.192007
xtal_17.cif,./U3Si5/__initial__/171/xtal_17.cif,-65.40542,8.5383005
xtal_18.cif,./U3Si5/__initial__/171/xtal_18.cif,44.76521,-37.75341
xtal_19.cif,./U3Si5/__initial__/171/xtal_19.cif,30.739706,40.85344
xtal_23.cif,./U3Si5/__initial__/171/xtal_23.cif,-74.75869,37.963562
xtal_24.cif,./U3Si5/__initial__/171/xtal_24.cif,40.055496,-36.595997
xtal_25.cif,./U3Si5/__initial__/171/xtal_25.cif,-38.61999,-24.656425
xtal_26.cif,./U3Si5/__initial__/171/xtal_26.cif,22.646933,-47.126915
xtal_27.cif,./U3Si5/__initial__/171/xtal_27.cif,-19.767399,-15.331649
xtal_29.cif,./U3Si5/__initial__/171/xtal_29.cif,10.169705,-49.563908
xtal_31.cif,./U3Si5/__initial__/171/xtal_31.cif,-35.305565,-95.837555
xtal_32.cif,./U3Si5/__initial__/171/xtal_32.cif,-17.68581,32.984577
xtal_36.cif,./U3Si5/__initial__/171/xtal_36.cif,-42.10734,59.29659
xtal_39.cif,./U3Si5/__initial__/171/xtal_39.cif,20.143425,48.359047
xtal_4.cif,./U3Si5/__initial__/171/xtal_4.cif,56.51369,-8.861332
xtal_42.cif,./U3Si5/__initial__/171/xtal_42.cif,-58.27129,31.286793
xtal_44.cif,./U3Si5/__initial__/171/xtal_44.cif,1.4725546,-25.015223
xtal_45.cif,./U3Si5/__initial__/171/xtal_45.cif,-17.09828,81.43908
xtal_46.cif,./U3Si5/__initial__/171/xtal_46.cif,-29.804924,41.83353
xtal_47.cif,./U3Si5/__initial__/171/xtal_47.cif,-16.980625,-22.646389
xtal_48.cif,./U3Si5/__initial__/171/xtal_48.cif,19.157177,-61.08147
xtal_49.cif,./U3Si5/__initial__/171/xtal_49.cif,19.042135,10.909415
xtal_52.cif,./U3Si5/__initial__/171/xtal_52.cif,-70.46079,31.935266
xtal_53.cif,./U3Si5/__initial__/171/xtal_53.cif,18.081789,-87.79204
xtal_55.cif,./U3Si5/__initial__/171/xtal_55.cif,-49.690445,-3.8632698
xtal_56.cif,./U3Si5/__initial__/171/xtal_56.cif,3.089477,48.602604
xtal_57.cif,./U3Si5/__initial__/171/xtal_57.cif,15.385091,-85.629715
xtal_59.cif,./U3Si5/171/xtal_59.cif,-52.262787,87.1035
xtal_61.cif,./U3Si5/__initial__/171/xtal_61.cif,56.359985,1.1317527
xtal_62.cif,./U3Si5/__initial__/171/xtal_62.cif,93.45682,43.18332
xtal_63.cif,./U3Si5/__initial__/171/xtal_63.cif,-47.007572,63.27123
xtal_64.cif,./U3Si5/__initial__/171/xtal_64.cif,44.951622,73.54278
xtal_65.cif,./U3Si5/__initial__/171/xtal_65.cif,-41.076252,-42.06293
xtal_66.cif,./U3Si5/__initial__/171/xtal_66.cif,18.232029,-83.76133
xtal_67.cif,./U3Si5/__initial__/171/xtal_67.cif,-11.085915,-56.650673
xtal_7.cif,./U3Si5/__initial__/171/xtal_7.cif,-0.18820468,-49.42937
xtal_71.cif,./U3Si5/__initial__/171/xtal_71.cif,-4.5971174,-85.94835
xtal_72.cif,./U3Si5/__initial__/171/xtal_72.cif,10.515073,-7.069982
xtal_73.cif,./U3Si5/171/xtal_73.cif,-10.674786,-18.310478
xtal_75.cif,./U3Si5/__initial__/171/xtal_75.cif,-32.089787,39.114487
xtal_78.cif,./U3Si5/__initial__/171/xtal_78.cif,6.8465652,32.270336
xtal_79.cif,./U3Si5/__initial__/171/xtal_79.cif,-23.963293,31.349873
xtal_8.cif,./U3Si5/__initial__/171/xtal_8.cif,58.194557,-84.621376
xtal_82.cif,./U3Si5/__initial__/171/xtal_82.cif,18.379374,-87.88058
xtal_83.cif,./U3Si5/__initial__/171/xtal_83.cif,9.775209,-20.57463
xtal_84.cif,./U3Si5/__initial__/171/xtal_84.cif,-60.224087,20.930008
xtal_85.cif,./U3Si5/__initial__/171/xtal_85.cif,-45.874012,68.866646
xtal_86.cif,./U3Si5/__initial__/171/xtal_86.cif,-9.762675,7.0622296
xtal_87.cif,./U3Si5/__initial__/171/xtal_87.cif,28.42866,43.737667
xtal_88.cif,./U3Si5/__initial__/171/xtal_88.cif,20.956165,-45.548443
xtal_89.cif,./U3Si5/__initial__/171/xtal_89.cif,6.8518834,6.016742
xtal_9.cif,./U3Si5/__initial__/171/xtal_9.cif,31.539095,-13.556867
xtal_90.cif,./U3Si5/__initial__/171/xtal_90.cif,-10.808971,-3.1810584
xtal_93.cif,./U3Si5/__initial__/171/xtal_93.cif,26.125227,-40.910275
xtal_95.cif,./U3Si5/__initial__/171/xtal_95.cif,15.065,51.912865
xtal_96.cif,./U3Si5/__initial__/171/xtal_96.cif,28.300402,-100.07478
xtal_97.cif,./U3Si5/__initial__/171/xtal_97.cif,-11.877146,-73.992676
xtal_98.cif,./U3Si5/__initial__/171/xtal_98.cif,-7.2559214,6.2490954
xtal_1.cif,./U3Si5/__initial__/172/xtal_1.cif,64.76921,16.648632
xtal_18.cif,./U3Si5/__initial__/172/xtal_18.cif,-9.302148,25.595375
xtal_19.cif,./U3Si5/__initial__/172/xtal_19.cif,-71.812294,-51.404408
xtal_21.cif,./U3Si5/__initial__/172/xtal_21.cif,2.982041,93.64058
xtal_23.cif,./U3Si5/__initial__/172/xtal_23.cif,2.834466,59.03732
xtal_25.cif,./U3Si5/__initial__/172/xtal_25.cif,-39.785103,-12.941112
xtal_26.cif,./U3Si5/__initial__/172/xtal_26.cif,33.203094,56.189938
xtal_27.cif,./U3Si5/__initial__/172/xtal_27.cif,14.363756,-84.16624
xtal_30.cif,./U3Si5/__initial__/172/xtal_30.cif,36.35387,32.8067
xtal_34.cif,./U3Si5/__initial__/172/xtal_34.cif,71.22571,-76.12951
xtal_35.cif,./U3Si5/__initial__/172/xtal_35.cif,1.9441584,28.52078
xtal_38.cif,./U3Si5/__initial__/172/xtal_38.cif,-21.632698,69.1344
xtal_42.cif,./U3Si5/__initial__/172/xtal_42.cif,-27.162413,-90.96886
xtal_43.cif,./U3Si5/172/xtal_43.cif,0.36025837,-73.73345
xtal_45.cif,./U3Si5/__initial__/172/xtal_45.cif,4.31111,47.730362
xtal_49.cif,./U3Si5/__initial__/172/xtal_49.cif,3.0834851,5.437246
xtal_50.cif,./U3Si5/__initial__/172/xtal_50.cif,48.183517,73.28577
xtal_55.cif,./U3Si5/__initial__/172/xtal_55.cif,34.586533,-15.278046
xtal_59.cif,./U3Si5/__initial__/172/xtal_59.cif,24.380972,24.50752
xtal_6.cif,./U3Si5/__initial__/172/xtal_6.cif,-59.39563,5.5688133
xtal_61.cif,./U3Si5/__initial__/172/xtal_61.cif,-40.926476,-11.45832
xtal_62.cif,./U3Si5/__initial__/172/xtal_62.cif,-14.3196535,-43.828396
xtal_65.cif,./U3Si5/__initial__/172/xtal_65.cif,22.901663,43.879757
xtal_66.cif,./U3Si5/172/xtal_66.cif,-90.10871,35.915955
xtal_68.cif,./U3Si5/__initial__/172/xtal_68.cif,4.2487574,31.960272
xtal_69.cif,./U3Si5/__initial__/172/xtal_69.cif,78.14955,11.197715
xtal_7.cif,./U3Si5/172/xtal_7.cif,-43.573208,-50.657578
xtal_74.cif,./U3Si5/__initial__/172/xtal_74.cif,42.245537,-82.88981
xtal_76.cif,./U3Si5/__initial__/172/xtal_76.cif,-46.683147,49.95042
xtal_77.cif,./U3Si5/__initial__/172/xtal_77.cif,-23.305336,56.439526
xtal_78.cif,./U3Si5/172/xtal_78.cif,-40.01016,99.11661
xtal_83.cif,./U3Si5/__initial__/172/xtal_83.cif,73.545235,13.78033
xtal_85.cif,./U3Si5/__initial__/172/xtal_85.cif,-25.658903,86.72925
xtal_86.cif,./U3Si5/__initial__/172/xtal_86.cif,45.178238,-6.459818
xtal_87.cif,./U3Si5/__initial__/172/xtal_87.cif,9.111516,32.398663
xtal_89.cif,./U3Si5/172/xtal_89.cif,-74.81404,18.41678
xtal_9.cif,./U3Si5/__initial__/172/xtal_9.cif,61.698204,-23.354198
xtal_92.cif,./U3Si5/__initial__/172/xtal_92.cif,5.449931,-5.7585053
xtal_93.cif,./U3Si5/__initial__/172/xtal_93.cif,40.264946,-15.997053
xtal_97.cif,./U3Si5/__initial__/172/xtal_97.cif,-2.0850303,19.86795
xtal_1.cif,./U3Si5/__initial__/173/xtal_1.cif,-0.48475373,33.36235
xtal_10.cif,./U3Si5/__initial__/173/xtal_10.cif,19.489733,64.07069
xtal_12.cif,./U3Si5/__initial__/173/xtal_12.cif,53.62612,-8.169684
xtal_14.cif,./U3Si5/__initial__/173/xtal_14.cif,36.032276,44.568974
xtal_15.cif,./U3Si5/__initial__/173/xtal_15.cif,44.38872,84.50375
xtal_16.cif,./U3Si5/__initial__/173/xtal_16.cif,43.044655,99.759514
xtal_17.cif,./U3Si5/173/xtal_17.cif,-70.72125,62.275127
xtal_18.cif,./U3Si5/__initial__/173/xtal_18.cif,20.227543,0.6288513
xtal_19.cif,./U3Si5/__initial__/173/xtal_19.cif,7.034455,15.669042
xtal_2.cif,./U3Si5/__initial__/173/xtal_2.cif,49.7958,64.4148
xtal_20.cif,./U3Si5/__initial__/173/xtal_20.cif,11.023545,99.768074
xtal_21.cif,./U3Si5/__initial__/173/xtal_21.cif,-29.396387,40.52983
xtal_22.cif,./U3Si5/__initial__/173/xtal_22.cif,25.45103,58.40504
xtal_23.cif,./U3Si5/__initial__/173/xtal_23.cif,10.764981,32.256172
xtal_24.cif,./U3Si5/__initial__/173/xtal_24.cif,23.593893,-93.58739
xtal_25.cif,./U3Si5/__initial__/173/xtal_25.cif,-19.175537,-10.205835
xtal_26.cif,./U3Si5/__initial__/173/xtal_26.cif,7.5360246,97.03123
xtal_27.cif,./U3Si5/__initial__/173/xtal_27.cif,10.188804,29.12603
xtal_28.cif,./U3Si5/__initial__/173/xtal_28.cif,25.256227,48.92353
xtal_29.cif,./U3Si5/__initial__/173/xtal_29.cif,-36.76608,-33.70974
xtal_3.cif,./U3Si5/__initial__/173/xtal_3.cif,-14.913116,82.38765
xtal_30.cif,./U3Si5/__initial__/173/xtal_30.cif,9.347809,-3.208099
xtal_31.cif,./U3Si5/__initial__/173/xtal_31.cif,67.7495,56.77434
xtal_32.cif,./U3Si5/__initial__/173/xtal_32.cif,2.822997,7.165593
xtal_34.cif,./U3Si5/__initial__/173/xtal_34.cif,27.192125,79.753525
xtal_35.cif,./U3Si5/__initial__/173/xtal_35.cif,58.74187,-86.37273
xtal_36.cif,./U3Si5/__initial__/173/xtal_36.cif,22.123121,3.3943295
xtal_37.cif,./U3Si5/__initial__/173/xtal_37.cif,-11.333153,37.538216
xtal_38.cif,./U3Si5/__initial__/173/xtal_38.cif,-63.612972,-52.350628
xtal_4.cif,./U3Si5/__initial__/173/xtal_4.cif,-5.6338444,-85.270775
xtal_41.cif,./U3Si5/173/xtal_41.cif,39.503735,-22.556023
xtal_43.cif,./U3Si5/__initial__/173/xtal_43.cif,0.98286325,9.696353
xtal_44.cif,./U3Si5/__initial__/173/xtal_44.cif,0.994672,-6.9682727
xtal_45.cif,./U3Si5/173/xtal_45.cif,-79.99582,65.19474
xtal_47.cif,./U3Si5/__initial__/173/xtal_47.cif,-61.848778,35.924282
xtal_50.cif,./U3Si5/__initial__/173/xtal_50.cif,28.737684,50.329662
xtal_51.cif,./U3Si5/__initial__/173/xtal_51.cif,0.6612093,24.272026
xtal_52.cif,./U3Si5/173/xtal_52.cif,-90.64094,-22.024567
xtal_53.cif,./U3Si5/__initial__/173/xtal_53.cif,30.053473,23.765314
xtal_54.cif,./U3Si5/__initial__/173/xtal_54.cif,39.93649,-30.781088
xtal_55.cif,./U3Si5/__initial__/173/xtal_55.cif,33.182507,-100.2251
xtal_56.cif,./U3Si5/__initial__/173/xtal_56.cif,-39.38312,33.51849
xtal_57.cif,./U3Si5/__initial__/173/xtal_57.cif,15.646639,17.358086
xtal_58.cif,./U3Si5/__initial__/173/xtal_58.cif,0.953868,-36.507584
xtal_59.cif,./U3Si5/__initial__/173/xtal_59.cif,-51.97804,17.88528
xtal_6.cif,./U3Si5/__initial__/173/xtal_6.cif,28.412886,80.06049
xtal_60.cif,./U3Si5/__initial__/173/xtal_60.cif,-16.514887,-8.35951
xtal_61.cif,./U3Si5/__initial__/173/xtal_61.cif,36.98357,31.359646
xtal_62.cif,./U3Si5/__initial__/173/xtal_62.cif,44.71706,14.933167
xtal_65.cif,./U3Si5/__initial__/173/xtal_65.cif,49.197742,-65.439705
xtal_67.cif,./U3Si5/__initial__/173/xtal_67.cif,-33.127514,-33.581703
xtal_68.cif,./U3Si5/__initial__/173/xtal_68.cif,-39.3993,-33.792446
xtal_69.cif,./U3Si5/__initial__/173/xtal_69.cif,71.9607,-63.163383
xtal_7.cif,./U3Si5/__initial__/173/xtal_7.cif,21.203972,38.50577
xtal_70.cif,./U3Si5/__initial__/173/xtal_70.cif,-22.230164,48.87717
xtal_71.cif,./U3Si5/__initial__/173/xtal_71.cif,48.021873,-68.97876
xtal_73.cif,./U3Si5/__initial__/173/xtal_73.cif,29.133535,72.88968
xtal_74.cif,./U3Si5/__initial__/173/xtal_74.cif,7.071832,41.36993
xtal_75.cif,./U3Si5/__initial__/173/xtal_75.cif,28.220873,83.13911
xtal_77.cif,./U3Si5/__initial__/173/xtal_77.cif,-39.139755,-41.68882
xtal_78.cif,./U3Si5/173/xtal_78.cif,-43.536964,-52.58489
xtal_79.cif,./U3Si5/__initial__/173/xtal_79.cif,19.545355,83.40023
xtal_8.cif,./U3Si5/__initial__/173/xtal_8.cif,-13.158462,-41.378025
xtal_80.cif,./U3Si5/__initial__/173/xtal_80.cif,11.3023,-67.895584
xtal_81.cif,./U3Si5/__initial__/173/xtal_81.cif,11.39405,80.22655
xtal_82.cif,./U3Si5/__initial__/173/xtal_82.cif,54.595783,-62.341576
xtal_83.cif,./U3Si5/__initial__/173/xtal_83.cif,44.655922,83.296196
xtal_85.cif,./U3Si5/__initial__/173/xtal_85.cif,-66.15841,-12.911654
xtal_86.cif,./U3Si5/__initial__/173/xtal_86.cif,10.93991,60.548634
xtal_87.cif,./U3Si5/__initial__/173/xtal_87.cif,-17.74836,79.6022
xtal_89.cif,./U3Si5/__initial__/173/xtal_89.cif,61.77984,64.393906
xtal_9.cif,./U3Si5/__initial__/173/xtal_9.cif,-12.718946,-44.594353
xtal_90.cif,./U3Si5/__initial__/173/xtal_90.cif,20.193533,-87.24471
xtal_91.cif,./U3Si5/__initial__/173/xtal_91.cif,54.971317,-89.293304
xtal_92.cif,./U3Si5/__initial__/173/xtal_92.cif,-2.6497788,95.61029
xtal_95.cif,./U3Si5/__initial__/173/xtal_95.cif,30.402393,60.369442
xtal_96.cif,./U3Si5/__initial__/173/xtal_96.cif,-62.309635,-29.549477
xtal_97.cif,./U3Si5/__initial__/173/xtal_97.cif,-2.6786437,-4.3573813
xtal_98.cif,./U3Si5/__initial__/173/xtal_98.cif,0.20809087,-11.945148
xtal_99.cif,./U3Si5/__initial__/173/xtal_99.cif,42.93434,43.603542
xtal_1.cif,./U3Si5/__initial__/174/xtal_1.cif,39.426662,42.68184
xtal_100.cif,./U3Si5/__initial__/174/xtal_100.cif,47.8803,65.164406
xtal_11.cif,./U3Si5/__initial__/174/xtal_11.cif,98.1103,25.080465
xtal_18.cif,./U3Si5/__initial__/174/xtal_18.cif,2.2694004,45.163895
xtal_2.cif,./U3Si5/__initial__/174/xtal_2.cif,-8.802394,90.51027
xtal_24.cif,./U3Si5/__initial__/174/xtal_24.cif,117.10564,34.954395
xtal_27.cif,./U3Si5/__initial__/174/xtal_27.cif,52.776184,68.60718
xtal_29.cif,./U3Si5/__initial__/174/xtal_29.cif,90.85384,-50.927647
xtal_33.cif,./U3Si5/__initial__/174/xtal_33.cif,-18.657331,-8.037112
xtal_35.cif,./U3Si5/__initial__/174/xtal_35.cif,97.60419,63.113
xtal_36.cif,./U3Si5/174/xtal_36.cif,93.42128,72.75696
xtal_38.cif,./U3Si5/174/xtal_38.cif,-10.492531,81.492935
xtal_40.cif,./U3Si5/__initial__/174/xtal_40.cif,9.490466,50.293957
xtal_41.cif,./U3Si5/174/xtal_41.cif,-17.247398,97.15723
xtal_48.cif,./U3Si5/__initial__/174/xtal_48.cif,-54.007523,66.868355
xtal_53.cif,./U3Si5/174/xtal_53.cif,8.753647,104.914154
xtal_64.cif,./U3Si5/__initial__/174/xtal_64.cif,48.223145,58.13024
xtal_65.cif,./U3Si5/174/xtal_65.cif,-77.895615,56.340057
xtal_68.cif,./U3Si5/__initial__/174/xtal_68.cif,-41.963287,-38.627754
xtal_76.cif,./U3Si5/__initial__/174/xtal_76.cif,64.8098,48.0918
xtal_88.cif,./U3Si5/__initial__/174/xtal_88.cif,10.930661,43.89476
xtal_98.cif,./U3Si5/__initial__/174/xtal_98.cif,95.54365,14.912269
xtal_1.cif,./U3Si5/__initial__/175/xtal_1.cif,57.219673,-80.48907
xtal_10.cif,./U3Si5/__initial__/175/xtal_10.cif,-7.068942,-65.81016
xtal_100.cif,./U3Si5/175/xtal_100.cif,56.327568,-58.99027
xtal_11.cif,./U3Si5/175/xtal_11.cif,106.200325,-29.500854
xtal_12.cif,./U3Si5/__initial__/175/xtal_12.cif,-13.9582,43.40221
xtal_13.cif,./U3Si5/__initial__/175/xtal_13.cif,29.918009,-78.43048
xtal_14.cif,./U3Si5/__initial__/175/xtal_14.cif,89.07296,68.40136
xtal_15.cif,./U3Si5/__initial__/175/xtal_15.cif,-52.20355,15.504468
xtal_16.cif,./U3Si5/__initial__/175/xtal_16.cif,82.928566,62.60001
xtal_17.cif,./U3Si5/__initial__/175/xtal_17.cif,-1.993866,-70.51528
xtal_18.cif,./U3Si5/__initial__/175/xtal_18.cif,48.758553,-37.3603
xtal_19.cif,./U3Si5/__initial__/175/xtal_19.cif,41.906834,-66.89263
xtal_2.cif,./U3Si5/__initial__/175/xtal_2.cif,-42.64967,6.409698
xtal_20.cif,./U3Si5/__initial__/175/xtal_20.cif,47.104393,-30.958172
xtal_21.cif,./U3Si5/__initial__/175/xtal_21.cif,-45.39576,-23.095873
xtal_22.cif,./U3Si5/__initial__/175/xtal_22.cif,-59.677017,0.88110685
xtal_23.cif,./U3Si5/__initial__/175/xtal_23.cif,-14.382432,76.29512
xtal_24.cif,./U3Si5/__initial__/175/xtal_24.cif,-8.536031,-50.358646
xtal_25.cif,./U3Si5/__initial__/175/xtal_25.cif,-91.22694,-47.64493
xtal_26.cif,./U3Si5/175/xtal_26.cif,-41.487736,2.6539457
xtal_27.cif,./U3Si5/__initial__/175/xtal_27.cif,107.60472,-15.425546
xtal_28.cif,./U3Si5/__initial__/175/xtal_28.cif,98.61315,48.024437
xtal_29.cif,./U3Si5/__initial__/175/xtal_29.cif,-50.989273,44.549877
xtal_3.cif,./U3Si5/__initial__/175/xtal_3.cif,62.88338,-36.74185
xtal_30.cif,./U3Si5/175/xtal_30.cif,-40.11369,33.66048
xtal_31.cif,./U3Si5/__initial__/175/xtal_31.cif,61.83073,-77.53258
xtal_32.cif,./U3Si5/__initial__/175/xtal_32.cif,-59.393005,25.174522
xtal_33.cif,./U3Si5/__initial__/175/xtal_33.cif,5.5489516,72.14484
xtal_34.cif,./U3Si5/175/xtal_34.cif,-44.926117,-4.4869757
xtal_35.cif,./U3Si5/__initial__/175/xtal_35.cif,36.9396,-51.70197
xtal_36.cif,./U3Si5/__initial__/175/xtal_36.cif,-4.049224,-51.420185
xtal_37.cif,./U3Si5/__initial__/175/xtal_37.cif,24.938759,-101.9681
xtal_38.cif,./U3Si5/__initial__/175/xtal_38.cif,50.70853,-69.87641
xtal_39.cif,./U3Si5/__initial__/175/xtal_39.cif,-65.64254,32.936127
xtal_4.cif,./U3Si5/__initial__/175/xtal_4.cif,-56.59527,41.494232
xtal_40.cif,./U3Si5/__initial__/175/xtal_40.cif,-11.142536,81.873985
xtal_41.cif,./U3Si5/__initial__/175/xtal_41.cif,-42.86487,-19.163761
xtal_42.cif,./U3Si5/__initial__/175/xtal_42.cif,68.79636,-34.444344
xtal_43.cif,./U3Si5/__initial__/175/xtal_43.cif,68.367195,52.967434
xtal_44.cif,./U3Si5/__initial__/175/xtal_44.cif,79.22472,18.54183
xtal_45.cif,./U3Si5/__initial__/175/xtal_45.cif,62.30019,-62.86405
xtal_46.cif,./U3Si5/__initial__/175/xtal_46.cif,8.110199,85.56135
xtal_47.cif,./U3Si5/__initial__/175/xtal_47.cif,15.043274,-75.68886
xtal_48.cif,./U3Si5/__initial__/175/xtal_48.cif,-15.053449,-54.422905
xtal_49.cif,./U3Si5/175/xtal_49.cif,6.6855793,-13.228178
xtal_5.cif,./U3Si5/__initial__/175/xtal_5.cif,91.87455,40.624115
xtal_50.cif,./U3Si5/__initial__/175/xtal_50.cif,89.19748,23.93857
xtal_51.cif,./U3Si5/__initial__/175/xtal_51.cif,8.353829,82.63922
xtal_52.cif,./U3Si5/175/xtal_52.cif,-25.189327,17.606861
xtal_53.cif,./U3Si5/__initial__/175/xtal_53.cif,-1.4793466,16.07101
xtal_54.cif,./U3Si5/__initial__/175/xtal_54.cif,-19.78436,74.270615
xtal_55.cif,./U3Si5/__initial__/175/xtal_55.cif,10.776383,-75.9154
xtal_56.cif,./U3Si5/__initial__/175/xtal_56.cif,88.7765,-62.19064
xtal_57.cif,./U3Si5/__initial__/175/xtal_57.cif,58.00463,-68.362976
xtal_58.cif,./U3Si5/__initial__/175/xtal_58.cif,-4.5317626,-47.27153
xtal_59.cif,./U3Si5/__initial__/175/xtal_59.cif,-5.431726,-101.59963
xtal_6.cif,./U3Si5/__initial__/175/xtal_6.cif,42.411266,-50.013332
xtal_60.cif,./U3Si5/__initial__/175/xtal_60.cif,11.06638,96.98644
xtal_61.cif,./U3Si5/__initial__/175/xtal_61.cif,-19.6543,70.846436
xtal_62.cif,./U3Si5/__initial__/175/xtal_62.cif,77.49068,53.717464
xtal_63.cif,./U3Si5/__initial__/175/xtal_63.cif,44.678993,-28.72965
xtal_64.cif,./U3Si5/__initial__/175/xtal_64.cif,104.8527,-18.270996
xtal_65.cif,./U3Si5/__initial__/175/xtal_65.cif,58.126877,-85.881966
xtal_66.cif,./U3Si5/__initial__/175/xtal_66.cif,-30.906843,-73.69159
xtal_67.cif,./U3Si5/175/xtal_67.cif,-9.760294,1.3385758
xtal_68.cif,./U3Si5/__initial__/175/xtal_68.cif,88.00158,-53.273598
xtal_69.cif,./U3Si5/__initial__/175/xtal_69.cif,-38.90993,10.933973
xtal_7.cif,./U3Si5/__initial__/175/xtal_7.cif,62.402634,-17.501781
xtal_70.cif,./U3Si5/__initial__/175/xtal_70.cif,80.627975,-34.7778
xtal_71.cif,./U3Si5/175/xtal_71.cif,1.0793209,71.59068
xtal_72.cif,./U3Si5/__initial__/175/xtal_72.cif,36.36475,-15.375856
xtal_73.cif,./U3Si5/175/xtal_73.cif,55.492607,-87.64571
xtal_74.cif,./U3Si5/__initial__/175/xtal_74.cif,-81.49445,64.12049
xtal_75.cif,./U3Si5/__initial__/175/xtal_75.cif,20.7794,-75.490166
xtal_76.cif,./U3Si5/__initial__/175/xtal_76.cif,-33.8615,9.858953
xtal_77.cif,./U3Si5/__initial__/175/xtal_77.cif,68.92931,39.859814
xtal_78.cif,./U3Si5/__initial__/175/xtal_78.cif,-26.669985,20.593304
xtal_79.cif,./U3Si5/__initial__/175/xtal_79.cif,10.938876,-73.568306
xtal_8.cif,./U3Si5/__initial__/175/xtal_8.cif,94.058105,8.756521
xtal_80.cif,./U3Si5/__initial__/175/xtal_80.cif,-36.08288,-0.048580945
xtal_81.cif,./U3Si5/__initial__/175/xtal_81.cif,91.246124,49.781197
xtal_82.cif,./U3Si5/__initial__/175/xtal_82.cif,-33.333523,90.30432
xtal_83.cif,./U3Si5/__initial__/175/xtal_83.cif,-64.25129,-21.73998
xtal_84.cif,./U3Si5/__initial__/175/xtal_84.cif,104.04904,28.067392
xtal_85.cif,./U3Si5/__initial__/175/xtal_85.cif,13.644607,-103.93359
xtal_86.cif,./U3Si5/__initial__/175/xtal_86.cif,87.82236,69.333405
xtal_87.cif,./U3Si5/__initial__/175/xtal_87.cif,-83.9957,-25.034714
xtal_88.cif,./U3Si5/__initial__/175/xtal_88.cif,-6.824898,-74.26943
xtal_89.cif,./U3Si5/__initial__/175/xtal_89.cif,57.476044,-32.346645
xtal_9.cif,./U3Si5/__initial__/175/xtal_9.cif,-48.753983,15.05038
xtal_90.cif,./U3Si5/175/xtal_90.cif,25.063599,-34.020393
xtal_91.cif,./U3Si5/__initial__/175/xtal_91.cif,-42.977474,3.4464169
xtal_92.cif,./U3Si5/175/xtal_92.cif,-23.38536,16.131523
xtal_93.cif,./U3Si5/__initial__/175/xtal_93.cif,93.87309,-41.595665
xtal_94.cif,./U3Si5/__initial__/175/xtal_94.cif,-54.19265,32.69557
xtal_95.cif,./U3Si5/__initial__/175/xtal_95.cif,46.06138,-77.148186
xtal_96.cif,./U3Si5/__initial__/175/xtal_96.cif,75.119354,-38.322556
xtal_97.cif,./U3Si5/__initial__/175/xtal_97.cif,-23.928463,0.60970974
xtal_98.cif,./U3Si5/__initial__/175/xtal_98.cif,-26.224062,-68.88642
xtal_99.cif,./U3Si5/175/xtal_99.cif,-81.42947,21.167212
xtal_1.cif,./U3Si5/176/xtal_1.cif,14.695779,-47.302654
xtal_10.cif,./U3Si5/__initial__/176/xtal_10.cif,-18.813898,96.836555
xtal_100.cif,./U3Si5/__initial__/176/xtal_100.cif,47.996098,10.653893
xtal_11.cif,./U3Si5/__initial__/176/xtal_11.cif,75.627464,50.404854
xtal_13.cif,./U3Si5/__initial__/176/xtal_13.cif,34.258804,-63.850574
xtal_14.cif,./U3Si5/__initial__/176/xtal_14.cif,-15.222204,67.962364
xtal_15.cif,./U3Si5/__initial__/176/xtal_15.cif,56.40258,-59.099262
xtal_16.cif,./U3Si5/__initial__/176/xtal_16.cif,80.653534,57.94135
xtal_17.cif,./U3Si5/__initial__/176/xtal_17.cif,65.500336,35.798
xtal_18.cif,./U3Si5/__initial__/176/xtal_18.cif,88.98851,11.536125
xtal_19.cif,./U3Si5/176/xtal_19.cif,-87.550125,52.058315
xtal_21.cif,./U3Si5/__initial__/176/xtal_21.cif,-56.746456,-51.16617
xtal_25.cif,./U3Si5/__initial__/176/xtal_25.cif,58.98874,-74.38208
xtal_26.cif,./U3Si5/__initial__/176/xtal_26.cif,69.21451,53.475433
xtal_27.cif,./U3Si5/__initial__/176/xtal_27.cif,-38.56907,87.64518
xtal_29.cif,./U3Si5/__initial__/176/xtal_29.cif,-67.525665,-16.317556
xtal_30.cif,./U3Si5/176/xtal_30.cif,-85.14582,0.0057662753
xtal_31.cif,./U3Si5/__initial__/176/xtal_31.cif,-40.57585,55.83215
xtal_32.cif,./U3Si5/176/xtal_32.cif,-84.83839,2.4910543
xtal_33.cif,./U3Si5/__initial__/176/xtal_33.cif,-37.38764,87.209656
xtal_35.cif,./U3Si5/176/xtal_35.cif,32.71224,-51.1451
xtal_36.cif,./U3Si5/__initial__/176/xtal_36.cif,-112.14818,3.4373055
xtal_37.cif,./U3Si5/__initial__/176/xtal_37.cif,66.80864,30.657572
xtal_39.cif,./U3Si5/__initial__/176/xtal_39.cif,77.924416,40.71999
xtal_4.cif,./U3Si5/176/xtal_4.cif,-84.17056,2.8890548
xtal_40.cif,./U3Si5/__initial__/176/xtal_40.cif,3.7491663,68.70038
xtal_41.cif,./U3Si5/__initial__/176/xtal_41.cif,-43.71956,-4.6726394
xtal_42.cif,./U3Si5/__initial__/176/xtal_42.cif,-22.648397,89.64788
xtal_43.cif,./U3Si5/__initial__/176/xtal_43.cif,32.566345,-104.42706
xtal_44.cif,./U3Si5/__initial__/176/xtal_44.cif,-68.37145,-8.684592
xtal_45.cif,./U3Si5/__initial__/176/xtal_45.cif,43.102787,14.616495
xtal_47.cif,./U3Si5/__initial__/176/xtal_47.cif,-31.794619,102.55279
xtal_48.cif,./U3Si5/__initial__/176/xtal_48.cif,-54.33471,-76.54819
xtal_49.cif,./U3Si5/176/xtal_49.cif,-41.58515,93.894585
xtal_5.cif,./U3Si5/__initial__/176/xtal_5.cif,-39.97043,-80.18599
xtal_50.cif,./U3Si5/__initial__/176/xtal_50.cif,-21.61183,39.13948
xtal_51.cif,./U3Si5/176/xtal_51.cif,105.848404,23.51705
xtal_52.cif,./U3Si5/__initial__/176/xtal_52.cif,78.627495,-22.4261
xtal_54.cif,./U3Si5/__initial__/176/xtal_54.cif,-47.844234,-61.826283
xtal_55.cif,./U3Si5/__initial__/176/xtal_55.cif,-33.825233,89.01144
xtal_57.cif,./U3Si5/__initial__/176/xtal_57.cif,-1.676693,94.47944
xtal_58.cif,./U3Si5/__initial__/176/xtal_58.cif,-64.88752,62.403206
xtal_59.cif,./U3Si5/__initial__/176/xtal_59.cif,-65.53637,58.88999
xtal_6.cif,./U3Si5/__initial__/176/xtal_6.cif,-23.299093,7.3489447
xtal_61.cif,./U3Si5/__initial__/176/xtal_61.cif,-43.567486,-58.621613
xtal_62.cif,./U3Si5/__initial__/176/xtal_62.cif,69.87752,-3.7908008
xtal_63.cif,./U3Si5/__initial__/176/xtal_63.cif,-71.51935,-13.006888
xtal_66.cif,./U3Si5/__initial__/176/xtal_66.cif,-38.898483,49.930695
xtal_67.cif,./U3Si5/__initial__/176/xtal_67.cif,-1.1411959,92.75414
xtal_68.cif,./U3Si5/__initial__/176/xtal_68.cif,-37.729996,86.584656
xtal_69.cif,./U3Si5/__initial__/176/xtal_69.cif,-15.0878315,-60.231846
xtal_7.cif,./U3Si5/__initial__/176/xtal_7.cif,-32.921917,25.058165
xtal_71.cif,./U3Si5/__initial__/176/xtal_71.cif,-29.239176,92.34946
xtal_72.cif,./U3Si5/__initial__/176/xtal_72.cif,92.18179,-54.01295
xtal_73.cif,./U3Si5/__initial__/176/xtal_73.cif,-57.468826,14.710006
xtal_74.cif,./U3Si5/176/xtal_74.cif,24.953743,-22.844221
xtal_75.cif,./U3Si5/__initial__/176/xtal_75.cif,111.04636,28.521338
xtal_76.cif,./U3Si5/__initial__/176/xtal_76.cif,-29.634583,-80.460945
xtal_77.cif,./U3Si5/__initial__/176/xtal_77.cif,-89.07006,11.153512
xtal_78.cif,./U3Si5/__initial__/176/xtal_78.cif,-1.7084715,82.64522
xtal_79.cif,./U3Si5/__initial__/176/xtal_79.cif,-54.514,-42.93302
xtal_8.cif,./U3Si5/__initial__/176/xtal_8.cif,24.589554,-40.532143
xtal_80.cif,./U3Si5/__initial__/176/xtal_80.cif,-44.625748,-60.13253
xtal_81.cif,./U3Si5/__initial__/176/xtal_81.cif,-0.114954084,-62.773136
xtal_83.cif,./U3Si5/__initial__/176/xtal_83.cif,-26.716908,93.01989
xtal_84.cif,./U3Si5/__initial__/176/xtal_84.cif,32.974014,-79.82223
xtal_85.cif,./U3Si5/__initial__/176/xtal_85.cif,-59.890427,20.414024
xtal_86.cif,./U3Si5/__initial__/176/xtal_86.cif,32.700443,-104.8959
xtal_87.cif,./U3Si5/__initial__/176/xtal_87.cif,49.30714,-65.64589
xtal_89.cif,./U3Si5/__initial__/176/xtal_89.cif,-60.153835,34.31768
xtal_9.cif,./U3Si5/176/xtal_9.cif,6.919108,103.122406
xtal_90.cif,./U3Si5/176/xtal_90.cif,-14.682518,110.09294
xtal_91.cif,./U3Si5/__initial__/176/xtal_91.cif,-89.692726,48.98663
xtal_93.cif,./U3Si5/__initial__/176/xtal_93.cif,-18.827522,65.58062
xtal_94.cif,./U3Si5/__initial__/176/xtal_94.cif,-21.626501,40.984364
xtal_95.cif,./U3Si5/__initial__/176/xtal_95.cif,-37.666573,59.51583
xtal_99.cif,./U3Si5/__initial__/176/xtal_99.cif,66.3466,20.795282
xtal_1.cif,./U3Si5/__initial__/177/xtal_1.cif,-17.2185,-90.72416
xtal_10.cif,./U3Si5/__initial__/177/xtal_10.cif,-17.8294,43.049686
xtal_100.cif,./U3Si5/__initial__/177/xtal_100.cif,-22.546719,-99.18549
xtal_11.cif,./U3Si5/__initial__/177/xtal_11.cif,65.366005,-8.600874
xtal_12.cif,./U3Si5/__initial__/177/xtal_12.cif,92.7439,61.945885
xtal_13.cif,./U3Si5/__initial__/177/xtal_13.cif,79.929344,-4.1500382
xtal_14.cif,./U3Si5/__initial__/177/xtal_14.cif,-7.7511344,19.989315
xtal_15.cif,./U3Si5/__initial__/177/xtal_15.cif,-29.48441,-38.90314
xtal_16.cif,./U3Si5/177/xtal_16.cif,-0.36481893,-52.81883
xtal_17.cif,./U3Si5/__initial__/177/xtal_17.cif,-18.818552,75.59938
xtal_18.cif,./U3Si5/__initial__/177/xtal_18.cif,-6.8500695,-88.87324
xtal_19.cif,./U3Si5/__initial__/177/xtal_19.cif,70.076805,-11.28389
xtal_2.cif,./U3Si5/__initial__/177/xtal_2.cif,-93.089966,14.362215
xtal_20.cif,./U3Si5/__initial__/177/xtal_20.cif,-68.4025,-63.021637
xtal_21.cif,./U3Si5/__initial__/177/xtal_21.cif,-44.222187,45.120434
xtal_22.cif,./U3Si5/177/xtal_22.cif,13.38523,-40.17669
xtal_23.cif,./U3Si5/__initial__/177/xtal_23.cif,37.8453,-28.609285
xtal_24.cif,./U3Si5/__initial__/177/xtal_24.cif,68.57692,57.80231
xtal_25.cif,./U3Si5/__initial__/177/xtal_25.cif,83.84364,28.535713
xtal_26.cif,./U3Si5/__initial__/177/xtal_26.cif,12.277218,-53.70938
xtal_27.cif,./U3Si5/__initial__/177/xtal_27.cif,-15.405598,-79.08431
xtal_28.cif,./U3Si5/__initial__/177/xtal_28.cif,-6.3033047,69.77392
xtal_29.cif,./U3Si5/__initial__/177/xtal_29.cif,-0.63998514,-81.00936
xtal_3.cif,./U3Si5/177/xtal_3.cif,-36.493526,103.815506
xtal_30.cif,./U3Si5/__initial__/177/xtal_30.cif,88.49777,26.814274
xtal_31.cif,./U3Si5/__initial__/177/xtal_31.cif,61.237415,6.937583
xtal_32.cif,./U3Si5/__initial__/177/xtal_32.cif,-2.005363,96.65918
xtal_33.cif,./U3Si5/177/xtal_33.cif,-23.224674,-4.6538467
xtal_34.cif,./U3Si5/__initial__/177/xtal_34.cif,104.30209,13.287501
xtal_35.cif,./U3Si5/__initial__/177/xtal_35.cif,76.09012,46.59161
xtal_36.cif,./U3Si5/__initial__/177/xtal_36.cif,-1.2709423,17.5863
xtal_37.cif,./U3Si5/__initial__/177/xtal_37.cif,87.655815,43.994972
xtal_38.cif,./U3Si5/__initial__/177/xtal_38.cif,-11.08421,81.80703
xtal_39.cif,./U3Si5/__initial__/177/xtal_39.cif,65.317505,3.5396287
xtal_4.cif,./U3Si5/__initial__/177/xtal_4.cif,-15.029274,-82.317986
xtal_40.cif,./U3Si5/__initial__/177/xtal_40.cif,57.23234,-23.609512
xtal_41.cif,./U3Si5/__initial__/177/xtal_41.cif,66.011475,52.312176
xtal_42.cif,./U3Si5/__initial__/177/xtal_42.cif,65.8587,-53.378635
xtal_43.cif,./U3Si5/__initial__/177/xtal_43.cif,-29.080349,-56.26696
xtal_44.cif,./U3Si5/__initial__/177/xtal_44.cif,-31.034554,-44.028145
xtal_45.cif,./U3Si5/__initial__/177/xtal_45.cif,37.822903,-65.229485
xtal_46.cif,./U3Si5/__initial__/177/xtal_46.cif,94.94268,54.91103
xtal_47.cif,./U3Si5/__initial__/177/xtal_47.cif,8.175368,68.40895
xtal_48.cif,./U3Si5/__initial__/177/xtal_48.cif,40.818367,3.8860233
xtal_49.cif,./U3Si5/__initial__/177/xtal_49.cif,5.58095,63.250454
xtal_5.cif,./U3Si5/__initial__/177/xtal_5.cif,-25.046207,67.37623
xtal_50.cif,./U3Si5/__initial__/177/xtal_50.cif,93.69106,-41.79616
xtal_51.cif,./U3Si5/__initial__/177/xtal_51.cif,-49.288353,-62.17104
xtal_52.cif,./U3Si5/__initial__/177/xtal_52.cif,-30.877544,27.831486
xtal_53.cif,./U3Si5/__initial__/177/xtal_53.cif,36.3189,-40.84317
xtal_54.cif,./U3Si5/__initial__/177/xtal_54.cif,80.29048,-35.23291
xtal_55.cif,./U3Si5/__initial__/177/xtal_55.cif,-56.881756,-13.277698
xtal_56.cif,./U3Si5/__initial__/177/xtal_56.cif,16.688894,-104.49889
xtal_57.cif,./U3Si5/__initial__/177/xtal_57.cif,-15.566494,66.60405
xtal_58.cif,./U3Si5/__initial__/177/xtal_58.cif,64.952034,-10.973402
xtal_59.cif,./U3Si5/__initial__/177/xtal_59.cif,74.127266,42.85475
xtal_6.cif,./U3Si5/__initial__/177/xtal_6.cif,50.294918,-92.72951
xtal_60.cif,./U3Si5/177/xtal_60.cif,-82.86546,44.075714
xtal_61.cif,./U3Si5/177/xtal_61.cif,-18.656176,71.20371
xtal_62.cif,./U3Si5/177/xtal_62.cif,-8.7521,-51.918854
xtal_63.cif,./U3Si5/__initial__/177/xtal_63.cif,61.25156,9.53372
xtal_64.cif,./U3Si5/__initial__/177/xtal_64.cif,-1.8428438,86.8573
xtal_65.cif,./U3Si5/__initial__/177/xtal_65.cif,-42.57852,-26.926132
xtal_66.cif,./U3Si5/__initial__/177/xtal_66.cif,-43.831196,26.701996
xtal_67.cif,./U3Si5/__initial__/177/xtal_67.cif,33.59407,-29.191805
xtal_68.cif,./U3Si5/__initial__/177/xtal_68.cif,65.84735,35.21217
xtal_69.cif,./U3Si5/__initial__/177/xtal_69.cif,97.023026,45.004627
xtal_7.cif,./U3Si5/__initial__/177/xtal_7.cif,60.160374,-6.18641
xtal_70.cif,./U3Si5/__initial__/177/xtal_70.cif,77.39647,57.424488
xtal_71.cif,./U3Si5/__initial__/177/xtal_71.cif,-3.9098186,13.444777
xtal_72.cif,./U3Si5/177/xtal_72.cif,-45.258198,-3.1458411
xtal_73.cif,./U3Si5/__initial__/177/xtal_73.cif,49.774426,-29.713608
xtal_74.cif,./U3Si5/__initial__/177/xtal_74.cif,-83.39948,-25.208382
xtal_75.cif,./U3Si5/__initial__/177/xtal_75.cif,95.618996,39.88766
xtal_76.cif,./U3Si5/__initial__/177/xtal_76.cif,-66.45503,-70.86551
xtal_77.cif,./U3Si5/__initial__/177/xtal_77.cif,8.805513,-100.911705
xtal_78.cif,./U3Si5/__initial__/177/xtal_78.cif,18.524035,-92.13762
xtal_79.cif,./U3Si5/__initial__/177/xtal_79.cif,-16.560581,-50.685696
xtal_8.cif,./U3Si5/177/xtal_8.cif,-52.822544,-44.061195
xtal_80.cif,./U3Si5/__initial__/177/xtal_80.cif,37.900414,-15.682066
xtal_81.cif,./U3Si5/__initial__/177/xtal_81.cif,-35.920677,39.847885
xtal_82.cif,./U3Si5/__initial__/177/xtal_82.cif,-2.670897,73.564
xtal_83.cif,./U3Si5/__initial__/177/xtal_83.cif,-16.482735,48.08158
xtal_84.cif,./U3Si5/__initial__/177/xtal_84.cif,106.42517,-38.82249
xtal_85.cif,./U3Si5/__initial__/177/xtal_85.cif,39.455563,-73.14609
xtal_86.cif,./U3Si5/__initial__/177/xtal_86.cif,71.457184,-54.854565
xtal_87.cif,./U3Si5/__initial__/177/xtal_87.cif,-2.3930743,65.06259
xtal_88.cif,./U3Si5/__initial__/177/xtal_88.cif,94.36805,49.31865
xtal_89.cif,./U3Si5/__initial__/177/xtal_89.cif,95.94044,43.184025
xtal_9.cif,./U3Si5/__initial__/177/xtal_9.cif,53.42562,8.519341
xtal_90.cif,./U3Si5/__initial__/177/xtal_90.cif,85.69064,66.30233
xtal_91.cif,./U3Si5/177/xtal_91.cif,52.52647,-58.4531
xtal_92.cif,./U3Si5/__initial__/177/xtal_92.cif,-9.8378,75.815704
xtal_93.cif,./U3Si5/__initial__/177/xtal_93.cif,93.06618,-16.850012
xtal_94.cif,./U3Si5/__initial__/177/xtal_94.cif,58.798256,-41.657192
xtal_95.cif,./U3Si5/__initial__/177/xtal_95.cif,-48.873672,12.50148
xtal_96.cif,./U3Si5/__initial__/177/xtal_96.cif,-5.8635015,-70.02245
xtal_97.cif,./U3Si5/__initial__/177/xtal_97.cif,86.19085,-51.244667
xtal_98.cif,./U3Si5/__initial__/177/xtal_98.cif,51.005436,-87.28963
xtal_99.cif,./U3Si5/__initial__/177/xtal_99.cif,-49.931206,52.844494
xtal_1.cif,./U3Si5/__initial__/180/xtal_1.cif,-15.304563,47.96991
xtal_100.cif,./U3Si5/180/xtal_100.cif,-69.293846,87.59456
xtal_12.cif,./U3Si5/__initial__/180/xtal_12.cif,-27.8729,87.616516
xtal_15.cif,./U3Si5/__initial__/180/xtal_15.cif,45.9948,-27.047514
xtal_18.cif,./U3Si5/__initial__/180/xtal_18.cif,-55.641895,10.626301
xtal_19.cif,./U3Si5/__initial__/180/xtal_19.cif,51.00696,-30.29813
xtal_21.cif,./U3Si5/__initial__/180/xtal_21.cif,-53.252728,31.42666
xtal_23.cif,./U3Si5/__initial__/180/xtal_23.cif,-30.181477,101.115524
xtal_24.cif,./U3Si5/__initial__/180/xtal_24.cif,-9.686913,24.438452
xtal_25.cif,./U3Si5/__initial__/180/xtal_25.cif,-0.13752267,71.07662
xtal_27.cif,./U3Si5/__initial__/180/xtal_27.cif,1.4230949,-92.79969
xtal_29.cif,./U3Si5/__initial__/180/xtal_29.cif,-35.51496,64.43527
xtal_32.cif,./U3Si5/__initial__/180/xtal_32.cif,42.073254,12.028517
xtal_34.cif,./U3Si5/__initial__/180/xtal_34.cif,4.275738,-57.057404
xtal_35.cif,./U3Si5/__initial__/180/xtal_35.cif,-10.841861,20.938744
xtal_36.cif,./U3Si5/180/xtal_36.cif,-83.387955,17.38667
xtal_37.cif,./U3Si5/__initial__/180/xtal_37.cif,-28.847786,78.55433
xtal_38.cif,./U3Si5/__initial__/180/xtal_38.cif,-34.176895,-62.339268
xtal_40.cif,./U3Si5/__initial__/180/xtal_40.cif,-30.920158,-8.265671
xtal_42.cif,./U3Si5/__initial__/180/xtal_42.cif,79.224724,-57.358597
xtal_5.cif,./U3Si5/180/xtal_5.cif,-11.8362665,6.432221
xtal_52.cif,./U3Si5/__initial__/180/xtal_52.cif,-40.324917,52.5171
xtal_54.cif,./U3Si5/__initial__/180/xtal_54.cif,55.775944,-24.795149
xtal_55.cif,./U3Si5/__initial__/180/xtal_55.cif,8.435852,-59.022087
xtal_56.cif,./U3Si5/__initial__/180/xtal_56.cif,69.52764,4.5017266
xtal_57.cif,./U3Si5/__initial__/180/xtal_57.cif,-51.25093,-61.36136
xtal_58.cif,./U3Si5/__initial__/180/xtal_58.cif,53.726963,-7.8921995
xtal_59.cif,./U3Si5/__initial__/180/xtal_59.cif,68.28174,-69.20783
xtal_6.cif,./U3Si5/__initial__/180/xtal_6.cif,-41.17283,50.72425
xtal_60.cif,./U3Si5/__initial__/180/xtal_60.cif,36.554573,-75.38639
xtal_62.cif,./U3Si5/__initial__/180/xtal_62.cif,-36.334827,-33.162888
xtal_63.cif,./U3Si5/__initial__/180/xtal_63.cif,40.61668,-99.55299
xtal_64.cif,./U3Si5/__initial__/180/xtal_64.cif,37.530468,-27.420254
xtal_66.cif,./U3Si5/__initial__/180/xtal_66.cif,-15.831654,95.15498
xtal_67.cif,./U3Si5/__initial__/180/xtal_67.cif,-24.804682,-81.50952
xtal_69.cif,./U3Si5/__initial__/180/xtal_69.cif,49.074455,-41.4118
xtal_70.cif,./U3Si5/180/xtal_70.cif,2.1113873,38.038223
xtal_71.cif,./U3Si5/180/xtal_71.cif,-86.693344,25.102865
xtal_72.cif,./U3Si5/180/xtal_72.cif,-71.75877,61.08283
xtal_73.cif,./U3Si5/__initial__/180/xtal_73.cif,-52.38077,-7.321947
xtal_75.cif,./U3Si5/__initial__/180/xtal_75.cif,109.79334,22.865234
xtal_78.cif,./U3Si5/__initial__/180/xtal_78.cif,22.155739,-55.61037
xtal_84.cif,./U3Si5/__initial__/180/xtal_84.cif,61.454647,43.44725
xtal_85.cif,./U3Si5/__initial__/180/xtal_85.cif,54.40493,-15.872178
xtal_90.cif,./U3Si5/__initial__/180/xtal_90.cif,9.572879,-70.807274
xtal_92.cif,./U3Si5/__initial__/180/xtal_92.cif,8.009961,99.417984
xtal_93.cif,./U3Si5/__initial__/180/xtal_93.cif,-56.312355,-54.187725
xtal_94.cif,./U3Si5/__initial__/180/xtal_94.cif,47.725693,-6.4081078
xtal_97.cif,./U3Si5/__initial__/180/xtal_97.cif,-20.789032,-78.58755
xtal_1.cif,./U3Si5/__initial__/181/xtal_1.cif,-37.083317,-33.70811
xtal_12.cif,./U3Si5/__initial__/181/xtal_12.cif,14.329899,-56.45795
xtal_14.cif,./U3Si5/__initial__/181/xtal_14.cif,19.099358,-54.85115
xtal_15.cif,./U3Si5/__initial__/181/xtal_15.cif,60.29463,-4.9186244
xtal_16.cif,./U3Si5/__initial__/181/xtal_16.cif,46.08972,-37.60914
xtal_17.cif,./U3Si5/__initial__/181/xtal_17.cif,-36.216797,-5.8057055
xtal_18.cif,./U3Si5/__initial__/181/xtal_18.cif,-60.17717,20.712276
xtal_19.cif,./U3Si5/__initial__/181/xtal_19.cif,-45.868572,28.460533
xtal_21.cif,./U3Si5/__initial__/181/xtal_21.cif,41.483906,-39.99043
xtal_22.cif,./U3Si5/__initial__/181/xtal_22.cif,22.463327,-61.452152
xtal_23.cif,./U3Si5/__initial__/181/xtal_23.cif,43.957577,-62.68733
xtal_24.cif,./U3Si5/__initial__/181/xtal_24.cif,-16.474146,-71.16562
xtal_28.cif,./U3Si5/__initial__/181/xtal_28.cif,12.328857,59.17401
xtal_3.cif,./U3Si5/__initial__/181/xtal_3.cif,-37.645435,48.912964
xtal_31.cif,./U3Si5/__initial__/181/xtal_31.cif,-25.671272,18.326984
xtal_33.cif,./U3Si5/__initial__/181/xtal_33.cif,-34.672688,48.220898
xtal_35.cif,./U3Si5/__initial__/181/xtal_35.cif,43.930557,-53.85217
xtal_38.cif,./U3Si5/__initial__/181/xtal_38.cif,45.796936,-72.298256
xtal_4.cif,./U3Si5/__initial__/181/xtal_4.cif,-1.8983116,95.89858
xtal_40.cif,./U3Si5/__initial__/181/xtal_40.cif,60.62514,-57.83263
xtal_41.cif,./U3Si5/181/xtal_41.cif,-59.80073,-35.064022
xtal_42.cif,./U3Si5/__initial__/181/xtal_42.cif,-68.3863,31.36187
xtal_44.cif,./U3Si5/__initial__/181/xtal_44.cif,63.22722,47.240444
xtal_45.cif,./U3Si5/__initial__/181/xtal_45.cif,53.28606,-88.28425
xtal_46.cif,./U3Si5/__initial__/181/xtal_46.cif,-35.700447,-46.59752
xtal_49.cif,./U3Si5/__initial__/181/xtal_49.cif,-30.048693,-59.075966
xtal_50.cif,./U3Si5/__initial__/181/xtal_50.cif,29.138,-39.893017
xtal_51.cif,./U3Si5/__initial__/181/xtal_51.cif,-51.09522,22.891432
xtal_54.cif,./U3Si5/__initial__/181/xtal_54.cif,-63.46953,-64.44231
xtal_55.cif,./U3Si5/__initial__/181/xtal_55.cif,5.550175,-55.368126
xtal_57.cif,./U3Si5/__initial__/181/xtal_57.cif,-12.027357,-47.024715
xtal_58.cif,./U3Si5/__initial__/181/xtal_58.cif,-35.3951,64.55693
xtal_6.cif,./U3Si5/__initial__/181/xtal_6.cif,-1.0761862,98.44557
xtal_60.cif,./U3Si5/__initial__/181/xtal_60.cif,-22.294716,89.082726
xtal_62.cif,./U3Si5/__initial__/181/xtal_62.cif,8.400752,-98.91732
xtal_66.cif,./U3Si5/__initial__/181/xtal_66.cif,-12.13146,-46.35979
xtal_68.cif,./U3Si5/181/xtal_68.cif,-1.9146475,5.139302
xtal_69.cif,./U3Si5/__initial__/181/xtal_69.cif,-30.352587,-80.571815
xtal_70.cif,./U3Si5/__initial__/181/xtal_70.cif,-9.953421,12.845811
xtal_73.cif,./U3Si5/__initial__/181/xtal_73.cif,34.077694,-36.294804
xtal_74.cif,./U3Si5/__initial__/181/xtal_74.cif,10.039761,-55.027687
xtal_76.cif,./U3Si5/__initial__/181/xtal_76.cif,50.680668,-3.3875854
xtal_77.cif,./U3Si5/__initial__/181/xtal_77.cif,-65.03003,-51.767643
xtal_78.cif,./U3Si5/__initial__/181/xtal_78.cif,43.148968,-13.318752
xtal_79.cif,./U3Si5/__initial__/181/xtal_79.cif,-40.84365,51.346752
xtal_80.cif,./U3Si5/__initial__/181/xtal_80.cif,-31.581724,-37.61072
xtal_82.cif,./U3Si5/__initial__/181/xtal_82.cif,-41.60616,42.499664
xtal_83.cif,./U3Si5/__initial__/181/xtal_83.cif,56.798603,-5.124685
xtal_84.cif,./U3Si5/__initial__/181/xtal_84.cif,107.097595,-15.036718
xtal_91.cif,./U3Si5/__initial__/181/xtal_91.cif,16.963709,-97.56715
xtal_92.cif,./U3Si5/__initial__/181/xtal_92.cif,-6.131763,-85.633255
xtal_93.cif,./U3Si5/__initial__/181/xtal_93.cif,-39.304985,49.914333
xtal_94.cif,./U3Si5/__initial__/181/xtal_94.cif,-62.74702,-52.774654
xtal_95.cif,./U3Si5/__initial__/181/xtal_95.cif,3.7798128,86.99455
xtal_97.cif,./U3Si5/__initial__/181/xtal_97.cif,-40.092846,52.51724
xtal_98.cif,./U3Si5/__initial__/181/xtal_98.cif,70.97524,3.612082
xtal_99.cif,./U3Si5/__initial__/181/xtal_99.cif,59.040234,-60.373104
xtal_1.cif,./U3Si5/__initial__/182/xtal_1.cif,-13.562603,55.179684
xtal_10.cif,./U3Si5/__initial__/182/xtal_10.cif,94.7184,-24.409077
xtal_100.cif,./U3Si5/__initial__/182/xtal_100.cif,56.70852,-5.3593163
xtal_11.cif,./U3Si5/__initial__/182/xtal_11.cif,-56.500435,15.635355
xtal_14.cif,./U3Si5/__initial__/182/xtal_14.cif,95.04729,26.19761
xtal_16.cif,./U3Si5/__initial__/182/xtal_16.cif,80.68958,48.481117
xtal_17.cif,./U3Si5/__initial__/182/xtal_17.cif,-51.739296,5.4246764
xtal_18.cif,./U3Si5/__initial__/182/xtal_18.cif,73.529205,-5.7917047
xtal_19.cif,./U3Si5/182/xtal_19.cif,-5.383017,111.50757
xtal_21.cif,./U3Si5/__initial__/182/xtal_21.cif,-17.888166,89.205864
xtal_23.cif,./U3Si5/__initial__/182/xtal_23.cif,-61.38059,36.489876
xtal_24.cif,./U3Si5/__initial__/182/xtal_24.cif,62.073547,26.510983
xtal_26.cif,./U3Si5/__initial__/182/xtal_26.cif,-4.8716984,-53.920536
xtal_27.cif,./U3Si5/__initial__/182/xtal_27.cif,-36.76324,57.644695
xtal_28.cif,./U3Si5/__initial__/182/xtal_28.cif,-42.32301,59.81831
xtal_29.cif,./U3Si5/__initial__/182/xtal_29.cif,71.33558,5.959599
xtal_30.cif,./U3Si5/__initial__/182/xtal_30.cif,71.527626,7.161958
xtal_31.cif,./U3Si5/__initial__/182/xtal_31.cif,-41.9348,-3.4883485
xtal_32.cif,./U3Si5/__initial__/182/xtal_32.cif,59.324432,50.68595
xtal_33.cif,./U3Si5/__initial__/182/xtal_33.cif,-46.727776,-38.367546
xtal_34.cif,./U3Si5/__initial__/182/xtal_34.cif,-35.150753,-92.61598
xtal_35.cif,./U3Si5/__initial__/182/xtal_35.cif,-19.651657,0.43575734
xtal_36.cif,./U3Si5/__initial__/182/xtal_36.cif,-61.713303,-12.362925
xtal_37.cif,./U3Si5/__initial__/182/xtal_37.cif,108.69292,-14.602304
xtal_38.cif,./U3Si5/182/xtal_38.cif,-0.8421218,3.660058
xtal_39.cif,./U3Si5/__initial__/182/xtal_39.cif,69.50501,26.891407
xtal_40.cif,./U3Si5/__initial__/182/xtal_40.cif,-63.413834,36.56713
xtal_41.cif,./U3Si5/__initial__/182/xtal_41.cif,73.667564,44.327843
xtal_42.cif,./U3Si5/__initial__/182/xtal_42.cif,-46.309624,-40.167183
xtal_43.cif,./U3Si5/__initial__/182/xtal_43.cif,-22.338284,-93.741066
xtal_44.cif,./U3Si5/182/xtal_44.cif,-78.41705,51.981655
xtal_45.cif,./U3Si5/__initial__/182/xtal_45.cif,56.389786,-63.196514
xtal_46.cif,./U3Si5/__initial__/182/xtal_46.cif,89.5624,-10.547952
xtal_47.cif,./U3Si5/182/xtal_47.cif,-11.54372,2.2749758
xtal_48.cif,./U3Si5/__initial__/182/xtal_48.cif,14.586198,-98.672104
xtal_49.cif,./U3Si5/__initial__/182/xtal_49.cif,-41.28469,53.674107
xtal_5.cif,./U3Si5/__initial__/182/xtal_5.cif,-17.392302,-48.0903
xtal_51.cif,./U3Si5/__initial__/182/xtal_51.cif,-8.156278,-44.89365
xtal_53.cif,./U3Si5/__initial__/182/xtal_53.cif,68.92457,-82.57879
xtal_54.cif,./U3Si5/__initial__/182/xtal_54.cif,37.912243,-39.38881
xtal_55.cif,./U3Si5/__initial__/182/xtal_55.cif,56.288254,-88.18242
xtal_56.cif,./U3Si5/__initial__/182/xtal_56.cif,17.77461,-68.27929
xtal_57.cif,./U3Si5/__initial__/182/xtal_57.cif,55.617123,-6.693036
xtal_58.cif,./U3Si5/__initial__/182/xtal_58.cif,80.33645,13.226136
xtal_59.cif,./U3Si5/__initial__/182/xtal_59.cif,39.471085,-78.70867
xtal_6.cif,./U3Si5/__initial__/182/xtal_6.cif,-91.76005,-7.8675666
xtal_60.cif,./U3Si5/__initial__/182/xtal_60.cif,68.56203,-34.63451
xtal_61.cif,./U3Si5/__initial__/182/xtal_61.cif,-44.892395,19.325619
xtal_62.cif,./U3Si5/__initial__/182/xtal_62.cif,88.85062,-1.1223977
xtal_63.cif,./U3Si5/__initial__/182/xtal_63.cif,81.428696,-24.275537
xtal_64.cif,./U3Si5/__initial__/182/xtal_64.cif,-48.482582,-17.045864
xtal_65.cif,./U3Si5/__initial__/182/xtal_65.cif,-33.135258,89.122154
xtal_66.cif,./U3Si5/__initial__/182/xtal_66.cif,36.406536,-15.563199
xtal_7.cif,./U3Si5/__initial__/182/xtal_7.cif,112.06504,1.6032706
xtal_70.cif,./U3Si5/__initial__/182/xtal_70.cif,42.82616,-13.374356
xtal_71.cif,./U3Si5/__initial__/182/xtal_71.cif,-9.482312,-46.687786
xtal_72.cif,./U3Si5/182/xtal_72.cif,-50.164204,-50.894417
xtal_73.cif,./U3Si5/__initial__/182/xtal_73.cif,36.80085,-36.15059
xtal_74.cif,./U3Si5/__initial__/182/xtal_74.cif,48.327293,14.91164
xtal_76.cif,./U3Si5/__initial__/182/xtal_76.cif,-98.70442,11.075968
xtal_77.cif,./U3Si5/__initial__/182/xtal_77.cif,53.93178,6.860662
xtal_78.cif,./U3Si5/__initial__/182/xtal_78.cif,57.729836,-26.434523
xtal_8.cif,./U3Si5/__initial__/182/xtal_8.cif,84.09443,-59.4423
xtal_80.cif,./U3Si5/__initial__/182/xtal_80.cif,86.10173,-35.44322
xtal_81.cif,./U3Si5/__initial__/182/xtal_81.cif,-30.07954,-40.641674
xtal_82.cif,./U3Si5/__initial__/182/xtal_82.cif,62.059643,-29.488653
xtal_83.cif,./U3Si5/__initial__/182/xtal_83.cif,-22.991789,-99.632126
xtal_84.cif,./U3Si5/__initial__/182/xtal_84.cif,-34.688942,20.627932
xtal_85.cif,./U3Si5/__initial__/182/xtal_85.cif,52.0602,-51.98773
xtal_88.cif,./U3Si5/__initial__/182/xtal_88.cif,-19.876465,-38.667362
xtal_9.cif,./U3Si5/__initial__/182/xtal_9.cif,-91.46839,14.217671
xtal_90.cif,./U3Si5/__initial__/182/xtal_90.cif,78.68165,57.581623
xtal_91.cif,./U3Si5/__initial__/182/xtal_91.cif,94.47578,69.901535
xtal_92.cif,./U3Si5/__initial__/182/xtal_92.cif,1.2745559,-55.45059
xtal_93.cif,./U3Si5/__initial__/182/xtal_93.cif,50.391758,-92.61663
xtal_94.cif,./U3Si5/__initial__/182/xtal_94.cif,58.507195,-80.629906
xtal_96.cif,./U3Si5/__initial__/182/xtal_96.cif,22.20085,-76.07062
xtal_98.cif,./U3Si5/__initial__/182/xtal_98.cif,-3.611842,19.714823
xtal_1.cif,./U3Si5/__initial__/183/xtal_1.cif,24.36393,64.60612
xtal_10.cif,./U3Si5/__initial__/183/xtal_10.cif,9.96976,19.651281
xtal_100.cif,./U3Si5/__initial__/183/xtal_100.cif,19.205505,-48.677204
xtal_11.cif,./U3Si5/__initial__/183/xtal_11.cif,30.00069,74.058365
xtal_12.cif,./U3Si5/__initial__/183/xtal_12.cif,39.72264,97.59912
xtal_13.cif,./U3Si5/__initial__/183/xtal_13.cif,-48.716824,-9.953887
xtal_14.cif,./U3Si5/__initial__/183/xtal_14.cif,29.95258,91.78926
xtal_15.cif,./U3Si5/__initial__/183/xtal_15.cif,34.784607,-10.295113
xtal_16.cif,./U3Si5/__initial__/183/xtal_16.cif,81.90764,53.521984
xtal_17.cif,./U3Si5/__initial__/183/xtal_17.cif,37.798122,98.29995
xtal_18.cif,./U3Si5/__initial__/183/xtal_18.cif,-6.168305,4.261273
xtal_19.cif,./U3Si5/__initial__/183/xtal_19.cif,-33.26711,-34.915646
xtal_2.cif,./U3Si5/__initial__/183/xtal_2.cif,43.456253,19.387743
xtal_20.cif,./U3Si5/183/xtal_20.cif,-1.3690779,5.896357
xtal_21.cif,./U3Si5/__initial__/183/xtal_21.cif,42.76449,89.35213
xtal_22.cif,./U3Si5/__initial__/183/xtal_22.cif,34.18153,85.526405
xtal_23.cif,./U3Si5/__initial__/183/xtal_23.cif,33.659912,91.44584
xtal_24.cif,./U3Si5/__initial__/183/xtal_24.cif,38.566914,88.986984
xtal_25.cif,./U3Si5/__initial__/183/xtal_25.cif,21.982845,25.627968
xtal_27.cif,./U3Si5/__initial__/183/xtal_27.cif,42.635357,76.97757
xtal_28.cif,./U3Si5/__initial__/183/xtal_28.cif,73.22294,-65.45564
xtal_29.cif,./U3Si5/__initial__/183/xtal_29.cif,47.78176,75.779175
xtal_3.cif,./U3Si5/__initial__/183/xtal_3.cif,39.974014,74.41107
xtal_30.cif,./U3Si5/183/xtal_30.cif,16.20069,23.697012
xtal_31.cif,./U3Si5/__initial__/183/xtal_31.cif,46.521416,83.39798
xtal_38.cif,./U3Si5/__initial__/183/xtal_38.cif,35.002037,97.93428
xtal_39.cif,./U3Si5/__initial__/183/xtal_39.cif,30.740128,91.83303
xtal_4.cif,./U3Si5/__initial__/183/xtal_4.cif,0.83664346,7.9852967
xtal_41.cif,./U3Si5/__initial__/183/xtal_41.cif,69.4245,51.3808
xtal_43.cif,./U3Si5/__initial__/183/xtal_43.cif,-61.237225,72.50136
xtal_44.cif,./U3Si5/__initial__/183/xtal_44.cif,73.33126,42.308594
xtal_45.cif,./U3Si5/__initial__/183/xtal_45.cif,28.734436,-41.818844
xtal_46.cif,./U3Si5/183/xtal_46.cif,-35.969868,100.33828
xtal_48.cif,./U3Si5/__initial__/183/xtal_48.cif,45.391098,-61.751995
xtal_49.cif,./U3Si5/__initial__/183/xtal_49.cif,82.01411,-1.7583934
xtal_5.cif,./U3Si5/__initial__/183/xtal_5.cif,25.975399,75.00631
xtal_50.cif,./U3Si5/__initial__/183/xtal_50.cif,0.17539464,16.078302
xtal_51.cif,./U3Si5/__initial__/183/xtal_51.cif,28.2484,60.225426
xtal_52.cif,./U3Si5/__initial__/183/xtal_52.cif,20.8956,71.51008
xtal_53.cif,./U3Si5/__initial__/183/xtal_53.cif,37.28648,75.91208
xtal_55.cif,./U3Si5/__initial__/183/xtal_55.cif,27.773167,82.87295
xtal_56.cif,./U3Si5/__initial__/183/xtal_56.cif,38.13733,73.66861
xtal_57.cif,./U3Si5/__initial__/183/xtal_57.cif,25.70688,28.787966
xtal_58.cif,./U3Si5/183/xtal_58.cif,-81.836975,40.320904
xtal_6.cif,./U3Si5/__initial__/183/xtal_6.cif,32.943115,19.566526
xtal_60.cif,./U3Si5/__initial__/183/xtal_60.cif,51.890038,-46.498318
xtal_61.cif,./U3Si5/__initial__/183/xtal_61.cif,48.903446,-7.465246
xtal_65.cif,./U3Si5/183/xtal_65.cif,-67.21016,-36.53498
xtal_66.cif,./U3Si5/183/xtal_66.cif,-104.652245,-5.001759
xtal_67.cif,./U3Si5/__initial__/183/xtal_67.cif,27.734375,84.58302
xtal_68.cif,./U3Si5/__initial__/183/xtal_68.cif,39.39037,97.78215
xtal_69.cif,./U3Si5/__initial__/183/xtal_69.cif,58.689915,61.626686
xtal_7.cif,./U3Si5/__initial__/183/xtal_7.cif,16.666256,24.477303
xtal_71.cif,./U3Si5/__initial__/183/xtal_71.cif,10.687672,69.01911
xtal_72.cif,./U3Si5/__initial__/183/xtal_72.cif,-6.084766,26.312538
xtal_73.cif,./U3Si5/__initial__/183/xtal_73.cif,-9.113468,94.666
xtal_75.cif,./U3Si5/__initial__/183/xtal_75.cif,-42.89927,40.55331
xtal_76.cif,./U3Si5/__initial__/183/xtal_76.cif,48.67049,57.015327
xtal_78.cif,./U3Si5/183/xtal_78.cif,-82.06997,-6.8561096
xtal_79.cif,./U3Si5/__initial__/183/xtal_79.cif,-75.17296,-12.387773
xtal_8.cif,./U3Si5/183/xtal_8.cif,29.74832,-39.445736
xtal_80.cif,./U3Si5/__initial__/183/xtal_80.cif,55.672108,78.67771
xtal_81.cif,./U3Si5/__initial__/183/xtal_81.cif,51.146343,1.1689683
xtal_82.cif,./U3Si5/__initial__/183/xtal_82.cif,-7.4529104,-0.24671601
xtal_84.cif,./U3Si5/183/xtal_84.cif,25.332882,-38.247654
xtal_86.cif,./U3Si5/__initial__/183/xtal_86.cif,22.660044,82.988304
xtal_88.cif,./U3Si5/__initial__/183/xtal_88.cif,30.772425,92.07435
xtal_9.cif,./U3Si5/__initial__/183/xtal_9.cif,13.622062,25.229977
xtal_90.cif,./U3Si5/__initial__/183/xtal_90.cif,62.224373,-1.0365698
xtal_91.cif,./U3Si5/__initial__/183/xtal_91.cif,45.00602,-12.476458
xtal_92.cif,./U3Si5/183/xtal_92.cif,-28.801477,114.78774
xtal_94.cif,./U3Si5/__initial__/183/xtal_94.cif,-43.23233,0.21386614
xtal_95.cif,./U3Si5/__initial__/183/xtal_95.cif,28.266092,91.22905
xtal_96.cif,./U3Si5/__initial__/183/xtal_96.cif,-45.309757,-34.22455
xtal_97.cif,./U3Si5/__initial__/183/xtal_97.cif,98.28586,-39.852745
xtal_98.cif,./U3Si5/__initial__/183/xtal_98.cif,46.019363,74.90757
xtal_99.cif,./U3Si5/__initial__/183/xtal_99.cif,5.45934,-35.79953
xtal_100.cif,./U3Si5/__initial__/184/xtal_100.cif,110.11061,12.906199
xtal_11.cif,./U3Si5/__initial__/184/xtal_11.cif,42.69918,28.053728
xtal_13.cif,./U3Si5/__initial__/184/xtal_13.cif,69.67444,23.733442
xtal_19.cif,./U3Si5/__initial__/184/xtal_19.cif,17.605368,46.42684
xtal_20.cif,./U3Si5/__initial__/184/xtal_20.cif,44.77895,-45.963947
xtal_21.cif,./U3Si5/__initial__/184/xtal_21.cif,33.828083,-58.245686
xtal_25.cif,./U3Si5/__initial__/184/xtal_25.cif,48.21224,57.530445
xtal_28.cif,./U3Si5/__initial__/184/xtal_28.cif,43.54629,97.3622
xtal_29.cif,./U3Si5/__initial__/184/xtal_29.cif,44.193367,-46.20043
xtal_3.cif,./U3Si5/__initial__/184/xtal_3.cif,-13.177415,25.289885
xtal_34.cif,./U3Si5/__initial__/184/xtal_34.cif,62.45447,28.404446
xtal_35.cif,./U3Si5/__initial__/184/xtal_35.cif,24.996805,43.994396
xtal_37.cif,./U3Si5/__initial__/184/xtal_37.cif,0.70753604,72.08627
xtal_39.cif,./U3Si5/__initial__/184/xtal_39.cif,107.90984,34.78154
xtal_41.cif,./U3Si5/__initial__/184/xtal_41.cif,42.184475,36.64622
xtal_42.cif,./U3Si5/__initial__/184/xtal_42.cif,-5.155141,77.08911
xtal_43.cif,./U3Si5/__initial__/184/xtal_43.cif,3.947248,89.79392
xtal_44.cif,./U3Si5/__initial__/184/xtal_44.cif,51.40435,20.018564
xtal_45.cif,./U3Si5/__initial__/184/xtal_45.cif,100.21814,23.508966
xtal_46.cif,./U3Si5/__initial__/184/xtal_46.cif,-17.066792,54.459312
xtal_47.cif,./U3Si5/__initial__/184/xtal_47.cif,44.822865,77.6689
xtal_49.cif,./U3Si5/__initial__/184/xtal_49.cif,-26.032343,69.77412
xtal_5.cif,./U3Si5/__initial__/184/xtal_5.cif,-19.806839,32.027813
xtal_50.cif,./U3Si5/__initial__/184/xtal_50.cif,-59.061264,2.7452707
xtal_54.cif,./U3Si5/__initial__/184/xtal_54.cif,74.47363,-44.740356
xtal_55.cif,./U3Si5/__initial__/184/xtal_55.cif,61.80711,65.24112
xtal_58.cif,./U3Si5/__initial__/184/xtal_58.cif,42.77787,-20.455883
xtal_6.cif,./U3Si5/__initial__/184/xtal_6.cif,6.6497173,39.520786
xtal_61.cif,./U3Si5/__initial__/184/xtal_61.cif,44.352474,48.253532
xtal_63.cif,./U3Si5/__initial__/184/xtal_63.cif,32.609886,86.46289
xtal_69.cif,./U3Si5/__initial__/184/xtal_69.cif,99.44995,-9.092246
xtal_7.cif,./U3Si5/__initial__/184/xtal_7.cif,27.702927,82.703285
xtal_70.cif,./U3Si5/__initial__/184/xtal_70.cif,51.692616,76.7056
xtal_71.cif,./U3Si5/__initial__/184/xtal_71.cif,42.04275,30.992487
xtal_73.cif,./U3Si5/__initial__/184/xtal_73.cif,60.01981,79.07343
xtal_75.cif,./U3Si5/__initial__/184/xtal_75.cif,-20.572723,42.62612
xtal_76.cif,./U3Si5/__initial__/184/xtal_76.cif,42.369415,76.640396
xtal_78.cif,./U3Si5/__initial__/184/xtal_78.cif,57.02397,68.91695
xtal_79.cif,./U3Si5/__initial__/184/xtal_79.cif,31.227644,38.299088
xtal_8.cif,./U3Si5/__initial__/184/xtal_8.cif,15.503132,51.050728
xtal_81.cif,./U3Si5/__initial__/184/xtal_81.cif,42.334248,37.053673
xtal_82.cif,./U3Si5/__initial__/184/xtal_82.cif,-45.85887,-2.4281821
xtal_85.cif,./U3Si5/__initial__/184/xtal_85.cif,50.228424,81.541824
xtal_86.cif,./U3Si5/__initial__/184/xtal_86.cif,53.86911,79.460045
xtal_88.cif,./U3Si5/__initial__/184/xtal_88.cif,89.12718,-36.573
xtal_89.cif,./U3Si5/__initial__/184/xtal_89.cif,3.2449074,26.852161
xtal_9.cif,./U3Si5/__initial__/184/xtal_9.cif,89.87595,12.198462
xtal_91.cif,./U3Si5/__initial__/184/xtal_91.cif,-52.715076,64.07978
xtal_92.cif,./U3Si5/__initial__/184/xtal_92.cif,56.147343,75.74668
xtal_94.cif,./U3Si5/__initial__/184/xtal_94.cif,74.67421,-34.80992
xtal_95.cif,./U3Si5/__initial__/184/xtal_95.cif,36.5577,85.83762
xtal_98.cif,./U3Si5/__initial__/184/xtal_98.cif,-7.4160924,91.866234
xtal_10.cif,./U3Si5/__initial__/185/xtal_10.cif,10.156447,19.134155
xtal_100.cif,./U3Si5/185/xtal_100.cif,-52.114063,74.252014
xtal_11.cif,./U3Si5/__initial__/185/xtal_11.cif,-43.565144,-3.1868932
xtal_12.cif,./U3Si5/__initial__/185/xtal_12.cif,10.373952,62.949497
xtal_13.cif,./U3Si5/__initial__/185/xtal_13.cif,43.095802,75.90008
xtal_15.cif,./U3Si5/__initial__/185/xtal_15.cif,19.06392,23.771385
xtal_16.cif,./U3Si5/__initial__/185/xtal_16.cif,68.6119,-53.13925
xtal_19.cif,./U3Si5/__initial__/185/xtal_19.cif,42.55077,76.61247
xtal_2.cif,./U3Si5/__initial__/185/xtal_2.cif,52.93242,83.55493
xtal_23.cif,./U3Si5/__initial__/185/xtal_23.cif,37.194176,90.182755
xtal_24.cif,./U3Si5/__initial__/185/xtal_24.cif,29.909685,84.20354
xtal_25.cif,./U3Si5/__initial__/185/xtal_25.cif,81.318146,48.76439
xtal_26.cif,./U3Si5/__initial__/185/xtal_26.cif,11.710633,17.39617
xtal_29.cif,./U3Si5/__initial__/185/xtal_29.cif,61.559803,63.00972
xtal_30.cif,./U3Si5/__initial__/185/xtal_30.cif,48.329536,43.912796
xtal_31.cif,./U3Si5/__initial__/185/xtal_31.cif,-5.3335204,15.336587
xtal_36.cif,./U3Si5/__initial__/185/xtal_36.cif,27.062473,56.70425
xtal_39.cif,./U3Si5/__initial__/185/xtal_39.cif,69.22297,9.168768
xtal_4.cif,./U3Si5/__initial__/185/xtal_4.cif,-20.644188,4.42187
xtal_41.cif,./U3Si5/__initial__/185/xtal_41.cif,28.53726,87.8485
xtal_42.cif,./U3Si5/__initial__/185/xtal_42.cif,5.1988406,39.04162
xtal_44.cif,./U3Si5/__initial__/185/xtal_44.cif,76.24878,10.72862
xtal_46.cif,./U3Si5/__initial__/185/xtal_46.cif,21.616295,31.728632
xtal_47.cif,./U3Si5/__initial__/185/xtal_47.cif,5.014047,17.751076
xtal_5.cif,./U3Si5/__initial__/185/xtal_5.cif,25.772758,86.27618
xtal_50.cif,./U3Si5/__initial__/185/xtal_50.cif,33.655754,3.167928
xtal_52.cif,./U3Si5/__initial__/185/xtal_52.cif,86.845215,59.683292
xtal_55.cif,./U3Si5/185/xtal_55.cif,-6.56072,-22.591557
xtal_57.cif,./U3Si5/__initial__/185/xtal_57.cif,46.848663,94.941246
xtal_60.cif,./U3Si5/__initial__/185/xtal_60.cif,34.147446,7.1231875
xtal_61.cif,./U3Si5/__initial__/185/xtal_61.cif,42.169056,77.91135
xtal_62.cif,./U3Si5/__initial__/185/xtal_62.cif,71.373,-12.096221
xtal_63.cif,./U3Si5/__initial__/185/xtal_63.cif,59.903122,79.227325
xtal_64.cif,./U3Si5/__initial__/185/xtal_64.cif,-41.813637,45.25295
xtal_65.cif,./U3Si5/__initial__/185/xtal_65.cif,42.387318,40.55638
xtal_66.cif,./U3Si5/__initial__/185/xtal_66.cif,6.036361,14.75087
xtal_68.cif,./U3Si5/__initial__/185/xtal_68.cif,41.296577,100.0782
xtal_69.cif,./U3Si5/__initial__/185/xtal_69.cif,43.918495,97.856544
xtal_70.cif,./U3Si5/__initial__/185/xtal_70.cif,28.095839,-39.78388
xtal_71.cif,./U3Si5/__initial__/185/xtal_71.cif,30.911367,44.63712
xtal_72.cif,./U3Si5/__initial__/185/xtal_72.cif,34.67218,97.49751
xtal_73.cif,./U3Si5/__initial__/185/xtal_73.cif,51.46019,77.375595
xtal_75.cif,./U3Si5/__initial__/185/xtal_75.cif,49.87982,82.3178
xtal_76.cif,./U3Si5/__initial__/185/xtal_76.cif,-44.920048,19.309702
xtal_77.cif,./U3Si5/__initial__/185/xtal_77.cif,26.991133,27.538046
xtal_78.cif,./U3Si5/__initial__/185/xtal_78.cif,26.257685,-1.3497775
xtal_79.cif,./U3Si5/__initial__/185/xtal_79.cif,5.3366523,42.322247
xtal_84.cif,./U3Si5/__initial__/185/xtal_84.cif,-38.713745,-60.028957
xtal_86.cif,./U3Si5/__initial__/185/xtal_86.cif,45.04225,35.622543
xtal_87.cif,./U3Si5/__initial__/185/xtal_87.cif,19.116657,70.138275
xtal_88.cif,./U3Si5/__initial__/185/xtal_88.cif,-6.354596,14.922336
xtal_89.cif,./U3Si5/__initial__/185/xtal_89.cif,-63.21883,41.45704
xtal_9.cif,./U3Si5/__initial__/185/xtal_9.cif,26.655083,79.32276
xtal_92.cif,./U3Si5/__initial__/185/xtal_92.cif,28.886387,-16.28044
xtal_93.cif,./U3Si5/__initial__/185/xtal_93.cif,26.23272,48.75836
xtal_95.cif,./U3Si5/__initial__/185/xtal_95.cif,60.858208,58.906662
xtal_96.cif,./U3Si5/__initial__/185/xtal_96.cif,10.703767,62.55802
xtal_98.cif,./U3Si5/__initial__/185/xtal_98.cif,26.337763,31.802822
xtal_1.cif,./U3Si5/__initial__/186/xtal_1.cif,30.789259,56.683018
xtal_10.cif,./U3Si5/__initial__/186/xtal_10.cif,44.36692,97.98488
xtal_11.cif,./U3Si5/__initial__/186/xtal_11.cif,-19.00562,33.523262
xtal_14.cif,./U3Si5/__initial__/186/xtal_14.cif,82.61485,40.401764
xtal_15.cif,./U3Si5/__initial__/186/xtal_15.cif,44.35154,88.86119
xtal_16.cif,./U3Si5/__initial__/186/xtal_16.cif,52.5252,83.72927
xtal_19.cif,./U3Si5/__initial__/186/xtal_19.cif,20.058266,-72.06622
xtal_22.cif,./U3Si5/__initial__/186/xtal_22.cif,38.213398,-33.76686
xtal_23.cif,./U3Si5/186/xtal_23.cif,24.495737,34.913082
xtal_24.cif,./U3Si5/__initial__/186/xtal_24.cif,20.796278,5.92941
xtal_25.cif,./U3Si5/__initial__/186/xtal_25.cif,10.560397,59.77549
xtal_28.cif,./U3Si5/__initial__/186/xtal_28.cif,-16.601961,0.95300925
xtal_29.cif,./U3Si5/__initial__/186/xtal_29.cif,-48.679474,5.3472977
xtal_3.cif,./U3Si5/__initial__/186/xtal_3.cif,63.393894,-6.710265
xtal_30.cif,./U3Si5/__initial__/186/xtal_30.cif,29.490438,40.06244
xtal_32.cif,./U3Si5/__initial__/186/xtal_32.cif,48.22975,21.817986
xtal_33.cif,./U3Si5/__initial__/186/xtal_33.cif,7.1659985,41.291462
xtal_36.cif,./U3Si5/__initial__/186/xtal_36.cif,24.84693,-45.830074
xtal_37.cif,./U3Si5/__initial__/186/xtal_37.cif,51.685715,73.98567
xtal_38.cif,./U3Si5/__initial__/186/xtal_38.cif,-34.35374,-36.50264
xtal_39.cif,./U3Si5/__initial__/186/xtal_39.cif,69.99228,-0.35074508
xtal_4.cif,./U3Si5/__initial__/186/xtal_4.cif,-23.776756,65.620186
xtal_40.cif,./U3Si5/__initial__/186/xtal_40.cif,86.58888,8.4548435
xtal_42.cif,./U3Si5/__initial__/186/xtal_42.cif,54.776886,-26.856022
xtal_43.cif,./U3Si5/__initial__/186/xtal_43.cif,-32.609543,-39.022003
xtal_44.cif,./U3Si5/__initial__/186/xtal_44.cif,-5.935563,13.096304
xtal_45.cif,./U3Si5/__initial__/186/xtal_45.cif,10.6165905,-79.47375
xtal_46.cif,./U3Si5/__initial__/186/xtal_46.cif,36.366653,-66.08253
xtal_47.cif,./U3Si5/__initial__/186/xtal_47.cif,-5.439211,70.71335
xtal_48.cif,./U3Si5/__initial__/186/xtal_48.cif,41.88817,-32.80681
xtal_49.cif,./U3Si5/__initial__/186/xtal_49.cif,-60.524292,34.0688
xtal_5.cif,./U3Si5/__initial__/186/xtal_5.cif,39.60174,59.59577
xtal_50.cif,./U3Si5/186/xtal_50.cif,-86.33278,-11.176914
xtal_51.cif,./U3Si5/__initial__/186/xtal_51.cif,72.98613,-67.04416
xtal_52.cif,./U3Si5/__initial__/186/xtal_52.cif,43.65308,34.78416
xtal_53.cif,./U3Si5/__initial__/186/xtal_53.cif,-37.076996,70.52431
xtal_56.cif,./U3Si5/__initial__/186/xtal_56.cif,80.61423,-65.28727
xtal_57.cif,./U3Si5/__initial__/186/xtal_57.cif,26.73676,80.093124
xtal_58.cif,./U3Si5/__initial__/186/xtal_58.cif,-23.132278,15.194402
xtal_59.cif,./U3Si5/__initial__/186/xtal_59.cif,43.29282,5.599019
xtal_6.cif,./U3Si5/__initial__/186/xtal_6.cif,54.69978,-60.050602
xtal_60.cif,./U3Si5/186/xtal_60.cif,-80.17459,65.28268
xtal_61.cif,./U3Si5/__initial__/186/xtal_61.cif,20.14809,37.836292
xtal_62.cif,./U3Si5/__initial__/186/xtal_62.cif,-10.16175,-44.051548
xtal_65.cif,./U3Si5/__initial__/186/xtal_65.cif,17.411985,89.358955
xtal_66.cif,./U3Si5/186/xtal_66.cif,5.4545374,106.84438
xtal_67.cif,./U3Si5/__initial__/186/xtal_67.cif,-21.03354,92.87438
xtal_7.cif,./U3Si5/__initial__/186/xtal_7.cif,-40.574677,-32.263702
xtal_73.cif,./U3Si5/__initial__/186/xtal_73.cif,-58.964275,-15.241781
xtal_75.cif,./U3Si5/__initial__/186/xtal_75.cif,45.42216,-27.066814
xtal_76.cif,./U3Si5/__initial__/186/xtal_76.cif,-39.27363,-21.077877
xtal_77.cif,./U3Si5/__initial__/186/xtal_77.cif,37.91597,-102.6538
xtal_78.cif,./U3Si5/__initial__/186/xtal_78.cif,-0.75561136,30.35984
xtal_79.cif,./U3Si5/__initial__/186/xtal_79.cif,95.07031,-5.0576553
xtal_8.cif,./U3Si5/__initial__/186/xtal_8.cif,23.74157,-38.803978
xtal_80.cif,./U3Si5/__initial__/186/xtal_80.cif,67.923485,-84.44932
xtal_82.cif,./U3Si5/__initial__/186/xtal_82.cif,19.972208,16.162369
xtal_83.cif,./U3Si5/__initial__/186/xtal_83.cif,-49.480106,65.060234
xtal_84.cif,./U3Si5/186/xtal_84.cif,-69.21765,41.347412
xtal_85.cif,./U3Si5/__initial__/186/xtal_85.cif,43.857296,1.883453
xtal_86.cif,./U3Si5/__initial__/186/xtal_86.cif,49.125576,79.9451
xtal_87.cif,./U3Si5/__initial__/186/xtal_87.cif,41.816177,93.62614
xtal_88.cif,./U3Si5/__initial__/186/xtal_88.cif,42.05207,97.62703
xtal_89.cif,./U3Si5/__initial__/186/xtal_89.cif,6.9358115,12.496807
xtal_90.cif,./U3Si5/186/xtal_90.cif,-0.9721762,108.221565
xtal_91.cif,./U3Si5/__initial__/186/xtal_91.cif,57.91,-86.02148
xtal_92.cif,./U3Si5/__initial__/186/xtal_92.cif,80.25457,56.632305
xtal_93.cif,./U3Si5/__initial__/186/xtal_93.cif,-29.90826,86.15401
xtal_94.cif,./U3Si5/__initial__/186/xtal_94.cif,-14.086824,90.70531
xtal_95.cif,./U3Si5/__initial__/186/xtal_95.cif,41.84404,62.498295
xtal_97.cif,./U3Si5/__initial__/186/xtal_97.cif,-36.008305,6.349639
xtal_98.cif,./U3Si5/__initial__/186/xtal_98.cif,94.838806,-33.416367
xtal_10.cif,./U3Si5/__initial__/187/xtal_10.cif,62.395554,-85.14099
xtal_11.cif,./U3Si5/__initial__/187/xtal_11.cif,31.498821,27.740114
xtal_12.cif,./U3Si5/__initial__/187/xtal_12.cif,104.069756,-19.827055
xtal_14.cif,./U3Si5/187/xtal_14.cif,-9.562781,-10.204608
xtal_17.cif,./U3Si5/__initial__/187/xtal_17.cif,41.876713,42.255283
xtal_18.cif,./U3Si5/__initial__/187/xtal_18.cif,70.06995,59.105614
xtal_19.cif,./U3Si5/__initial__/187/xtal_19.cif,-7.4754486,83.09388
xtal_2.cif,./U3Si5/__initial__/187/xtal_2.cif,48.65371,-4.42013
xtal_20.cif,./U3Si5/__initial__/187/xtal_20.cif,95.70508,58.870182
xtal_21.cif,./U3Si5/__initial__/187/xtal_21.cif,70.043625,9.848779
xtal_22.cif,./U3Si5/187/xtal_22.cif,61.497993,49.763237
xtal_24.cif,./U3Si5/__initial__/187/xtal_24.cif,-81.032,-42.231224
xtal_25.cif,./U3Si5/__initial__/187/xtal_25.cif,88.96811,9.93926
xtal_28.cif,./U3Si5/__initial__/187/xtal_28.cif,65.79538,51.26804
xtal_29.cif,./U3Si5/__initial__/187/xtal_29.cif,1.218106,37.78658
xtal_30.cif,./U3Si5/__initial__/187/xtal_30.cif,9.923701,88.29927
xtal_32.cif,./U3Si5/187/xtal_32.cif,-60.762337,103.46553
xtal_34.cif,./U3Si5/__initial__/187/xtal_34.cif,3.66284,50.035767
xtal_35.cif,./U3Si5/__initial__/187/xtal_35.cif,32.377544,53.994495
xtal_37.cif,./U3Si5/__initial__/187/xtal_37.cif,42.520096,61.10547
xtal_4.cif,./U3Si5/__initial__/187/xtal_4.cif,62.673096,61.02441
xtal_40.cif,./U3Si5/__initial__/187/xtal_40.cif,62.586338,18.05663
xtal_41.cif,./U3Si5/187/xtal_41.cif,-18.157375,57.52084
xtal_43.cif,./U3Si5/__initial__/187/xtal_43.cif,64.03371,-26.405493
xtal_44.cif,./U3Si5/187/xtal_44.cif,27.421965,57.499306
xtal_45.cif,./U3Si5/187/xtal_45.cif,8.430288,107.7285
xtal_46.cif,./U3Si5/__initial__/187/xtal_46.cif,-8.831579,90.15546
xtal_47.cif,./U3Si5/__initial__/187/xtal_47.cif,25.266424,54.797924
xtal_48.cif,./U3Si5/__initial__/187/xtal_48.cif,60.092484,-4.9323874
xtal_5.cif,./U3Si5/__initial__/187/xtal_5.cif,-44.48209,-71.08162
xtal_51.cif,./U3Si5/__initial__/187/xtal_51.cif,4.068903,64.73114
xtal_53.cif,./U3Si5/__initial__/187/xtal_53.cif,62.43509,45.098816
xtal_57.cif,./U3Si5/__initial__/187/xtal_57.cif,43.028492,17.27359
xtal_59.cif,./U3Si5/__initial__/187/xtal_59.cif,101.32326,-14.778418
xtal_60.cif,./U3Si5/__initial__/187/xtal_60.cif,-57.35962,-38.885166
xtal_62.cif,./U3Si5/__initial__/187/xtal_62.cif,64.532364,-10.170775
xtal_64.cif,./U3Si5/__initial__/187/xtal_64.cif,28.50103,-5.3824124
xtal_65.cif,./U3Si5/__initial__/187/xtal_65.cif,-4.174868,14.193733
xtal_66.cif,./U3Si5/187/xtal_66.cif,20.99175,-34.676567
xtal_69.cif,./U3Si5/__initial__/187/xtal_69.cif,36.93725,32.88632
xtal_70.cif,./U3Si5/__initial__/187/xtal_70.cif,109.04568,18.890865
xtal_71.cif,./U3Si5/__initial__/187/xtal_71.cif,-87.59074,12.300609
xtal_73.cif,./U3Si5/__initial__/187/xtal_73.cif,-7.0383296,94.645615
xtal_76.cif,./U3Si5/__initial__/187/xtal_76.cif,0.63223344,28.411787
xtal_79.cif,./U3Si5/__initial__/187/xtal_79.cif,96.153496,17.224447
xtal_80.cif,./U3Si5/__initial__/187/xtal_80.cif,-1.7782845,87.86674
xtal_81.cif,./U3Si5/__initial__/187/xtal_81.cif,83.29422,8.277761
xtal_83.cif,./U3Si5/__initial__/187/xtal_83.cif,42.78135,52.470478
xtal_84.cif,./U3Si5/__initial__/187/xtal_84.cif,40.70736,37.971493
xtal_85.cif,./U3Si5/__initial__/187/xtal_85.cif,72.55807,3.9203951
xtal_87.cif,./U3Si5/__initial__/187/xtal_87.cif,32.21361,-42.608208
xtal_88.cif,./U3Si5/__initial__/187/xtal_88.cif,17.580793,41.784714
xtal_90.cif,./U3Si5/187/xtal_90.cif,-84.043884,-6.441115
xtal_91.cif,./U3Si5/__initial__/187/xtal_91.cif,1.4036703,47.080875
xtal_92.cif,./U3Si5/__initial__/187/xtal_92.cif,45.98412,-8.40313
xtal_94.cif,./U3Si5/__initial__/187/xtal_94.cif,33.163292,4.120607
xtal_95.cif,./U3Si5/__initial__/187/xtal_95.cif,41.403316,47.738735
xtal_96.cif,./U3Si5/__initial__/187/xtal_96.cif,31.06704,-20.793394
xtal_97.cif,./U3Si5/__initial__/187/xtal_97.cif,-11.968672,82.78997
xtal_99.cif,./U3Si5/__initial__/187/xtal_99.cif,-26.647873,39.116528
xtal_100.cif,./U3Si5/188/xtal_100.cif,-14.268836,7.594538
xtal_11.cif,./U3Si5/__initial__/188/xtal_11.cif,-18.95273,37.921185
xtal_12.cif,./U3Si5/__initial__/188/xtal_12.cif,-71.33747,56.52456
xtal_13.cif,./U3Si5/188/xtal_13.cif,1.2399483,-73.09052
xtal_14.cif,./U3Si5/__initial__/188/xtal_14.cif,17.483477,4.6031613
xtal_16.cif,./U3Si5/__initial__/188/xtal_16.cif,79.085106,39.334976
xtal_17.cif,./U3Si5/188/xtal_17.cif,-7.543954,-22.293344
xtal_19.cif,./U3Si5/__initial__/188/xtal_19.cif,96.363396,-9.3777485
xtal_2.cif,./U3Si5/__initial__/188/xtal_2.cif,-63.881783,13.350084
xtal_20.cif,./U3Si5/__initial__/188/xtal_20.cif,45.9633,54.19252
xtal_21.cif,./U3Si5/__initial__/188/xtal_21.cif,-22.22745,36.318775
xtal_22.cif,./U3Si5/__initial__/188/xtal_22.cif,53.19596,62.17363
xtal_24.cif,./U3Si5/__initial__/188/xtal_24.cif,47.63455,64.7996
xtal_25.cif,./U3Si5/__initial__/188/xtal_25.cif,21.617199,16.156132
xtal_26.cif,./U3Si5/__initial__/188/xtal_26.cif,26.382536,-15.348337
xtal_27.cif,./U3Si5/__initial__/188/xtal_27.cif,81.66136,29.733122
xtal_28.cif,./U3Si5/__initial__/188/xtal_28.cif,48.565517,6.987687
xtal_29.cif,./U3Si5/__initial__/188/xtal_29.cif,97.0082,17.033924
xtal_3.cif,./U3Si5/__initial__/188/xtal_3.cif,23.29314,29.061598
xtal_30.cif,./U3Si5/__initial__/188/xtal_30.cif,53.936104,69.99358
xtal_31.cif,./U3Si5/__initial__/188/xtal_31.cif,6.0162477,69.51658
xtal_32.cif,./U3Si5/__initial__/188/xtal_32.cif,74.130646,-54.440735
xtal_33.cif,./U3Si5/__initial__/188/xtal_33.cif,51.921726,-87.71914
xtal_34.cif,./U3Si5/__initial__/188/xtal_34.cif,-21.633049,39.14812
xtal_35.cif,./U3Si5/__initial__/188/xtal_35.cif,84.576195,59.85457
xtal_36.cif,./U3Si5/188/xtal_36.cif,18.16715,36.964832
xtal_37.cif,./U3Si5/__initial__/188/xtal_37.cif,27.893341,35.094833
xtal_39.cif,./U3Si5/__initial__/188/xtal_39.cif,14.780524,-22.031624
xtal_4.cif,./U3Si5/__initial__/188/xtal_4.cif,-18.436766,85.64122
xtal_40.cif,./U3Si5/__initial__/188/xtal_40.cif,38.01774,50.890556
xtal_41.cif,./U3Si5/__initial__/188/xtal_41.cif,57.48139,24.440088
xtal_43.cif,./U3Si5/__initial__/188/xtal_43.cif,46.36697,56.12601
xtal_44.cif,./U3Si5/188/xtal_44.cif,-82.52467,-9.327576
xtal_45.cif,./U3Si5/__initial__/188/xtal_45.cif,29.27967,59.902565
xtal_46.cif,./U3Si5/__initial__/188/xtal_46.cif,24.000307,-5.651915
xtal_47.cif,./U3Si5/__initial__/188/xtal_47.cif,39.24424,28.01361
xtal_48.cif,./U3Si5/__initial__/188/xtal_48.cif,0.43404847,-14.058723
xtal_5.cif,./U3Si5/__initial__/188/xtal_5.cif,40.3249,28.945843
xtal_50.cif,./U3Si5/__initial__/188/xtal_50.cif,-45.530273,-32.68574
xtal_51.cif,./U3Si5/__initial__/188/xtal_51.cif,-34.033848,55.888607
xtal_52.cif,./U3Si5/__initial__/188/xtal_52.cif,-57.397934,-25.080614
xtal_53.cif,./U3Si5/__initial__/188/xtal_53.cif,60.654564,79.031685
xtal_55.cif,./U3Si5/__initial__/188/xtal_55.cif,-30.2607,90.46263
xtal_57.cif,./U3Si5/__initial__/188/xtal_57.cif,89.17195,55.651955
xtal_58.cif,./U3Si5/__initial__/188/xtal_58.cif,-35.90393,-38.6376
xtal_59.cif,./U3Si5/__initial__/188/xtal_59.cif,53.223557,62.028004
xtal_6.cif,./U3Si5/__initial__/188/xtal_6.cif,66.13125,-20.697405
xtal_60.cif,./U3Si5/__initial__/188/xtal_60.cif,83.13976,8.4973135
xtal_61.cif,./U3Si5/__initial__/188/xtal_61.cif,45.63282,35.70794
xtal_62.cif,./U3Si5/__initial__/188/xtal_62.cif,81.81812,-65.893776
xtal_63.cif,./U3Si5/__initial__/188/xtal_63.cif,77.509056,-76.34192
xtal_64.cif,./U3Si5/__initial__/188/xtal_64.cif,88.07282,1.0737145
xtal_65.cif,./U3Si5/__initial__/188/xtal_65.cif,29.94748,59.90036
xtal_66.cif,./U3Si5/__initial__/188/xtal_66.cif,73.07677,9.226936
xtal_67.cif,./U3Si5/__initial__/188/xtal_67.cif,62.398403,19.686518
xtal_68.cif,./U3Si5/__initial__/188/xtal_68.cif,51.414326,64.87262
xtal_69.cif,./U3Si5/__initial__/188/xtal_69.cif,-72.92634,54.3107
xtal_7.cif,./U3Si5/__initial__/188/xtal_7.cif,-24.01182,43.48613
xtal_70.cif,./U3Si5/__initial__/188/xtal_70.cif,81.18863,47.48304
xtal_71.cif,./U3Si5/__initial__/188/xtal_71.cif,48.15553,57.7288
xtal_74.cif,./U3Si5/__initial__/188/xtal_74.cif,-64.6001,14.538776
xtal_75.cif,./U3Si5/__initial__/188/xtal_75.cif,-62.15873,77.16699
xtal_76.cif,./U3Si5/__initial__/188/xtal_76.cif,34.78702,54.759438
xtal_77.cif,./U3Si5/__initial__/188/xtal_77.cif,103.14754,21.111864
xtal_78.cif,./U3Si5/__initial__/188/xtal_78.cif,58.516674,-30.662193
xtal_79.cif,./U3Si5/__initial__/188/xtal_79.cif,42.029854,1.0376892
xtal_8.cif,./U3Si5/__initial__/188/xtal_8.cif,93.385735,65.88617
xtal_80.cif,./U3Si5/__initial__/188/xtal_80.cif,71.15837,-11.708851
xtal_81.cif,./U3Si5/188/xtal_81.cif,-79.48924,-1.8776435
xtal_82.cif,./U3Si5/__initial__/188/xtal_82.cif,88.258965,-30.67925
xtal_83.cif,./U3Si5/__initial__/188/xtal_83.cif,-64.17026,27.926762
xtal_84.cif,./U3Si5/__initial__/188/xtal_84.cif,46.53609,40.858765
xtal_85.cif,./U3Si5/__initial__/188/xtal_85.cif,-10.2086525,-24.724257
xtal_88.cif,./U3Si5/__initial__/188/xtal_88.cif,0.55103797,87.68784
xtal_89.cif,./U3Si5/__initial__/188/xtal_89.cif,76.6396,-37.921684
xtal_90.cif,./U3Si5/__initial__/188/xtal_90.cif,112.020546,0.82962304
xtal_92.cif,./U3Si5/__initial__/188/xtal_92.cif,45.058212,55.125515
xtal_95.cif,./U3Si5/__initial__/188/xtal_95.cif,-68.66663,75.28489
xtal_96.cif,./U3Si5/__initial__/188/xtal_96.cif,26.66142,-8.160728
xtal_97.cif,./U3Si5/__initial__/188/xtal_97.cif,94.10961,-2.320309
xtal_98.cif,./U3Si5/__initial__/188/xtal_98.cif,-51.095005,30.836609
xtal_99.cif,./U3Si5/__initial__/188/xtal_99.cif,-13.716651,-94.83093
xtal_1.cif,./U3Si5/__initial__/189/xtal_1.cif,31.30183,-50.560772
xtal_10.cif,./U3Si5/__initial__/189/xtal_10.cif,-21.355762,-70.30947
xtal_100.cif,./U3Si5/__initial__/189/xtal_100.cif,82.2812,56.497414
xtal_11.cif,./U3Si5/__initial__/189/xtal_11.cif,-56.34292,34.29558
xtal_12.cif,./U3Si5/__initial__/189/xtal_12.cif,47.465477,-26.649363
xtal_14.cif,./U3Si5/__initial__/189/xtal_14.cif,36.798046,49.384888
xtal_16.cif,./U3Si5/__initial__/189/xtal_16.cif,84.30184,-31.61199
xtal_17.cif,./U3Si5/189/xtal_17.cif,36.232483,33.108795
xtal_18.cif,./U3Si5/__initial__/189/xtal_18.cif,97.5624,31.4289
xtal_19.cif,./U3Si5/__initial__/189/xtal_19.cif,-10.486788,98.21569
xtal_2.cif,./U3Si5/__initial__/189/xtal_2.cif,9.208761,44.58169
xtal_20.cif,./U3Si5/__initial__/189/xtal_20.cif,57.942726,6.723284
xtal_21.cif,./U3Si5/__initial__/189/xtal_21.cif,54.93937,-17.949898
xtal_22.cif,./U3Si5/__initial__/189/xtal_22.cif,65.79381,-23.12053
xtal_23.cif,./U3Si5/__initial__/189/xtal_23.cif,26.32349,-3.7663767
xtal_24.cif,./U3Si5/__initial__/189/xtal_24.cif,46.089935,62.873924
xtal_25.cif,./U3Si5/__initial__/189/xtal_25.cif,-86.61683,7.1241007
xtal_26.cif,./U3Si5/__initial__/189/xtal_26.cif,73.70093,-74.19284
xtal_28.cif,./U3Si5/__initial__/189/xtal_28.cif,37.061527,49.016068
xtal_29.cif,./U3Si5/__initial__/189/xtal_29.cif,87.72607,44.166855
xtal_30.cif,./U3Si5/__initial__/189/xtal_30.cif,49.907936,-40.19833
xtal_31.cif,./U3Si5/__initial__/189/xtal_31.cif,4.2728457,-38.603405
xtal_32.cif,./U3Si5/__initial__/189/xtal_32.cif,46.583122,19.56746
xtal_33.cif,./U3Si5/__initial__/189/xtal_33.cif,-38.6566,34.086136
xtal_34.cif,./U3Si5/__initial__/189/xtal_34.cif,59.226128,-18.876877
xtal_35.cif,./U3Si5/__initial__/189/xtal_35.cif,-44.820503,1.939918
xtal_36.cif,./U3Si5/__initial__/189/xtal_36.cif,96.522545,20.245447
xtal_37.cif,./U3Si5/__initial__/189/xtal_37.cif,68.512665,5.8984227
xtal_38.cif,./U3Si5/__initial__/189/xtal_38.cif,-29.113209,107.3482
xtal_39.cif,./U3Si5/__initial__/189/xtal_39.cif,84.94001,50.778004
xtal_4.cif,./U3Si5/__initial__/189/xtal_4.cif,-64.1019,27.417543
xtal_40.cif,./U3Si5/__initial__/189/xtal_40.cif,38.9402,-35.013634
xtal_41.cif,./U3Si5/__initial__/189/xtal_41.cif,-17.64357,-19.883148
xtal_42.cif,./U3Si5/189/xtal_42.cif,-0.8196428,4.30847
xtal_44.cif,./U3Si5/__initial__/189/xtal_44.cif,-29.4736,-80.24947
xtal_45.cif,./U3Si5/189/xtal_45.cif,-22.83116,106.7387
xtal_46.cif,./U3Si5/__initial__/189/xtal_46.cif,103.33253,3.9757843
xtal_47.cif,./U3Si5/__initial__/189/xtal_47.cif,34.822807,45.901405
xtal_48.cif,./U3Si5/__initial__/189/xtal_48.cif,48.443966,17.957333
xtal_49.cif,./U3Si5/__initial__/189/xtal_49.cif,6.8638625,-86.79623
xtal_5.cif,./U3Si5/189/xtal_5.cif,-87.38231,24.016665
xtal_50.cif,./U3Si5/__initial__/189/xtal_50.cif,-74.41471,-29.576935
xtal_52.cif,./U3Si5/189/xtal_52.cif,48.304283,-11.735778
xtal_53.cif,./U3Si5/__initial__/189/xtal_53.cif,69.99799,-68.17714
xtal_54.cif,./U3Si5/__initial__/189/xtal_54.cif,-35.82104,97.81893
xtal_55.cif,./U3Si5/__initial__/189/xtal_55.cif,-35.281666,49.005127
xtal_56.cif,./U3Si5/__initial__/189/xtal_56.cif,26.484556,16.805607
xtal_57.cif,./U3Si5/__initial__/189/xtal_57.cif,3.0836122,44.841255
xtal_58.cif,./U3Si5/__initial__/189/xtal_58.cif,75.582085,58.83821
xtal_59.cif,./U3Si5/__initial__/189/xtal_59.cif,-29.94637,36.13717
xtal_6.cif,./U3Si5/__initial__/189/xtal_6.cif,23.016598,-13.232873
xtal_60.cif,./U3Si5/__initial__/189/xtal_60.cif,90.244064,57.484764
xtal_61.cif,./U3Si5/__initial__/189/xtal_61.cif,72.95772,11.997501
xtal_62.cif,./U3Si5/__initial__/189/xtal_62.cif,9.685503,28.528791
xtal_63.cif,./U3Si5/__initial__/189/xtal_63.cif,30.8033,47.87276
xtal_64.cif,./U3Si5/189/xtal_64.cif,-75.92912,71.440216
xtal_65.cif,./U3Si5/__initial__/189/xtal_65.cif,95.38429,73.265915
xtal_66.cif,./U3Si5/189/xtal_66.cif,4.8458767,107.64048
xtal_67.cif,./U3Si5/__initial__/189/xtal_67.cif,50.55969,-80.518616
xtal_68.cif,./U3Si5/__initial__/189/xtal_68.cif,33.21605,-16.95377
xtal_69.cif,./U3Si5/__initial__/189/xtal_69.cif,-10.571347,98.25108
xtal_7.cif,./U3Si5/__initial__/189/xtal_7.cif,12.781968,-11.936036
xtal_70.cif,./U3Si5/__initial__/189/xtal_70.cif,-28.060198,93.05143
xtal_71.cif,./U3Si5/__initial__/189/xtal_71.cif,18.170454,-101.40209
xtal_72.cif,./U3Si5/__initial__/189/xtal_72.cif,-34.215347,41.879696
xtal_75.cif,./U3Si5/__initial__/189/xtal_75.cif,26.450354,-73.528435
xtal_76.cif,./U3Si5/__initial__/189/xtal_76.cif,-61.010593,-12.04744
xtal_77.cif,./U3Si5/__initial__/189/xtal_77.cif,-2.181913,-18.758028
xtal_78.cif,./U3Si5/__initial__/189/xtal_78.cif,-19.096724,-7.074848
xtal_79.cif,./U3Si5/__initial__/189/xtal_79.cif,11.718007,65.814445
xtal_8.cif,./U3Si5/__initial__/189/xtal_8.cif,-33.438637,-39.796124
xtal_80.cif,./U3Si5/__initial__/189/xtal_80.cif,53.836876,19.332096
xtal_81.cif,./U3Si5/__initial__/189/xtal_81.cif,2.1156437,96.601524
xtal_82.cif,./U3Si5/__initial__/189/xtal_82.cif,-61.591362,16.879732
xtal_83.cif,./U3Si5/__initial__/189/xtal_83.cif,96.887886,56.408062
xtal_84.cif,./U3Si5/__initial__/189/xtal_84.cif,31.308887,-10.877845
xtal_85.cif,./U3Si5/__initial__/189/xtal_85.cif,23.456388,43.23562
xtal_87.cif,./U3Si5/189/xtal_87.cif,-58.759182,-30.72646
xtal_88.cif,./U3Si5/__initial__/189/xtal_88.cif,94.97993,65.09433
xtal_9.cif,./U3Si5/__initial__/189/xtal_9.cif,70.97212,21.428026
xtal_90.cif,./U3Si5/__initial__/189/xtal_90.cif,-41.177464,96.97335
xtal_91.cif,./U3Si5/__initial__/189/xtal_91.cif,10.343307,78.333244
xtal_92.cif,./U3Si5/__initial__/189/xtal_92.cif,31.814163,23.60953
xtal_93.cif,./U3Si5/__initial__/189/xtal_93.cif,85.56507,25.959446
xtal_94.cif,./U3Si5/__initial__/189/xtal_94.cif,59.172462,-18.853033
xtal_95.cif,./U3Si5/__initial__/189/xtal_95.cif,88.96508,8.090327
xtal_96.cif,./U3Si5/__initial__/189/xtal_96.cif,-29.483759,93.174644
xtal_97.cif,./U3Si5/__initial__/189/xtal_97.cif,98.648254,43.278534
xtal_98.cif,./U3Si5/__initial__/189/xtal_98.cif,94.34306,46.19229
xtal_1.cif,./U3Si5/__initial__/190/xtal_1.cif,-16.558992,4.0083375
xtal_10.cif,./U3Si5/__initial__/190/xtal_10.cif,2.0657818,86.781586
xtal_100.cif,./U3Si5/__initial__/190/xtal_100.cif,60.385677,-21.29122
xtal_11.cif,./U3Si5/__initial__/190/xtal_11.cif,7.4076366,93.60752
xtal_12.cif,./U3Si5/190/xtal_12.cif,-58.324993,-32.974197
xtal_13.cif,./U3Si5/__initial__/190/xtal_13.cif,-4.7426248,-94.8516
xtal_14.cif,./U3Si5/__initial__/190/xtal_14.cif,-7.555782,77.315796
xtal_15.cif,./U3Si5/__initial__/190/xtal_15.cif,-23.020649,2.846828
xtal_16.cif,./U3Si5/__initial__/190/xtal_16.cif,88.609634,-11.93732
xtal_17.cif,./U3Si5/__initial__/190/xtal_17.cif,86.080734,-23.723892
xtal_18.cif,./U3Si5/__initial__/190/xtal_18.cif,38.39059,-54.650856
xtal_19.cif,./U3Si5/__initial__/190/xtal_19.cif,-2.9112573,-18.113272
xtal_2.cif,./U3Si5/__initial__/190/xtal_2.cif,69.96814,-63.460194
xtal_20.cif,./U3Si5/__initial__/190/xtal_20.cif,-14.597699,-27.13074
xtal_21.cif,./U3Si5/__initial__/190/xtal_21.cif,-90.64897,29.526861
xtal_22.cif,./U3Si5/__initial__/190/xtal_22.cif,18.307487,-16.170408
xtal_23.cif,./U3Si5/__initial__/190/xtal_23.cif,6.4443817,-84.72655
xtal_24.cif,./U3Si5/__initial__/190/xtal_24.cif,-28.662874,10.366751
xtal_25.cif,./U3Si5/__initial__/190/xtal_25.cif,56.56182,-27.354029
xtal_26.cif,./U3Si5/190/xtal_26.cif,-83.58433,-5.9327316
xtal_27.cif,./U3Si5/__initial__/190/xtal_27.cif,-20.543318,-64.01023
xtal_28.cif,./U3Si5/__initial__/190/xtal_28.cif,-65.54935,42.150085
xtal_29.cif,./U3Si5/__initial__/190/xtal_29.cif,58.492695,-26.479193
xtal_3.cif,./U3Si5/__initial__/190/xtal_3.cif,53.934196,66.624374
xtal_30.cif,./U3Si5/__initial__/190/xtal_30.cif,105.80324,-37.410275
xtal_31.cif,./U3Si5/__initial__/190/xtal_31.cif,53.912598,69.06154
xtal_32.cif,./U3Si5/__initial__/190/xtal_32.cif,-7.3906374,42.877502
xtal_33.cif,./U3Si5/__initial__/190/xtal_33.cif,17.980803,-69.37245
xtal_34.cif,./U3Si5/__initial__/190/xtal_34.cif,28.167068,-56.559998
xtal_35.cif,./U3Si5/__initial__/190/xtal_35.cif,17.697126,46.39897
xtal_36.cif,./U3Si5/__initial__/190/xtal_36.cif,93.33764,59.3887
xtal_37.cif,./U3Si5/__initial__/190/xtal_37.cif,-16.885214,-70.70207
xtal_38.cif,./U3Si5/__initial__/190/xtal_38.cif,49.231365,17.929996
xtal_39.cif,./U3Si5/__initial__/190/xtal_39.cif,60.93486,17.49048
xtal_4.cif,./U3Si5/__initial__/190/xtal_4.cif,30.05556,-7.0803566
xtal_40.cif,./U3Si5/__initial__/190/xtal_40.cif,6.975563,42.989582
xtal_41.cif,./U3Si5/__initial__/190/xtal_41.cif,49.648533,70.14321
xtal_42.cif,./U3Si5/__initial__/190/xtal_42.cif,-47.374638,35.616043
xtal_43.cif,./U3Si5/__initial__/190/xtal_43.cif,-19.309113,-24.898993
xtal_44.cif,./U3Si5/__initial__/190/xtal_44.cif,22.13355,9.793442
xtal_45.cif,./U3Si5/__initial__/190/xtal_45.cif,49.543106,-52.08873
xtal_46.cif,./U3Si5/__initial__/190/xtal_46.cif,79.29874,39.37956
xtal_47.cif,./U3Si5/__initial__/190/xtal_47.cif,-11.5777,-70.592865
xtal_48.cif,./U3Si5/__initial__/190/xtal_48.cif,-16.376158,-102.361115
xtal_49.cif,./U3Si5/__initial__/190/xtal_49.cif,76.43038,-67.54717
xtal_5.cif,./U3Si5/__initial__/190/xtal_5.cif,74.70589,8.423058
xtal_50.cif,./U3Si5/__initial__/190/xtal_50.cif,42.23488,60.53681
xtal_51.cif,./U3Si5/__initial__/190/xtal_51.cif,-40.347404,14.851709
xtal_52.cif,./U3Si5/__initial__/190/xtal_52.cif,43.352283,54.47462
xtal_53.cif,./U3Si5/__initial__/190/xtal_53.cif,42.431717,38.96711
xtal_54.cif,./U3Si5/__initial__/190/xtal_54.cif,-5.202802,67.589035
xtal_55.cif,./U3Si5/190/xtal_55.cif,-81.26577,-33.581127
xtal_56.cif,./U3Si5/__initial__/190/xtal_56.cif,-38.09669,-75.81797
xtal_57.cif,./U3Si5/__initial__/190/xtal_57.cif,42.495255,-56.21056
xtal_58.cif,./U3Si5/__initial__/190/xtal_58.cif,94.42077,62.986908
xtal_59.cif,./U3Si5/__initial__/190/xtal_59.cif,17.307535,-65.25182
xtal_6.cif,./U3Si5/__initial__/190/xtal_6.cif,63.548748,-24.09909
xtal_60.cif,./U3Si5/190/xtal_60.cif,-75.47414,62.42889
xtal_61.cif,./U3Si5/__initial__/190/xtal_61.cif,-29.04376,21.30387
xtal_62.cif,./U3Si5/__initial__/190/xtal_62.cif,-107.27563,10.002729
xtal_63.cif,./U3Si5/__initial__/190/xtal_63.cif,-82.85954,55.340637
xtal_64.cif,./U3Si5/__initial__/190/xtal_64.cif,-15.276298,57.830154
xtal_65.cif,./U3Si5/__initial__/190/xtal_65.cif,54.45629,69.77052
xtal_66.cif,./U3Si5/__initial__/190/xtal_66.cif,92.25344,-65.59996
xtal_67.cif,./U3Si5/__initial__/190/xtal_67.cif,-7.6815095,-55.169952
xtal_68.cif,./U3Si5/__initial__/190/xtal_68.cif,-44.107132,20.67406
xtal_69.cif,./U3Si5/__initial__/190/xtal_69.cif,-71.90802,10.029273
xtal_7.cif,./U3Si5/__initial__/190/xtal_7.cif,-55.98931,-53.374428
xtal_70.cif,./U3Si5/__initial__/190/xtal_70.cif,-69.691216,-13.697822
xtal_71.cif,./U3Si5/__initial__/190/xtal_71.cif,58.565155,30.146431
xtal_72.cif,./U3Si5/__initial__/190/xtal_72.cif,85.790474,5.1692038
xtal_73.cif,./U3Si5/190/xtal_73.cif,-14.288448,29.329687
xtal_74.cif,./U3Si5/__initial__/190/xtal_74.cif,6.2239237,-60.092293
xtal_75.cif,./U3Si5/190/xtal_75.cif,-37.03556,-9.817944
xtal_76.cif,./U3Si5/__initial__/190/xtal_76.cif,-53.806126,-19.271744
xtal_77.cif,./U3Si5/__initial__/190/xtal_77.cif,42.24025,36.670883
xtal_78.cif,./U3Si5/__initial__/190/xtal_78.cif,47.188442,11.205941
xtal_79.cif,./U3Si5/__initial__/190/xtal_79.cif,17.781973,-17.437334
xtal_8.cif,./U3Si5/__initial__/190/xtal_8.cif,94.889824,-22.44835
xtal_80.cif,./U3Si5/__initial__/190/xtal_80.cif,30.915884,21.580608
xtal_81.cif,./U3Si5/__initial__/190/xtal_81.cif,42.852837,-88.26744
xtal_82.cif,./U3Si5/__initial__/190/xtal_82.cif,78.31166,-40.300217
xtal_83.cif,./U3Si5/__initial__/190/xtal_83.cif,43.90248,54.556084
xtal_84.cif,./U3Si5/__initial__/190/xtal_84.cif,29.531166,-0.120628916
xtal_85.cif,./U3Si5/__initial__/190/xtal_85.cif,71.74487,-69.62293
xtal_86.cif,./U3Si5/__initial__/190/xtal_86.cif,-32.242233,-91.58381
xtal_87.cif,./U3Si5/__initial__/190/xtal_87.cif,22.035679,-5.515238
xtal_88.cif,./U3Si5/__initial__/190/xtal_88.cif,54.91164,-16.969982
xtal_89.cif,./U3Si5/__initial__/190/xtal_89.cif,31.119207,52.248
xtal_9.cif,./U3Si5/__initial__/190/xtal_9.cif,36.190098,25.801083
xtal_90.cif,./U3Si5/__initial__/190/xtal_90.cif,29.585535,-31.423872
xtal_91.cif,./U3Si5/__initial__/190/xtal_91.cif,38.251602,39.82627
xtal_92.cif,./U3Si5/__initial__/190/xtal_92.cif,-24.712399,-10.087434
xtal_93.cif,./U3Si5/__initial__/190/xtal_93.cif,61.722935,-26.169006
xtal_94.cif,./U3Si5/__initial__/190/xtal_94.cif,-27.43697,78.48444
xtal_95.cif,./U3Si5/__initial__/190/xtal_95.cif,48.72402,-42.403507
xtal_96.cif,./U3Si5/190/xtal_96.cif,-78.658066,-34.899094
xtal_97.cif,./U3Si5/__initial__/190/xtal_97.cif,39.270523,60.406216
xtal_98.cif,./U3Si5/__initial__/190/xtal_98.cif,-16.786343,-58.24373
xtal_99.cif,./U3Si5/__initial__/190/xtal_99.cif,49.585274,-80.53848
xtal_1.cif,./U3Si5/__initial__/191/xtal_1.cif,79.37784,47.504227
xtal_10.cif,./U3Si5/__initial__/191/xtal_10.cif,-62.953766,30.004755
xtal_100.cif,./U3Si5/__initial__/191/xtal_100.cif,59.182636,50.873375
xtal_13.cif,./U3Si5/__initial__/191/xtal_13.cif,60.031136,48.55657
xtal_14.cif,./U3Si5/__initial__/191/xtal_14.cif,13.90377,91.69677
xtal_15.cif,./U3Si5/__initial__/191/xtal_15.cif,47.493248,19.911118
xtal_17.cif,./U3Si5/__initial__/191/xtal_17.cif,47.909077,14.869794
xtal_18.cif,./U3Si5/__initial__/191/xtal_18.cif,-29.626678,-1.1594325
xtal_2.cif,./U3Si5/191/xtal_2.cif,-3.880579,-70.73866
xtal_20.cif,./U3Si5/__initial__/191/xtal_20.cif,60.654453,50.019585
xtal_21.cif,./U3Si5/__initial__/191/xtal_21.cif,105.09338,29.07204
xtal_22.cif,./U3Si5/__initial__/191/xtal_22.cif,57.195717,-10.397757
xtal_23.cif,./U3Si5/__initial__/191/xtal_23.cif,72.35976,7.1959434
xtal_24.cif,./U3Si5/__initial__/191/xtal_24.cif,-10.303858,16.2882
xtal_25.cif,./U3Si5/__initial__/191/xtal_25.cif,-10.615123,81.20375
xtal_26.cif,./U3Si5/__initial__/191/xtal_26.cif,88.76416,11.754832
xtal_28.cif,./U3Si5/__initial__/191/xtal_28.cif,60.987503,-73.61566
xtal_29.cif,./U3Si5/__initial__/191/xtal_29.cif,70.29396,40.288784
xtal_3.cif,./U3Si5/__initial__/191/xtal_3.cif,-46.348774,-40.415264
xtal_30.cif,./U3Si5/__initial__/191/xtal_30.cif,79.89087,-57.03225
xtal_31.cif,./U3Si5/__initial__/191/xtal_31.cif,66.45436,-16.41042
xtal_32.cif,./U3Si5/__initial__/191/xtal_32.cif,68.46284,-77.95421
xtal_33.cif,./U3Si5/__initial__/191/xtal_33.cif,-57.647457,23.077795
xtal_34.cif,./U3Si5/__initial__/191/xtal_34.cif,-13.688196,77.421104
xtal_35.cif,./U3Si5/__initial__/191/xtal_35.cif,-46.90667,-38.470177
xtal_36.cif,./U3Si5/191/xtal_36.cif,-45.258347,6.923845
xtal_37.cif,./U3Si5/__initial__/191/xtal_37.cif,-31.803024,30.329414
xtal_38.cif,./U3Si5/__initial__/191/xtal_38.cif,95.50768,41.329372
xtal_39.cif,./U3Si5/__initial__/191/xtal_39.cif,73.97508,11.427048
xtal_4.cif,./U3Si5/191/xtal_4.cif,-18.486292,70.97678
xtal_40.cif,./U3Si5/__initial__/191/xtal_40.cif,5.9848223,-62.661648
xtal_42.cif,./U3Si5/__initial__/191/xtal_42.cif,-65.429245,31.07441
xtal_43.cif,./U3Si5/191/xtal_43.cif,107.08538,-27.996138
xtal_44.cif,./U3Si5/__initial__/191/xtal_44.cif,48.272728,-31.133364
xtal_46.cif,./U3Si5/__initial__/191/xtal_46.cif,-34.21798,-42.06702
xtal_47.cif,./U3Si5/__initial__/191/xtal_47.cif,65.26044,3.4412277
xtal_48.cif,./U3Si5/191/xtal_48.cif,-39.23723,63.06277
xtal_5.cif,./U3Si5/__initial__/191/xtal_5.cif,-17.538202,61.8577
xtal_50.cif,./U3Si5/191/xtal_50.cif,-80.42438,-2.3390012
xtal_51.cif,./U3Si5/__initial__/191/xtal_51.cif,76.719826,52.569473
xtal_53.cif,./U3Si5/__initial__/191/xtal_53.cif,70.520935,-53.617973
xtal_55.cif,./U3Si5/__initial__/191/xtal_55.cif,94.960655,65.01902
xtal_56.cif,./U3Si5/__initial__/191/xtal_56.cif,87.96234,69.33215
xtal_57.cif,./U3Si5/__initial__/191/xtal_57.cif,73.05896,59.27078
xtal_58.cif,./U3Si5/__initial__/191/xtal_58.cif,28.217508,-39.836185
xtal_59.cif,./U3Si5/__initial__/191/xtal_59.cif,-36.978203,40.680096
xtal_6.cif,./U3Si5/191/xtal_6.cif,55.601467,-0.57924545
xtal_60.cif,./U3Si5/__initial__/191/xtal_60.cif,37.84316,-50.1219
xtal_61.cif,./U3Si5/__initial__/191/xtal_61.cif,75.88573,47.911083
xtal_62.cif,./U3Si5/__initial__/191/xtal_62.cif,-65.46841,65.262115
xtal_64.cif,./U3Si5/__initial__/191/xtal_64.cif,-8.966076,73.209785
xtal_65.cif,./U3Si5/__initial__/191/xtal_65.cif,71.36821,-38.42558
xtal_66.cif,./U3Si5/__initial__/191/xtal_66.cif,20.954746,27.717512
xtal_67.cif,./U3Si5/__initial__/191/xtal_67.cif,64.89084,-28.249786
xtal_68.cif,./U3Si5/__initial__/191/xtal_68.cif,-43.59532,-58.617996
xtal_69.cif,./U3Si5/__initial__/191/xtal_69.cif,103.64555,-6.5976067
xtal_7.cif,./U3Si5/__initial__/191/xtal_7.cif,31.426151,-46.26714
xtal_70.cif,./U3Si5/__initial__/191/xtal_70.cif,-5.7796373,-87.67758
xtal_71.cif,./U3Si5/__initial__/191/xtal_71.cif,105.075806,-32.852367
xtal_72.cif,./U3Si5/__initial__/191/xtal_72.cif,-48.4126,-47.023235
xtal_73.cif,./U3Si5/__initial__/191/xtal_73.cif,80.10927,48.76274
xtal_76.cif,./U3Si5/__initial__/191/xtal_76.cif,-45.965015,83.11112
xtal_77.cif,./U3Si5/__initial__/191/xtal_77.cif,-16.0048,66.70185
xtal_78.cif,./U3Si5/__initial__/191/xtal_78.cif,-62.355984,65.79294
xtal_79.cif,./U3Si5/__initial__/191/xtal_79.cif,-5.2696695,-47.65329
xtal_8.cif,./U3Si5/__initial__/191/xtal_8.cif,82.79184,-43.96113
xtal_80.cif,./U3Si5/191/xtal_80.cif,-57.673603,53.627064
xtal_81.cif,./U3Si5/__initial__/191/xtal_81.cif,66.05229,23.925274
xtal_83.cif,./U3Si5/__initial__/191/xtal_83.cif,-91.98798,20.296104
xtal_84.cif,./U3Si5/__initial__/191/xtal_84.cif,-10.0659485,84.18217
xtal_85.cif,./U3Si5/__initial__/191/xtal_85.cif,104.119064,-13.419505
xtal_87.cif,./U3Si5/__initial__/191/xtal_87.cif,32.554665,-103.613846
xtal_88.cif,./U3Si5/__initial__/191/xtal_88.cif,53.99534,-3.6443582
xtal_89.cif,./U3Si5/191/xtal_89.cif,-73.9817,58.101128
xtal_9.cif,./U3Si5/191/xtal_9.cif,100.37736,22.993235
xtal_90.cif,./U3Si5/__initial__/191/xtal_90.cif,-10.349025,73.60492
xtal_91.cif,./U3Si5/__initial__/191/xtal_91.cif,29.09614,-39.975067
xtal_92.cif,./U3Si5/__initial__/191/xtal_92.cif,-52.18018,-11.005419
xtal_93.cif,./U3Si5/__initial__/191/xtal_93.cif,-16.094246,62.283257
xtal_94.cif,./U3Si5/__initial__/191/xtal_94.cif,-17.368498,-46.11668
xtal_95.cif,./U3Si5/191/xtal_95.cif,-67.38985,-36.517277
xtal_97.cif,./U3Si5/191/xtal_97.cif,-43.853004,-72.58798
xtal_98.cif,./U3Si5/__initial__/191/xtal_98.cif,-27.927298,13.714191
xtal_99.cif,./U3Si5/__initial__/191/xtal_99.cif,-4.8143215,-79.60284
xtal_1.cif,./U3Si5/__initial__/192/xtal_1.cif,-24.784025,4.0877123
xtal_10.cif,./U3Si5/__initial__/192/xtal_10.cif,-20.421938,-39.874718
xtal_100.cif,./U3Si5/__initial__/192/xtal_100.cif,-45.863327,-2.4385679
xtal_11.cif,./U3Si5/__initial__/192/xtal_11.cif,66.79068,31.972006
xtal_12.cif,./U3Si5/__initial__/192/xtal_12.cif,-18.55245,98.27786
xtal_13.cif,./U3Si5/__initial__/192/xtal_13.cif,-25.27344,42.219368
xtal_15.cif,./U3Si5/__initial__/192/xtal_15.cif,-16.81771,54.056053
xtal_16.cif,./U3Si5/__initial__/192/xtal_16.cif,-46.59355,-0.9717689
xtal_18.cif,./U3Si5/__initial__/192/xtal_18.cif,82.395615,-37.757
xtal_19.cif,./U3Si5/__initial__/192/xtal_19.cif,33.456566,-26.709318
xtal_21.cif,./U3Si5/__initial__/192/xtal_21.cif,78.65709,58.07942
xtal_22.cif,./U3Si5/__initial__/192/xtal_22.cif,54.609425,-87.68984
xtal_24.cif,./U3Si5/__initial__/192/xtal_24.cif,-31.083405,11.075963
xtal_26.cif,./U3Si5/__initial__/192/xtal_26.cif,109.37711,-14.817085
xtal_27.cif,./U3Si5/__initial__/192/xtal_27.cif,-1.2007246,90.055084
xtal_28.cif,./U3Si5/__initial__/192/xtal_28.cif,24.985262,-78.62039
xtal_29.cif,./U3Si5/__initial__/192/xtal_29.cif,-45.944626,-1.7233806
xtal_3.cif,./U3Si5/__initial__/192/xtal_3.cif,11.315578,-49.36589
xtal_30.cif,./U3Si5/__initial__/192/xtal_30.cif,43.778233,-46.57273
xtal_34.cif,./U3Si5/__initial__/192/xtal_34.cif,66.99087,23.128345
xtal_35.cif,./U3Si5/__initial__/192/xtal_35.cif,-18.57138,-43.74644
xtal_36.cif,./U3Si5/__initial__/192/xtal_36.cif,113.51988,-12.735428
xtal_38.cif,./U3Si5/__initial__/192/xtal_38.cif,-94.70742,6.1053925
xtal_39.cif,./U3Si5/__initial__/192/xtal_39.cif,-53.00882,-61.861897
xtal_4.cif,./U3Si5/__initial__/192/xtal_4.cif,-37.612385,-77.5472
xtal_40.cif,./U3Si5/__initial__/192/xtal_40.cif,-26.057047,82.79787
xtal_41.cif,./U3Si5/__initial__/192/xtal_41.cif,92.87595,-53.70798
xtal_42.cif,./U3Si5/__initial__/192/xtal_42.cif,47.702557,-16.767647
xtal_43.cif,./U3Si5/__initial__/192/xtal_43.cif,-17.166866,61.60174
xtal_44.cif,./U3Si5/__initial__/192/xtal_44.cif,-20.367441,14.415206
xtal_45.cif,./U3Si5/__initial__/192/xtal_45.cif,-68.926544,-10.256835
xtal_46.cif,./U3Si5/__initial__/192/xtal_46.cif,46.410164,-19.47714
xtal_47.cif,./U3Si5/__initial__/192/xtal_47.cif,80.597984,56.69313
xtal_48.cif,./U3Si5/__initial__/192/xtal_48.cif,52.03914,-70.36287
xtal_5.cif,./U3Si5/__initial__/192/xtal_5.cif,-92.569695,4.1373773
xtal_50.cif,./U3Si5/__initial__/192/xtal_50.cif,-0.31073388,-75.563446
xtal_51.cif,./U3Si5/__initial__/192/xtal_51.cif,34.9367,-18.953243
xtal_52.cif,./U3Si5/__initial__/192/xtal_52.cif,74.87446,-77.4485
xtal_53.cif,./U3Si5/__initial__/192/xtal_53.cif,32.300426,-44.575153
xtal_54.cif,./U3Si5/__initial__/192/xtal_54.cif,51.99404,28.484179
xtal_55.cif,./U3Si5/__initial__/192/xtal_55.cif,-72.473724,-16.073238
xtal_56.cif,./U3Si5/__initial__/192/xtal_56.cif,-62.357265,-10.25222
xtal_57.cif,./U3Si5/__initial__/192/xtal_57.cif,-23.299212,-4.7437954
xtal_58.cif,./U3Si5/__initial__/192/xtal_58.cif,84.28567,-65.35631
xtal_59.cif,./U3Si5/__initial__/192/xtal_59.cif,70.16432,-38.075836
xtal_6.cif,./U3Si5/__initial__/192/xtal_6.cif,-75.52611,-57.006813
xtal_60.cif,./U3Si5/__initial__/192/xtal_60.cif,-18.43212,66.93893
xtal_62.cif,./U3Si5/__initial__/192/xtal_62.cif,6.3110704,91.01327
xtal_63.cif,./U3Si5/__initial__/192/xtal_63.cif,-57.728935,-70.1072
xtal_64.cif,./U3Si5/__initial__/192/xtal_64.cif,-21.2513,41.24335
xtal_65.cif,./U3Si5/__initial__/192/xtal_65.cif,47.979786,-58.694405
xtal_66.cif,./U3Si5/__initial__/192/xtal_66.cif,48.14999,11.000781
xtal_67.cif,./U3Si5/__initial__/192/xtal_67.cif,-34.857327,-75.566826
xtal_68.cif,./U3Si5/__initial__/192/xtal_68.cif,79.68797,-40.348885
xtal_69.cif,./U3Si5/__initial__/192/xtal_69.cif,88.44173,69.68942
xtal_7.cif,./U3Si5/__initial__/192/xtal_7.cif,52.60815,-69.42503
xtal_70.cif,./U3Si5/__initial__/192/xtal_70.cif,-13.231696,-103.67782
xtal_71.cif,./U3Si5/__initial__/192/xtal_71.cif,-38.838085,-24.128963
xtal_72.cif,./U3Si5/__initial__/192/xtal_72.cif,-82.61264,-24.72855
xtal_73.cif,./U3Si5/__initial__/192/xtal_73.cif,0.010330115,-53.68486
xtal_74.cif,./U3Si5/__initial__/192/xtal_74.cif,-51.059746,-50.510483
xtal_75.cif,./U3Si5/__initial__/192/xtal_75.cif,41.03772,-49.838333
xtal_76.cif,./U3Si5/__initial__/192/xtal_76.cif,-90.22258,4.630926
xtal_77.cif,./U3Si5/__initial__/192/xtal_77.cif,-21.604404,81.145775
xtal_78.cif,./U3Si5/__initial__/192/xtal_78.cif,31.418646,-30.908375
xtal_8.cif,./U3Si5/__initial__/192/xtal_8.cif,-40.775154,30.127045
xtal_80.cif,./U3Si5/__initial__/192/xtal_80.cif,73.720695,-46.110252
xtal_81.cif,./U3Si5/__initial__/192/xtal_81.cif,74.30669,-58.48315
xtal_82.cif,./U3Si5/__initial__/192/xtal_82.cif,-73.27953,-17.244284
xtal_83.cif,./U3Si5/__initial__/192/xtal_83.cif,53.151234,28.045223
xtal_84.cif,./U3Si5/__initial__/192/xtal_84.cif,105.323,-11.640141
xtal_85.cif,./U3Si5/__initial__/192/xtal_85.cif,52.03264,6.1039796
xtal_88.cif,./U3Si5/__initial__/192/xtal_88.cif,96.31125,13.182635
xtal_89.cif,./U3Si5/__initial__/192/xtal_89.cif,97.28389,63.73908
xtal_9.cif,./U3Si5/__initial__/192/xtal_9.cif,-64.6604,-16.434652
xtal_90.cif,./U3Si5/__initial__/192/xtal_90.cif,-65.36286,56.944294
xtal_91.cif,./U3Si5/__initial__/192/xtal_91.cif,-25.73031,14.929431
xtal_93.cif,./U3Si5/__initial__/192/xtal_93.cif,52.398872,-47.985508
xtal_94.cif,./U3Si5/__initial__/192/xtal_94.cif,-48.102703,-20.920336
xtal_95.cif,./U3Si5/__initial__/192/xtal_95.cif,-39.121788,-23.570171
xtal_96.cif,./U3Si5/__initial__/192/xtal_96.cif,1.6452199,86.130104
xtal_97.cif,./U3Si5/__initial__/192/xtal_97.cif,93.08961,-10.54298
xtal_98.cif,./U3Si5/__initial__/192/xtal_98.cif,-89.577385,14.390878
xtal_99.cif,./U3Si5/__initial__/192/xtal_99.cif,-70.55733,-25.785692
xtal_10.cif,./U3Si5/__initial__/193/xtal_10.cif,-52.331383,44.234837
xtal_100.cif,./U3Si5/__initial__/193/xtal_100.cif,7.9888496,94.29391
xtal_12.cif,./U3Si5/193/xtal_12.cif,112.25118,1.2555932
xtal_14.cif,./U3Si5/__initial__/193/xtal_14.cif,-43.719208,14.619085
xtal_16.cif,./U3Si5/__initial__/193/xtal_16.cif,22.420519,-71.529
xtal_18.cif,./U3Si5/__initial__/193/xtal_18.cif,87.27648,-58.229897
xtal_20.cif,./U3Si5/__initial__/193/xtal_20.cif,-84.53479,62.802227
xtal_21.cif,./U3Si5/__initial__/193/xtal_21.cif,34.398552,-47.91935
xtal_22.cif,./U3Si5/__initial__/193/xtal_22.cif,43.78201,-46.410137
xtal_24.cif,./U3Si5/__initial__/193/xtal_24.cif,73.35342,6.783745
xtal_26.cif,./U3Si5/__initial__/193/xtal_26.cif,-51.667187,-66.81558
xtal_27.cif,./U3Si5/__initial__/193/xtal_27.cif,40.76285,-58.31691
xtal_28.cif,./U3Si5/__initial__/193/xtal_28.cif,-49.076572,33.25969
xtal_3.cif,./U3Si5/193/xtal_3.cif,-78.899826,23.548286
xtal_30.cif,./U3Si5/__initial__/193/xtal_30.cif,108.97275,-14.498738
xtal_31.cif,./U3Si5/__initial__/193/xtal_31.cif,49.300846,-41.614384
xtal_32.cif,./U3Si5/__initial__/193/xtal_32.cif,-14.773326,65.182884
xtal_33.cif,./U3Si5/__initial__/193/xtal_33.cif,-40.856735,3.9627476
xtal_34.cif,./U3Si5/__initial__/193/xtal_34.cif,-65.77138,-23.015059
xtal_35.cif,./U3Si5/193/xtal_35.cif,-3.496082,-12.257441
xtal_37.cif,./U3Si5/__initial__/193/xtal_37.cif,-19.64496,-37.423454
xtal_38.cif,./U3Si5/__initial__/193/xtal_38.cif,-74.99072,-6.4963546
xtal_40.cif,./U3Si5/193/xtal_40.cif,-10.17225,32.323414
xtal_41.cif,./U3Si5/__initial__/193/xtal_41.cif,105.58897,-30.451477
xtal_42.cif,./U3Si5/193/xtal_42.cif,-35.571587,-8.928698
xtal_45.cif,./U3Si5/__initial__/193/xtal_45.cif,-86.03846,61.62834
xtal_47.cif,./U3Si5/__initial__/193/xtal_47.cif,-21.40904,-57.833042
xtal_48.cif,./U3Si5/__initial__/193/xtal_48.cif,82.76528,-57.98505
xtal_49.cif,./U3Si5/__initial__/193/xtal_49.cif,66.15529,14.143646
xtal_5.cif,./U3Si5/__initial__/193/xtal_5.cif,-21.192812,104.52899
xtal_51.cif,./U3Si5/__initial__/193/xtal_51.cif,-65.10626,-79.33982
xtal_53.cif,./U3Si5/__initial__/193/xtal_53.cif,-27.618006,-49.805973
xtal_55.cif,./U3Si5/__initial__/193/xtal_55.cif,-69.62784,-23.573133
xtal_57.cif,./U3Si5/__initial__/193/xtal_57.cif,-39.127506,-24.00118
xtal_58.cif,./U3Si5/__initial__/193/xtal_58.cif,88.089294,-1.8361629
xtal_6.cif,./U3Si5/__initial__/193/xtal_6.cif,83.69973,3.9476902
xtal_60.cif,./U3Si5/__initial__/193/xtal_60.cif,-37.351204,59.456596
xtal_61.cif,./U3Si5/__initial__/193/xtal_61.cif,81.292366,46.409615
xtal_63.cif,./U3Si5/__initial__/193/xtal_63.cif,104.20331,-8.99737
xtal_64.cif,./U3Si5/__initial__/193/xtal_64.cif,-38.163975,-21.23101
xtal_65.cif,./U3Si5/__initial__/193/xtal_65.cif,-38.43942,-76.2869
xtal_67.cif,./U3Si5/__initial__/193/xtal_67.cif,-45.898933,36.555687
xtal_68.cif,./U3Si5/__initial__/193/xtal_68.cif,56.375122,-59.260178
xtal_70.cif,./U3Si5/__initial__/193/xtal_70.cif,-47.426052,-88.90477
xtal_72.cif,./U3Si5/__initial__/193/xtal_72.cif,-46.862732,-0.50421125
xtal_76.cif,./U3Si5/__initial__/193/xtal_76.cif,-42.23153,-3.3875864
xtal_77.cif,./U3Si5/__initial__/193/xtal_77.cif,90.31632,11.9062805
xtal_78.cif,./U3Si5/__initial__/193/xtal_78.cif,-40.494614,29.409372
xtal_8.cif,./U3Si5/__initial__/193/xtal_8.cif,-96.02612,33.608448
xtal_83.cif,./U3Si5/__initial__/193/xtal_83.cif,-10.511415,-83.2507
xtal_87.cif,./U3Si5/__initial__/193/xtal_87.cif,-39.5073,-23.976454
xtal_88.cif,./U3Si5/__initial__/193/xtal_88.cif,-40.68581,36.82648
xtal_89.cif,./U3Si5/__initial__/193/xtal_89.cif,52.76544,28.203777
xtal_90.cif,./U3Si5/__initial__/193/xtal_90.cif,95.049095,73.50544
xtal_91.cif,./U3Si5/__initial__/193/xtal_91.cif,85.782364,64.7014
xtal_92.cif,./U3Si5/__initial__/193/xtal_92.cif,-66.596504,-12.27773
xtal_93.cif,./U3Si5/193/xtal_93.cif,43.529137,11.925219
xtal_94.cif,./U3Si5/__initial__/193/xtal_94.cif,83.22996,23.045206
xtal_95.cif,./U3Si5/__initial__/193/xtal_95.cif,12.21801,-63.275295
xtal_98.cif,./U3Si5/__initial__/193/xtal_98.cif,-57.179028,-16.98266
xtal_99.cif,./U3Si5/__initial__/193/xtal_99.cif,-28.772568,71.033165
xtal_1.cif,./U3Si5/__initial__/194/xtal_1.cif,-91.09004,41.051136
xtal_100.cif,./U3Si5/__initial__/194/xtal_100.cif,-28.938131,90.543045
xtal_11.cif,./U3Si5/__initial__/194/xtal_11.cif,62.532883,44.143703
xtal_12.cif,./U3Si5/__initial__/194/xtal_12.cif,-33.599525,6.3166347
xtal_13.cif,./U3Si5/__initial__/194/xtal_13.cif,85.06722,26.62065
xtal_14.cif,./U3Si5/__initial__/194/xtal_14.cif,112.344284,-10.465615
xtal_16.cif,./U3Si5/__initial__/194/xtal_16.cif,-16.98028,54.091587
xtal_19.cif,./U3Si5/__initial__/194/xtal_19.cif,-30.969912,-45.148872
xtal_2.cif,./U3Si5/194/xtal_2.cif,16.831343,-37.748478
xtal_21.cif,./U3Si5/__initial__/194/xtal_21.cif,105.231575,-32.933434
xtal_24.cif,./U3Si5/__initial__/194/xtal_24.cif,-40.898773,10.187387
xtal_25.cif,./U3Si5/__initial__/194/xtal_25.cif,59.512363,19.381823
xtal_27.cif,./U3Si5/194/xtal_27.cif,-76.34856,48.6136
xtal_28.cif,./U3Si5/__initial__/194/xtal_28.cif,-55.196606,21.995289
xtal_3.cif,./U3Si5/__initial__/194/xtal_3.cif,106.52319,-28.617146
xtal_30.cif,./U3Si5/__initial__/194/xtal_30.cif,56.968872,-63.150444
xtal_31.cif,./U3Si5/__initial__/194/xtal_31.cif,-44.202377,21.066593
xtal_32.cif,./U3Si5/__initial__/194/xtal_32.cif,-26.202911,54.462143
xtal_34.cif,./U3Si5/__initial__/194/xtal_34.cif,-50.651886,47.44704
xtal_37.cif,./U3Si5/__initial__/194/xtal_37.cif,31.513536,-84.790306
xtal_4.cif,./U3Si5/__initial__/194/xtal_4.cif,-18.87196,95.03169
xtal_40.cif,./U3Si5/__initial__/194/xtal_40.cif,99.968285,-20.325775
xtal_41.cif,./U3Si5/__initial__/194/xtal_41.cif,-57.371033,2.6197338
xtal_43.cif,./U3Si5/__initial__/194/xtal_43.cif,-38.064617,-43.37805
xtal_44.cif,./U3Si5/__initial__/194/xtal_44.cif,-30.455666,-49.72562
xtal_45.cif,./U3Si5/__initial__/194/xtal_45.cif,75.84934,60.147064
xtal_49.cif,./U3Si5/__initial__/194/xtal_49.cif,-17.100813,54.44055
xtal_52.cif,./U3Si5/194/xtal_52.cif,-43.295383,-49.911636
xtal_53.cif,./U3Si5/__initial__/194/xtal_53.cif,68.18625,30.216274
xtal_57.cif,./U3Si5/194/xtal_57.cif,17.930965,-38.105995
xtal_58.cif,./U3Si5/__initial__/194/xtal_58.cif,83.77412,4.655478
xtal_59.cif,./U3Si5/__initial__/194/xtal_59.cif,-88.30321,55.50549
xtal_60.cif,./U3Si5/__initial__/194/xtal_60.cif,53.85343,-46.610023
xtal_61.cif,./U3Si5/__initial__/194/xtal_61.cif,-62.289043,-37.38008
xtal_62.cif,./U3Si5/194/xtal_62.cif,-3.1854894,4.456448
xtal_63.cif,./U3Si5/__initial__/194/xtal_63.cif,40.999832,13.279484
xtal_65.cif,./U3Si5/__initial__/194/xtal_65.cif,-51.89691,25.15965
xtal_66.cif,./U3Si5/__initial__/194/xtal_66.cif,-49.32657,19.405586
xtal_68.cif,./U3Si5/__initial__/194/xtal_68.cif,-38.418617,2.475032
xtal_70.cif,./U3Si5/__initial__/194/xtal_70.cif,-69.7536,-9.118974
xtal_71.cif,./U3Si5/__initial__/194/xtal_71.cif,6.3425903,-60.01111
xtal_72.cif,./U3Si5/__initial__/194/xtal_72.cif,-22.868563,93.547264
xtal_73.cif,./U3Si5/__initial__/194/xtal_73.cif,29.215696,-24.83243
xtal_74.cif,./U3Si5/__initial__/194/xtal_74.cif,-1.0290575,88.66089
xtal_76.cif,./U3Si5/__initial__/194/xtal_76.cif,-23.80844,47.25945
xtal_77.cif,./U3Si5/__initial__/194/xtal_77.cif,-51.80843,30.746618
xtal_79.cif,./U3Si5/194/xtal_79.cif,-10.994826,1.6982433
xtal_82.cif,./U3Si5/__initial__/194/xtal_82.cif,-4.415696,75.38564
xtal_84.cif,./U3Si5/__initial__/194/xtal_84.cif,31.20878,-44.057087
xtal_85.cif,./U3Si5/__initial__/194/xtal_85.cif,51.539127,-22.519087
xtal_88.cif,./U3Si5/__initial__/194/xtal_88.cif,62.640255,45.228294
xtal_89.cif,./U3Si5/__initial__/194/xtal_89.cif,-17.813528,49.344215
xtal_9.cif,./U3Si5/__initial__/194/xtal_9.cif,30.850977,-77.21799
xtal_90.cif,./U3Si5/__initial__/194/xtal_90.cif,77.49352,53.79996
xtal_92.cif,./U3Si5/__initial__/194/xtal_92.cif,81.638336,-61.609177
xtal_93.cif,./U3Si5/__initial__/194/xtal_93.cif,54.557724,-6.714421
xtal_94.cif,./U3Si5/__initial__/194/xtal_94.cif,66.872185,-12.470588
xtal_96.cif,./U3Si5/__initial__/194/xtal_96.cif,-59.878876,-62.603363
xtal_99.cif,./U3Si5/__initial__/194/xtal_99.cif,-27.139174,10.884743
xtal_1.cif,./U3Si5/__initial__/195/xtal_1.cif,-31.546207,-23.626564
xtal_10.cif,./U3Si5/__initial__/195/xtal_10.cif,-35.642582,106.63303
xtal_11.cif,./U3Si5/__initial__/195/xtal_11.cif,-50.283054,94.098595
xtal_12.cif,./U3Si5/__initial__/195/xtal_12.cif,5.350211,-64.93026
xtal_13.cif,./U3Si5/__initial__/195/xtal_13.cif,55.92737,9.005775
xtal_14.cif,./U3Si5/__initial__/195/xtal_14.cif,46.371754,-43.298073
xtal_15.cif,./U3Si5/__initial__/195/xtal_15.cif,-31.787668,-13.250519
xtal_16.cif,./U3Si5/__initial__/195/xtal_16.cif,-16.36023,80.61356
xtal_17.cif,./U3Si5/__initial__/195/xtal_17.cif,60.690254,17.798693
xtal_18.cif,./U3Si5/__initial__/195/xtal_18.cif,-59.485634,55.00561
xtal_19.cif,./U3Si5/__initial__/195/xtal_19.cif,-31.389654,-15.624476
xtal_2.cif,./U3Si5/__initial__/195/xtal_2.cif,96.0028,-52.573235
xtal_20.cif,./U3Si5/__initial__/195/xtal_20.cif,-95.513145,-4.4713826
xtal_21.cif,./U3Si5/__initial__/195/xtal_21.cif,-40.970184,60.18802
xtal_22.cif,./U3Si5/__initial__/195/xtal_22.cif,-18.906511,-21.253868
xtal_23.cif,./U3Si5/__initial__/195/xtal_23.cif,94.84948,-53.894722
xtal_25.cif,./U3Si5/__initial__/195/xtal_25.cif,-50.738136,-1.0903007
xtal_26.cif,./U3Si5/__initial__/195/xtal_26.cif,78.976685,-68.09039
xtal_27.cif,./U3Si5/__initial__/195/xtal_27.cif,-32.14718,-12.580095
xtal_28.cif,./U3Si5/__initial__/195/xtal_28.cif,-14.630573,-92.2712
xtal_29.cif,./U3Si5/__initial__/195/xtal_29.cif,-65.17909,59.707184
xtal_30.cif,./U3Si5/__initial__/195/xtal_30.cif,-30.323393,-25.84071
xtal_31.cif,./U3Si5/__initial__/195/xtal_31.cif,-31.343828,-23.988909
xtal_33.cif,./U3Si5/__initial__/195/xtal_33.cif,-41.75752,57.37678
xtal_34.cif,./U3Si5/__initial__/195/xtal_34.cif,100.67894,-2.5945563
xtal_35.cif,./U3Si5/__initial__/195/xtal_35.cif,-77.11407,-14.951081
xtal_36.cif,./U3Si5/__initial__/195/xtal_36.cif,64.217926,-79.46999
xtal_37.cif,./U3Si5/__initial__/195/xtal_37.cif,33.905235,16.00224
xtal_38.cif,./U3Si5/__initial__/195/xtal_38.cif,-16.539022,-27.44672
xtal_4.cif,./U3Si5/__initial__/195/xtal_4.cif,22.759161,-95.60113
xtal_41.cif,./U3Si5/__initial__/195/xtal_41.cif,74.40109,-68.060326
xtal_42.cif,./U3Si5/__initial__/195/xtal_42.cif,-21.171648,85.60472
xtal_43.cif,./U3Si5/__initial__/195/xtal_43.cif,-86.375595,10.667898
xtal_44.cif,./U3Si5/__initial__/195/xtal_44.cif,4.735727,-70.51208
xtal_45.cif,./U3Si5/__initial__/195/xtal_45.cif,-27.566254,-67.7235
xtal_46.cif,./U3Si5/__initial__/195/xtal_46.cif,12.088045,-24.443789
xtal_47.cif,./U3Si5/__initial__/195/xtal_47.cif,0.0497573,87.61573
xtal_48.cif,./U3Si5/__initial__/195/xtal_48.cif,-29.571295,30.520964
xtal_5.cif,./U3Si5/__initial__/195/xtal_5.cif,84.43393,-44.855125
xtal_50.cif,./U3Si5/__initial__/195/xtal_50.cif,33.422436,43.585457
xtal_51.cif,./U3Si5/__initial__/195/xtal_51.cif,59.439877,73.52529
xtal_52.cif,./U3Si5/__initial__/195/xtal_52.cif,4.589598,-68.5084
xtal_53.cif,./U3Si5/__initial__/195/xtal_53.cif,-25.362852,7.56999
xtal_54.cif,./U3Si5/__initial__/195/xtal_54.cif,-37.58487,42.051846
xtal_55.cif,./U3Si5/__initial__/195/xtal_55.cif,112.0159,-1.2364147
xtal_56.cif,./U3Si5/__initial__/195/xtal_56.cif,-43.667652,7.990065
xtal_57.cif,./U3Si5/__initial__/195/xtal_57.cif,94.56735,-15.309363
xtal_58.cif,./U3Si5/__initial__/195/xtal_58.cif,0.31966478,-66.96101
xtal_59.cif,./U3Si5/__initial__/195/xtal_59.cif,53.524708,32.5156
xtal_6.cif,./U3Si5/__initial__/195/xtal_6.cif,75.58523,-30.882984
xtal_60.cif,./U3Si5/__initial__/195/xtal_60.cif,-50.05669,66.25261
xtal_61.cif,./U3Si5/__initial__/195/xtal_61.cif,74.270996,-77.49754
xtal_62.cif,./U3Si5/__initial__/195/xtal_62.cif,-6.5477185,-91.50127
xtal_63.cif,./U3Si5/__initial__/195/xtal_63.cif,-49.640755,-79.526596
xtal_65.cif,./U3Si5/__initial__/195/xtal_65.cif,-118.06638,13.415599
xtal_67.cif,./U3Si5/__initial__/195/xtal_67.cif,12.729039,33.199474
xtal_69.cif,./U3Si5/__initial__/195/xtal_69.cif,92.541214,18.796577
xtal_7.cif,./U3Si5/__initial__/195/xtal_7.cif,46.61523,-43.52837
xtal_71.cif,./U3Si5/__initial__/195/xtal_71.cif,19.091045,-99.920456
xtal_72.cif,./U3Si5/__initial__/195/xtal_72.cif,24.04665,13.179617
xtal_74.cif,./U3Si5/__initial__/195/xtal_74.cif,57.008335,27.559351
xtal_75.cif,./U3Si5/__initial__/195/xtal_75.cif,-17.792475,84.08499
xtal_78.cif,./U3Si5/__initial__/195/xtal_78.cif,47.287647,-41.514168
xtal_79.cif,./U3Si5/__initial__/195/xtal_79.cif,32.78309,13.98552
xtal_80.cif,./U3Si5/__initial__/195/xtal_80.cif,-41.02172,56.27763
xtal_81.cif,./U3Si5/__initial__/195/xtal_81.cif,-46.495407,26.281393
xtal_82.cif,./U3Si5/__initial__/195/xtal_82.cif,25.219656,-12.288679
xtal_84.cif,./U3Si5/__initial__/195/xtal_84.cif,26.743279,21.813082
xtal_85.cif,./U3Si5/__initial__/195/xtal_85.cif,45.97654,-63.62615
xtal_86.cif,./U3Si5/__initial__/195/xtal_86.cif,-6.0241694,-63.685303
xtal_87.cif,./U3Si5/__initial__/195/xtal_87.cif,-26.828995,-10.419304
xtal_88.cif,./U3Si5/__initial__/195/xtal_88.cif,62.58168,-55.495693
xtal_89.cif,./U3Si5/__initial__/195/xtal_89.cif,94.227264,17.751022
xtal_9.cif,./U3Si5/__initial__/195/xtal_9.cif,0.38971156,46.716946
xtal_90.cif,./U3Si5/__initial__/195/xtal_90.cif,-52.397312,23.365376
xtal_91.cif,./U3Si5/__initial__/195/xtal_91.cif,1.4142569,-27.907299
xtal_92.cif,./U3Si5/__initial__/195/xtal_92.cif,105.77396,-27.339897
xtal_93.cif,./U3Si5/__initial__/195/xtal_93.cif,-29.902605,-26.625118
xtal_94.cif,./U3Si5/__initial__/195/xtal_94.cif,12.823385,39.07011
xtal_95.cif,./U3Si5/__initial__/195/xtal_95.cif,-15.6533165,-28.509558
xtal_96.cif,./U3Si5/__initial__/195/xtal_96.cif,15.96984,-81.41364
xtal_98.cif,./U3Si5/__initial__/195/xtal_98.cif,61.073338,-75.11429
xtal_99.cif,./U3Si5/__initial__/195/xtal_99.cif,-1.4361801,-10.353472
xtal_1.cif,./U3Si5/__initial__/197/xtal_1.cif,-8.884209,53.201637
xtal_10.cif,./U3Si5/__initial__/197/xtal_10.cif,-95.27793,52.20607
xtal_100.cif,./U3Si5/__initial__/197/xtal_100.cif,-22.34305,120.98492
xtal_11.cif,./U3Si5/__initial__/197/xtal_11.cif,-115.55311,33.712685
xtal_16.cif,./U3Si5/__initial__/197/xtal_16.cif,-4.828848,57.020077
xtal_18.cif,./U3Si5/__initial__/197/xtal_18.cif,-8.327867,53.13408
xtal_19.cif,./U3Si5/__initial__/197/xtal_19.cif,77.12196,-14.222853
xtal_2.cif,./U3Si5/__initial__/197/xtal_2.cif,-7.933768,53.040047
xtal_21.cif,./U3Si5/__initial__/197/xtal_21.cif,-34.324272,98.48697
xtal_23.cif,./U3Si5/__initial__/197/xtal_23.cif,76.526764,-14.670852
xtal_24.cif,./U3Si5/__initial__/197/xtal_24.cif,-115.65933,7.4087424
xtal_28.cif,./U3Si5/__initial__/197/xtal_28.cif,81.01951,-15.271021
xtal_3.cif,./U3Si5/__initial__/197/xtal_3.cif,-7.8897295,56.902145
xtal_32.cif,./U3Si5/__initial__/197/xtal_32.cif,-66.68188,-55.38207
xtal_33.cif,./U3Si5/__initial__/197/xtal_33.cif,-20.371698,84.31322
xtal_34.cif,./U3Si5/__initial__/197/xtal_34.cif,-58.81994,71.718575
xtal_35.cif,./U3Si5/__initial__/197/xtal_35.cif,83.88327,-15.772371
xtal_36.cif,./U3Si5/__initial__/197/xtal_36.cif,-58.045902,70.69905
xtal_37.cif,./U3Si5/__initial__/197/xtal_37.cif,78.48464,-15.656297
xtal_38.cif,./U3Si5/__initial__/197/xtal_38.cif,-66.2535,-4.8489237
xtal_39.cif,./U3Si5/__initial__/197/xtal_39.cif,-35.295395,98.70296
xtal_40.cif,./U3Si5/__initial__/197/xtal_40.cif,-94.23998,53.501297
xtal_42.cif,./U3Si5/__initial__/197/xtal_42.cif,83.45151,-15.25732
xtal_44.cif,./U3Si5/__initial__/197/xtal_44.cif,-71.52666,-77.92527
xtal_45.cif,./U3Si5/__initial__/197/xtal_45.cif,83.5613,-19.942068
xtal_46.cif,./U3Si5/__initial__/197/xtal_46.cif,76.345474,-14.289724
xtal_49.cif,./U3Si5/__initial__/197/xtal_49.cif,-68.80159,26.890926
xtal_50.cif,./U3Si5/__initial__/197/xtal_50.cif,78.220924,-26.600014
xtal_52.cif,./U3Si5/__initial__/197/xtal_52.cif,79.9137,-17.308174
xtal_53.cif,./U3Si5/__initial__/197/xtal_53.cif,-59.951878,72.53193
xtal_55.cif,./U3Si5/__initial__/197/xtal_55.cif,-21.739157,23.937956
xtal_57.cif,./U3Si5/__initial__/197/xtal_57.cif,79.78261,-21.055132
xtal_6.cif,./U3Si5/__initial__/197/xtal_6.cif,-7.9370084,52.55391
xtal_60.cif,./U3Si5/__initial__/197/xtal_60.cif,78.452324,-26.801973
xtal_62.cif,./U3Si5/__initial__/197/xtal_62.cif,74.95802,-25.75903
xtal_64.cif,./U3Si5/__initial__/197/xtal_64.cif,81.11703,-17.588062
xtal_65.cif,./U3Si5/__initial__/197/xtal_65.cif,-7.0822043,53.531223
xtal_66.cif,./U3Si5/__initial__/197/xtal_66.cif,78.41574,-26.564459
xtal_7.cif,./U3Si5/__initial__/197/xtal_7.cif,-20.251705,84.53675
xtal_70.cif,./U3Si5/__initial__/197/xtal_70.cif,-84.96388,-56.87842
xtal_71.cif,./U3Si5/__initial__/197/xtal_71.cif,-24.945324,54.690563
xtal_72.cif,./U3Si5/__initial__/197/xtal_72.cif,-16.879602,21.612087
xtal_73.cif,./U3Si5/__initial__/197/xtal_73.cif,-9.9112015,59.663624
xtal_75.cif,./U3Si5/__initial__/197/xtal_75.cif,8.14428,108.63525
xtal_78.cif,./U3Si5/__initial__/197/xtal_78.cif,-8.009591,60.993404
xtal_8.cif,./U3Si5/__initial__/197/xtal_8.cif,-105.37416,9.107635
xtal_80.cif,./U3Si5/__initial__/197/xtal_80.cif,-105.20749,9.4931
xtal_81.cif,./U3Si5/__initial__/197/xtal_81.cif,-53.078064,-16.639278
xtal_85.cif,./U3Si5/__initial__/197/xtal_85.cif,79.8971,-14.154273
xtal_87.cif,./U3Si5/__initial__/197/xtal_87.cif,-60.59712,69.23857
xtal_88.cif,./U3Si5/__initial__/197/xtal_88.cif,-21.642958,24.248295
xtal_89.cif,./U3Si5/__initial__/197/xtal_89.cif,78.55653,-14.347083
xtal_93.cif,./U3Si5/__initial__/197/xtal_93.cif,-25.047926,55.366344
xtal_95.cif,./U3Si5/__initial__/197/xtal_95.cif,-67.1938,-3.6424787
xtal_96.cif,./U3Si5/__initial__/197/xtal_96.cif,-5.2020397,57.398808
xtal_97.cif,./U3Si5/__initial__/197/xtal_97.cif,-28.403065,112.1883
xtal_99.cif,./U3Si5/__initial__/197/xtal_99.cif,81.424164,-18.30158
xtal_10.cif,./U3Si5/__initial__/200/xtal_10.cif,-89.750885,13.253789
xtal_11.cif,./U3Si5/__initial__/200/xtal_11.cif,81.054054,-16.452374
xtal_12.cif,./U3Si5/__initial__/200/xtal_12.cif,-50.723858,-6.2720823
xtal_13.cif,./U3Si5/__initial__/200/xtal_13.cif,27.589455,-105.18954
xtal_14.cif,./U3Si5/__initial__/200/xtal_14.cif,-94.7283,39.237633
xtal_15.cif,./U3Si5/__initial__/200/xtal_15.cif,2.5406,-62.282806
xtal_16.cif,./U3Si5/__initial__/200/xtal_16.cif,-57.0291,-6.60906
xtal_17.cif,./U3Si5/__initial__/200/xtal_17.cif,25.283587,-72.433304
xtal_18.cif,./U3Si5/__initial__/200/xtal_18.cif,-50.27441,94.15739
xtal_2.cif,./U3Si5/__initial__/200/xtal_2.cif,-6.254614,50.066868
xtal_20.cif,./U3Si5/__initial__/200/xtal_20.cif,-28.045835,22.92911
xtal_21.cif,./U3Si5/__initial__/200/xtal_21.cif,27.123936,-79.575455
xtal_22.cif,./U3Si5/__initial__/200/xtal_22.cif,-30.7794,-24.99742
xtal_24.cif,./U3Si5/__initial__/200/xtal_24.cif,7.930653,95.0529
xtal_25.cif,./U3Si5/__initial__/200/xtal_25.cif,-101.32838,14.700612
xtal_26.cif,./U3Si5/__initial__/200/xtal_26.cif,63.614544,-56.917206
xtal_3.cif,./U3Si5/__initial__/200/xtal_3.cif,-7.6432366,-79.40551
xtal_31.cif,./U3Si5/__initial__/200/xtal_31.cif,-72.93693,72.09252
xtal_33.cif,./U3Si5/__initial__/200/xtal_33.cif,-24.8117,68.41719
xtal_34.cif,./U3Si5/__initial__/200/xtal_34.cif,6.974342,-63.264366
xtal_35.cif,./U3Si5/__initial__/200/xtal_35.cif,-47.54332,98.36642
xtal_37.cif,./U3Si5/__initial__/200/xtal_37.cif,-14.595628,-99.27811
xtal_38.cif,./U3Si5/__initial__/200/xtal_38.cif,62.51933,-84.844124
xtal_39.cif,./U3Si5/__initial__/200/xtal_39.cif,-72.22979,-66.81629
xtal_4.cif,./U3Si5/__initial__/200/xtal_4.cif,-9.81938,112.927025
xtal_40.cif,./U3Si5/__initial__/200/xtal_40.cif,-38.758564,-31.062572
xtal_42.cif,./U3Si5/__initial__/200/xtal_42.cif,-4.9349427,-47.97918
xtal_43.cif,./U3Si5/__initial__/200/xtal_43.cif,27.795715,-103.812996
xtal_45.cif,./U3Si5/__initial__/200/xtal_45.cif,8.122631,-69.30673
xtal_47.cif,./U3Si5/__initial__/200/xtal_47.cif,-65.82888,81.40025
xtal_48.cif,./U3Si5/__initial__/200/xtal_48.cif,82.84524,-14.573884
xtal_50.cif,./U3Si5/__initial__/200/xtal_50.cif,54.350677,-40.580566
xtal_51.cif,./U3Si5/__initial__/200/xtal_51.cif,4.490602,98.73858
xtal_52.cif,./U3Si5/__initial__/200/xtal_52.cif,-101.88229,19.880295
xtal_53.cif,./U3Si5/__initial__/200/xtal_53.cif,-102.36111,19.93232
xtal_54.cif,./U3Si5/__initial__/200/xtal_54.cif,-55.430077,-17.97166
xtal_56.cif,./U3Si5/__initial__/200/xtal_56.cif,-67.43668,81.779106
xtal_58.cif,./U3Si5/__initial__/200/xtal_58.cif,-16.413128,-87.429375
xtal_59.cif,./U3Si5/__initial__/200/xtal_59.cif,82.24446,-15.473305
xtal_6.cif,./U3Si5/__initial__/200/xtal_6.cif,-87.928894,51.67334
xtal_60.cif,./U3Si5/__initial__/200/xtal_60.cif,63.31852,-59.35018
xtal_61.cif,./U3Si5/__initial__/200/xtal_61.cif,-12.024607,-77.323975
xtal_64.cif,./U3Si5/__initial__/200/xtal_64.cif,-71.749664,-66.2311
xtal_65.cif,./U3Si5/__initial__/200/xtal_65.cif,-89.97641,47.771988
xtal_66.cif,./U3Si5/__initial__/200/xtal_66.cif,-95.88869,-4.5730014
xtal_67.cif,./U3Si5/__initial__/200/xtal_67.cif,-51.900616,-11.58834
xtal_7.cif,./U3Si5/__initial__/200/xtal_7.cif,-34.58927,107.401375
xtal_70.cif,./U3Si5/__initial__/200/xtal_70.cif,10.137678,-91.56209
xtal_71.cif,./U3Si5/__initial__/200/xtal_71.cif,-57.57984,27.52755
xtal_72.cif,./U3Si5/__initial__/200/xtal_72.cif,77.93537,-12.660576
xtal_74.cif,./U3Si5/__initial__/200/xtal_74.cif,-61.188274,-11.143617
xtal_75.cif,./U3Si5/__initial__/200/xtal_75.cif,86.077644,-43.18279
xtal_77.cif,./U3Si5/__initial__/200/xtal_77.cif,30.887295,-106.249825
xtal_78.cif,./U3Si5/__initial__/200/xtal_78.cif,-94.79435,39.179474
xtal_8.cif,./U3Si5/__initial__/200/xtal_8.cif,-22.55772,111.78386
xtal_80.cif,./U3Si5/__initial__/200/xtal_80.cif,95.0074,-16.419985
xtal_81.cif,./U3Si5/__initial__/200/xtal_81.cif,-28.214794,53.415096
xtal_83.cif,./U3Si5/__initial__/200/xtal_83.cif,15.233724,-94.03912
xtal_85.cif,./U3Si5/__initial__/200/xtal_85.cif,-6.182156,54.3231
xtal_86.cif,./U3Si5/__initial__/200/xtal_86.cif,78.70574,-25.787918
xtal_87.cif,./U3Si5/__initial__/200/xtal_87.cif,-22.04431,27.069685
xtal_88.cif,./U3Si5/__initial__/200/xtal_88.cif,-97.49213,10.446639
xtal_89.cif,./U3Si5/__initial__/200/xtal_89.cif,-40.60043,40.596684
xtal_9.cif,./U3Si5/__initial__/200/xtal_9.cif,5.6213636,-63.061485
xtal_91.cif,./U3Si5/__initial__/200/xtal_91.cif,-65.87606,81.323715
xtal_93.cif,./U3Si5/__initial__/200/xtal_93.cif,-17.918615,58.123314
xtal_94.cif,./U3Si5/__initial__/200/xtal_94.cif,-46.16039,-89.56613
xtal_95.cif,./U3Si5/__initial__/200/xtal_95.cif,-50.676895,6.1997666
xtal_96.cif,./U3Si5/__initial__/200/xtal_96.cif,-31.490147,-58.509968
xtal_97.cif,./U3Si5/__initial__/200/xtal_97.cif,-50.179333,94.52308
xtal_98.cif,./U3Si5/__initial__/200/xtal_98.cif,-21.741854,-49.784378
xtal_14.cif,./U3Si5/__initial__/201/xtal_14.cif,73.343376,-27.533842
xtal_19.cif,./U3Si5/__initial__/201/xtal_19.cif,80.492935,-21.52419
xtal_2.cif,./U3Si5/__initial__/201/xtal_2.cif,78.72267,-15.33648
xtal_21.cif,./U3Si5/__initial__/201/xtal_21.cif,79.7803,-20.775148
xtal_22.cif,./U3Si5/__initial__/201/xtal_22.cif,81.49935,-18.043823
xtal_24.cif,./U3Si5/__initial__/201/xtal_24.cif,-1.0235008,-56.05341
xtal_25.cif,./U3Si5/__initial__/201/xtal_25.cif,8.494393,109.97203
xtal_27.cif,./U3Si5/__initial__/201/xtal_27.cif,-8.971873,58.73311
xtal_30.cif,./U3Si5/__initial__/201/xtal_30.cif,-19.767403,24.353746
xtal_31.cif,./U3Si5/__initial__/201/xtal_31.cif,-104.81976,-12.7420635
xtal_32.cif,./U3Si5/__initial__/201/xtal_32.cif,80.960495,-21.709557
xtal_33.cif,./U3Si5/__initial__/201/xtal_33.cif,-53.40151,22.76289
xtal_34.cif,./U3Si5/__initial__/201/xtal_34.cif,-6.8951883,53.555244
xtal_38.cif,./U3Si5/__initial__/201/xtal_38.cif,-43.037315,52.817
xtal_4.cif,./U3Si5/__initial__/201/xtal_4.cif,63.26313,-59.042385
xtal_40.cif,./U3Si5/__initial__/201/xtal_40.cif,-18.9505,-67.090416
xtal_45.cif,./U3Si5/__initial__/201/xtal_45.cif,0.43566543,78.31215
xtal_5.cif,./U3Si5/__initial__/201/xtal_5.cif,-26.800556,76.335075
xtal_55.cif,./U3Si5/__initial__/201/xtal_55.cif,-37.697773,111.81257
xtal_56.cif,./U3Si5/__initial__/201/xtal_56.cif,1.8584118,115.936646
xtal_61.cif,./U3Si5/__initial__/201/xtal_61.cif,-19.674427,24.089708
xtal_62.cif,./U3Si5/__initial__/201/xtal_62.cif,-26.235235,-62.32373
xtal_64.cif,./U3Si5/__initial__/201/xtal_64.cif,-32.487415,-55.743553
xtal_65.cif,./U3Si5/__initial__/201/xtal_65.cif,-8.691059,60.61419
xtal_69.cif,./U3Si5/__initial__/201/xtal_69.cif,5.7623515,94.964165
xtal_7.cif,./U3Si5/__initial__/201/xtal_7.cif,-68.556145,-80.49677
xtal_71.cif,./U3Si5/__initial__/201/xtal_71.cif,-8.868118,59.975643
xtal_72.cif,./U3Si5/__initial__/201/xtal_72.cif,-24.404081,-61.328896
xtal_73.cif,./U3Si5/__initial__/201/xtal_73.cif,-53.699043,25.080442
xtal_75.cif,./U3Si5/__initial__/201/xtal_75.cif,76.70715,-15.069193
xtal_76.cif,./U3Si5/__initial__/201/xtal_76.cif,-42.464664,41.50166
xtal_77.cif,./U3Si5/__initial__/201/xtal_77.cif,-111.51187,0.59717786
xtal_79.cif,./U3Si5/__initial__/201/xtal_79.cif,-104.02492,-14.794796
xtal_8.cif,./U3Si5/__initial__/201/xtal_8.cif,-63.404884,-2.8941445
xtal_81.cif,./U3Si5/__initial__/201/xtal_81.cif,-80.338554,83.76304
xtal_84.cif,./U3Si5/__initial__/201/xtal_84.cif,-63.15422,-83.470024
xtal_87.cif,./U3Si5/__initial__/201/xtal_87.cif,-7.924277,53.10831
xtal_89.cif,./U3Si5/__initial__/201/xtal_89.cif,-50.288113,1.5203459
xtal_91.cif,./U3Si5/__initial__/201/xtal_91.cif,-20.129063,25.57137
xtal_94.cif,./U3Si5/__initial__/201/xtal_94.cif,-28.38523,-47.572838
xtal_95.cif,./U3Si5/__initial__/201/xtal_95.cif,-1.6388599,-55.957493
xtal_97.cif,./U3Si5/__initial__/201/xtal_97.cif,-62.772034,100.53707
xtal_98.cif,./U3Si5/__initial__/201/xtal_98.cif,83.23438,-15.356034
xtal_1.cif,./U3Si5/__initial__/204/xtal_1.cif,-94.09448,-34.91107
xtal_10.cif,./U3Si5/__initial__/204/xtal_10.cif,-99.4384,-21.274057
xtal_100.cif,./U3Si5/__initial__/204/xtal_100.cif,-116.712326,10.335103
xtal_11.cif,./U3Si5/__initial__/204/xtal_11.cif,-100.9505,-19.597683
xtal_12.cif,./U3Si5/__initial__/204/xtal_12.cif,1.7073476,116.1261
xtal_13.cif,./U3Si5/__initial__/204/xtal_13.cif,-42.938835,-96.80404
xtal_16.cif,./U3Si5/__initial__/204/xtal_16.cif,-107.28691,-4.5682454
xtal_18.cif,./U3Si5/__initial__/204/xtal_18.cif,-116.52427,9.745414
xtal_19.cif,./U3Si5/__initial__/204/xtal_19.cif,-61.955486,-84.03503
xtal_2.cif,./U3Si5/__initial__/204/xtal_2.cif,-88.24155,77.33181
xtal_20.cif,./U3Si5/__initial__/204/xtal_20.cif,-49.83075,-92.5169
xtal_21.cif,./U3Si5/__initial__/204/xtal_21.cif,-95.233154,-39.301918
xtal_22.cif,./U3Si5/__initial__/204/xtal_22.cif,-93.29915,-50.4975
xtal_23.cif,./U3Si5/__initial__/204/xtal_23.cif,-81.69791,-67.42582
xtal_24.cif,./U3Si5/__initial__/204/xtal_24.cif,-94.04786,-33.247738
xtal_25.cif,./U3Si5/__initial__/204/xtal_25.cif,-71.15766,90.657684
xtal_26.cif,./U3Si5/__initial__/204/xtal_26.cif,-95.46689,-43.182083
xtal_27.cif,./U3Si5/__initial__/204/xtal_27.cif,-31.489893,-101.12064
xtal_28.cif,./U3Si5/__initial__/204/xtal_28.cif,-94.63436,-48.28355
xtal_29.cif,./U3Si5/__initial__/204/xtal_29.cif,-115.29954,35.535404
xtal_3.cif,./U3Si5/__initial__/204/xtal_3.cif,-46.332973,-94.92351
xtal_31.cif,./U3Si5/__initial__/204/xtal_31.cif,-116.079704,8.458913
xtal_32.cif,./U3Si5/__initial__/204/xtal_32.cif,-114.74557,37.7092
xtal_33.cif,./U3Si5/__initial__/204/xtal_33.cif,-66.34956,-81.90323
xtal_34.cif,./U3Si5/__initial__/204/xtal_34.cif,-58.859417,-85.55023
xtal_35.cif,./U3Si5/__initial__/204/xtal_35.cif,-43.136444,-96.71712
xtal_36.cif,./U3Si5/__initial__/204/xtal_36.cif,-83.03939,-61.928467
xtal_37.cif,./U3Si5/__initial__/204/xtal_37.cif,-95.47717,-43.69761
xtal_38.cif,./U3Si5/__initial__/204/xtal_38.cif,-78.34088,-71.62864
xtal_39.cif,./U3Si5/__initial__/204/xtal_39.cif,-33.258984,-100.40736
xtal_4.cif,./U3Si5/__initial__/204/xtal_4.cif,-106.944695,-5.323603
xtal_40.cif,./U3Si5/__initial__/204/xtal_40.cif,-70.46514,91.51762
xtal_41.cif,./U3Si5/__initial__/204/xtal_41.cif,-100.163185,63.140377
xtal_43.cif,./U3Si5/__initial__/204/xtal_43.cif,-101.17681,-19.34694
xtal_44.cif,./U3Si5/__initial__/204/xtal_44.cif,-77.72938,85.45685
xtal_45.cif,./U3Si5/__initial__/204/xtal_45.cif,-32.842503,-100.570366
xtal_46.cif,./U3Si5/__initial__/204/xtal_46.cif,1.0899646,116.99818
xtal_47.cif,./U3Si5/__initial__/204/xtal_47.cif,-97.155426,-24.767479
xtal_48.cif,./U3Si5/__initial__/204/xtal_48.cif,-109.2401,-2.075256
xtal_49.cif,./U3Si5/__initial__/204/xtal_49.cif,-114.83891,37.320255
xtal_5.cif,./U3Si5/__initial__/204/xtal_5.cif,-106.25434,-7.3908596
xtal_51.cif,./U3Si5/__initial__/204/xtal_51.cif,-85.866356,-57.525185
xtal_52.cif,./U3Si5/__initial__/204/xtal_52.cif,-102.13234,-18.08517
xtal_53.cif,./U3Si5/__initial__/204/xtal_53.cif,-70.407326,91.60084
xtal_54.cif,./U3Si5/__initial__/204/xtal_54.cif,-110.50644,-0.6323254
xtal_55.cif,./U3Si5/__initial__/204/xtal_55.cif,-38.745968,-98.39177
xtal_56.cif,./U3Si5/__initial__/204/xtal_56.cif,-115.806244,33.330948
xtal_57.cif,./U3Si5/__initial__/204/xtal_57.cif,-115.79453,7.721068
xtal_58.cif,./U3Si5/__initial__/204/xtal_58.cif,-94.94362,-37.89656
xtal_59.cif,./U3Si5/__initial__/204/xtal_59.cif,-51.081165,-91.50686
xtal_6.cif,./U3Si5/__initial__/204/xtal_6.cif,-95.01543,-38.175854
xtal_60.cif,./U3Si5/__initial__/204/xtal_60.cif,-78.521935,-71.4039
xtal_61.cif,./U3Si5/__initial__/204/xtal_61.cif,-63.361233,99.92186
xtal_62.cif,./U3Si5/__initial__/204/xtal_62.cif,-94.40233,-48.863346
xtal_63.cif,./U3Si5/__initial__/204/xtal_63.cif,-108.29415,-3.1719687
xtal_64.cif,./U3Si5/__initial__/204/xtal_64.cif,-68.359,-80.62045
xtal_65.cif,./U3Si5/__initial__/204/xtal_65.cif,8.582808,109.87402
xtal_66.cif,./U3Si5/__initial__/204/xtal_66.cif,-81.61516,82.87999
xtal_67.cif,./U3Si5/__initial__/204/xtal_67.cif,-81.835,-67.23533
xtal_68.cif,./U3Si5/__initial__/204/xtal_68.cif,-99.87396,63.607723
xtal_69.cif,./U3Si5/__initial__/204/xtal_69.cif,-37.908726,-98.78918
xtal_7.cif,./U3Si5/__initial__/204/xtal_7.cif,-117.604256,14.356166
xtal_70.cif,./U3Si5/__initial__/204/xtal_70.cif,-62.61113,100.72094
xtal_71.cif,./U3Si5/__initial__/204/xtal_71.cif,-28.421692,117.09708
xtal_72.cif,./U3Si5/__initial__/204/xtal_72.cif,-57.8329,-86.122955
xtal_73.cif,./U3Si5/__initial__/204/xtal_73.cif,-81.115974,-68.17445
xtal_74.cif,./U3Si5/__initial__/204/xtal_74.cif,-53.54002,-89.32645
xtal_75.cif,./U3Si5/__initial__/204/xtal_75.cif,-81.60138,-67.54398
xtal_76.cif,./U3Si5/__initial__/204/xtal_76.cif,-97.17754,-24.727104
xtal_78.cif,./U3Si5/__initial__/204/xtal_78.cif,-73.94232,-76.676636
xtal_79.cif,./U3Si5/__initial__/204/xtal_79.cif,-94.03323,-49.459225
xtal_8.cif,./U3Si5/__initial__/204/xtal_8.cif,-94.90008,-29.420618
xtal_80.cif,./U3Si5/__initial__/204/xtal_80.cif,-25.729115,118.624756
xtal_81.cif,./U3Si5/__initial__/204/xtal_81.cif,-57.27163,-86.486725
xtal_82.cif,./U3Si5/__initial__/204/xtal_82.cif,-33.72807,-100.267044
xtal_84.cif,./U3Si5/__initial__/204/xtal_84.cif,-85.688705,-57.685894
xtal_85.cif,./U3Si5/__initial__/204/xtal_85.cif,-86.07366,-57.349987
xtal_86.cif,./U3Si5/__initial__/204/xtal_86.cif,-117.53864,14.076825
xtal_89.cif,./U3Si5/__initial__/204/xtal_89.cif,-82.950676,81.88345
xtal_9.cif,./U3Si5/__initial__/204/xtal_9.cif,-43.683815,-96.44874
xtal_90.cif,./U3Si5/__initial__/204/xtal_90.cif,-71.69946,-78.32685
xtal_92.cif,./U3Si5/__initial__/204/xtal_92.cif,-22.9206,120.64488
xtal_95.cif,./U3Si5/__initial__/204/xtal_95.cif,-95.148224,-38.78909
xtal_96.cif,./U3Si5/__initial__/204/xtal_96.cif,-102.47472,59.70113
xtal_97.cif,./U3Si5/__initial__/204/xtal_97.cif,7.81506,110.624115
xtal_98.cif,./U3Si5/__initial__/204/xtal_98.cif,-39.980644,-97.92329
xtal_1.cif,./U3Si5/__initial__/207/xtal_1.cif,-46.353897,26.619406
xtal_10.cif,./U3Si5/__initial__/207/xtal_10.cif,79.08446,-19.551266
xtal_11.cif,./U3Si5/__initial__/207/xtal_11.cif,63.175022,27.840004
xtal_12.cif,./U3Si5/__initial__/207/xtal_12.cif,77.5026,-28.269619
xtal_13.cif,./U3Si5/__initial__/207/xtal_13.cif,-94.12331,33.65873
xtal_14.cif,./U3Si5/__initial__/207/xtal_14.cif,46.729683,-41.91224
xtal_15.cif,./U3Si5/__initial__/207/xtal_15.cif,-28.44414,-29.71437
xtal_16.cif,./U3Si5/__initial__/207/xtal_16.cif,-33.181072,-20.875767
xtal_17.cif,./U3Si5/__initial__/207/xtal_17.cif,-54.126083,-60.8471
xtal_18.cif,./U3Si5/__initial__/207/xtal_18.cif,1.7907878,-61.977245
xtal_19.cif,./U3Si5/__initial__/207/xtal_19.cif,-27.130293,-79.47526
xtal_2.cif,./U3Si5/__initial__/207/xtal_2.cif,-60.991653,35.788242
xtal_20.cif,./U3Si5/__initial__/207/xtal_20.cif,-28.533073,-29.508078
xtal_23.cif,./U3Si5/__initial__/207/xtal_23.cif,-45.258884,87.43231
xtal_24.cif,./U3Si5/__initial__/207/xtal_24.cif,-54.275803,-65.44587
xtal_25.cif,./U3Si5/__initial__/207/xtal_25.cif,81.154816,-15.893307
xtal_27.cif,./U3Si5/__initial__/207/xtal_27.cif,10.598349,-101.63601
xtal_28.cif,./U3Si5/__initial__/207/xtal_28.cif,-100.49894,19.777529
xtal_29.cif,./U3Si5/__initial__/207/xtal_29.cif,112.9106,-1.0039086
xtal_3.cif,./U3Si5/__initial__/207/xtal_3.cif,76.802864,-28.309
xtal_30.cif,./U3Si5/__initial__/207/xtal_30.cif,-37.04221,-92.99401
xtal_31.cif,./U3Si5/__initial__/207/xtal_31.cif,-93.10362,22.37746
xtal_32.cif,./U3Si5/__initial__/207/xtal_32.cif,46.661053,-83.779144
xtal_33.cif,./U3Si5/__initial__/207/xtal_33.cif,-30.743618,-25.065025
xtal_34.cif,./U3Si5/__initial__/207/xtal_34.cif,-47.70999,88.04485
xtal_35.cif,./U3Si5/__initial__/207/xtal_35.cif,-49.434837,-77.39418
xtal_36.cif,./U3Si5/__initial__/207/xtal_36.cif,29.312824,-64.363884
xtal_39.cif,./U3Si5/__initial__/207/xtal_39.cif,-38.139713,-96.418144
xtal_4.cif,./U3Si5/__initial__/207/xtal_4.cif,-66.94163,48.45654
xtal_40.cif,./U3Si5/__initial__/207/xtal_40.cif,-81.377815,63.256416
xtal_41.cif,./U3Si5/__initial__/207/xtal_41.cif,-1.475516,-65.605865
xtal_42.cif,./U3Si5/__initial__/207/xtal_42.cif,17.808416,-105.50204
xtal_43.cif,./U3Si5/__initial__/207/xtal_43.cif,30.523924,-106.18303
xtal_44.cif,./U3Si5/__initial__/207/xtal_44.cif,-58.074577,-17.549788
xtal_45.cif,./U3Si5/__initial__/207/xtal_45.cif,100.46265,-2.8875856
xtal_47.cif,./U3Si5/__initial__/207/xtal_47.cif,95.159775,-16.03043
xtal_48.cif,./U3Si5/__initial__/207/xtal_48.cif,-94.946045,-4.2546525
xtal_49.cif,./U3Si5/__initial__/207/xtal_49.cif,-6.7247667,113.86312
xtal_5.cif,./U3Si5/__initial__/207/xtal_5.cif,76.45254,-51.840446
xtal_50.cif,./U3Si5/__initial__/207/xtal_50.cif,-100.273605,19.84138
xtal_51.cif,./U3Si5/__initial__/207/xtal_51.cif,-90.20517,47.19433
xtal_52.cif,./U3Si5/__initial__/207/xtal_52.cif,-16.283472,-70.06258
xtal_54.cif,./U3Si5/__initial__/207/xtal_54.cif,-81.378006,-25.080532
xtal_55.cif,./U3Si5/__initial__/207/xtal_55.cif,3.8093505,-65.20598
xtal_56.cif,./U3Si5/__initial__/207/xtal_56.cif,72.53139,-28.39014
xtal_57.cif,./U3Si5/__initial__/207/xtal_57.cif,28.66478,-106.04645
xtal_58.cif,./U3Si5/__initial__/207/xtal_58.cif,-59.550182,-2.1966953
xtal_6.cif,./U3Si5/__initial__/207/xtal_6.cif,20.52121,-75.95874
xtal_60.cif,./U3Si5/__initial__/207/xtal_60.cif,-51.611134,7.434622
xtal_61.cif,./U3Si5/__initial__/207/xtal_61.cif,-50.492573,93.23832
xtal_62.cif,./U3Si5/__initial__/207/xtal_62.cif,-68.04049,-29.438622
xtal_63.cif,./U3Si5/__initial__/207/xtal_63.cif,-102.98481,-3.6877835
xtal_64.cif,./U3Si5/__initial__/207/xtal_64.cif,-48.543274,-85.80711
xtal_65.cif,./U3Si5/__initial__/207/xtal_65.cif,75.96904,-51.290558
xtal_67.cif,./U3Si5/__initial__/207/xtal_67.cif,24.831661,-74.566635
xtal_68.cif,./U3Si5/__initial__/207/xtal_68.cif,81.55576,-18.509789
xtal_69.cif,./U3Si5/__initial__/207/xtal_69.cif,33.77488,-107.18447
xtal_7.cif,./U3Si5/__initial__/207/xtal_7.cif,30.041323,-105.508125
xtal_70.cif,./U3Si5/__initial__/207/xtal_70.cif,-35.51187,49.230164
xtal_72.cif,./U3Si5/__initial__/207/xtal_72.cif,-23.969934,-100.239746
xtal_73.cif,./U3Si5/__initial__/207/xtal_73.cif,94.907196,-54.025486
xtal_74.cif,./U3Si5/__initial__/207/xtal_74.cif,106.145645,-2.816545
xtal_75.cif,./U3Si5/__initial__/207/xtal_75.cif,13.230692,-106.84768
xtal_77.cif,./U3Si5/__initial__/207/xtal_77.cif,-31.327093,-24.013845
xtal_78.cif,./U3Si5/__initial__/207/xtal_78.cif,-91.36145,-47.49773
xtal_79.cif,./U3Si5/__initial__/207/xtal_79.cif,30.948483,-106.31155
xtal_8.cif,./U3Si5/__initial__/207/xtal_8.cif,97.135666,-32.325607
xtal_80.cif,./U3Si5/__initial__/207/xtal_80.cif,-44.48489,-19.160864
xtal_82.cif,./U3Si5/__initial__/207/xtal_82.cif,-52.192257,6.760641
xtal_83.cif,./U3Si5/__initial__/207/xtal_83.cif,4.7661405,-63.68581
xtal_84.cif,./U3Si5/__initial__/207/xtal_84.cif,-42.248447,-20.269955
xtal_85.cif,./U3Si5/__initial__/207/xtal_85.cif,29.180931,-105.64538
xtal_86.cif,./U3Si5/__initial__/207/xtal_86.cif,-28.943718,-28.555973
xtal_87.cif,./U3Si5/__initial__/207/xtal_87.cif,44.655457,-48.35617
xtal_88.cif,./U3Si5/__initial__/207/xtal_88.cif,-43.12914,-30.993835
xtal_89.cif,./U3Si5/__initial__/207/xtal_89.cif,62.407158,-84.80508
xtal_9.cif,./U3Si5/__initial__/207/xtal_9.cif,-95.0739,-4.321876
xtal_91.cif,./U3Si5/__initial__/207/xtal_91.cif,-19.278034,-100.58523
xtal_93.cif,./U3Si5/__initial__/207/xtal_93.cif,-94.635284,39.339645
xtal_94.cif,./U3Si5/__initial__/207/xtal_94.cif,-115.09071,7.636602
xtal_95.cif,./U3Si5/__initial__/207/xtal_95.cif,-95.245384,-10.692909
xtal_96.cif,./U3Si5/__initial__/207/xtal_96.cif,-42.337196,22.315186
xtal_97.cif,./U3Si5/__initial__/207/xtal_97.cif,-99.78203,61.092247
xtal_99.cif,./U3Si5/__initial__/207/xtal_99.cif,-56.558193,36.883583
xtal_10.cif,./U3Si5/__initial__/208/xtal_10.cif,-44.533737,-21.05712
xtal_12.cif,./U3Si5/__initial__/208/xtal_12.cif,12.600722,-105.14178
xtal_14.cif,./U3Si5/__initial__/208/xtal_14.cif,-32.250763,102.88314
xtal_16.cif,./U3Si5/__initial__/208/xtal_16.cif,-42.037228,59.25703
xtal_17.cif,./U3Si5/__initial__/208/xtal_17.cif,-19.502567,-86.50022
xtal_21.cif,./U3Si5/__initial__/208/xtal_21.cif,-21.505829,-62.995754
xtal_22.cif,./U3Si5/__initial__/208/xtal_22.cif,-48.639095,90.64914
xtal_25.cif,./U3Si5/__initial__/208/xtal_25.cif,-3.2237709,-58.97747
xtal_26.cif,./U3Si5/__initial__/208/xtal_26.cif,-44.641487,-21.51164
xtal_27.cif,./U3Si5/__initial__/208/xtal_27.cif,-60.551617,-49.28589
xtal_29.cif,./U3Si5/__initial__/208/xtal_29.cif,-17.681198,-71.184296
xtal_3.cif,./U3Si5/__initial__/208/xtal_3.cif,-57.431602,1.5203096
xtal_31.cif,./U3Si5/__initial__/208/xtal_31.cif,4.4272985,-70.53583
xtal_32.cif,./U3Si5/__initial__/208/xtal_32.cif,-31.105288,70.88979
xtal_34.cif,./U3Si5/__initial__/208/xtal_34.cif,-71.69247,-62.633224
xtal_35.cif,./U3Si5/__initial__/208/xtal_35.cif,-41.87257,59.470547
xtal_4.cif,./U3Si5/__initial__/208/xtal_4.cif,-61.28257,0.31133702
xtal_40.cif,./U3Si5/__initial__/208/xtal_40.cif,-56.80183,-12.686275
xtal_41.cif,./U3Si5/__initial__/208/xtal_41.cif,-21.507286,-61.96902
xtal_42.cif,./U3Si5/__initial__/208/xtal_42.cif,-102.06971,60.30567
xtal_44.cif,./U3Si5/__initial__/208/xtal_44.cif,-53.670586,22.649498
xtal_46.cif,./U3Si5/__initial__/208/xtal_46.cif,-61.859276,60.71331
xtal_47.cif,./U3Si5/__initial__/208/xtal_47.cif,-16.073647,-57.876255
xtal_48.cif,./U3Si5/__initial__/208/xtal_48.cif,-51.990444,5.699059
xtal_5.cif,./U3Si5/__initial__/208/xtal_5.cif,-27.38194,-79.42175
xtal_50.cif,./U3Si5/__initial__/208/xtal_50.cif,-41.87902,59.44432
xtal_51.cif,./U3Si5/__initial__/208/xtal_51.cif,-16.019432,-89.61758
xtal_52.cif,./U3Si5/__initial__/208/xtal_52.cif,-35.65785,-64.06588
xtal_53.cif,./U3Si5/__initial__/208/xtal_53.cif,80.04202,-14.163231
xtal_55.cif,./U3Si5/__initial__/208/xtal_55.cif,-19.223932,-86.65425
xtal_56.cif,./U3Si5/__initial__/208/xtal_56.cif,-73.66246,-76.89255
xtal_58.cif,./U3Si5/__initial__/208/xtal_58.cif,-24.25085,77.44366
xtal_6.cif,./U3Si5/__initial__/208/xtal_6.cif,-61.23157,-11.136836
xtal_64.cif,./U3Si5/__initial__/208/xtal_64.cif,-21.95734,25.182196
xtal_65.cif,./U3Si5/__initial__/208/xtal_65.cif,-52.1781,-10.727327
xtal_67.cif,./U3Si5/__initial__/208/xtal_67.cif,-44.29185,58.88007
xtal_69.cif,./U3Si5/__initial__/208/xtal_69.cif,-11.9762125,108.18219
xtal_7.cif,./U3Si5/__initial__/208/xtal_7.cif,-32.868877,-54.68741
xtal_70.cif,./U3Si5/__initial__/208/xtal_70.cif,-49.849453,1.501327
xtal_73.cif,./U3Si5/__initial__/208/xtal_73.cif,-68.1817,-73.79975
xtal_75.cif,./U3Si5/__initial__/208/xtal_75.cif,-51.61008,-84.81518
xtal_77.cif,./U3Si5/__initial__/208/xtal_77.cif,-68.56688,48.49618
xtal_79.cif,./U3Si5/__initial__/208/xtal_79.cif,-40.134766,81.546394
xtal_80.cif,./U3Si5/__initial__/208/xtal_80.cif,-33.268387,-14.9378395
xtal_81.cif,./U3Si5/__initial__/208/xtal_81.cif,-105.58347,-10.032533
xtal_82.cif,./U3Si5/__initial__/208/xtal_82.cif,-1.2072301,92.70662
xtal_83.cif,./U3Si5/__initial__/208/xtal_83.cif,-28.521374,89.24717
xtal_86.cif,./U3Si5/__initial__/208/xtal_86.cif,-14.186507,-103.47974
xtal_88.cif,./U3Si5/__initial__/208/xtal_88.cif,-64.88527,-51.901623
xtal_89.cif,./U3Si5/__initial__/208/xtal_89.cif,-17.204641,81.48861
xtal_9.cif,./U3Si5/__initial__/208/xtal_9.cif,-58.3568,32.534554
xtal_90.cif,./U3Si5/__initial__/208/xtal_90.cif,-44.553253,57.091022
xtal_92.cif,./U3Si5/__initial__/208/xtal_92.cif,-58.347763,32.54266
xtal_93.cif,./U3Si5/__initial__/208/xtal_93.cif,11.162141,-96.611946
xtal_96.cif,./U3Si5/__initial__/208/xtal_96.cif,8.724959,-92.537
xtal_97.cif,./U3Si5/__initial__/208/xtal_97.cif,-17.16678,-101.341515
xtal_1.cif,./U3Si5/__initial__/211/xtal_1.cif,-83.75749,81.247826
xtal_10.cif,./U3Si5/__initial__/211/xtal_10.cif,-115.340004,35.369015
xtal_100.cif,./U3Si5/__initial__/211/xtal_100.cif,-86.303085,78.76915
xtal_11.cif,./U3Si5/__initial__/211/xtal_11.cif,-116.02044,32.415348
xtal_12.cif,./U3Si5/__initial__/211/xtal_12.cif,-22.999119,120.59489
xtal_13.cif,./U3Si5/__initial__/211/xtal_13.cif,-95.292656,-39.814407
xtal_14.cif,./U3Si5/__initial__/211/xtal_14.cif,-76.99017,85.91183
xtal_16.cif,./U3Si5/__initial__/211/xtal_16.cif,-90.17665,-54.511135
xtal_18.cif,./U3Si5/__initial__/211/xtal_18.cif,-33.689663,-100.27822
xtal_19.cif,./U3Si5/__initial__/211/xtal_19.cif,-94.23337,-32.10016
xtal_20.cif,./U3Si5/__initial__/211/xtal_20.cif,-62.487988,100.867325
xtal_21.cif,./U3Si5/__initial__/211/xtal_21.cif,-33.155163,-100.445
xtal_22.cif,./U3Si5/__initial__/211/xtal_22.cif,-62.910995,-83.598755
xtal_23.cif,./U3Si5/__initial__/211/xtal_23.cif,-62.091244,-83.96914
xtal_27.cif,./U3Si5/__initial__/211/xtal_27.cif,-39.89933,-97.953186
xtal_28.cif,./U3Si5/__initial__/211/xtal_28.cif,-66.31232,-81.922615
xtal_3.cif,./U3Si5/__initial__/211/xtal_3.cif,-115.237885,6.4217386
xtal_30.cif,./U3Si5/__initial__/211/xtal_30.cif,-101.508,61.11718
xtal_31.cif,./U3Si5/__initial__/211/xtal_31.cif,-115.46314,34.792225
xtal_32.cif,./U3Si5/__initial__/211/xtal_32.cif,-68.61672,-80.45789
xtal_34.cif,./U3Si5/__initial__/211/xtal_34.cif,-68.80533,93.62506
xtal_38.cif,./U3Si5/__initial__/211/xtal_38.cif,-101.528404,61.08982
xtal_4.cif,./U3Si5/__initial__/211/xtal_4.cif,-105.45181,-10.65374
xtal_40.cif,./U3Si5/__initial__/211/xtal_40.cif,-115.17947,6.2907314
xtal_42.cif,./U3Si5/__initial__/211/xtal_42.cif,-94.38398,-48.89936
xtal_44.cif,./U3Si5/__initial__/211/xtal_44.cif,-68.45558,94.04844
xtal_46.cif,./U3Si5/__initial__/211/xtal_46.cif,-83.44829,81.491425
xtal_47.cif,./U3Si5/__initial__/211/xtal_47.cif,-107.65315,-4.013591
xtal_48.cif,./U3Si5/__initial__/211/xtal_48.cif,-114.4799,4.8947988
xtal_5.cif,./U3Si5/__initial__/211/xtal_5.cif,-58.25439,-85.88072
xtal_50.cif,./U3Si5/__initial__/211/xtal_50.cif,-52.314636,-90.42271
xtal_51.cif,./U3Si5/__initial__/211/xtal_51.cif,-63.68366,99.58026
xtal_52.cif,./U3Si5/__initial__/211/xtal_52.cif,-92.406525,-51.789207
xtal_53.cif,./U3Si5/__initial__/211/xtal_53.cif,-69.672585,92.517654
xtal_54.cif,./U3Si5/__initial__/211/xtal_54.cif,-90.07188,-54.612988
xtal_55.cif,./U3Si5/__initial__/211/xtal_55.cif,0.026453996,118.27834
xtal_56.cif,./U3Si5/__initial__/211/xtal_56.cif,-78.92465,-70.945755
xtal_58.cif,./U3Si5/__initial__/211/xtal_58.cif,-114.84867,37.286697
xtal_59.cif,./U3Si5/__initial__/211/xtal_59.cif,-85.41586,-57.95964
xtal_6.cif,./U3Si5/__initial__/211/xtal_6.cif,-94.87828,-29.483316
xtal_60.cif,./U3Si5/__initial__/211/xtal_60.cif,-95.39933,-41.345177
xtal_61.cif,./U3Si5/__initial__/211/xtal_61.cif,-74.38541,-76.275215
xtal_62.cif,./U3Si5/__initial__/211/xtal_62.cif,-86.541115,78.57811
xtal_64.cif,./U3Si5/__initial__/211/xtal_64.cif,9.323105,108.768486
xtal_65.cif,./U3Si5/__initial__/211/xtal_65.cif,-77.74025,-72.51296
xtal_67.cif,./U3Si5/__initial__/211/xtal_67.cif,-88.05348,77.48113
xtal_68.cif,./U3Si5/__initial__/211/xtal_68.cif,-68.07831,94.502396
xtal_69.cif,./U3Si5/__initial__/211/xtal_69.cif,-117.949715,18.394598
xtal_7.cif,./U3Si5/__initial__/211/xtal_7.cif,-70.05146,92.049774
xtal_71.cif,./U3Si5/__initial__/211/xtal_71.cif,-113.67305,3.5296533
xtal_72.cif,./U3Si5/__initial__/211/xtal_72.cif,-83.30215,-61.223145
xtal_73.cif,./U3Si5/__initial__/211/xtal_73.cif,-70.142715,91.928444
xtal_74.cif,./U3Si5/__initial__/211/xtal_74.cif,-52.692688,-90.07534
xtal_75.cif,./U3Si5/__initial__/211/xtal_75.cif,-52.976456,-89.82076
xtal_76.cif,./U3Si5/__initial__/211/xtal_76.cif,-95.356964,-40.559723
xtal_78.cif,./U3Si5/__initial__/211/xtal_78.cif,-92.21505,-52.05741
xtal_8.cif,./U3Si5/__initial__/211/xtal_8.cif,-24.354828,119.564476
xtal_80.cif,./U3Si5/__initial__/211/xtal_80.cif,-101.484924,-18.983107
xtal_82.cif,./U3Si5/__initial__/211/xtal_82.cif,-95.37715,-45.358074
xtal_83.cif,./U3Si5/__initial__/211/xtal_83.cif,-114.59489,5.102012
xtal_86.cif,./U3Si5/__initial__/211/xtal_86.cif,-115.77828,7.6818604
xtal_87.cif,./U3Si5/__initial__/211/xtal_87.cif,-104.61995,-13.34589
xtal_88.cif,./U3Si5/__initial__/211/xtal_88.cif,-109.37085,-1.9292805
xtal_89.cif,./U3Si5/__initial__/211/xtal_89.cif,-72.18592,-77.955795
xtal_90.cif,./U3Si5/__initial__/211/xtal_90.cif,-117.759735,15.564588
xtal_91.cif,./U3Si5/__initial__/211/xtal_91.cif,-77.65633,-72.61638
xtal_92.cif,./U3Si5/__initial__/211/xtal_92.cif,-86.920425,78.304474
xtal_93.cif,./U3Si5/__initial__/211/xtal_93.cif,-94.066284,-33.07695
xtal_94.cif,./U3Si5/__initial__/211/xtal_94.cif,-94.41456,70.26447
xtal_95.cif,./U3Si5/__initial__/211/xtal_95.cif,-111.221115,0.23660222
xtal_96.cif,./U3Si5/__initial__/211/xtal_96.cif,0.120011,118.17021
xtal_97.cif,./U3Si5/__initial__/211/xtal_97.cif,-115.03911,36.590347
xtal_14.cif,./U3Si5/__initial__/215/xtal_14.cif,79.66758,-69.97026
xtal_15.cif,./U3Si5/__initial__/215/xtal_15.cif,-8.259111,53.238728
xtal_16.cif,./U3Si5/__initial__/215/xtal_16.cif,-11.145896,-4.664515
xtal_18.cif,./U3Si5/__initial__/215/xtal_18.cif,76.900276,-35.816402
xtal_2.cif,./U3Si5/__initial__/215/xtal_2.cif,-95.75588,-4.5404963
xtal_21.cif,./U3Si5/__initial__/215/xtal_21.cif,-45.795494,83.003586
xtal_22.cif,./U3Si5/__initial__/215/xtal_22.cif,-50.489086,93.246826
xtal_24.cif,./U3Si5/__initial__/215/xtal_24.cif,6.040279,-70.46907
xtal_26.cif,./U3Si5/__initial__/215/xtal_26.cif,20.971964,44.868412
xtal_3.cif,./U3Si5/__initial__/215/xtal_3.cif,-93.339325,40.90949
xtal_32.cif,./U3Si5/__initial__/215/xtal_32.cif,110.253006,12.907172
xtal_34.cif,./U3Si5/__initial__/215/xtal_34.cif,-101.13637,19.772507
xtal_36.cif,./U3Si5/__initial__/215/xtal_36.cif,98.39036,-18.957724
xtal_37.cif,./U3Si5/__initial__/215/xtal_37.cif,63.26251,14.42531
xtal_38.cif,./U3Si5/__initial__/215/xtal_38.cif,-50.08922,94.76553
xtal_39.cif,./U3Si5/__initial__/215/xtal_39.cif,-18.495365,50.247715
xtal_40.cif,./U3Si5/__initial__/215/xtal_40.cif,78.909515,-27.48972
xtal_41.cif,./U3Si5/__initial__/215/xtal_41.cif,-50.725487,31.035208
xtal_44.cif,./U3Si5/__initial__/215/xtal_44.cif,-6.418771,57.897358
xtal_46.cif,./U3Si5/__initial__/215/xtal_46.cif,66.381226,26.324566
xtal_49.cif,./U3Si5/__initial__/215/xtal_49.cif,40.55206,-78.53542
xtal_53.cif,./U3Si5/__initial__/215/xtal_53.cif,-26.002714,48.569813
xtal_54.cif,./U3Si5/__initial__/215/xtal_54.cif,-31.547112,-14.53907
xtal_55.cif,./U3Si5/__initial__/215/xtal_55.cif,9.116512,50.69321
xtal_57.cif,./U3Si5/__initial__/215/xtal_57.cif,-69.122345,-25.298922
xtal_58.cif,./U3Si5/__initial__/215/xtal_58.cif,20.39737,-74.572426
xtal_6.cif,./U3Si5/__initial__/215/xtal_6.cif,33.319668,14.839192
xtal_60.cif,./U3Si5/__initial__/215/xtal_60.cif,10.7097645,98.08805
xtal_61.cif,./U3Si5/__initial__/215/xtal_61.cif,-57.694626,-54.858795
xtal_62.cif,./U3Si5/__initial__/215/xtal_62.cif,22.336582,3.6337924
xtal_63.cif,./U3Si5/__initial__/215/xtal_63.cif,31.988293,55.271713
xtal_69.cif,./U3Si5/__initial__/215/xtal_69.cif,-10.674842,98.26679
xtal_7.cif,./U3Si5/__initial__/215/xtal_7.cif,57.483067,74.78116
xtal_70.cif,./U3Si5/__initial__/215/xtal_70.cif,2.8296452,-66.514114
xtal_71.cif,./U3Si5/__initial__/215/xtal_71.cif,27.06821,13.347507
xtal_72.cif,./U3Si5/__initial__/215/xtal_72.cif,-48.822197,48.490704
xtal_76.cif,./U3Si5/__initial__/215/xtal_76.cif,33.132603,14.522498
xtal_77.cif,./U3Si5/__initial__/215/xtal_77.cif,26.254255,-104.73455
xtal_78.cif,./U3Si5/__initial__/215/xtal_78.cif,56.519188,21.605978
xtal_79.cif,./U3Si5/__initial__/215/xtal_79.cif,-72.45324,72.66795
xtal_8.cif,./U3Si5/__initial__/215/xtal_8.cif,94.368286,-53.33585
xtal_81.cif,./U3Si5/__initial__/215/xtal_81.cif,-27.945297,-7.246656
xtal_82.cif,./U3Si5/__initial__/215/xtal_82.cif,76.84585,-28.465452
xtal_84.cif,./U3Si5/__initial__/215/xtal_84.cif,6.092803,18.73743
xtal_85.cif,./U3Si5/__initial__/215/xtal_85.cif,33.603485,44.013443
xtal_86.cif,./U3Si5/__initial__/215/xtal_86.cif,105.61416,-31.602554
xtal_89.cif,./U3Si5/__initial__/215/xtal_89.cif,-8.826812,60.284725
xtal_92.cif,./U3Si5/__initial__/215/xtal_92.cif,-45.230976,73.389534
xtal_95.cif,./U3Si5/__initial__/215/xtal_95.cif,-19.164999,75.15697
xtal_97.cif,./U3Si5/__initial__/215/xtal_97.cif,8.706532,41.403984
xtal_98.cif,./U3Si5/__initial__/215/xtal_98.cif,-51.017563,92.50598
xtal_99.cif,./U3Si5/__initial__/215/xtal_99.cif,-53.47195,32.578426
xtal_1.cif,./U3Si5/__initial__/217/xtal_1.cif,0.5135915,78.089134
xtal_100.cif,./U3Si5/__initial__/217/xtal_100.cif,-19.496468,24.751825
xtal_12.cif,./U3Si5/__initial__/217/xtal_12.cif,-116.67535,25.967922
xtal_14.cif,./U3Si5/__initial__/217/xtal_14.cif,-94.28965,53.39502
xtal_15.cif,./U3Si5/__initial__/217/xtal_15.cif,-17.889753,20.617311
xtal_17.cif,./U3Si5/__initial__/217/xtal_17.cif,-61.036037,69.50826
xtal_2.cif,./U3Si5/__initial__/217/xtal_2.cif,-61.462555,69.53092
xtal_21.cif,./U3Si5/__initial__/217/xtal_21.cif,-34.471313,94.76991
xtal_23.cif,./U3Si5/__initial__/217/xtal_23.cif,83.7836,-18.889715
xtal_24.cif,./U3Si5/__initial__/217/xtal_24.cif,64.08715,-56.22474
xtal_28.cif,./U3Si5/__initial__/217/xtal_28.cif,-7.25024,57.33612
xtal_3.cif,./U3Si5/__initial__/217/xtal_3.cif,-7.459542,61.145275
xtal_30.cif,./U3Si5/__initial__/217/xtal_30.cif,79.18186,-14.995641
xtal_32.cif,./U3Si5/__initial__/217/xtal_32.cif,-8.804976,57.93624
xtal_36.cif,./U3Si5/__initial__/217/xtal_36.cif,-4.4254665,56.41769
xtal_38.cif,./U3Si5/__initial__/217/xtal_38.cif,-95.16705,50.66025
xtal_40.cif,./U3Si5/__initial__/217/xtal_40.cif,-93.50625,-42.514748
xtal_42.cif,./U3Si5/__initial__/217/xtal_42.cif,-19.996212,84.78694
xtal_43.cif,./U3Si5/__initial__/217/xtal_43.cif,-7.9538355,52.43239
xtal_45.cif,./U3Si5/__initial__/217/xtal_45.cif,83.22849,-15.224185
xtal_46.cif,./U3Si5/__initial__/217/xtal_46.cif,-4.1746287,55.95059
xtal_53.cif,./U3Si5/__initial__/217/xtal_53.cif,-25.899591,8.019346
xtal_54.cif,./U3Si5/__initial__/217/xtal_54.cif,83.71243,-15.269379
xtal_55.cif,./U3Si5/__initial__/217/xtal_55.cif,83.07291,-20.550177
xtal_59.cif,./U3Si5/__initial__/217/xtal_59.cif,76.60229,-14.543937
xtal_60.cif,./U3Si5/__initial__/217/xtal_60.cif,-69.64025,26.79399
xtal_63.cif,./U3Si5/__initial__/217/xtal_63.cif,76.55011,-15.051703
xtal_64.cif,./U3Si5/__initial__/217/xtal_64.cif,-83.12518,-61.67005
xtal_65.cif,./U3Si5/__initial__/217/xtal_65.cif,77.28717,-28.003471
xtal_7.cif,./U3Si5/__initial__/217/xtal_7.cif,-69.53203,26.797998
xtal_71.cif,./U3Si5/__initial__/217/xtal_71.cif,-19.775202,24.890316
xtal_72.cif,./U3Si5/__initial__/217/xtal_72.cif,-87.11246,-18.928186
xtal_73.cif,./U3Si5/__initial__/217/xtal_73.cif,-28.293957,117.08727
xtal_75.cif,./U3Si5/__initial__/217/xtal_75.cif,-59.881958,72.37867
xtal_78.cif,./U3Si5/__initial__/217/xtal_78.cif,-26.42317,59.208504
xtal_8.cif,./U3Si5/__initial__/217/xtal_8.cif,-23.28259,68.15146
xtal_80.cif,./U3Si5/__initial__/217/xtal_80.cif,-28.409166,112.33572
xtal_84.cif,./U3Si5/__initial__/217/xtal_84.cif,-4.984151,57.27059
xtal_86.cif,./U3Si5/__initial__/217/xtal_86.cif,-6.7683973,51.94918
xtal_87.cif,./U3Si5/__initial__/217/xtal_87.cif,-35.45068,98.620674
xtal_89.cif,./U3Si5/__initial__/217/xtal_89.cif,-4.291364,55.858147
xtal_96.cif,./U3Si5/__initial__/217/xtal_96.cif,78.93955,-15.62683
xtal_10.cif,./U3Si5/__initial__/218/xtal_10.cif,-76.56797,-51.764866
xtal_100.cif,./U3Si5/__initial__/218/xtal_100.cif,-32.80247,96.9927
xtal_11.cif,./U3Si5/__initial__/218/xtal_11.cif,-104.14363,8.909922
xtal_12.cif,./U3Si5/__initial__/218/xtal_12.cif,3.8304274,-68.12838
xtal_13.cif,./U3Si5/__initial__/218/xtal_13.cif,-51.941288,7.3672953
xtal_15.cif,./U3Si5/__initial__/218/xtal_15.cif,-51.929207,5.7057843
xtal_17.cif,./U3Si5/__initial__/218/xtal_17.cif,75.176056,-26.686441
xtal_18.cif,./U3Si5/__initial__/218/xtal_18.cif,-32.058804,-58.922092
xtal_19.cif,./U3Si5/__initial__/218/xtal_19.cif,-52.01527,5.7846074
xtal_2.cif,./U3Si5/__initial__/218/xtal_2.cif,-58.084686,68.30876
xtal_22.cif,./U3Si5/__initial__/218/xtal_22.cif,-16.770298,22.058554
xtal_25.cif,./U3Si5/__initial__/218/xtal_25.cif,-115.30372,32.58024
xtal_26.cif,./U3Si5/__initial__/218/xtal_26.cif,-59.914692,72.80998
xtal_28.cif,./U3Si5/__initial__/218/xtal_28.cif,0.5083294,77.79551
xtal_29.cif,./U3Si5/__initial__/218/xtal_29.cif,-99.14892,2.914202
xtal_31.cif,./U3Si5/__initial__/218/xtal_31.cif,-57.97255,67.99103
xtal_32.cif,./U3Si5/__initial__/218/xtal_32.cif,-84.87276,-17.244667
xtal_33.cif,./U3Si5/__initial__/218/xtal_33.cif,-73.24145,35.66661
xtal_34.cif,./U3Si5/__initial__/218/xtal_34.cif,83.76301,-19.407028
xtal_35.cif,./U3Si5/__initial__/218/xtal_35.cif,83.62458,-15.524609
xtal_36.cif,./U3Si5/__initial__/218/xtal_36.cif,-25.673077,-78.07868
xtal_39.cif,./U3Si5/__initial__/218/xtal_39.cif,-24.072546,-61.36043
xtal_40.cif,./U3Si5/__initial__/218/xtal_40.cif,-19.798573,84.86027
xtal_41.cif,./U3Si5/__initial__/218/xtal_41.cif,-52.358627,32.900135
xtal_42.cif,./U3Si5/__initial__/218/xtal_42.cif,-79.053154,-65.511856
xtal_43.cif,./U3Si5/__initial__/218/xtal_43.cif,-52.514713,10.240282
xtal_44.cif,./U3Si5/__initial__/218/xtal_44.cif,4.1787276,-88.36253
xtal_46.cif,./U3Si5/__initial__/218/xtal_46.cif,-51.852962,-11.58902
xtal_49.cif,./U3Si5/__initial__/218/xtal_49.cif,-26.399212,59.11673
xtal_5.cif,./U3Si5/__initial__/218/xtal_5.cif,-34.138817,96.161194
xtal_50.cif,./U3Si5/__initial__/218/xtal_50.cif,-63.50615,75.57388
xtal_54.cif,./U3Si5/__initial__/218/xtal_54.cif,-67.135445,-3.6371198
xtal_56.cif,./U3Si5/__initial__/218/xtal_56.cif,63.798195,-56.662834
xtal_57.cif,./U3Si5/__initial__/218/xtal_57.cif,-42.221066,54.751118
xtal_59.cif,./U3Si5/__initial__/218/xtal_59.cif,-28.619345,-10.014174
xtal_6.cif,./U3Si5/__initial__/218/xtal_6.cif,77.26666,-27.77845
xtal_62.cif,./U3Si5/__initial__/218/xtal_62.cif,-62.61013,75.555855
xtal_69.cif,./U3Si5/__initial__/218/xtal_69.cif,-33.10202,-14.9747095
xtal_71.cif,./U3Si5/__initial__/218/xtal_71.cif,-32.689907,97.04194
xtal_73.cif,./U3Si5/__initial__/218/xtal_73.cif,-17.428268,101.254875
xtal_74.cif,./U3Si5/__initial__/218/xtal_74.cif,3.7611506,-65.288864
xtal_76.cif,./U3Si5/__initial__/218/xtal_76.cif,-52.62706,10.185505
xtal_79.cif,./U3Si5/__initial__/218/xtal_79.cif,-60.55984,0.40379316
xtal_80.cif,./U3Si5/__initial__/218/xtal_80.cif,-81.41662,83.00791
xtal_82.cif,./U3Si5/__initial__/218/xtal_82.cif,-104.21754,11.016656
xtal_83.cif,./U3Si5/__initial__/218/xtal_83.cif,-18.04394,20.562496
xtal_84.cif,./U3Si5/__initial__/218/xtal_84.cif,-28.470156,76.63239
xtal_86.cif,./U3Si5/__initial__/218/xtal_86.cif,-82.00638,-36.89492
xtal_89.cif,./U3Si5/__initial__/218/xtal_89.cif,83.78107,-15.624231
xtal_9.cif,./U3Si5/__initial__/218/xtal_9.cif,-24.960842,55.80161
xtal_90.cif,./U3Si5/__initial__/218/xtal_90.cif,-17.978064,101.35613
xtal_92.cif,./U3Si5/__initial__/218/xtal_92.cif,-62.951115,68.869026
xtal_93.cif,./U3Si5/__initial__/218/xtal_93.cif,-84.56353,77.6935
xtal_95.cif,./U3Si5/__initial__/218/xtal_95.cif,-68.5017,48.58378
xtal_97.cif,./U3Si5/__initial__/218/xtal_97.cif,-84.19787,-18.58552
xtal_98.cif,./U3Si5/__initial__/218/xtal_98.cif,6.5668664,103.49097
xtal_1.cif,./U3Si5/__initial__/221/xtal_1.cif,-95.09634,-28.839973
xtal_10.cif,./U3Si5/__initial__/221/xtal_10.cif,-29.862028,-26.697008
xtal_100.cif,./U3Si5/__initial__/221/xtal_100.cif,-3.9831166,111.07286
xtal_11.cif,./U3Si5/__initial__/221/xtal_11.cif,-95.329704,-44.470222
xtal_12.cif,./U3Si5/__initial__/221/xtal_12.cif,-30.623777,-74.47417
xtal_13.cif,./U3Si5/__initial__/221/xtal_13.cif,-68.8331,82.448395
xtal_14.cif,./U3Si5/__initial__/221/xtal_14.cif,-21.895895,-60.25806
xtal_15.cif,./U3Si5/__initial__/221/xtal_15.cif,83.77852,-45.510555
xtal_16.cif,./U3Si5/__initial__/221/xtal_16.cif,-66.70793,-3.8989508
xtal_17.cif,./U3Si5/__initial__/221/xtal_17.cif,24.032877,-104.91369
xtal_18.cif,./U3Si5/__initial__/221/xtal_18.cif,-23.661245,110.7845
xtal_19.cif,./U3Si5/__initial__/221/xtal_19.cif,2.2761133,-62.158333
xtal_2.cif,./U3Si5/__initial__/221/xtal_2.cif,-117.665924,17.600405
xtal_20.cif,./U3Si5/__initial__/221/xtal_20.cif,83.531204,-45.82115
xtal_21.cif,./U3Si5/__initial__/221/xtal_21.cif,-31.46835,-23.76714
xtal_23.cif,./U3Si5/__initial__/221/xtal_23.cif,29.143969,-106.364456
xtal_24.cif,./U3Si5/__initial__/221/xtal_24.cif,48.92621,8.860134
xtal_28.cif,./U3Si5/__initial__/221/xtal_28.cif,-56.544437,41.228867
xtal_29.cif,./U3Si5/__initial__/221/xtal_29.cif,-71.35409,70.64907
xtal_3.cif,./U3Si5/__initial__/221/xtal_3.cif,64.36653,-59.932278
xtal_30.cif,./U3Si5/__initial__/221/xtal_30.cif,4.568423,-61.979057
xtal_31.cif,./U3Si5/__initial__/221/xtal_31.cif,-90.65529,29.127552
xtal_33.cif,./U3Si5/__initial__/221/xtal_33.cif,85.63058,-43.65816
xtal_34.cif,./U3Si5/__initial__/221/xtal_34.cif,-53.031982,8.003249
xtal_37.cif,./U3Si5/__initial__/221/xtal_37.cif,28.378523,-105.256325
xtal_38.cif,./U3Si5/__initial__/221/xtal_38.cif,-32.642742,-21.67597
xtal_39.cif,./U3Si5/__initial__/221/xtal_39.cif,-48.155113,-22.162449
xtal_4.cif,./U3Si5/__initial__/221/xtal_4.cif,-36.88183,-17.637436
xtal_40.cif,./U3Si5/__initial__/221/xtal_40.cif,-35.44886,42.07942
xtal_41.cif,./U3Si5/__initial__/221/xtal_41.cif,75.88958,-27.930466
xtal_42.cif,./U3Si5/__initial__/221/xtal_42.cif,-72.429306,-10.3868475
xtal_43.cif,./U3Si5/__initial__/221/xtal_43.cif,-71.392395,-29.680346
xtal_44.cif,./U3Si5/__initial__/221/xtal_44.cif,-52.83683,31.288645
xtal_46.cif,./U3Si5/__initial__/221/xtal_46.cif,-48.233128,-89.63249
xtal_47.cif,./U3Si5/__initial__/221/xtal_47.cif,63.955635,-59.564262
xtal_48.cif,./U3Si5/__initial__/221/xtal_48.cif,79.694824,-19.59906
xtal_52.cif,./U3Si5/__initial__/221/xtal_52.cif,-103.14359,-3.5895522
xtal_55.cif,./U3Si5/__initial__/221/xtal_55.cif,-58.903984,-10.718271
xtal_56.cif,./U3Si5/__initial__/221/xtal_56.cif,-50.145603,-1.1646235
xtal_57.cif,./U3Si5/__initial__/221/xtal_57.cif,-56.19547,60.817295
xtal_58.cif,./U3Si5/__initial__/221/xtal_58.cif,-90.51364,46.47639
xtal_6.cif,./U3Si5/__initial__/221/xtal_6.cif,75.43036,-26.809029
xtal_60.cif,./U3Si5/__initial__/221/xtal_60.cif,-101.56929,19.830414
xtal_61.cif,./U3Si5/__initial__/221/xtal_61.cif,45.06233,-85.301994
xtal_64.cif,./U3Si5/__initial__/221/xtal_64.cif,77.92205,-12.639497
xtal_67.cif,./U3Si5/__initial__/221/xtal_67.cif,54.36191,-40.626923
xtal_68.cif,./U3Si5/__initial__/221/xtal_68.cif,-9.066142,113.22544
xtal_70.cif,./U3Si5/__initial__/221/xtal_70.cif,7.061698,-68.5123
xtal_71.cif,./U3Si5/__initial__/221/xtal_71.cif,31.49665,-106.375565
xtal_72.cif,./U3Si5/__initial__/221/xtal_72.cif,7.008686,-63.24324
xtal_73.cif,./U3Si5/__initial__/221/xtal_73.cif,-16.917171,-69.75024
xtal_74.cif,./U3Si5/__initial__/221/xtal_74.cif,4.3711786,-92.63262
xtal_75.cif,./U3Si5/__initial__/221/xtal_75.cif,-22.045593,-99.63043
xtal_76.cif,./U3Si5/__initial__/221/xtal_76.cif,29.462019,-105.44629
xtal_77.cif,./U3Si5/__initial__/221/xtal_77.cif,-33.358524,-20.691103
xtal_78.cif,./U3Si5/__initial__/221/xtal_78.cif,12.075972,-73.42643
xtal_79.cif,./U3Si5/__initial__/221/xtal_79.cif,83.253494,-46.33622
xtal_8.cif,./U3Si5/__initial__/221/xtal_8.cif,-17.741484,20.622303
xtal_80.cif,./U3Si5/__initial__/221/xtal_80.cif,-19.806067,74.75822
xtal_81.cif,./U3Si5/__initial__/221/xtal_81.cif,-71.26521,74.3918
xtal_82.cif,./U3Si5/__initial__/221/xtal_82.cif,-10.339075,-88.72078
xtal_83.cif,./U3Si5/__initial__/221/xtal_83.cif,-66.11109,-54.032948
xtal_84.cif,./U3Si5/__initial__/221/xtal_84.cif,-51.958538,7.391952
xtal_85.cif,./U3Si5/__initial__/221/xtal_85.cif,-8.06656,113.53814
xtal_86.cif,./U3Si5/__initial__/221/xtal_86.cif,-44.555317,3.7693694
xtal_87.cif,./U3Si5/__initial__/221/xtal_87.cif,-58.579426,-68.27676
xtal_88.cif,./U3Si5/__initial__/221/xtal_88.cif,-34.820457,107.21758
xtal_89.cif,./U3Si5/__initial__/221/xtal_89.cif,9.585814,-70.519646
xtal_90.cif,./U3Si5/__initial__/221/xtal_90.cif,-35.39484,-14.044822
xtal_91.cif,./U3Si5/__initial__/221/xtal_91.cif,-30.579817,-25.36877
xtal_92.cif,./U3Si5/__initial__/221/xtal_92.cif,-100.85744,19.75288
xtal_94.cif,./U3Si5/__initial__/221/xtal_94.cif,-96.43986,-4.7431855
xtal_96.cif,./U3Si5/__initial__/221/xtal_96.cif,5.974871,-62.988373
xtal_97.cif,./U3Si5/__initial__/221/xtal_97.cif,-41.49389,103.27588
xtal_98.cif,./U3Si5/__initial__/221/xtal_98.cif,-23.148941,111.15334
xtal_99.cif,./U3Si5/__initial__/221/xtal_99.cif,-29.402945,15.373866
xtal_1.cif,./U3Si5/__initial__/222/xtal_1.cif,-95.47504,-43.461025
xtal_10.cif,./U3Si5/__initial__/222/xtal_10.cif,-81.923744,-67.06082
xtal_100.cif,./U3Si5/__initial__/222/xtal_100.cif,-89.6502,-54.973835
xtal_11.cif,./U3Si5/__initial__/222/xtal_11.cif,-83.273674,-61.302624
xtal_12.cif,./U3Si5/__initial__/222/xtal_12.cif,-79.41042,-70.36651
xtal_13.cif,./U3Si5/__initial__/222/xtal_13.cif,-95.39539,-45.263298
xtal_14.cif,./U3Si5/__initial__/222/xtal_14.cif,-89.99946,-54.67415
xtal_15.cif,./U3Si5/__initial__/222/xtal_15.cif,-92.200745,-52.077106
xtal_16.cif,./U3Si5/__initial__/222/xtal_16.cif,-110.78691,-0.3027974
xtal_18.cif,./U3Si5/__initial__/222/xtal_18.cif,-103.94327,-14.966521
xtal_19.cif,./U3Si5/__initial__/222/xtal_19.cif,-84.7895,-58.79481
xtal_2.cif,./U3Si5/__initial__/222/xtal_2.cif,-84.34818,80.679474
xtal_20.cif,./U3Si5/__initial__/222/xtal_20.cif,-103.72245,-15.39046
xtal_21.cif,./U3Si5/__initial__/222/xtal_21.cif,-33.08251,-100.47253
xtal_22.cif,./U3Si5/__initial__/222/xtal_22.cif,-85.0098,80.00464
xtal_23.cif,./U3Si5/__initial__/222/xtal_23.cif,-95.86097,68.799194
xtal_24.cif,./U3Si5/__initial__/222/xtal_24.cif,-107.18512,-4.7603817
xtal_25.cif,./U3Si5/__initial__/222/xtal_25.cif,-23.10153,120.52368
xtal_26.cif,./U3Si5/__initial__/222/xtal_26.cif,-105.60332,-9.954468
xtal_27.cif,./U3Si5/__initial__/222/xtal_27.cif,-78.89654,-70.96088
xtal_28.cif,./U3Si5/__initial__/222/xtal_28.cif,-54.01078,-88.897644
xtal_29.cif,./U3Si5/__initial__/222/xtal_29.cif,-97.14866,-24.780033
xtal_3.cif,./U3Si5/__initial__/222/xtal_3.cif,0.50930613,117.726234
xtal_30.cif,./U3Si5/__initial__/222/xtal_30.cif,-61.271824,-84.3509
xtal_32.cif,./U3Si5/__initial__/222/xtal_32.cif,-38.356117,-98.57008
xtal_33.cif,./U3Si5/__initial__/222/xtal_33.cif,-62.679108,-83.70315
xtal_34.cif,./U3Si5/__initial__/222/xtal_34.cif,-62.644245,-83.71935
xtal_35.cif,./U3Si5/__initial__/222/xtal_35.cif,-77.94301,-72.20412
xtal_36.cif,./U3Si5/__initial__/222/xtal_36.cif,-97.903206,-23.484919
xtal_38.cif,./U3Si5/__initial__/222/xtal_38.cif,-85.72571,-57.649582
xtal_39.cif,./U3Si5/__initial__/222/xtal_39.cif,-71.91126,-78.165344
xtal_41.cif,./U3Si5/__initial__/222/xtal_41.cif,-117.337494,26.020308
xtal_42.cif,./U3Si5/__initial__/222/xtal_42.cif,-95.37542,-40.854797
xtal_43.cif,./U3Si5/__initial__/222/xtal_43.cif,-101.27406,61.463177
xtal_46.cif,./U3Si5/__initial__/222/xtal_46.cif,-86.4681,78.63548
xtal_48.cif,./U3Si5/__initial__/222/xtal_48.cif,-52.13534,-90.57708
xtal_49.cif,./U3Si5/__initial__/222/xtal_49.cif,-95.76174,68.89259
xtal_51.cif,./U3Si5/__initial__/222/xtal_51.cif,-32.127323,-100.87937
xtal_52.cif,./U3Si5/__initial__/222/xtal_52.cif,-115.42309,6.8603153
xtal_54.cif,./U3Si5/__initial__/222/xtal_54.cif,-53.10329,-89.717865
xtal_55.cif,./U3Si5/__initial__/222/xtal_55.cif,0.14492323,118.14163
xtal_56.cif,./U3Si5/__initial__/222/xtal_56.cif,-94.33773,-35.900707
xtal_57.cif,./U3Si5/__initial__/222/xtal_57.cif,-83.066666,-61.83933
xtal_58.cif,./U3Si5/__initial__/222/xtal_58.cif,-69.894135,-79.61018
xtal_59.cif,./U3Si5/__initial__/222/xtal_59.cif,-101.61633,-18.796337
xtal_6.cif,./U3Si5/__initial__/222/xtal_6.cif,-117.72371,15.173101
xtal_61.cif,./U3Si5/__initial__/222/xtal_61.cif,-79.47161,84.31372
xtal_62.cif,./U3Si5/__initial__/222/xtal_62.cif,-31.567545,-101.09759
xtal_63.cif,./U3Si5/__initial__/222/xtal_63.cif,-83.914925,81.10996
xtal_64.cif,./U3Si5/__initial__/222/xtal_64.cif,-72.356026,-77.83124
xtal_65.cif,./U3Si5/__initial__/222/xtal_65.cif,-116.05888,32.251144
xtal_66.cif,./U3Si5/__initial__/222/xtal_66.cif,-95.17202,-38.91485
xtal_67.cif,./U3Si5/__initial__/222/xtal_67.cif,-101.78821,60.712334
xtal_68.cif,./U3Si5/__initial__/222/xtal_68.cif,-94.53331,-30.702248
xtal_7.cif,./U3Si5/__initial__/222/xtal_7.cif,-97.389114,-24.348257
xtal_71.cif,./U3Si5/__initial__/222/xtal_71.cif,-62.423626,100.95644
xtal_73.cif,./U3Si5/__initial__/222/xtal_73.cif,-70.19044,-79.40064
xtal_74.cif,./U3Si5/__initial__/222/xtal_74.cif,-43.590492,-96.497246
xtal_75.cif,./U3Si5/__initial__/222/xtal_75.cif,-52.01443,-90.68824
xtal_76.cif,./U3Si5/__initial__/222/xtal_76.cif,-93.48359,-50.230667
xtal_77.cif,./U3Si5/__initial__/222/xtal_77.cif,-83.4723,-60.861
xtal_79.cif,./U3Si5/__initial__/222/xtal_79.cif,-49.547146,-92.73329
xtal_8.cif,./U3Si5/__initial__/222/xtal_8.cif,-107.31433,-4.520026
xtal_80.cif,./U3Si5/__initial__/222/xtal_80.cif,-95.46085,-44.67695
xtal_82.cif,./U3Si5/__initial__/222/xtal_82.cif,-105.50427,-10.419022
xtal_83.cif,./U3Si5/__initial__/222/xtal_83.cif,-101.982414,-18.302284
xtal_84.cif,./U3Si5/__initial__/222/xtal_84.cif,-81.6293,-67.510155
xtal_85.cif,./U3Si5/__initial__/222/xtal_85.cif,-85.328705,79.68314
xtal_86.cif,./U3Si5/__initial__/222/xtal_86.cif,10.389155,105.85989
xtal_87.cif,./U3Si5/__initial__/222/xtal_87.cif,-50.26304,-92.17422
xtal_88.cif,./U3Si5/__initial__/222/xtal_88.cif,-22.365234,120.97384
xtal_9.cif,./U3Si5/__initial__/222/xtal_9.cif,-117.59879,24.15809
xtal_90.cif,./U3Si5/__initial__/222/xtal_90.cif,-79.713005,84.16373
xtal_93.cif,./U3Si5/__initial__/222/xtal_93.cif,-115.30339,35.519108
xtal_94.cif,./U3Si5/__initial__/222/xtal_94.cif,-54.44219,-88.55659
xtal_95.cif,./U3Si5/__initial__/222/xtal_95.cif,-73.989395,-76.64418
xtal_96.cif,./U3Si5/__initial__/222/xtal_96.cif,-97.72315,-23.784561
xtal_97.cif,./U3Si5/__initial__/222/xtal_97.cif,-70.945625,90.91502
xtal_98.cif,./U3Si5/__initial__/222/xtal_98.cif,-24.169144,119.70837
xtal_99.cif,./U3Si5/__initial__/222/xtal_99.cif,-102.17176,60.147476
xtal_10.cif,./U3Si5/__initial__/223/xtal_10.cif,-94.664986,70.01254
xtal_100.cif,./U3Si5/__initial__/223/xtal_100.cif,-67.38199,-73.88418
xtal_13.cif,./U3Si5/__initial__/223/xtal_13.cif,-17.815157,-100.09214
xtal_15.cif,./U3Si5/__initial__/223/xtal_15.cif,-83.59235,-60.646767
xtal_16.cif,./U3Si5/__initial__/223/xtal_16.cif,-67.14656,55.046223
xtal_17.cif,./U3Si5/__initial__/223/xtal_17.cif,-39.994423,88.786064
xtal_18.cif,./U3Si5/__initial__/223/xtal_18.cif,-27.266977,100.36812
xtal_19.cif,./U3Si5/__initial__/223/xtal_19.cif,-67.111374,55.213913
xtal_2.cif,./U3Si5/__initial__/223/xtal_2.cif,-78.34622,-40.4201
xtal_20.cif,./U3Si5/__initial__/223/xtal_20.cif,-56.58984,-87.00136
xtal_25.cif,./U3Si5/__initial__/223/xtal_25.cif,-117.28489,26.422894
xtal_27.cif,./U3Si5/__initial__/223/xtal_27.cif,-95.176216,27.292517
xtal_28.cif,./U3Si5/__initial__/223/xtal_28.cif,-67.11237,55.20935
xtal_29.cif,./U3Si5/__initial__/223/xtal_29.cif,-38.727684,93.068306
xtal_3.cif,./U3Si5/__initial__/223/xtal_3.cif,-28.801722,100.05321
xtal_30.cif,./U3Si5/__initial__/223/xtal_30.cif,-101.32484,-19.173042
xtal_33.cif,./U3Si5/__initial__/223/xtal_33.cif,-76.82864,-50.573814
xtal_35.cif,./U3Si5/__initial__/223/xtal_35.cif,-92.36161,-9.333773
xtal_37.cif,./U3Si5/__initial__/223/xtal_37.cif,-68.539406,48.528435
xtal_38.cif,./U3Si5/__initial__/223/xtal_38.cif,-41.42443,-94.273224
xtal_40.cif,./U3Si5/__initial__/223/xtal_40.cif,-117.296425,26.326042
xtal_41.cif,./U3Si5/__initial__/223/xtal_41.cif,-38.315384,111.69053
xtal_42.cif,./U3Si5/__initial__/223/xtal_42.cif,-67.197815,54.83228
xtal_43.cif,./U3Si5/__initial__/223/xtal_43.cif,-92.22489,-9.437491
xtal_44.cif,./U3Si5/__initial__/223/xtal_44.cif,-94.715195,28.043304
xtal_45.cif,./U3Si5/__initial__/223/xtal_45.cif,-54.773106,-84.55893
xtal_46.cif,./U3Si5/__initial__/223/xtal_46.cif,-117.48991,13.884133
xtal_52.cif,./U3Si5/__initial__/223/xtal_52.cif,-40.0031,88.619316
xtal_55.cif,./U3Si5/__initial__/223/xtal_55.cif,-67.16178,54.980377
xtal_56.cif,./U3Si5/__initial__/223/xtal_56.cif,-80.34074,83.76162
xtal_57.cif,./U3Si5/__initial__/223/xtal_57.cif,-109.59634,-1.6752841
xtal_58.cif,./U3Si5/__initial__/223/xtal_58.cif,-42.79626,-96.86005
xtal_59.cif,./U3Si5/__initial__/223/xtal_59.cif,-76.785225,-49.92104
xtal_61.cif,./U3Si5/__initial__/223/xtal_61.cif,-76.81153,-50.82387
xtal_63.cif,./U3Si5/__initial__/223/xtal_63.cif,1.3183244,105.320854
xtal_65.cif,./U3Si5/__initial__/223/xtal_65.cif,-94.02962,-34.38098
xtal_66.cif,./U3Si5/__initial__/223/xtal_66.cif,-98.43116,3.7793403
xtal_69.cif,./U3Si5/__initial__/223/xtal_69.cif,-72.71539,-77.57329
xtal_7.cif,./U3Si5/__initial__/223/xtal_7.cif,-89.315384,38.640556
xtal_70.cif,./U3Si5/__initial__/223/xtal_70.cif,-95.240166,-28.56306
xtal_73.cif,./U3Si5/__initial__/223/xtal_73.cif,-63.533043,99.741264
xtal_74.cif,./U3Si5/__initial__/223/xtal_74.cif,-77.79544,-72.43374
xtal_75.cif,./U3Si5/__initial__/223/xtal_75.cif,-95.8861,68.773575
xtal_76.cif,./U3Si5/__initial__/223/xtal_76.cif,-63.620594,75.52376
xtal_77.cif,./U3Si5/__initial__/223/xtal_77.cif,-69.60865,-79.80319
xtal_80.cif,./U3Si5/__initial__/223/xtal_80.cif,-102.83992,-16.921015
xtal_81.cif,./U3Si5/__initial__/223/xtal_81.cif,-100.49677,62.60321
xtal_83.cif,./U3Si5/__initial__/223/xtal_83.cif,-98.44297,3.766183
xtal_86.cif,./U3Si5/__initial__/223/xtal_86.cif,-113.764275,3.667142
xtal_87.cif,./U3Si5/__initial__/223/xtal_87.cif,-115.97627,32.614662
xtal_89.cif,./U3Si5/__initial__/223/xtal_89.cif,-55.48573,-87.768906
xtal_9.cif,./U3Si5/__initial__/223/xtal_9.cif,-66.07272,65.748474
xtal_90.cif,./U3Si5/__initial__/223/xtal_90.cif,-67.23574,-73.97434
xtal_91.cif,./U3Si5/__initial__/223/xtal_91.cif,-46.570286,-94.77567
xtal_93.cif,./U3Si5/__initial__/223/xtal_93.cif,-44.055195,-96.24608
xtal_94.cif,./U3Si5/__initial__/223/xtal_94.cif,-74.05602,-76.588684
xtal_95.cif,./U3Si5/__initial__/223/xtal_95.cif,-95.32889,27.050674
xtal_97.cif,./U3Si5/__initial__/223/xtal_97.cif,-4.9207635,105.30442
xtal_98.cif,./U3Si5/__initial__/223/xtal_98.cif,-94.36607,-36.017593
xtal_99.cif,./U3Si5/__initial__/223/xtal_99.cif,-5.338572,105.271774
xtal_10.cif,./U3Si5/__initial__/224/xtal_10.cif,-1.4356693,-55.365704
xtal_13.cif,./U3Si5/__initial__/224/xtal_13.cif,-103.90078,-15.055518
xtal_17.cif,./U3Si5/__initial__/224/xtal_17.cif,-27.804535,77.10748
xtal_18.cif,./U3Si5/__initial__/224/xtal_18.cif,-104.601395,-13.396428
xtal_2.cif,./U3Si5/__initial__/224/xtal_2.cif,-49.88101,1.4439145
xtal_20.cif,./U3Si5/__initial__/224/xtal_20.cif,-37.455917,111.93257
xtal_22.cif,./U3Si5/__initial__/224/xtal_22.cif,77.88327,-14.382216
xtal_23.cif,./U3Si5/__initial__/224/xtal_23.cif,64.00202,-56.545547
xtal_32.cif,./U3Si5/__initial__/224/xtal_32.cif,-0.06964,118.38749
xtal_33.cif,./U3Si5/__initial__/224/xtal_33.cif,-17.298386,22.139002
xtal_34.cif,./U3Si5/__initial__/224/xtal_34.cif,-83.73183,81.269135
xtal_35.cif,./U3Si5/__initial__/224/xtal_35.cif,-17.276352,22.499166
xtal_38.cif,./U3Si5/__initial__/224/xtal_38.cif,74.33587,-27.07554
xtal_39.cif,./U3Si5/__initial__/224/xtal_39.cif,-18.996834,-63.50253
xtal_40.cif,./U3Si5/__initial__/224/xtal_40.cif,81.60613,-16.122967
xtal_41.cif,./U3Si5/__initial__/224/xtal_41.cif,-1.6848998,-56.33529
xtal_42.cif,./U3Si5/__initial__/224/xtal_42.cif,-72.01792,-78.08726
xtal_43.cif,./U3Si5/__initial__/224/xtal_43.cif,-24.658352,119.3366
xtal_46.cif,./U3Si5/__initial__/224/xtal_46.cif,79.443794,-20.779997
xtal_47.cif,./U3Si5/__initial__/224/xtal_47.cif,-65.67347,97.23362
xtal_5.cif,./U3Si5/__initial__/224/xtal_5.cif,-60.31217,-12.607594
xtal_50.cif,./U3Si5/__initial__/224/xtal_50.cif,-52.59348,-15.333051
xtal_52.cif,./U3Si5/__initial__/224/xtal_52.cif,-19.89958,-69.359604
xtal_53.cif,./U3Si5/__initial__/224/xtal_53.cif,-83.99368,-59.954544
xtal_55.cif,./U3Si5/__initial__/224/xtal_55.cif,-26.152376,78.95555
xtal_56.cif,./U3Si5/__initial__/224/xtal_56.cif,-94.33381,70.351944
xtal_59.cif,./U3Si5/__initial__/224/xtal_59.cif,-95.24379,69.43615
xtal_61.cif,./U3Si5/__initial__/224/xtal_61.cif,-27.800835,-11.27232
xtal_67.cif,./U3Si5/__initial__/224/xtal_67.cif,79.44637,-20.80578
xtal_69.cif,./U3Si5/__initial__/224/xtal_69.cif,-112.20274,1.5306705
xtal_7.cif,./U3Si5/__initial__/224/xtal_7.cif,-65.43121,97.51925
xtal_70.cif,./U3Si5/__initial__/224/xtal_70.cif,4.393713,-74.30575
xtal_72.cif,./U3Si5/__initial__/224/xtal_72.cif,-32.911873,-54.27209
xtal_74.cif,./U3Si5/__initial__/224/xtal_74.cif,-54.116768,27.312366
xtal_75.cif,./U3Si5/__initial__/224/xtal_75.cif,-8.8249655,58.012154
xtal_79.cif,./U3Si5/__initial__/224/xtal_79.cif,78.76952,-15.756488
xtal_8.cif,./U3Si5/__initial__/224/xtal_8.cif,74.76315,-26.957304
xtal_82.cif,./U3Si5/__initial__/224/xtal_82.cif,-53.038296,-14.8296385
xtal_83.cif,./U3Si5/__initial__/224/xtal_83.cif,74.85612,-26.725304
xtal_84.cif,./U3Si5/__initial__/224/xtal_84.cif,-18.941637,-64.45722
xtal_86.cif,./U3Si5/__initial__/224/xtal_86.cif,-1.4508768,-55.560703
xtal_88.cif,./U3Si5/__initial__/224/xtal_88.cif,-109.71387,-1.5399203
xtal_89.cif,./U3Si5/__initial__/224/xtal_89.cif,74.56418,-26.840912
xtal_91.cif,./U3Si5/__initial__/224/xtal_91.cif,-78.90563,-70.96144
xtal_92.cif,./U3Si5/__initial__/224/xtal_92.cif,-68.65085,93.81622
xtal_96.cif,./U3Si5/__initial__/224/xtal_96.cif,-50.049797,1.5728103
xtal_98.cif,./U3Si5/__initial__/224/xtal_98.cif,-63.549374,-3.057038
xtal_1.cif,./U3Si5/__initial__/229/xtal_1.cif,-37.74374,111.79757
xtal_10.cif,./U3Si5/__initial__/229/xtal_10.cif,-116.02768,32.3848
xtal_11.cif,./U3Si5/__initial__/229/xtal_11.cif,-117.644646,23.810356
xtal_12.cif,./U3Si5/__initial__/229/xtal_12.cif,-105.52678,-10.302024
xtal_16.cif,./U3Si5/__initial__/229/xtal_16.cif,-38.193745,111.706154
xtal_17.cif,./U3Si5/__initial__/229/xtal_17.cif,-112.50769,1.9396461
xtal_18.cif,./U3Si5/__initial__/229/xtal_18.cif,-77.570076,85.55912
xtal_21.cif,./U3Si5/__initial__/229/xtal_21.cif,-102.773476,59.254677
xtal_24.cif,./U3Si5/__initial__/229/xtal_24.cif,-68.75662,-80.36459
xtal_26.cif,./U3Si5/__initial__/229/xtal_26.cif,-117.947815,18.3855
xtal_3.cif,./U3Si5/__initial__/229/xtal_3.cif,-27.833847,117.4305
xtal_30.cif,./U3Si5/__initial__/229/xtal_30.cif,-101.826164,60.65842
xtal_35.cif,./U3Si5/__initial__/229/xtal_35.cif,8.0662775,110.40087
xtal_4.cif,./U3Si5/__initial__/229/xtal_4.cif,1.8272002,115.97238
xtal_46.cif,./U3Si5/__initial__/229/xtal_46.cif,-50.677586,-91.8505
xtal_48.cif,./U3Si5/__initial__/229/xtal_48.cif,-96.43118,-26.003843
xtal_49.cif,./U3Si5/__initial__/229/xtal_49.cif,-65.31038,97.66099
xtal_5.cif,./U3Si5/__initial__/229/xtal_5.cif,0.080178395,118.21751
xtal_50.cif,./U3Si5/__initial__/229/xtal_50.cif,-94.09054,70.62259
xtal_52.cif,./U3Si5/__initial__/229/xtal_52.cif,-62.126053,101.41515
xtal_53.cif,./U3Si5/__initial__/229/xtal_53.cif,-70.58026,91.386185
xtal_54.cif,./U3Si5/__initial__/229/xtal_54.cif,-50.741455,-91.79443
xtal_55.cif,./U3Si5/__initial__/229/xtal_55.cif,-88.046265,77.48669
xtal_56.cif,./U3Si5/__initial__/229/xtal_56.cif,-66.09222,-82.0551
xtal_59.cif,./U3Si5/__initial__/229/xtal_59.cif,-28.393936,117.11143
xtal_60.cif,./U3Si5/__initial__/229/xtal_60.cif,-25.245293,118.93346
xtal_65.cif,./U3Si5/__initial__/229/xtal_65.cif,-62.843754,-83.627754
xtal_66.cif,./U3Si5/__initial__/229/xtal_66.cif,-117.35684,25.89596
xtal_69.cif,./U3Si5/__initial__/229/xtal_69.cif,-100.441734,62.690575
xtal_7.cif,./U3Si5/__initial__/229/xtal_7.cif,-38.529648,-98.49141
xtal_70.cif,./U3Si5/__initial__/229/xtal_70.cif,-116.782646,10.551692
xtal_73.cif,./U3Si5/__initial__/229/xtal_73.cif,-108.140175,-3.3679838
xtal_74.cif,./U3Si5/__initial__/229/xtal_74.cif,-117.644844,23.80016
xtal_75.cif,./U3Si5/__initial__/229/xtal_75.cif,-94.650505,70.02105
xtal_76.cif,./U3Si5/__initial__/229/xtal_76.cif,-25.772661,118.60792
xtal_78.cif,./U3Si5/__initial__/229/xtal_78.cif,-117.84858,16.809958
xtal_79.cif,./U3Si5/__initial__/229/xtal_79.cif,-81.89763,-67.10212
xtal_8.cif,./U3Si5/__initial__/229/xtal_8.cif,-95.185616,-46.30562
xtal_83.cif,./U3Si5/__initial__/229/xtal_83.cif,-117.16694,27.418283
xtal_84.cif,./U3Si5/__initial__/229/xtal_84.cif,-105.4809,-10.538565
xtal_87.cif,./U3Si5/__initial__/229/xtal_87.cif,-43.56498,-96.510666
xtal_9.cif,./U3Si5/__initial__/229/xtal_9.cif,-117.73428,15.283176
xtal_91.cif,./U3Si5/__initial__/229/xtal_91.cif,-117.610886,14.3869915
xtal_92.cif,./U3Si5/__initial__/229/xtal_92.cif,-81.72149,-67.405396
xtal_97.cif,./U3Si5/__initial__/229/xtal_97.cif,-83.92227,81.10333
xtal_98.cif,./U3Si5/__initial__/229/xtal_98.cif,-95.0262,69.64906
