filename,filepath,tsne_dim1,tsne_dim2
xtal_1.cif,./U3Si5/__initial__/2/xtal_1.cif,-34.43875,-4.1998744
xtal_10.cif,./U3Si5/__initial__/2/xtal_10.cif,56.799175,4.908548
xtal_100.cif,./U3Si5/__initial__/2/xtal_100.cif,1.4590601,-86.825775
xtal_11.cif,./U3Si5/__initial__/2/xtal_11.cif,33.617218,-45.289406
xtal_12.cif,./U3Si5/__initial__/2/xtal_12.cif,39.815662,-81.79285
xtal_13.cif,./U3Si5/__initial__/2/xtal_13.cif,98.456604,18.401728
xtal_14.cif,./U3Si5/__initial__/2/xtal_14.cif,-20.601234,-50.38217
xtal_15.cif,./U3Si5/__initial__/2/xtal_15.cif,-38.837936,58.84316
xtal_16.cif,./U3Si5/__initial__/2/xtal_16.cif,-35.199528,-62.01311
xtal_17.cif,./U3Si5/__initial__/2/xtal_17.cif,39.657677,-74.695786
xtal_18.cif,./U3Si5/__initial__/2/xtal_18.cif,22.874004,-64.061905
xtal_19.cif,./U3Si5/__initial__/2/xtal_19.cif,-58.051647,-2.0302668
xtal_2.cif,./U3Si5/__initial__/2/xtal_2.cif,-6.1351695,-72.61607
xtal_20.cif,./U3Si5/__initial__/2/xtal_20.cif,-60.083233,-20.800198
xtal_21.cif,./U3Si5/__initial__/2/xtal_21.cif,-63.9844,30.496635
xtal_22.cif,./U3Si5/__initial__/2/xtal_22.cif,-59.261776,-53.67289
xtal_23.cif,./U3Si5/__initial__/2/xtal_23.cif,-42.584087,22.840643
xtal_24.cif,./U3Si5/__initial__/2/xtal_24.cif,2.553079,-93.71121
xtal_25.cif,./U3Si5/__initial__/2/xtal_25.cif,11.29087,61.68165
xtal_26.cif,./U3Si5/__initial__/2/xtal_26.cif,-57.0827,-1.2040147
xtal_27.cif,./U3Si5/__initial__/2/xtal_27.cif,17.256102,-92.4483
xtal_28.cif,./U3Si5/__initial__/2/xtal_28.cif,92.48869,-37.468506
xtal_29.cif,./U3Si5/__initial__/2/xtal_29.cif,-60.08746,-16.08501
xtal_3.cif,./U3Si5/__initial__/2/xtal_3.cif,-14.040986,-45.96181
xtal_30.cif,./U3Si5/__initial__/2/xtal_30.cif,35.90228,-73.71087
xtal_31.cif,./U3Si5/__initial__/2/xtal_31.cif,-9.613647,-76.24286
xtal_32.cif,./U3Si5/__initial__/2/xtal_32.cif,31.865803,-86.5845
xtal_33.cif,./U3Si5/__initial__/2/xtal_33.cif,-18.667852,-82.60722
xtal_34.cif,./U3Si5/__initial__/2/xtal_34.cif,48.61683,-66.24737
xtal_35.cif,./U3Si5/__initial__/2/xtal_35.cif,15.944126,-59.69597
xtal_36.cif,./U3Si5/__initial__/2/xtal_36.cif,-55.21311,-52.946846
xtal_37.cif,./U3Si5/__initial__/2/xtal_37.cif,84.94938,-61.088474
xtal_38.cif,./U3Si5/__initial__/2/xtal_38.cif,-59.78743,27.067339
xtal_39.cif,./U3Si5/__initial__/2/xtal_39.cif,-37.593113,2.7511432
xtal_4.cif,./U3Si5/__initial__/2/xtal_4.cif,17.805145,-92.18587
xtal_40.cif,./U3Si5/__initial__/2/xtal_40.cif,-37.87486,11.507759
xtal_41.cif,./U3Si5/__initial__/2/xtal_41.cif,-46.96328,28.790956
xtal_42.cif,./U3Si5/__initial__/2/xtal_42.cif,-8.632371,-67.99358
xtal_43.cif,./U3Si5/__initial__/2/xtal_43.cif,2.1900625,-90.04011
xtal_44.cif,./U3Si5/__initial__/2/xtal_44.cif,-60.005524,-5.63013
xtal_45.cif,./U3Si5/2/xtal_45.cif,-80.905464,-18.541887
xtal_46.cif,./U3Si5/__initial__/2/xtal_46.cif,-40.33291,-63.49615
xtal_47.cif,./U3Si5/__initial__/2/xtal_47.cif,-43.092415,-30.678753
xtal_48.cif,./U3Si5/__initial__/2/xtal_48.cif,-19.128452,-83.71415
xtal_49.cif,./U3Si5/__initial__/2/xtal_49.cif,2.8355317,-94.0139
xtal_5.cif,./U3Si5/__initial__/2/xtal_5.cif,-51.697994,-73.53953
xtal_50.cif,./U3Si5/__initial__/2/xtal_50.cif,2.226288,-92.40653
xtal_51.cif,./U3Si5/__initial__/2/xtal_51.cif,-2.0658617,-62.741608
xtal_52.cif,./U3Si5/__initial__/2/xtal_52.cif,47.797585,-51.57316
xtal_53.cif,./U3Si5/__initial__/2/xtal_53.cif,39.585827,-75.96711
xtal_54.cif,./U3Si5/__initial__/2/xtal_54.cif,-70.01053,-29.857065
xtal_55.cif,./U3Si5/__initial__/2/xtal_55.cif,-20.348803,60.12684
xtal_56.cif,./U3Si5/__initial__/2/xtal_56.cif,0.9016091,-88.179436
xtal_57.cif,./U3Si5/__initial__/2/xtal_57.cif,-39.86045,-40.599995
xtal_58.cif,./U3Si5/__initial__/2/xtal_58.cif,50.034874,-26.712757
xtal_59.cif,./U3Si5/__initial__/2/xtal_59.cif,-12.468069,-78.13754
xtal_6.cif,./U3Si5/2/xtal_6.cif,31.194614,-41.910267
xtal_60.cif,./U3Si5/__initial__/2/xtal_60.cif,-5.9808574,-78.623665
xtal_61.cif,./U3Si5/__initial__/2/xtal_61.cif,-59.807934,-46.026627
xtal_62.cif,./U3Si5/__initial__/2/xtal_62.cif,32.59562,-89.37428
xtal_63.cif,./U3Si5/__initial__/2/xtal_63.cif,-31.584993,-67.299324
xtal_64.cif,./U3Si5/__initial__/2/xtal_64.cif,-19.146307,-46.790276
xtal_65.cif,./U3Si5/__initial__/2/xtal_65.cif,-26.430103,-85.3859
xtal_66.cif,./U3Si5/__initial__/2/xtal_66.cif,-57.6602,-71.05539
xtal_67.cif,./U3Si5/__initial__/2/xtal_67.cif,-30.106798,77.3208
xtal_68.cif,./U3Si5/__initial__/2/xtal_68.cif,66.02333,28.730608
xtal_69.cif,./U3Si5/__initial__/2/xtal_69.cif,-31.402252,-78.156364
xtal_7.cif,./U3Si5/__initial__/2/xtal_7.cif,67.54693,-77.80696
xtal_70.cif,./U3Si5/__initial__/2/xtal_70.cif,60.67297,4.199669
xtal_71.cif,./U3Si5/__initial__/2/xtal_71.cif,10.366628,-95.50482
xtal_72.cif,./U3Si5/__initial__/2/xtal_72.cif,45.30621,-64.6293
xtal_73.cif,./U3Si5/__initial__/2/xtal_73.cif,-49.91048,-45.6197
xtal_74.cif,./U3Si5/__initial__/2/xtal_74.cif,35.795437,-81.51558
xtal_75.cif,./U3Si5/__initial__/2/xtal_75.cif,-55.311363,-47.697727
xtal_76.cif,./U3Si5/__initial__/2/xtal_76.cif,-71.30195,-12.392628
xtal_77.cif,./U3Si5/__initial__/2/xtal_77.cif,45.400246,-79.09121
xtal_78.cif,./U3Si5/__initial__/2/xtal_78.cif,32.28075,-57.525837
xtal_79.cif,./U3Si5/__initial__/2/xtal_79.cif,17.618128,-94.392784
xtal_8.cif,./U3Si5/__initial__/2/xtal_8.cif,-34.821514,78.8728
xtal_80.cif,./U3Si5/__initial__/2/xtal_80.cif,-31.598417,46.40746
xtal_81.cif,./U3Si5/__initial__/2/xtal_81.cif,-62.269955,30.429037
xtal_82.cif,./U3Si5/__initial__/2/xtal_82.cif,-38.324028,-63.560974
xtal_83.cif,./U3Si5/__initial__/2/xtal_83.cif,-56.529778,41.41978
xtal_84.cif,./U3Si5/__initial__/2/xtal_84.cif,-29.10437,10.76582
xtal_85.cif,./U3Si5/__initial__/2/xtal_85.cif,-20.994902,72.944565
xtal_86.cif,./U3Si5/__initial__/2/xtal_86.cif,-54.943,42.57912
xtal_87.cif,./U3Si5/__initial__/2/xtal_87.cif,33.17838,-73.72807
xtal_88.cif,./U3Si5/__initial__/2/xtal_88.cif,-10.262876,12.894217
xtal_89.cif,./U3Si5/__initial__/2/xtal_89.cif,-6.295493,74.33488
xtal_9.cif,./U3Si5/__initial__/2/xtal_9.cif,-37.651016,-46.104527
xtal_90.cif,./U3Si5/__initial__/2/xtal_90.cif,-60.778812,-19.081604
xtal_91.cif,./U3Si5/__initial__/2/xtal_91.cif,72.68919,41.957916
xtal_92.cif,./U3Si5/__initial__/2/xtal_92.cif,-77.702965,-20.889692
xtal_93.cif,./U3Si5/__initial__/2/xtal_93.cif,-30.098574,69.85379
xtal_94.cif,./U3Si5/__initial__/2/xtal_94.cif,17.377777,-92.79545
xtal_95.cif,./U3Si5/__initial__/2/xtal_95.cif,23.583967,-40.679874
xtal_96.cif,./U3Si5/__initial__/2/xtal_96.cif,50.27154,5.3246183
xtal_97.cif,./U3Si5/__initial__/2/xtal_97.cif,-38.30952,-65.33336
xtal_98.cif,./U3Si5/__initial__/2/xtal_98.cif,-4.1492715,-99.23077
xtal_99.cif,./U3Si5/__initial__/2/xtal_99.cif,11.227628,-95.91333
xtal_1.cif,./U3Si5/3/xtal_1.cif,17.541538,-94.92212
xtal_10.cif,./U3Si5/__initial__/3/xtal_10.cif,46.257816,-29.05251
xtal_100.cif,./U3Si5/__initial__/3/xtal_100.cif,41.366364,35.02538
xtal_11.cif,./U3Si5/__initial__/3/xtal_11.cif,83.232506,29.06042
xtal_12.cif,./U3Si5/__initial__/3/xtal_12.cif,-28.564234,35.183113
xtal_13.cif,./U3Si5/__initial__/3/xtal_13.cif,-5.1195664,2.547757
xtal_14.cif,./U3Si5/__initial__/3/xtal_14.cif,-4.8435497,13.118861
xtal_15.cif,./U3Si5/__initial__/3/xtal_15.cif,79.79602,-79.30469
xtal_16.cif,./U3Si5/__initial__/3/xtal_16.cif,6.1887984,37.931553
xtal_17.cif,./U3Si5/__initial__/3/xtal_17.cif,44.67882,-29.92556
xtal_18.cif,./U3Si5/3/xtal_18.cif,-14.367517,-51.84787
xtal_19.cif,./U3Si5/__initial__/3/xtal_19.cif,0.8836247,-23.33162
xtal_2.cif,./U3Si5/__initial__/3/xtal_2.cif,5.3891788,-8.246712
xtal_20.cif,./U3Si5/__initial__/3/xtal_20.cif,-46.80309,68.186264
xtal_21.cif,./U3Si5/__initial__/3/xtal_21.cif,-40.65325,16.757477
xtal_22.cif,./U3Si5/3/xtal_22.cif,-65.667046,17.509197
xtal_23.cif,./U3Si5/3/xtal_23.cif,1.2508596,-88.890686
xtal_24.cif,./U3Si5/__initial__/3/xtal_24.cif,13.796922,-1.8383129
xtal_25.cif,./U3Si5/__initial__/3/xtal_25.cif,-31.022,18.021309
xtal_26.cif,./U3Si5/__initial__/3/xtal_26.cif,10.172612,-0.46285114
xtal_27.cif,./U3Si5/3/xtal_27.cif,2.5051775,-70.505066
xtal_28.cif,./U3Si5/3/xtal_28.cif,-7.3558073,-55.526672
xtal_29.cif,./U3Si5/__initial__/3/xtal_29.cif,13.233377,-0.00400195
xtal_3.cif,./U3Si5/__initial__/3/xtal_3.cif,-1.3784624,26.798685
xtal_30.cif,./U3Si5/3/xtal_30.cif,-12.574109,7.151226
xtal_31.cif,./U3Si5/3/xtal_31.cif,-97.89743,18.652468
xtal_32.cif,./U3Si5/3/xtal_32.cif,-16.535156,-89.52593
xtal_33.cif,./U3Si5/__initial__/3/xtal_33.cif,-25.143625,4.238112
xtal_34.cif,./U3Si5/__initial__/3/xtal_34.cif,-8.639292,92.80298
xtal_35.cif,./U3Si5/__initial__/3/xtal_35.cif,-25.661985,42.757717
xtal_36.cif,./U3Si5/__initial__/3/xtal_36.cif,-42.672115,-14.875106
xtal_37.cif,./U3Si5/3/xtal_37.cif,-27.344675,-91.26284
xtal_38.cif,./U3Si5/3/xtal_38.cif,-75.010475,-15.356198
xtal_39.cif,./U3Si5/__initial__/3/xtal_39.cif,-36.629723,-52.154774
xtal_4.cif,./U3Si5/3/xtal_4.cif,-19.503553,-19.317148
xtal_40.cif,./U3Si5/__initial__/3/xtal_40.cif,-9.698196,8.026701
xtal_41.cif,./U3Si5/3/xtal_41.cif,-12.341585,-71.699905
xtal_42.cif,./U3Si5/__initial__/3/xtal_42.cif,-18.528193,50.220947
xtal_43.cif,./U3Si5/3/xtal_43.cif,-51.600964,-3.6636877
xtal_44.cif,./U3Si5/3/xtal_44.cif,-11.466542,-50.01122
xtal_45.cif,./U3Si5/3/xtal_45.cif,-41.63986,61.09217
xtal_46.cif,./U3Si5/__initial__/3/xtal_46.cif,7.9075236,86.16213
xtal_47.cif,./U3Si5/__initial__/3/xtal_47.cif,4.864115,-8.066933
xtal_48.cif,./U3Si5/__initial__/3/xtal_48.cif,68.38432,-9.425518
xtal_49.cif,./U3Si5/__initial__/3/xtal_49.cif,46.102978,-68.231606
xtal_5.cif,./U3Si5/__initial__/3/xtal_5.cif,-28.718136,58.387447
xtal_50.cif,./U3Si5/__initial__/3/xtal_50.cif,25.953499,20.2849
xtal_51.cif,./U3Si5/3/xtal_51.cif,15.00141,-79.71825
xtal_52.cif,./U3Si5/__initial__/3/xtal_52.cif,-40.19259,-10.655719
xtal_53.cif,./U3Si5/__initial__/3/xtal_53.cif,-13.720668,46.462433
xtal_54.cif,./U3Si5/__initial__/3/xtal_54.cif,42.70351,25.901836
xtal_55.cif,./U3Si5/3/xtal_55.cif,-2.950045,-29.583586
xtal_56.cif,./U3Si5/__initial__/3/xtal_56.cif,10.848255,52.184917
xtal_57.cif,./U3Si5/__initial__/3/xtal_57.cif,15.418316,35.746742
xtal_58.cif,./U3Si5/__initial__/3/xtal_58.cif,13.708962,-6.2431474
xtal_59.cif,./U3Si5/__initial__/3/xtal_59.cif,-32.535973,-35.435066
xtal_6.cif,./U3Si5/__initial__/3/xtal_6.cif,17.982924,-81.74296
xtal_60.cif,./U3Si5/3/xtal_60.cif,9.724503,-22.425512
xtal_61.cif,./U3Si5/__initial__/3/xtal_61.cif,-43.550594,64.0321
xtal_62.cif,./U3Si5/__initial__/3/xtal_62.cif,-9.701618,7.823616
xtal_63.cif,./U3Si5/__initial__/3/xtal_63.cif,-18.316698,-16.661768
xtal_64.cif,./U3Si5/__initial__/3/xtal_64.cif,31.883884,38.288055
xtal_65.cif,./U3Si5/3/xtal_65.cif,19.492374,-55.48952
xtal_66.cif,./U3Si5/__initial__/3/xtal_66.cif,5.1386456,3.2429736
xtal_67.cif,./U3Si5/__initial__/3/xtal_67.cif,-29.398306,41.291203
xtal_68.cif,./U3Si5/__initial__/3/xtal_68.cif,3.264901,41.84256
xtal_69.cif,./U3Si5/3/xtal_69.cif,-20.975365,-18.671747
xtal_7.cif,./U3Si5/3/xtal_7.cif,13.02128,-67.43177
xtal_70.cif,./U3Si5/__initial__/3/xtal_70.cif,23.683374,-27.096191
xtal_71.cif,./U3Si5/3/xtal_71.cif,1.0738256,-22.426523
xtal_72.cif,./U3Si5/__initial__/3/xtal_72.cif,-4.519116,26.613344
xtal_73.cif,./U3Si5/__initial__/3/xtal_73.cif,-13.896706,63.437122
xtal_74.cif,./U3Si5/__initial__/3/xtal_74.cif,-21.919598,69.45437
xtal_75.cif,./U3Si5/__initial__/3/xtal_75.cif,2.9079158,-2.2679975
xtal_76.cif,./U3Si5/3/xtal_76.cif,2.1718981,-31.587746
xtal_77.cif,./U3Si5/__initial__/3/xtal_77.cif,-36.170326,-2.6065018
xtal_78.cif,./U3Si5/__initial__/3/xtal_78.cif,-26.92769,69.95651
xtal_79.cif,./U3Si5/__initial__/3/xtal_79.cif,59.659607,51.279537
xtal_8.cif,./U3Si5/__initial__/3/xtal_8.cif,31.316175,32.76892
xtal_80.cif,./U3Si5/3/xtal_80.cif,-25.058826,-89.64514
xtal_81.cif,./U3Si5/3/xtal_81.cif,12.715838,-96.81193
xtal_82.cif,./U3Si5/3/xtal_82.cif,-10.450599,-5.2882586
xtal_83.cif,./U3Si5/3/xtal_83.cif,13.993291,-88.28235
xtal_84.cif,./U3Si5/__initial__/3/xtal_84.cif,-9.586015,5.9781375
xtal_85.cif,./U3Si5/3/xtal_85.cif,-0.94268495,-27.95256
xtal_86.cif,./U3Si5/__initial__/3/xtal_86.cif,4.7559686,0.91574013
xtal_87.cif,./U3Si5/3/xtal_87.cif,-62.480038,7.061902
xtal_88.cif,./U3Si5/3/xtal_88.cif,13.089454,-13.8113785
xtal_89.cif,./U3Si5/__initial__/3/xtal_89.cif,38.37601,32.91286
xtal_9.cif,./U3Si5/3/xtal_9.cif,20.90516,-106.49104
xtal_90.cif,./U3Si5/__initial__/3/xtal_90.cif,7.0990047,-4.399388
xtal_91.cif,./U3Si5/__initial__/3/xtal_91.cif,18.095531,37.472473
xtal_92.cif,./U3Si5/3/xtal_92.cif,16.04652,-83.91324
xtal_93.cif,./U3Si5/__initial__/3/xtal_93.cif,2.28311,68.30159
xtal_94.cif,./U3Si5/__initial__/3/xtal_94.cif,-12.071273,76.3196
xtal_95.cif,./U3Si5/__initial__/3/xtal_95.cif,1.8779039,0.67724687
xtal_96.cif,./U3Si5/3/xtal_96.cif,-32.010906,-48.55182
xtal_97.cif,./U3Si5/__initial__/3/xtal_97.cif,9.792569,51.819283
xtal_98.cif,./U3Si5/__initial__/3/xtal_98.cif,9.359268,25.01932
xtal_99.cif,./U3Si5/__initial__/3/xtal_99.cif,-49.017345,67.84798
xtal_1.cif,./U3Si5/4/xtal_1.cif,-58.200203,31.526129
xtal_10.cif,./U3Si5/4/xtal_10.cif,-35.742317,78.81687
xtal_100.cif,./U3Si5/__initial__/4/xtal_100.cif,-3.1038551,40.497517
xtal_11.cif,./U3Si5/4/xtal_11.cif,-59.14303,24.754938
xtal_12.cif,./U3Si5/__initial__/4/xtal_12.cif,-65.16056,-53.769928
xtal_13.cif,./U3Si5/4/xtal_13.cif,-45.211765,-30.286898
xtal_14.cif,./U3Si5/__initial__/4/xtal_14.cif,-19.66618,87.61955
xtal_15.cif,./U3Si5/__initial__/4/xtal_15.cif,-27.57224,35.63458
xtal_16.cif,./U3Si5/__initial__/4/xtal_16.cif,-47.362698,-16.861738
xtal_17.cif,./U3Si5/__initial__/4/xtal_17.cif,-4.980222,86.95374
xtal_18.cif,./U3Si5/4/xtal_18.cif,-51.056507,-29.588856
xtal_19.cif,./U3Si5/4/xtal_19.cif,-59.06714,25.48834
xtal_2.cif,./U3Si5/__initial__/4/xtal_2.cif,-42.25225,63.646492
xtal_20.cif,./U3Si5/__initial__/4/xtal_20.cif,12.501061,-84.3835
xtal_21.cif,./U3Si5/4/xtal_21.cif,12.902992,4.655507
xtal_22.cif,./U3Si5/4/xtal_22.cif,21.888351,-96.32317
xtal_23.cif,./U3Si5/__initial__/4/xtal_23.cif,-21.960068,-84.30744
xtal_24.cif,./U3Si5/4/xtal_24.cif,9.451406,-82.58069
xtal_25.cif,./U3Si5/__initial__/4/xtal_25.cif,20.357838,-22.80355
xtal_26.cif,./U3Si5/__initial__/4/xtal_26.cif,39.747288,-91.23809
xtal_27.cif,./U3Si5/__initial__/4/xtal_27.cif,-2.2317328,30.05109
xtal_28.cif,./U3Si5/4/xtal_28.cif,17.41686,9.133138
xtal_29.cif,./U3Si5/__initial__/4/xtal_29.cif,-23.666344,56.25929
xtal_3.cif,./U3Si5/__initial__/4/xtal_3.cif,3.9161394,16.422663
xtal_30.cif,./U3Si5/__initial__/4/xtal_30.cif,18.363098,1.9556962
xtal_31.cif,./U3Si5/__initial__/4/xtal_31.cif,-15.176053,-7.4265313
xtal_32.cif,./U3Si5/4/xtal_32.cif,14.262074,-23.21319
xtal_33.cif,./U3Si5/__initial__/4/xtal_33.cif,-58.76477,40.823036
xtal_34.cif,./U3Si5/__initial__/4/xtal_34.cif,-55.764236,-5.5680833
xtal_35.cif,./U3Si5/4/xtal_35.cif,10.277226,-21.077677
xtal_36.cif,./U3Si5/4/xtal_36.cif,0.4648343,-29.979855
xtal_37.cif,./U3Si5/__initial__/4/xtal_37.cif,20.718597,0.4092479
xtal_38.cif,./U3Si5/__initial__/4/xtal_38.cif,-29.584616,39.336185
xtal_39.cif,./U3Si5/__initial__/4/xtal_39.cif,48.585995,-4.724524
xtal_4.cif,./U3Si5/__initial__/4/xtal_4.cif,3.0772696,-37.29363
xtal_40.cif,./U3Si5/__initial__/4/xtal_40.cif,41.16024,-25.194284
xtal_41.cif,./U3Si5/4/xtal_41.cif,4.4457507,-18.024832
xtal_42.cif,./U3Si5/__initial__/4/xtal_42.cif,-21.99754,33.699146
xtal_43.cif,./U3Si5/__initial__/4/xtal_43.cif,0.6915565,21.832985
xtal_44.cif,./U3Si5/__initial__/4/xtal_44.cif,19.593023,-50.7144
xtal_45.cif,./U3Si5/4/xtal_45.cif,16.831974,4.770216
xtal_46.cif,./U3Si5/4/xtal_46.cif,-96.919685,11.314289
xtal_47.cif,./U3Si5/__initial__/4/xtal_47.cif,2.587205,-15.023388
xtal_48.cif,./U3Si5/4/xtal_48.cif,10.760251,-49.18243
xtal_49.cif,./U3Si5/4/xtal_49.cif,-34.8492,79.21654
xtal_5.cif,./U3Si5/4/xtal_5.cif,-11.791956,-27.8205
xtal_50.cif,./U3Si5/__initial__/4/xtal_50.cif,41.159042,-14.707634
xtal_51.cif,./U3Si5/4/xtal_51.cif,-57.59379,-0.5520009
xtal_52.cif,./U3Si5/__initial__/4/xtal_52.cif,-26.89755,69.85524
xtal_53.cif,./U3Si5/__initial__/4/xtal_53.cif,-20.236126,-58.672894
xtal_54.cif,./U3Si5/__initial__/4/xtal_54.cif,72.916855,-57.60893
xtal_55.cif,./U3Si5/__initial__/4/xtal_55.cif,-56.235313,16.265144
xtal_56.cif,./U3Si5/__initial__/4/xtal_56.cif,9.163138,-53.225864
xtal_57.cif,./U3Si5/4/xtal_57.cif,26.076323,-90.38281
xtal_58.cif,./U3Si5/__initial__/4/xtal_58.cif,-12.497442,-71.61635
xtal_59.cif,./U3Si5/__initial__/4/xtal_59.cif,-10.646918,94.21016
xtal_6.cif,./U3Si5/4/xtal_6.cif,-39.674946,59.483337
xtal_60.cif,./U3Si5/4/xtal_60.cif,-0.6935968,-34.284737
xtal_61.cif,./U3Si5/__initial__/4/xtal_61.cif,-2.9810834,38.925274
xtal_62.cif,./U3Si5/4/xtal_62.cif,19.47819,3.193151
xtal_63.cif,./U3Si5/__initial__/4/xtal_63.cif,18.277916,-29.703104
xtal_64.cif,./U3Si5/4/xtal_64.cif,5.4906898,-21.481392
xtal_65.cif,./U3Si5/__initial__/4/xtal_65.cif,-24.220514,85.83259
xtal_66.cif,./U3Si5/__initial__/4/xtal_66.cif,-64.20261,5.6221128
xtal_67.cif,./U3Si5/4/xtal_67.cif,9.473751,-24.67401
xtal_68.cif,./U3Si5/__initial__/4/xtal_68.cif,25.397547,8.210096
xtal_69.cif,./U3Si5/__initial__/4/xtal_69.cif,28.329098,-79.86518
xtal_7.cif,./U3Si5/__initial__/4/xtal_7.cif,-3.2831488,38.775356
xtal_70.cif,./U3Si5/__initial__/4/xtal_70.cif,4.165916,-50.80955
xtal_71.cif,./U3Si5/__initial__/4/xtal_71.cif,28.644518,-27.25807
xtal_72.cif,./U3Si5/__initial__/4/xtal_72.cif,12.878688,-8.500989
xtal_73.cif,./U3Si5/__initial__/4/xtal_73.cif,7.6822295,-40.1171
xtal_74.cif,./U3Si5/4/xtal_74.cif,-56.024776,-77.126945
xtal_75.cif,./U3Si5/__initial__/4/xtal_75.cif,-41.892025,-61.885563
xtal_76.cif,./U3Si5/__initial__/4/xtal_76.cif,-12.69761,-39.556553
xtal_77.cif,./U3Si5/__initial__/4/xtal_77.cif,-35.61037,70.3466
xtal_78.cif,./U3Si5/__initial__/4/xtal_78.cif,-54.001587,30.980726
xtal_79.cif,./U3Si5/4/xtal_79.cif,8.281248,-85.749886
xtal_8.cif,./U3Si5/4/xtal_8.cif,-14.366896,-27.463423
xtal_80.cif,./U3Si5/__initial__/4/xtal_80.cif,-36.72586,15.749566
xtal_81.cif,./U3Si5/__initial__/4/xtal_81.cif,39.351704,-71.76355
xtal_82.cif,./U3Si5/__initial__/4/xtal_82.cif,18.269161,-29.792877
xtal_83.cif,./U3Si5/__initial__/4/xtal_83.cif,-44.141132,-11.38983
xtal_84.cif,./U3Si5/__initial__/4/xtal_84.cif,10.390506,-85.65464
xtal_85.cif,./U3Si5/4/xtal_85.cif,-77.47678,6.483553
xtal_86.cif,./U3Si5/4/xtal_86.cif,25.113457,-86.42266
xtal_87.cif,./U3Si5/4/xtal_87.cif,-17.731628,-20.248062
xtal_88.cif,./U3Si5/__initial__/4/xtal_88.cif,-66.52401,20.642784
xtal_89.cif,./U3Si5/4/xtal_89.cif,-41.576843,37.065823
xtal_9.cif,./U3Si5/4/xtal_9.cif,-21.515322,-82.124245
xtal_90.cif,./U3Si5/4/xtal_90.cif,11.5272665,-81.468155
xtal_91.cif,./U3Si5/4/xtal_91.cif,-28.782055,71.49693
xtal_92.cif,./U3Si5/__initial__/4/xtal_92.cif,7.268737,32.74618
xtal_93.cif,./U3Si5/__initial__/4/xtal_93.cif,-29.965656,43.55946
xtal_94.cif,./U3Si5/__initial__/4/xtal_94.cif,5.9961815,-55.144806
xtal_95.cif,./U3Si5/__initial__/4/xtal_95.cif,-3.5207438,38.52159
xtal_96.cif,./U3Si5/4/xtal_96.cif,-66.293365,-73.953804
xtal_97.cif,./U3Si5/4/xtal_97.cif,19.341406,-55.232887
xtal_98.cif,./U3Si5/__initial__/4/xtal_98.cif,-29.286617,41.99695
xtal_99.cif,./U3Si5/4/xtal_99.cif,15.88456,-53.94316
xtal_1.cif,./U3Si5/5/xtal_1.cif,-15.067347,-18.441168
xtal_10.cif,./U3Si5/__initial__/5/xtal_10.cif,23.665247,-5.8403935
xtal_100.cif,./U3Si5/5/xtal_100.cif,-12.785749,93.366104
xtal_11.cif,./U3Si5/5/xtal_11.cif,-31.022451,39.534462
xtal_12.cif,./U3Si5/__initial__/5/xtal_12.cif,-12.440542,-39.96699
xtal_13.cif,./U3Si5/5/xtal_13.cif,-3.6401615,41.76113
xtal_14.cif,./U3Si5/__initial__/5/xtal_14.cif,28.546268,12.354605
xtal_15.cif,./U3Si5/5/xtal_15.cif,-88.70056,9.826707
xtal_16.cif,./U3Si5/__initial__/5/xtal_16.cif,-15.097758,39.41873
xtal_17.cif,./U3Si5/__initial__/5/xtal_17.cif,104.789536,7.558433
xtal_18.cif,./U3Si5/5/xtal_18.cif,22.618427,-1.3582357
xtal_19.cif,./U3Si5/__initial__/5/xtal_19.cif,-1.3122131,47.286377
xtal_2.cif,./U3Si5/__initial__/5/xtal_2.cif,25.097416,2.898287
xtal_20.cif,./U3Si5/5/xtal_20.cif,7.9270782,-51.87699
xtal_21.cif,./U3Si5/5/xtal_21.cif,-10.795287,-4.598282
xtal_22.cif,./U3Si5/5/xtal_22.cif,15.587307,-17.75487
xtal_23.cif,./U3Si5/__initial__/5/xtal_23.cif,-27.406614,51.417934
xtal_24.cif,./U3Si5/5/xtal_24.cif,-20.003633,-40.616257
xtal_25.cif,./U3Si5/5/xtal_25.cif,-16.162169,-5.9400043
xtal_26.cif,./U3Si5/__initial__/5/xtal_26.cif,11.060089,36.32372
xtal_27.cif,./U3Si5/5/xtal_27.cif,-67.635284,4.6193595
xtal_28.cif,./U3Si5/__initial__/5/xtal_28.cif,-26.317802,30.221535
xtal_29.cif,./U3Si5/__initial__/5/xtal_29.cif,31.9632,35.178417
xtal_3.cif,./U3Si5/__initial__/5/xtal_3.cif,32.276943,-30.0472
xtal_30.cif,./U3Si5/5/xtal_30.cif,-31.236923,7.341401
xtal_31.cif,./U3Si5/__initial__/5/xtal_31.cif,-17.511208,62.45217
xtal_32.cif,./U3Si5/__initial__/5/xtal_32.cif,16.378506,8.738325
xtal_33.cif,./U3Si5/__initial__/5/xtal_33.cif,40.78587,-25.781048
xtal_34.cif,./U3Si5/5/xtal_34.cif,15.678837,-5.2950177
xtal_35.cif,./U3Si5/__initial__/5/xtal_35.cif,32.598965,4.6170025
xtal_36.cif,./U3Si5/__initial__/5/xtal_36.cif,33.369625,25.737194
xtal_37.cif,./U3Si5/5/xtal_37.cif,1.0786934,-36.109436
xtal_38.cif,./U3Si5/__initial__/5/xtal_38.cif,5.2406836,13.860213
xtal_39.cif,./U3Si5/5/xtal_39.cif,4.9046807,13.188351
xtal_4.cif,./U3Si5/__initial__/5/xtal_4.cif,18.617764,10.904406
xtal_40.cif,./U3Si5/__initial__/5/xtal_40.cif,31.412529,-29.615482
xtal_41.cif,./U3Si5/5/xtal_41.cif,-14.697628,-20.042742
xtal_42.cif,./U3Si5/5/xtal_42.cif,17.523788,-23.314623
xtal_43.cif,./U3Si5/__initial__/5/xtal_43.cif,43.304016,34.24391
xtal_44.cif,./U3Si5/__initial__/5/xtal_44.cif,-22.103773,-21.30743
xtal_45.cif,./U3Si5/__initial__/5/xtal_45.cif,-8.4347515,91.56403
xtal_46.cif,./U3Si5/5/xtal_46.cif,-66.605255,21.187164
xtal_47.cif,./U3Si5/__initial__/5/xtal_47.cif,30.922604,34.306065
xtal_48.cif,./U3Si5/__initial__/5/xtal_48.cif,17.753653,-89.994415
xtal_49.cif,./U3Si5/__initial__/5/xtal_49.cif,-31.097792,73.57171
xtal_5.cif,./U3Si5/__initial__/5/xtal_5.cif,38.201794,-93.35374
xtal_50.cif,./U3Si5/5/xtal_50.cif,34.58499,-92.502815
xtal_51.cif,./U3Si5/5/xtal_51.cif,10.340279,-15.812109
xtal_52.cif,./U3Si5/5/xtal_52.cif,-1.9289298,-16.225279
xtal_53.cif,./U3Si5/__initial__/5/xtal_53.cif,-41.01816,71.919846
xtal_54.cif,./U3Si5/__initial__/5/xtal_54.cif,9.782573,19.613287
xtal_55.cif,./U3Si5/__initial__/5/xtal_55.cif,44.08529,28.773207
xtal_56.cif,./U3Si5/5/xtal_56.cif,-59.034973,40.04222
xtal_57.cif,./U3Si5/__initial__/5/xtal_57.cif,77.215294,10.598327
xtal_58.cif,./U3Si5/5/xtal_58.cif,-56.192783,-5.7277155
xtal_59.cif,./U3Si5/__initial__/5/xtal_59.cif,2.3892632,48.276356
xtal_6.cif,./U3Si5/__initial__/5/xtal_6.cif,-34.5038,36.365574
xtal_60.cif,./U3Si5/5/xtal_60.cif,-68.74166,2.9485261
xtal_61.cif,./U3Si5/__initial__/5/xtal_61.cif,-18.807299,13.335626
xtal_62.cif,./U3Si5/5/xtal_62.cif,-18.813082,88.43681
xtal_63.cif,./U3Si5/__initial__/5/xtal_63.cif,-5.4129047,21.39126
xtal_64.cif,./U3Si5/5/xtal_64.cif,-43.2063,-34.662693
xtal_65.cif,./U3Si5/5/xtal_65.cif,-50.500446,-60.83564
xtal_66.cif,./U3Si5/__initial__/5/xtal_66.cif,5.9557776,78.10072
xtal_67.cif,./U3Si5/5/xtal_67.cif,10.560402,-79.39586
xtal_68.cif,./U3Si5/__initial__/5/xtal_68.cif,-3.505484,37.21366
xtal_69.cif,./U3Si5/__initial__/5/xtal_69.cif,54.414883,-49.522785
xtal_7.cif,./U3Si5/5/xtal_7.cif,-12.250809,-4.8549275
xtal_70.cif,./U3Si5/5/xtal_70.cif,-42.58024,62.83448
xtal_71.cif,./U3Si5/5/xtal_71.cif,13.346954,-86.46728
xtal_72.cif,./U3Si5/__initial__/5/xtal_72.cif,7.095827,76.05457
xtal_73.cif,./U3Si5/__initial__/5/xtal_73.cif,-37.546875,70.675125
xtal_74.cif,./U3Si5/__initial__/5/xtal_74.cif,73.56825,12.211693
xtal_75.cif,./U3Si5/5/xtal_75.cif,12.52905,-19.658377
xtal_76.cif,./U3Si5/5/xtal_76.cif,-71.53129,14.37957
xtal_77.cif,./U3Si5/5/xtal_77.cif,42.28441,-57.38867
xtal_78.cif,./U3Si5/5/xtal_78.cif,5.468378,-5.7391014
xtal_79.cif,./U3Si5/__initial__/5/xtal_79.cif,42.91696,54.950634
xtal_8.cif,./U3Si5/__initial__/5/xtal_8.cif,57.92836,-16.562767
xtal_80.cif,./U3Si5/__initial__/5/xtal_80.cif,18.496181,-85.92655
xtal_81.cif,./U3Si5/__initial__/5/xtal_81.cif,58.5156,69.46072
xtal_82.cif,./U3Si5/5/xtal_82.cif,-1.8514271,-31.997763
xtal_83.cif,./U3Si5/5/xtal_83.cif,-73.37671,-17.49126
xtal_84.cif,./U3Si5/__initial__/5/xtal_84.cif,-5.724412,43.405968
xtal_85.cif,./U3Si5/__initial__/5/xtal_85.cif,-68.682365,23.189106
xtal_86.cif,./U3Si5/5/xtal_86.cif,6.4140286,33.21665
xtal_87.cif,./U3Si5/__initial__/5/xtal_87.cif,42.40169,60.183117
xtal_88.cif,./U3Si5/__initial__/5/xtal_88.cif,0.07736264,99.923836
xtal_89.cif,./U3Si5/5/xtal_89.cif,-49.88108,40.207455
xtal_9.cif,./U3Si5/__initial__/5/xtal_9.cif,24.041655,-6.194887
xtal_90.cif,./U3Si5/__initial__/5/xtal_90.cif,39.78629,45.98083
xtal_91.cif,./U3Si5/5/xtal_91.cif,-23.652573,86.8348
xtal_92.cif,./U3Si5/__initial__/5/xtal_92.cif,23.14445,17.506748
xtal_93.cif,./U3Si5/5/xtal_93.cif,-1.0665481,29.149939
xtal_94.cif,./U3Si5/5/xtal_94.cif,1.8547444,-25.352116
xtal_95.cif,./U3Si5/__initial__/5/xtal_95.cif,85.10327,2.0794795
xtal_96.cif,./U3Si5/5/xtal_96.cif,-25.670948,16.766785
xtal_97.cif,./U3Si5/5/xtal_97.cif,4.0361633,-36.144875
xtal_98.cif,./U3Si5/5/xtal_98.cif,8.29266,35.716423
xtal_99.cif,./U3Si5/__initial__/5/xtal_99.cif,-18.32457,-1.8091755
xtal_1.cif,./U3Si5/__initial__/6/xtal_1.cif,9.970061,51.675156
xtal_10.cif,./U3Si5/__initial__/6/xtal_10.cif,20.237938,45.459892
xtal_100.cif,./U3Si5/__initial__/6/xtal_100.cif,9.89366,-9.345114
xtal_11.cif,./U3Si5/6/xtal_11.cif,11.879588,-83.534134
xtal_12.cif,./U3Si5/6/xtal_12.cif,11.88985,25.445286
xtal_13.cif,./U3Si5/6/xtal_13.cif,-2.4968,42.741776
xtal_14.cif,./U3Si5/6/xtal_14.cif,-0.7525358,35.11116
xtal_15.cif,./U3Si5/6/xtal_15.cif,15.710975,-5.764477
xtal_16.cif,./U3Si5/6/xtal_16.cif,20.473349,8.518519
xtal_17.cif,./U3Si5/__initial__/6/xtal_17.cif,-24.451862,40.138412
xtal_18.cif,./U3Si5/6/xtal_18.cif,17.268496,16.85803
xtal_19.cif,./U3Si5/6/xtal_19.cif,23.132788,-9.062232
xtal_2.cif,./U3Si5/__initial__/6/xtal_2.cif,18.03505,42.32488
xtal_20.cif,./U3Si5/__initial__/6/xtal_20.cif,38.990433,26.86381
xtal_21.cif,./U3Si5/6/xtal_21.cif,-45.927864,69.88428
xtal_22.cif,./U3Si5/__initial__/6/xtal_22.cif,3.6347227,-4.111794
xtal_23.cif,./U3Si5/__initial__/6/xtal_23.cif,20.663979,39.490963
xtal_24.cif,./U3Si5/6/xtal_24.cif,13.871875,-91.9224
xtal_25.cif,./U3Si5/6/xtal_25.cif,17.041336,-25.362728
xtal_26.cif,./U3Si5/6/xtal_26.cif,1.3464632,111.140656
xtal_27.cif,./U3Si5/__initial__/6/xtal_27.cif,-33.5753,-34.478252
xtal_28.cif,./U3Si5/__initial__/6/xtal_28.cif,-4.1528087,-0.40821332
xtal_29.cif,./U3Si5/__initial__/6/xtal_29.cif,4.312506,48.04085
xtal_3.cif,./U3Si5/6/xtal_3.cif,10.193268,-22.083513
xtal_30.cif,./U3Si5/6/xtal_30.cif,-24.172466,-27.505562
xtal_31.cif,./U3Si5/__initial__/6/xtal_31.cif,10.601778,50.26339
xtal_32.cif,./U3Si5/6/xtal_32.cif,-4.900448,-3.6053126
xtal_33.cif,./U3Si5/6/xtal_33.cif,16.65002,-13.525715
xtal_34.cif,./U3Si5/__initial__/6/xtal_34.cif,2.6438105,26.610704
xtal_35.cif,./U3Si5/__initial__/6/xtal_35.cif,29.075619,-48.49549
xtal_36.cif,./U3Si5/6/xtal_36.cif,-35.822105,-52.187687
xtal_37.cif,./U3Si5/__initial__/6/xtal_37.cif,52.416046,70.26854
xtal_38.cif,./U3Si5/6/xtal_38.cif,0.8363844,-22.517445
xtal_39.cif,./U3Si5/__initial__/6/xtal_39.cif,1.9571772,43.956852
xtal_4.cif,./U3Si5/6/xtal_4.cif,13.212072,4.0573926
xtal_40.cif,./U3Si5/6/xtal_40.cif,-48.52794,62.900024
xtal_41.cif,./U3Si5/__initial__/6/xtal_41.cif,-11.519438,87.64321
xtal_42.cif,./U3Si5/__initial__/6/xtal_42.cif,-14.094165,24.381887
xtal_43.cif,./U3Si5/__initial__/6/xtal_43.cif,42.34011,75.17027
xtal_44.cif,./U3Si5/__initial__/6/xtal_44.cif,25.730402,76.14228
xtal_45.cif,./U3Si5/6/xtal_45.cif,-63.766754,5.5078206
xtal_46.cif,./U3Si5/6/xtal_46.cif,14.401748,4.7151837
xtal_47.cif,./U3Si5/6/xtal_47.cif,11.275415,-81.04397
xtal_48.cif,./U3Si5/6/xtal_48.cif,-1.0128115,-15.5545
xtal_49.cif,./U3Si5/6/xtal_49.cif,-57.208607,-55.451313
xtal_5.cif,./U3Si5/6/xtal_5.cif,11.238032,-87.70747
xtal_50.cif,./U3Si5/6/xtal_50.cif,17.219292,-18.565842
xtal_51.cif,./U3Si5/__initial__/6/xtal_51.cif,21.06199,-10.23912
xtal_52.cif,./U3Si5/6/xtal_52.cif,16.578264,9.59715
xtal_53.cif,./U3Si5/__initial__/6/xtal_53.cif,5.543522,24.380722
xtal_54.cif,./U3Si5/__initial__/6/xtal_54.cif,0.91371256,41.388977
xtal_55.cif,./U3Si5/6/xtal_55.cif,6.170396,31.545969
xtal_56.cif,./U3Si5/6/xtal_56.cif,-25.027632,-16.869644
xtal_57.cif,./U3Si5/__initial__/6/xtal_57.cif,25.428272,30.87823
xtal_58.cif,./U3Si5/6/xtal_58.cif,10.34054,1.3960699
xtal_59.cif,./U3Si5/__initial__/6/xtal_59.cif,3.9359727,0.3437031
xtal_6.cif,./U3Si5/6/xtal_6.cif,14.535704,-0.5921411
xtal_60.cif,./U3Si5/6/xtal_60.cif,-23.672815,35.32128
xtal_61.cif,./U3Si5/__initial__/6/xtal_61.cif,32.1259,26.639847
xtal_62.cif,./U3Si5/6/xtal_62.cif,-57.820805,49.341286
xtal_63.cif,./U3Si5/6/xtal_63.cif,12.187536,28.03388
xtal_64.cif,./U3Si5/__initial__/6/xtal_64.cif,31.863396,31.441877
xtal_65.cif,./U3Si5/6/xtal_65.cif,-10.894065,-59.143566
xtal_66.cif,./U3Si5/6/xtal_66.cif,-69.43219,3.1240304
xtal_67.cif,./U3Si5/6/xtal_67.cif,9.733024,-17.99941
xtal_68.cif,./U3Si5/6/xtal_68.cif,14.84479,32.72589
xtal_69.cif,./U3Si5/__initial__/6/xtal_69.cif,7.0255575,-20.49475
xtal_7.cif,./U3Si5/6/xtal_7.cif,18.6821,-27.855284
xtal_70.cif,./U3Si5/6/xtal_70.cif,15.313117,-11.268092
xtal_71.cif,./U3Si5/6/xtal_71.cif,16.632607,-6.1580715
xtal_72.cif,./U3Si5/6/xtal_72.cif,17.705496,-18.657131
xtal_73.cif,./U3Si5/6/xtal_73.cif,-47.53368,63.33689
xtal_74.cif,./U3Si5/__initial__/6/xtal_74.cif,12.724643,32.72392
xtal_75.cif,./U3Si5/__initial__/6/xtal_75.cif,5.1402025,59.598713
xtal_76.cif,./U3Si5/6/xtal_76.cif,19.559093,3.266381
xtal_77.cif,./U3Si5/__initial__/6/xtal_77.cif,2.558882,41.093338
xtal_78.cif,./U3Si5/6/xtal_78.cif,-0.07515988,-13.3586645
xtal_79.cif,./U3Si5/6/xtal_79.cif,18.561375,10.574788
xtal_8.cif,./U3Si5/6/xtal_8.cif,7.4137974,29.97
xtal_80.cif,./U3Si5/__initial__/6/xtal_80.cif,-49.65249,66.58156
xtal_81.cif,./U3Si5/6/xtal_81.cif,-14.098116,-22.481289
xtal_82.cif,./U3Si5/__initial__/6/xtal_82.cif,-2.9121974,34.60695
xtal_83.cif,./U3Si5/__initial__/6/xtal_83.cif,15.137785,18.929428
xtal_84.cif,./U3Si5/__initial__/6/xtal_84.cif,20.25744,39.244843
xtal_85.cif,./U3Si5/__initial__/6/xtal_85.cif,26.697752,-3.552457
xtal_86.cif,./U3Si5/6/xtal_86.cif,-12.159387,-38.233204
xtal_87.cif,./U3Si5/__initial__/6/xtal_87.cif,46.248116,10.015016
xtal_88.cif,./U3Si5/__initial__/6/xtal_88.cif,31.001394,10.153494
xtal_89.cif,./U3Si5/6/xtal_89.cif,-27.02912,-90.45255
xtal_9.cif,./U3Si5/__initial__/6/xtal_9.cif,16.913153,31.900852
xtal_90.cif,./U3Si5/6/xtal_90.cif,-64.77975,-26.005264
xtal_91.cif,./U3Si5/6/xtal_91.cif,-25.333046,-19.677166
xtal_92.cif,./U3Si5/__initial__/6/xtal_92.cif,12.975895,18.301613
xtal_93.cif,./U3Si5/6/xtal_93.cif,2.8394506,-2.2778733
xtal_94.cif,./U3Si5/__initial__/6/xtal_94.cif,37.086174,54.240723
xtal_95.cif,./U3Si5/__initial__/6/xtal_95.cif,-4.661679,0.20770839
xtal_96.cif,./U3Si5/__initial__/6/xtal_96.cif,5.2632236,0.47310385
xtal_97.cif,./U3Si5/6/xtal_97.cif,8.665967,-25.27501
xtal_98.cif,./U3Si5/__initial__/6/xtal_98.cif,-65.600815,17.592302
xtal_99.cif,./U3Si5/6/xtal_99.cif,14.132053,-29.510845
xtal_1.cif,./U3Si5/__initial__/7/xtal_1.cif,-2.6902425,-6.532823
xtal_10.cif,./U3Si5/__initial__/7/xtal_10.cif,22.088099,50.125534
xtal_100.cif,./U3Si5/__initial__/7/xtal_100.cif,33.627106,78.08033
xtal_11.cif,./U3Si5/__initial__/7/xtal_11.cif,-28.900671,40.23871
xtal_12.cif,./U3Si5/__initial__/7/xtal_12.cif,-28.537966,58.10241
xtal_13.cif,./U3Si5/__initial__/7/xtal_13.cif,14.686445,-89.21131
xtal_14.cif,./U3Si5/__initial__/7/xtal_14.cif,-10.636882,-5.170143
xtal_15.cif,./U3Si5/__initial__/7/xtal_15.cif,-2.015277,31.62183
xtal_16.cif,./U3Si5/__initial__/7/xtal_16.cif,36.890198,75.23012
xtal_17.cif,./U3Si5/__initial__/7/xtal_17.cif,30.26835,31.85889
xtal_18.cif,./U3Si5/__initial__/7/xtal_18.cif,-63.27708,13.873225
xtal_19.cif,./U3Si5/__initial__/7/xtal_19.cif,15.839787,-23.502571
xtal_2.cif,./U3Si5/__initial__/7/xtal_2.cif,21.617197,66.79456
xtal_20.cif,./U3Si5/__initial__/7/xtal_20.cif,1.7727618,-14.1577015
xtal_21.cif,./U3Si5/__initial__/7/xtal_21.cif,-65.96177,4.0718727
xtal_22.cif,./U3Si5/__initial__/7/xtal_22.cif,19.602152,-17.398289
xtal_23.cif,./U3Si5/__initial__/7/xtal_23.cif,19.66329,-13.134254
xtal_24.cif,./U3Si5/__initial__/7/xtal_24.cif,-3.5705686,-5.1546025
xtal_25.cif,./U3Si5/__initial__/7/xtal_25.cif,18.790365,35.899666
xtal_26.cif,./U3Si5/__initial__/7/xtal_26.cif,36.939453,31.085823
xtal_27.cif,./U3Si5/__initial__/7/xtal_27.cif,16.896969,10.089468
xtal_28.cif,./U3Si5/__initial__/7/xtal_28.cif,-1.3462139,-19.85399
xtal_29.cif,./U3Si5/__initial__/7/xtal_29.cif,-12.3000145,-51.709763
xtal_3.cif,./U3Si5/__initial__/7/xtal_3.cif,49.34018,45.39697
xtal_30.cif,./U3Si5/__initial__/7/xtal_30.cif,-19.329517,0.5073751
xtal_31.cif,./U3Si5/__initial__/7/xtal_31.cif,4.822763,-6.132423
xtal_32.cif,./U3Si5/__initial__/7/xtal_32.cif,17.94592,-0.9912934
xtal_33.cif,./U3Si5/__initial__/7/xtal_33.cif,2.5590427,43.462734
xtal_34.cif,./U3Si5/__initial__/7/xtal_34.cif,-17.108118,-23.000828
xtal_35.cif,./U3Si5/__initial__/7/xtal_35.cif,-0.12341295,26.263733
xtal_36.cif,./U3Si5/__initial__/7/xtal_36.cif,-4.8595448,-60.99404
xtal_37.cif,./U3Si5/__initial__/7/xtal_37.cif,25.68265,11.601978
xtal_38.cif,./U3Si5/__initial__/7/xtal_38.cif,-18.245277,-24.761723
xtal_39.cif,./U3Si5/__initial__/7/xtal_39.cif,-58.863697,6.324091
xtal_4.cif,./U3Si5/__initial__/7/xtal_4.cif,-2.1089618,-3.2236598
xtal_40.cif,./U3Si5/__initial__/7/xtal_40.cif,24.446665,50.46416
xtal_41.cif,./U3Si5/__initial__/7/xtal_41.cif,-27.60801,39.98701
xtal_42.cif,./U3Si5/__initial__/7/xtal_42.cif,1.8656409,-30.81151
xtal_43.cif,./U3Si5/__initial__/7/xtal_43.cif,27.755667,-38.34938
xtal_44.cif,./U3Si5/__initial__/7/xtal_44.cif,4.339189,-21.587158
xtal_45.cif,./U3Si5/7/xtal_45.cif,-17.652145,108.72775
xtal_46.cif,./U3Si5/__initial__/7/xtal_46.cif,5.5644927,0.1224849
xtal_47.cif,./U3Si5/__initial__/7/xtal_47.cif,-64.83466,-35.760826
xtal_48.cif,./U3Si5/__initial__/7/xtal_48.cif,29.180029,88.52972
xtal_49.cif,./U3Si5/__initial__/7/xtal_49.cif,-3.4782937,35.763737
xtal_5.cif,./U3Si5/__initial__/7/xtal_5.cif,10.597001,35.43553
xtal_50.cif,./U3Si5/__initial__/7/xtal_50.cif,-1.6122371,-7.8187923
xtal_51.cif,./U3Si5/7/xtal_51.cif,-77.01726,34.491814
xtal_52.cif,./U3Si5/__initial__/7/xtal_52.cif,-22.768385,-19.17095
xtal_53.cif,./U3Si5/__initial__/7/xtal_53.cif,20.569515,-83.623634
xtal_54.cif,./U3Si5/__initial__/7/xtal_54.cif,-38.21582,10.460113
xtal_55.cif,./U3Si5/__initial__/7/xtal_55.cif,18.083302,-23.39965
xtal_56.cif,./U3Si5/__initial__/7/xtal_56.cif,4.819436,7.130457
xtal_57.cif,./U3Si5/__initial__/7/xtal_57.cif,-43.337135,71.19149
xtal_58.cif,./U3Si5/__initial__/7/xtal_58.cif,15.45957,-23.949986
xtal_59.cif,./U3Si5/__initial__/7/xtal_59.cif,1.6007688,25.476368
xtal_6.cif,./U3Si5/__initial__/7/xtal_6.cif,-11.545768,-58.222054
xtal_60.cif,./U3Si5/__initial__/7/xtal_60.cif,-41.853004,61.902187
xtal_61.cif,./U3Si5/__initial__/7/xtal_61.cif,-64.09781,8.868272
xtal_62.cif,./U3Si5/__initial__/7/xtal_62.cif,-63.689606,7.7179604
xtal_63.cif,./U3Si5/__initial__/7/xtal_63.cif,-2.217326,29.846443
xtal_64.cif,./U3Si5/__initial__/7/xtal_64.cif,10.278702,27.425264
xtal_65.cif,./U3Si5/__initial__/7/xtal_65.cif,12.452556,-17.076576
xtal_66.cif,./U3Si5/__initial__/7/xtal_66.cif,-60.542267,-4.2520022
xtal_67.cif,./U3Si5/__initial__/7/xtal_67.cif,-64.069664,18.487944
xtal_68.cif,./U3Si5/__initial__/7/xtal_68.cif,-8.281973,5.749367
xtal_69.cif,./U3Si5/__initial__/7/xtal_69.cif,-6.2506776,-8.983744
xtal_7.cif,./U3Si5/__initial__/7/xtal_7.cif,17.53001,-24.459286
xtal_70.cif,./U3Si5/__initial__/7/xtal_70.cif,-24.93822,15.448737
xtal_71.cif,./U3Si5/__initial__/7/xtal_71.cif,44.37199,84.53239
xtal_72.cif,./U3Si5/__initial__/7/xtal_72.cif,12.665545,-84.15431
xtal_73.cif,./U3Si5/__initial__/7/xtal_73.cif,24.348423,75.16413
xtal_74.cif,./U3Si5/__initial__/7/xtal_74.cif,-25.7705,-21.880774
xtal_75.cif,./U3Si5/__initial__/7/xtal_75.cif,-8.190506,-5.7352395
xtal_76.cif,./U3Si5/__initial__/7/xtal_76.cif,22.31931,50.91651
xtal_77.cif,./U3Si5/__initial__/7/xtal_77.cif,19.207882,-2.3779218
xtal_78.cif,./U3Si5/__initial__/7/xtal_78.cif,0.85821265,-5.8051734
xtal_79.cif,./U3Si5/__initial__/7/xtal_79.cif,0.526199,-30.681768
xtal_8.cif,./U3Si5/__initial__/7/xtal_8.cif,14.752576,11.157601
xtal_80.cif,./U3Si5/__initial__/7/xtal_80.cif,16.06264,35.787174
xtal_81.cif,./U3Si5/__initial__/7/xtal_81.cif,2.7444937,32.786865
xtal_82.cif,./U3Si5/__initial__/7/xtal_82.cif,26.093897,3.803356
xtal_83.cif,./U3Si5/__initial__/7/xtal_83.cif,10.28706,51.402294
xtal_84.cif,./U3Si5/__initial__/7/xtal_84.cif,7.3261223,13.849195
xtal_85.cif,./U3Si5/__initial__/7/xtal_85.cif,-14.370323,-52.48146
xtal_86.cif,./U3Si5/__initial__/7/xtal_86.cif,-52.085155,-3.870647
xtal_87.cif,./U3Si5/__initial__/7/xtal_87.cif,-22.523064,-83.78188
xtal_88.cif,./U3Si5/__initial__/7/xtal_88.cif,29.423079,30.408102
xtal_89.cif,./U3Si5/__initial__/7/xtal_89.cif,7.6742134,-28.098516
xtal_9.cif,./U3Si5/__initial__/7/xtal_9.cif,-22.92124,-86.91617
xtal_90.cif,./U3Si5/__initial__/7/xtal_90.cif,20.89772,68.64295
xtal_91.cif,./U3Si5/__initial__/7/xtal_91.cif,-14.773984,-17.189194
xtal_92.cif,./U3Si5/__initial__/7/xtal_92.cif,-13.026722,-4.1201954
xtal_93.cif,./U3Si5/__initial__/7/xtal_93.cif,-47.89081,75.51103
xtal_94.cif,./U3Si5/__initial__/7/xtal_94.cif,22.309414,37.296337
xtal_95.cif,./U3Si5/__initial__/7/xtal_95.cif,-12.489542,-90.54033
xtal_96.cif,./U3Si5/__initial__/7/xtal_96.cif,-41.800632,64.84859
xtal_97.cif,./U3Si5/__initial__/7/xtal_97.cif,-64.28268,-59.715706
xtal_98.cif,./U3Si5/__initial__/7/xtal_98.cif,-67.00799,22.538397
xtal_99.cif,./U3Si5/__initial__/7/xtal_99.cif,-48.18619,63.13691
xtal_1.cif,./U3Si5/__initial__/8/xtal_1.cif,24.342346,78.37727
xtal_10.cif,./U3Si5/__initial__/8/xtal_10.cif,35.196762,75.532486
xtal_100.cif,./U3Si5/__initial__/8/xtal_100.cif,-21.445982,20.908966
xtal_11.cif,./U3Si5/8/xtal_11.cif,34.548992,24.44099
xtal_12.cif,./U3Si5/8/xtal_12.cif,-38.278175,84.32411
xtal_13.cif,./U3Si5/__initial__/8/xtal_13.cif,30.185814,60.564945
xtal_14.cif,./U3Si5/__initial__/8/xtal_14.cif,65.142914,18.186386
xtal_15.cif,./U3Si5/__initial__/8/xtal_15.cif,28.73606,43.71597
xtal_16.cif,./U3Si5/__initial__/8/xtal_16.cif,-19.408693,-56.737186
xtal_17.cif,./U3Si5/__initial__/8/xtal_17.cif,45.141865,-29.629217
xtal_18.cif,./U3Si5/__initial__/8/xtal_18.cif,40.723312,47.59701
xtal_19.cif,./U3Si5/8/xtal_19.cif,6.6914625,-87.276726
xtal_2.cif,./U3Si5/__initial__/8/xtal_2.cif,30.015148,45.55873
xtal_20.cif,./U3Si5/8/xtal_20.cif,18.206594,-24.0918
xtal_21.cif,./U3Si5/8/xtal_21.cif,-22.47411,-22.542828
xtal_22.cif,./U3Si5/8/xtal_22.cif,-7.4018664,-8.4937105
xtal_23.cif,./U3Si5/8/xtal_23.cif,-28.501078,73.01023
xtal_24.cif,./U3Si5/8/xtal_24.cif,16.245031,-61.60215
xtal_25.cif,./U3Si5/__initial__/8/xtal_25.cif,48.930687,60.789253
xtal_26.cif,./U3Si5/__initial__/8/xtal_26.cif,31.373814,-29.627264
xtal_27.cif,./U3Si5/__initial__/8/xtal_27.cif,3.5252378,-18.677565
xtal_28.cif,./U3Si5/8/xtal_28.cif,-4.2648125,-1.0020806
xtal_29.cif,./U3Si5/__initial__/8/xtal_29.cif,21.140472,33.609726
xtal_3.cif,./U3Si5/__initial__/8/xtal_3.cif,3.0891316,23.11849
xtal_30.cif,./U3Si5/__initial__/8/xtal_30.cif,11.214004,13.611094
xtal_31.cif,./U3Si5/__initial__/8/xtal_31.cif,37.08673,58.222286
xtal_32.cif,./U3Si5/8/xtal_32.cif,31.054329,21.155579
xtal_33.cif,./U3Si5/__initial__/8/xtal_33.cif,30.565126,-6.4741874
xtal_34.cif,./U3Si5/8/xtal_34.cif,-16.572336,-23.454237
xtal_35.cif,./U3Si5/__initial__/8/xtal_35.cif,25.748747,75.708145
xtal_36.cif,./U3Si5/__initial__/8/xtal_36.cif,9.6961,11.360214
xtal_37.cif,./U3Si5/8/xtal_37.cif,3.2715273,5.612622
xtal_38.cif,./U3Si5/__initial__/8/xtal_38.cif,74.989555,-60.82908
xtal_39.cif,./U3Si5/__initial__/8/xtal_39.cif,35.537495,28.619688
xtal_4.cif,./U3Si5/__initial__/8/xtal_4.cif,23.094828,-10.431562
xtal_40.cif,./U3Si5/8/xtal_40.cif,15.556381,18.171688
xtal_41.cif,./U3Si5/__initial__/8/xtal_41.cif,-3.9652667,80.68405
xtal_42.cif,./U3Si5/__initial__/8/xtal_42.cif,9.393932,41.649296
xtal_43.cif,./U3Si5/8/xtal_43.cif,27.961359,20.724949
xtal_44.cif,./U3Si5/__initial__/8/xtal_44.cif,49.410553,-0.44461808
xtal_45.cif,./U3Si5/8/xtal_45.cif,7.2717104,50.11955
xtal_46.cif,./U3Si5/8/xtal_46.cif,2.6282763,1.5880119
xtal_47.cif,./U3Si5/__initial__/8/xtal_47.cif,45.058567,44.20227
xtal_48.cif,./U3Si5/8/xtal_48.cif,-57.7898,51.397835
xtal_49.cif,./U3Si5/8/xtal_49.cif,8.697569,-6.2939897
xtal_5.cif,./U3Si5/8/xtal_5.cif,-10.532514,-4.0609946
xtal_50.cif,./U3Si5/__initial__/8/xtal_50.cif,-6.521734,6.724848
xtal_51.cif,./U3Si5/__initial__/8/xtal_51.cif,34.70651,-14.015983
xtal_52.cif,./U3Si5/8/xtal_52.cif,-8.760448,-5.8800178
xtal_53.cif,./U3Si5/8/xtal_53.cif,13.4204035,-15.979436
xtal_54.cif,./U3Si5/__initial__/8/xtal_54.cif,47.683132,79.50006
xtal_55.cif,./U3Si5/8/xtal_55.cif,5.1054583,-23.651604
xtal_56.cif,./U3Si5/__initial__/8/xtal_56.cif,-27.102015,35.712097
xtal_57.cif,./U3Si5/8/xtal_57.cif,4.752187,1.0844268
xtal_58.cif,./U3Si5/8/xtal_58.cif,28.07333,14.893657
xtal_59.cif,./U3Si5/8/xtal_59.cif,8.504068,35.971233
xtal_6.cif,./U3Si5/__initial__/8/xtal_6.cif,35.20494,89.8166
xtal_60.cif,./U3Si5/__initial__/8/xtal_60.cif,7.5760574,79.93755
xtal_61.cif,./U3Si5/8/xtal_61.cif,15.370939,17.723816
xtal_62.cif,./U3Si5/__initial__/8/xtal_62.cif,0.025688898,23.337889
xtal_63.cif,./U3Si5/__initial__/8/xtal_63.cif,30.159689,42.392776
xtal_64.cif,./U3Si5/8/xtal_64.cif,-16.393288,-10.763326
xtal_65.cif,./U3Si5/__initial__/8/xtal_65.cif,-2.7050414,30.3489
xtal_66.cif,./U3Si5/8/xtal_66.cif,30.778166,30.373373
xtal_67.cif,./U3Si5/__initial__/8/xtal_67.cif,27.12237,-7.5298824
xtal_68.cif,./U3Si5/8/xtal_68.cif,15.940667,18.480146
xtal_69.cif,./U3Si5/8/xtal_69.cif,-34.389732,70.97927
xtal_7.cif,./U3Si5/8/xtal_7.cif,22.802324,-0.30593753
xtal_70.cif,./U3Si5/__initial__/8/xtal_70.cif,20.069338,70.81877
xtal_71.cif,./U3Si5/8/xtal_71.cif,21.263634,-81.07902
xtal_72.cif,./U3Si5/8/xtal_72.cif,-12.402522,-38.448753
xtal_73.cif,./U3Si5/8/xtal_73.cif,24.589424,12.743796
xtal_74.cif,./U3Si5/__initial__/8/xtal_74.cif,31.057268,9.390303
xtal_75.cif,./U3Si5/8/xtal_75.cif,18.472866,-85.64925
xtal_76.cif,./U3Si5/__initial__/8/xtal_76.cif,37.68301,-5.9231763
xtal_77.cif,./U3Si5/__initial__/8/xtal_77.cif,6.4178033,15.234791
xtal_78.cif,./U3Si5/8/xtal_78.cif,12.55953,43.89211
xtal_79.cif,./U3Si5/__initial__/8/xtal_79.cif,12.003472,91.88825
xtal_8.cif,./U3Si5/8/xtal_8.cif,12.827525,-6.7412305
xtal_80.cif,./U3Si5/8/xtal_80.cif,22.610174,-17.035767
xtal_81.cif,./U3Si5/8/xtal_81.cif,-76.387,40.395485
xtal_82.cif,./U3Si5/__initial__/8/xtal_82.cif,5.1640005,43.33643
xtal_83.cif,./U3Si5/__initial__/8/xtal_83.cif,-45.617916,70.24791
xtal_84.cif,./U3Si5/__initial__/8/xtal_84.cif,52.899487,70.30029
xtal_85.cif,./U3Si5/8/xtal_85.cif,-1.7614201,-20.410736
xtal_86.cif,./U3Si5/__initial__/8/xtal_86.cif,77.14278,10.679704
xtal_87.cif,./U3Si5/8/xtal_87.cif,-15.312831,-17.893482
xtal_88.cif,./U3Si5/__initial__/8/xtal_88.cif,6.7696776,-3.9248898
xtal_89.cif,./U3Si5/__initial__/8/xtal_89.cif,38.618595,44.877064
xtal_9.cif,./U3Si5/8/xtal_9.cif,30.946724,24.75097
xtal_90.cif,./U3Si5/__initial__/8/xtal_90.cif,-26.020647,31.950022
xtal_91.cif,./U3Si5/__initial__/8/xtal_91.cif,20.53783,39.756714
xtal_92.cif,./U3Si5/8/xtal_92.cif,15.443747,0.100113116
xtal_93.cif,./U3Si5/8/xtal_93.cif,43.11703,-70.61603
xtal_94.cif,./U3Si5/__initial__/8/xtal_94.cif,23.780561,57.325005
xtal_95.cif,./U3Si5/__initial__/8/xtal_95.cif,45.4495,82.35912
xtal_96.cif,./U3Si5/8/xtal_96.cif,17.006317,11.824824
xtal_97.cif,./U3Si5/__initial__/8/xtal_97.cif,-4.1522408,30.239054
xtal_98.cif,./U3Si5/__initial__/8/xtal_98.cif,28.564472,41.015823
xtal_99.cif,./U3Si5/8/xtal_99.cif,30.74361,38.420803
xtal_1.cif,./U3Si5/10/xtal_1.cif,-86.626915,25.480274
xtal_10.cif,./U3Si5/__initial__/10/xtal_10.cif,12.42823,62.43149
xtal_100.cif,./U3Si5/10/xtal_100.cif,-41.19043,-58.52532
xtal_11.cif,./U3Si5/__initial__/10/xtal_11.cif,-29.092817,62.877186
xtal_12.cif,./U3Si5/__initial__/10/xtal_12.cif,-3.6696696,18.426987
xtal_13.cif,./U3Si5/10/xtal_13.cif,-2.7412066,-74.87597
xtal_14.cif,./U3Si5/__initial__/10/xtal_14.cif,77.464386,-67.17195
xtal_15.cif,./U3Si5/__initial__/10/xtal_15.cif,-57.137535,-10.246551
xtal_16.cif,./U3Si5/10/xtal_16.cif,20.3174,-68.43141
xtal_17.cif,./U3Si5/__initial__/10/xtal_17.cif,0.32804427,-82.336395
xtal_18.cif,./U3Si5/__initial__/10/xtal_18.cif,-42.11746,-38.080914
xtal_19.cif,./U3Si5/10/xtal_19.cif,35.862625,-73.09579
xtal_2.cif,./U3Si5/__initial__/10/xtal_2.cif,-27.40986,-4.697472
xtal_20.cif,./U3Si5/__initial__/10/xtal_20.cif,-18.647188,43.695206
xtal_21.cif,./U3Si5/10/xtal_21.cif,-51.642315,-59.997036
xtal_22.cif,./U3Si5/__initial__/10/xtal_22.cif,54.024704,-61.786232
xtal_23.cif,./U3Si5/10/xtal_23.cif,-72.57564,-32.926926
xtal_24.cif,./U3Si5/__initial__/10/xtal_24.cif,10.333786,78.12794
xtal_25.cif,./U3Si5/__initial__/10/xtal_25.cif,94.58797,-11.276089
xtal_26.cif,./U3Si5/__initial__/10/xtal_26.cif,39.166027,-41.695942
xtal_27.cif,./U3Si5/__initial__/10/xtal_27.cif,-39.85381,8.325965
xtal_28.cif,./U3Si5/10/xtal_28.cif,23.09797,-87.28011
xtal_29.cif,./U3Si5/__initial__/10/xtal_29.cif,23.568375,-83.68275
xtal_3.cif,./U3Si5/10/xtal_3.cif,81.79405,-61.597885
xtal_30.cif,./U3Si5/__initial__/10/xtal_30.cif,-7.5791507,14.378377
xtal_31.cif,./U3Si5/10/xtal_31.cif,81.65481,-57.20548
xtal_32.cif,./U3Si5/__initial__/10/xtal_32.cif,-20.667936,73.94544
xtal_33.cif,./U3Si5/__initial__/10/xtal_33.cif,-34.216057,-68.457954
xtal_34.cif,./U3Si5/__initial__/10/xtal_34.cif,89.512985,-55.19402
xtal_35.cif,./U3Si5/__initial__/10/xtal_35.cif,-40.229965,-39.318504
xtal_36.cif,./U3Si5/10/xtal_36.cif,14.564768,-100.68583
xtal_37.cif,./U3Si5/__initial__/10/xtal_37.cif,-35.246746,9.903338
xtal_38.cif,./U3Si5/10/xtal_38.cif,-19.021496,-83.461876
xtal_39.cif,./U3Si5/__initial__/10/xtal_39.cif,-25.592949,8.41638
xtal_4.cif,./U3Si5/10/xtal_4.cif,0.17710206,-89.35699
xtal_40.cif,./U3Si5/10/xtal_40.cif,-42.204086,-19.829483
xtal_41.cif,./U3Si5/__initial__/10/xtal_41.cif,41.627766,-0.06783435
xtal_42.cif,./U3Si5/__initial__/10/xtal_42.cif,-33.378895,88.9446
xtal_43.cif,./U3Si5/__initial__/10/xtal_43.cif,83.66398,-32.279613
xtal_44.cif,./U3Si5/10/xtal_44.cif,-10.270714,-68.02069
xtal_45.cif,./U3Si5/10/xtal_45.cif,-67.136826,-32.518997
xtal_46.cif,./U3Si5/__initial__/10/xtal_46.cif,52.815346,7.8127055
xtal_47.cif,./U3Si5/__initial__/10/xtal_47.cif,58.48761,-41.914383
xtal_48.cif,./U3Si5/10/xtal_48.cif,21.579916,-60.921196
xtal_49.cif,./U3Si5/__initial__/10/xtal_49.cif,71.04302,-35.590656
xtal_5.cif,./U3Si5/__initial__/10/xtal_5.cif,73.65402,44.126335
xtal_50.cif,./U3Si5/10/xtal_50.cif,-18.798159,-49.07198
xtal_51.cif,./U3Si5/__initial__/10/xtal_51.cif,4.9131474,94.78307
xtal_52.cif,./U3Si5/__initial__/10/xtal_52.cif,91.74732,-18.721632
xtal_53.cif,./U3Si5/10/xtal_53.cif,-17.539305,-72.78512
xtal_54.cif,./U3Si5/__initial__/10/xtal_54.cif,63.177307,-78.6501
xtal_55.cif,./U3Si5/__initial__/10/xtal_55.cif,-58.491863,-20.594122
xtal_56.cif,./U3Si5/10/xtal_56.cif,11.268716,-61.642685
xtal_57.cif,./U3Si5/__initial__/10/xtal_57.cif,69.70876,-7.76849
xtal_58.cif,./U3Si5/10/xtal_58.cif,-11.037956,-73.48493
xtal_59.cif,./U3Si5/10/xtal_59.cif,0.2055563,-96.72321
xtal_6.cif,./U3Si5/__initial__/10/xtal_6.cif,-39.9729,35.79072
xtal_60.cif,./U3Si5/__initial__/10/xtal_60.cif,-21.05635,88.97665
xtal_61.cif,./U3Si5/10/xtal_61.cif,74.986626,-69.78629
xtal_62.cif,./U3Si5/__initial__/10/xtal_62.cif,39.241974,-1.3348736
xtal_63.cif,./U3Si5/__initial__/10/xtal_63.cif,97.88948,16.914423
xtal_64.cif,./U3Si5/__initial__/10/xtal_64.cif,62.83595,-17.999584
xtal_65.cif,./U3Si5/10/xtal_65.cif,-60.856556,-17.52722
xtal_66.cif,./U3Si5/10/xtal_66.cif,-62.572502,-43.237114
xtal_67.cif,./U3Si5/__initial__/10/xtal_67.cif,2.2513292,90.05722
xtal_68.cif,./U3Si5/__initial__/10/xtal_68.cif,8.336711,97.48125
xtal_69.cif,./U3Si5/__initial__/10/xtal_69.cif,47.73183,-30.195837
xtal_7.cif,./U3Si5/__initial__/10/xtal_7.cif,69.59344,-12.5196495
xtal_70.cif,./U3Si5/10/xtal_70.cif,11.546202,-64.47832
xtal_71.cif,./U3Si5/__initial__/10/xtal_71.cif,37.900627,-45.10548
xtal_72.cif,./U3Si5/__initial__/10/xtal_72.cif,-2.6520715,-43.420246
xtal_73.cif,./U3Si5/__initial__/10/xtal_73.cif,3.669566,84.89488
xtal_74.cif,./U3Si5/10/xtal_74.cif,-39.54695,-82.14192
xtal_75.cif,./U3Si5/__initial__/10/xtal_75.cif,-28.346148,71.12042
xtal_76.cif,./U3Si5/__initial__/10/xtal_76.cif,-38.746193,13.591591
xtal_77.cif,./U3Si5/__initial__/10/xtal_77.cif,41.15883,18.68642
xtal_78.cif,./U3Si5/10/xtal_78.cif,26.170713,-78.88008
xtal_79.cif,./U3Si5/10/xtal_79.cif,-22.418392,-74.03968
xtal_8.cif,./U3Si5/__initial__/10/xtal_8.cif,-17.374704,48.017498
xtal_80.cif,./U3Si5/__initial__/10/xtal_80.cif,36.049763,-33.793552
xtal_81.cif,./U3Si5/__initial__/10/xtal_81.cif,-59.10976,-11.809665
xtal_82.cif,./U3Si5/10/xtal_82.cif,-19.798218,-36.883987
xtal_83.cif,./U3Si5/__initial__/10/xtal_83.cif,68.91703,-33.90337
xtal_84.cif,./U3Si5/10/xtal_84.cif,-8.408215,-76.37672
xtal_85.cif,./U3Si5/__initial__/10/xtal_85.cif,-6.031535,-59.904415
xtal_86.cif,./U3Si5/10/xtal_86.cif,72.940056,-71.51431
xtal_87.cif,./U3Si5/10/xtal_87.cif,24.633375,-102.40274
xtal_88.cif,./U3Si5/__initial__/10/xtal_88.cif,95.509476,-12.711959
xtal_89.cif,./U3Si5/10/xtal_89.cif,-57.937943,-17.3117
xtal_9.cif,./U3Si5/__initial__/10/xtal_9.cif,-25.38062,68.618706
xtal_90.cif,./U3Si5/__initial__/10/xtal_90.cif,19.761795,-39.49677
xtal_91.cif,./U3Si5/__initial__/10/xtal_91.cif,-96.47085,24.374365
xtal_92.cif,./U3Si5/__initial__/10/xtal_92.cif,-41.597435,31.14985
xtal_93.cif,./U3Si5/__initial__/10/xtal_93.cif,57.679024,23.456327
xtal_94.cif,./U3Si5/__initial__/10/xtal_94.cif,53.349785,-66.920975
xtal_95.cif,./U3Si5/__initial__/10/xtal_95.cif,77.81823,-59.347023
xtal_96.cif,./U3Si5/__initial__/10/xtal_96.cif,-25.49179,72.23559
xtal_97.cif,./U3Si5/__initial__/10/xtal_97.cif,-19.95158,43.369152
xtal_98.cif,./U3Si5/__initial__/10/xtal_98.cif,-68.319916,42.90303
xtal_99.cif,./U3Si5/__initial__/10/xtal_99.cif,93.141624,-16.706043
xtal_1.cif,./U3Si5/__initial__/11/xtal_1.cif,63.43958,-74.89269
xtal_10.cif,./U3Si5/__initial__/11/xtal_10.cif,23.726881,-87.25632
xtal_100.cif,./U3Si5/11/xtal_100.cif,40.710896,-83.219475
xtal_11.cif,./U3Si5/__initial__/11/xtal_11.cif,-6.493987,-48.075493
xtal_12.cif,./U3Si5/__initial__/11/xtal_12.cif,5.921124,70.98774
xtal_13.cif,./U3Si5/__initial__/11/xtal_13.cif,64.14777,-15.424319
xtal_14.cif,./U3Si5/__initial__/11/xtal_14.cif,13.605439,-62.15101
xtal_15.cif,./U3Si5/__initial__/11/xtal_15.cif,-4.824006,77.588104
xtal_16.cif,./U3Si5/__initial__/11/xtal_16.cif,-29.677483,17.139254
xtal_17.cif,./U3Si5/__initial__/11/xtal_17.cif,-2.6780462,66.39724
xtal_18.cif,./U3Si5/__initial__/11/xtal_18.cif,37.647934,-52.514305
xtal_19.cif,./U3Si5/11/xtal_19.cif,51.545982,-70.845375
xtal_2.cif,./U3Si5/11/xtal_2.cif,25.485575,-79.71724
xtal_20.cif,./U3Si5/__initial__/11/xtal_20.cif,22.894958,-58.884907
xtal_21.cif,./U3Si5/__initial__/11/xtal_21.cif,-10.347784,-91.629814
xtal_22.cif,./U3Si5/11/xtal_22.cif,10.4012375,-99.85222
xtal_23.cif,./U3Si5/__initial__/11/xtal_23.cif,29.784397,-64.46357
xtal_24.cif,./U3Si5/__initial__/11/xtal_24.cif,-11.778019,-51.367226
xtal_25.cif,./U3Si5/__initial__/11/xtal_25.cif,-56.554794,-6.9306297
xtal_26.cif,./U3Si5/__initial__/11/xtal_26.cif,-35.18493,47.439213
xtal_27.cif,./U3Si5/__initial__/11/xtal_27.cif,37.764797,-52.633095
xtal_28.cif,./U3Si5/11/xtal_28.cif,45.035313,-71.380264
xtal_29.cif,./U3Si5/__initial__/11/xtal_29.cif,-40.060253,-79.639435
xtal_3.cif,./U3Si5/__initial__/11/xtal_3.cif,61.51492,31.325937
xtal_30.cif,./U3Si5/__initial__/11/xtal_30.cif,-45.276993,35.109055
xtal_31.cif,./U3Si5/__initial__/11/xtal_31.cif,44.22887,-54.271633
xtal_32.cif,./U3Si5/__initial__/11/xtal_32.cif,1.2215424,-51.69178
xtal_33.cif,./U3Si5/__initial__/11/xtal_33.cif,73.70878,8.79976
xtal_34.cif,./U3Si5/__initial__/11/xtal_34.cif,-23.107414,-53.6945
xtal_35.cif,./U3Si5/__initial__/11/xtal_35.cif,53.97386,-67.91509
xtal_36.cif,./U3Si5/__initial__/11/xtal_36.cif,60.553326,4.7088013
xtal_37.cif,./U3Si5/11/xtal_37.cif,32.614502,-103.463974
xtal_38.cif,./U3Si5/11/xtal_38.cif,-47.212837,-63.1122
xtal_39.cif,./U3Si5/__initial__/11/xtal_39.cif,-13.130195,77.01369
xtal_4.cif,./U3Si5/__initial__/11/xtal_4.cif,93.259,-56.71215
xtal_40.cif,./U3Si5/__initial__/11/xtal_40.cif,-56.44026,-68.462166
xtal_41.cif,./U3Si5/__initial__/11/xtal_41.cif,-6.0587296,74.045265
xtal_42.cif,./U3Si5/__initial__/11/xtal_42.cif,-10.292105,-67.0148
xtal_43.cif,./U3Si5/__initial__/11/xtal_43.cif,-47.403664,31.592047
xtal_44.cif,./U3Si5/11/xtal_44.cif,-2.0653262,-85.401405
xtal_45.cif,./U3Si5/__initial__/11/xtal_45.cif,-67.703445,-27.49637
xtal_46.cif,./U3Si5/__initial__/11/xtal_46.cif,37.89459,-64.87145
xtal_47.cif,./U3Si5/__initial__/11/xtal_47.cif,54.32105,-17.097883
xtal_48.cif,./U3Si5/__initial__/11/xtal_48.cif,78.85939,42.17526
xtal_49.cif,./U3Si5/__initial__/11/xtal_49.cif,-14.512843,-53.273296
xtal_5.cif,./U3Si5/__initial__/11/xtal_5.cif,-19.302906,-49.428345
xtal_50.cif,./U3Si5/__initial__/11/xtal_50.cif,-23.332396,81.37554
xtal_51.cif,./U3Si5/__initial__/11/xtal_51.cif,95.72571,20.656017
xtal_52.cif,./U3Si5/__initial__/11/xtal_52.cif,32.983143,-50.787716
xtal_53.cif,./U3Si5/__initial__/11/xtal_53.cif,-61.92563,-6.638668
xtal_54.cif,./U3Si5/__initial__/11/xtal_54.cif,61.20272,-53.205284
xtal_55.cif,./U3Si5/__initial__/11/xtal_55.cif,-25.11355,12.758284
xtal_56.cif,./U3Si5/__initial__/11/xtal_56.cif,22.171392,-75.57642
xtal_57.cif,./U3Si5/__initial__/11/xtal_57.cif,-41.39908,22.36995
xtal_58.cif,./U3Si5/__initial__/11/xtal_58.cif,52.578884,16.580532
xtal_59.cif,./U3Si5/__initial__/11/xtal_59.cif,-48.219135,25.34975
xtal_6.cif,./U3Si5/11/xtal_6.cif,14.862883,-100.438736
xtal_60.cif,./U3Si5/__initial__/11/xtal_60.cif,10.872326,95.38614
xtal_61.cif,./U3Si5/__initial__/11/xtal_61.cif,-41.119495,43.847565
xtal_62.cif,./U3Si5/__initial__/11/xtal_62.cif,51.21461,-47.47786
xtal_63.cif,./U3Si5/__initial__/11/xtal_63.cif,-3.1150606,68.76751
xtal_64.cif,./U3Si5/__initial__/11/xtal_64.cif,42.125156,-37.171055
xtal_65.cif,./U3Si5/__initial__/11/xtal_65.cif,94.73752,-50.716656
xtal_66.cif,./U3Si5/__initial__/11/xtal_66.cif,-64.79617,-17.794584
xtal_67.cif,./U3Si5/__initial__/11/xtal_67.cif,62.566124,-39.28342
xtal_68.cif,./U3Si5/11/xtal_68.cif,-79.5359,-0.92996603
xtal_69.cif,./U3Si5/__initial__/11/xtal_69.cif,72.62921,-72.42815
xtal_7.cif,./U3Si5/__initial__/11/xtal_7.cif,-36.62688,-48.85621
xtal_70.cif,./U3Si5/__initial__/11/xtal_70.cif,71.68443,-35.84013
xtal_71.cif,./U3Si5/__initial__/11/xtal_71.cif,-56.96503,-2.9095857
xtal_72.cif,./U3Si5/__initial__/11/xtal_72.cif,28.999607,-30.51139
xtal_73.cif,./U3Si5/__initial__/11/xtal_73.cif,-23.963371,18.653734
xtal_74.cif,./U3Si5/11/xtal_74.cif,4.698747,-71.3758
xtal_75.cif,./U3Si5/__initial__/11/xtal_75.cif,-92.28879,30.135551
xtal_76.cif,./U3Si5/__initial__/11/xtal_76.cif,30.069427,-49.058064
xtal_77.cif,./U3Si5/__initial__/11/xtal_77.cif,84.75737,-58.70076
xtal_78.cif,./U3Si5/__initial__/11/xtal_78.cif,-41.676678,-36.415672
xtal_79.cif,./U3Si5/11/xtal_79.cif,-14.643338,-47.717953
xtal_8.cif,./U3Si5/__initial__/11/xtal_8.cif,-51.490902,-45.77597
xtal_80.cif,./U3Si5/__initial__/11/xtal_80.cif,51.846714,-18.866632
xtal_81.cif,./U3Si5/__initial__/11/xtal_81.cif,89.04181,-62.07921
xtal_82.cif,./U3Si5/11/xtal_82.cif,45.72631,-80.90326
xtal_83.cif,./U3Si5/__initial__/11/xtal_83.cif,31.98872,-11.352483
xtal_84.cif,./U3Si5/__initial__/11/xtal_84.cif,45.711468,-21.753386
xtal_85.cif,./U3Si5/__initial__/11/xtal_85.cif,-34.09236,13.483886
xtal_86.cif,./U3Si5/__initial__/11/xtal_86.cif,-51.025627,40.214897
xtal_87.cif,./U3Si5/__initial__/11/xtal_87.cif,37.041977,-69.690285
xtal_88.cif,./U3Si5/__initial__/11/xtal_88.cif,-61.131912,-6.15063
xtal_89.cif,./U3Si5/__initial__/11/xtal_89.cif,-41.56641,-38.548054
xtal_9.cif,./U3Si5/11/xtal_9.cif,-33.235138,-63.910843
xtal_90.cif,./U3Si5/11/xtal_90.cif,27.746292,-78.79985
xtal_91.cif,./U3Si5/__initial__/11/xtal_91.cif,-40.065285,81.14209
xtal_92.cif,./U3Si5/__initial__/11/xtal_92.cif,42.6814,10.43388
xtal_93.cif,./U3Si5/__initial__/11/xtal_93.cif,-54.092083,-7.0720997
xtal_94.cif,./U3Si5/__initial__/11/xtal_94.cif,75.96327,8.572755
xtal_95.cif,./U3Si5/__initial__/11/xtal_95.cif,-15.868439,-35.45375
xtal_96.cif,./U3Si5/__initial__/11/xtal_96.cif,1.1338211,-51.633984
xtal_97.cif,./U3Si5/__initial__/11/xtal_97.cif,-4.989084,77.55029
xtal_98.cif,./U3Si5/__initial__/11/xtal_98.cif,-20.125828,-73.68218
xtal_99.cif,./U3Si5/__initial__/11/xtal_99.cif,19.29023,-68.46591
xtal_1.cif,./U3Si5/12/xtal_1.cif,-52.0209,-72.44279
xtal_10.cif,./U3Si5/12/xtal_10.cif,96.923965,-37.057945
xtal_100.cif,./U3Si5/12/xtal_100.cif,1.466069,-96.004654
xtal_11.cif,./U3Si5/12/xtal_11.cif,-51.02564,-13.833173
xtal_12.cif,./U3Si5/12/xtal_12.cif,-76.932304,-48.41397
xtal_13.cif,./U3Si5/12/xtal_13.cif,28.301928,-88.25162
xtal_14.cif,./U3Si5/__initial__/12/xtal_14.cif,71.22467,-35.026176
xtal_15.cif,./U3Si5/12/xtal_15.cif,1.1403804,-49.569057
xtal_16.cif,./U3Si5/__initial__/12/xtal_16.cif,110.0813,36.831497
xtal_17.cif,./U3Si5/12/xtal_17.cif,70.81442,-74.831085
xtal_18.cif,./U3Si5/__initial__/12/xtal_18.cif,-24.426104,19.166945
xtal_19.cif,./U3Si5/__initial__/12/xtal_19.cif,-46.44732,-3.6408923
xtal_2.cif,./U3Si5/__initial__/12/xtal_2.cif,106.622826,16.005259
xtal_20.cif,./U3Si5/12/xtal_20.cif,80.9546,-60.437748
xtal_21.cif,./U3Si5/12/xtal_21.cif,86.82523,-57.205948
xtal_22.cif,./U3Si5/12/xtal_22.cif,109.60944,-6.4033356
xtal_23.cif,./U3Si5/12/xtal_23.cif,-26.156424,-75.80624
xtal_24.cif,./U3Si5/__initial__/12/xtal_24.cif,79.14513,14.445561
xtal_25.cif,./U3Si5/__initial__/12/xtal_25.cif,60.18858,6.625369
xtal_26.cif,./U3Si5/12/xtal_26.cif,45.53579,-55.20447
xtal_27.cif,./U3Si5/12/xtal_27.cif,96.682175,-38.419174
xtal_28.cif,./U3Si5/__initial__/12/xtal_28.cif,7.348501,67.69767
xtal_29.cif,./U3Si5/12/xtal_29.cif,-53.22088,18.384094
xtal_3.cif,./U3Si5/__initial__/12/xtal_3.cif,70.59377,40.498928
xtal_30.cif,./U3Si5/12/xtal_30.cif,25.068045,-73.565155
xtal_31.cif,./U3Si5/12/xtal_31.cif,-71.03532,-20.855873
xtal_32.cif,./U3Si5/12/xtal_32.cif,-32.77605,4.450299
xtal_33.cif,./U3Si5/__initial__/12/xtal_33.cif,9.027582,-58.121017
xtal_34.cif,./U3Si5/12/xtal_34.cif,-43.7353,-26.014973
xtal_35.cif,./U3Si5/12/xtal_35.cif,54.02339,-61.5634
xtal_36.cif,./U3Si5/12/xtal_36.cif,51.99287,-28.378824
xtal_37.cif,./U3Si5/__initial__/12/xtal_37.cif,73.9638,48.272087
xtal_38.cif,./U3Si5/12/xtal_38.cif,41.933342,-53.972336
xtal_39.cif,./U3Si5/__initial__/12/xtal_39.cif,-29.57612,-14.974918
xtal_4.cif,./U3Si5/__initial__/12/xtal_4.cif,47.120636,-20.69336
xtal_40.cif,./U3Si5/__initial__/12/xtal_40.cif,102.50055,3.3691542
xtal_41.cif,./U3Si5/12/xtal_41.cif,2.657911,-56.577484
xtal_42.cif,./U3Si5/12/xtal_42.cif,51.222286,-63.160755
xtal_43.cif,./U3Si5/12/xtal_43.cif,43.459805,-85.94077
xtal_44.cif,./U3Si5/12/xtal_44.cif,-59.307793,-2.8950977
xtal_45.cif,./U3Si5/__initial__/12/xtal_45.cif,95.78687,40.421085
xtal_46.cif,./U3Si5/__initial__/12/xtal_46.cif,10.107382,81.90121
xtal_47.cif,./U3Si5/12/xtal_47.cif,-21.669239,-59.81101
xtal_48.cif,./U3Si5/12/xtal_48.cif,32.777496,-89.19019
xtal_49.cif,./U3Si5/12/xtal_49.cif,-56.4512,-68.3876
xtal_5.cif,./U3Si5/12/xtal_5.cif,108.85623,-31.292406
xtal_50.cif,./U3Si5/12/xtal_50.cif,-19.058765,49.182148
xtal_51.cif,./U3Si5/12/xtal_51.cif,-18.831467,-65.41911
xtal_52.cif,./U3Si5/12/xtal_52.cif,51.197803,-87.80552
xtal_53.cif,./U3Si5/12/xtal_53.cif,94.984825,-52.705235
xtal_54.cif,./U3Si5/__initial__/12/xtal_54.cif,58.31856,-31.142044
xtal_55.cif,./U3Si5/12/xtal_55.cif,88.173744,-37.704872
xtal_56.cif,./U3Si5/12/xtal_56.cif,-46.892517,26.232687
xtal_57.cif,./U3Si5/__initial__/12/xtal_57.cif,-41.09897,-35.96896
xtal_58.cif,./U3Si5/__initial__/12/xtal_58.cif,74.363205,10.200959
xtal_59.cif,./U3Si5/12/xtal_59.cif,18.497047,-92.09403
xtal_6.cif,./U3Si5/__initial__/12/xtal_6.cif,73.4236,6.707924
xtal_60.cif,./U3Si5/12/xtal_60.cif,-19.433685,-71.60568
xtal_61.cif,./U3Si5/__initial__/12/xtal_61.cif,68.1657,34.59001
xtal_62.cif,./U3Si5/__initial__/12/xtal_62.cif,106.30273,21.912552
xtal_63.cif,./U3Si5/12/xtal_63.cif,105.18815,-38.02504
xtal_64.cif,./U3Si5/12/xtal_64.cif,55.514164,-74.49044
xtal_65.cif,./U3Si5/__initial__/12/xtal_65.cif,-58.306488,62.393543
xtal_66.cif,./U3Si5/__initial__/12/xtal_66.cif,87.0959,3.7659013
xtal_67.cif,./U3Si5/12/xtal_67.cif,105.22038,6.831081
xtal_68.cif,./U3Si5/12/xtal_68.cif,12.43261,-48.627056
xtal_69.cif,./U3Si5/12/xtal_69.cif,47.678528,-62.18723
xtal_7.cif,./U3Si5/12/xtal_7.cif,40.185482,7.7961135
xtal_70.cif,./U3Si5/12/xtal_70.cif,-10.5317745,-97.60319
xtal_71.cif,./U3Si5/__initial__/12/xtal_71.cif,32.329853,-25.097721
xtal_72.cif,./U3Si5/12/xtal_72.cif,29.898512,-79.9138
xtal_73.cif,./U3Si5/__initial__/12/xtal_73.cif,-2.1576405,79.749176
xtal_74.cif,./U3Si5/12/xtal_74.cif,-34.823605,2.2782369
xtal_75.cif,./U3Si5/__initial__/12/xtal_75.cif,2.4391289,89.070435
xtal_76.cif,./U3Si5/__initial__/12/xtal_76.cif,101.96131,1.1314402
xtal_77.cif,./U3Si5/12/xtal_77.cif,-50.75855,-51.94642
xtal_78.cif,./U3Si5/12/xtal_78.cif,45.287872,-64.47225
xtal_79.cif,./U3Si5/__initial__/12/xtal_79.cif,89.35218,71.65443
xtal_8.cif,./U3Si5/__initial__/12/xtal_8.cif,-49.15221,45.434433
xtal_80.cif,./U3Si5/__initial__/12/xtal_80.cif,89.010315,-52.026836
xtal_81.cif,./U3Si5/12/xtal_81.cif,-14.198485,-60.376
xtal_82.cif,./U3Si5/12/xtal_82.cif,77.17417,-37.431072
xtal_83.cif,./U3Si5/12/xtal_83.cif,53.4865,-72.77311
xtal_84.cif,./U3Si5/12/xtal_84.cif,20.626266,-59.941483
xtal_85.cif,./U3Si5/12/xtal_85.cif,75.26429,-69.2575
xtal_86.cif,./U3Si5/__initial__/12/xtal_86.cif,51.707073,23.987497
xtal_87.cif,./U3Si5/__initial__/12/xtal_87.cif,67.84891,15.280223
xtal_88.cif,./U3Si5/__initial__/12/xtal_88.cif,39.672485,-56.50108
xtal_89.cif,./U3Si5/12/xtal_89.cif,-27.563139,11.75172
xtal_9.cif,./U3Si5/12/xtal_9.cif,2.6693623,-55.56677
xtal_90.cif,./U3Si5/12/xtal_90.cif,-23.936922,-55.663803
xtal_91.cif,./U3Si5/__initial__/12/xtal_91.cif,-53.535954,-0.24516873
xtal_92.cif,./U3Si5/12/xtal_92.cif,42.04611,-50.422707
xtal_93.cif,./U3Si5/__initial__/12/xtal_93.cif,35.407543,-15.946369
xtal_94.cif,./U3Si5/__initial__/12/xtal_94.cif,-6.565603,68.751976
xtal_95.cif,./U3Si5/12/xtal_95.cif,77.67307,-70.17572
xtal_96.cif,./U3Si5/12/xtal_96.cif,65.29814,-38.661304
xtal_97.cif,./U3Si5/__initial__/12/xtal_97.cif,-41.39769,11.4332
xtal_98.cif,./U3Si5/12/xtal_98.cif,-23.566027,109.35091
xtal_99.cif,./U3Si5/__initial__/12/xtal_99.cif,-13.131023,55.34237
xtal_1.cif,./U3Si5/__initial__/13/xtal_1.cif,-60.94905,-17.228416
xtal_10.cif,./U3Si5/__initial__/13/xtal_10.cif,10.143091,86.916016
xtal_100.cif,./U3Si5/__initial__/13/xtal_100.cif,56.94117,-25.344711
xtal_11.cif,./U3Si5/__initial__/13/xtal_11.cif,62.27847,21.255638
xtal_12.cif,./U3Si5/__initial__/13/xtal_12.cif,106.150375,28.673676
xtal_13.cif,./U3Si5/__initial__/13/xtal_13.cif,-0.96922034,82.66915
xtal_14.cif,./U3Si5/__initial__/13/xtal_14.cif,34.933617,-83.963524
xtal_15.cif,./U3Si5/__initial__/13/xtal_15.cif,-52.863506,-13.102792
xtal_16.cif,./U3Si5/__initial__/13/xtal_16.cif,-59.83018,27.278416
xtal_17.cif,./U3Si5/__initial__/13/xtal_17.cif,-25.853996,-84.49036
xtal_18.cif,./U3Si5/__initial__/13/xtal_18.cif,66.95581,-17.426184
xtal_19.cif,./U3Si5/__initial__/13/xtal_19.cif,0.30131805,87.420044
xtal_2.cif,./U3Si5/__initial__/13/xtal_2.cif,32.823513,-41.42288
xtal_20.cif,./U3Si5/__initial__/13/xtal_20.cif,17.499477,-56.727406
xtal_21.cif,./U3Si5/__initial__/13/xtal_21.cif,-20.305315,88.88634
xtal_22.cif,./U3Si5/__initial__/13/xtal_22.cif,61.798435,-31.47688
xtal_23.cif,./U3Si5/__initial__/13/xtal_23.cif,-52.3357,-74.41559
xtal_24.cif,./U3Si5/__initial__/13/xtal_24.cif,83.069435,57.49189
xtal_25.cif,./U3Si5/__initial__/13/xtal_25.cif,102.99863,-40.33136
xtal_26.cif,./U3Si5/__initial__/13/xtal_26.cif,1.238108,66.74236
xtal_27.cif,./U3Si5/__initial__/13/xtal_27.cif,-59.740547,-54.357624
xtal_28.cif,./U3Si5/__initial__/13/xtal_28.cif,-40.069492,-38.8845
xtal_29.cif,./U3Si5/__initial__/13/xtal_29.cif,-18.753527,-53.68737
xtal_3.cif,./U3Si5/__initial__/13/xtal_3.cif,-62.89051,47.689327
xtal_30.cif,./U3Si5/__initial__/13/xtal_30.cif,-46.445816,35.58104
xtal_31.cif,./U3Si5/__initial__/13/xtal_31.cif,-38.533966,-45.257294
xtal_32.cif,./U3Si5/__initial__/13/xtal_32.cif,-43.18373,-5.0788846
xtal_33.cif,./U3Si5/__initial__/13/xtal_33.cif,-15.8655615,92.12941
xtal_34.cif,./U3Si5/__initial__/13/xtal_34.cif,94.76236,48.29912
xtal_35.cif,./U3Si5/__initial__/13/xtal_35.cif,-22.8556,-58.204643
xtal_36.cif,./U3Si5/__initial__/13/xtal_36.cif,26.474077,-78.67076
xtal_37.cif,./U3Si5/__initial__/13/xtal_37.cif,9.042141,59.86997
xtal_38.cif,./U3Si5/__initial__/13/xtal_38.cif,-29.494305,15.708759
xtal_39.cif,./U3Si5/__initial__/13/xtal_39.cif,28.303104,-53.93925
xtal_4.cif,./U3Si5/__initial__/13/xtal_4.cif,-62.138058,32.748196
xtal_40.cif,./U3Si5/__initial__/13/xtal_40.cif,53.027954,-58.14307
xtal_41.cif,./U3Si5/__initial__/13/xtal_41.cif,28.19267,-53.92054
xtal_42.cif,./U3Si5/__initial__/13/xtal_42.cif,39.282055,-74.28751
xtal_43.cif,./U3Si5/__initial__/13/xtal_43.cif,84.851555,-1.740029
xtal_44.cif,./U3Si5/__initial__/13/xtal_44.cif,27.37494,-76.55253
xtal_45.cif,./U3Si5/__initial__/13/xtal_45.cif,-34.053047,-46.005264
xtal_46.cif,./U3Si5/__initial__/13/xtal_46.cif,64.07014,-78.10878
xtal_47.cif,./U3Si5/__initial__/13/xtal_47.cif,43.7555,-86.063835
xtal_48.cif,./U3Si5/__initial__/13/xtal_48.cif,-62.680103,59.454884
xtal_49.cif,./U3Si5/__initial__/13/xtal_49.cif,-11.043753,12.232359
xtal_5.cif,./U3Si5/__initial__/13/xtal_5.cif,-45.05601,34.878006
xtal_50.cif,./U3Si5/__initial__/13/xtal_50.cif,-89.554695,46.414814
xtal_51.cif,./U3Si5/__initial__/13/xtal_51.cif,-19.96825,-49.857025
xtal_52.cif,./U3Si5/__initial__/13/xtal_52.cif,14.215976,-96.414185
xtal_53.cif,./U3Si5/__initial__/13/xtal_53.cif,48.327038,2.5166364
xtal_54.cif,./U3Si5/__initial__/13/xtal_54.cif,-38.802025,-81.9729
xtal_55.cif,./U3Si5/__initial__/13/xtal_55.cif,-21.023224,-51.044304
xtal_56.cif,./U3Si5/__initial__/13/xtal_56.cif,-42.864975,45.989304
xtal_57.cif,./U3Si5/__initial__/13/xtal_57.cif,87.53133,-55.647293
xtal_58.cif,./U3Si5/__initial__/13/xtal_58.cif,-2.6247706,18.731304
xtal_59.cif,./U3Si5/__initial__/13/xtal_59.cif,-23.602686,80.3383
xtal_6.cif,./U3Si5/__initial__/13/xtal_6.cif,37.42551,-84.22748
xtal_60.cif,./U3Si5/__initial__/13/xtal_60.cif,65.64812,55.18994
xtal_61.cif,./U3Si5/__initial__/13/xtal_61.cif,-18.189243,91.24457
xtal_62.cif,./U3Si5/__initial__/13/xtal_62.cif,47.69221,7.955285
xtal_63.cif,./U3Si5/__initial__/13/xtal_63.cif,-57.845387,-56.507706
xtal_64.cif,./U3Si5/__initial__/13/xtal_64.cif,28.377335,-52.297024
xtal_65.cif,./U3Si5/__initial__/13/xtal_65.cif,27.164114,-84.82381
xtal_66.cif,./U3Si5/__initial__/13/xtal_66.cif,-39.21898,-64.433975
xtal_67.cif,./U3Si5/__initial__/13/xtal_67.cif,29.530228,-54.821957
xtal_68.cif,./U3Si5/__initial__/13/xtal_68.cif,-1.3831731,-89.25857
xtal_69.cif,./U3Si5/__initial__/13/xtal_69.cif,20.641132,-76.85302
xtal_7.cif,./U3Si5/__initial__/13/xtal_7.cif,-92.629196,6.0993576
xtal_70.cif,./U3Si5/__initial__/13/xtal_70.cif,-38.9152,37.00102
xtal_71.cif,./U3Si5/__initial__/13/xtal_71.cif,-61.286655,-20.707596
xtal_72.cif,./U3Si5/__initial__/13/xtal_72.cif,58.57297,-60.07976
xtal_73.cif,./U3Si5/__initial__/13/xtal_73.cif,9.497409,-93.078186
xtal_74.cif,./U3Si5/__initial__/13/xtal_74.cif,-2.0793793,-62.568443
xtal_75.cif,./U3Si5/__initial__/13/xtal_75.cif,0.0025498958,-81.97981
xtal_76.cif,./U3Si5/__initial__/13/xtal_76.cif,-6.258375,75.225266
xtal_77.cif,./U3Si5/__initial__/13/xtal_77.cif,-92.37726,7.830935
xtal_78.cif,./U3Si5/__initial__/13/xtal_78.cif,-9.753209,-44.83176
xtal_79.cif,./U3Si5/__initial__/13/xtal_79.cif,36.857105,-75.29893
xtal_8.cif,./U3Si5/__initial__/13/xtal_8.cif,70.74866,-3.1967056
xtal_80.cif,./U3Si5/__initial__/13/xtal_80.cif,-43.97246,11.738577
xtal_81.cif,./U3Si5/__initial__/13/xtal_81.cif,-35.54156,16.294954
xtal_82.cif,./U3Si5/__initial__/13/xtal_82.cif,-32.05785,57.693687
xtal_83.cif,./U3Si5/__initial__/13/xtal_83.cif,-38.873802,79.50519
xtal_84.cif,./U3Si5/__initial__/13/xtal_84.cif,-39.866806,-21.799206
xtal_85.cif,./U3Si5/__initial__/13/xtal_85.cif,37.117958,-56.269913
xtal_86.cif,./U3Si5/__initial__/13/xtal_86.cif,30.735088,-95.700584
xtal_87.cif,./U3Si5/__initial__/13/xtal_87.cif,11.593821,-97.65574
xtal_88.cif,./U3Si5/__initial__/13/xtal_88.cif,44.292065,-85.89862
xtal_89.cif,./U3Si5/__initial__/13/xtal_89.cif,-64.79045,-19.895195
xtal_9.cif,./U3Si5/__initial__/13/xtal_9.cif,79.89837,31.791056
xtal_90.cif,./U3Si5/__initial__/13/xtal_90.cif,-36.221302,-62.908215
xtal_91.cif,./U3Si5/__initial__/13/xtal_91.cif,-30.949677,-59.556095
xtal_92.cif,./U3Si5/__initial__/13/xtal_92.cif,-55.71965,-76.31226
xtal_93.cif,./U3Si5/__initial__/13/xtal_93.cif,-4.4576054,-78.94304
xtal_94.cif,./U3Si5/__initial__/13/xtal_94.cif,-22.756783,-8.477275
xtal_95.cif,./U3Si5/__initial__/13/xtal_95.cif,-27.561745,67.39852
xtal_96.cif,./U3Si5/__initial__/13/xtal_96.cif,-48.19805,-60.943592
xtal_97.cif,./U3Si5/__initial__/13/xtal_97.cif,-2.050685,-84.482285
xtal_98.cif,./U3Si5/__initial__/13/xtal_98.cif,-67.10918,-21.671154
xtal_99.cif,./U3Si5/__initial__/13/xtal_99.cif,-47.19786,41.00309
xtal_1.cif,./U3Si5/__initial__/14/xtal_1.cif,87.45309,47.165268
xtal_10.cif,./U3Si5/__initial__/14/xtal_10.cif,58.69142,-24.553703
xtal_100.cif,./U3Si5/__initial__/14/xtal_100.cif,-14.452157,-90.44004
xtal_11.cif,./U3Si5/__initial__/14/xtal_11.cif,45.299202,-16.198572
xtal_12.cif,./U3Si5/__initial__/14/xtal_12.cif,-13.825128,40.532276
xtal_13.cif,./U3Si5/__initial__/14/xtal_13.cif,-45.12795,-62.326042
xtal_14.cif,./U3Si5/__initial__/14/xtal_14.cif,70.71681,-4.990412
xtal_15.cif,./U3Si5/__initial__/14/xtal_15.cif,43.840683,-81.551254
xtal_16.cif,./U3Si5/__initial__/14/xtal_16.cif,-14.766318,-100.16164
xtal_17.cif,./U3Si5/__initial__/14/xtal_17.cif,-39.262314,-82.15327
xtal_18.cif,./U3Si5/__initial__/14/xtal_18.cif,63.198868,-27.106752
xtal_19.cif,./U3Si5/__initial__/14/xtal_19.cif,-26.146235,-0.6965389
xtal_2.cif,./U3Si5/__initial__/14/xtal_2.cif,-43.441692,52.03428
xtal_20.cif,./U3Si5/__initial__/14/xtal_20.cif,61.232075,14.052911
xtal_21.cif,./U3Si5/__initial__/14/xtal_21.cif,70.51033,-7.273458
xtal_22.cif,./U3Si5/__initial__/14/xtal_22.cif,-35.552395,-64.45866
xtal_23.cif,./U3Si5/__initial__/14/xtal_23.cif,32.838078,-83.41587
xtal_24.cif,./U3Si5/__initial__/14/xtal_24.cif,3.7272732,-71.31992
xtal_25.cif,./U3Si5/__initial__/14/xtal_25.cif,61.22008,-45.690983
xtal_26.cif,./U3Si5/__initial__/14/xtal_26.cif,-53.313904,-19.676466
xtal_27.cif,./U3Si5/__initial__/14/xtal_27.cif,-37.457436,-67.64011
xtal_28.cif,./U3Si5/__initial__/14/xtal_28.cif,6.473928,-92.221085
xtal_29.cif,./U3Si5/__initial__/14/xtal_29.cif,-0.02529698,65.30659
xtal_3.cif,./U3Si5/__initial__/14/xtal_3.cif,24.785358,-49.81743
xtal_30.cif,./U3Si5/__initial__/14/xtal_30.cif,-7.43932,-86.01932
xtal_31.cif,./U3Si5/__initial__/14/xtal_31.cif,-36.791775,-81.74322
xtal_32.cif,./U3Si5/__initial__/14/xtal_32.cif,67.34248,-74.89779
xtal_33.cif,./U3Si5/__initial__/14/xtal_33.cif,-24.099552,2.917874
xtal_34.cif,./U3Si5/__initial__/14/xtal_34.cif,33.310806,-45.01369
xtal_35.cif,./U3Si5/__initial__/14/xtal_35.cif,-24.153654,-65.1255
xtal_36.cif,./U3Si5/__initial__/14/xtal_36.cif,-31.826069,-7.8345633
xtal_37.cif,./U3Si5/__initial__/14/xtal_37.cif,-47.519566,-61.76425
xtal_38.cif,./U3Si5/__initial__/14/xtal_38.cif,43.34707,-19.035059
xtal_39.cif,./U3Si5/__initial__/14/xtal_39.cif,25.380985,-72.31509
xtal_4.cif,./U3Si5/__initial__/14/xtal_4.cif,0.08637151,-82.48638
xtal_40.cif,./U3Si5/__initial__/14/xtal_40.cif,-45.488216,-74.48228
xtal_41.cif,./U3Si5/__initial__/14/xtal_41.cif,-28.63736,-78.79985
xtal_42.cif,./U3Si5/__initial__/14/xtal_42.cif,-18.071812,-79.28504
xtal_43.cif,./U3Si5/__initial__/14/xtal_43.cif,-50.653625,57.253925
xtal_44.cif,./U3Si5/__initial__/14/xtal_44.cif,-30.672707,4.90428
xtal_45.cif,./U3Si5/__initial__/14/xtal_45.cif,67.75341,29.152975
xtal_46.cif,./U3Si5/__initial__/14/xtal_46.cif,-41.74494,-26.89991
xtal_47.cif,./U3Si5/__initial__/14/xtal_47.cif,22.936804,-62.320374
xtal_48.cif,./U3Si5/__initial__/14/xtal_48.cif,-37.600395,37.77444
xtal_49.cif,./U3Si5/__initial__/14/xtal_49.cif,-29.440887,2.9478655
xtal_5.cif,./U3Si5/__initial__/14/xtal_5.cif,38.715168,-27.075724
xtal_50.cif,./U3Si5/__initial__/14/xtal_50.cif,-65.13993,-46.432266
xtal_51.cif,./U3Si5/__initial__/14/xtal_51.cif,-58.5073,-5.8286633
xtal_52.cif,./U3Si5/__initial__/14/xtal_52.cif,-52.84253,8.242566
xtal_53.cif,./U3Si5/__initial__/14/xtal_53.cif,-14.44047,-74.57823
xtal_54.cif,./U3Si5/__initial__/14/xtal_54.cif,44.85328,-84.825584
xtal_55.cif,./U3Si5/__initial__/14/xtal_55.cif,32.474766,-25.53821
xtal_56.cif,./U3Si5/__initial__/14/xtal_56.cif,-25.536854,6.7089024
xtal_57.cif,./U3Si5/__initial__/14/xtal_57.cif,-57.411392,24.47337
xtal_58.cif,./U3Si5/__initial__/14/xtal_58.cif,-49.66777,-16.63457
xtal_59.cif,./U3Si5/__initial__/14/xtal_59.cif,-47.822178,31.876099
xtal_6.cif,./U3Si5/__initial__/14/xtal_6.cif,34.168003,-62.63642
xtal_60.cif,./U3Si5/__initial__/14/xtal_60.cif,-33.492332,10.471595
xtal_61.cif,./U3Si5/__initial__/14/xtal_61.cif,-58.737785,45.135353
xtal_62.cif,./U3Si5/__initial__/14/xtal_62.cif,33.391663,-104.970406
xtal_63.cif,./U3Si5/__initial__/14/xtal_63.cif,-25.187607,28.691631
xtal_64.cif,./U3Si5/__initial__/14/xtal_64.cif,89.29845,6.6862345
xtal_65.cif,./U3Si5/__initial__/14/xtal_65.cif,61.68968,-75.4622
xtal_66.cif,./U3Si5/__initial__/14/xtal_66.cif,-0.9748839,92.141685
xtal_67.cif,./U3Si5/__initial__/14/xtal_67.cif,-40.657795,46.225594
xtal_68.cif,./U3Si5/__initial__/14/xtal_68.cif,94.75038,62.930176
xtal_69.cif,./U3Si5/__initial__/14/xtal_69.cif,114.254906,-13.161555
xtal_7.cif,./U3Si5/__initial__/14/xtal_7.cif,-12.834591,-76.09514
xtal_70.cif,./U3Si5/__initial__/14/xtal_70.cif,65.07684,-27.083519
xtal_71.cif,./U3Si5/__initial__/14/xtal_71.cif,-41.16612,-21.486109
xtal_72.cif,./U3Si5/__initial__/14/xtal_72.cif,68.913086,20.115662
xtal_73.cif,./U3Si5/__initial__/14/xtal_73.cif,-28.186333,52.792446
xtal_74.cif,./U3Si5/__initial__/14/xtal_74.cif,-36.704964,77.9193
xtal_75.cif,./U3Si5/__initial__/14/xtal_75.cif,71.886024,29.61086
xtal_76.cif,./U3Si5/__initial__/14/xtal_76.cif,2.0183654,69.75358
xtal_77.cif,./U3Si5/__initial__/14/xtal_77.cif,100.85807,-1.0490971
xtal_78.cif,./U3Si5/__initial__/14/xtal_78.cif,-10.755529,-68.09354
xtal_79.cif,./U3Si5/__initial__/14/xtal_79.cif,17.331268,-104.12423
xtal_8.cif,./U3Si5/__initial__/14/xtal_8.cif,-26.965229,65.125145
xtal_80.cif,./U3Si5/__initial__/14/xtal_80.cif,-6.7815895,-73.879295
xtal_81.cif,./U3Si5/__initial__/14/xtal_81.cif,63.0512,-65.43287
xtal_82.cif,./U3Si5/__initial__/14/xtal_82.cif,27.69757,-71.07264
xtal_83.cif,./U3Si5/__initial__/14/xtal_83.cif,-16.57538,-79.86667
xtal_84.cif,./U3Si5/__initial__/14/xtal_84.cif,56.81003,15.846553
xtal_85.cif,./U3Si5/__initial__/14/xtal_85.cif,-22.931534,-55.291634
xtal_86.cif,./U3Si5/__initial__/14/xtal_86.cif,-30.013575,-75.15927
xtal_87.cif,./U3Si5/__initial__/14/xtal_87.cif,40.204628,-80.72749
xtal_88.cif,./U3Si5/__initial__/14/xtal_88.cif,26.16787,-80.266884
xtal_89.cif,./U3Si5/__initial__/14/xtal_89.cif,-44.084476,28.434559
xtal_9.cif,./U3Si5/__initial__/14/xtal_9.cif,34.530205,-65.038376
xtal_90.cif,./U3Si5/__initial__/14/xtal_90.cif,84.38711,-35.02095
xtal_91.cif,./U3Si5/__initial__/14/xtal_91.cif,97.18508,-13.948469
xtal_92.cif,./U3Si5/__initial__/14/xtal_92.cif,-56.102222,-49.69827
xtal_93.cif,./U3Si5/__initial__/14/xtal_93.cif,42.22215,8.612755
xtal_94.cif,./U3Si5/__initial__/14/xtal_94.cif,37.142532,-66.23062
xtal_95.cif,./U3Si5/__initial__/14/xtal_95.cif,33.68748,-26.097307
xtal_96.cif,./U3Si5/__initial__/14/xtal_96.cif,32.93755,-54.439545
xtal_97.cif,./U3Si5/__initial__/14/xtal_97.cif,41.081497,14.852568
xtal_98.cif,./U3Si5/__initial__/14/xtal_98.cif,6.6368523,-74.45581
xtal_99.cif,./U3Si5/__initial__/14/xtal_99.cif,-49.09752,-70.42377
xtal_1.cif,./U3Si5/__initial__/16/xtal_1.cif,63.56599,35.47836
xtal_10.cif,./U3Si5/__initial__/16/xtal_10.cif,3.2371795,-101.630066
xtal_100.cif,./U3Si5/__initial__/16/xtal_100.cif,64.49261,-28.336107
xtal_11.cif,./U3Si5/__initial__/16/xtal_11.cif,3.67352,-6.184036
xtal_12.cif,./U3Si5/__initial__/16/xtal_12.cif,-31.866,61.62664
xtal_13.cif,./U3Si5/__initial__/16/xtal_13.cif,-33.525112,-5.6679916
xtal_14.cif,./U3Si5/__initial__/16/xtal_14.cif,-57.076504,63.117702
xtal_15.cif,./U3Si5/__initial__/16/xtal_15.cif,66.63335,-19.051893
xtal_16.cif,./U3Si5/__initial__/16/xtal_16.cif,-70.84869,-11.311693
xtal_17.cif,./U3Si5/__initial__/16/xtal_17.cif,-32.793274,-6.082862
xtal_18.cif,./U3Si5/__initial__/16/xtal_18.cif,96.80747,56.796005
xtal_19.cif,./U3Si5/__initial__/16/xtal_19.cif,71.840385,-7.511337
xtal_2.cif,./U3Si5/__initial__/16/xtal_2.cif,73.38792,-72.39096
xtal_20.cif,./U3Si5/__initial__/16/xtal_20.cif,-16.957628,-38.636383
xtal_21.cif,./U3Si5/__initial__/16/xtal_21.cif,19.284521,-93.89553
xtal_22.cif,./U3Si5/__initial__/16/xtal_22.cif,103.95439,12.789316
xtal_23.cif,./U3Si5/__initial__/16/xtal_23.cif,-44.327927,41.119156
xtal_24.cif,./U3Si5/__initial__/16/xtal_24.cif,-51.978813,23.464775
xtal_25.cif,./U3Si5/__initial__/16/xtal_25.cif,95.37306,4.152991
xtal_26.cif,./U3Si5/__initial__/16/xtal_26.cif,52.083225,8.130692
xtal_27.cif,./U3Si5/__initial__/16/xtal_27.cif,18.357876,-1.0014697
xtal_28.cif,./U3Si5/__initial__/16/xtal_28.cif,56.56061,-12.600915
xtal_29.cif,./U3Si5/__initial__/16/xtal_29.cif,-41.883747,56.536297
xtal_3.cif,./U3Si5/16/xtal_3.cif,-31.29363,-71.683235
xtal_30.cif,./U3Si5/__initial__/16/xtal_30.cif,33.58845,-25.34342
xtal_31.cif,./U3Si5/__initial__/16/xtal_31.cif,-33.917694,11.459906
xtal_32.cif,./U3Si5/__initial__/16/xtal_32.cif,-47.771618,-22.79512
xtal_33.cif,./U3Si5/__initial__/16/xtal_33.cif,-2.9706874,20.514025
xtal_34.cif,./U3Si5/16/xtal_34.cif,-1.8008918,-93.53783
xtal_35.cif,./U3Si5/16/xtal_35.cif,-25.401724,-84.46875
xtal_36.cif,./U3Si5/16/xtal_36.cif,-15.390813,-80.12653
xtal_37.cif,./U3Si5/__initial__/16/xtal_37.cif,-34.761726,-27.894367
xtal_38.cif,./U3Si5/16/xtal_38.cif,-16.663614,-46.446465
xtal_39.cif,./U3Si5/__initial__/16/xtal_39.cif,70.19941,-10.971197
xtal_4.cif,./U3Si5/__initial__/16/xtal_4.cif,48.26272,-37.670757
xtal_40.cif,./U3Si5/__initial__/16/xtal_40.cif,-25.641348,-81.30102
xtal_41.cif,./U3Si5/__initial__/16/xtal_41.cif,-50.190468,40.44182
xtal_42.cif,./U3Si5/16/xtal_42.cif,-4.193316,-72.20608
xtal_43.cif,./U3Si5/16/xtal_43.cif,-89.08208,11.632786
xtal_44.cif,./U3Si5/__initial__/16/xtal_44.cif,59.567158,-10.495817
xtal_45.cif,./U3Si5/__initial__/16/xtal_45.cif,-2.4560828,-47.588352
xtal_46.cif,./U3Si5/__initial__/16/xtal_46.cif,-26.195206,-46.80643
xtal_47.cif,./U3Si5/__initial__/16/xtal_47.cif,32.327354,-25.90504
xtal_48.cif,./U3Si5/__initial__/16/xtal_48.cif,79.04397,-35.641407
xtal_49.cif,./U3Si5/__initial__/16/xtal_49.cif,37.16093,-55.508232
xtal_5.cif,./U3Si5/16/xtal_5.cif,-63.74849,29.797293
xtal_50.cif,./U3Si5/__initial__/16/xtal_50.cif,0.22199668,-7.880879
xtal_51.cif,./U3Si5/16/xtal_51.cif,75.333855,-55.637344
xtal_52.cif,./U3Si5/16/xtal_52.cif,40.4492,-67.9564
xtal_53.cif,./U3Si5/__initial__/16/xtal_53.cif,26.049404,-53.79922
xtal_54.cif,./U3Si5/__initial__/16/xtal_54.cif,34.11892,-62.258953
xtal_55.cif,./U3Si5/__initial__/16/xtal_55.cif,-23.06636,4.0362444
xtal_56.cif,./U3Si5/__initial__/16/xtal_56.cif,11.124599,-65.057434
xtal_57.cif,./U3Si5/__initial__/16/xtal_57.cif,71.875984,37.34377
xtal_58.cif,./U3Si5/__initial__/16/xtal_58.cif,-48.53371,14.302771
xtal_59.cif,./U3Si5/__initial__/16/xtal_59.cif,-15.256134,-83.76077
xtal_6.cif,./U3Si5/__initial__/16/xtal_6.cif,58.124683,13.459648
xtal_60.cif,./U3Si5/16/xtal_60.cif,-31.401081,-77.83417
xtal_61.cif,./U3Si5/__initial__/16/xtal_61.cif,58.54847,-11.021237
xtal_62.cif,./U3Si5/__initial__/16/xtal_62.cif,23.284752,-94.01843
xtal_63.cif,./U3Si5/__initial__/16/xtal_63.cif,61.47667,45.43577
xtal_64.cif,./U3Si5/__initial__/16/xtal_64.cif,-12.200625,11.89272
xtal_65.cif,./U3Si5/__initial__/16/xtal_65.cif,93.84386,-45.257015
xtal_66.cif,./U3Si5/__initial__/16/xtal_66.cif,60.467945,-7.906761
xtal_67.cif,./U3Si5/__initial__/16/xtal_67.cif,51.761623,5.032761
xtal_68.cif,./U3Si5/__initial__/16/xtal_68.cif,38.678257,1.7192954
xtal_69.cif,./U3Si5/16/xtal_69.cif,18.374132,-101.805214
xtal_7.cif,./U3Si5/__initial__/16/xtal_7.cif,-36.341362,-44.35802
xtal_70.cif,./U3Si5/__initial__/16/xtal_70.cif,63.01756,-65.229164
xtal_71.cif,./U3Si5/16/xtal_71.cif,-7.203998,-56.27881
xtal_72.cif,./U3Si5/__initial__/16/xtal_72.cif,6.0528,88.260414
xtal_73.cif,./U3Si5/__initial__/16/xtal_73.cif,-46.997795,20.869356
xtal_74.cif,./U3Si5/__initial__/16/xtal_74.cif,19.436995,-98.07937
xtal_75.cif,./U3Si5/__initial__/16/xtal_75.cif,83.60716,-34.52909
xtal_76.cif,./U3Si5/16/xtal_76.cif,-64.78111,-20.429474
xtal_77.cif,./U3Si5/__initial__/16/xtal_77.cif,-47.129333,41.1021
xtal_78.cif,./U3Si5/__initial__/16/xtal_78.cif,-37.93325,40.935352
xtal_79.cif,./U3Si5/__initial__/16/xtal_79.cif,-64.28686,5.496833
xtal_8.cif,./U3Si5/16/xtal_8.cif,27.939821,-78.972305
xtal_80.cif,./U3Si5/__initial__/16/xtal_80.cif,59.215736,-10.969578
xtal_81.cif,./U3Si5/__initial__/16/xtal_81.cif,-38.739346,-26.977253
xtal_82.cif,./U3Si5/__initial__/16/xtal_82.cif,-16.488806,61.984875
xtal_83.cif,./U3Si5/16/xtal_83.cif,-77.40748,19.127337
xtal_84.cif,./U3Si5/16/xtal_84.cif,36.05788,-74.24627
xtal_85.cif,./U3Si5/__initial__/16/xtal_85.cif,38.394848,-42.39889
xtal_86.cif,./U3Si5/__initial__/16/xtal_86.cif,28.698975,-43.787342
xtal_87.cif,./U3Si5/__initial__/16/xtal_87.cif,46.920315,-29.131914
xtal_88.cif,./U3Si5/__initial__/16/xtal_88.cif,-33.29032,-39.59582
xtal_89.cif,./U3Si5/16/xtal_89.cif,-59.844944,-41.750046
xtal_9.cif,./U3Si5/__initial__/16/xtal_9.cif,-25.697823,69.17175
xtal_90.cif,./U3Si5/16/xtal_90.cif,-64.82729,-20.246107
xtal_91.cif,./U3Si5/__initial__/16/xtal_91.cif,-22.307142,-79.81986
xtal_92.cif,./U3Si5/16/xtal_92.cif,-72.952644,44.587696
xtal_93.cif,./U3Si5/__initial__/16/xtal_93.cif,-16.77407,54.752934
xtal_94.cif,./U3Si5/__initial__/16/xtal_94.cif,83.454506,45.785126
xtal_95.cif,./U3Si5/16/xtal_95.cif,-36.80876,-75.33126
xtal_96.cif,./U3Si5/16/xtal_96.cif,41.42926,-58.265686
xtal_97.cif,./U3Si5/__initial__/16/xtal_97.cif,-26.054941,67.12654
xtal_98.cif,./U3Si5/__initial__/16/xtal_98.cif,43.14175,1.0350065
xtal_99.cif,./U3Si5/__initial__/16/xtal_99.cif,69.26184,37.74883
xtal_1.cif,./U3Si5/17/xtal_1.cif,-46.071384,53.37559
xtal_10.cif,./U3Si5/__initial__/17/xtal_10.cif,-47.291122,-8.520532
xtal_100.cif,./U3Si5/17/xtal_100.cif,-22.6917,-49.709755
xtal_11.cif,./U3Si5/17/xtal_11.cif,-30.569277,-62.26189
xtal_12.cif,./U3Si5/__initial__/17/xtal_12.cif,22.166077,-44.5209
xtal_13.cif,./U3Si5/17/xtal_13.cif,0.8759536,-91.72442
xtal_14.cif,./U3Si5/__initial__/17/xtal_14.cif,15.382267,-25.397047
xtal_15.cif,./U3Si5/__initial__/17/xtal_15.cif,23.484879,-60.48722
xtal_16.cif,./U3Si5/__initial__/17/xtal_16.cif,-67.327255,16.495762
xtal_17.cif,./U3Si5/__initial__/17/xtal_17.cif,-46.852757,-30.217983
xtal_18.cif,./U3Si5/__initial__/17/xtal_18.cif,44.002995,-6.2650566
xtal_19.cif,./U3Si5/__initial__/17/xtal_19.cif,12.955531,-66.70321
xtal_2.cif,./U3Si5/__initial__/17/xtal_2.cif,-63.80835,46.281567
xtal_20.cif,./U3Si5/__initial__/17/xtal_20.cif,-16.481918,-20.1398
xtal_21.cif,./U3Si5/__initial__/17/xtal_21.cif,-57.963467,0.79017186
xtal_22.cif,./U3Si5/__initial__/17/xtal_22.cif,85.51614,-53.403877
xtal_23.cif,./U3Si5/17/xtal_23.cif,-14.156721,-31.431112
xtal_24.cif,./U3Si5/17/xtal_24.cif,7.986955,-27.795
xtal_25.cif,./U3Si5/__initial__/17/xtal_25.cif,-27.785725,11.129383
xtal_26.cif,./U3Si5/__initial__/17/xtal_26.cif,-40.775154,90.06968
xtal_27.cif,./U3Si5/17/xtal_27.cif,-49.3879,-40.895927
xtal_28.cif,./U3Si5/17/xtal_28.cif,-31.61916,-65.32586
xtal_29.cif,./U3Si5/__initial__/17/xtal_29.cif,-19.567507,-14.430852
xtal_3.cif,./U3Si5/__initial__/17/xtal_3.cif,-55.398083,19.00052
xtal_30.cif,./U3Si5/__initial__/17/xtal_30.cif,11.33833,95.20949
xtal_31.cif,./U3Si5/__initial__/17/xtal_31.cif,-55.56583,-64.77998
xtal_32.cif,./U3Si5/17/xtal_32.cif,-10.158146,-68.84138
xtal_33.cif,./U3Si5/17/xtal_33.cif,11.057369,-45.76629
xtal_34.cif,./U3Si5/__initial__/17/xtal_34.cif,-36.24256,19.126968
xtal_35.cif,./U3Si5/17/xtal_35.cif,-82.95684,-41.031116
xtal_36.cif,./U3Si5/17/xtal_36.cif,-24.205067,-87.8888
xtal_37.cif,./U3Si5/__initial__/17/xtal_37.cif,-3.5409756,18.081488
xtal_38.cif,./U3Si5/__initial__/17/xtal_38.cif,66.04845,-68.329956
xtal_39.cif,./U3Si5/17/xtal_39.cif,8.165002,-41.773857
xtal_4.cif,./U3Si5/17/xtal_4.cif,-5.4874487,-29.273146
xtal_40.cif,./U3Si5/__initial__/17/xtal_40.cif,-49.27685,22.795486
xtal_41.cif,./U3Si5/17/xtal_41.cif,-16.312222,-82.61342
xtal_42.cif,./U3Si5/__initial__/17/xtal_42.cif,-43.48899,52.51096
xtal_43.cif,./U3Si5/__initial__/17/xtal_43.cif,35.306404,-42.088814
xtal_44.cif,./U3Si5/__initial__/17/xtal_44.cif,-48.343136,37.562874
xtal_45.cif,./U3Si5/__initial__/17/xtal_45.cif,24.366846,-64.041016
xtal_46.cif,./U3Si5/17/xtal_46.cif,14.538847,-90.143684
xtal_47.cif,./U3Si5/__initial__/17/xtal_47.cif,-37.18938,13.797733
xtal_48.cif,./U3Si5/__initial__/17/xtal_48.cif,-56.013397,-72.41539
xtal_49.cif,./U3Si5/17/xtal_49.cif,-3.4854484,-30.048513
xtal_5.cif,./U3Si5/__initial__/17/xtal_5.cif,77.474625,43.749897
xtal_50.cif,./U3Si5/17/xtal_50.cif,2.2977662,-93.38927
xtal_51.cif,./U3Si5/__initial__/17/xtal_51.cif,-31.35251,-36.216244
xtal_52.cif,./U3Si5/__initial__/17/xtal_52.cif,13.226354,-19.163013
xtal_53.cif,./U3Si5/17/xtal_53.cif,-70.57225,-24.228817
xtal_54.cif,./U3Si5/17/xtal_54.cif,-57.026066,-1.6226159
xtal_55.cif,./U3Si5/17/xtal_55.cif,-17.539145,-51.595757
xtal_56.cif,./U3Si5/17/xtal_56.cif,-40.952038,-38.175465
xtal_57.cif,./U3Si5/__initial__/17/xtal_57.cif,-54.771244,5.2710743
xtal_58.cif,./U3Si5/__initial__/17/xtal_58.cif,-66.28624,2.0307887
xtal_59.cif,./U3Si5/17/xtal_59.cif,-39.96461,37.427597
xtal_6.cif,./U3Si5/17/xtal_6.cif,-38.068752,-1.3120496
xtal_60.cif,./U3Si5/__initial__/17/xtal_60.cif,22.028143,-43.01311
xtal_61.cif,./U3Si5/__initial__/17/xtal_61.cif,21.12273,-56.109444
xtal_62.cif,./U3Si5/__initial__/17/xtal_62.cif,-29.922352,38.116177
xtal_63.cif,./U3Si5/17/xtal_63.cif,-14.618823,-74.62756
xtal_64.cif,./U3Si5/17/xtal_64.cif,-41.119205,56.85308
xtal_65.cif,./U3Si5/__initial__/17/xtal_65.cif,-48.03853,22.964201
xtal_66.cif,./U3Si5/__initial__/17/xtal_66.cif,-45.540073,-44.50411
xtal_67.cif,./U3Si5/17/xtal_67.cif,-20.795721,-77.9974
xtal_68.cif,./U3Si5/17/xtal_68.cif,-20.415667,-19.669094
xtal_69.cif,./U3Si5/17/xtal_69.cif,-43.95448,-35.975277
xtal_7.cif,./U3Si5/__initial__/17/xtal_7.cif,-39.808205,54.05099
xtal_70.cif,./U3Si5/__initial__/17/xtal_70.cif,-51.681786,55.810905
xtal_71.cif,./U3Si5/__initial__/17/xtal_71.cif,42.78449,-57.449413
xtal_72.cif,./U3Si5/17/xtal_72.cif,-31.963408,-74.33662
xtal_73.cif,./U3Si5/17/xtal_73.cif,8.6525755,-79.09919
xtal_74.cif,./U3Si5/__initial__/17/xtal_74.cif,-22.95497,11.136736
xtal_75.cif,./U3Si5/__initial__/17/xtal_75.cif,-50.19614,-7.7728496
xtal_76.cif,./U3Si5/__initial__/17/xtal_76.cif,83.88115,-56.079643
xtal_77.cif,./U3Si5/__initial__/17/xtal_77.cif,74.80197,15.3600025
xtal_78.cif,./U3Si5/17/xtal_78.cif,-59.170776,-57.102512
xtal_79.cif,./U3Si5/17/xtal_79.cif,5.5292845,-84.87815
xtal_8.cif,./U3Si5/__initial__/17/xtal_8.cif,43.683617,-13.648888
xtal_80.cif,./U3Si5/17/xtal_80.cif,-47.183086,-40.664284
xtal_81.cif,./U3Si5/17/xtal_81.cif,35.859425,-81.75206
xtal_82.cif,./U3Si5/17/xtal_82.cif,39.094357,-76.60866
xtal_83.cif,./U3Si5/__initial__/17/xtal_83.cif,1.7152946,-59.24188
xtal_84.cif,./U3Si5/17/xtal_84.cif,-63.313118,-38.310516
xtal_85.cif,./U3Si5/17/xtal_85.cif,5.08979,-97.9479
xtal_86.cif,./U3Si5/17/xtal_86.cif,-0.014668086,-68.4851
xtal_87.cif,./U3Si5/__initial__/17/xtal_87.cif,-3.1724567,17.408215
xtal_88.cif,./U3Si5/__initial__/17/xtal_88.cif,-25.482462,-46.55191
xtal_89.cif,./U3Si5/17/xtal_89.cif,11.95174,-82.82795
xtal_9.cif,./U3Si5/17/xtal_9.cif,18.728542,-58.634483
xtal_90.cif,./U3Si5/__initial__/17/xtal_90.cif,8.733086,-49.077747
xtal_91.cif,./U3Si5/__initial__/17/xtal_91.cif,-27.547577,21.976013
xtal_92.cif,./U3Si5/__initial__/17/xtal_92.cif,59.683884,-10.951069
xtal_93.cif,./U3Si5/17/xtal_93.cif,0.26729357,-96.55751
xtal_94.cif,./U3Si5/17/xtal_94.cif,-60.48281,-45.220394
xtal_95.cif,./U3Si5/17/xtal_95.cif,13.675181,-81.48005
xtal_96.cif,./U3Si5/__initial__/17/xtal_96.cif,57.968052,0.55089587
xtal_97.cif,./U3Si5/17/xtal_97.cif,9.535387,-80.57057
xtal_98.cif,./U3Si5/17/xtal_98.cif,6.027763,-84.41098
xtal_99.cif,./U3Si5/__initial__/17/xtal_99.cif,-9.751401,21.499975
xtal_1.cif,./U3Si5/__initial__/18/xtal_1.cif,33.86228,-32.45957
xtal_10.cif,./U3Si5/__initial__/18/xtal_10.cif,-56.81624,-3.8220897
xtal_100.cif,./U3Si5/__initial__/18/xtal_100.cif,46.27941,-37.42082
xtal_11.cif,./U3Si5/18/xtal_11.cif,-20.533354,-77.99423
xtal_12.cif,./U3Si5/__initial__/18/xtal_12.cif,1.4344559,-29.781008
xtal_13.cif,./U3Si5/__initial__/18/xtal_13.cif,24.649323,16.05101
xtal_14.cif,./U3Si5/__initial__/18/xtal_14.cif,88.386986,-1.2615861
xtal_15.cif,./U3Si5/18/xtal_15.cif,-27.292862,-62.631878
xtal_16.cif,./U3Si5/__initial__/18/xtal_16.cif,21.70549,-101.996414
xtal_17.cif,./U3Si5/__initial__/18/xtal_17.cif,62.02959,-30.624977
xtal_18.cif,./U3Si5/__initial__/18/xtal_18.cif,-60.13367,-15.493212
xtal_19.cif,./U3Si5/__initial__/18/xtal_19.cif,-2.581078,73.440346
xtal_2.cif,./U3Si5/__initial__/18/xtal_2.cif,-57.706337,-41.518696
xtal_20.cif,./U3Si5/__initial__/18/xtal_20.cif,-64.69216,-41.41689
xtal_21.cif,./U3Si5/__initial__/18/xtal_21.cif,-28.720924,53.490177
xtal_22.cif,./U3Si5/__initial__/18/xtal_22.cif,5.2548323,-55.83613
xtal_23.cif,./U3Si5/__initial__/18/xtal_23.cif,53.416847,-26.202513
xtal_24.cif,./U3Si5/__initial__/18/xtal_24.cif,72.78774,-71.31874
xtal_25.cif,./U3Si5/__initial__/18/xtal_25.cif,-56.961178,28.102282
xtal_26.cif,./U3Si5/18/xtal_26.cif,-1.115086,-98.14424
xtal_27.cif,./U3Si5/18/xtal_27.cif,-19.96841,-78.92406
xtal_28.cif,./U3Si5/__initial__/18/xtal_28.cif,15.245593,-24.883003
xtal_29.cif,./U3Si5/__initial__/18/xtal_29.cif,-45.67046,23.46678
xtal_3.cif,./U3Si5/__initial__/18/xtal_3.cif,-32.078457,5.6155763
xtal_30.cif,./U3Si5/18/xtal_30.cif,-22.653584,-58.040028
xtal_31.cif,./U3Si5/__initial__/18/xtal_31.cif,-0.68072337,18.892801
xtal_32.cif,./U3Si5/18/xtal_32.cif,-30.229294,-60.73176
xtal_33.cif,./U3Si5/__initial__/18/xtal_33.cif,17.492947,-21.223238
xtal_34.cif,./U3Si5/__initial__/18/xtal_34.cif,-34.10383,-73.4821
xtal_35.cif,./U3Si5/__initial__/18/xtal_35.cif,-0.64362097,-14.415522
xtal_36.cif,./U3Si5/__initial__/18/xtal_36.cif,-60.733578,32.420547
xtal_37.cif,./U3Si5/__initial__/18/xtal_37.cif,-32.081753,47.12063
xtal_38.cif,./U3Si5/__initial__/18/xtal_38.cif,76.855354,-68.10882
xtal_39.cif,./U3Si5/18/xtal_39.cif,-12.162988,-94.412575
xtal_4.cif,./U3Si5/__initial__/18/xtal_4.cif,-8.179632,-54.639915
xtal_40.cif,./U3Si5/__initial__/18/xtal_40.cif,-53.34002,-79.90985
xtal_41.cif,./U3Si5/__initial__/18/xtal_41.cif,82.16003,29.510378
xtal_42.cif,./U3Si5/__initial__/18/xtal_42.cif,-35.439606,-51.373844
xtal_43.cif,./U3Si5/18/xtal_43.cif,-75.98879,-58.26987
xtal_44.cif,./U3Si5/__initial__/18/xtal_44.cif,-55.53505,-11.710753
xtal_45.cif,./U3Si5/__initial__/18/xtal_45.cif,-41.06851,79.44523
xtal_46.cif,./U3Si5/__initial__/18/xtal_46.cif,-66.25974,-12.837827
xtal_47.cif,./U3Si5/__initial__/18/xtal_47.cif,-3.1642976,71.18155
xtal_48.cif,./U3Si5/18/xtal_48.cif,17.466381,-94.59369
xtal_49.cif,./U3Si5/__initial__/18/xtal_49.cif,8.750686,-78.81608
xtal_5.cif,./U3Si5/__initial__/18/xtal_5.cif,-36.6059,-47.88743
xtal_50.cif,./U3Si5/__initial__/18/xtal_50.cif,-18.689568,-77.30854
xtal_51.cif,./U3Si5/__initial__/18/xtal_51.cif,44.842407,-65.177
xtal_52.cif,./U3Si5/__initial__/18/xtal_52.cif,2.690491,-91.05325
xtal_53.cif,./U3Si5/__initial__/18/xtal_53.cif,-33.350693,81.9772
xtal_54.cif,./U3Si5/__initial__/18/xtal_54.cif,38.00283,-28.823566
xtal_55.cif,./U3Si5/__initial__/18/xtal_55.cif,-48.35698,41.082436
xtal_56.cif,./U3Si5/__initial__/18/xtal_56.cif,-8.651652,14.061474
xtal_57.cif,./U3Si5/__initial__/18/xtal_57.cif,-29.368086,1.7044587
xtal_58.cif,./U3Si5/__initial__/18/xtal_58.cif,-67.52291,20.46691
xtal_59.cif,./U3Si5/__initial__/18/xtal_59.cif,-27.072433,80.72489
xtal_6.cif,./U3Si5/__initial__/18/xtal_6.cif,69.05509,-76.458496
xtal_60.cif,./U3Si5/__initial__/18/xtal_60.cif,-57.240433,24.115314
xtal_61.cif,./U3Si5/__initial__/18/xtal_61.cif,-19.782135,-8.893245
xtal_62.cif,./U3Si5/__initial__/18/xtal_62.cif,36.24009,-39.963985
xtal_63.cif,./U3Si5/__initial__/18/xtal_63.cif,-2.8961477,75.81276
xtal_64.cif,./U3Si5/__initial__/18/xtal_64.cif,-37.95273,54.001747
xtal_65.cif,./U3Si5/__initial__/18/xtal_65.cif,-65.916016,-18.529573
xtal_66.cif,./U3Si5/__initial__/18/xtal_66.cif,11.044757,-79.68428
xtal_67.cif,./U3Si5/18/xtal_67.cif,11.258182,-50.913017
xtal_68.cif,./U3Si5/__initial__/18/xtal_68.cif,70.0245,-53.419086
xtal_69.cif,./U3Si5/18/xtal_69.cif,-28.821054,-79.603935
xtal_7.cif,./U3Si5/__initial__/18/xtal_7.cif,2.1709352,-32.52618
xtal_70.cif,./U3Si5/__initial__/18/xtal_70.cif,-2.4848247,-47.48544
xtal_71.cif,./U3Si5/__initial__/18/xtal_71.cif,-56.711422,30.646374
xtal_72.cif,./U3Si5/__initial__/18/xtal_72.cif,63.15042,-40.916203
xtal_73.cif,./U3Si5/__initial__/18/xtal_73.cif,-79.600494,-0.24759637
xtal_74.cif,./U3Si5/__initial__/18/xtal_74.cif,-1.2814571,-31.150707
xtal_75.cif,./U3Si5/__initial__/18/xtal_75.cif,73.75903,30.451973
xtal_76.cif,./U3Si5/__initial__/18/xtal_76.cif,-55.771255,0.19161318
xtal_77.cif,./U3Si5/__initial__/18/xtal_77.cif,-39.298985,12.885513
xtal_78.cif,./U3Si5/__initial__/18/xtal_78.cif,41.255657,-14.518855
xtal_79.cif,./U3Si5/__initial__/18/xtal_79.cif,-37.206944,22.127283
xtal_8.cif,./U3Si5/18/xtal_8.cif,-71.09156,-12.649281
xtal_80.cif,./U3Si5/__initial__/18/xtal_80.cif,-26.271093,-46.87784
xtal_81.cif,./U3Si5/__initial__/18/xtal_81.cif,52.810528,10.427622
xtal_82.cif,./U3Si5/__initial__/18/xtal_82.cif,-18.159534,-88.24019
xtal_83.cif,./U3Si5/18/xtal_83.cif,-31.161787,-75.66453
xtal_84.cif,./U3Si5/__initial__/18/xtal_84.cif,-40.931953,56.33499
xtal_85.cif,./U3Si5/18/xtal_85.cif,-19.084902,-72.71923
xtal_86.cif,./U3Si5/__initial__/18/xtal_86.cif,-58.74097,62.962585
xtal_87.cif,./U3Si5/__initial__/18/xtal_87.cif,46.093033,-67.957054
xtal_88.cif,./U3Si5/__initial__/18/xtal_88.cif,-43.113247,71.33919
xtal_89.cif,./U3Si5/__initial__/18/xtal_89.cif,-55.507267,10.881326
xtal_9.cif,./U3Si5/__initial__/18/xtal_9.cif,70.77127,-74.808464
xtal_90.cif,./U3Si5/__initial__/18/xtal_90.cif,-38.427906,14.059293
xtal_91.cif,./U3Si5/__initial__/18/xtal_91.cif,-5.254708,-44.93186
xtal_92.cif,./U3Si5/__initial__/18/xtal_92.cif,-13.908125,101.29249
xtal_93.cif,./U3Si5/__initial__/18/xtal_93.cif,-34.663982,-74.33992
xtal_94.cif,./U3Si5/__initial__/18/xtal_94.cif,-89.36876,7.6653047
xtal_95.cif,./U3Si5/18/xtal_95.cif,-50.47436,27.76551
xtal_96.cif,./U3Si5/__initial__/18/xtal_96.cif,3.822045,84.67111
xtal_97.cif,./U3Si5/__initial__/18/xtal_97.cif,47.01457,-89.383194
xtal_98.cif,./U3Si5/__initial__/18/xtal_98.cif,1.9041779,100.19208
xtal_99.cif,./U3Si5/__initial__/18/xtal_99.cif,39.594265,-63.139614
xtal_1.cif,./U3Si5/__initial__/21/xtal_1.cif,-27.481186,57.115723
xtal_10.cif,./U3Si5/__initial__/21/xtal_10.cif,18.564034,40.995277
xtal_100.cif,./U3Si5/__initial__/21/xtal_100.cif,90.28914,43.43003
xtal_11.cif,./U3Si5/21/xtal_11.cif,57.44657,-43.9919
xtal_12.cif,./U3Si5/21/xtal_12.cif,99.098915,-27.385742
xtal_13.cif,./U3Si5/21/xtal_13.cif,-56.579437,44.51804
xtal_14.cif,./U3Si5/__initial__/21/xtal_14.cif,95.56962,17.320974
xtal_15.cif,./U3Si5/21/xtal_15.cif,4.8158894,-70.32145
xtal_16.cif,./U3Si5/21/xtal_16.cif,-20.133358,-79.49885
xtal_17.cif,./U3Si5/21/xtal_17.cif,62.896465,-38.195324
xtal_18.cif,./U3Si5/__initial__/21/xtal_18.cif,84.84582,3.0872226
xtal_19.cif,./U3Si5/__initial__/21/xtal_19.cif,110.84274,-4.431479
xtal_2.cif,./U3Si5/__initial__/21/xtal_2.cif,95.67128,17.276543
xtal_20.cif,./U3Si5/__initial__/21/xtal_20.cif,77.40838,-76.13506
xtal_21.cif,./U3Si5/__initial__/21/xtal_21.cif,-34.505035,83.83312
xtal_22.cif,./U3Si5/__initial__/21/xtal_22.cif,50.496983,10.200104
xtal_23.cif,./U3Si5/__initial__/21/xtal_23.cif,105.739075,29.398458
xtal_24.cif,./U3Si5/__initial__/21/xtal_24.cif,-38.953846,79.5433
xtal_25.cif,./U3Si5/__initial__/21/xtal_25.cif,-10.074986,17.90185
xtal_26.cif,./U3Si5/__initial__/21/xtal_26.cif,97.64633,53.995857
xtal_27.cif,./U3Si5/21/xtal_27.cif,-13.228501,40.92222
xtal_28.cif,./U3Si5/__initial__/21/xtal_28.cif,-16.02719,94.12097
xtal_29.cif,./U3Si5/21/xtal_29.cif,109.45664,-8.841263
xtal_3.cif,./U3Si5/21/xtal_3.cif,70.40077,-55.94042
xtal_30.cif,./U3Si5/21/xtal_30.cif,-43.897694,2.2144055
xtal_31.cif,./U3Si5/__initial__/21/xtal_31.cif,93.3241,4.8016124
xtal_32.cif,./U3Si5/21/xtal_32.cif,-71.03899,-12.775498
xtal_33.cif,./U3Si5/__initial__/21/xtal_33.cif,100.2999,-18.698593
xtal_34.cif,./U3Si5/__initial__/21/xtal_34.cif,58.230957,37.728676
xtal_35.cif,./U3Si5/21/xtal_35.cif,85.4651,-3.7499952
xtal_36.cif,./U3Si5/__initial__/21/xtal_36.cif,-20.947348,6.796196
xtal_37.cif,./U3Si5/__initial__/21/xtal_37.cif,70.32597,21.254326
xtal_38.cif,./U3Si5/21/xtal_38.cif,36.295135,-75.48152
xtal_39.cif,./U3Si5/__initial__/21/xtal_39.cif,34.47377,37.158226
xtal_4.cif,./U3Si5/__initial__/21/xtal_4.cif,-91.68084,-12.3096695
xtal_40.cif,./U3Si5/__initial__/21/xtal_40.cif,67.09746,56.804306
xtal_41.cif,./U3Si5/21/xtal_41.cif,46.93782,-76.95986
xtal_42.cif,./U3Si5/__initial__/21/xtal_42.cif,42.01712,-21.083746
xtal_43.cif,./U3Si5/__initial__/21/xtal_43.cif,66.409836,-3.9752588
xtal_44.cif,./U3Si5/__initial__/21/xtal_44.cif,-0.88053894,-27.832996
xtal_45.cif,./U3Si5/__initial__/21/xtal_45.cif,-39.347122,30.473228
xtal_46.cif,./U3Si5/21/xtal_46.cif,-25.138054,-47.96228
xtal_47.cif,./U3Si5/21/xtal_47.cif,107.36448,-17.68295
xtal_48.cif,./U3Si5/__initial__/21/xtal_48.cif,84.293274,-33.283844
xtal_49.cif,./U3Si5/21/xtal_49.cif,21.445316,-69.56035
xtal_5.cif,./U3Si5/__initial__/21/xtal_5.cif,10.365485,93.528015
xtal_50.cif,./U3Si5/__initial__/21/xtal_50.cif,53.95258,-21.469137
xtal_51.cif,./U3Si5/21/xtal_51.cif,108.76689,-30.36724
xtal_52.cif,./U3Si5/__initial__/21/xtal_52.cif,-20.69222,53.054688
xtal_53.cif,./U3Si5/21/xtal_53.cif,-58.18742,30.817589
xtal_54.cif,./U3Si5/__initial__/21/xtal_54.cif,72.61096,5.307243
xtal_55.cif,./U3Si5/21/xtal_55.cif,6.13738,-80.17016
xtal_56.cif,./U3Si5/__initial__/21/xtal_56.cif,-30.23481,0.38158113
xtal_57.cif,./U3Si5/21/xtal_57.cif,43.93906,-53.43346
xtal_58.cif,./U3Si5/21/xtal_58.cif,104.55448,-38.192535
xtal_59.cif,./U3Si5/__initial__/21/xtal_59.cif,63.51935,18.778051
xtal_6.cif,./U3Si5/__initial__/21/xtal_6.cif,-29.346083,26.008356
xtal_60.cif,./U3Si5/__initial__/21/xtal_60.cif,92.876305,6.4824376
xtal_61.cif,./U3Si5/21/xtal_61.cif,112.53935,-13.289859
xtal_62.cif,./U3Si5/__initial__/21/xtal_62.cif,-54.47673,27.541183
xtal_63.cif,./U3Si5/21/xtal_63.cif,28.975702,-46.114285
xtal_64.cif,./U3Si5/__initial__/21/xtal_64.cif,16.222088,6.5607543
xtal_65.cif,./U3Si5/21/xtal_65.cif,68.44377,-78.35796
xtal_66.cif,./U3Si5/21/xtal_66.cif,-15.721275,38.41477
xtal_67.cif,./U3Si5/__initial__/21/xtal_67.cif,64.20495,14.166849
xtal_68.cif,./U3Si5/__initial__/21/xtal_68.cif,101.05608,18.81527
xtal_69.cif,./U3Si5/21/xtal_69.cif,-1.395622,-97.53378
xtal_7.cif,./U3Si5/21/xtal_7.cif,67.77085,-67.61392
xtal_70.cif,./U3Si5/__initial__/21/xtal_70.cif,34.89981,-14.630957
xtal_71.cif,./U3Si5/__initial__/21/xtal_71.cif,13.750033,-17.61334
xtal_72.cif,./U3Si5/__initial__/21/xtal_72.cif,-4.109134,-46.420372
xtal_73.cif,./U3Si5/21/xtal_73.cif,51.08362,-84.93214
xtal_74.cif,./U3Si5/__initial__/21/xtal_74.cif,-1.9959617,-44.790455
xtal_75.cif,./U3Si5/21/xtal_75.cif,-17.795542,-10.11733
xtal_76.cif,./U3Si5/__initial__/21/xtal_76.cif,97.03734,-29.425552
xtal_77.cif,./U3Si5/21/xtal_77.cif,-69.09142,-24.161484
xtal_78.cif,./U3Si5/__initial__/21/xtal_78.cif,71.65307,0.6709783
xtal_79.cif,./U3Si5/__initial__/21/xtal_79.cif,75.35143,-3.1586306
xtal_8.cif,./U3Si5/__initial__/21/xtal_8.cif,11.00801,66.09309
xtal_80.cif,./U3Si5/__initial__/21/xtal_80.cif,105.548195,0.3131574
xtal_81.cif,./U3Si5/__initial__/21/xtal_81.cif,7.9214196,44.651802
xtal_82.cif,./U3Si5/__initial__/21/xtal_82.cif,-35.072834,17.763042
xtal_83.cif,./U3Si5/21/xtal_83.cif,-2.6947496,-57.96125
xtal_84.cif,./U3Si5/__initial__/21/xtal_84.cif,-15.404919,38.092224
xtal_85.cif,./U3Si5/__initial__/21/xtal_85.cif,54.477047,-11.140989
xtal_86.cif,./U3Si5/__initial__/21/xtal_86.cif,-65.36351,35.316902
xtal_87.cif,./U3Si5/__initial__/21/xtal_87.cif,-46.307693,9.996123
xtal_88.cif,./U3Si5/21/xtal_88.cif,-24.803837,15.290372
xtal_89.cif,./U3Si5/__initial__/21/xtal_89.cif,-50.97342,55.155605
xtal_9.cif,./U3Si5/21/xtal_9.cif,-35.56277,-51.932945
xtal_90.cif,./U3Si5/__initial__/21/xtal_90.cif,-13.761041,51.72481
xtal_91.cif,./U3Si5/21/xtal_91.cif,4.7218328,-20.861416
xtal_92.cif,./U3Si5/21/xtal_92.cif,-19.865032,-15.45545
xtal_93.cif,./U3Si5/__initial__/21/xtal_93.cif,56.471622,-13.969773
xtal_94.cif,./U3Si5/__initial__/21/xtal_94.cif,-72.52195,-29.49103
xtal_95.cif,./U3Si5/__initial__/21/xtal_95.cif,71.07171,29.049124
xtal_96.cif,./U3Si5/__initial__/21/xtal_96.cif,62.08298,-19.32193
xtal_97.cif,./U3Si5/__initial__/21/xtal_97.cif,57.881653,-25.531567
xtal_98.cif,./U3Si5/__initial__/21/xtal_98.cif,-37.18962,-34.245438
xtal_99.cif,./U3Si5/21/xtal_99.cif,35.925003,-92.831154
xtal_1.cif,./U3Si5/23/xtal_1.cif,-87.5825,-20.754988
xtal_10.cif,./U3Si5/23/xtal_10.cif,39.27795,1.2908617
xtal_100.cif,./U3Si5/23/xtal_100.cif,28.134203,-53.95237
xtal_11.cif,./U3Si5/__initial__/23/xtal_11.cif,-101.67774,-1.5592154
xtal_12.cif,./U3Si5/__initial__/23/xtal_12.cif,113.51944,-14.529685
xtal_13.cif,./U3Si5/__initial__/23/xtal_13.cif,-71.95244,-34.104923
xtal_14.cif,./U3Si5/__initial__/23/xtal_14.cif,-21.668917,-51.68007
xtal_15.cif,./U3Si5/__initial__/23/xtal_15.cif,-8.125085,50.31539
xtal_16.cif,./U3Si5/__initial__/23/xtal_16.cif,51.34943,-19.533106
xtal_17.cif,./U3Si5/23/xtal_17.cif,-54.87231,-19.735386
xtal_18.cif,./U3Si5/__initial__/23/xtal_18.cif,-64.75374,46.327568
xtal_19.cif,./U3Si5/__initial__/23/xtal_19.cif,-32.235092,91.31012
xtal_2.cif,./U3Si5/23/xtal_2.cif,-17.308365,-94.31568
xtal_20.cif,./U3Si5/23/xtal_20.cif,-14.084612,41.34382
xtal_21.cif,./U3Si5/__initial__/23/xtal_21.cif,102.17077,0.96516764
xtal_22.cif,./U3Si5/__initial__/23/xtal_22.cif,50.750057,-24.76459
xtal_23.cif,./U3Si5/__initial__/23/xtal_23.cif,-0.92306197,65.00632
xtal_24.cif,./U3Si5/23/xtal_24.cif,-6.060167,-90.76621
xtal_25.cif,./U3Si5/23/xtal_25.cif,20.508204,-102.09204
xtal_26.cif,./U3Si5/__initial__/23/xtal_26.cif,96.30334,12.362739
xtal_27.cif,./U3Si5/23/xtal_27.cif,-8.289377,-54.676292
xtal_28.cif,./U3Si5/__initial__/23/xtal_28.cif,-16.547592,21.521929
xtal_29.cif,./U3Si5/23/xtal_29.cif,-38.28981,33.83882
xtal_3.cif,./U3Si5/__initial__/23/xtal_3.cif,101.38759,-35.78269
xtal_30.cif,./U3Si5/__initial__/23/xtal_30.cif,1.3489197,-55.625923
xtal_31.cif,./U3Si5/__initial__/23/xtal_31.cif,-43.796112,-2.8174174
xtal_32.cif,./U3Si5/__initial__/23/xtal_32.cif,92.45559,-65.025276
xtal_33.cif,./U3Si5/23/xtal_33.cif,-66.54534,41.44156
xtal_34.cif,./U3Si5/__initial__/23/xtal_34.cif,-29.913414,51.489986
xtal_35.cif,./U3Si5/__initial__/23/xtal_35.cif,63.482548,-38.297855
xtal_36.cif,./U3Si5/__initial__/23/xtal_36.cif,-11.056876,12.024185
xtal_37.cif,./U3Si5/__initial__/23/xtal_37.cif,87.25654,3.7067063
xtal_38.cif,./U3Si5/__initial__/23/xtal_38.cif,3.0092335,101.2707
xtal_39.cif,./U3Si5/23/xtal_39.cif,-8.395514,-50.909897
xtal_4.cif,./U3Si5/__initial__/23/xtal_4.cif,68.897575,16.816772
xtal_40.cif,./U3Si5/__initial__/23/xtal_40.cif,69.89776,-28.251842
xtal_41.cif,./U3Si5/__initial__/23/xtal_41.cif,88.40428,-25.169348
xtal_42.cif,./U3Si5/__initial__/23/xtal_42.cif,1.0107362,62.439316
xtal_43.cif,./U3Si5/__initial__/23/xtal_43.cif,72.845116,-46.89466
xtal_44.cif,./U3Si5/23/xtal_44.cif,-53.49512,-61.929058
xtal_45.cif,./U3Si5/23/xtal_45.cif,-78.88992,-25.663334
xtal_46.cif,./U3Si5/__initial__/23/xtal_46.cif,96.61033,-37.030247
xtal_47.cif,./U3Si5/__initial__/23/xtal_47.cif,-33.188866,-65.74845
xtal_48.cif,./U3Si5/__initial__/23/xtal_48.cif,-29.061436,53.19296
xtal_49.cif,./U3Si5/__initial__/23/xtal_49.cif,-63.453144,-65.842545
xtal_5.cif,./U3Si5/23/xtal_5.cif,93.01122,-42.310406
xtal_50.cif,./U3Si5/__initial__/23/xtal_50.cif,55.041122,-10.565992
xtal_51.cif,./U3Si5/23/xtal_51.cif,41.669563,-82.33401
xtal_52.cif,./U3Si5/__initial__/23/xtal_52.cif,50.335316,14.141676
xtal_53.cif,./U3Si5/__initial__/23/xtal_53.cif,-93.88769,31.78183
xtal_54.cif,./U3Si5/23/xtal_54.cif,-20.809649,52.971157
xtal_55.cif,./U3Si5/__initial__/23/xtal_55.cif,-94.688644,-21.255325
xtal_56.cif,./U3Si5/23/xtal_56.cif,60.32141,-69.24031
xtal_57.cif,./U3Si5/23/xtal_57.cif,-62.89985,-68.59266
xtal_58.cif,./U3Si5/23/xtal_58.cif,74.41463,-44.757618
xtal_59.cif,./U3Si5/__initial__/23/xtal_59.cif,-16.149223,-28.653708
xtal_6.cif,./U3Si5/__initial__/23/xtal_6.cif,62.82174,-38.82328
xtal_60.cif,./U3Si5/__initial__/23/xtal_60.cif,10.535845,-56.01216
xtal_61.cif,./U3Si5/__initial__/23/xtal_61.cif,60.71883,-52.633038
xtal_62.cif,./U3Si5/__initial__/23/xtal_62.cif,-31.522707,26.585434
xtal_63.cif,./U3Si5/__initial__/23/xtal_63.cif,91.663925,-31.220835
xtal_64.cif,./U3Si5/__initial__/23/xtal_64.cif,109.776596,-6.742678
xtal_65.cif,./U3Si5/__initial__/23/xtal_65.cif,22.877838,-87.17788
xtal_66.cif,./U3Si5/__initial__/23/xtal_66.cif,-21.046087,75.5655
xtal_67.cif,./U3Si5/__initial__/23/xtal_67.cif,-50.300133,53.020256
xtal_68.cif,./U3Si5/23/xtal_68.cif,-17.711811,18.673506
xtal_69.cif,./U3Si5/__initial__/23/xtal_69.cif,90.49268,-23.958605
xtal_7.cif,./U3Si5/__initial__/23/xtal_7.cif,73.95438,-73.27645
xtal_70.cif,./U3Si5/__initial__/23/xtal_70.cif,-6.34565,14.987011
xtal_71.cif,./U3Si5/__initial__/23/xtal_71.cif,-52.57284,95.56937
xtal_72.cif,./U3Si5/__initial__/23/xtal_72.cif,102.499344,-40.430264
xtal_73.cif,./U3Si5/__initial__/23/xtal_73.cif,91.752625,-16.515753
xtal_74.cif,./U3Si5/__initial__/23/xtal_74.cif,6.0244727,70.73689
xtal_75.cif,./U3Si5/23/xtal_75.cif,-65.06638,-4.700224
xtal_76.cif,./U3Si5/__initial__/23/xtal_76.cif,-40.074738,39.312744
xtal_77.cif,./U3Si5/__initial__/23/xtal_77.cif,75.37416,-41.467587
xtal_78.cif,./U3Si5/__initial__/23/xtal_78.cif,-20.821665,-58.44313
xtal_79.cif,./U3Si5/__initial__/23/xtal_79.cif,2.8691201,87.93353
xtal_8.cif,./U3Si5/__initial__/23/xtal_8.cif,61.982304,-84.41799
xtal_80.cif,./U3Si5/23/xtal_80.cif,30.051641,-84.92269
xtal_81.cif,./U3Si5/__initial__/23/xtal_81.cif,99.28458,27.333988
xtal_82.cif,./U3Si5/23/xtal_82.cif,-37.907036,5.802987
xtal_83.cif,./U3Si5/__initial__/23/xtal_83.cif,57.32172,25.909906
xtal_84.cif,./U3Si5/__initial__/23/xtal_84.cif,103.177826,11.300136
xtal_85.cif,./U3Si5/__initial__/23/xtal_85.cif,85.20955,-1.9579631
xtal_86.cif,./U3Si5/23/xtal_86.cif,-14.864727,-74.70456
xtal_87.cif,./U3Si5/23/xtal_87.cif,-12.625683,-53.141235
xtal_88.cif,./U3Si5/__initial__/23/xtal_88.cif,92.87002,-65.39617
xtal_89.cif,./U3Si5/__initial__/23/xtal_89.cif,104.205986,25.723085
xtal_9.cif,./U3Si5/23/xtal_9.cif,74.96765,-55.79038
xtal_90.cif,./U3Si5/__initial__/23/xtal_90.cif,-92.93472,9.750687
xtal_91.cif,./U3Si5/__initial__/23/xtal_91.cif,100.523384,-28.282478
xtal_92.cif,./U3Si5/__initial__/23/xtal_92.cif,87.38827,3.576459
xtal_93.cif,./U3Si5/23/xtal_93.cif,-3.9236274,-53.91431
xtal_94.cif,./U3Si5/__initial__/23/xtal_94.cif,104.29897,26.26329
xtal_95.cif,./U3Si5/__initial__/23/xtal_95.cif,66.77195,16.658659
xtal_96.cif,./U3Si5/__initial__/23/xtal_96.cif,79.352394,50.212048
xtal_97.cif,./U3Si5/__initial__/23/xtal_97.cif,48.2638,21.00558
xtal_98.cif,./U3Si5/23/xtal_98.cif,-33.666008,31.131245
xtal_99.cif,./U3Si5/__initial__/23/xtal_99.cif,99.87542,30.872715
xtal_1.cif,./U3Si5/25/xtal_1.cif,12.059752,-14.056994
xtal_10.cif,./U3Si5/25/xtal_10.cif,-12.191136,-57.247486
xtal_100.cif,./U3Si5/25/xtal_100.cif,-59.880527,30.177841
xtal_11.cif,./U3Si5/25/xtal_11.cif,43.243225,-35.467007
xtal_12.cif,./U3Si5/__initial__/25/xtal_12.cif,50.853573,44.81218
xtal_13.cif,./U3Si5/__initial__/25/xtal_13.cif,100.06183,55.72638
xtal_14.cif,./U3Si5/__initial__/25/xtal_14.cif,17.583677,43.511997
xtal_15.cif,./U3Si5/__initial__/25/xtal_15.cif,36.477158,34.67289
xtal_16.cif,./U3Si5/__initial__/25/xtal_16.cif,-22.058659,60.930668
xtal_17.cif,./U3Si5/25/xtal_17.cif,-60.522762,26.317728
xtal_18.cif,./U3Si5/__initial__/25/xtal_18.cif,32.63722,-6.378335
xtal_19.cif,./U3Si5/25/xtal_19.cif,0.5098132,-84.93019
xtal_2.cif,./U3Si5/25/xtal_2.cif,33.13092,-57.88957
xtal_20.cif,./U3Si5/__initial__/25/xtal_20.cif,30.331709,59.309307
xtal_21.cif,./U3Si5/__initial__/25/xtal_21.cif,-32.74375,14.0855465
xtal_22.cif,./U3Si5/__initial__/25/xtal_22.cif,-36.857628,-55.589176
xtal_23.cif,./U3Si5/25/xtal_23.cif,30.75052,-88.19128
xtal_24.cif,./U3Si5/25/xtal_24.cif,-26.38348,-21.820982
xtal_25.cif,./U3Si5/__initial__/25/xtal_25.cif,19.238482,43.223537
xtal_26.cif,./U3Si5/25/xtal_26.cif,-64.48972,48.583233
xtal_27.cif,./U3Si5/__initial__/25/xtal_27.cif,31.293024,0.77323955
xtal_28.cif,./U3Si5/25/xtal_28.cif,-12.62715,-53.08301
xtal_29.cif,./U3Si5/__initial__/25/xtal_29.cif,37.82795,25.867697
xtal_3.cif,./U3Si5/25/xtal_3.cif,26.04345,-79.52135
xtal_30.cif,./U3Si5/25/xtal_30.cif,-1.5580492,47.292
xtal_31.cif,./U3Si5/25/xtal_31.cif,-24.02427,-87.32174
xtal_32.cif,./U3Si5/__initial__/25/xtal_32.cif,9.408045,17.870026
xtal_33.cif,./U3Si5/__initial__/25/xtal_33.cif,39.253166,-41.217575
xtal_34.cif,./U3Si5/25/xtal_34.cif,47.64507,-87.2012
xtal_35.cif,./U3Si5/25/xtal_35.cif,-11.433013,84.94423
xtal_36.cif,./U3Si5/__initial__/25/xtal_36.cif,28.8043,50.54606
xtal_37.cif,./U3Si5/25/xtal_37.cif,17.856638,-94.247856
xtal_38.cif,./U3Si5/__initial__/25/xtal_38.cif,16.241932,19.100632
xtal_39.cif,./U3Si5/25/xtal_39.cif,6.805896,-19.297066
xtal_4.cif,./U3Si5/25/xtal_4.cif,-8.159775,-19.884632
xtal_40.cif,./U3Si5/__initial__/25/xtal_40.cif,85.25068,42.583683
xtal_41.cif,./U3Si5/__initial__/25/xtal_41.cif,-9.572589,94.58547
xtal_42.cif,./U3Si5/__initial__/25/xtal_42.cif,8.202312,35.325497
xtal_43.cif,./U3Si5/__initial__/25/xtal_43.cif,40.9791,75.82584
xtal_44.cif,./U3Si5/25/xtal_44.cif,-67.482216,-57.9677
xtal_45.cif,./U3Si5/__initial__/25/xtal_45.cif,3.273503,5.528951
xtal_46.cif,./U3Si5/25/xtal_46.cif,-28.215687,-10.273565
xtal_47.cif,./U3Si5/25/xtal_47.cif,-10.958181,-58.90415
xtal_48.cif,./U3Si5/25/xtal_48.cif,-30.515226,68.58652
xtal_49.cif,./U3Si5/__initial__/25/xtal_49.cif,81.3873,46.59651
xtal_5.cif,./U3Si5/__initial__/25/xtal_5.cif,51.532207,65.02722
xtal_50.cif,./U3Si5/__initial__/25/xtal_50.cif,-31.983644,37.052406
xtal_51.cif,./U3Si5/25/xtal_51.cif,10.475802,-0.25403818
xtal_52.cif,./U3Si5/__initial__/25/xtal_52.cif,43.893635,64.315575
xtal_53.cif,./U3Si5/25/xtal_53.cif,4.000151,-36.070232
xtal_54.cif,./U3Si5/25/xtal_54.cif,-63.234104,2.9792583
xtal_55.cif,./U3Si5/__initial__/25/xtal_55.cif,29.676678,34.00233
xtal_56.cif,./U3Si5/25/xtal_56.cif,-40.546734,-35.707905
xtal_57.cif,./U3Si5/__initial__/25/xtal_57.cif,55.074245,-17.874624
xtal_58.cif,./U3Si5/__initial__/25/xtal_58.cif,1.0697889,6.356508
xtal_59.cif,./U3Si5/__initial__/25/xtal_59.cif,30.540108,0.05052276
xtal_6.cif,./U3Si5/__initial__/25/xtal_6.cif,-12.204113,-23.286219
xtal_60.cif,./U3Si5/__initial__/25/xtal_60.cif,5.013027,17.473513
xtal_61.cif,./U3Si5/__initial__/25/xtal_61.cif,49.285645,-19.871614
xtal_62.cif,./U3Si5/25/xtal_62.cif,-62.10796,32.980976
xtal_63.cif,./U3Si5/__initial__/25/xtal_63.cif,-7.165809,39.273582
xtal_64.cif,./U3Si5/25/xtal_64.cif,22.638557,-0.04470446
xtal_65.cif,./U3Si5/25/xtal_65.cif,-47.76635,-19.788994
xtal_66.cif,./U3Si5/__initial__/25/xtal_66.cif,3.9748113,6.5397534
xtal_67.cif,./U3Si5/25/xtal_67.cif,-2.875419,28.437233
xtal_68.cif,./U3Si5/__initial__/25/xtal_68.cif,-2.3748968,25.281788
xtal_69.cif,./U3Si5/__initial__/25/xtal_69.cif,43.528812,52.32798
xtal_7.cif,./U3Si5/25/xtal_7.cif,-4.1227965,-0.44286177
xtal_70.cif,./U3Si5/25/xtal_70.cif,-0.098912016,-49.41553
xtal_71.cif,./U3Si5/25/xtal_71.cif,13.467418,-86.46761
xtal_72.cif,./U3Si5/__initial__/25/xtal_72.cif,0.29933602,4.424288
xtal_73.cif,./U3Si5/25/xtal_73.cif,10.463562,-81.888565
xtal_74.cif,./U3Si5/__initial__/25/xtal_74.cif,-7.0961437,38.75936
xtal_75.cif,./U3Si5/25/xtal_75.cif,7.0061693,12.454506
xtal_76.cif,./U3Si5/25/xtal_76.cif,-41.523422,-14.601627
xtal_77.cif,./U3Si5/__initial__/25/xtal_77.cif,3.6652646,26.463415
xtal_78.cif,./U3Si5/25/xtal_78.cif,-25.57708,-21.396648
xtal_79.cif,./U3Si5/25/xtal_79.cif,-41.488308,-32.634754
xtal_8.cif,./U3Si5/25/xtal_8.cif,-40.03557,-15.063789
xtal_80.cif,./U3Si5/25/xtal_80.cif,11.14876,-79.275894
xtal_81.cif,./U3Si5/25/xtal_81.cif,-35.22834,-49.50428
xtal_82.cif,./U3Si5/25/xtal_82.cif,9.541856,1.113874
xtal_83.cif,./U3Si5/__initial__/25/xtal_83.cif,47.85564,-4.1679816
xtal_84.cif,./U3Si5/__initial__/25/xtal_84.cif,-16.015528,76.3672
xtal_85.cif,./U3Si5/__initial__/25/xtal_85.cif,59.897385,62.470497
xtal_86.cif,./U3Si5/25/xtal_86.cif,15.085154,-76.249344
xtal_87.cif,./U3Si5/25/xtal_87.cif,-2.9004822,87.819725
xtal_88.cif,./U3Si5/__initial__/25/xtal_88.cif,25.062498,78.998535
xtal_89.cif,./U3Si5/25/xtal_89.cif,-64.06796,-16.84534
xtal_9.cif,./U3Si5/__initial__/25/xtal_9.cif,27.579391,31.824804
xtal_90.cif,./U3Si5/25/xtal_90.cif,-56.7579,-29.00275
xtal_91.cif,./U3Si5/25/xtal_91.cif,11.77625,-12.887726
xtal_92.cif,./U3Si5/25/xtal_92.cif,48.21036,-54.23539
xtal_93.cif,./U3Si5/__initial__/25/xtal_93.cif,-34.68514,70.834366
xtal_94.cif,./U3Si5/__initial__/25/xtal_94.cif,47.66649,72.19481
xtal_95.cif,./U3Si5/25/xtal_95.cif,-4.620476,-4.186162
xtal_96.cif,./U3Si5/25/xtal_96.cif,2.6421487,-36.723656
xtal_97.cif,./U3Si5/__initial__/25/xtal_97.cif,27.260786,-41.671898
xtal_98.cif,./U3Si5/__initial__/25/xtal_98.cif,0.93522465,25.354446
xtal_99.cif,./U3Si5/25/xtal_99.cif,15.688297,-18.523117
xtal_1.cif,./U3Si5/26/xtal_1.cif,-45.323864,-46.690475
xtal_10.cif,./U3Si5/__initial__/26/xtal_10.cif,19.296064,49.368053
xtal_100.cif,./U3Si5/__initial__/26/xtal_100.cif,-2.5990224,-4.9533195
xtal_11.cif,./U3Si5/__initial__/26/xtal_11.cif,-4.5583196,42.647755
xtal_12.cif,./U3Si5/__initial__/26/xtal_12.cif,-10.778235,-2.9675384
xtal_13.cif,./U3Si5/__initial__/26/xtal_13.cif,0.20245492,-11.805102
xtal_14.cif,./U3Si5/26/xtal_14.cif,12.638076,-66.67436
xtal_15.cif,./U3Si5/__initial__/26/xtal_15.cif,48.042164,-55.319088
xtal_16.cif,./U3Si5/__initial__/26/xtal_16.cif,4.1780066,46.05171
xtal_17.cif,./U3Si5/__initial__/26/xtal_17.cif,38.68216,-32.234997
xtal_18.cif,./U3Si5/__initial__/26/xtal_18.cif,-13.06367,64.14628
xtal_19.cif,./U3Si5/__initial__/26/xtal_19.cif,15.711627,7.7061186
xtal_2.cif,./U3Si5/26/xtal_2.cif,-38.655712,-52.779934
xtal_20.cif,./U3Si5/__initial__/26/xtal_20.cif,18.204409,-86.79861
xtal_21.cif,./U3Si5/__initial__/26/xtal_21.cif,-21.356253,-5.44045
xtal_22.cif,./U3Si5/__initial__/26/xtal_22.cif,-11.13514,23.326641
xtal_23.cif,./U3Si5/__initial__/26/xtal_23.cif,106.30819,-15.75446
xtal_24.cif,./U3Si5/__initial__/26/xtal_24.cif,55.487057,-14.024411
xtal_25.cif,./U3Si5/__initial__/26/xtal_25.cif,10.828303,79.86024
xtal_26.cif,./U3Si5/__initial__/26/xtal_26.cif,30.882738,21.485834
xtal_27.cif,./U3Si5/26/xtal_27.cif,8.462457,-84.17695
xtal_28.cif,./U3Si5/26/xtal_28.cif,35.137108,-72.10613
xtal_29.cif,./U3Si5/26/xtal_29.cif,-45.250046,-32.385544
xtal_3.cif,./U3Si5/__initial__/26/xtal_3.cif,0.37321392,47.597183
xtal_30.cif,./U3Si5/26/xtal_30.cif,-39.156902,4.7374415
xtal_31.cif,./U3Si5/__initial__/26/xtal_31.cif,28.521286,54.880768
xtal_32.cif,./U3Si5/__initial__/26/xtal_32.cif,44.561333,14.55477
xtal_33.cif,./U3Si5/26/xtal_33.cif,-19.808874,-79.64188
xtal_34.cif,./U3Si5/__initial__/26/xtal_34.cif,-6.9126134,-2.572539
xtal_35.cif,./U3Si5/__initial__/26/xtal_35.cif,8.3847885,12.486539
xtal_36.cif,./U3Si5/26/xtal_36.cif,-36.20897,-53.532803
xtal_37.cif,./U3Si5/26/xtal_37.cif,-19.1408,-16.930485
xtal_38.cif,./U3Si5/26/xtal_38.cif,23.8218,-99.116005
xtal_39.cif,./U3Si5/__initial__/26/xtal_39.cif,-26.103369,0.9789122
xtal_4.cif,./U3Si5/__initial__/26/xtal_4.cif,-21.40342,-11.157436
xtal_40.cif,./U3Si5/26/xtal_40.cif,-59.92332,-14.978796
xtal_41.cif,./U3Si5/26/xtal_41.cif,-46.65125,96.51784
xtal_42.cif,./U3Si5/__initial__/26/xtal_42.cif,-19.69388,33.56638
xtal_43.cif,./U3Si5/26/xtal_43.cif,30.89418,-88.25556
xtal_44.cif,./U3Si5/26/xtal_44.cif,-16.680174,-39.22721
xtal_45.cif,./U3Si5/__initial__/26/xtal_45.cif,48.42363,-5.2848716
xtal_46.cif,./U3Si5/26/xtal_46.cif,-9.849291,-44.135838
xtal_47.cif,./U3Si5/26/xtal_47.cif,-60.75954,35.065594
xtal_48.cif,./U3Si5/26/xtal_48.cif,5.789831,-55.31341
xtal_49.cif,./U3Si5/__initial__/26/xtal_49.cif,16.976442,39.0295
xtal_5.cif,./U3Si5/__initial__/26/xtal_5.cif,23.908648,17.411852
xtal_50.cif,./U3Si5/__initial__/26/xtal_50.cif,75.15285,-68.89586
xtal_51.cif,./U3Si5/26/xtal_51.cif,-49.16935,18.68945
xtal_52.cif,./U3Si5/26/xtal_52.cif,-48.785294,14.5787115
xtal_53.cif,./U3Si5/__initial__/26/xtal_53.cif,11.256249,-16.393867
xtal_54.cif,./U3Si5/__initial__/26/xtal_54.cif,-13.7309885,18.205856
xtal_55.cif,./U3Si5/__initial__/26/xtal_55.cif,-14.255061,-2.9427803
xtal_56.cif,./U3Si5/26/xtal_56.cif,18.33745,-29.233297
xtal_57.cif,./U3Si5/__initial__/26/xtal_57.cif,-10.704028,83.65591
xtal_58.cif,./U3Si5/__initial__/26/xtal_58.cif,15.873965,16.902716
xtal_59.cif,./U3Si5/26/xtal_59.cif,-21.707468,-27.134687
xtal_6.cif,./U3Si5/__initial__/26/xtal_6.cif,-30.690046,34.991978
xtal_60.cif,./U3Si5/__initial__/26/xtal_60.cif,37.619057,38.380714
xtal_61.cif,./U3Si5/__initial__/26/xtal_61.cif,-21.278578,60.899853
xtal_62.cif,./U3Si5/__initial__/26/xtal_62.cif,-20.97877,45.89003
xtal_63.cif,./U3Si5/__initial__/26/xtal_63.cif,-68.81472,14.012169
xtal_64.cif,./U3Si5/__initial__/26/xtal_64.cif,79.774506,41.357994
xtal_65.cif,./U3Si5/26/xtal_65.cif,22.29893,-46.57709
xtal_66.cif,./U3Si5/__initial__/26/xtal_66.cif,8.586708,-52.559986
xtal_67.cif,./U3Si5/__initial__/26/xtal_67.cif,11.983691,40.553017
xtal_68.cif,./U3Si5/__initial__/26/xtal_68.cif,81.0397,56.477352
xtal_69.cif,./U3Si5/26/xtal_69.cif,7.4914017,12.202556
xtal_7.cif,./U3Si5/__initial__/26/xtal_7.cif,75.57475,-38.7821
xtal_70.cif,./U3Si5/26/xtal_70.cif,11.140113,-51.06646
xtal_71.cif,./U3Si5/26/xtal_71.cif,-54.248943,16.752811
xtal_72.cif,./U3Si5/__initial__/26/xtal_72.cif,25.030218,2.1701825
xtal_73.cif,./U3Si5/__initial__/26/xtal_73.cif,16.218105,-85.77381
xtal_74.cif,./U3Si5/26/xtal_74.cif,44.121708,-72.33313
xtal_75.cif,./U3Si5/__initial__/26/xtal_75.cif,-40.35862,-63.475098
xtal_76.cif,./U3Si5/26/xtal_76.cif,19.57961,-15.350602
xtal_77.cif,./U3Si5/__initial__/26/xtal_77.cif,6.426314,-38.927536
xtal_78.cif,./U3Si5/26/xtal_78.cif,-2.7445629,-10.496966
xtal_79.cif,./U3Si5/26/xtal_79.cif,14.331804,-91.36782
xtal_8.cif,./U3Si5/26/xtal_8.cif,15.853996,-13.53582
xtal_80.cif,./U3Si5/26/xtal_80.cif,-74.724106,-15.186295
xtal_81.cif,./U3Si5/__initial__/26/xtal_81.cif,42.889244,-34.972057
xtal_82.cif,./U3Si5/26/xtal_82.cif,-19.189987,-35.58796
xtal_83.cif,./U3Si5/__initial__/26/xtal_83.cif,101.466484,24.598616
xtal_84.cif,./U3Si5/__initial__/26/xtal_84.cif,78.236176,41.808105
xtal_85.cif,./U3Si5/__initial__/26/xtal_85.cif,-23.395906,87.07589
xtal_86.cif,./U3Si5/26/xtal_86.cif,-38.12176,-23.614048
xtal_87.cif,./U3Si5/__initial__/26/xtal_87.cif,79.9133,41.45534
xtal_88.cif,./U3Si5/__initial__/26/xtal_88.cif,22.52389,9.292351
xtal_89.cif,./U3Si5/26/xtal_89.cif,-33.365936,-43.67204
xtal_9.cif,./U3Si5/26/xtal_9.cif,-59.463913,1.0930485
xtal_90.cif,./U3Si5/26/xtal_90.cif,-54.91462,4.157312
xtal_91.cif,./U3Si5/26/xtal_91.cif,-42.624073,-15.28286
xtal_92.cif,./U3Si5/26/xtal_92.cif,8.754476,-21.415058
xtal_93.cif,./U3Si5/26/xtal_93.cif,63.67961,-37.22283
xtal_94.cif,./U3Si5/26/xtal_94.cif,-53.451656,-73.047844
xtal_95.cif,./U3Si5/__initial__/26/xtal_95.cif,-63.8106,14.545887
xtal_96.cif,./U3Si5/26/xtal_96.cif,-68.10233,44.156883
xtal_97.cif,./U3Si5/__initial__/26/xtal_97.cif,35.394043,-22.359833
xtal_98.cif,./U3Si5/26/xtal_98.cif,33.02056,-96.79118
xtal_99.cif,./U3Si5/__initial__/26/xtal_99.cif,-36.257423,69.446144
xtal_1.cif,./U3Si5/27/xtal_1.cif,-75.94115,45.814987
xtal_10.cif,./U3Si5/__initial__/27/xtal_10.cif,80.58215,56.812424
xtal_100.cif,./U3Si5/__initial__/27/xtal_100.cif,70.184204,39.385113
xtal_11.cif,./U3Si5/__initial__/27/xtal_11.cif,11.547261,25.99741
xtal_12.cif,./U3Si5/27/xtal_12.cif,-62.575367,-13.895036
xtal_13.cif,./U3Si5/27/xtal_13.cif,15.996016,27.212902
xtal_14.cif,./U3Si5/27/xtal_14.cif,27.433996,-100.39904
xtal_15.cif,./U3Si5/27/xtal_15.cif,-39.537834,-32.66742
xtal_16.cif,./U3Si5/__initial__/27/xtal_16.cif,0.12388157,81.514206
xtal_17.cif,./U3Si5/27/xtal_17.cif,-9.76522,21.68419
xtal_18.cif,./U3Si5/27/xtal_18.cif,-59.94823,-43.518105
xtal_19.cif,./U3Si5/27/xtal_19.cif,54.32246,-4.7339425
xtal_2.cif,./U3Si5/27/xtal_2.cif,-58.95431,63.118835
xtal_20.cif,./U3Si5/27/xtal_20.cif,-48.202904,32.08556
xtal_21.cif,./U3Si5/27/xtal_21.cif,25.572227,-71.03828
xtal_22.cif,./U3Si5/27/xtal_22.cif,43.705967,-19.081247
xtal_23.cif,./U3Si5/27/xtal_23.cif,-2.6267152,-102.02856
xtal_24.cif,./U3Si5/27/xtal_24.cif,-51.193047,49.029724
xtal_25.cif,./U3Si5/27/xtal_25.cif,68.910225,-33.964695
xtal_26.cif,./U3Si5/27/xtal_26.cif,21.484245,-10.1812105
xtal_27.cif,./U3Si5/27/xtal_27.cif,45.20925,-12.720738
xtal_28.cif,./U3Si5/__initial__/27/xtal_28.cif,104.004715,-8.083654
xtal_29.cif,./U3Si5/27/xtal_29.cif,58.79248,-14.91227
xtal_3.cif,./U3Si5/27/xtal_3.cif,8.987886,59.698112
xtal_30.cif,./U3Si5/27/xtal_30.cif,-38.658962,83.64541
xtal_31.cif,./U3Si5/27/xtal_31.cif,-72.232864,4.546568
xtal_32.cif,./U3Si5/27/xtal_32.cif,53.204422,-68.36079
xtal_33.cif,./U3Si5/27/xtal_33.cif,1.9661239,-86.2085
xtal_34.cif,./U3Si5/27/xtal_34.cif,20.394764,-59.69161
xtal_35.cif,./U3Si5/27/xtal_35.cif,-44.047073,17.35836
xtal_36.cif,./U3Si5/27/xtal_36.cif,46.07742,-28.889381
xtal_37.cif,./U3Si5/27/xtal_37.cif,-37.738182,-80.73224
xtal_38.cif,./U3Si5/__initial__/27/xtal_38.cif,-48.28427,72.843025
xtal_39.cif,./U3Si5/27/xtal_39.cif,54.642597,-22.211937
xtal_4.cif,./U3Si5/27/xtal_4.cif,-36.3164,-33.27984
xtal_40.cif,./U3Si5/__initial__/27/xtal_40.cif,-14.969445,48.277267
xtal_41.cif,./U3Si5/27/xtal_41.cif,47.043068,-7.7097244
xtal_42.cif,./U3Si5/27/xtal_42.cif,77.32545,-71.15544
xtal_43.cif,./U3Si5/__initial__/27/xtal_43.cif,13.543615,45.19322
xtal_44.cif,./U3Si5/27/xtal_44.cif,50.363983,-30.373713
xtal_45.cif,./U3Si5/27/xtal_45.cif,-23.127068,17.9426
xtal_46.cif,./U3Si5/27/xtal_46.cif,-27.612854,-2.5839086
xtal_47.cif,./U3Si5/27/xtal_47.cif,12.24047,59.938183
xtal_48.cif,./U3Si5/27/xtal_48.cif,-0.48009577,65.13207
xtal_49.cif,./U3Si5/27/xtal_49.cif,-44.96637,-25.703705
xtal_5.cif,./U3Si5/27/xtal_5.cif,62.81015,-29.81651
xtal_50.cif,./U3Si5/__initial__/27/xtal_50.cif,9.229869,68.073044
xtal_51.cif,./U3Si5/__initial__/27/xtal_51.cif,19.9896,16.85098
xtal_52.cif,./U3Si5/27/xtal_52.cif,-27.77835,81.43954
xtal_53.cif,./U3Si5/27/xtal_53.cif,-46.615803,62.69951
xtal_54.cif,./U3Si5/27/xtal_54.cif,-61.26749,-61.096596
xtal_55.cif,./U3Si5/27/xtal_55.cif,-48.79745,15.507528
xtal_56.cif,./U3Si5/27/xtal_56.cif,-59.30834,16.168638
xtal_57.cif,./U3Si5/27/xtal_57.cif,40.64743,-15.536781
xtal_58.cif,./U3Si5/27/xtal_58.cif,-53.33871,21.816767
xtal_59.cif,./U3Si5/27/xtal_59.cif,-10.225186,-71.35161
xtal_6.cif,./U3Si5/27/xtal_6.cif,3.0416636,-54.192543
xtal_60.cif,./U3Si5/27/xtal_60.cif,87.32998,-55.577553
xtal_61.cif,./U3Si5/27/xtal_61.cif,-37.777317,84.88104
xtal_62.cif,./U3Si5/27/xtal_62.cif,-19.40349,92.8175
xtal_63.cif,./U3Si5/27/xtal_63.cif,43.89877,-35.441624
xtal_64.cif,./U3Si5/27/xtal_64.cif,-57.18396,25.170914
xtal_65.cif,./U3Si5/27/xtal_65.cif,-67.0892,-30.160217
xtal_66.cif,./U3Si5/27/xtal_66.cif,46.35206,-20.39406
xtal_67.cif,./U3Si5/27/xtal_67.cif,-9.714285,-86.29252
xtal_68.cif,./U3Si5/27/xtal_68.cif,12.5037,-53.76071
xtal_69.cif,./U3Si5/27/xtal_69.cif,13.821643,-88.2404
xtal_7.cif,./U3Si5/27/xtal_7.cif,18.642292,-48.908596
xtal_70.cif,./U3Si5/27/xtal_70.cif,11.736796,-81.38902
xtal_71.cif,./U3Si5/27/xtal_71.cif,1.2230593,-49.574703
xtal_72.cif,./U3Si5/27/xtal_72.cif,36.8459,-72.31641
xtal_73.cif,./U3Si5/27/xtal_73.cif,69.749374,-3.709106
xtal_74.cif,./U3Si5/27/xtal_74.cif,-12.22236,-23.190575
xtal_75.cif,./U3Si5/27/xtal_75.cif,6.914362,-45.713276
xtal_76.cif,./U3Si5/27/xtal_76.cif,-69.8913,33.02865
xtal_77.cif,./U3Si5/__initial__/27/xtal_77.cif,17.90979,33.513664
xtal_78.cif,./U3Si5/__initial__/27/xtal_78.cif,10.0075865,-0.95576805
xtal_79.cif,./U3Si5/27/xtal_79.cif,-28.485134,69.1394
xtal_8.cif,./U3Si5/27/xtal_8.cif,8.482037,32.002693
xtal_80.cif,./U3Si5/27/xtal_80.cif,15.015277,-91.40553
xtal_81.cif,./U3Si5/27/xtal_81.cif,-31.628714,61.775215
xtal_82.cif,./U3Si5/27/xtal_82.cif,-8.241406,69.41316
xtal_83.cif,./U3Si5/27/xtal_83.cif,72.99027,-66.907875
xtal_84.cif,./U3Si5/27/xtal_84.cif,33.399567,-65.38256
xtal_85.cif,./U3Si5/27/xtal_85.cif,-24.204956,-42.67334
xtal_86.cif,./U3Si5/__initial__/27/xtal_86.cif,22.44891,-16.777206
xtal_87.cif,./U3Si5/27/xtal_87.cif,-98.68647,13.869619
xtal_88.cif,./U3Si5/27/xtal_88.cif,-42.992863,47.160538
xtal_89.cif,./U3Si5/27/xtal_89.cif,-67.41224,16.715948
xtal_9.cif,./U3Si5/27/xtal_9.cif,11.195792,-84.878
xtal_90.cif,./U3Si5/27/xtal_90.cif,37.72178,-84.82393
xtal_91.cif,./U3Si5/27/xtal_91.cif,79.622314,-57.40421
xtal_92.cif,./U3Si5/27/xtal_92.cif,-43.127132,37.45729
xtal_93.cif,./U3Si5/__initial__/27/xtal_93.cif,-41.93775,-61.600376
xtal_94.cif,./U3Si5/27/xtal_94.cif,56.282776,21.806053
xtal_95.cif,./U3Si5/__initial__/27/xtal_95.cif,87.85836,-62.995567
xtal_96.cif,./U3Si5/27/xtal_96.cif,-9.058328,21.381313
xtal_97.cif,./U3Si5/27/xtal_97.cif,14.774652,-4.994056
xtal_98.cif,./U3Si5/27/xtal_98.cif,102.70672,-41.12263
xtal_99.cif,./U3Si5/27/xtal_99.cif,-74.70664,-29.462906
xtal_1.cif,./U3Si5/__initial__/28/xtal_1.cif,-40.643314,71.99875
xtal_10.cif,./U3Si5/__initial__/28/xtal_10.cif,54.818527,10.141685
xtal_100.cif,./U3Si5/28/xtal_100.cif,16.605309,1.0331057
xtal_11.cif,./U3Si5/__initial__/28/xtal_11.cif,50.293972,63.54236
xtal_12.cif,./U3Si5/__initial__/28/xtal_12.cif,32.62246,66.07519
xtal_13.cif,./U3Si5/__initial__/28/xtal_13.cif,34.553917,78.08039
xtal_14.cif,./U3Si5/__initial__/28/xtal_14.cif,19.51536,49.07364
xtal_15.cif,./U3Si5/__initial__/28/xtal_15.cif,35.477367,-55.858765
xtal_16.cif,./U3Si5/__initial__/28/xtal_16.cif,41.19862,-39.913643
xtal_17.cif,./U3Si5/__initial__/28/xtal_17.cif,95.28947,-7.9915104
xtal_18.cif,./U3Si5/28/xtal_18.cif,14.211553,-83.03897
xtal_19.cif,./U3Si5/__initial__/28/xtal_19.cif,-41.404995,47.180088
xtal_2.cif,./U3Si5/28/xtal_2.cif,-77.22921,-32.884018
xtal_20.cif,./U3Si5/__initial__/28/xtal_20.cif,26.500727,56.66384
xtal_21.cif,./U3Si5/__initial__/28/xtal_21.cif,20.284704,40.217823
xtal_22.cif,./U3Si5/28/xtal_22.cif,-59.765553,1.4121481
xtal_23.cif,./U3Si5/28/xtal_23.cif,-25.842592,-22.290775
xtal_24.cif,./U3Si5/__initial__/28/xtal_24.cif,15.483079,43.558247
xtal_25.cif,./U3Si5/__initial__/28/xtal_25.cif,23.006865,-0.64464223
xtal_26.cif,./U3Si5/__initial__/28/xtal_26.cif,36.8834,28.451994
xtal_27.cif,./U3Si5/28/xtal_27.cif,25.5135,14.2682
xtal_28.cif,./U3Si5/__initial__/28/xtal_28.cif,-1.3942817,25.0554
xtal_29.cif,./U3Si5/__initial__/28/xtal_29.cif,8.761672,37.52941
xtal_3.cif,./U3Si5/__initial__/28/xtal_3.cif,-12.740223,65.40993
xtal_30.cif,./U3Si5/__initial__/28/xtal_30.cif,21.755926,63.683064
xtal_31.cif,./U3Si5/__initial__/28/xtal_31.cif,-3.666695,-0.15330917
xtal_32.cif,./U3Si5/__initial__/28/xtal_32.cif,29.718876,53.565502
xtal_33.cif,./U3Si5/__initial__/28/xtal_33.cif,34.592823,-43.68062
xtal_34.cif,./U3Si5/__initial__/28/xtal_34.cif,44.79965,71.29843
xtal_35.cif,./U3Si5/__initial__/28/xtal_35.cif,-17.950653,63.259445
xtal_36.cif,./U3Si5/__initial__/28/xtal_36.cif,27.927591,3.6862116
xtal_37.cif,./U3Si5/__initial__/28/xtal_37.cif,37.00967,77.08336
xtal_38.cif,./U3Si5/__initial__/28/xtal_38.cif,46.886883,42.514328
xtal_39.cif,./U3Si5/__initial__/28/xtal_39.cif,77.95787,15.913652
xtal_4.cif,./U3Si5/__initial__/28/xtal_4.cif,-3.5834365,30.063402
xtal_40.cif,./U3Si5/__initial__/28/xtal_40.cif,-65.87672,7.0750475
xtal_41.cif,./U3Si5/28/xtal_41.cif,7.961746,0.21081933
xtal_42.cif,./U3Si5/28/xtal_42.cif,-3.8682597,-3.0299726
xtal_43.cif,./U3Si5/__initial__/28/xtal_43.cif,34.902798,-1.4382956
xtal_44.cif,./U3Si5/__initial__/28/xtal_44.cif,3.383973,23.785347
xtal_45.cif,./U3Si5/__initial__/28/xtal_45.cif,20.163519,61.483246
xtal_46.cif,./U3Si5/__initial__/28/xtal_46.cif,6.331113,76.86701
xtal_47.cif,./U3Si5/__initial__/28/xtal_47.cif,27.630976,76.88658
xtal_48.cif,./U3Si5/__initial__/28/xtal_48.cif,15.885583,19.732565
xtal_49.cif,./U3Si5/__initial__/28/xtal_49.cif,-41.649555,57.407757
xtal_5.cif,./U3Si5/__initial__/28/xtal_5.cif,-4.2884603,-17.865349
xtal_50.cif,./U3Si5/__initial__/28/xtal_50.cif,1.1510898,41.614677
xtal_51.cif,./U3Si5/__initial__/28/xtal_51.cif,16.55126,40.65563
xtal_52.cif,./U3Si5/28/xtal_52.cif,23.227367,-68.29756
xtal_53.cif,./U3Si5/__initial__/28/xtal_53.cif,-0.3238838,46.831085
xtal_54.cif,./U3Si5/__initial__/28/xtal_54.cif,-2.7079709,32.429478
xtal_55.cif,./U3Si5/__initial__/28/xtal_55.cif,70.637505,-76.576385
xtal_56.cif,./U3Si5/__initial__/28/xtal_56.cif,-38.95296,68.72917
xtal_57.cif,./U3Si5/__initial__/28/xtal_57.cif,-38.61367,71.648796
xtal_58.cif,./U3Si5/28/xtal_58.cif,-2.2810686,-17.774569
xtal_59.cif,./U3Si5/__initial__/28/xtal_59.cif,-5.5512285,25.406574
xtal_6.cif,./U3Si5/__initial__/28/xtal_6.cif,9.776843,-32.56524
xtal_60.cif,./U3Si5/__initial__/28/xtal_60.cif,18.913458,70.6061
xtal_61.cif,./U3Si5/28/xtal_61.cif,11.19108,36.332745
xtal_62.cif,./U3Si5/__initial__/28/xtal_62.cif,0.33038104,41.684917
xtal_63.cif,./U3Si5/__initial__/28/xtal_63.cif,-13.507787,33.822075
xtal_64.cif,./U3Si5/__initial__/28/xtal_64.cif,7.480122,11.294467
xtal_65.cif,./U3Si5/__initial__/28/xtal_65.cif,26.156126,74.14052
xtal_66.cif,./U3Si5/28/xtal_66.cif,-83.09942,1.1174779
xtal_67.cif,./U3Si5/__initial__/28/xtal_67.cif,41.612415,-11.915361
xtal_68.cif,./U3Si5/__initial__/28/xtal_68.cif,81.81741,-54.572754
xtal_69.cif,./U3Si5/__initial__/28/xtal_69.cif,23.350847,-17.15247
xtal_7.cif,./U3Si5/28/xtal_7.cif,-3.468847,31.078117
xtal_70.cif,./U3Si5/__initial__/28/xtal_70.cif,-18.308779,58.67181
xtal_71.cif,./U3Si5/__initial__/28/xtal_71.cif,-9.761383,13.647727
xtal_72.cif,./U3Si5/28/xtal_72.cif,-26.40295,34.720505
xtal_73.cif,./U3Si5/28/xtal_73.cif,8.138466,-41.447426
xtal_74.cif,./U3Si5/__initial__/28/xtal_74.cif,39.041992,89.21496
xtal_75.cif,./U3Si5/__initial__/28/xtal_75.cif,-52.01241,13.338221
xtal_76.cif,./U3Si5/__initial__/28/xtal_76.cif,15.0412245,17.293552
xtal_77.cif,./U3Si5/__initial__/28/xtal_77.cif,46.75948,31.496088
xtal_78.cif,./U3Si5/__initial__/28/xtal_78.cif,66.889755,-10.043667
xtal_79.cif,./U3Si5/__initial__/28/xtal_79.cif,33.25136,-1.4099199
xtal_8.cif,./U3Si5/28/xtal_8.cif,-65.02108,15.400479
xtal_80.cif,./U3Si5/__initial__/28/xtal_80.cif,-36.16654,19.37683
xtal_81.cif,./U3Si5/28/xtal_81.cif,-57.325928,-43.498795
xtal_82.cif,./U3Si5/28/xtal_82.cif,-18.687216,-17.555878
xtal_83.cif,./U3Si5/__initial__/28/xtal_83.cif,45.602863,-65.6715
xtal_84.cif,./U3Si5/28/xtal_84.cif,-62.960064,-16.876642
xtal_85.cif,./U3Si5/28/xtal_85.cif,12.552673,-11.721076
xtal_86.cif,./U3Si5/__initial__/28/xtal_86.cif,29.700056,44.803047
xtal_87.cif,./U3Si5/__initial__/28/xtal_87.cif,46.465343,30.228537
xtal_88.cif,./U3Si5/__initial__/28/xtal_88.cif,-26.696962,33.9344
xtal_89.cif,./U3Si5/__initial__/28/xtal_89.cif,25.6062,28.954218
xtal_9.cif,./U3Si5/__initial__/28/xtal_9.cif,30.657326,-4.225502
xtal_90.cif,./U3Si5/__initial__/28/xtal_90.cif,6.3374395,14.533448
xtal_91.cif,./U3Si5/__initial__/28/xtal_91.cif,25.977524,14.660477
xtal_92.cif,./U3Si5/28/xtal_92.cif,15.01898,-2.9201035
xtal_93.cif,./U3Si5/28/xtal_93.cif,9.784883,-70.2096
xtal_94.cif,./U3Si5/__initial__/28/xtal_94.cif,-45.886925,29.541887
xtal_95.cif,./U3Si5/28/xtal_95.cif,0.4929022,-23.62358
xtal_96.cif,./U3Si5/__initial__/28/xtal_96.cif,5.6405654,-5.1231923
xtal_97.cif,./U3Si5/__initial__/28/xtal_97.cif,77.37022,7.283697
xtal_98.cif,./U3Si5/__initial__/28/xtal_98.cif,27.455395,53.408276
xtal_99.cif,./U3Si5/__initial__/28/xtal_99.cif,84.90375,-0.65390795
xtal_1.cif,./U3Si5/__initial__/30/xtal_1.cif,32.722836,-5.238251
xtal_10.cif,./U3Si5/__initial__/30/xtal_10.cif,16.85637,43.529537
xtal_100.cif,./U3Si5/30/xtal_100.cif,-9.299251,-78.547554
xtal_11.cif,./U3Si5/__initial__/30/xtal_11.cif,-30.740974,95.4872
xtal_12.cif,./U3Si5/__initial__/30/xtal_12.cif,22.401457,-11.753729
xtal_13.cif,./U3Si5/30/xtal_13.cif,47.46747,-92.0782
xtal_14.cif,./U3Si5/30/xtal_14.cif,-2.0187886,-79.81281
xtal_15.cif,./U3Si5/__initial__/30/xtal_15.cif,22.77269,-18.886406
xtal_16.cif,./U3Si5/__initial__/30/xtal_16.cif,8.082103,7.4856443
xtal_17.cif,./U3Si5/30/xtal_17.cif,30.504032,-25.12579
xtal_18.cif,./U3Si5/__initial__/30/xtal_18.cif,-21.121235,50.494026
xtal_19.cif,./U3Si5/30/xtal_19.cif,-25.782354,42.56438
xtal_2.cif,./U3Si5/30/xtal_2.cif,-50.41034,44.912098
xtal_20.cif,./U3Si5/30/xtal_20.cif,44.37572,-87.845726
xtal_21.cif,./U3Si5/30/xtal_21.cif,-14.625525,-47.172264
xtal_22.cif,./U3Si5/__initial__/30/xtal_22.cif,-63.787285,34.32664
xtal_23.cif,./U3Si5/__initial__/30/xtal_23.cif,-10.218156,103.981804
xtal_24.cif,./U3Si5/__initial__/30/xtal_24.cif,-23.773123,53.04067
xtal_25.cif,./U3Si5/__initial__/30/xtal_25.cif,63.063828,-8.714275
xtal_26.cif,./U3Si5/__initial__/30/xtal_26.cif,74.82165,42.79084
xtal_27.cif,./U3Si5/__initial__/30/xtal_27.cif,-16.860622,3.8869665
xtal_28.cif,./U3Si5/__initial__/30/xtal_28.cif,28.916328,25.552649
xtal_29.cif,./U3Si5/__initial__/30/xtal_29.cif,20.577705,-22.76076
xtal_3.cif,./U3Si5/__initial__/30/xtal_3.cif,46.70916,-49.986725
xtal_30.cif,./U3Si5/30/xtal_30.cif,-10.429203,108.89129
xtal_31.cif,./U3Si5/__initial__/30/xtal_31.cif,8.132574,21.459137
xtal_32.cif,./U3Si5/__initial__/30/xtal_32.cif,68.14445,-19.638554
xtal_33.cif,./U3Si5/__initial__/30/xtal_33.cif,52.51385,-14.288901
xtal_34.cif,./U3Si5/30/xtal_34.cif,12.716244,-8.555259
xtal_35.cif,./U3Si5/30/xtal_35.cif,7.2210393,-71.28401
xtal_36.cif,./U3Si5/__initial__/30/xtal_36.cif,67.26816,-48.119434
xtal_37.cif,./U3Si5/30/xtal_37.cif,-63.63426,40.68179
xtal_38.cif,./U3Si5/__initial__/30/xtal_38.cif,20.974918,37.629524
xtal_39.cif,./U3Si5/30/xtal_39.cif,15.36229,-1.1758108
xtal_4.cif,./U3Si5/__initial__/30/xtal_4.cif,2.0300148,-2.0904245
xtal_40.cif,./U3Si5/__initial__/30/xtal_40.cif,33.642075,25.952261
xtal_41.cif,./U3Si5/30/xtal_41.cif,31.485828,-29.886171
xtal_42.cif,./U3Si5/__initial__/30/xtal_42.cif,5.895902,21.240091
xtal_43.cif,./U3Si5/30/xtal_43.cif,-54.95606,39.819534
xtal_44.cif,./U3Si5/30/xtal_44.cif,-55.053524,64.82286
xtal_45.cif,./U3Si5/__initial__/30/xtal_45.cif,16.287512,8.453566
xtal_46.cif,./U3Si5/__initial__/30/xtal_46.cif,32.533047,5.287197
xtal_47.cif,./U3Si5/30/xtal_47.cif,5.7695537,-83.19222
xtal_48.cif,./U3Si5/30/xtal_48.cif,14.783177,-20.486805
xtal_49.cif,./U3Si5/__initial__/30/xtal_49.cif,-69.14973,20.59536
xtal_5.cif,./U3Si5/30/xtal_5.cif,-4.1070848,-74.69714
xtal_50.cif,./U3Si5/30/xtal_50.cif,7.3718314,-69.58277
xtal_51.cif,./U3Si5/__initial__/30/xtal_51.cif,11.023145,-9.645541
xtal_52.cif,./U3Si5/__initial__/30/xtal_52.cif,5.8550406,-1.2396762
xtal_53.cif,./U3Si5/__initial__/30/xtal_53.cif,-46.70288,46.64378
xtal_54.cif,./U3Si5/__initial__/30/xtal_54.cif,33.36348,19.553747
xtal_55.cif,./U3Si5/__initial__/30/xtal_55.cif,68.968315,25.952112
xtal_56.cif,./U3Si5/__initial__/30/xtal_56.cif,1.9091659,97.15109
xtal_57.cif,./U3Si5/30/xtal_57.cif,-15.249104,-59.853672
xtal_58.cif,./U3Si5/30/xtal_58.cif,18.040768,0.2960801
xtal_59.cif,./U3Si5/30/xtal_59.cif,-6.534976,-7.5840454
xtal_6.cif,./U3Si5/__initial__/30/xtal_6.cif,-19.15008,-75.28895
xtal_60.cif,./U3Si5/30/xtal_60.cif,14.949957,-106.61745
xtal_61.cif,./U3Si5/30/xtal_61.cif,-43.1361,-54.054928
xtal_62.cif,./U3Si5/30/xtal_62.cif,-2.5957608,-29.659779
xtal_63.cif,./U3Si5/30/xtal_63.cif,8.547061,-84.5647
xtal_64.cif,./U3Si5/30/xtal_64.cif,-14.053752,-95.38544
xtal_65.cif,./U3Si5/30/xtal_65.cif,19.68503,-17.271954
xtal_66.cif,./U3Si5/__initial__/30/xtal_66.cif,82.44691,-41.480686
xtal_67.cif,./U3Si5/__initial__/30/xtal_67.cif,33.305607,-29.559826
xtal_68.cif,./U3Si5/__initial__/30/xtal_68.cif,-39.181904,27.126118
xtal_69.cif,./U3Si5/__initial__/30/xtal_69.cif,81.89956,8.210325
xtal_7.cif,./U3Si5/__initial__/30/xtal_7.cif,-3.8718657,26.87923
xtal_70.cif,./U3Si5/30/xtal_70.cif,-16.770845,-78.548294
xtal_71.cif,./U3Si5/30/xtal_71.cif,39.239643,-93.73245
xtal_72.cif,./U3Si5/__initial__/30/xtal_72.cif,-30.019583,39.518368
xtal_73.cif,./U3Si5/30/xtal_73.cif,-52.62449,-32.301315
xtal_74.cif,./U3Si5/__initial__/30/xtal_74.cif,46.837215,-52.020504
xtal_75.cif,./U3Si5/30/xtal_75.cif,23.62811,-79.24202
xtal_76.cif,./U3Si5/30/xtal_76.cif,-36.153427,6.207399
xtal_77.cif,./U3Si5/__initial__/30/xtal_77.cif,32.20174,55.286724
xtal_78.cif,./U3Si5/30/xtal_78.cif,34.96655,-95.05891
xtal_79.cif,./U3Si5/30/xtal_79.cif,15.862767,-85.41009
xtal_8.cif,./U3Si5/__initial__/30/xtal_8.cif,65.51654,55.255955
xtal_80.cif,./U3Si5/30/xtal_80.cif,-23.184546,-19.02659
xtal_81.cif,./U3Si5/30/xtal_81.cif,18.125177,-91.03923
xtal_82.cif,./U3Si5/__initial__/30/xtal_82.cif,6.8865676,18.142403
xtal_83.cif,./U3Si5/30/xtal_83.cif,-36.278423,-0.5805043
xtal_84.cif,./U3Si5/__initial__/30/xtal_84.cif,93.54688,-39.178
xtal_85.cif,./U3Si5/30/xtal_85.cif,-2.2707684,-86.61136
xtal_86.cif,./U3Si5/__initial__/30/xtal_86.cif,65.368904,19.763544
xtal_87.cif,./U3Si5/__initial__/30/xtal_87.cif,61.977093,-2.2224605
xtal_88.cif,./U3Si5/__initial__/30/xtal_88.cif,-2.2976604,31.842073
xtal_89.cif,./U3Si5/30/xtal_89.cif,15.57737,-41.90606
xtal_9.cif,./U3Si5/__initial__/30/xtal_9.cif,-43.2232,-12.528611
xtal_90.cif,./U3Si5/__initial__/30/xtal_90.cif,6.244677,20.259813
xtal_91.cif,./U3Si5/__initial__/30/xtal_91.cif,-42.048897,-13.359815
xtal_92.cif,./U3Si5/__initial__/30/xtal_92.cif,87.574356,-1.0676073
xtal_93.cif,./U3Si5/__initial__/30/xtal_93.cif,101.62397,3.2707455
xtal_94.cif,./U3Si5/__initial__/30/xtal_94.cif,-1.3906952,-44.38347
xtal_95.cif,./U3Si5/__initial__/30/xtal_95.cif,47.911385,-28.151272
xtal_96.cif,./U3Si5/__initial__/30/xtal_96.cif,-1.3282232,9.578297
xtal_97.cif,./U3Si5/__initial__/30/xtal_97.cif,-17.770092,18.735523
xtal_98.cif,./U3Si5/30/xtal_98.cif,8.087783,-80.40716
xtal_99.cif,./U3Si5/__initial__/30/xtal_99.cif,52.823193,-51.05803
xtal_1.cif,./U3Si5/__initial__/31/xtal_1.cif,25.022991,57.297844
xtal_10.cif,./U3Si5/31/xtal_10.cif,30.469707,-56.94367
xtal_100.cif,./U3Si5/31/xtal_100.cif,-6.28834,-7.7235107
xtal_11.cif,./U3Si5/__initial__/31/xtal_11.cif,35.98171,32.66512
xtal_12.cif,./U3Si5/__initial__/31/xtal_12.cif,6.2596464,-1.9346602
xtal_13.cif,./U3Si5/31/xtal_13.cif,17.09494,-17.207533
xtal_14.cif,./U3Si5/31/xtal_14.cif,-30.665796,-11.941944
xtal_15.cif,./U3Si5/31/xtal_15.cif,12.037511,-86.39096
xtal_16.cif,./U3Si5/31/xtal_16.cif,-0.838906,-87.90147
xtal_17.cif,./U3Si5/31/xtal_17.cif,15.284869,-1.7352661
xtal_18.cif,./U3Si5/31/xtal_18.cif,-29.71858,39.338505
xtal_19.cif,./U3Si5/31/xtal_19.cif,24.861507,-87.169624
xtal_2.cif,./U3Si5/31/xtal_2.cif,10.792386,34.61643
xtal_20.cif,./U3Si5/__initial__/31/xtal_20.cif,-36.21871,70.07353
xtal_21.cif,./U3Si5/__initial__/31/xtal_21.cif,-26.434801,-17.479736
xtal_22.cif,./U3Si5/31/xtal_22.cif,-0.67506564,48.62739
xtal_23.cif,./U3Si5/31/xtal_23.cif,-9.2215605,-5.6561794
xtal_24.cif,./U3Si5/31/xtal_24.cif,29.379967,27.013996
xtal_25.cif,./U3Si5/31/xtal_25.cif,-67.314674,18.372177
xtal_26.cif,./U3Si5/31/xtal_26.cif,21.71542,-60.75504
xtal_27.cif,./U3Si5/31/xtal_27.cif,-5.702678,33.286823
xtal_28.cif,./U3Si5/31/xtal_28.cif,29.879477,-75.023415
xtal_29.cif,./U3Si5/__initial__/31/xtal_29.cif,-42.8273,69.19791
xtal_3.cif,./U3Si5/31/xtal_3.cif,14.784941,2.3891058
xtal_30.cif,./U3Si5/__initial__/31/xtal_30.cif,-1.4554108,-35.24372
xtal_31.cif,./U3Si5/__initial__/31/xtal_31.cif,-1.9117583,26.94859
xtal_32.cif,./U3Si5/__initial__/31/xtal_32.cif,-11.468116,-56.21741
xtal_33.cif,./U3Si5/__initial__/31/xtal_33.cif,-31.019997,21.059763
xtal_34.cif,./U3Si5/__initial__/31/xtal_34.cif,-2.121874,24.22897
xtal_35.cif,./U3Si5/__initial__/31/xtal_35.cif,12.759821,56.918728
xtal_36.cif,./U3Si5/__initial__/31/xtal_36.cif,1.6634395,-6.100617
xtal_37.cif,./U3Si5/__initial__/31/xtal_37.cif,-32.24039,61.82583
xtal_38.cif,./U3Si5/__initial__/31/xtal_38.cif,32.33904,-37.93081
xtal_39.cif,./U3Si5/__initial__/31/xtal_39.cif,47.550114,22.620642
xtal_4.cif,./U3Si5/__initial__/31/xtal_4.cif,6.10769,-6.072976
xtal_40.cif,./U3Si5/31/xtal_40.cif,10.771238,13.702962
xtal_41.cif,./U3Si5/31/xtal_41.cif,-57.216793,-42.23901
xtal_42.cif,./U3Si5/31/xtal_42.cif,-29.81156,-64.679146
xtal_43.cif,./U3Si5/31/xtal_43.cif,-53.435516,-76.84557
xtal_44.cif,./U3Si5/__initial__/31/xtal_44.cif,-7.9774394,23.296059
xtal_45.cif,./U3Si5/__initial__/31/xtal_45.cif,-13.760029,51.491844
xtal_46.cif,./U3Si5/31/xtal_46.cif,1.686373,-49.95561
xtal_47.cif,./U3Si5/__initial__/31/xtal_47.cif,-44.02771,67.99948
xtal_48.cif,./U3Si5/31/xtal_48.cif,29.138405,27.744013
xtal_49.cif,./U3Si5/__initial__/31/xtal_49.cif,45.227524,-23.413935
xtal_5.cif,./U3Si5/31/xtal_5.cif,-9.658197,-79.06019
xtal_50.cif,./U3Si5/31/xtal_50.cif,-41.32915,70.09872
xtal_51.cif,./U3Si5/__initial__/31/xtal_51.cif,-14.676274,74.70393
xtal_52.cif,./U3Si5/__initial__/31/xtal_52.cif,18.129795,41.11819
xtal_53.cif,./U3Si5/31/xtal_53.cif,14.184318,-81.803825
xtal_54.cif,./U3Si5/31/xtal_54.cif,-71.08053,-14.02901
xtal_55.cif,./U3Si5/__initial__/31/xtal_55.cif,11.83092,17.556791
xtal_56.cif,./U3Si5/31/xtal_56.cif,-53.475014,31.510162
xtal_57.cif,./U3Si5/31/xtal_57.cif,14.04068,-11.98121
xtal_58.cif,./U3Si5/__initial__/31/xtal_58.cif,-45.502747,20.752483
xtal_59.cif,./U3Si5/31/xtal_59.cif,-20.089308,-16.587334
xtal_6.cif,./U3Si5/31/xtal_6.cif,-63.800694,-52.126316
xtal_60.cif,./U3Si5/31/xtal_60.cif,-63.90855,6.8608456
xtal_61.cif,./U3Si5/31/xtal_61.cif,-0.7714058,-11.838931
xtal_62.cif,./U3Si5/31/xtal_62.cif,24.862719,4.3730526
xtal_63.cif,./U3Si5/31/xtal_63.cif,-25.72288,36.12571
xtal_64.cif,./U3Si5/__initial__/31/xtal_64.cif,55.183098,-56.364075
xtal_65.cif,./U3Si5/31/xtal_65.cif,43.38318,-75.67674
xtal_66.cif,./U3Si5/31/xtal_66.cif,-20.703627,-50.519314
xtal_67.cif,./U3Si5/31/xtal_67.cif,11.618862,-14.070415
xtal_68.cif,./U3Si5/__initial__/31/xtal_68.cif,80.21077,-77.83974
xtal_69.cif,./U3Si5/__initial__/31/xtal_69.cif,27.665335,53.340393
xtal_7.cif,./U3Si5/31/xtal_7.cif,-19.34446,109.564835
xtal_70.cif,./U3Si5/31/xtal_70.cif,-7.8152237,-41.84324
xtal_71.cif,./U3Si5/31/xtal_71.cif,-20.55709,28.604029
xtal_72.cif,./U3Si5/31/xtal_72.cif,17.629318,-4.4631305
xtal_73.cif,./U3Si5/31/xtal_73.cif,13.879571,-83.26634
xtal_74.cif,./U3Si5/31/xtal_74.cif,32.36902,-69.460556
xtal_75.cif,./U3Si5/__initial__/31/xtal_75.cif,-3.8690684,65.94781
xtal_76.cif,./U3Si5/31/xtal_76.cif,23.354364,43.328526
xtal_77.cif,./U3Si5/31/xtal_77.cif,-73.5683,-49.47337
xtal_78.cif,./U3Si5/31/xtal_78.cif,-15.613903,-24.499096
xtal_79.cif,./U3Si5/__initial__/31/xtal_79.cif,2.0854208,20.065681
xtal_8.cif,./U3Si5/__initial__/31/xtal_8.cif,1.1177241,45.5023
xtal_80.cif,./U3Si5/31/xtal_80.cif,24.36583,-102.59694
xtal_81.cif,./U3Si5/31/xtal_81.cif,0.62219363,-90.35681
xtal_82.cif,./U3Si5/31/xtal_82.cif,1.9654824,-28.046099
xtal_83.cif,./U3Si5/31/xtal_83.cif,21.713194,-102.10874
xtal_84.cif,./U3Si5/31/xtal_84.cif,10.223915,-86.80995
xtal_85.cif,./U3Si5/__initial__/31/xtal_85.cif,28.081228,25.358288
xtal_86.cif,./U3Si5/31/xtal_86.cif,-37.826946,-55.181324
xtal_87.cif,./U3Si5/31/xtal_87.cif,-11.912521,-28.592634
xtal_88.cif,./U3Si5/31/xtal_88.cif,4.087953,16.65453
xtal_89.cif,./U3Si5/31/xtal_89.cif,-16.435024,-22.945164
xtal_9.cif,./U3Si5/__initial__/31/xtal_9.cif,26.41491,36.27937
xtal_90.cif,./U3Si5/31/xtal_90.cif,-3.601106,-59.19328
xtal_91.cif,./U3Si5/__initial__/31/xtal_91.cif,-16.706093,77.23333
xtal_92.cif,./U3Si5/31/xtal_92.cif,-0.7484166,-15.830989
xtal_93.cif,./U3Si5/31/xtal_93.cif,-44.76222,-18.760946
xtal_94.cif,./U3Si5/31/xtal_94.cif,-37.153652,-35.00438
xtal_95.cif,./U3Si5/31/xtal_95.cif,22.52026,-58.9412
xtal_96.cif,./U3Si5/31/xtal_96.cif,-66.349655,-12.922914
xtal_97.cif,./U3Si5/31/xtal_97.cif,-59.240555,-15.189001
xtal_98.cif,./U3Si5/31/xtal_98.cif,-29.507097,64.23161
xtal_99.cif,./U3Si5/31/xtal_99.cif,-45.369213,37.11936
xtal_1.cif,./U3Si5/__initial__/32/xtal_1.cif,10.030642,87.716515
xtal_10.cif,./U3Si5/32/xtal_10.cif,-3.680558,0.8813461
xtal_100.cif,./U3Si5/32/xtal_100.cif,24.499054,-4.001667
xtal_11.cif,./U3Si5/32/xtal_11.cif,-15.805571,31.630083
xtal_12.cif,./U3Si5/32/xtal_12.cif,25.503761,-4.162205
xtal_13.cif,./U3Si5/__initial__/32/xtal_13.cif,78.46131,59.749825
xtal_14.cif,./U3Si5/__initial__/32/xtal_14.cif,-40.54755,-48.02878
xtal_15.cif,./U3Si5/__initial__/32/xtal_15.cif,33.353214,78.29278
xtal_16.cif,./U3Si5/__initial__/32/xtal_16.cif,15.202888,36.17026
xtal_17.cif,./U3Si5/__initial__/32/xtal_17.cif,37.263622,86.453835
xtal_18.cif,./U3Si5/__initial__/32/xtal_18.cif,-18.78794,43.630764
xtal_19.cif,./U3Si5/__initial__/32/xtal_19.cif,48.06131,56.3964
xtal_2.cif,./U3Si5/__initial__/32/xtal_2.cif,44.153248,56.481865
xtal_20.cif,./U3Si5/32/xtal_20.cif,-40.839684,56.32004
xtal_21.cif,./U3Si5/32/xtal_21.cif,4.8971987,-8.0207205
xtal_22.cif,./U3Si5/32/xtal_22.cif,-20.669682,-85.83857
xtal_23.cif,./U3Si5/__initial__/32/xtal_23.cif,29.128252,3.0253606
xtal_24.cif,./U3Si5/__initial__/32/xtal_24.cif,76.03611,53.358757
xtal_25.cif,./U3Si5/32/xtal_25.cif,-40.076424,-14.998504
xtal_26.cif,./U3Si5/32/xtal_26.cif,32.493362,-41.592606
xtal_27.cif,./U3Si5/32/xtal_27.cif,-21.265478,-32.278835
xtal_28.cif,./U3Si5/32/xtal_28.cif,-30.764538,-60.072735
xtal_29.cif,./U3Si5/32/xtal_29.cif,32.651417,-88.95603
xtal_3.cif,./U3Si5/32/xtal_3.cif,-57.139378,44.26079
xtal_30.cif,./U3Si5/32/xtal_30.cif,62.08364,-64.88377
xtal_31.cif,./U3Si5/32/xtal_31.cif,35.526535,-55.867966
xtal_32.cif,./U3Si5/32/xtal_32.cif,29.700619,0.06927812
xtal_33.cif,./U3Si5/__initial__/32/xtal_33.cif,30.239376,90.330826
xtal_34.cif,./U3Si5/32/xtal_34.cif,18.564972,-12.56272
xtal_35.cif,./U3Si5/__initial__/32/xtal_35.cif,94.82509,26.155235
xtal_36.cif,./U3Si5/32/xtal_36.cif,-1.4071566,35.082714
xtal_37.cif,./U3Si5/32/xtal_37.cif,-27.80395,72.873055
xtal_38.cif,./U3Si5/__initial__/32/xtal_38.cif,14.9832,19.406628
xtal_39.cif,./U3Si5/32/xtal_39.cif,23.514261,-6.768354
xtal_4.cif,./U3Si5/__initial__/32/xtal_4.cif,46.774406,44.946873
xtal_40.cif,./U3Si5/32/xtal_40.cif,33.04923,30.640116
xtal_41.cif,./U3Si5/32/xtal_41.cif,56.55487,0.2500697
xtal_42.cif,./U3Si5/__initial__/32/xtal_42.cif,35.029667,93.533264
xtal_43.cif,./U3Si5/32/xtal_43.cif,-2.7831345,30.078121
xtal_44.cif,./U3Si5/32/xtal_44.cif,4.50637,3.6643982
xtal_45.cif,./U3Si5/32/xtal_45.cif,-43.756935,44.499462
xtal_46.cif,./U3Si5/__initial__/32/xtal_46.cif,-13.438513,67.198235
xtal_47.cif,./U3Si5/32/xtal_47.cif,33.03284,41.368103
xtal_48.cif,./U3Si5/__initial__/32/xtal_48.cif,44.83647,-23.128433
xtal_49.cif,./U3Si5/32/xtal_49.cif,20.164091,35.822258
xtal_5.cif,./U3Si5/__initial__/32/xtal_5.cif,74.80608,-22.29686
xtal_50.cif,./U3Si5/32/xtal_50.cif,-41.659576,-9.814413
xtal_51.cif,./U3Si5/32/xtal_51.cif,28.901974,-48.43235
xtal_52.cif,./U3Si5/32/xtal_52.cif,17.239016,27.633387
xtal_53.cif,./U3Si5/32/xtal_53.cif,19.429037,-12.606895
xtal_54.cif,./U3Si5/32/xtal_54.cif,1.0526394,6.5839324
xtal_55.cif,./U3Si5/32/xtal_55.cif,-22.161192,96.74239
xtal_56.cif,./U3Si5/32/xtal_56.cif,-28.414064,-68.54275
xtal_57.cif,./U3Si5/32/xtal_57.cif,20.989788,-9.405324
xtal_58.cif,./U3Si5/32/xtal_58.cif,-1.5372554,-16.850103
xtal_59.cif,./U3Si5/32/xtal_59.cif,-23.219572,14.404806
xtal_6.cif,./U3Si5/32/xtal_6.cif,56.599274,-89.655365
xtal_60.cif,./U3Si5/__initial__/32/xtal_60.cif,38.67046,59.83255
xtal_61.cif,./U3Si5/32/xtal_61.cif,-14.49883,-46.758877
xtal_62.cif,./U3Si5/32/xtal_62.cif,-60.436123,3.965137
xtal_63.cif,./U3Si5/32/xtal_63.cif,31.166418,-3.9798136
xtal_64.cif,./U3Si5/__initial__/32/xtal_64.cif,49.47774,82.10309
xtal_65.cif,./U3Si5/32/xtal_65.cif,22.5725,-15.600874
xtal_66.cif,./U3Si5/32/xtal_66.cif,-73.49382,19.654583
xtal_67.cif,./U3Si5/32/xtal_67.cif,-9.327878,8.584935
xtal_68.cif,./U3Si5/__initial__/32/xtal_68.cif,40.27015,56.669353
xtal_69.cif,./U3Si5/__initial__/32/xtal_69.cif,37.569637,36.589996
xtal_7.cif,./U3Si5/32/xtal_7.cif,-16.901682,-10.655723
xtal_70.cif,./U3Si5/32/xtal_70.cif,-10.210851,40.318542
xtal_71.cif,./U3Si5/32/xtal_71.cif,-94.53922,15.323307
xtal_72.cif,./U3Si5/32/xtal_72.cif,-23.795177,-42.86632
xtal_73.cif,./U3Si5/32/xtal_73.cif,2.846356,1.1891092
xtal_74.cif,./U3Si5/32/xtal_74.cif,4.9258604,-98.116646
xtal_75.cif,./U3Si5/__initial__/32/xtal_75.cif,19.23624,53.234108
xtal_76.cif,./U3Si5/__initial__/32/xtal_76.cif,28.832014,29.356825
xtal_77.cif,./U3Si5/32/xtal_77.cif,75.009476,-68.70409
xtal_78.cif,./U3Si5/32/xtal_78.cif,-50.951637,-13.680009
xtal_79.cif,./U3Si5/__initial__/32/xtal_79.cif,79.078545,-42.21531
xtal_8.cif,./U3Si5/__initial__/32/xtal_8.cif,99.04429,56.45274
xtal_80.cif,./U3Si5/32/xtal_80.cif,-4.563022,31.56041
xtal_81.cif,./U3Si5/__initial__/32/xtal_81.cif,96.791595,-9.66785
xtal_82.cif,./U3Si5/__initial__/32/xtal_82.cif,61.31662,63.98372
xtal_83.cif,./U3Si5/__initial__/32/xtal_83.cif,-42.31235,74.35689
xtal_84.cif,./U3Si5/32/xtal_84.cif,4.6758924,40.69909
xtal_85.cif,./U3Si5/32/xtal_85.cif,18.263184,-24.260954
xtal_86.cif,./U3Si5/__initial__/32/xtal_86.cif,6.9701095,10.95067
xtal_87.cif,./U3Si5/32/xtal_87.cif,-0.8890789,-31.871662
xtal_88.cif,./U3Si5/32/xtal_88.cif,-23.014458,3.8863392
xtal_89.cif,./U3Si5/__initial__/32/xtal_89.cif,-5.864725,70.00111
xtal_9.cif,./U3Si5/__initial__/32/xtal_9.cif,39.611797,-7.7066
xtal_90.cif,./U3Si5/32/xtal_90.cif,28.783293,-27.405897
xtal_91.cif,./U3Si5/32/xtal_91.cif,42.590782,-74.13765
xtal_92.cif,./U3Si5/__initial__/32/xtal_92.cif,19.672863,64.499435
xtal_93.cif,./U3Si5/__initial__/32/xtal_93.cif,35.482758,77.24482
xtal_94.cif,./U3Si5/32/xtal_94.cif,-44.659103,3.905555
xtal_95.cif,./U3Si5/32/xtal_95.cif,-32.89958,67.38456
xtal_96.cif,./U3Si5/32/xtal_96.cif,48.574524,11.468853
xtal_97.cif,./U3Si5/32/xtal_97.cif,17.089928,-18.391102
xtal_98.cif,./U3Si5/32/xtal_98.cif,5.3404236,-38.929302
xtal_99.cif,./U3Si5/32/xtal_99.cif,17.037434,-58.121056
xtal_1.cif,./U3Si5/34/xtal_1.cif,15.355711,-6.0468235
xtal_10.cif,./U3Si5/__initial__/34/xtal_10.cif,28.678896,12.088781
xtal_100.cif,./U3Si5/34/xtal_100.cif,36.08633,-66.53236
xtal_11.cif,./U3Si5/__initial__/34/xtal_11.cif,9.071162,50.975193
xtal_12.cif,./U3Si5/__initial__/34/xtal_12.cif,95.014786,54.8804
xtal_13.cif,./U3Si5/34/xtal_13.cif,-51.25403,-25.51772
xtal_14.cif,./U3Si5/34/xtal_14.cif,12.673168,-7.754745
xtal_15.cif,./U3Si5/__initial__/34/xtal_15.cif,-2.7430856,81.601234
xtal_16.cif,./U3Si5/34/xtal_16.cif,7.5733814,-20.205275
xtal_17.cif,./U3Si5/__initial__/34/xtal_17.cif,0.06899105,-34.514004
xtal_18.cif,./U3Si5/__initial__/34/xtal_18.cif,69.36876,-45.127007
xtal_19.cif,./U3Si5/__initial__/34/xtal_19.cif,-32.08391,35.907177
xtal_2.cif,./U3Si5/34/xtal_2.cif,-10.071044,-5.846674
xtal_20.cif,./U3Si5/34/xtal_20.cif,22.975328,-12.817788
xtal_21.cif,./U3Si5/__initial__/34/xtal_21.cif,26.010586,0.5864523
xtal_22.cif,./U3Si5/__initial__/34/xtal_22.cif,69.65985,-12.067947
xtal_23.cif,./U3Si5/__initial__/34/xtal_23.cif,-20.970444,9.369666
xtal_24.cif,./U3Si5/34/xtal_24.cif,20.325624,-15.285303
xtal_25.cif,./U3Si5/__initial__/34/xtal_25.cif,44.13949,35.647263
xtal_26.cif,./U3Si5/__initial__/34/xtal_26.cif,25.80958,-4.059295
xtal_27.cif,./U3Si5/34/xtal_27.cif,-8.049248,-29.72985
xtal_28.cif,./U3Si5/__initial__/34/xtal_28.cif,34.147358,40.477943
xtal_29.cif,./U3Si5/34/xtal_29.cif,-66.25625,-5.4531164
xtal_3.cif,./U3Si5/34/xtal_3.cif,42.9951,-89.56592
xtal_30.cif,./U3Si5/__initial__/34/xtal_30.cif,53.857536,6.9166727
xtal_31.cif,./U3Si5/34/xtal_31.cif,-37.8494,53.991013
xtal_32.cif,./U3Si5/34/xtal_32.cif,32.21638,-94.916405
xtal_33.cif,./U3Si5/__initial__/34/xtal_33.cif,42.136024,36.651047
xtal_34.cif,./U3Si5/__initial__/34/xtal_34.cif,8.4625025,35.84137
xtal_35.cif,./U3Si5/34/xtal_35.cif,-31.895222,-51.839424
xtal_36.cif,./U3Si5/34/xtal_36.cif,32.58266,-97.609924
xtal_37.cif,./U3Si5/34/xtal_37.cif,14.762158,-20.417864
xtal_38.cif,./U3Si5/__initial__/34/xtal_38.cif,-23.728148,25.183907
xtal_39.cif,./U3Si5/34/xtal_39.cif,-43.61767,39.376133
xtal_4.cif,./U3Si5/34/xtal_4.cif,12.641062,-19.61988
xtal_40.cif,./U3Si5/__initial__/34/xtal_40.cif,67.082565,37.528564
xtal_41.cif,./U3Si5/__initial__/34/xtal_41.cif,-38.22382,84.363266
xtal_42.cif,./U3Si5/__initial__/34/xtal_42.cif,16.96247,31.970848
xtal_43.cif,./U3Si5/34/xtal_43.cif,8.038965,-82.18415
xtal_44.cif,./U3Si5/34/xtal_44.cif,-21.039473,-17.490318
xtal_45.cif,./U3Si5/__initial__/34/xtal_45.cif,21.949903,45.74281
xtal_46.cif,./U3Si5/__initial__/34/xtal_46.cif,52.518726,70.7116
xtal_47.cif,./U3Si5/__initial__/34/xtal_47.cif,-1.3655559,47.19119
xtal_48.cif,./U3Si5/34/xtal_48.cif,51.857677,-82.43846
xtal_49.cif,./U3Si5/__initial__/34/xtal_49.cif,20.395542,33.09875
xtal_5.cif,./U3Si5/34/xtal_5.cif,-36.198162,3.5712984
xtal_50.cif,./U3Si5/__initial__/34/xtal_50.cif,31.391096,37.38623
xtal_51.cif,./U3Si5/__initial__/34/xtal_51.cif,-65.77088,44.850967
xtal_52.cif,./U3Si5/34/xtal_52.cif,-24.8956,-88.61212
xtal_53.cif,./U3Si5/__initial__/34/xtal_53.cif,11.786145,47.43837
xtal_54.cif,./U3Si5/__initial__/34/xtal_54.cif,9.09775,16.971052
xtal_55.cif,./U3Si5/34/xtal_55.cif,-25.468012,-19.747427
xtal_56.cif,./U3Si5/34/xtal_56.cif,16.176266,-19.034681
xtal_57.cif,./U3Si5/__initial__/34/xtal_57.cif,54.776344,22.1173
xtal_58.cif,./U3Si5/__initial__/34/xtal_58.cif,-7.624783,64.63063
xtal_59.cif,./U3Si5/__initial__/34/xtal_59.cif,10.490175,-6.1687098
xtal_6.cif,./U3Si5/34/xtal_6.cif,-28.623423,72.4396
xtal_60.cif,./U3Si5/__initial__/34/xtal_60.cif,-58.848328,6.262859
xtal_61.cif,./U3Si5/__initial__/34/xtal_61.cif,52.0772,22.279734
xtal_62.cif,./U3Si5/__initial__/34/xtal_62.cif,8.357382,14.02543
xtal_63.cif,./U3Si5/__initial__/34/xtal_63.cif,64.054214,37.20851
xtal_64.cif,./U3Si5/34/xtal_64.cif,-51.54825,-26.394691
xtal_65.cif,./U3Si5/__initial__/34/xtal_65.cif,38.694435,60.852394
xtal_66.cif,./U3Si5/__initial__/34/xtal_66.cif,-26.597256,38.64596
xtal_67.cif,./U3Si5/__initial__/34/xtal_67.cif,40.150177,48.55552
xtal_68.cif,./U3Si5/__initial__/34/xtal_68.cif,-2.7081587,42.520348
xtal_69.cif,./U3Si5/34/xtal_69.cif,-37.937424,85.13329
xtal_7.cif,./U3Si5/__initial__/34/xtal_7.cif,-20.72577,27.538677
xtal_70.cif,./U3Si5/__initial__/34/xtal_70.cif,-37.717728,70.74428
xtal_71.cif,./U3Si5/34/xtal_71.cif,44.00548,-87.559494
xtal_72.cif,./U3Si5/34/xtal_72.cif,-75.001854,-15.35132
xtal_73.cif,./U3Si5/__initial__/34/xtal_73.cif,43.84685,35.129616
xtal_74.cif,./U3Si5/34/xtal_74.cif,-68.654785,-27.171774
xtal_75.cif,./U3Si5/__initial__/34/xtal_75.cif,27.025425,81.85292
xtal_76.cif,./U3Si5/__initial__/34/xtal_76.cif,35.525246,51.24756
xtal_77.cif,./U3Si5/__initial__/34/xtal_77.cif,12.6809025,0.06267609
xtal_78.cif,./U3Si5/34/xtal_78.cif,12.778976,-17.377838
xtal_79.cif,./U3Si5/34/xtal_79.cif,23.083105,-1.0650655
xtal_8.cif,./U3Si5/__initial__/34/xtal_8.cif,-42.73226,-11.532358
xtal_80.cif,./U3Si5/34/xtal_80.cif,24.037834,5.2099586
xtal_81.cif,./U3Si5/__initial__/34/xtal_81.cif,-26.101286,37.61301
xtal_82.cif,./U3Si5/34/xtal_82.cif,12.688475,-63.51744
xtal_83.cif,./U3Si5/34/xtal_83.cif,11.204828,25.751667
xtal_84.cif,./U3Si5/__initial__/34/xtal_84.cif,27.810442,-15.363069
xtal_85.cif,./U3Si5/__initial__/34/xtal_85.cif,-21.715641,96.39464
xtal_86.cif,./U3Si5/34/xtal_86.cif,-7.716595,-85.25295
xtal_87.cif,./U3Si5/__initial__/34/xtal_87.cif,46.104862,-49.38244
xtal_88.cif,./U3Si5/__initial__/34/xtal_88.cif,63.977924,-40.848907
xtal_89.cif,./U3Si5/34/xtal_89.cif,-10.155289,-19.09589
xtal_9.cif,./U3Si5/34/xtal_9.cif,17.899458,7.729857
xtal_90.cif,./U3Si5/34/xtal_90.cif,7.54563,-51.387287
xtal_91.cif,./U3Si5/__initial__/34/xtal_91.cif,25.625483,51.992306
xtal_92.cif,./U3Si5/__initial__/34/xtal_92.cif,-20.271427,6.6675315
xtal_93.cif,./U3Si5/34/xtal_93.cif,23.838634,-79.10448
xtal_94.cif,./U3Si5/34/xtal_94.cif,2.7126203,-14.870661
xtal_95.cif,./U3Si5/34/xtal_95.cif,13.425443,-17.790071
xtal_96.cif,./U3Si5/34/xtal_96.cif,-65.71832,-17.300283
xtal_97.cif,./U3Si5/34/xtal_97.cif,-73.40953,-12.890184
xtal_98.cif,./U3Si5/34/xtal_98.cif,12.204324,4.271205
xtal_99.cif,./U3Si5/34/xtal_99.cif,-16.02815,-9.958448
xtal_1.cif,./U3Si5/35/xtal_1.cif,-66.89584,17.438646
xtal_10.cif,./U3Si5/35/xtal_10.cif,-60.573368,-4.3842807
xtal_100.cif,./U3Si5/__initial__/35/xtal_100.cif,46.835907,41.652447
xtal_11.cif,./U3Si5/35/xtal_11.cif,30.765062,2.9155676
xtal_12.cif,./U3Si5/__initial__/35/xtal_12.cif,19.786953,82.582054
xtal_13.cif,./U3Si5/35/xtal_13.cif,79.91131,-79.1256
xtal_14.cif,./U3Si5/35/xtal_14.cif,10.612911,59.728626
xtal_15.cif,./U3Si5/35/xtal_15.cif,25.457428,8.360891
xtal_16.cif,./U3Si5/__initial__/35/xtal_16.cif,55.66267,78.929405
xtal_17.cif,./U3Si5/35/xtal_17.cif,18.802511,-83.20201
xtal_18.cif,./U3Si5/35/xtal_18.cif,22.155634,-15.677948
xtal_19.cif,./U3Si5/35/xtal_19.cif,16.694557,73.74864
xtal_2.cif,./U3Si5/35/xtal_2.cif,55.807682,-72.36454
xtal_20.cif,./U3Si5/35/xtal_20.cif,47.294044,59.767307
xtal_21.cif,./U3Si5/__initial__/35/xtal_21.cif,83.03685,29.331034
xtal_22.cif,./U3Si5/35/xtal_22.cif,-14.089377,32.259644
xtal_23.cif,./U3Si5/35/xtal_23.cif,-23.445326,-87.66512
xtal_24.cif,./U3Si5/35/xtal_24.cif,8.748668,-19.136454
xtal_25.cif,./U3Si5/__initial__/35/xtal_25.cif,42.074497,98.35086
xtal_26.cif,./U3Si5/__initial__/35/xtal_26.cif,39.060844,92.22887
xtal_27.cif,./U3Si5/35/xtal_27.cif,-6.8562565,-74.24399
xtal_28.cif,./U3Si5/35/xtal_28.cif,16.356447,19.393946
xtal_29.cif,./U3Si5/__initial__/35/xtal_29.cif,45.625908,37.629547
xtal_3.cif,./U3Si5/__initial__/35/xtal_3.cif,33.880634,96.24592
xtal_30.cif,./U3Si5/__initial__/35/xtal_30.cif,33.73874,92.64552
xtal_31.cif,./U3Si5/35/xtal_31.cif,-52.745193,-30.06997
xtal_32.cif,./U3Si5/__initial__/35/xtal_32.cif,47.265438,81.61507
xtal_33.cif,./U3Si5/35/xtal_33.cif,48.732166,57.18378
xtal_34.cif,./U3Si5/35/xtal_34.cif,0.014383575,42.385063
xtal_35.cif,./U3Si5/35/xtal_35.cif,-15.568956,34.002544
xtal_36.cif,./U3Si5/35/xtal_36.cif,39.403797,-5.6949587
xtal_37.cif,./U3Si5/35/xtal_37.cif,38.07982,-29.796654
xtal_38.cif,./U3Si5/__initial__/35/xtal_38.cif,64.47477,63.989372
xtal_39.cif,./U3Si5/35/xtal_39.cif,-63.400307,8.683538
xtal_4.cif,./U3Si5/35/xtal_4.cif,26.41741,40.302402
xtal_40.cif,./U3Si5/__initial__/35/xtal_40.cif,55.220726,75.185356
xtal_41.cif,./U3Si5/35/xtal_41.cif,-13.9576845,24.50479
xtal_42.cif,./U3Si5/__initial__/35/xtal_42.cif,50.15554,73.160286
xtal_43.cif,./U3Si5/__initial__/35/xtal_43.cif,75.60506,38.76652
xtal_44.cif,./U3Si5/__initial__/35/xtal_44.cif,70.112206,46.710094
xtal_45.cif,./U3Si5/__initial__/35/xtal_45.cif,12.156895,93.067345
xtal_46.cif,./U3Si5/35/xtal_46.cif,29.972942,56.905792
xtal_47.cif,./U3Si5/__initial__/35/xtal_47.cif,88.98262,37.17824
xtal_48.cif,./U3Si5/__initial__/35/xtal_48.cif,26.271996,59.866135
xtal_49.cif,./U3Si5/35/xtal_49.cif,46.17654,9.933666
xtal_5.cif,./U3Si5/__initial__/35/xtal_5.cif,33.206684,76.93043
xtal_50.cif,./U3Si5/35/xtal_50.cif,-65.78383,9.564672
xtal_51.cif,./U3Si5/35/xtal_51.cif,14.765257,-32.63434
xtal_52.cif,./U3Si5/35/xtal_52.cif,29.36554,35.120136
xtal_53.cif,./U3Si5/35/xtal_53.cif,48.33849,-55.02897
xtal_54.cif,./U3Si5/__initial__/35/xtal_54.cif,51.45979,74.22114
xtal_55.cif,./U3Si5/35/xtal_55.cif,56.71557,-9.314611
xtal_56.cif,./U3Si5/35/xtal_56.cif,75.69077,-61.215023
xtal_57.cif,./U3Si5/__initial__/35/xtal_57.cif,103.30287,6.2539973
xtal_58.cif,./U3Si5/__initial__/35/xtal_58.cif,38.597683,98.83039
xtal_59.cif,./U3Si5/35/xtal_59.cif,13.763312,45.79841
xtal_6.cif,./U3Si5/35/xtal_6.cif,-31.091904,73.67634
xtal_60.cif,./U3Si5/35/xtal_60.cif,19.784193,-75.77746
xtal_61.cif,./U3Si5/__initial__/35/xtal_61.cif,60.41305,22.277456
xtal_62.cif,./U3Si5/35/xtal_62.cif,-42.32971,27.167791
xtal_63.cif,./U3Si5/35/xtal_63.cif,15.496161,43.591656
xtal_64.cif,./U3Si5/35/xtal_64.cif,84.181984,-32.385864
xtal_65.cif,./U3Si5/__initial__/35/xtal_65.cif,44.359856,84.585686
xtal_66.cif,./U3Si5/35/xtal_66.cif,-16.7134,-15.982226
xtal_67.cif,./U3Si5/35/xtal_67.cif,-34.421455,-16.390993
xtal_68.cif,./U3Si5/35/xtal_68.cif,26.459381,16.267406
xtal_69.cif,./U3Si5/35/xtal_69.cif,-44.760723,88.128914
xtal_7.cif,./U3Si5/35/xtal_7.cif,47.9682,55.76873
xtal_70.cif,./U3Si5/__initial__/35/xtal_70.cif,0.76433027,-3.0684724
xtal_71.cif,./U3Si5/35/xtal_71.cif,-16.076202,31.93637
xtal_72.cif,./U3Si5/35/xtal_72.cif,20.004362,32.808956
xtal_73.cif,./U3Si5/35/xtal_73.cif,-3.0859818,-80.5667
xtal_74.cif,./U3Si5/35/xtal_74.cif,69.52255,-73.63108
xtal_75.cif,./U3Si5/35/xtal_75.cif,-8.309007,25.764734
xtal_76.cif,./U3Si5/35/xtal_76.cif,18.855404,70.88443
xtal_77.cif,./U3Si5/35/xtal_77.cif,30.583805,38.788937
xtal_78.cif,./U3Si5/35/xtal_78.cif,36.741318,57.734806
xtal_79.cif,./U3Si5/35/xtal_79.cif,-39.12791,72.778824
xtal_8.cif,./U3Si5/__initial__/35/xtal_8.cif,47.10232,77.29028
xtal_80.cif,./U3Si5/35/xtal_80.cif,24.785526,55.007088
xtal_81.cif,./U3Si5/__initial__/35/xtal_81.cif,50.12898,74.84054
xtal_82.cif,./U3Si5/__initial__/35/xtal_82.cif,53.431854,76.15155
xtal_83.cif,./U3Si5/35/xtal_83.cif,44.962727,58.003246
xtal_84.cif,./U3Si5/35/xtal_84.cif,-16.175018,-5.936216
xtal_85.cif,./U3Si5/__initial__/35/xtal_85.cif,25.88255,85.589424
xtal_86.cif,./U3Si5/35/xtal_86.cif,8.17381,-9.302699
xtal_87.cif,./U3Si5/35/xtal_87.cif,3.1952078,10.065354
xtal_88.cif,./U3Si5/35/xtal_88.cif,21.729757,63.46818
xtal_89.cif,./U3Si5/35/xtal_89.cif,94.02072,-53.545513
xtal_9.cif,./U3Si5/35/xtal_9.cif,21.339273,24.399734
xtal_90.cif,./U3Si5/__initial__/35/xtal_90.cif,67.32204,61.088257
xtal_91.cif,./U3Si5/__initial__/35/xtal_91.cif,47.573086,71.25863
xtal_92.cif,./U3Si5/35/xtal_92.cif,35.44882,55.595604
xtal_93.cif,./U3Si5/35/xtal_93.cif,11.082093,52.382755
xtal_94.cif,./U3Si5/35/xtal_94.cif,9.960278,-48.11185
xtal_95.cif,./U3Si5/35/xtal_95.cif,36.202026,56.98678
xtal_96.cif,./U3Si5/__initial__/35/xtal_96.cif,106.73988,5.0755754
xtal_97.cif,./U3Si5/35/xtal_97.cif,61.040062,-6.2178893
xtal_98.cif,./U3Si5/__initial__/35/xtal_98.cif,55.223263,73.75195
xtal_99.cif,./U3Si5/__initial__/35/xtal_99.cif,18.174465,63.77894
xtal_1.cif,./U3Si5/__initial__/38/xtal_1.cif,36.52926,18.422585
xtal_10.cif,./U3Si5/__initial__/38/xtal_10.cif,92.80812,6.5566225
xtal_100.cif,./U3Si5/__initial__/38/xtal_100.cif,105.43794,14.376399
xtal_11.cif,./U3Si5/__initial__/38/xtal_11.cif,35.543503,21.996466
xtal_12.cif,./U3Si5/38/xtal_12.cif,10.191042,13.702285
xtal_13.cif,./U3Si5/38/xtal_13.cif,55.139236,-56.25831
xtal_14.cif,./U3Si5/38/xtal_14.cif,-47.778316,-44.29713
xtal_15.cif,./U3Si5/38/xtal_15.cif,23.899017,-56.56155
xtal_16.cif,./U3Si5/__initial__/38/xtal_16.cif,-21.938488,57.430546
xtal_17.cif,./U3Si5/__initial__/38/xtal_17.cif,79.00219,15.498972
xtal_18.cif,./U3Si5/__initial__/38/xtal_18.cif,9.296081,18.598755
xtal_19.cif,./U3Si5/38/xtal_19.cif,-72.027016,-14.727749
xtal_2.cif,./U3Si5/38/xtal_2.cif,-14.406126,74.27714
xtal_20.cif,./U3Si5/__initial__/38/xtal_20.cif,-21.46171,70.22357
xtal_21.cif,./U3Si5/38/xtal_21.cif,16.125748,26.920044
xtal_22.cif,./U3Si5/38/xtal_22.cif,51.82784,-57.911278
xtal_23.cif,./U3Si5/__initial__/38/xtal_23.cif,105.64755,-10.435312
xtal_24.cif,./U3Si5/__initial__/38/xtal_24.cif,44.458927,43.58787
xtal_25.cif,./U3Si5/__initial__/38/xtal_25.cif,28.18426,-10.358195
xtal_26.cif,./U3Si5/38/xtal_26.cif,55.976536,11.455009
xtal_27.cif,./U3Si5/__initial__/38/xtal_27.cif,52.89146,65.973305
xtal_28.cif,./U3Si5/38/xtal_28.cif,-36.519688,-0.5958651
xtal_29.cif,./U3Si5/__initial__/38/xtal_29.cif,64.48297,-18.598186
xtal_3.cif,./U3Si5/__initial__/38/xtal_3.cif,56.966797,41.30206
xtal_30.cif,./U3Si5/38/xtal_30.cif,-26.766195,72.363976
xtal_31.cif,./U3Si5/__initial__/38/xtal_31.cif,80.0602,16.75861
xtal_32.cif,./U3Si5/__initial__/38/xtal_32.cif,30.16793,48.336987
xtal_33.cif,./U3Si5/38/xtal_33.cif,51.52243,-58.12474
xtal_34.cif,./U3Si5/38/xtal_34.cif,-39.14053,29.6983
xtal_35.cif,./U3Si5/38/xtal_35.cif,-25.952127,70.500275
xtal_36.cif,./U3Si5/__initial__/38/xtal_36.cif,41.14273,26.30085
xtal_37.cif,./U3Si5/38/xtal_37.cif,26.614527,-48.885216
xtal_38.cif,./U3Si5/__initial__/38/xtal_38.cif,83.54564,60.454315
xtal_39.cif,./U3Si5/__initial__/38/xtal_39.cif,-6.5282245,-2.8163307
xtal_4.cif,./U3Si5/38/xtal_4.cif,49.46083,-36.931957
xtal_40.cif,./U3Si5/38/xtal_40.cif,-44.30693,-26.61929
xtal_41.cif,./U3Si5/38/xtal_41.cif,-35.691845,70.35672
xtal_42.cif,./U3Si5/38/xtal_42.cif,58.157413,-42.75169
xtal_43.cif,./U3Si5/__initial__/38/xtal_43.cif,-3.200593,43.88785
xtal_44.cif,./U3Si5/38/xtal_44.cif,-20.868826,62.485077
xtal_45.cif,./U3Si5/__initial__/38/xtal_45.cif,-31.90306,-15.436843
xtal_46.cif,./U3Si5/__initial__/38/xtal_46.cif,46.30324,43.804855
xtal_47.cif,./U3Si5/__initial__/38/xtal_47.cif,-15.624965,76.50739
xtal_48.cif,./U3Si5/__initial__/38/xtal_48.cif,43.658825,29.690222
xtal_49.cif,./U3Si5/38/xtal_49.cif,-33.606598,-77.885056
xtal_5.cif,./U3Si5/__initial__/38/xtal_5.cif,74.672806,-44.313385
xtal_50.cif,./U3Si5/38/xtal_50.cif,5.958035,20.210278
xtal_51.cif,./U3Si5/38/xtal_51.cif,-61.872334,7.218019
xtal_52.cif,./U3Si5/38/xtal_52.cif,39.860046,-93.70175
xtal_53.cif,./U3Si5/__initial__/38/xtal_53.cif,52.05285,-12.626224
xtal_54.cif,./U3Si5/__initial__/38/xtal_54.cif,75.99381,-61.69246
xtal_55.cif,./U3Si5/38/xtal_55.cif,-2.2735949,39.450924
xtal_56.cif,./U3Si5/38/xtal_56.cif,-29.645554,3.6953099
xtal_57.cif,./U3Si5/__initial__/38/xtal_57.cif,71.84685,-7.695035
xtal_58.cif,./U3Si5/__initial__/38/xtal_58.cif,3.4117892,23.810217
xtal_59.cif,./U3Si5/38/xtal_59.cif,-72.414246,-26.47889
xtal_6.cif,./U3Si5/__initial__/38/xtal_6.cif,4.6615925,43.645306
xtal_60.cif,./U3Si5/__initial__/38/xtal_60.cif,83.72832,7.380201
xtal_61.cif,./U3Si5/38/xtal_61.cif,62.427578,-84.96629
xtal_62.cif,./U3Si5/38/xtal_62.cif,16.768005,-84.755585
xtal_63.cif,./U3Si5/38/xtal_63.cif,48.600147,6.793575
xtal_64.cif,./U3Si5/38/xtal_64.cif,33.282665,22.975437
xtal_65.cif,./U3Si5/__initial__/38/xtal_65.cif,18.70272,10.433423
xtal_66.cif,./U3Si5/38/xtal_66.cif,11.926064,-14.265179
xtal_67.cif,./U3Si5/__initial__/38/xtal_67.cif,101.00341,24.370586
xtal_68.cif,./U3Si5/38/xtal_68.cif,-56.352425,17.341003
xtal_69.cif,./U3Si5/38/xtal_69.cif,26.418608,15.848441
xtal_7.cif,./U3Si5/__initial__/38/xtal_7.cif,21.335094,21.591831
xtal_70.cif,./U3Si5/38/xtal_70.cif,54.06863,11.075299
xtal_71.cif,./U3Si5/38/xtal_71.cif,-10.766817,-99.0206
xtal_72.cif,./U3Si5/__initial__/38/xtal_72.cif,10.472637,45.46767
xtal_73.cif,./U3Si5/__initial__/38/xtal_73.cif,82.94055,8.381736
xtal_74.cif,./U3Si5/38/xtal_74.cif,48.155674,-70.01132
xtal_75.cif,./U3Si5/38/xtal_75.cif,10.208167,28.19746
xtal_76.cif,./U3Si5/38/xtal_76.cif,-15.589972,73.25107
xtal_77.cif,./U3Si5/38/xtal_77.cif,54.070927,1.0670557
xtal_78.cif,./U3Si5/38/xtal_78.cif,-76.96331,-48.928967
xtal_79.cif,./U3Si5/38/xtal_79.cif,18.30139,32.327286
xtal_8.cif,./U3Si5/38/xtal_8.cif,18.169243,-11.006172
xtal_80.cif,./U3Si5/__initial__/38/xtal_80.cif,99.72494,-12.825395
xtal_81.cif,./U3Si5/38/xtal_81.cif,62.61306,22.952898
xtal_82.cif,./U3Si5/__initial__/38/xtal_82.cif,104.437164,-24.62534
xtal_83.cif,./U3Si5/38/xtal_83.cif,-3.033314,30.180462
xtal_84.cif,./U3Si5/__initial__/38/xtal_84.cif,39.044636,27.927343
xtal_85.cif,./U3Si5/38/xtal_85.cif,32.32283,-58.009823
xtal_86.cif,./U3Si5/38/xtal_86.cif,-28.35257,57.58996
xtal_87.cif,./U3Si5/38/xtal_87.cif,-12.344985,-40.052074
xtal_88.cif,./U3Si5/38/xtal_88.cif,73.9355,-75.35524
xtal_89.cif,./U3Si5/38/xtal_89.cif,10.633783,33.561222
xtal_9.cif,./U3Si5/__initial__/38/xtal_9.cif,44.60464,39.412373
xtal_90.cif,./U3Si5/38/xtal_90.cif,33.337826,25.78826
xtal_91.cif,./U3Si5/__initial__/38/xtal_91.cif,-20.71711,36.221485
xtal_92.cif,./U3Si5/__initial__/38/xtal_92.cif,58.046696,36.674114
xtal_93.cif,./U3Si5/38/xtal_93.cif,40.201923,1.4907159
xtal_94.cif,./U3Si5/__initial__/38/xtal_94.cif,69.47745,-7.882259
xtal_95.cif,./U3Si5/38/xtal_95.cif,69.10353,-82.64657
xtal_96.cif,./U3Si5/__initial__/38/xtal_96.cif,34.75926,-14.508792
xtal_97.cif,./U3Si5/__initial__/38/xtal_97.cif,35.87333,19.280937
xtal_98.cif,./U3Si5/__initial__/38/xtal_98.cif,80.627174,39.732895
xtal_99.cif,./U3Si5/__initial__/38/xtal_99.cif,59.042194,25.904892
xtal_1.cif,./U3Si5/44/xtal_1.cif,36.926556,38.945072
xtal_10.cif,./U3Si5/44/xtal_10.cif,16.01955,27.423058
xtal_100.cif,./U3Si5/44/xtal_100.cif,11.416222,-65.38665
xtal_11.cif,./U3Si5/44/xtal_11.cif,-22.038038,33.607582
xtal_12.cif,./U3Si5/__initial__/44/xtal_12.cif,40.841827,41.93093
xtal_13.cif,./U3Si5/44/xtal_13.cif,40.939457,45.39348
xtal_14.cif,./U3Si5/__initial__/44/xtal_14.cif,35.27241,19.238768
xtal_15.cif,./U3Si5/44/xtal_15.cif,8.5480995,12.997409
xtal_16.cif,./U3Si5/__initial__/44/xtal_16.cif,0.14303201,-11.854629
xtal_17.cif,./U3Si5/44/xtal_17.cif,106.78527,5.037194
xtal_18.cif,./U3Si5/44/xtal_18.cif,100.65007,-33.121426
xtal_19.cif,./U3Si5/44/xtal_19.cif,23.877497,-54.985065
xtal_2.cif,./U3Si5/44/xtal_2.cif,33.084896,27.11267
xtal_20.cif,./U3Si5/44/xtal_20.cif,10.015552,-17.803904
xtal_21.cif,./U3Si5/44/xtal_21.cif,-26.668732,14.786905
xtal_22.cif,./U3Si5/__initial__/44/xtal_22.cif,-7.8163233,93.430565
xtal_23.cif,./U3Si5/__initial__/44/xtal_23.cif,25.369316,58.20963
xtal_24.cif,./U3Si5/__initial__/44/xtal_24.cif,-16.037205,73.80205
xtal_25.cif,./U3Si5/44/xtal_25.cif,6.300557,-6.1616507
xtal_26.cif,./U3Si5/__initial__/44/xtal_26.cif,-2.2360606,-3.3984225
xtal_27.cif,./U3Si5/44/xtal_27.cif,26.213211,31.432396
xtal_28.cif,./U3Si5/44/xtal_28.cif,-14.466693,-26.029955
xtal_29.cif,./U3Si5/44/xtal_29.cif,-27.911823,-91.81256
xtal_3.cif,./U3Si5/44/xtal_3.cif,11.024869,25.94266
xtal_30.cif,./U3Si5/44/xtal_30.cif,-2.7261338,-3.0456638
xtal_31.cif,./U3Si5/44/xtal_31.cif,-45.547924,71.03791
xtal_32.cif,./U3Si5/44/xtal_32.cif,35.354786,-42.266315
xtal_33.cif,./U3Si5/44/xtal_33.cif,18.870604,-18.754536
xtal_34.cif,./U3Si5/__initial__/44/xtal_34.cif,35.62499,24.540163
xtal_35.cif,./U3Si5/44/xtal_35.cif,24.16366,17.459444
xtal_36.cif,./U3Si5/__initial__/44/xtal_36.cif,41.88688,30.96509
xtal_37.cif,./U3Si5/44/xtal_37.cif,12.261133,23.735987
xtal_38.cif,./U3Si5/__initial__/44/xtal_38.cif,83.604034,2.0124674
xtal_39.cif,./U3Si5/44/xtal_39.cif,-39.80373,-14.753631
xtal_4.cif,./U3Si5/44/xtal_4.cif,-67.343025,4.755639
xtal_40.cif,./U3Si5/44/xtal_40.cif,35.80897,32.241467
xtal_41.cif,./U3Si5/44/xtal_41.cif,-72.084175,72.59519
xtal_42.cif,./U3Si5/__initial__/44/xtal_42.cif,94.0618,63.484657
xtal_43.cif,./U3Si5/44/xtal_43.cif,69.70306,-62.33436
xtal_44.cif,./U3Si5/__initial__/44/xtal_44.cif,102.82163,25.774147
xtal_45.cif,./U3Si5/44/xtal_45.cif,56.560154,-63.804295
xtal_46.cif,./U3Si5/__initial__/44/xtal_46.cif,78.86774,52.17693
xtal_47.cif,./U3Si5/44/xtal_47.cif,107.19185,-9.810898
xtal_48.cif,./U3Si5/44/xtal_48.cif,69.12664,-62.67919
xtal_49.cif,./U3Si5/44/xtal_49.cif,110.054855,3.602909
xtal_5.cif,./U3Si5/__initial__/44/xtal_5.cif,38.69009,-6.244975
xtal_50.cif,./U3Si5/44/xtal_50.cif,9.867295,-53.629333
xtal_51.cif,./U3Si5/44/xtal_51.cif,-4.8726263,24.175335
xtal_52.cif,./U3Si5/__initial__/44/xtal_52.cif,-4.2472577,104.677734
xtal_53.cif,./U3Si5/44/xtal_53.cif,63.332417,-9.595379
xtal_54.cif,./U3Si5/44/xtal_54.cif,37.775543,-77.4584
xtal_55.cif,./U3Si5/44/xtal_55.cif,-18.453306,-7.10002
xtal_56.cif,./U3Si5/44/xtal_56.cif,17.590797,42.37132
xtal_57.cif,./U3Si5/__initial__/44/xtal_57.cif,104.48042,-4.64489
xtal_58.cif,./U3Si5/44/xtal_58.cif,-46.32007,-0.44460732
xtal_59.cif,./U3Si5/__initial__/44/xtal_59.cif,46.130398,44.05089
xtal_6.cif,./U3Si5/44/xtal_6.cif,-18.765442,-8.268701
xtal_60.cif,./U3Si5/44/xtal_60.cif,7.4659715,45.763443
xtal_61.cif,./U3Si5/44/xtal_61.cif,-7.91935,-28.934507
xtal_62.cif,./U3Si5/44/xtal_62.cif,8.703336,-78.81628
xtal_63.cif,./U3Si5/44/xtal_63.cif,-2.7018316,38.820538
xtal_64.cif,./U3Si5/44/xtal_64.cif,29.44303,-86.17941
xtal_65.cif,./U3Si5/44/xtal_65.cif,52.20866,-31.621607
xtal_66.cif,./U3Si5/44/xtal_66.cif,55.875546,11.43238
xtal_67.cif,./U3Si5/44/xtal_67.cif,24.208008,43.09882
xtal_68.cif,./U3Si5/__initial__/44/xtal_68.cif,-14.493156,89.22828
xtal_69.cif,./U3Si5/44/xtal_69.cif,100.78597,1.1526432
xtal_7.cif,./U3Si5/__initial__/44/xtal_7.cif,83.21955,45.400017
xtal_70.cif,./U3Si5/44/xtal_70.cif,-23.57887,35.569763
xtal_71.cif,./U3Si5/44/xtal_71.cif,-18.963669,23.535006
xtal_72.cif,./U3Si5/44/xtal_72.cif,-36.98719,-3.6791735
xtal_73.cif,./U3Si5/44/xtal_73.cif,35.31934,31.516378
xtal_74.cif,./U3Si5/44/xtal_74.cif,60.389965,-21.408405
xtal_75.cif,./U3Si5/__initial__/44/xtal_75.cif,48.350792,60.78549
xtal_76.cif,./U3Si5/__initial__/44/xtal_76.cif,95.64191,26.789467
xtal_77.cif,./U3Si5/44/xtal_77.cif,8.0337515,33.01181
xtal_78.cif,./U3Si5/44/xtal_78.cif,52.41001,8.905154
xtal_79.cif,./U3Si5/__initial__/44/xtal_79.cif,45.85843,55.725197
xtal_8.cif,./U3Si5/44/xtal_8.cif,30.126253,16.839142
xtal_80.cif,./U3Si5/44/xtal_80.cif,68.23608,-19.55171
xtal_81.cif,./U3Si5/44/xtal_81.cif,-33.049553,-25.036617
xtal_82.cif,./U3Si5/__initial__/44/xtal_82.cif,41.35564,45.435978
xtal_83.cif,./U3Si5/44/xtal_83.cif,12.352315,-31.12064
xtal_84.cif,./U3Si5/44/xtal_84.cif,14.029715,-11.87527
xtal_85.cif,./U3Si5/44/xtal_85.cif,25.738953,14.391292
xtal_86.cif,./U3Si5/44/xtal_86.cif,-62.654022,31.99795
xtal_87.cif,./U3Si5/44/xtal_87.cif,-41.076824,25.278692
xtal_88.cif,./U3Si5/44/xtal_88.cif,25.96998,-11.280358
xtal_89.cif,./U3Si5/44/xtal_89.cif,-20.502234,10.960591
xtal_9.cif,./U3Si5/44/xtal_9.cif,-50.878994,-75.18752
xtal_90.cif,./U3Si5/44/xtal_90.cif,3.2680323,-23.806501
xtal_91.cif,./U3Si5/__initial__/44/xtal_91.cif,26.429152,40.29722
xtal_92.cif,./U3Si5/__initial__/44/xtal_92.cif,24.77304,27.180277
xtal_93.cif,./U3Si5/44/xtal_93.cif,-25.63556,-48.43351
xtal_94.cif,./U3Si5/44/xtal_94.cif,6.8581004,-85.118805
xtal_95.cif,./U3Si5/__initial__/44/xtal_95.cif,49.830334,67.74802
xtal_96.cif,./U3Si5/__initial__/44/xtal_96.cif,29.722065,-5.496414
xtal_97.cif,./U3Si5/44/xtal_97.cif,0.5026185,-14.293699
xtal_98.cif,./U3Si5/__initial__/44/xtal_98.cif,45.14283,69.74114
xtal_99.cif,./U3Si5/__initial__/44/xtal_99.cif,45.50036,51.437054
xtal_1.cif,./U3Si5/__initial__/47/xtal_1.cif,60.44957,20.696795
xtal_10.cif,./U3Si5/__initial__/47/xtal_10.cif,-30.991598,-0.37771812
xtal_100.cif,./U3Si5/47/xtal_100.cif,69.33044,18.164417
xtal_11.cif,./U3Si5/__initial__/47/xtal_11.cif,107.374466,-18.706814
xtal_12.cif,./U3Si5/__initial__/47/xtal_12.cif,53.18198,24.428802
xtal_13.cif,./U3Si5/__initial__/47/xtal_13.cif,-9.080666,55.9373
xtal_14.cif,./U3Si5/47/xtal_14.cif,-37.284405,109.564735
xtal_15.cif,./U3Si5/__initial__/47/xtal_15.cif,-12.325908,-76.40256
xtal_16.cif,./U3Si5/__initial__/47/xtal_16.cif,-18.555922,59.084087
xtal_17.cif,./U3Si5/__initial__/47/xtal_17.cif,-60.780655,-54.03586
xtal_18.cif,./U3Si5/__initial__/47/xtal_18.cif,-18.471706,-88.649445
xtal_19.cif,./U3Si5/__initial__/47/xtal_19.cif,12.140565,67.4572
xtal_2.cif,./U3Si5/__initial__/47/xtal_2.cif,38.52419,-64.275604
xtal_20.cif,./U3Si5/__initial__/47/xtal_20.cif,-43.98009,-35.698357
xtal_21.cif,./U3Si5/__initial__/47/xtal_21.cif,-39.664955,-27.50597
xtal_22.cif,./U3Si5/__initial__/47/xtal_22.cif,110.27079,36.642525
xtal_23.cif,./U3Si5/__initial__/47/xtal_23.cif,-16.258478,-57.749207
xtal_24.cif,./U3Si5/__initial__/47/xtal_24.cif,-57.604904,-55.915424
xtal_25.cif,./U3Si5/__initial__/47/xtal_25.cif,5.5121408,69.7894
xtal_26.cif,./U3Si5/__initial__/47/xtal_26.cif,56.12199,15.254097
xtal_27.cif,./U3Si5/__initial__/47/xtal_27.cif,-3.097187,-46.031494
xtal_28.cif,./U3Si5/__initial__/47/xtal_28.cif,-29.792809,63.810112
xtal_29.cif,./U3Si5/__initial__/47/xtal_29.cif,60.090305,13.206623
xtal_3.cif,./U3Si5/__initial__/47/xtal_3.cif,93.291374,-10.51345
xtal_30.cif,./U3Si5/__initial__/47/xtal_30.cif,-16.722336,55.552753
xtal_31.cif,./U3Si5/__initial__/47/xtal_31.cif,60.309357,-44.406113
xtal_32.cif,./U3Si5/__initial__/47/xtal_32.cif,2.1226718,-55.252205
xtal_33.cif,./U3Si5/__initial__/47/xtal_33.cif,77.93764,40.6944
xtal_34.cif,./U3Si5/__initial__/47/xtal_34.cif,-29.369316,2.9344666
xtal_35.cif,./U3Si5/__initial__/47/xtal_35.cif,21.697721,-66.22552
xtal_36.cif,./U3Si5/__initial__/47/xtal_36.cif,57.292477,-58.36865
xtal_37.cif,./U3Si5/__initial__/47/xtal_37.cif,22.585505,-44.93363
xtal_38.cif,./U3Si5/__initial__/47/xtal_38.cif,69.078804,-78.13571
xtal_39.cif,./U3Si5/__initial__/47/xtal_39.cif,-20.14336,-91.875465
xtal_4.cif,./U3Si5/__initial__/47/xtal_4.cif,-8.164713,14.099082
xtal_40.cif,./U3Si5/__initial__/47/xtal_40.cif,-39.099655,-20.873013
xtal_41.cif,./U3Si5/__initial__/47/xtal_41.cif,-42.076923,-25.325876
xtal_42.cif,./U3Si5/__initial__/47/xtal_42.cif,44.420296,-87.208885
xtal_43.cif,./U3Si5/__initial__/47/xtal_43.cif,-29.658062,71.77128
xtal_44.cif,./U3Si5/__initial__/47/xtal_44.cif,-0.053478386,-95.22106
xtal_45.cif,./U3Si5/47/xtal_45.cif,22.18962,-32.137447
xtal_46.cif,./U3Si5/__initial__/47/xtal_46.cif,-48.28407,-16.845345
xtal_47.cif,./U3Si5/__initial__/47/xtal_47.cif,62.498455,-17.576534
xtal_48.cif,./U3Si5/__initial__/47/xtal_48.cif,40.03095,-67.39951
xtal_49.cif,./U3Si5/__initial__/47/xtal_49.cif,70.1897,-3.607317
xtal_5.cif,./U3Si5/__initial__/47/xtal_5.cif,74.78391,-44.134823
xtal_50.cif,./U3Si5/__initial__/47/xtal_50.cif,51.61203,5.909481
xtal_51.cif,./U3Si5/__initial__/47/xtal_51.cif,-54.771465,14.842779
xtal_52.cif,./U3Si5/__initial__/47/xtal_52.cif,-92.18853,15.253601
xtal_53.cif,./U3Si5/__initial__/47/xtal_53.cif,100.82605,28.039314
xtal_54.cif,./U3Si5/__initial__/47/xtal_54.cif,33.456676,-19.758608
xtal_55.cif,./U3Si5/47/xtal_55.cif,-67.10969,-35.100555
xtal_56.cif,./U3Si5/__initial__/47/xtal_56.cif,89.33773,-10.124133
xtal_57.cif,./U3Si5/__initial__/47/xtal_57.cif,-56.50319,-63.940033
xtal_58.cif,./U3Si5/__initial__/47/xtal_58.cif,-48.91408,11.951218
xtal_59.cif,./U3Si5/__initial__/47/xtal_59.cif,-53.831028,16.360231
xtal_6.cif,./U3Si5/__initial__/47/xtal_6.cif,1.8855296,-55.370552
xtal_60.cif,./U3Si5/__initial__/47/xtal_60.cif,-59.666862,23.803265
xtal_61.cif,./U3Si5/__initial__/47/xtal_61.cif,8.374725,82.91334
xtal_62.cif,./U3Si5/__initial__/47/xtal_62.cif,-34.65902,0.8734881
xtal_63.cif,./U3Si5/__initial__/47/xtal_63.cif,30.636705,-43.493076
xtal_64.cif,./U3Si5/__initial__/47/xtal_64.cif,-12.101483,-76.5798
xtal_65.cif,./U3Si5/__initial__/47/xtal_65.cif,-15.466983,40.990635
xtal_66.cif,./U3Si5/__initial__/47/xtal_66.cif,-32.486904,-62.544014
xtal_67.cif,./U3Si5/__initial__/47/xtal_67.cif,-57.241516,-8.15404
xtal_68.cif,./U3Si5/__initial__/47/xtal_68.cif,83.21376,-34.199287
xtal_69.cif,./U3Si5/47/xtal_69.cif,-24.696152,97.042
xtal_7.cif,./U3Si5/__initial__/47/xtal_7.cif,-14.305874,53.00485
xtal_70.cif,./U3Si5/__initial__/47/xtal_70.cif,-8.353664,18.182566
xtal_71.cif,./U3Si5/__initial__/47/xtal_71.cif,43.893997,-35.47296
xtal_72.cif,./U3Si5/__initial__/47/xtal_72.cif,-42.806385,46.78383
xtal_73.cif,./U3Si5/__initial__/47/xtal_73.cif,1.6825947,-89.07902
xtal_74.cif,./U3Si5/__initial__/47/xtal_74.cif,30.099972,-49.116894
xtal_75.cif,./U3Si5/__initial__/47/xtal_75.cif,-41.16794,-21.541815
xtal_76.cif,./U3Si5/__initial__/47/xtal_76.cif,-39.70784,8.608772
xtal_77.cif,./U3Si5/__initial__/47/xtal_77.cif,-60.227753,-20.874191
xtal_78.cif,./U3Si5/__initial__/47/xtal_78.cif,-24.391953,-6.982608
xtal_79.cif,./U3Si5/__initial__/47/xtal_79.cif,-1.7099892,82.4966
xtal_8.cif,./U3Si5/__initial__/47/xtal_8.cif,-7.6073723,85.95763
xtal_80.cif,./U3Si5/__initial__/47/xtal_80.cif,56.206097,-89.718056
xtal_81.cif,./U3Si5/__initial__/47/xtal_81.cif,-27.933178,65.577705
xtal_82.cif,./U3Si5/__initial__/47/xtal_82.cif,62.346535,26.127697
xtal_83.cif,./U3Si5/__initial__/47/xtal_83.cif,-48.409325,-1.2992204
xtal_84.cif,./U3Si5/__initial__/47/xtal_84.cif,85.96094,18.793129
xtal_85.cif,./U3Si5/__initial__/47/xtal_85.cif,-37.71603,14.765959
xtal_86.cif,./U3Si5/__initial__/47/xtal_86.cif,61.889206,-38.106686
xtal_87.cif,./U3Si5/__initial__/47/xtal_87.cif,52.32623,-53.606915
xtal_88.cif,./U3Si5/__initial__/47/xtal_88.cif,31.361084,-52.088005
xtal_89.cif,./U3Si5/__initial__/47/xtal_89.cif,68.7997,31.566608
xtal_9.cif,./U3Si5/__initial__/47/xtal_9.cif,-22.944452,-9.0567
xtal_90.cif,./U3Si5/__initial__/47/xtal_90.cif,78.43193,-72.36255
xtal_91.cif,./U3Si5/__initial__/47/xtal_91.cif,50.675846,-49.168186
xtal_92.cif,./U3Si5/__initial__/47/xtal_92.cif,38.01932,-44.975086
xtal_93.cif,./U3Si5/__initial__/47/xtal_93.cif,4.365048,-61.579117
xtal_94.cif,./U3Si5/47/xtal_94.cif,-82.911385,65.31125
xtal_95.cif,./U3Si5/__initial__/47/xtal_95.cif,96.21826,-38.380867
xtal_96.cif,./U3Si5/__initial__/47/xtal_96.cif,-33.785667,-72.60431
xtal_97.cif,./U3Si5/__initial__/47/xtal_97.cif,-17.792233,87.188255
xtal_98.cif,./U3Si5/__initial__/47/xtal_98.cif,14.747096,-57.92473
xtal_99.cif,./U3Si5/__initial__/47/xtal_99.cif,71.47212,-79.56489
xtal_1.cif,./U3Si5/__initial__/48/xtal_1.cif,-20.256855,96.60235
xtal_10.cif,./U3Si5/__initial__/48/xtal_10.cif,-45.113434,-22.722998
xtal_100.cif,./U3Si5/48/xtal_100.cif,-60.26874,-34.124767
xtal_11.cif,./U3Si5/__initial__/48/xtal_11.cif,-62.719707,39.900692
xtal_12.cif,./U3Si5/__initial__/48/xtal_12.cif,-80.100105,68.23244
xtal_13.cif,./U3Si5/__initial__/48/xtal_13.cif,3.5671687,87.49257
xtal_14.cif,./U3Si5/__initial__/48/xtal_14.cif,-16.75339,55.816486
xtal_15.cif,./U3Si5/48/xtal_15.cif,-93.458725,3.5767782
xtal_16.cif,./U3Si5/__initial__/48/xtal_16.cif,76.27856,-41.009933
xtal_17.cif,./U3Si5/__initial__/48/xtal_17.cif,-88.640114,7.9306693
xtal_18.cif,./U3Si5/__initial__/48/xtal_18.cif,7.857097,-68.00792
xtal_19.cif,./U3Si5/__initial__/48/xtal_19.cif,46.911304,-79.821075
xtal_2.cif,./U3Si5/__initial__/48/xtal_2.cif,65.37024,29.393768
xtal_20.cif,./U3Si5/__initial__/48/xtal_20.cif,59.659157,30.306778
xtal_21.cif,./U3Si5/__initial__/48/xtal_21.cif,8.216553,99.78418
xtal_22.cif,./U3Si5/__initial__/48/xtal_22.cif,-53.198936,-60.697384
xtal_23.cif,./U3Si5/__initial__/48/xtal_23.cif,-26.133268,23.249752
xtal_24.cif,./U3Si5/__initial__/48/xtal_24.cif,-0.27963623,-83.35621
xtal_25.cif,./U3Si5/__initial__/48/xtal_25.cif,18.583094,-95.39739
xtal_26.cif,./U3Si5/__initial__/48/xtal_26.cif,-29.105112,-64.29545
xtal_27.cif,./U3Si5/__initial__/48/xtal_27.cif,111.49542,28.814444
xtal_28.cif,./U3Si5/__initial__/48/xtal_28.cif,80.86355,-19.72592
xtal_29.cif,./U3Si5/__initial__/48/xtal_29.cif,91.05329,-59.087387
xtal_3.cif,./U3Si5/__initial__/48/xtal_3.cif,-60.13073,-45.021862
xtal_30.cif,./U3Si5/__initial__/48/xtal_30.cif,100.632286,-18.35785
xtal_31.cif,./U3Si5/__initial__/48/xtal_31.cif,-90.89748,43.01029
xtal_32.cif,./U3Si5/__initial__/48/xtal_32.cif,-18.137592,89.54089
xtal_33.cif,./U3Si5/__initial__/48/xtal_33.cif,65.23179,-8.745668
xtal_34.cif,./U3Si5/__initial__/48/xtal_34.cif,-22.73901,-73.55897
xtal_35.cif,./U3Si5/__initial__/48/xtal_35.cif,45.69674,-23.310051
xtal_36.cif,./U3Si5/__initial__/48/xtal_36.cif,0.57787937,-54.22351
xtal_37.cif,./U3Si5/__initial__/48/xtal_37.cif,31.063105,-69.68601
xtal_38.cif,./U3Si5/__initial__/48/xtal_38.cif,-34.174965,-85.5046
xtal_39.cif,./U3Si5/__initial__/48/xtal_39.cif,-11.075133,110.849785
xtal_4.cif,./U3Si5/__initial__/48/xtal_4.cif,3.766298,-66.24017
xtal_40.cif,./U3Si5/__initial__/48/xtal_40.cif,-49.79433,37.650696
xtal_41.cif,./U3Si5/__initial__/48/xtal_41.cif,-17.305214,-46.108883
xtal_42.cif,./U3Si5/__initial__/48/xtal_42.cif,58.935886,-77.179184
xtal_43.cif,./U3Si5/__initial__/48/xtal_43.cif,-68.49377,-43.770607
xtal_44.cif,./U3Si5/__initial__/48/xtal_44.cif,-17.38496,-72.49391
xtal_45.cif,./U3Si5/__initial__/48/xtal_45.cif,53.98485,-72.13399
xtal_46.cif,./U3Si5/__initial__/48/xtal_46.cif,-27.453209,53.93148
xtal_47.cif,./U3Si5/__initial__/48/xtal_47.cif,-58.961395,-1.6246687
xtal_48.cif,./U3Si5/__initial__/48/xtal_48.cif,33.97251,-96.94021
xtal_49.cif,./U3Si5/__initial__/48/xtal_49.cif,-72.562126,-47.975925
xtal_5.cif,./U3Si5/__initial__/48/xtal_5.cif,-24.926163,5.0716815
xtal_50.cif,./U3Si5/__initial__/48/xtal_50.cif,4.6424026,-64.504295
xtal_51.cif,./U3Si5/__initial__/48/xtal_51.cif,-7.720943,-84.00156
xtal_52.cif,./U3Si5/__initial__/48/xtal_52.cif,-75.59681,-66.94195
xtal_53.cif,./U3Si5/__initial__/48/xtal_53.cif,18.079594,-52.974403
xtal_54.cif,./U3Si5/__initial__/48/xtal_54.cif,-25.399916,-65.19193
xtal_55.cif,./U3Si5/__initial__/48/xtal_55.cif,-40.82338,8.986502
xtal_56.cif,./U3Si5/__initial__/48/xtal_56.cif,93.9308,-7.4740906
xtal_57.cif,./U3Si5/__initial__/48/xtal_57.cif,-31.304968,-59.374332
xtal_58.cif,./U3Si5/__initial__/48/xtal_58.cif,-47.780006,-66.22579
xtal_59.cif,./U3Si5/__initial__/48/xtal_59.cif,-16.36971,-99.99928
xtal_6.cif,./U3Si5/__initial__/48/xtal_6.cif,-19.982351,-70.76672
xtal_60.cif,./U3Si5/__initial__/48/xtal_60.cif,-23.248348,10.325566
xtal_61.cif,./U3Si5/__initial__/48/xtal_61.cif,52.028606,-52.946396
xtal_62.cif,./U3Si5/__initial__/48/xtal_62.cif,-25.43271,-46.395897
xtal_63.cif,./U3Si5/__initial__/48/xtal_63.cif,5.8696837,-94.0966
xtal_64.cif,./U3Si5/__initial__/48/xtal_64.cif,-59.46872,-2.254581
xtal_65.cif,./U3Si5/__initial__/48/xtal_65.cif,-1.3314072,-89.562096
xtal_66.cif,./U3Si5/__initial__/48/xtal_66.cif,93.50073,-53.20803
xtal_67.cif,./U3Si5/__initial__/48/xtal_67.cif,-29.495802,-4.2100234
xtal_68.cif,./U3Si5/__initial__/48/xtal_68.cif,-0.6276664,62.50232
xtal_69.cif,./U3Si5/__initial__/48/xtal_69.cif,-36.002804,-60.32057
xtal_7.cif,./U3Si5/__initial__/48/xtal_7.cif,38.69219,-64.997635
xtal_70.cif,./U3Si5/__initial__/48/xtal_70.cif,76.389694,-53.526833
xtal_71.cif,./U3Si5/__initial__/48/xtal_71.cif,80.02362,52.565464
xtal_72.cif,./U3Si5/__initial__/48/xtal_72.cif,-17.6159,-51.300602
xtal_73.cif,./U3Si5/__initial__/48/xtal_73.cif,12.986626,-94.190285
xtal_74.cif,./U3Si5/__initial__/48/xtal_74.cif,-25.554377,7.426094
xtal_75.cif,./U3Si5/__initial__/48/xtal_75.cif,-13.850066,-48.1166
xtal_76.cif,./U3Si5/__initial__/48/xtal_76.cif,103.79853,-2.8086276
xtal_77.cif,./U3Si5/__initial__/48/xtal_77.cif,104.26391,28.351156
xtal_78.cif,./U3Si5/__initial__/48/xtal_78.cif,-57.73384,-56.560715
xtal_79.cif,./U3Si5/__initial__/48/xtal_79.cif,-26.953281,-1.5729022
xtal_8.cif,./U3Si5/__initial__/48/xtal_8.cif,-25.789993,0.3626304
xtal_80.cif,./U3Si5/__initial__/48/xtal_80.cif,77.91984,53.275394
xtal_81.cif,./U3Si5/__initial__/48/xtal_81.cif,6.903411,-73.79407
xtal_82.cif,./U3Si5/__initial__/48/xtal_82.cif,-34.28779,-47.24019
xtal_83.cif,./U3Si5/__initial__/48/xtal_83.cif,32.980648,-97.13589
xtal_84.cif,./U3Si5/__initial__/48/xtal_84.cif,-50.53959,28.175032
xtal_85.cif,./U3Si5/__initial__/48/xtal_85.cif,-24.726063,-8.714625
xtal_86.cif,./U3Si5/__initial__/48/xtal_86.cif,-56.96066,-12.746667
xtal_87.cif,./U3Si5/__initial__/48/xtal_87.cif,1.5984524,70.13291
xtal_88.cif,./U3Si5/__initial__/48/xtal_88.cif,51.988113,-21.326056
xtal_89.cif,./U3Si5/__initial__/48/xtal_89.cif,71.543465,-4.4579287
xtal_9.cif,./U3Si5/__initial__/48/xtal_9.cif,-26.223484,28.130276
xtal_90.cif,./U3Si5/__initial__/48/xtal_90.cif,-18.810184,-63.416115
xtal_91.cif,./U3Si5/__initial__/48/xtal_91.cif,83.1781,-58.238926
xtal_92.cif,./U3Si5/__initial__/48/xtal_92.cif,-21.430635,-95.04629
xtal_93.cif,./U3Si5/__initial__/48/xtal_93.cif,-32.10046,-52.022026
xtal_94.cif,./U3Si5/__initial__/48/xtal_94.cif,-34.893436,-44.201992
xtal_95.cif,./U3Si5/__initial__/48/xtal_95.cif,-7.438129,49.574757
xtal_96.cif,./U3Si5/__initial__/48/xtal_96.cif,-55.2156,-53.174248
xtal_97.cif,./U3Si5/__initial__/48/xtal_97.cif,64.834496,-10.423522
xtal_98.cif,./U3Si5/__initial__/48/xtal_98.cif,-3.0950253,-60.182934
xtal_99.cif,./U3Si5/__initial__/48/xtal_99.cif,-6.1741633,-69.18729
xtal_1.cif,./U3Si5/49/xtal_1.cif,13.623954,-56.27847
xtal_10.cif,./U3Si5/__initial__/49/xtal_10.cif,97.22074,41.077435
xtal_100.cif,./U3Si5/__initial__/49/xtal_100.cif,-23.043737,82.46039
xtal_11.cif,./U3Si5/49/xtal_11.cif,27.157377,-54.310917
xtal_12.cif,./U3Si5/__initial__/49/xtal_12.cif,-18.912569,88.88622
xtal_13.cif,./U3Si5/49/xtal_13.cif,-27.524176,-50.07874
xtal_14.cif,./U3Si5/49/xtal_14.cif,-6.931508,-98.41658
xtal_15.cif,./U3Si5/__initial__/49/xtal_15.cif,58.063267,-2.516961
xtal_16.cif,./U3Si5/__initial__/49/xtal_16.cif,-30.17057,55.70545
xtal_17.cif,./U3Si5/__initial__/49/xtal_17.cif,60.294483,39.405666
xtal_18.cif,./U3Si5/__initial__/49/xtal_18.cif,62.063286,27.706896
xtal_19.cif,./U3Si5/__initial__/49/xtal_19.cif,60.431717,5.0184937
xtal_2.cif,./U3Si5/__initial__/49/xtal_2.cif,-38.075882,33.352177
xtal_20.cif,./U3Si5/__initial__/49/xtal_20.cif,69.94218,-0.7949352
xtal_21.cif,./U3Si5/49/xtal_21.cif,0.17594655,-80.79879
xtal_22.cif,./U3Si5/49/xtal_22.cif,105.7329,-4.3794723
xtal_23.cif,./U3Si5/__initial__/49/xtal_23.cif,80.64333,-3.5081887
xtal_24.cif,./U3Si5/49/xtal_24.cif,83.42609,-38.99449
xtal_25.cif,./U3Si5/49/xtal_25.cif,53.976524,13.223409
xtal_26.cif,./U3Si5/__initial__/49/xtal_26.cif,-84.313255,55.78091
xtal_27.cif,./U3Si5/__initial__/49/xtal_27.cif,-23.068989,64.13277
xtal_28.cif,./U3Si5/__initial__/49/xtal_28.cif,109.420494,-1.5513812
xtal_29.cif,./U3Si5/__initial__/49/xtal_29.cif,104.83855,12.9393
xtal_3.cif,./U3Si5/__initial__/49/xtal_3.cif,-1.368099,83.49885
xtal_30.cif,./U3Si5/__initial__/49/xtal_30.cif,-20.902946,80.473465
xtal_31.cif,./U3Si5/__initial__/49/xtal_31.cif,-18.448729,93.35474
xtal_32.cif,./U3Si5/49/xtal_32.cif,-21.704947,43.025036
xtal_33.cif,./U3Si5/__initial__/49/xtal_33.cif,56.57366,-39.30101
xtal_34.cif,./U3Si5/49/xtal_34.cif,35.689842,-31.809177
xtal_35.cif,./U3Si5/__initial__/49/xtal_35.cif,52.40844,8.734571
xtal_36.cif,./U3Si5/49/xtal_36.cif,-35.020462,47.996944
xtal_37.cif,./U3Si5/__initial__/49/xtal_37.cif,34.088825,-30.66887
xtal_38.cif,./U3Si5/__initial__/49/xtal_38.cif,-24.860014,66.649666
xtal_39.cif,./U3Si5/__initial__/49/xtal_39.cif,-70.17381,32.257538
xtal_4.cif,./U3Si5/__initial__/49/xtal_4.cif,109.64687,-4.341664
xtal_40.cif,./U3Si5/__initial__/49/xtal_40.cif,70.2062,-5.4157825
xtal_41.cif,./U3Si5/49/xtal_41.cif,15.871606,-53.826927
xtal_42.cif,./U3Si5/__initial__/49/xtal_42.cif,73.37417,-37.483906
xtal_43.cif,./U3Si5/__initial__/49/xtal_43.cif,34.259224,-89.67275
xtal_44.cif,./U3Si5/__initial__/49/xtal_44.cif,85.71878,27.609198
xtal_45.cif,./U3Si5/__initial__/49/xtal_45.cif,94.63538,-19.3805
xtal_46.cif,./U3Si5/49/xtal_46.cif,71.16511,-70.91707
xtal_47.cif,./U3Si5/49/xtal_47.cif,-63.297474,-53.939995
xtal_48.cif,./U3Si5/__initial__/49/xtal_48.cif,52.49773,16.714516
xtal_49.cif,./U3Si5/49/xtal_49.cif,-93.15113,15.90569
xtal_5.cif,./U3Si5/__initial__/49/xtal_5.cif,102.17978,26.682367
xtal_50.cif,./U3Si5/__initial__/49/xtal_50.cif,67.77909,-45.01172
xtal_51.cif,./U3Si5/__initial__/49/xtal_51.cif,84.02602,44.968235
xtal_52.cif,./U3Si5/__initial__/49/xtal_52.cif,-34.75587,-63.052223
xtal_53.cif,./U3Si5/49/xtal_53.cif,-25.600035,52.71971
xtal_54.cif,./U3Si5/__initial__/49/xtal_54.cif,78.73276,5.261117
xtal_55.cif,./U3Si5/49/xtal_55.cif,36.460457,-33.486084
xtal_56.cif,./U3Si5/49/xtal_56.cif,29.974472,-53.777508
xtal_57.cif,./U3Si5/__initial__/49/xtal_57.cif,-39.381966,52.007256
xtal_58.cif,./U3Si5/__initial__/49/xtal_58.cif,100.69742,17.252127
xtal_59.cif,./U3Si5/__initial__/49/xtal_59.cif,-50.847202,45.33804
xtal_6.cif,./U3Si5/__initial__/49/xtal_6.cif,-8.832944,69.13308
xtal_60.cif,./U3Si5/__initial__/49/xtal_60.cif,90.8671,-11.376275
xtal_61.cif,./U3Si5/49/xtal_61.cif,85.76064,-42.559788
xtal_62.cif,./U3Si5/__initial__/49/xtal_62.cif,66.07765,-28.17429
xtal_63.cif,./U3Si5/__initial__/49/xtal_63.cif,-40.863,40.660976
xtal_64.cif,./U3Si5/__initial__/49/xtal_64.cif,-6.69902,51.644035
xtal_65.cif,./U3Si5/__initial__/49/xtal_65.cif,56.986313,27.139843
xtal_66.cif,./U3Si5/__initial__/49/xtal_66.cif,87.30814,-21.85329
xtal_67.cif,./U3Si5/__initial__/49/xtal_67.cif,88.180824,-37.319767
xtal_68.cif,./U3Si5/__initial__/49/xtal_68.cif,95.69886,-5.9184647
xtal_69.cif,./U3Si5/49/xtal_69.cif,84.12953,-33.884163
xtal_7.cif,./U3Si5/49/xtal_7.cif,-24.339308,12.712241
xtal_70.cif,./U3Si5/__initial__/49/xtal_70.cif,82.62827,-64.73571
xtal_71.cif,./U3Si5/49/xtal_71.cif,-46.408226,6.7202625
xtal_72.cif,./U3Si5/49/xtal_72.cif,105.69303,-18.268324
xtal_73.cif,./U3Si5/__initial__/49/xtal_73.cif,-12.16047,22.416222
xtal_74.cif,./U3Si5/__initial__/49/xtal_74.cif,93.386566,43.389988
xtal_75.cif,./U3Si5/49/xtal_75.cif,106.24303,-28.125492
xtal_76.cif,./U3Si5/__initial__/49/xtal_76.cif,45.974075,12.246318
xtal_77.cif,./U3Si5/__initial__/49/xtal_77.cif,74.26393,-5.6951237
xtal_78.cif,./U3Si5/49/xtal_78.cif,95.79759,-29.401722
xtal_79.cif,./U3Si5/49/xtal_79.cif,22.845724,-63.903286
xtal_8.cif,./U3Si5/__initial__/49/xtal_8.cif,8.775453,68.16972
xtal_80.cif,./U3Si5/__initial__/49/xtal_80.cif,71.328285,30.15207
xtal_81.cif,./U3Si5/49/xtal_81.cif,59.83083,-51.622143
xtal_82.cif,./U3Si5/__initial__/49/xtal_82.cif,95.37998,20.956884
xtal_83.cif,./U3Si5/49/xtal_83.cif,12.476435,-48.494274
xtal_84.cif,./U3Si5/__initial__/49/xtal_84.cif,-25.339449,14.20081
xtal_85.cif,./U3Si5/__initial__/49/xtal_85.cif,106.622375,10.736996
xtal_86.cif,./U3Si5/49/xtal_86.cif,-55.5571,-64.711395
xtal_87.cif,./U3Si5/49/xtal_87.cif,39.64533,-73.06094
xtal_88.cif,./U3Si5/__initial__/49/xtal_88.cif,63.885178,-19.02949
xtal_89.cif,./U3Si5/__initial__/49/xtal_89.cif,79.37521,-7.688911
xtal_9.cif,./U3Si5/49/xtal_9.cif,-37.48088,-82.40624
xtal_90.cif,./U3Si5/__initial__/49/xtal_90.cif,78.86838,-0.26452437
xtal_91.cif,./U3Si5/__initial__/49/xtal_91.cif,-20.097342,-37.677086
xtal_92.cif,./U3Si5/49/xtal_92.cif,-15.24148,-79.896225
xtal_93.cif,./U3Si5/__initial__/49/xtal_93.cif,78.413,14.4287405
xtal_94.cif,./U3Si5/__initial__/49/xtal_94.cif,-22.830835,4.3690915
xtal_95.cif,./U3Si5/49/xtal_95.cif,68.29008,-39.97137
xtal_96.cif,./U3Si5/__initial__/49/xtal_96.cif,108.824554,-1.6318794
xtal_97.cif,./U3Si5/__initial__/49/xtal_97.cif,81.34009,30.499348
xtal_98.cif,./U3Si5/__initial__/49/xtal_98.cif,93.27576,65.730354
xtal_99.cif,./U3Si5/__initial__/49/xtal_99.cif,-63.232494,61.378468
xtal_1.cif,./U3Si5/__initial__/50/xtal_1.cif,-58.414265,24.140348
xtal_10.cif,./U3Si5/__initial__/50/xtal_10.cif,77.13272,15.976078
xtal_100.cif,./U3Si5/50/xtal_100.cif,48.083046,-61.80068
xtal_11.cif,./U3Si5/50/xtal_11.cif,67.88508,-39.395256
xtal_12.cif,./U3Si5/50/xtal_12.cif,-4.594577,-53.89006
xtal_13.cif,./U3Si5/__initial__/50/xtal_13.cif,55.137383,-85.924706
xtal_14.cif,./U3Si5/__initial__/50/xtal_14.cif,105.67372,-19.461958
xtal_15.cif,./U3Si5/__initial__/50/xtal_15.cif,96.03666,51.44075
xtal_16.cif,./U3Si5/__initial__/50/xtal_16.cif,-86.86976,57.78344
xtal_17.cif,./U3Si5/__initial__/50/xtal_17.cif,-20.947607,76.60218
xtal_18.cif,./U3Si5/50/xtal_18.cif,-14.213808,-60.529663
xtal_19.cif,./U3Si5/__initial__/50/xtal_19.cif,48.841007,-7.366901
xtal_2.cif,./U3Si5/__initial__/50/xtal_2.cif,61.20282,7.393311
xtal_20.cif,./U3Si5/__initial__/50/xtal_20.cif,63.535057,-21.780838
xtal_21.cif,./U3Si5/__initial__/50/xtal_21.cif,94.47068,49.491108
xtal_22.cif,./U3Si5/__initial__/50/xtal_22.cif,110.89606,28.145573
xtal_23.cif,./U3Si5/50/xtal_23.cif,96.78706,-15.177101
xtal_24.cif,./U3Si5/__initial__/50/xtal_24.cif,61.148323,52.989494
xtal_25.cif,./U3Si5/50/xtal_25.cif,82.02349,-47.844822
xtal_26.cif,./U3Si5/50/xtal_26.cif,-10.713141,-74.90382
xtal_27.cif,./U3Si5/50/xtal_27.cif,53.13464,-4.862365
xtal_28.cif,./U3Si5/50/xtal_28.cif,58.04329,-69.05506
xtal_29.cif,./U3Si5/__initial__/50/xtal_29.cif,51.18095,30.266731
xtal_3.cif,./U3Si5/50/xtal_3.cif,84.833336,-68.02548
xtal_30.cif,./U3Si5/__initial__/50/xtal_30.cif,-33.86556,59.91172
xtal_31.cif,./U3Si5/__initial__/50/xtal_31.cif,75.592125,-4.338005
xtal_32.cif,./U3Si5/50/xtal_32.cif,-19.77193,-70.3696
xtal_33.cif,./U3Si5/50/xtal_33.cif,-23.4227,90.93302
xtal_34.cif,./U3Si5/50/xtal_34.cif,37.087154,-26.57358
xtal_35.cif,./U3Si5/50/xtal_35.cif,44.78638,-50.803604
xtal_36.cif,./U3Si5/50/xtal_36.cif,102.27744,-20.06147
xtal_37.cif,./U3Si5/50/xtal_37.cif,84.38377,-4.552462
xtal_38.cif,./U3Si5/__initial__/50/xtal_38.cif,93.70812,42.95755
xtal_39.cif,./U3Si5/__initial__/50/xtal_39.cif,60.117687,5.568955
xtal_4.cif,./U3Si5/50/xtal_4.cif,95.29706,-32.830418
xtal_40.cif,./U3Si5/__initial__/50/xtal_40.cif,-21.799278,39.243866
xtal_41.cif,./U3Si5/__initial__/50/xtal_41.cif,81.2146,5.351563
xtal_42.cif,./U3Si5/__initial__/50/xtal_42.cif,76.415985,-47.5601
xtal_43.cif,./U3Si5/50/xtal_43.cif,47.333622,-41.65351
xtal_44.cif,./U3Si5/__initial__/50/xtal_44.cif,111.15081,-3.8393617
xtal_45.cif,./U3Si5/__initial__/50/xtal_45.cif,54.711365,20.47007
xtal_46.cif,./U3Si5/50/xtal_46.cif,13.911495,-56.33507
xtal_47.cif,./U3Si5/50/xtal_47.cif,31.45216,-78.30905
xtal_48.cif,./U3Si5/50/xtal_48.cif,-30.689009,-97.59219
xtal_49.cif,./U3Si5/__initial__/50/xtal_49.cif,91.593544,-11.538358
xtal_5.cif,./U3Si5/50/xtal_5.cif,42.450367,2.2565231
xtal_50.cif,./U3Si5/__initial__/50/xtal_50.cif,-6.66078,71.77797
xtal_51.cif,./U3Si5/__initial__/50/xtal_51.cif,105.297424,9.126561
xtal_52.cif,./U3Si5/50/xtal_52.cif,91.947754,-30.84918
xtal_53.cif,./U3Si5/__initial__/50/xtal_53.cif,98.13451,27.049295
xtal_54.cif,./U3Si5/50/xtal_54.cif,82.06368,-66.07896
xtal_55.cif,./U3Si5/50/xtal_55.cif,-41.490574,-25.598274
xtal_56.cif,./U3Si5/50/xtal_56.cif,10.688992,-74.53376
xtal_57.cif,./U3Si5/50/xtal_57.cif,-52.56542,-13.560484
xtal_58.cif,./U3Si5/__initial__/50/xtal_58.cif,-18.19726,78.95928
xtal_59.cif,./U3Si5/50/xtal_59.cif,-30.50224,-1.1286945
xtal_6.cif,./U3Si5/__initial__/50/xtal_6.cif,-28.957228,-49.90715
xtal_60.cif,./U3Si5/__initial__/50/xtal_60.cif,53.62236,-4.878761
xtal_61.cif,./U3Si5/50/xtal_61.cif,11.152846,-102.674576
xtal_62.cif,./U3Si5/50/xtal_62.cif,42.839405,-57.79642
xtal_63.cif,./U3Si5/__initial__/50/xtal_63.cif,2.19483,97.77337
xtal_64.cif,./U3Si5/50/xtal_64.cif,-65.41593,-16.993181
xtal_65.cif,./U3Si5/__initial__/50/xtal_65.cif,85.24198,65.880516
xtal_66.cif,./U3Si5/50/xtal_66.cif,-48.915413,11.746159
xtal_67.cif,./U3Si5/__initial__/50/xtal_67.cif,61.584293,30.703512
xtal_68.cif,./U3Si5/50/xtal_68.cif,64.8268,-69.2436
xtal_69.cif,./U3Si5/50/xtal_69.cif,47.10511,-31.08378
xtal_7.cif,./U3Si5/50/xtal_7.cif,33.94423,-64.938065
xtal_70.cif,./U3Si5/50/xtal_70.cif,-32.675186,-92.40238
xtal_71.cif,./U3Si5/50/xtal_71.cif,41.84733,9.665728
xtal_72.cif,./U3Si5/50/xtal_72.cif,-63.7516,-65.322975
xtal_73.cif,./U3Si5/__initial__/50/xtal_73.cif,-8.516478,60.400043
xtal_74.cif,./U3Si5/50/xtal_74.cif,66.59947,-32.498814
xtal_75.cif,./U3Si5/__initial__/50/xtal_75.cif,-21.292479,81.33212
xtal_76.cif,./U3Si5/__initial__/50/xtal_76.cif,-18.96878,55.15903
xtal_77.cif,./U3Si5/50/xtal_77.cif,102.081764,-40.830433
xtal_78.cif,./U3Si5/__initial__/50/xtal_78.cif,-31.102114,64.05953
xtal_79.cif,./U3Si5/__initial__/50/xtal_79.cif,95.532326,4.0955296
xtal_8.cif,./U3Si5/50/xtal_8.cif,-19.026777,-73.24562
xtal_80.cif,./U3Si5/__initial__/50/xtal_80.cif,-48.854244,44.883713
xtal_81.cif,./U3Si5/__initial__/50/xtal_81.cif,51.240578,-29.9141
xtal_82.cif,./U3Si5/__initial__/50/xtal_82.cif,103.5008,-3.0116575
xtal_83.cif,./U3Si5/__initial__/50/xtal_83.cif,59.628494,32.69929
xtal_84.cif,./U3Si5/__initial__/50/xtal_84.cif,-9.252703,74.10913
xtal_85.cif,./U3Si5/50/xtal_85.cif,41.342762,-84.97735
xtal_86.cif,./U3Si5/__initial__/50/xtal_86.cif,65.30701,-14.906091
xtal_87.cif,./U3Si5/50/xtal_87.cif,91.90364,-30.880367
xtal_88.cif,./U3Si5/50/xtal_88.cif,80.79775,-37.513012
xtal_89.cif,./U3Si5/50/xtal_89.cif,44.157825,-72.31391
xtal_9.cif,./U3Si5/50/xtal_9.cif,25.129246,-73.40606
xtal_90.cif,./U3Si5/50/xtal_90.cif,-24.005821,-98.107605
xtal_91.cif,./U3Si5/__initial__/50/xtal_91.cif,47.605305,20.366785
xtal_92.cif,./U3Si5/50/xtal_92.cif,93.33191,-43.72674
xtal_93.cif,./U3Si5/__initial__/50/xtal_93.cif,7.1984234,75.89281
xtal_94.cif,./U3Si5/50/xtal_94.cif,57.73102,-23.373545
xtal_95.cif,./U3Si5/__initial__/50/xtal_95.cif,70.629906,9.404954
xtal_96.cif,./U3Si5/__initial__/50/xtal_96.cif,-34.4259,16.005487
xtal_97.cif,./U3Si5/__initial__/50/xtal_97.cif,104.661545,28.089447
xtal_98.cif,./U3Si5/__initial__/50/xtal_98.cif,110.30964,29.919703
xtal_99.cif,./U3Si5/__initial__/50/xtal_99.cif,69.75645,-56.60265
xtal_1.cif,./U3Si5/__initial__/51/xtal_1.cif,-29.2657,-56.16845
xtal_10.cif,./U3Si5/__initial__/51/xtal_10.cif,48.745953,-1.2820487
xtal_100.cif,./U3Si5/__initial__/51/xtal_100.cif,82.94041,29.093145
xtal_11.cif,./U3Si5/__initial__/51/xtal_11.cif,71.802155,2.910427
xtal_12.cif,./U3Si5/51/xtal_12.cif,-6.3527293,111.14088
xtal_13.cif,./U3Si5/__initial__/51/xtal_13.cif,-73.9173,-52.411903
xtal_14.cif,./U3Si5/__initial__/51/xtal_14.cif,35.538315,-36.61888
xtal_15.cif,./U3Si5/__initial__/51/xtal_15.cif,-36.221516,19.483467
xtal_16.cif,./U3Si5/__initial__/51/xtal_16.cif,-6.934659,-98.507614
xtal_17.cif,./U3Si5/__initial__/51/xtal_17.cif,-23.353775,18.203579
xtal_18.cif,./U3Si5/__initial__/51/xtal_18.cif,19.746262,-70.580475
xtal_19.cif,./U3Si5/__initial__/51/xtal_19.cif,20.636621,-59.844933
xtal_2.cif,./U3Si5/__initial__/51/xtal_2.cif,32.914856,-54.320114
xtal_20.cif,./U3Si5/__initial__/51/xtal_20.cif,46.805008,-94.80516
xtal_21.cif,./U3Si5/__initial__/51/xtal_21.cif,71.49044,29.42737
xtal_22.cif,./U3Si5/__initial__/51/xtal_22.cif,-41.946888,-33.260586
xtal_23.cif,./U3Si5/__initial__/51/xtal_23.cif,50.623383,-2.1669734
xtal_24.cif,./U3Si5/__initial__/51/xtal_24.cif,52.906128,-51.866436
xtal_25.cif,./U3Si5/__initial__/51/xtal_25.cif,59.440468,-30.31036
xtal_26.cif,./U3Si5/__initial__/51/xtal_26.cif,-55.41588,32.242565
xtal_27.cif,./U3Si5/__initial__/51/xtal_27.cif,50.546913,-51.204258
xtal_28.cif,./U3Si5/__initial__/51/xtal_28.cif,-25.098385,90.441345
xtal_29.cif,./U3Si5/51/xtal_29.cif,-52.652187,38.69051
xtal_3.cif,./U3Si5/__initial__/51/xtal_3.cif,-47.799446,-20.468061
xtal_30.cif,./U3Si5/__initial__/51/xtal_30.cif,-23.933184,4.3698516
xtal_31.cif,./U3Si5/__initial__/51/xtal_31.cif,73.56856,41.928055
xtal_32.cif,./U3Si5/__initial__/51/xtal_32.cif,23.541553,-51.306797
xtal_33.cif,./U3Si5/__initial__/51/xtal_33.cif,15.755867,-92.904366
xtal_34.cif,./U3Si5/__initial__/51/xtal_34.cif,-6.3263545,13.242703
xtal_35.cif,./U3Si5/__initial__/51/xtal_35.cif,44.65253,18.79098
xtal_36.cif,./U3Si5/__initial__/51/xtal_36.cif,60.83997,13.7689905
xtal_37.cif,./U3Si5/__initial__/51/xtal_37.cif,-0.15996154,101.2515
xtal_38.cif,./U3Si5/__initial__/51/xtal_38.cif,-61.00025,-44.917744
xtal_39.cif,./U3Si5/__initial__/51/xtal_39.cif,39.57845,-66.44035
xtal_4.cif,./U3Si5/__initial__/51/xtal_4.cif,110.44576,-1.9713846
xtal_40.cif,./U3Si5/__initial__/51/xtal_40.cif,83.82998,-73.50839
xtal_41.cif,./U3Si5/__initial__/51/xtal_41.cif,-41.304028,5.283131
xtal_42.cif,./U3Si5/__initial__/51/xtal_42.cif,69.174065,-7.6913686
xtal_43.cif,./U3Si5/__initial__/51/xtal_43.cif,-26.630678,91.891464
xtal_44.cif,./U3Si5/__initial__/51/xtal_44.cif,76.642586,52.376556
xtal_45.cif,./U3Si5/__initial__/51/xtal_45.cif,-3.2556872,-43.494434
xtal_46.cif,./U3Si5/__initial__/51/xtal_46.cif,72.549416,-70.93828
xtal_47.cif,./U3Si5/__initial__/51/xtal_47.cif,-44.981228,28.459661
xtal_48.cif,./U3Si5/__initial__/51/xtal_48.cif,59.16819,5.1448207
xtal_49.cif,./U3Si5/__initial__/51/xtal_49.cif,86.59222,-51.110714
xtal_5.cif,./U3Si5/__initial__/51/xtal_5.cif,52.336143,-28.107826
xtal_50.cif,./U3Si5/__initial__/51/xtal_50.cif,69.5181,-0.30146626
xtal_51.cif,./U3Si5/__initial__/51/xtal_51.cif,28.36377,-54.054543
xtal_52.cif,./U3Si5/__initial__/51/xtal_52.cif,77.293076,-69.243996
xtal_53.cif,./U3Si5/__initial__/51/xtal_53.cif,0.67790544,-55.93448
xtal_54.cif,./U3Si5/__initial__/51/xtal_54.cif,-68.093506,-30.20293
xtal_55.cif,./U3Si5/__initial__/51/xtal_55.cif,38.74185,-81.90138
xtal_56.cif,./U3Si5/__initial__/51/xtal_56.cif,-26.538776,28.241724
xtal_57.cif,./U3Si5/__initial__/51/xtal_57.cif,37.90211,-65.61361
xtal_58.cif,./U3Si5/__initial__/51/xtal_58.cif,-3.3660204,63.235134
xtal_59.cif,./U3Si5/__initial__/51/xtal_59.cif,-22.14326,16.965929
xtal_6.cif,./U3Si5/__initial__/51/xtal_6.cif,71.62683,3.0615888
xtal_60.cif,./U3Si5/__initial__/51/xtal_60.cif,54.535786,19.07244
xtal_61.cif,./U3Si5/__initial__/51/xtal_61.cif,-42.63522,-38.27156
xtal_62.cif,./U3Si5/__initial__/51/xtal_62.cif,-53.98461,-0.36801723
xtal_63.cif,./U3Si5/__initial__/51/xtal_63.cif,-43.29523,-72.453255
xtal_64.cif,./U3Si5/__initial__/51/xtal_64.cif,101.5708,-15.8215685
xtal_65.cif,./U3Si5/__initial__/51/xtal_65.cif,38.072475,-45.017353
xtal_66.cif,./U3Si5/__initial__/51/xtal_66.cif,75.2506,-2.5570083
xtal_67.cif,./U3Si5/__initial__/51/xtal_67.cif,77.40026,-69.84913
xtal_68.cif,./U3Si5/__initial__/51/xtal_68.cif,22.351204,-38.141483
xtal_69.cif,./U3Si5/__initial__/51/xtal_69.cif,-27.759893,10.956661
xtal_7.cif,./U3Si5/__initial__/51/xtal_7.cif,43.571293,-51.936565
xtal_70.cif,./U3Si5/__initial__/51/xtal_70.cif,-39.810104,-30.630184
xtal_71.cif,./U3Si5/__initial__/51/xtal_71.cif,41.79529,-50.556053
xtal_72.cif,./U3Si5/__initial__/51/xtal_72.cif,-14.496234,61.807747
xtal_73.cif,./U3Si5/__initial__/51/xtal_73.cif,-25.939877,-37.193478
xtal_74.cif,./U3Si5/__initial__/51/xtal_74.cif,-46.46299,-38.45872
xtal_75.cif,./U3Si5/__initial__/51/xtal_75.cif,-37.62814,-2.6185784
xtal_76.cif,./U3Si5/__initial__/51/xtal_76.cif,-26.59093,-37.050472
xtal_77.cif,./U3Si5/__initial__/51/xtal_77.cif,-18.246895,47.493828
xtal_78.cif,./U3Si5/__initial__/51/xtal_78.cif,-11.911131,-67.31238
xtal_79.cif,./U3Si5/__initial__/51/xtal_79.cif,56.336613,-44.33917
xtal_8.cif,./U3Si5/__initial__/51/xtal_8.cif,61.14058,-28.739046
xtal_80.cif,./U3Si5/__initial__/51/xtal_80.cif,61.245132,19.876318
xtal_81.cif,./U3Si5/__initial__/51/xtal_81.cif,73.33254,24.935963
xtal_82.cif,./U3Si5/__initial__/51/xtal_82.cif,70.23281,-38.35994
xtal_83.cif,./U3Si5/__initial__/51/xtal_83.cif,-17.063957,57.82881
xtal_84.cif,./U3Si5/__initial__/51/xtal_84.cif,62.347916,19.07593
xtal_85.cif,./U3Si5/__initial__/51/xtal_85.cif,-48.253254,-61.712204
xtal_86.cif,./U3Si5/__initial__/51/xtal_86.cif,67.83033,-11.296136
xtal_87.cif,./U3Si5/__initial__/51/xtal_87.cif,-34.41125,24.98365
xtal_88.cif,./U3Si5/__initial__/51/xtal_88.cif,51.698376,29.028196
xtal_89.cif,./U3Si5/__initial__/51/xtal_89.cif,42.61204,-54.833305
xtal_9.cif,./U3Si5/__initial__/51/xtal_9.cif,100.37408,50.713833
xtal_90.cif,./U3Si5/__initial__/51/xtal_90.cif,49.750984,8.894765
xtal_91.cif,./U3Si5/__initial__/51/xtal_91.cif,60.026917,18.57131
xtal_92.cif,./U3Si5/__initial__/51/xtal_92.cif,41.51243,19.672113
xtal_93.cif,./U3Si5/__initial__/51/xtal_93.cif,24.365818,-44.91427
xtal_94.cif,./U3Si5/__initial__/51/xtal_94.cif,18.436258,-72.998344
xtal_95.cif,./U3Si5/__initial__/51/xtal_95.cif,59.82454,32.41593
xtal_96.cif,./U3Si5/__initial__/51/xtal_96.cif,-61.48461,-68.19103
xtal_97.cif,./U3Si5/__initial__/51/xtal_97.cif,17.943775,-70.56621
xtal_98.cif,./U3Si5/__initial__/51/xtal_98.cif,89.17044,-55.92232
xtal_99.cif,./U3Si5/__initial__/51/xtal_99.cif,12.479693,-58.140205
xtal_1.cif,./U3Si5/__initial__/53/xtal_1.cif,97.94089,3.9939094
xtal_10.cif,./U3Si5/__initial__/53/xtal_10.cif,-20.796936,74.7827
xtal_100.cif,./U3Si5/__initial__/53/xtal_100.cif,44.045662,-12.075116
xtal_11.cif,./U3Si5/__initial__/53/xtal_11.cif,88.50765,49.668888
xtal_12.cif,./U3Si5/__initial__/53/xtal_12.cif,-5.288133,-77.28208
xtal_13.cif,./U3Si5/__initial__/53/xtal_13.cif,100.62128,-17.359901
xtal_14.cif,./U3Si5/__initial__/53/xtal_14.cif,15.612404,-57.698544
xtal_15.cif,./U3Si5/__initial__/53/xtal_15.cif,-50.27272,-58.685654
xtal_16.cif,./U3Si5/__initial__/53/xtal_16.cif,40.956623,-60.83816
xtal_17.cif,./U3Si5/__initial__/53/xtal_17.cif,42.223316,-66.87867
xtal_18.cif,./U3Si5/__initial__/53/xtal_18.cif,87.815834,-53.376255
xtal_19.cif,./U3Si5/__initial__/53/xtal_19.cif,69.23304,-74.137245
xtal_2.cif,./U3Si5/__initial__/53/xtal_2.cif,11.499026,-50.121223
xtal_20.cif,./U3Si5/__initial__/53/xtal_20.cif,96.50253,59.612133
xtal_21.cif,./U3Si5/__initial__/53/xtal_21.cif,84.19175,0.46564576
xtal_22.cif,./U3Si5/__initial__/53/xtal_22.cif,38.09651,-84.577515
xtal_23.cif,./U3Si5/__initial__/53/xtal_23.cif,80.432495,-67.91506
xtal_24.cif,./U3Si5/__initial__/53/xtal_24.cif,-37.370975,59.393456
xtal_25.cif,./U3Si5/__initial__/53/xtal_25.cif,-61.086044,-45.419224
xtal_26.cif,./U3Si5/__initial__/53/xtal_26.cif,91.49037,-0.95221126
xtal_27.cif,./U3Si5/__initial__/53/xtal_27.cif,-19.759886,12.275715
xtal_28.cif,./U3Si5/__initial__/53/xtal_28.cif,-57.833836,14.77456
xtal_29.cif,./U3Si5/__initial__/53/xtal_29.cif,54.07598,15.549295
xtal_3.cif,./U3Si5/__initial__/53/xtal_3.cif,34.802807,-39.36919
xtal_30.cif,./U3Si5/__initial__/53/xtal_30.cif,-18.267786,-42.858215
xtal_31.cif,./U3Si5/__initial__/53/xtal_31.cif,-22.967447,12.205392
xtal_32.cif,./U3Si5/__initial__/53/xtal_32.cif,-21.392994,-58.60587
xtal_33.cif,./U3Si5/__initial__/53/xtal_33.cif,-26.33858,-46.056305
xtal_34.cif,./U3Si5/__initial__/53/xtal_34.cif,49.280663,-47.139114
xtal_35.cif,./U3Si5/__initial__/53/xtal_35.cif,3.3454294,-76.593376
xtal_36.cif,./U3Si5/__initial__/53/xtal_36.cif,-26.651386,28.54947
xtal_37.cif,./U3Si5/__initial__/53/xtal_37.cif,83.71955,54.288834
xtal_38.cif,./U3Si5/__initial__/53/xtal_38.cif,57.4641,19.283236
xtal_39.cif,./U3Si5/__initial__/53/xtal_39.cif,58.387512,-84.73192
xtal_4.cif,./U3Si5/__initial__/53/xtal_4.cif,12.311368,-59.84763
xtal_40.cif,./U3Si5/__initial__/53/xtal_40.cif,-61.420116,-10.779218
xtal_41.cif,./U3Si5/__initial__/53/xtal_41.cif,-53.767406,21.285378
xtal_42.cif,./U3Si5/__initial__/53/xtal_42.cif,-1.0897852,-102.37242
xtal_43.cif,./U3Si5/__initial__/53/xtal_43.cif,-57.26054,-67.79191
xtal_44.cif,./U3Si5/__initial__/53/xtal_44.cif,84.94076,-17.778597
xtal_45.cif,./U3Si5/__initial__/53/xtal_45.cif,31.242807,-52.144554
xtal_46.cif,./U3Si5/__initial__/53/xtal_46.cif,63.798824,20.240976
xtal_47.cif,./U3Si5/__initial__/53/xtal_47.cif,90.75697,-59.277584
xtal_48.cif,./U3Si5/__initial__/53/xtal_48.cif,-60.26117,-53.134872
xtal_49.cif,./U3Si5/__initial__/53/xtal_49.cif,-45.62852,22.14014
xtal_5.cif,./U3Si5/__initial__/53/xtal_5.cif,-14.327338,-46.600765
xtal_50.cif,./U3Si5/__initial__/53/xtal_50.cif,-64.80437,83.51208
xtal_51.cif,./U3Si5/__initial__/53/xtal_51.cif,-21.24298,-57.012756
xtal_52.cif,./U3Si5/__initial__/53/xtal_52.cif,46.98238,-84.58431
xtal_53.cif,./U3Si5/__initial__/53/xtal_53.cif,-56.795544,-69.04947
xtal_54.cif,./U3Si5/__initial__/53/xtal_54.cif,-22.154297,40.82195
xtal_55.cif,./U3Si5/__initial__/53/xtal_55.cif,-82.45645,62.80301
xtal_56.cif,./U3Si5/__initial__/53/xtal_56.cif,-70.54514,-21.601377
xtal_57.cif,./U3Si5/__initial__/53/xtal_57.cif,5.129498,-71.909485
xtal_58.cif,./U3Si5/__initial__/53/xtal_58.cif,83.13567,55.3147
xtal_59.cif,./U3Si5/__initial__/53/xtal_59.cif,74.84549,5.6305265
xtal_6.cif,./U3Si5/__initial__/53/xtal_6.cif,-20.034855,-50.25853
xtal_60.cif,./U3Si5/__initial__/53/xtal_60.cif,-32.391247,25.440691
xtal_61.cif,./U3Si5/__initial__/53/xtal_61.cif,78.43773,-20.700308
xtal_62.cif,./U3Si5/__initial__/53/xtal_62.cif,80.08008,3.1851373
xtal_63.cif,./U3Si5/__initial__/53/xtal_63.cif,71.77678,4.595031
xtal_64.cif,./U3Si5/__initial__/53/xtal_64.cif,8.003656,85.556076
xtal_65.cif,./U3Si5/__initial__/53/xtal_65.cif,50.742935,-29.848186
xtal_66.cif,./U3Si5/__initial__/53/xtal_66.cif,-57.79942,27.153597
xtal_67.cif,./U3Si5/__initial__/53/xtal_67.cif,-23.182663,90.83827
xtal_68.cif,./U3Si5/__initial__/53/xtal_68.cif,45.768692,-22.861633
xtal_69.cif,./U3Si5/__initial__/53/xtal_69.cif,-44.62725,-23.674215
xtal_7.cif,./U3Si5/__initial__/53/xtal_7.cif,-2.7818224,67.474525
xtal_70.cif,./U3Si5/__initial__/53/xtal_70.cif,-31.395153,-67.885506
xtal_71.cif,./U3Si5/__initial__/53/xtal_71.cif,-7.5264516,-45.29709
xtal_72.cif,./U3Si5/__initial__/53/xtal_72.cif,-69.4923,-14.523712
xtal_73.cif,./U3Si5/__initial__/53/xtal_73.cif,59.339497,-58.692474
xtal_74.cif,./U3Si5/__initial__/53/xtal_74.cif,-71.54895,-49.511486
xtal_75.cif,./U3Si5/__initial__/53/xtal_75.cif,54.935505,-66.91677
xtal_76.cif,./U3Si5/__initial__/53/xtal_76.cif,33.377483,-57.721737
xtal_77.cif,./U3Si5/__initial__/53/xtal_77.cif,-24.691757,3.639199
xtal_78.cif,./U3Si5/__initial__/53/xtal_78.cif,-5.606237,16.645184
xtal_79.cif,./U3Si5/__initial__/53/xtal_79.cif,-48.01599,-21.954967
xtal_8.cif,./U3Si5/__initial__/53/xtal_8.cif,15.846057,-57.61686
xtal_80.cif,./U3Si5/__initial__/53/xtal_80.cif,-19.962776,10.761208
xtal_81.cif,./U3Si5/__initial__/53/xtal_81.cif,103.48699,-42.016727
xtal_82.cif,./U3Si5/__initial__/53/xtal_82.cif,63.688816,-11.392809
xtal_83.cif,./U3Si5/__initial__/53/xtal_83.cif,-0.50865597,-89.59734
xtal_84.cif,./U3Si5/__initial__/53/xtal_84.cif,-37.68074,-82.62344
xtal_85.cif,./U3Si5/__initial__/53/xtal_85.cif,-43.352825,-35.793465
xtal_86.cif,./U3Si5/__initial__/53/xtal_86.cif,-31.161299,16.581408
xtal_87.cif,./U3Si5/__initial__/53/xtal_87.cif,-29.979153,-87.21545
xtal_88.cif,./U3Si5/__initial__/53/xtal_88.cif,-38.62433,39.367805
xtal_89.cif,./U3Si5/__initial__/53/xtal_89.cif,-37.969524,78.860794
xtal_9.cif,./U3Si5/__initial__/53/xtal_9.cif,57.08804,-23.626291
xtal_90.cif,./U3Si5/__initial__/53/xtal_90.cif,-94.42156,-19.833069
xtal_91.cif,./U3Si5/__initial__/53/xtal_91.cif,-38.439075,-73.30681
xtal_92.cif,./U3Si5/__initial__/53/xtal_92.cif,-35.137146,64.82835
xtal_93.cif,./U3Si5/__initial__/53/xtal_93.cif,-23.506058,0.38772246
xtal_94.cif,./U3Si5/__initial__/53/xtal_94.cif,69.08306,17.178984
xtal_95.cif,./U3Si5/__initial__/53/xtal_95.cif,89.227516,-61.386967
xtal_96.cif,./U3Si5/__initial__/53/xtal_96.cif,-31.464628,-65.22121
xtal_97.cif,./U3Si5/__initial__/53/xtal_97.cif,59.19721,-60.591015
xtal_98.cif,./U3Si5/__initial__/53/xtal_98.cif,100.226,28.45188
xtal_99.cif,./U3Si5/__initial__/53/xtal_99.cif,70.454,33.940033
xtal_1.cif,./U3Si5/55/xtal_1.cif,37.750698,-52.595604
xtal_10.cif,./U3Si5/55/xtal_10.cif,54.16129,-41.016968
xtal_100.cif,./U3Si5/__initial__/55/xtal_100.cif,-7.906643,49.307625
xtal_11.cif,./U3Si5/__initial__/55/xtal_11.cif,5.876001,67.69113
xtal_12.cif,./U3Si5/__initial__/55/xtal_12.cif,39.0458,-63.173138
xtal_13.cif,./U3Si5/__initial__/55/xtal_13.cif,36.69973,-80.95682
xtal_14.cif,./U3Si5/__initial__/55/xtal_14.cif,78.80754,5.268149
xtal_15.cif,./U3Si5/__initial__/55/xtal_15.cif,-45.038242,58.559174
xtal_16.cif,./U3Si5/55/xtal_16.cif,25.429625,-74.25658
xtal_17.cif,./U3Si5/__initial__/55/xtal_17.cif,82.74889,63.159077
xtal_18.cif,./U3Si5/55/xtal_18.cif,82.38119,-41.777935
xtal_19.cif,./U3Si5/__initial__/55/xtal_19.cif,110.59091,27.82641
xtal_2.cif,./U3Si5/55/xtal_2.cif,-69.00756,-73.66142
xtal_20.cif,./U3Si5/__initial__/55/xtal_20.cif,104.426,-10.603153
xtal_21.cif,./U3Si5/__initial__/55/xtal_21.cif,80.793526,30.049086
xtal_22.cif,./U3Si5/55/xtal_22.cif,22.490517,-71.61461
xtal_23.cif,./U3Si5/55/xtal_23.cif,-33.702236,-66.03611
xtal_24.cif,./U3Si5/__initial__/55/xtal_24.cif,51.131245,24.009274
xtal_25.cif,./U3Si5/__initial__/55/xtal_25.cif,78.17173,15.408886
xtal_26.cif,./U3Si5/__initial__/55/xtal_26.cif,95.310905,39.42809
xtal_27.cif,./U3Si5/55/xtal_27.cif,-78.74763,34.326317
xtal_28.cif,./U3Si5/__initial__/55/xtal_28.cif,60.58811,9.141889
xtal_29.cif,./U3Si5/55/xtal_29.cif,66.26157,20.801012
xtal_3.cif,./U3Si5/55/xtal_3.cif,25.875261,-68.00252
xtal_30.cif,./U3Si5/__initial__/55/xtal_30.cif,-37.18848,40.487633
xtal_31.cif,./U3Si5/__initial__/55/xtal_31.cif,56.20088,11.581866
xtal_32.cif,./U3Si5/__initial__/55/xtal_32.cif,61.71746,47.62785
xtal_33.cif,./U3Si5/__initial__/55/xtal_33.cif,52.28586,-1.4534917
xtal_34.cif,./U3Si5/55/xtal_34.cif,-11.530095,-73.82525
xtal_35.cif,./U3Si5/__initial__/55/xtal_35.cif,-32.08988,102.38752
xtal_36.cif,./U3Si5/__initial__/55/xtal_36.cif,98.31287,17.614727
xtal_37.cif,./U3Si5/55/xtal_37.cif,94.73088,-43.715076
xtal_38.cif,./U3Si5/__initial__/55/xtal_38.cif,-49.068195,28.175053
xtal_39.cif,./U3Si5/__initial__/55/xtal_39.cif,55.519363,-19.996525
xtal_4.cif,./U3Si5/55/xtal_4.cif,-22.878479,-3.1869533
xtal_40.cif,./U3Si5/55/xtal_40.cif,46.033115,5.4005566
xtal_41.cif,./U3Si5/55/xtal_41.cif,-68.68103,-41.560432
xtal_42.cif,./U3Si5/55/xtal_42.cif,41.44572,-85.54945
xtal_43.cif,./U3Si5/55/xtal_43.cif,-18.05887,-50.90251
xtal_44.cif,./U3Si5/__initial__/55/xtal_44.cif,92.30045,60.696823
xtal_45.cif,./U3Si5/55/xtal_45.cif,-48.25921,-60.1182
xtal_46.cif,./U3Si5/55/xtal_46.cif,-4.7030153,-78.55252
xtal_47.cif,./U3Si5/__initial__/55/xtal_47.cif,11.86094,-63.201405
xtal_48.cif,./U3Si5/55/xtal_48.cif,36.545277,-70.9157
xtal_49.cif,./U3Si5/__initial__/55/xtal_49.cif,73.58303,11.895226
xtal_5.cif,./U3Si5/__initial__/55/xtal_5.cif,-36.098213,41.53541
xtal_50.cif,./U3Si5/__initial__/55/xtal_50.cif,-9.602308,17.164871
xtal_51.cif,./U3Si5/55/xtal_51.cif,-22.113964,27.295528
xtal_52.cif,./U3Si5/__initial__/55/xtal_52.cif,-80.1665,-26.041746
xtal_53.cif,./U3Si5/55/xtal_53.cif,78.57764,-67.39526
xtal_54.cif,./U3Si5/55/xtal_54.cif,112.040726,-12.588116
xtal_55.cif,./U3Si5/55/xtal_55.cif,-39.94585,4.636981
xtal_56.cif,./U3Si5/55/xtal_56.cif,70.38531,-38.25321
xtal_57.cif,./U3Si5/__initial__/55/xtal_57.cif,-55.24549,4.749751
xtal_58.cif,./U3Si5/__initial__/55/xtal_58.cif,96.76915,46.45715
xtal_59.cif,./U3Si5/__initial__/55/xtal_59.cif,-5.9721637,76.25672
xtal_6.cif,./U3Si5/__initial__/55/xtal_6.cif,47.36827,-37.84898
xtal_60.cif,./U3Si5/55/xtal_60.cif,-47.036037,-40.597786
xtal_61.cif,./U3Si5/__initial__/55/xtal_61.cif,-91.76139,8.741311
xtal_62.cif,./U3Si5/__initial__/55/xtal_62.cif,43.636513,-62.049225
xtal_63.cif,./U3Si5/55/xtal_63.cif,93.57928,-53.355232
xtal_64.cif,./U3Si5/__initial__/55/xtal_64.cif,61.353638,27.815557
xtal_65.cif,./U3Si5/__initial__/55/xtal_65.cif,97.05366,56.35398
xtal_66.cif,./U3Si5/__initial__/55/xtal_66.cif,79.97126,41.693157
xtal_67.cif,./U3Si5/55/xtal_67.cif,23.612896,-74.982765
xtal_68.cif,./U3Si5/55/xtal_68.cif,98.29721,-27.452017
xtal_69.cif,./U3Si5/__initial__/55/xtal_69.cif,-48.297577,43.23519
xtal_7.cif,./U3Si5/55/xtal_7.cif,6.8865314,-67.89803
xtal_70.cif,./U3Si5/55/xtal_70.cif,61.797665,-29.084356
xtal_71.cif,./U3Si5/55/xtal_71.cif,-6.8624353,-98.07772
xtal_72.cif,./U3Si5/__initial__/55/xtal_72.cif,73.32134,-5.2150083
xtal_73.cif,./U3Si5/__initial__/55/xtal_73.cif,48.189785,-0.14750195
xtal_74.cif,./U3Si5/__initial__/55/xtal_74.cif,61.257095,8.929521
xtal_75.cif,./U3Si5/__initial__/55/xtal_75.cif,78.66217,-15.530326
xtal_76.cif,./U3Si5/__initial__/55/xtal_76.cif,-13.78067,56.164707
xtal_77.cif,./U3Si5/55/xtal_77.cif,25.152618,-46.894848
xtal_78.cif,./U3Si5/55/xtal_78.cif,68.54916,-80.82824
xtal_79.cif,./U3Si5/__initial__/55/xtal_79.cif,-39.55727,6.7908425
xtal_8.cif,./U3Si5/55/xtal_8.cif,-74.99608,-6.5712495
xtal_80.cif,./U3Si5/55/xtal_80.cif,85.29847,-2.1577168
xtal_81.cif,./U3Si5/55/xtal_81.cif,19.914173,-65.34739
xtal_82.cif,./U3Si5/55/xtal_82.cif,82.1744,-57.896656
xtal_83.cif,./U3Si5/__initial__/55/xtal_83.cif,-12.606186,75.62242
xtal_84.cif,./U3Si5/__initial__/55/xtal_84.cif,-14.115101,43.1986
xtal_85.cif,./U3Si5/55/xtal_85.cif,89.11096,-61.870243
xtal_86.cif,./U3Si5/55/xtal_86.cif,76.9007,-36.017975
xtal_87.cif,./U3Si5/55/xtal_87.cif,68.3912,-42.01661
xtal_88.cif,./U3Si5/__initial__/55/xtal_88.cif,-24.364801,67.15351
xtal_89.cif,./U3Si5/__initial__/55/xtal_89.cif,51.39621,-22.05122
xtal_9.cif,./U3Si5/__initial__/55/xtal_9.cif,-17.81044,48.9053
xtal_90.cif,./U3Si5/__initial__/55/xtal_90.cif,-73.880775,-19.835203
xtal_91.cif,./U3Si5/__initial__/55/xtal_91.cif,71.583824,22.132317
xtal_92.cif,./U3Si5/__initial__/55/xtal_92.cif,-20.016268,39.430317
xtal_93.cif,./U3Si5/__initial__/55/xtal_93.cif,112.38459,29.466118
xtal_94.cif,./U3Si5/__initial__/55/xtal_94.cif,-46.68344,-1.8076453
xtal_95.cif,./U3Si5/55/xtal_95.cif,109.44667,-16.83448
xtal_96.cif,./U3Si5/55/xtal_96.cif,102.30102,-20.079767
xtal_97.cif,./U3Si5/55/xtal_97.cif,104.17143,-39.71182
xtal_98.cif,./U3Si5/55/xtal_98.cif,-28.286549,51.099663
xtal_99.cif,./U3Si5/55/xtal_99.cif,-52.04368,-71.297195
xtal_1.cif,./U3Si5/__initial__/58/xtal_1.cif,51.40118,4.32746
xtal_10.cif,./U3Si5/58/xtal_10.cif,90.22122,-56.703598
xtal_100.cif,./U3Si5/58/xtal_100.cif,72.47867,-47.191254
xtal_11.cif,./U3Si5/58/xtal_11.cif,27.451761,-72.32309
xtal_12.cif,./U3Si5/__initial__/58/xtal_12.cif,-20.614403,24.762964
xtal_13.cif,./U3Si5/58/xtal_13.cif,28.57522,-55.00592
xtal_14.cif,./U3Si5/58/xtal_14.cif,72.10274,-29.368185
xtal_15.cif,./U3Si5/58/xtal_15.cif,47.352715,5.255623
xtal_16.cif,./U3Si5/__initial__/58/xtal_16.cif,-6.9014616,-67.09416
xtal_17.cif,./U3Si5/58/xtal_17.cif,-25.638971,-82.78631
xtal_18.cif,./U3Si5/__initial__/58/xtal_18.cif,63.836575,-6.281297
xtal_19.cif,./U3Si5/58/xtal_19.cif,-43.087406,-1.6841679
xtal_2.cif,./U3Si5/58/xtal_2.cif,92.54601,-64.88684
xtal_20.cif,./U3Si5/__initial__/58/xtal_20.cif,21.018429,27.738152
xtal_21.cif,./U3Si5/58/xtal_21.cif,41.527115,-29.588017
xtal_22.cif,./U3Si5/58/xtal_22.cif,65.79931,-47.64915
xtal_23.cif,./U3Si5/58/xtal_23.cif,-23.042831,-73.99745
xtal_24.cif,./U3Si5/58/xtal_24.cif,-20.143126,-96.165306
xtal_25.cif,./U3Si5/58/xtal_25.cif,-8.0942335,-50.167194
xtal_26.cif,./U3Si5/58/xtal_26.cif,-7.2449493,-70.34294
xtal_27.cif,./U3Si5/58/xtal_27.cif,84.0899,-4.357738
xtal_28.cif,./U3Si5/__initial__/58/xtal_28.cif,95.68519,60.420418
xtal_29.cif,./U3Si5/58/xtal_29.cif,57.720043,-11.599117
xtal_3.cif,./U3Si5/__initial__/58/xtal_3.cif,-70.62854,-13.373578
xtal_30.cif,./U3Si5/58/xtal_30.cif,96.70946,-31.764263
xtal_31.cif,./U3Si5/__initial__/58/xtal_31.cif,52.00765,23.957956
xtal_32.cif,./U3Si5/58/xtal_32.cif,51.55491,-51.90547
xtal_33.cif,./U3Si5/58/xtal_33.cif,80.79259,-68.46391
xtal_34.cif,./U3Si5/__initial__/58/xtal_34.cif,-56.210888,27.879438
xtal_35.cif,./U3Si5/__initial__/58/xtal_35.cif,54.950222,-27.380434
xtal_36.cif,./U3Si5/58/xtal_36.cif,-53.94186,-19.161161
xtal_37.cif,./U3Si5/__initial__/58/xtal_37.cif,29.249832,-53.31672
xtal_38.cif,./U3Si5/__initial__/58/xtal_38.cif,-66.20254,-65.58857
xtal_39.cif,./U3Si5/__initial__/58/xtal_39.cif,103.12853,-2.4136007
xtal_4.cif,./U3Si5/__initial__/58/xtal_4.cif,74.34917,-30.33306
xtal_40.cif,./U3Si5/__initial__/58/xtal_40.cif,38.3787,-27.06974
xtal_41.cif,./U3Si5/58/xtal_41.cif,4.244145,-72.35162
xtal_42.cif,./U3Si5/58/xtal_42.cif,80.32393,-65.62896
xtal_43.cif,./U3Si5/58/xtal_43.cif,-2.7203581,-89.79306
xtal_44.cif,./U3Si5/58/xtal_44.cif,67.02618,-74.420494
xtal_45.cif,./U3Si5/58/xtal_45.cif,-57.5366,-8.60034
xtal_46.cif,./U3Si5/58/xtal_46.cif,-37.04735,-85.399864
xtal_47.cif,./U3Si5/58/xtal_47.cif,41.143658,8.7644825
xtal_48.cif,./U3Si5/58/xtal_48.cif,86.46646,-42.126926
xtal_49.cif,./U3Si5/58/xtal_49.cif,-27.434084,10.931989
xtal_5.cif,./U3Si5/58/xtal_5.cif,-76.64448,-37.45451
xtal_50.cif,./U3Si5/58/xtal_50.cif,-32.697525,-63.52232
xtal_51.cif,./U3Si5/__initial__/58/xtal_51.cif,-6.994381,57.738354
xtal_52.cif,./U3Si5/58/xtal_52.cif,-59.442352,-50.21978
xtal_53.cif,./U3Si5/__initial__/58/xtal_53.cif,84.00892,0.5718529
xtal_54.cif,./U3Si5/__initial__/58/xtal_54.cif,-4.726461,87.15187
xtal_55.cif,./U3Si5/58/xtal_55.cif,-27.872906,-14.62978
xtal_56.cif,./U3Si5/__initial__/58/xtal_56.cif,70.15993,6.2092924
xtal_57.cif,./U3Si5/__initial__/58/xtal_57.cif,-22.16344,-52.15878
xtal_58.cif,./U3Si5/58/xtal_58.cif,-59.83372,25.153608
xtal_59.cif,./U3Si5/__initial__/58/xtal_59.cif,-24.412636,66.02508
xtal_6.cif,./U3Si5/__initial__/58/xtal_6.cif,62.04894,28.244467
xtal_60.cif,./U3Si5/__initial__/58/xtal_60.cif,54.26259,-61.76168
xtal_61.cif,./U3Si5/__initial__/58/xtal_61.cif,21.594677,-43.266582
xtal_62.cif,./U3Si5/58/xtal_62.cif,-10.955358,-74.5884
xtal_63.cif,./U3Si5/58/xtal_63.cif,93.129036,-65.58754
xtal_64.cif,./U3Si5/__initial__/58/xtal_64.cif,97.1329,-30.119959
xtal_65.cif,./U3Si5/__initial__/58/xtal_65.cif,-8.819025,67.67474
xtal_66.cif,./U3Si5/__initial__/58/xtal_66.cif,-6.7463994,73.001434
xtal_67.cif,./U3Si5/58/xtal_67.cif,55.06989,-23.308275
xtal_68.cif,./U3Si5/58/xtal_68.cif,-21.134521,24.392744
xtal_69.cif,./U3Si5/58/xtal_69.cif,-33.57324,25.050589
xtal_7.cif,./U3Si5/58/xtal_7.cif,45.439114,-54.985798
xtal_70.cif,./U3Si5/58/xtal_70.cif,67.17054,-41.34255
xtal_71.cif,./U3Si5/58/xtal_71.cif,102.36358,-40.764217
xtal_72.cif,./U3Si5/__initial__/58/xtal_72.cif,-16.520002,91.57352
xtal_73.cif,./U3Si5/__initial__/58/xtal_73.cif,115.015724,2.5299463
xtal_74.cif,./U3Si5/58/xtal_74.cif,-26.66812,49.73853
xtal_75.cif,./U3Si5/58/xtal_75.cif,37.20104,-75.114136
xtal_76.cif,./U3Si5/__initial__/58/xtal_76.cif,52.67807,-23.351593
xtal_77.cif,./U3Si5/58/xtal_77.cif,-10.810675,-79.90156
xtal_78.cif,./U3Si5/58/xtal_78.cif,32.321873,-73.311424
xtal_79.cif,./U3Si5/58/xtal_79.cif,95.399185,-39.0577
xtal_8.cif,./U3Si5/58/xtal_8.cif,60.67991,-63.37546
xtal_80.cif,./U3Si5/58/xtal_80.cif,45.4559,-17.859407
xtal_81.cif,./U3Si5/__initial__/58/xtal_81.cif,36.41147,-17.013735
xtal_82.cif,./U3Si5/__initial__/58/xtal_82.cif,-49.818165,57.956898
xtal_83.cif,./U3Si5/58/xtal_83.cif,-36.915836,-82.74624
xtal_84.cif,./U3Si5/__initial__/58/xtal_84.cif,85.70389,-2.5213785
xtal_85.cif,./U3Si5/58/xtal_85.cif,-29.407837,15.526327
xtal_86.cif,./U3Si5/__initial__/58/xtal_86.cif,59.189396,50.7364
xtal_87.cif,./U3Si5/__initial__/58/xtal_87.cif,75.08703,5.395593
xtal_88.cif,./U3Si5/58/xtal_88.cif,-88.26189,-16.043962
xtal_89.cif,./U3Si5/__initial__/58/xtal_89.cif,88.929726,54.413788
xtal_9.cif,./U3Si5/__initial__/58/xtal_9.cif,-20.212929,26.498484
xtal_90.cif,./U3Si5/__initial__/58/xtal_90.cif,5.540638,70.51515
xtal_91.cif,./U3Si5/__initial__/58/xtal_91.cif,73.913795,28.019762
xtal_92.cif,./U3Si5/58/xtal_92.cif,114.62188,-13.391099
xtal_93.cif,./U3Si5/58/xtal_93.cif,19.894428,-76.38049
xtal_94.cif,./U3Si5/__initial__/58/xtal_94.cif,50.0595,-18.917645
xtal_95.cif,./U3Si5/58/xtal_95.cif,57.78495,-42.730213
xtal_96.cif,./U3Si5/__initial__/58/xtal_96.cif,101.9077,-16.660543
xtal_97.cif,./U3Si5/58/xtal_97.cif,83.679276,-55.890427
xtal_98.cif,./U3Si5/__initial__/58/xtal_98.cif,-79.28659,-24.919775
xtal_99.cif,./U3Si5/__initial__/58/xtal_99.cif,-41.0902,-2.2374911
xtal_1.cif,./U3Si5/59/xtal_1.cif,23.266237,-75.256294
xtal_10.cif,./U3Si5/__initial__/59/xtal_10.cif,87.0779,-34.95708
xtal_100.cif,./U3Si5/__initial__/59/xtal_100.cif,26.476292,-103.728584
xtal_11.cif,./U3Si5/59/xtal_11.cif,35.76406,-81.61261
xtal_12.cif,./U3Si5/__initial__/59/xtal_12.cif,-29.666231,-3.2991047
xtal_13.cif,./U3Si5/__initial__/59/xtal_13.cif,-68.96197,-19.347551
xtal_14.cif,./U3Si5/__initial__/59/xtal_14.cif,73.74369,-45.834595
xtal_15.cif,./U3Si5/__initial__/59/xtal_15.cif,-63.30381,41.347855
xtal_16.cif,./U3Si5/__initial__/59/xtal_16.cif,-38.319706,-37.47789
xtal_17.cif,./U3Si5/__initial__/59/xtal_17.cif,47.110176,-18.764101
xtal_18.cif,./U3Si5/__initial__/59/xtal_18.cif,6.3683305,-91.628975
xtal_19.cif,./U3Si5/__initial__/59/xtal_19.cif,45.54487,-80.83508
xtal_2.cif,./U3Si5/__initial__/59/xtal_2.cif,63.97366,37.070374
xtal_20.cif,./U3Si5/__initial__/59/xtal_20.cif,38.178,-27.640238
xtal_21.cif,./U3Si5/59/xtal_21.cif,-70.27178,-30.320112
xtal_22.cif,./U3Si5/__initial__/59/xtal_22.cif,61.213615,52.86512
xtal_23.cif,./U3Si5/__initial__/59/xtal_23.cif,-16.371141,-45.8319
xtal_24.cif,./U3Si5/__initial__/59/xtal_24.cif,-40.715965,8.93544
xtal_25.cif,./U3Si5/__initial__/59/xtal_25.cif,29.955378,-30.123957
xtal_26.cif,./U3Si5/__initial__/59/xtal_26.cif,24.966534,-80.92823
xtal_27.cif,./U3Si5/59/xtal_27.cif,-47.5291,-23.174936
xtal_28.cif,./U3Si5/__initial__/59/xtal_28.cif,12.170128,-58.382465
xtal_29.cif,./U3Si5/__initial__/59/xtal_29.cif,-7.853345,-77.41343
xtal_3.cif,./U3Si5/59/xtal_3.cif,-25.501503,-85.30839
xtal_30.cif,./U3Si5/__initial__/59/xtal_30.cif,-35.3677,9.67654
xtal_31.cif,./U3Si5/__initial__/59/xtal_31.cif,42.02547,-37.159203
xtal_32.cif,./U3Si5/__initial__/59/xtal_32.cif,-7.7524176,104.09671
xtal_33.cif,./U3Si5/__initial__/59/xtal_33.cif,-18.088778,57.268494
xtal_34.cif,./U3Si5/__initial__/59/xtal_34.cif,95.65062,-45.07128
xtal_35.cif,./U3Si5/__initial__/59/xtal_35.cif,-35.129864,-74.820496
xtal_36.cif,./U3Si5/__initial__/59/xtal_36.cif,-49.855984,-1.6926049
xtal_37.cif,./U3Si5/__initial__/59/xtal_37.cif,-26.881052,21.999771
xtal_38.cif,./U3Si5/__initial__/59/xtal_38.cif,35.213287,-39.283176
xtal_39.cif,./U3Si5/59/xtal_39.cif,-71.948425,-10.779897
xtal_4.cif,./U3Si5/__initial__/59/xtal_4.cif,-5.110951,13.772126
xtal_40.cif,./U3Si5/__initial__/59/xtal_40.cif,-38.22051,31.360886
xtal_41.cif,./U3Si5/__initial__/59/xtal_41.cif,65.27977,3.4440203
xtal_42.cif,./U3Si5/__initial__/59/xtal_42.cif,-24.929758,74.57562
xtal_43.cif,./U3Si5/__initial__/59/xtal_43.cif,42.562298,-13.610811
xtal_44.cif,./U3Si5/__initial__/59/xtal_44.cif,-66.787964,-13.404161
xtal_45.cif,./U3Si5/59/xtal_45.cif,39.50625,-73.03947
xtal_46.cif,./U3Si5/__initial__/59/xtal_46.cif,-50.500263,-14.906686
xtal_47.cif,./U3Si5/__initial__/59/xtal_47.cif,-29.390875,-12.583587
xtal_48.cif,./U3Si5/59/xtal_48.cif,9.940341,-92.45761
xtal_49.cif,./U3Si5/59/xtal_49.cif,-30.720072,-80.21615
xtal_5.cif,./U3Si5/__initial__/59/xtal_5.cif,-44.734776,-24.956486
xtal_50.cif,./U3Si5/__initial__/59/xtal_50.cif,-19.742542,0.5353703
xtal_51.cif,./U3Si5/__initial__/59/xtal_51.cif,-52.24547,-60.288383
xtal_52.cif,./U3Si5/__initial__/59/xtal_52.cif,38.31478,-43.29079
xtal_53.cif,./U3Si5/__initial__/59/xtal_53.cif,-46.859608,27.7146
xtal_54.cif,./U3Si5/59/xtal_54.cif,-63.725376,-66.70067
xtal_55.cif,./U3Si5/__initial__/59/xtal_55.cif,-21.110683,-36.95355
xtal_56.cif,./U3Si5/__initial__/59/xtal_56.cif,-59.69499,26.926786
xtal_57.cif,./U3Si5/__initial__/59/xtal_57.cif,22.782623,-101.66912
xtal_58.cif,./U3Si5/__initial__/59/xtal_58.cif,107.77593,-19.231672
xtal_59.cif,./U3Si5/59/xtal_59.cif,-21.792267,-94.431076
xtal_6.cif,./U3Si5/__initial__/59/xtal_6.cif,42.173016,-87.42231
xtal_60.cif,./U3Si5/__initial__/59/xtal_60.cif,31.993603,-37.936275
xtal_61.cif,./U3Si5/__initial__/59/xtal_61.cif,11.398034,-61.21112
xtal_62.cif,./U3Si5/59/xtal_62.cif,-35.5007,-66.32574
xtal_63.cif,./U3Si5/__initial__/59/xtal_63.cif,-37.50508,-75.85016
xtal_64.cif,./U3Si5/__initial__/59/xtal_64.cif,-16.346024,-66.81254
xtal_65.cif,./U3Si5/__initial__/59/xtal_65.cif,35.516678,-39.49512
xtal_66.cif,./U3Si5/__initial__/59/xtal_66.cif,-57.235065,-20.016718
xtal_67.cif,./U3Si5/__initial__/59/xtal_67.cif,-34.128925,24.969141
xtal_68.cif,./U3Si5/__initial__/59/xtal_68.cif,-44.459766,-19.937817
xtal_69.cif,./U3Si5/__initial__/59/xtal_69.cif,10.301585,78.14202
xtal_7.cif,./U3Si5/__initial__/59/xtal_7.cif,15.223159,-54.150963
xtal_70.cif,./U3Si5/__initial__/59/xtal_70.cif,83.06847,30.044563
xtal_71.cif,./U3Si5/__initial__/59/xtal_71.cif,-54.397312,3.956639
xtal_72.cif,./U3Si5/__initial__/59/xtal_72.cif,-55.002438,-44.499752
xtal_73.cif,./U3Si5/__initial__/59/xtal_73.cif,-73.980255,-38.166264
xtal_74.cif,./U3Si5/59/xtal_74.cif,34.83501,-83.96416
xtal_75.cif,./U3Si5/59/xtal_75.cif,22.11114,-74.39301
xtal_76.cif,./U3Si5/__initial__/59/xtal_76.cif,-73.191605,-38.77449
xtal_77.cif,./U3Si5/__initial__/59/xtal_77.cif,63.15669,49.394768
xtal_78.cif,./U3Si5/59/xtal_78.cif,24.526848,-81.17357
xtal_79.cif,./U3Si5/__initial__/59/xtal_79.cif,40.6971,-21.88935
xtal_8.cif,./U3Si5/__initial__/59/xtal_8.cif,21.15042,-103.69006
xtal_80.cif,./U3Si5/59/xtal_80.cif,-26.446108,-64.96066
xtal_81.cif,./U3Si5/__initial__/59/xtal_81.cif,73.1302,11.760294
xtal_82.cif,./U3Si5/__initial__/59/xtal_82.cif,-38.905556,10.79731
xtal_83.cif,./U3Si5/59/xtal_83.cif,-6.4183836,-78.208786
xtal_84.cif,./U3Si5/59/xtal_84.cif,18.607172,-57.45363
xtal_85.cif,./U3Si5/__initial__/59/xtal_85.cif,79.47736,4.9977565
xtal_86.cif,./U3Si5/__initial__/59/xtal_86.cif,70.062485,-73.49577
xtal_87.cif,./U3Si5/__initial__/59/xtal_87.cif,78.63106,15.506982
xtal_88.cif,./U3Si5/__initial__/59/xtal_88.cif,-43.651833,7.9003124
xtal_89.cif,./U3Si5/__initial__/59/xtal_89.cif,-88.23962,-14.235258
xtal_9.cif,./U3Si5/__initial__/59/xtal_9.cif,-18.31457,-51.15106
xtal_90.cif,./U3Si5/59/xtal_90.cif,1.3527496,-86.80407
xtal_91.cif,./U3Si5/59/xtal_91.cif,-75.625305,-47.03976
xtal_92.cif,./U3Si5/__initial__/59/xtal_92.cif,22.18405,-74.278725
xtal_93.cif,./U3Si5/__initial__/59/xtal_93.cif,21.739548,-61.10196
xtal_94.cif,./U3Si5/__initial__/59/xtal_94.cif,-44.360947,-38.840992
xtal_95.cif,./U3Si5/__initial__/59/xtal_95.cif,-38.843475,58.774685
xtal_96.cif,./U3Si5/__initial__/59/xtal_96.cif,60.347908,-8.4124775
xtal_97.cif,./U3Si5/59/xtal_97.cif,-6.7453227,-61.756874
xtal_98.cif,./U3Si5/__initial__/59/xtal_98.cif,-89.06054,1.7918249
xtal_99.cif,./U3Si5/59/xtal_99.cif,0.113348335,-76.97874
xtal_1.cif,./U3Si5/__initial__/65/xtal_1.cif,104.971306,7.794501
xtal_10.cif,./U3Si5/__initial__/65/xtal_10.cif,38.846287,-1.1128848
xtal_100.cif,./U3Si5/65/xtal_100.cif,-31.535341,26.5639
xtal_11.cif,./U3Si5/__initial__/65/xtal_11.cif,91.876945,11.222206
xtal_12.cif,./U3Si5/65/xtal_12.cif,-60.48544,-22.08665
xtal_13.cif,./U3Si5/65/xtal_13.cif,81.22565,-56.54978
xtal_14.cif,./U3Si5/__initial__/65/xtal_14.cif,93.424934,2.6318715
xtal_15.cif,./U3Si5/__initial__/65/xtal_15.cif,-41.24888,83.05864
xtal_16.cif,./U3Si5/__initial__/65/xtal_16.cif,58.755253,24.062084
xtal_17.cif,./U3Si5/__initial__/65/xtal_17.cif,-31.171465,29.578373
xtal_18.cif,./U3Si5/__initial__/65/xtal_18.cif,79.55235,51.346375
xtal_19.cif,./U3Si5/__initial__/65/xtal_19.cif,-42.39699,21.393827
xtal_2.cif,./U3Si5/65/xtal_2.cif,114.183044,-13.227865
xtal_20.cif,./U3Si5/__initial__/65/xtal_20.cif,96.054,-33.37531
xtal_21.cif,./U3Si5/65/xtal_21.cif,-98.265175,-22.587015
xtal_22.cif,./U3Si5/65/xtal_22.cif,5.882211,-94.03177
xtal_23.cif,./U3Si5/__initial__/65/xtal_23.cif,-4.5935483,73.00527
xtal_24.cif,./U3Si5/65/xtal_24.cif,-91.35174,-34.11567
xtal_25.cif,./U3Si5/__initial__/65/xtal_25.cif,-37.964565,34.97356
xtal_26.cif,./U3Si5/__initial__/65/xtal_26.cif,-56.77124,30.800768
xtal_27.cif,./U3Si5/65/xtal_27.cif,91.83536,-10.923813
xtal_28.cif,./U3Si5/65/xtal_28.cif,42.267036,8.987897
xtal_29.cif,./U3Si5/__initial__/65/xtal_29.cif,-41.32783,39.683846
xtal_3.cif,./U3Si5/__initial__/65/xtal_3.cif,-6.1934457,55.31175
xtal_30.cif,./U3Si5/65/xtal_30.cif,-45.329063,-64.24433
xtal_31.cif,./U3Si5/__initial__/65/xtal_31.cif,66.03218,-17.970366
xtal_32.cif,./U3Si5/65/xtal_32.cif,25.997938,-71.552666
xtal_33.cif,./U3Si5/65/xtal_33.cif,113.2811,-14.279364
xtal_34.cif,./U3Si5/65/xtal_34.cif,11.98836,-55.48155
xtal_35.cif,./U3Si5/65/xtal_35.cif,112.03177,-10.100947
xtal_36.cif,./U3Si5/__initial__/65/xtal_36.cif,90.900475,-3.443986
xtal_37.cif,./U3Si5/__initial__/65/xtal_37.cif,49.993916,19.913273
xtal_38.cif,./U3Si5/__initial__/65/xtal_38.cif,-41.178963,-58.474705
xtal_39.cif,./U3Si5/65/xtal_39.cif,58.478134,-65.174446
xtal_4.cif,./U3Si5/__initial__/65/xtal_4.cif,99.59858,30.535044
xtal_40.cif,./U3Si5/65/xtal_40.cif,97.50736,16.636427
xtal_41.cif,./U3Si5/65/xtal_41.cif,49.658012,-47.066273
xtal_42.cif,./U3Si5/__initial__/65/xtal_42.cif,-48.931473,-8.00551
xtal_43.cif,./U3Si5/__initial__/65/xtal_43.cif,72.17504,41.450672
xtal_44.cif,./U3Si5/__initial__/65/xtal_44.cif,95.50783,42.488113
xtal_45.cif,./U3Si5/65/xtal_45.cif,5.793392,-47.13636
xtal_46.cif,./U3Si5/65/xtal_46.cif,0.24684532,-82.79979
xtal_47.cif,./U3Si5/65/xtal_47.cif,-26.729393,-61.272533
xtal_48.cif,./U3Si5/__initial__/65/xtal_48.cif,-30.943052,-87.42016
xtal_49.cif,./U3Si5/65/xtal_49.cif,-40.845955,-76.66515
xtal_5.cif,./U3Si5/__initial__/65/xtal_5.cif,47.994167,8.325162
xtal_50.cif,./U3Si5/__initial__/65/xtal_50.cif,-18.184795,69.960754
xtal_51.cif,./U3Si5/__initial__/65/xtal_51.cif,-42.948467,21.756298
xtal_52.cif,./U3Si5/65/xtal_52.cif,36.145245,-71.06904
xtal_53.cif,./U3Si5/__initial__/65/xtal_53.cif,84.94994,64.61824
xtal_54.cif,./U3Si5/__initial__/65/xtal_54.cif,71.749146,0.7834186
xtal_55.cif,./U3Si5/__initial__/65/xtal_55.cif,-66.71504,40.995342
xtal_56.cif,./U3Si5/__initial__/65/xtal_56.cif,93.165794,59.434036
xtal_57.cif,./U3Si5/__initial__/65/xtal_57.cif,6.461038,94.566925
xtal_58.cif,./U3Si5/__initial__/65/xtal_58.cif,3.1187348,85.82742
xtal_59.cif,./U3Si5/__initial__/65/xtal_59.cif,-37.31083,20.567997
xtal_6.cif,./U3Si5/__initial__/65/xtal_6.cif,11.317429,-47.782288
xtal_60.cif,./U3Si5/__initial__/65/xtal_60.cif,11.428003,-62.568394
xtal_61.cif,./U3Si5/65/xtal_61.cif,-27.16787,14.795558
xtal_62.cif,./U3Si5/__initial__/65/xtal_62.cif,109.694885,12.967692
xtal_63.cif,./U3Si5/65/xtal_63.cif,-10.635325,-96.91815
xtal_64.cif,./U3Si5/__initial__/65/xtal_64.cif,103.315956,11.337166
xtal_65.cif,./U3Si5/__initial__/65/xtal_65.cif,79.14208,57.441097
xtal_66.cif,./U3Si5/__initial__/65/xtal_66.cif,-25.408628,48.270615
xtal_67.cif,./U3Si5/65/xtal_67.cif,53.531548,-21.997414
xtal_68.cif,./U3Si5/__initial__/65/xtal_68.cif,95.28844,50.83595
xtal_69.cif,./U3Si5/65/xtal_69.cif,-52.450535,21.572493
xtal_7.cif,./U3Si5/__initial__/65/xtal_7.cif,-31.224495,8.033863
xtal_70.cif,./U3Si5/65/xtal_70.cif,23.581814,-45.11571
xtal_71.cif,./U3Si5/65/xtal_71.cif,48.451687,2.7872415
xtal_72.cif,./U3Si5/__initial__/65/xtal_72.cif,65.77317,51.181396
xtal_73.cif,./U3Si5/65/xtal_73.cif,-30.59515,29.958414
xtal_74.cif,./U3Si5/__initial__/65/xtal_74.cif,-43.694298,52.475636
xtal_75.cif,./U3Si5/65/xtal_75.cif,0.31341657,-64.11639
xtal_76.cif,./U3Si5/__initial__/65/xtal_76.cif,39.93887,2.19215
xtal_77.cif,./U3Si5/65/xtal_77.cif,113.46286,-9.924462
xtal_78.cif,./U3Si5/65/xtal_78.cif,-2.1772664,-47.683304
xtal_79.cif,./U3Si5/65/xtal_79.cif,-3.0142004,-47.102486
xtal_8.cif,./U3Si5/65/xtal_8.cif,-5.916494,-75.49787
xtal_80.cif,./U3Si5/65/xtal_80.cif,44.434525,-54.844097
xtal_81.cif,./U3Si5/__initial__/65/xtal_81.cif,89.56348,56.2342
xtal_82.cif,./U3Si5/__initial__/65/xtal_82.cif,-4.999864,15.973204
xtal_83.cif,./U3Si5/65/xtal_83.cif,-35.57267,-81.75551
xtal_84.cif,./U3Si5/__initial__/65/xtal_84.cif,-41.9647,22.544886
xtal_85.cif,./U3Si5/65/xtal_85.cif,-51.38934,-85.300995
xtal_86.cif,./U3Si5/__initial__/65/xtal_86.cif,-55.52568,46.08853
xtal_87.cif,./U3Si5/65/xtal_87.cif,42.19153,10.078378
xtal_88.cif,./U3Si5/65/xtal_88.cif,46.69532,5.5428414
xtal_89.cif,./U3Si5/__initial__/65/xtal_89.cif,-9.413114,82.71139
xtal_9.cif,./U3Si5/65/xtal_9.cif,-7.295537,-98.8797
xtal_90.cif,./U3Si5/65/xtal_90.cif,-89.9943,-12.074352
xtal_91.cif,./U3Si5/__initial__/65/xtal_91.cif,98.50627,30.000326
xtal_92.cif,./U3Si5/65/xtal_92.cif,74.94067,-53.42131
xtal_93.cif,./U3Si5/65/xtal_93.cif,80.36513,-57.05492
xtal_94.cif,./U3Si5/65/xtal_94.cif,-17.92714,-66.58174
xtal_95.cif,./U3Si5/65/xtal_95.cif,-26.331945,-45.692677
xtal_96.cif,./U3Si5/65/xtal_96.cif,-9.1543045,-77.86676
xtal_97.cif,./U3Si5/__initial__/65/xtal_97.cif,54.845352,-63.084293
xtal_98.cif,./U3Si5/65/xtal_98.cif,50.99073,-2.0912507
xtal_99.cif,./U3Si5/65/xtal_99.cif,-43.182247,-65.7428
xtal_1.cif,./U3Si5/71/xtal_1.cif,-80.52684,-67.28018
xtal_10.cif,./U3Si5/__initial__/71/xtal_10.cif,-28.027994,22.537798
xtal_100.cif,./U3Si5/__initial__/71/xtal_100.cif,87.71165,-0.54183125
xtal_11.cif,./U3Si5/__initial__/71/xtal_11.cif,97.93624,-27.713402
xtal_12.cif,./U3Si5/__initial__/71/xtal_12.cif,-59.27572,-20.754332
xtal_13.cif,./U3Si5/__initial__/71/xtal_13.cif,84.40476,4.962588
xtal_14.cif,./U3Si5/__initial__/71/xtal_14.cif,53.565742,16.344236
xtal_15.cif,./U3Si5/__initial__/71/xtal_15.cif,-60.468616,10.5443945
xtal_16.cif,./U3Si5/__initial__/71/xtal_16.cif,81.059685,-59.85987
xtal_17.cif,./U3Si5/71/xtal_17.cif,-16.317461,-93.37229
xtal_18.cif,./U3Si5/__initial__/71/xtal_18.cif,-40.761612,35.53082
xtal_19.cif,./U3Si5/__initial__/71/xtal_19.cif,88.66824,-10.007098
xtal_2.cif,./U3Si5/__initial__/71/xtal_2.cif,104.21594,2.631648
xtal_20.cif,./U3Si5/__initial__/71/xtal_20.cif,3.5253277,87.03027
xtal_21.cif,./U3Si5/__initial__/71/xtal_21.cif,91.65333,-58.598854
xtal_22.cif,./U3Si5/__initial__/71/xtal_22.cif,52.84777,-25.222567
xtal_23.cif,./U3Si5/__initial__/71/xtal_23.cif,68.95723,4.899195
xtal_24.cif,./U3Si5/71/xtal_24.cif,97.90361,-45.38229
xtal_25.cif,./U3Si5/__initial__/71/xtal_25.cif,10.165842,-75.2161
xtal_26.cif,./U3Si5/__initial__/71/xtal_26.cif,49.189465,-37.183407
xtal_27.cif,./U3Si5/__initial__/71/xtal_27.cif,-80.7353,-28.372667
xtal_28.cif,./U3Si5/__initial__/71/xtal_28.cif,-40.99131,-77.70332
xtal_29.cif,./U3Si5/__initial__/71/xtal_29.cif,46.451363,-44.159363
xtal_3.cif,./U3Si5/71/xtal_3.cif,-2.3136601,-54.38003
xtal_30.cif,./U3Si5/71/xtal_30.cif,27.601482,-81.88153
xtal_31.cif,./U3Si5/__initial__/71/xtal_31.cif,76.91094,-35.79961
xtal_32.cif,./U3Si5/__initial__/71/xtal_32.cif,-24.781368,108.88979
xtal_33.cif,./U3Si5/__initial__/71/xtal_33.cif,95.137115,-33.97674
xtal_34.cif,./U3Si5/__initial__/71/xtal_34.cif,-26.211428,66.72675
xtal_35.cif,./U3Si5/__initial__/71/xtal_35.cif,69.553925,-23.362127
xtal_36.cif,./U3Si5/__initial__/71/xtal_36.cif,50.10426,9.883699
xtal_37.cif,./U3Si5/__initial__/71/xtal_37.cif,108.39655,-10.437689
xtal_38.cif,./U3Si5/__initial__/71/xtal_38.cif,78.70884,-14.742907
xtal_39.cif,./U3Si5/__initial__/71/xtal_39.cif,80.1175,14.758311
xtal_4.cif,./U3Si5/71/xtal_4.cif,12.446103,-105.39079
xtal_40.cif,./U3Si5/__initial__/71/xtal_40.cif,70.37294,-8.816512
xtal_41.cif,./U3Si5/71/xtal_41.cif,-24.152811,74.53936
xtal_42.cif,./U3Si5/__initial__/71/xtal_42.cif,-67.93466,92.82929
xtal_43.cif,./U3Si5/71/xtal_43.cif,55.670525,-79.30727
xtal_44.cif,./U3Si5/71/xtal_44.cif,64.641426,13.845236
xtal_45.cif,./U3Si5/71/xtal_45.cif,13.248421,-70.48508
xtal_46.cif,./U3Si5/71/xtal_46.cif,-26.129786,-61.319298
xtal_47.cif,./U3Si5/__initial__/71/xtal_47.cif,-46.303432,81.62389
xtal_48.cif,./U3Si5/__initial__/71/xtal_48.cif,-77.11356,85.82507
xtal_49.cif,./U3Si5/__initial__/71/xtal_49.cif,51.247147,30.046066
xtal_5.cif,./U3Si5/71/xtal_5.cif,93.19734,-42.69852
xtal_50.cif,./U3Si5/__initial__/71/xtal_50.cif,42.90856,-29.624928
xtal_51.cif,./U3Si5/__initial__/71/xtal_51.cif,-30.938734,92.230804
xtal_52.cif,./U3Si5/71/xtal_52.cif,-34.035126,-85.621315
xtal_53.cif,./U3Si5/__initial__/71/xtal_53.cif,104.696205,7.2254143
xtal_54.cif,./U3Si5/__initial__/71/xtal_54.cif,10.266068,-56.032467
xtal_55.cif,./U3Si5/71/xtal_55.cif,30.073421,-74.14926
xtal_56.cif,./U3Si5/__initial__/71/xtal_56.cif,110.0485,-1.7352397
xtal_57.cif,./U3Si5/__initial__/71/xtal_57.cif,58.553944,-26.63795
xtal_58.cif,./U3Si5/__initial__/71/xtal_58.cif,-45.162903,21.687368
xtal_59.cif,./U3Si5/__initial__/71/xtal_59.cif,-82.845604,-26.943542
xtal_6.cif,./U3Si5/71/xtal_6.cif,93.28401,-42.516003
xtal_60.cif,./U3Si5/71/xtal_60.cif,1.4471823,-98.615585
xtal_61.cif,./U3Si5/71/xtal_61.cif,-10.51009,-64.247505
xtal_62.cif,./U3Si5/__initial__/71/xtal_62.cif,41.95732,19.77469
xtal_63.cif,./U3Si5/__initial__/71/xtal_63.cif,47.583736,-5.134804
xtal_64.cif,./U3Si5/__initial__/71/xtal_64.cif,112.549965,-11.355972
xtal_65.cif,./U3Si5/__initial__/71/xtal_65.cif,2.9219742,101.156265
xtal_66.cif,./U3Si5/__initial__/71/xtal_66.cif,57.88248,-39.13565
xtal_67.cif,./U3Si5/__initial__/71/xtal_67.cif,93.27535,25.78044
xtal_68.cif,./U3Si5/__initial__/71/xtal_68.cif,-60.104847,45.623833
xtal_69.cif,./U3Si5/__initial__/71/xtal_69.cif,67.33881,-45.34303
xtal_7.cif,./U3Si5/__initial__/71/xtal_7.cif,103.20859,11.271545
xtal_70.cif,./U3Si5/__initial__/71/xtal_70.cif,-23.064243,24.860529
xtal_71.cif,./U3Si5/__initial__/71/xtal_71.cif,-35.631367,3.9824076
xtal_72.cif,./U3Si5/__initial__/71/xtal_72.cif,-80.79725,67.46462
xtal_73.cif,./U3Si5/__initial__/71/xtal_73.cif,-93.060165,21.828423
xtal_74.cif,./U3Si5/__initial__/71/xtal_74.cif,-51.86356,56.06461
xtal_75.cif,./U3Si5/__initial__/71/xtal_75.cif,-57.85238,-12.353669
xtal_76.cif,./U3Si5/__initial__/71/xtal_76.cif,46.168045,-46.73713
xtal_77.cif,./U3Si5/71/xtal_77.cif,-74.33728,-31.892467
xtal_78.cif,./U3Si5/__initial__/71/xtal_78.cif,70.35074,-0.5634512
xtal_79.cif,./U3Si5/__initial__/71/xtal_79.cif,42.802162,16.331505
xtal_8.cif,./U3Si5/__initial__/71/xtal_8.cif,105.02711,13.372344
xtal_80.cif,./U3Si5/__initial__/71/xtal_80.cif,-6.332099,51.105904
xtal_81.cif,./U3Si5/__initial__/71/xtal_81.cif,99.363304,26.549658
xtal_82.cif,./U3Si5/__initial__/71/xtal_82.cif,104.12703,11.682552
xtal_83.cif,./U3Si5/__initial__/71/xtal_83.cif,98.24265,-45.371124
xtal_84.cif,./U3Si5/__initial__/71/xtal_84.cif,-68.36942,38.972122
xtal_85.cif,./U3Si5/71/xtal_85.cif,-30.695045,-88.95764
xtal_86.cif,./U3Si5/71/xtal_86.cif,-23.225767,-54.09772
xtal_87.cif,./U3Si5/__initial__/71/xtal_87.cif,84.379814,26.917654
xtal_88.cif,./U3Si5/__initial__/71/xtal_88.cif,-16.124544,21.409775
xtal_89.cif,./U3Si5/__initial__/71/xtal_89.cif,104.16861,-3.8622873
xtal_9.cif,./U3Si5/71/xtal_9.cif,97.45134,-31.76092
xtal_90.cif,./U3Si5/__initial__/71/xtal_90.cif,48.3934,21.497242
xtal_91.cif,./U3Si5/__initial__/71/xtal_91.cif,104.3285,-38.08419
xtal_92.cif,./U3Si5/__initial__/71/xtal_92.cif,72.85187,-27.87296
xtal_93.cif,./U3Si5/__initial__/71/xtal_93.cif,52.17363,15.089376
xtal_94.cif,./U3Si5/__initial__/71/xtal_94.cif,-28.125772,-7.0874434
xtal_95.cif,./U3Si5/71/xtal_95.cif,38.67349,-20.073746
xtal_96.cif,./U3Si5/__initial__/71/xtal_96.cif,-6.185993,54.671947
xtal_97.cif,./U3Si5/71/xtal_97.cif,-21.191294,-51.21356
xtal_98.cif,./U3Si5/__initial__/71/xtal_98.cif,-92.00136,-9.260101
xtal_99.cif,./U3Si5/__initial__/71/xtal_99.cif,95.74099,26.51614
xtal_1.cif,./U3Si5/75/xtal_1.cif,4.3368945,-21.86757
xtal_10.cif,./U3Si5/__initial__/75/xtal_10.cif,34.16855,2.1961074
xtal_100.cif,./U3Si5/__initial__/75/xtal_100.cif,-31.745247,25.232218
xtal_11.cif,./U3Si5/__initial__/75/xtal_11.cif,20.145514,81.410446
xtal_12.cif,./U3Si5/75/xtal_12.cif,-4.5689816,4.825318
xtal_13.cif,./U3Si5/__initial__/75/xtal_13.cif,-32.28419,-51.03958
xtal_14.cif,./U3Si5/__initial__/75/xtal_14.cif,29.728966,-6.1665273
xtal_15.cif,./U3Si5/__initial__/75/xtal_15.cif,38.567814,46.970013
xtal_16.cif,./U3Si5/75/xtal_16.cif,5.5505795,32.787888
xtal_17.cif,./U3Si5/__initial__/75/xtal_17.cif,55.76958,-27.504955
xtal_18.cif,./U3Si5/75/xtal_18.cif,18.303759,-15.900702
xtal_19.cif,./U3Si5/75/xtal_19.cif,15.778045,27.613634
xtal_2.cif,./U3Si5/__initial__/75/xtal_2.cif,72.92292,-57.778107
xtal_20.cif,./U3Si5/__initial__/75/xtal_20.cif,-2.8534517,33.50358
xtal_21.cif,./U3Si5/75/xtal_21.cif,26.599316,88.28703
xtal_22.cif,./U3Si5/__initial__/75/xtal_22.cif,-7.520479,30.176067
xtal_23.cif,./U3Si5/__initial__/75/xtal_23.cif,32.160477,92.35055
xtal_24.cif,./U3Si5/75/xtal_24.cif,-10.272621,-58.307472
xtal_25.cif,./U3Si5/75/xtal_25.cif,-112.863815,2.6955838
xtal_26.cif,./U3Si5/__initial__/75/xtal_26.cif,3.2168326,8.390735
xtal_27.cif,./U3Si5/__initial__/75/xtal_27.cif,14.921939,-85.73548
xtal_28.cif,./U3Si5/75/xtal_28.cif,13.1748495,4.191145
xtal_29.cif,./U3Si5/__initial__/75/xtal_29.cif,42.621502,61.16536
xtal_3.cif,./U3Si5/75/xtal_3.cif,24.838968,80.989624
xtal_30.cif,./U3Si5/75/xtal_30.cif,-57.02933,-38.754578
xtal_31.cif,./U3Si5/__initial__/75/xtal_31.cif,46.965176,95.06642
xtal_32.cif,./U3Si5/__initial__/75/xtal_32.cif,-28.335505,36.820065
xtal_33.cif,./U3Si5/__initial__/75/xtal_33.cif,48.470577,77.61494
xtal_34.cif,./U3Si5/75/xtal_34.cif,-10.502944,-57.86248
xtal_35.cif,./U3Si5/75/xtal_35.cif,19.489758,-83.43887
xtal_36.cif,./U3Si5/75/xtal_36.cif,6.9186077,-83.190285
xtal_37.cif,./U3Si5/__initial__/75/xtal_37.cif,18.199854,19.266548
xtal_38.cif,./U3Si5/__initial__/75/xtal_38.cif,28.678728,58.81138
xtal_39.cif,./U3Si5/__initial__/75/xtal_39.cif,34.4448,95.19267
xtal_4.cif,./U3Si5/75/xtal_4.cif,55.32924,-76.01039
xtal_40.cif,./U3Si5/__initial__/75/xtal_40.cif,35.87191,51.789047
xtal_41.cif,./U3Si5/__initial__/75/xtal_41.cif,-51.325382,36.696156
xtal_42.cif,./U3Si5/__initial__/75/xtal_42.cif,25.377792,-5.3632364
xtal_43.cif,./U3Si5/75/xtal_43.cif,-26.44556,-89.59742
xtal_44.cif,./U3Si5/__initial__/75/xtal_44.cif,96.516914,-25.840168
xtal_45.cif,./U3Si5/__initial__/75/xtal_45.cif,1.1951944,48.655754
xtal_46.cif,./U3Si5/75/xtal_46.cif,1.784633,0.8815662
xtal_47.cif,./U3Si5/75/xtal_47.cif,-1.6038659,-74.300186
xtal_48.cif,./U3Si5/__initial__/75/xtal_48.cif,62.55098,-2.294978
xtal_49.cif,./U3Si5/__initial__/75/xtal_49.cif,46.554523,-43.61322
xtal_5.cif,./U3Si5/75/xtal_5.cif,-31.152832,-71.939674
xtal_50.cif,./U3Si5/75/xtal_50.cif,-10.966678,-103.55894
xtal_51.cif,./U3Si5/__initial__/75/xtal_51.cif,-8.403199,-2.5385754
xtal_52.cif,./U3Si5/75/xtal_52.cif,16.847342,31.562716
xtal_53.cif,./U3Si5/__initial__/75/xtal_53.cif,53.64675,84.36189
xtal_54.cif,./U3Si5/__initial__/75/xtal_54.cif,-24.008553,-42.87986
xtal_55.cif,./U3Si5/75/xtal_55.cif,-89.87028,14.179202
xtal_56.cif,./U3Si5/75/xtal_56.cif,26.659834,86.613045
xtal_57.cif,./U3Si5/__initial__/75/xtal_57.cif,-4.898928,5.5554857
xtal_58.cif,./U3Si5/__initial__/75/xtal_58.cif,61.048443,60.38211
xtal_59.cif,./U3Si5/75/xtal_59.cif,23.279593,-59.029514
xtal_6.cif,./U3Si5/__initial__/75/xtal_6.cif,33.636974,-31.170431
xtal_60.cif,./U3Si5/__initial__/75/xtal_60.cif,26.33948,78.52469
xtal_61.cif,./U3Si5/75/xtal_61.cif,-4.8540487,-5.001896
xtal_62.cif,./U3Si5/75/xtal_62.cif,12.27705,-37.79253
xtal_63.cif,./U3Si5/__initial__/75/xtal_63.cif,-62.98452,18.309685
xtal_64.cif,./U3Si5/75/xtal_64.cif,8.958471,24.572884
xtal_65.cif,./U3Si5/__initial__/75/xtal_65.cif,34.77193,24.835728
xtal_66.cif,./U3Si5/75/xtal_66.cif,32.68571,-78.192314
xtal_67.cif,./U3Si5/__initial__/75/xtal_67.cif,62.494984,-0.14879474
xtal_68.cif,./U3Si5/__initial__/75/xtal_68.cif,-12.714719,28.517508
xtal_69.cif,./U3Si5/75/xtal_69.cif,-9.421763,-20.274168
xtal_7.cif,./U3Si5/__initial__/75/xtal_7.cif,37.236202,91.40176
xtal_70.cif,./U3Si5/75/xtal_70.cif,-37.417683,-55.048317
xtal_71.cif,./U3Si5/75/xtal_71.cif,-20.591856,-21.306583
xtal_72.cif,./U3Si5/__initial__/75/xtal_72.cif,27.613392,-6.888509
xtal_73.cif,./U3Si5/75/xtal_73.cif,-31.307371,16.821877
xtal_74.cif,./U3Si5/75/xtal_74.cif,-6.563531,-67.854256
xtal_75.cif,./U3Si5/75/xtal_75.cif,-14.217657,-16.009232
xtal_76.cif,./U3Si5/75/xtal_76.cif,-11.586191,-26.240284
xtal_77.cif,./U3Si5/75/xtal_77.cif,-71.74541,76.43289
xtal_78.cif,./U3Si5/75/xtal_78.cif,13.092601,-68.02291
xtal_79.cif,./U3Si5/__initial__/75/xtal_79.cif,29.070793,81.35707
xtal_8.cif,./U3Si5/75/xtal_8.cif,-39.15114,-14.843807
xtal_80.cif,./U3Si5/__initial__/75/xtal_80.cif,13.078012,48.465096
xtal_81.cif,./U3Si5/__initial__/75/xtal_81.cif,1.6292864,8.271615
xtal_82.cif,./U3Si5/__initial__/75/xtal_82.cif,57.230907,74.23517
xtal_83.cif,./U3Si5/75/xtal_83.cif,14.483849,-103.31477
xtal_84.cif,./U3Si5/75/xtal_84.cif,11.344976,-87.759254
xtal_85.cif,./U3Si5/75/xtal_85.cif,-8.237915,-67.4064
xtal_86.cif,./U3Si5/__initial__/75/xtal_86.cif,43.912373,74.99668
xtal_87.cif,./U3Si5/75/xtal_87.cif,8.820131,-18.69558
xtal_88.cif,./U3Si5/__initial__/75/xtal_88.cif,63.05267,63.632973
xtal_89.cif,./U3Si5/__initial__/75/xtal_89.cif,33.183746,94.919876
xtal_9.cif,./U3Si5/__initial__/75/xtal_9.cif,34.95557,-95.09845
xtal_90.cif,./U3Si5/__initial__/75/xtal_90.cif,-12.39851,69.1624
xtal_91.cif,./U3Si5/75/xtal_91.cif,42.073826,-50.54978
xtal_92.cif,./U3Si5/75/xtal_92.cif,-69.9249,9.887367
xtal_93.cif,./U3Si5/__initial__/75/xtal_93.cif,2.929244,58.944958
xtal_94.cif,./U3Si5/__initial__/75/xtal_94.cif,53.7897,-12.975039
xtal_95.cif,./U3Si5/__initial__/75/xtal_95.cif,-27.064783,4.227001
xtal_96.cif,./U3Si5/__initial__/75/xtal_96.cif,-49.987507,68.05749
xtal_97.cif,./U3Si5/75/xtal_97.cif,10.907691,0.9371116
xtal_98.cif,./U3Si5/__initial__/75/xtal_98.cif,70.28966,-38.515263
xtal_99.cif,./U3Si5/__initial__/75/xtal_99.cif,44.283344,71.66294
xtal_1.cif,./U3Si5/77/xtal_1.cif,7.5233974,97.02624
xtal_10.cif,./U3Si5/77/xtal_10.cif,3.5193067,-96.57628
xtal_100.cif,./U3Si5/77/xtal_100.cif,60.22676,-33.97685
xtal_11.cif,./U3Si5/77/xtal_11.cif,-59.083397,-2.0206509
xtal_12.cif,./U3Si5/77/xtal_12.cif,-28.989315,50.08628
xtal_13.cif,./U3Si5/__initial__/77/xtal_13.cif,7.237465,2.9244275
xtal_14.cif,./U3Si5/77/xtal_14.cif,-43.1867,-12.398194
xtal_15.cif,./U3Si5/77/xtal_15.cif,7.827493,-40.41976
xtal_16.cif,./U3Si5/77/xtal_16.cif,-52.460888,43.806866
xtal_17.cif,./U3Si5/77/xtal_17.cif,12.840458,-14.995577
xtal_18.cif,./U3Si5/77/xtal_18.cif,3.6010983,86.90435
xtal_19.cif,./U3Si5/77/xtal_19.cif,95.54708,-26.01357
xtal_2.cif,./U3Si5/77/xtal_2.cif,-16.30368,-90.756615
xtal_20.cif,./U3Si5/77/xtal_20.cif,21.411541,-14.835043
xtal_21.cif,./U3Si5/77/xtal_21.cif,76.25708,-54.12903
xtal_22.cif,./U3Si5/77/xtal_22.cif,-34.204624,77.362305
xtal_23.cif,./U3Si5/77/xtal_23.cif,-49.20613,-70.08711
xtal_24.cif,./U3Si5/77/xtal_24.cif,55.62737,-12.295217
xtal_25.cif,./U3Si5/77/xtal_25.cif,-30.895882,-59.675053
xtal_26.cif,./U3Si5/77/xtal_26.cif,2.7579312,3.4598165
xtal_27.cif,./U3Si5/__initial__/77/xtal_27.cif,43.74087,11.496979
xtal_28.cif,./U3Si5/77/xtal_28.cif,-59.926495,-11.433832
xtal_29.cif,./U3Si5/77/xtal_29.cif,12.568277,-84.18581
xtal_3.cif,./U3Si5/77/xtal_3.cif,-41.664993,-9.884472
xtal_30.cif,./U3Si5/77/xtal_30.cif,62.311584,26.506874
xtal_31.cif,./U3Si5/77/xtal_31.cif,-14.491273,-96.27349
xtal_32.cif,./U3Si5/77/xtal_32.cif,-29.840242,90.33706
xtal_33.cif,./U3Si5/77/xtal_33.cif,-41.349453,60.06677
xtal_34.cif,./U3Si5/__initial__/77/xtal_34.cif,12.792635,18.764277
xtal_35.cif,./U3Si5/77/xtal_35.cif,9.958712,-17.94117
xtal_36.cif,./U3Si5/77/xtal_36.cif,-44.785347,29.092863
xtal_37.cif,./U3Si5/__initial__/77/xtal_37.cif,44.871513,27.147238
xtal_38.cif,./U3Si5/77/xtal_38.cif,-53.56875,-49.91311
xtal_39.cif,./U3Si5/77/xtal_39.cif,-41.88575,-38.43819
xtal_4.cif,./U3Si5/77/xtal_4.cif,-23.807745,40.314335
xtal_40.cif,./U3Si5/77/xtal_40.cif,-12.309314,-22.738884
xtal_41.cif,./U3Si5/77/xtal_41.cif,16.041113,-86.03993
xtal_42.cif,./U3Si5/77/xtal_42.cif,-64.22097,61.23584
xtal_43.cif,./U3Si5/77/xtal_43.cif,-2.1026518,86.08055
xtal_44.cif,./U3Si5/__initial__/77/xtal_44.cif,27.734747,33.083923
xtal_45.cif,./U3Si5/77/xtal_45.cif,-61.5868,-5.1914587
xtal_46.cif,./U3Si5/77/xtal_46.cif,16.071651,-68.38646
xtal_47.cif,./U3Si5/__initial__/77/xtal_47.cif,65.129326,55.57349
xtal_48.cif,./U3Si5/__initial__/77/xtal_48.cif,79.807884,-80.74492
xtal_49.cif,./U3Si5/77/xtal_49.cif,-26.064173,54.733795
xtal_5.cif,./U3Si5/__initial__/77/xtal_5.cif,72.59322,24.69021
xtal_50.cif,./U3Si5/77/xtal_50.cif,10.241508,-91.44605
xtal_51.cif,./U3Si5/__initial__/77/xtal_51.cif,46.27861,71.232735
xtal_52.cif,./U3Si5/77/xtal_52.cif,-30.305353,-46.412796
xtal_53.cif,./U3Si5/77/xtal_53.cif,77.49207,-54.094757
xtal_54.cif,./U3Si5/77/xtal_54.cif,2.8710628,1.6558696
xtal_55.cif,./U3Si5/__initial__/77/xtal_55.cif,-62.11776,-6.9935412
xtal_56.cif,./U3Si5/77/xtal_56.cif,-4.437517,79.891624
xtal_57.cif,./U3Si5/77/xtal_57.cif,86.383545,-51.889008
xtal_58.cif,./U3Si5/__initial__/77/xtal_58.cif,2.6432805,10.480427
xtal_59.cif,./U3Si5/77/xtal_59.cif,-1.5360503,-84.17427
xtal_6.cif,./U3Si5/77/xtal_6.cif,-7.55476,-61.058727
xtal_60.cif,./U3Si5/77/xtal_60.cif,-70.75351,-29.198622
xtal_61.cif,./U3Si5/77/xtal_61.cif,3.0980833,5.4409704
xtal_62.cif,./U3Si5/__initial__/77/xtal_62.cif,3.2778103,3.5665398
xtal_63.cif,./U3Si5/77/xtal_63.cif,-31.579329,25.11839
xtal_64.cif,./U3Si5/77/xtal_64.cif,-12.720258,-25.162966
xtal_65.cif,./U3Si5/77/xtal_65.cif,11.62032,-84.16918
xtal_66.cif,./U3Si5/77/xtal_66.cif,-47.388866,31.796734
xtal_67.cif,./U3Si5/77/xtal_67.cif,46.39131,-63.17444
xtal_68.cif,./U3Si5/77/xtal_68.cif,77.19945,-64.10839
xtal_69.cif,./U3Si5/77/xtal_69.cif,33.54721,-57.830498
xtal_7.cif,./U3Si5/77/xtal_7.cif,-59.87839,30.01498
xtal_70.cif,./U3Si5/77/xtal_70.cif,12.486514,-66.51513
xtal_71.cif,./U3Si5/77/xtal_71.cif,-46.707966,49.88888
xtal_72.cif,./U3Si5/77/xtal_72.cif,62.13007,-62.440533
xtal_73.cif,./U3Si5/77/xtal_73.cif,-42.726543,-78.98913
xtal_74.cif,./U3Si5/77/xtal_74.cif,26.214218,-87.120705
xtal_75.cif,./U3Si5/77/xtal_75.cif,-32.23532,-12.410192
xtal_76.cif,./U3Si5/77/xtal_76.cif,-11.315012,-71.7719
xtal_77.cif,./U3Si5/77/xtal_77.cif,-56.932167,-41.909576
xtal_78.cif,./U3Si5/77/xtal_78.cif,-58.8057,32.36448
xtal_79.cif,./U3Si5/__initial__/77/xtal_79.cif,42.65786,-23.73063
xtal_8.cif,./U3Si5/77/xtal_8.cif,-53.827938,-40.336647
xtal_80.cif,./U3Si5/__initial__/77/xtal_80.cif,20.398592,31.236391
xtal_81.cif,./U3Si5/77/xtal_81.cif,-20.60903,-46.013256
xtal_82.cif,./U3Si5/77/xtal_82.cif,-3.1719613,93.12213
xtal_83.cif,./U3Si5/77/xtal_83.cif,-69.600914,76.84487
xtal_84.cif,./U3Si5/77/xtal_84.cif,96.65418,-27.37063
xtal_85.cif,./U3Si5/77/xtal_85.cif,-72.94392,-13.389354
xtal_86.cif,./U3Si5/77/xtal_86.cif,19.232748,-43.15842
xtal_87.cif,./U3Si5/77/xtal_87.cif,72.470085,-36.8581
xtal_88.cif,./U3Si5/77/xtal_88.cif,-78.6755,-7.410536
xtal_89.cif,./U3Si5/77/xtal_89.cif,-60.8583,-19.700132
xtal_9.cif,./U3Si5/77/xtal_9.cif,-42.383606,-14.437234
xtal_90.cif,./U3Si5/77/xtal_90.cif,-66.83942,-17.269474
xtal_91.cif,./U3Si5/77/xtal_91.cif,-42.741,84.00784
xtal_92.cif,./U3Si5/77/xtal_92.cif,-20.572805,-85.70576
xtal_93.cif,./U3Si5/77/xtal_93.cif,-58.7114,0.5713258
xtal_94.cif,./U3Si5/77/xtal_94.cif,-10.516388,-57.373108
xtal_95.cif,./U3Si5/77/xtal_95.cif,-58.79741,39.69679
xtal_96.cif,./U3Si5/77/xtal_96.cif,57.028496,-89.34332
xtal_97.cif,./U3Si5/77/xtal_97.cif,95.17202,-39.95752
xtal_98.cif,./U3Si5/77/xtal_98.cif,7.9441795,-94.825195
xtal_99.cif,./U3Si5/77/xtal_99.cif,25.71573,-10.60141
xtal_1.cif,./U3Si5/79/xtal_1.cif,39.179054,-81.89995
xtal_10.cif,./U3Si5/__initial__/79/xtal_10.cif,4.191318,26.370653
xtal_100.cif,./U3Si5/__initial__/79/xtal_100.cif,57.964737,70.33512
xtal_11.cif,./U3Si5/79/xtal_11.cif,-50.736034,-2.7569475
xtal_12.cif,./U3Si5/79/xtal_12.cif,-52.913525,-60.617367
xtal_13.cif,./U3Si5/__initial__/79/xtal_13.cif,24.042671,83.081894
xtal_14.cif,./U3Si5/__initial__/79/xtal_14.cif,96.90836,-28.693462
xtal_15.cif,./U3Si5/79/xtal_15.cif,46.1699,-84.71783
xtal_16.cif,./U3Si5/__initial__/79/xtal_16.cif,36.460606,98.6289
xtal_17.cif,./U3Si5/79/xtal_17.cif,-43.97575,-5.900533
xtal_18.cif,./U3Si5/79/xtal_18.cif,-26.432053,-31.11003
xtal_19.cif,./U3Si5/__initial__/79/xtal_19.cif,-30.259218,82.509254
xtal_2.cif,./U3Si5/79/xtal_2.cif,69.59733,-63.61824
xtal_20.cif,./U3Si5/79/xtal_20.cif,-51.49386,57.713676
xtal_21.cif,./U3Si5/79/xtal_21.cif,47.229836,-61.2147
xtal_22.cif,./U3Si5/__initial__/79/xtal_22.cif,17.756218,32.701153
xtal_23.cif,./U3Si5/79/xtal_23.cif,-75.31831,-24.509586
xtal_24.cif,./U3Si5/79/xtal_24.cif,8.251927,-52.438534
xtal_25.cif,./U3Si5/__initial__/79/xtal_25.cif,67.96801,-40.1119
xtal_26.cif,./U3Si5/79/xtal_26.cif,-35.88816,-17.029701
xtal_27.cif,./U3Si5/__initial__/79/xtal_27.cif,45.78383,96.566795
xtal_28.cif,./U3Si5/79/xtal_28.cif,-55.261257,7.4922223
xtal_29.cif,./U3Si5/79/xtal_29.cif,-6.435445,-71.083954
xtal_3.cif,./U3Si5/79/xtal_3.cif,19.658278,7.4513183
xtal_30.cif,./U3Si5/__initial__/79/xtal_30.cif,106.48844,-28.840012
xtal_31.cif,./U3Si5/79/xtal_31.cif,1.4101021,-6.8529234
xtal_32.cif,./U3Si5/79/xtal_32.cif,-19.67938,14.136404
xtal_33.cif,./U3Si5/79/xtal_33.cif,24.562788,12.381547
xtal_34.cif,./U3Si5/__initial__/79/xtal_34.cif,95.18269,-4.364894
xtal_35.cif,./U3Si5/79/xtal_35.cif,-19.116245,33.44651
xtal_36.cif,./U3Si5/79/xtal_36.cif,4.473446,7.723959
xtal_37.cif,./U3Si5/79/xtal_37.cif,-57.64274,43.539253
xtal_38.cif,./U3Si5/__initial__/79/xtal_38.cif,37.345013,78.207596
xtal_39.cif,./U3Si5/79/xtal_39.cif,65.71816,-47.243725
xtal_4.cif,./U3Si5/79/xtal_4.cif,-89.26826,41.970276
xtal_40.cif,./U3Si5/79/xtal_40.cif,-52.886505,7.6818614
xtal_41.cif,./U3Si5/__initial__/79/xtal_41.cif,54.388218,-27.27797
xtal_42.cif,./U3Si5/__initial__/79/xtal_42.cif,-22.11891,-34.5554
xtal_43.cif,./U3Si5/__initial__/79/xtal_43.cif,-0.4750276,101.87519
xtal_44.cif,./U3Si5/__initial__/79/xtal_44.cif,26.451126,48.283623
xtal_45.cif,./U3Si5/__initial__/79/xtal_45.cif,107.27278,11.242186
xtal_46.cif,./U3Si5/79/xtal_46.cif,61.048332,-76.30342
xtal_47.cif,./U3Si5/79/xtal_47.cif,-93.07817,-49.2153
xtal_48.cif,./U3Si5/79/xtal_48.cif,-37.355244,85.18604
xtal_49.cif,./U3Si5/__initial__/79/xtal_49.cif,93.30212,-51.6052
xtal_5.cif,./U3Si5/79/xtal_5.cif,-14.205982,55.080055
xtal_50.cif,./U3Si5/__initial__/79/xtal_50.cif,86.92653,8.492293
xtal_51.cif,./U3Si5/79/xtal_51.cif,-34.32942,7.0901794
xtal_52.cif,./U3Si5/__initial__/79/xtal_52.cif,7.8983507,44.500492
xtal_53.cif,./U3Si5/__initial__/79/xtal_53.cif,27.012161,81.698456
xtal_54.cif,./U3Si5/__initial__/79/xtal_54.cif,107.89219,2.5201821
xtal_55.cif,./U3Si5/79/xtal_55.cif,1.7641363,-0.8605419
xtal_56.cif,./U3Si5/__initial__/79/xtal_56.cif,103.55309,9.447383
xtal_57.cif,./U3Si5/79/xtal_57.cif,-58.84005,36.613056
xtal_58.cif,./U3Si5/__initial__/79/xtal_58.cif,2.068171,72.206154
xtal_59.cif,./U3Si5/79/xtal_59.cif,36.503807,-92.816086
xtal_6.cif,./U3Si5/79/xtal_6.cif,-8.924348,-27.446657
xtal_60.cif,./U3Si5/__initial__/79/xtal_60.cif,69.803474,-61.6006
xtal_61.cif,./U3Si5/__initial__/79/xtal_61.cif,61.481766,-4.393224
xtal_62.cif,./U3Si5/79/xtal_62.cif,-26.399887,-10.449725
xtal_63.cif,./U3Si5/__initial__/79/xtal_63.cif,28.253698,-10.335949
xtal_64.cif,./U3Si5/__initial__/79/xtal_64.cif,64.74905,22.032701
xtal_65.cif,./U3Si5/__initial__/79/xtal_65.cif,35.979683,54.834187
xtal_66.cif,./U3Si5/__initial__/79/xtal_66.cif,-13.889364,19.388298
xtal_67.cif,./U3Si5/__initial__/79/xtal_67.cif,46.02793,44.248493
xtal_68.cif,./U3Si5/79/xtal_68.cif,71.329796,-64.362854
xtal_69.cif,./U3Si5/__initial__/79/xtal_69.cif,29.466015,85.1184
xtal_7.cif,./U3Si5/79/xtal_7.cif,4.382129,-97.41237
xtal_70.cif,./U3Si5/79/xtal_70.cif,55.360203,-76.118706
xtal_71.cif,./U3Si5/__initial__/79/xtal_71.cif,19.045618,20.938896
xtal_72.cif,./U3Si5/79/xtal_72.cif,-44.979427,52.712738
xtal_73.cif,./U3Si5/79/xtal_73.cif,17.006672,-17.714872
xtal_74.cif,./U3Si5/__initial__/79/xtal_74.cif,77.93711,-18.566965
xtal_75.cif,./U3Si5/79/xtal_75.cif,31.43075,-84.1922
xtal_76.cif,./U3Si5/79/xtal_76.cif,10.672081,-6.0125165
xtal_77.cif,./U3Si5/79/xtal_77.cif,-25.585257,51.111176
xtal_78.cif,./U3Si5/79/xtal_78.cif,-33.965034,5.296406
xtal_79.cif,./U3Si5/79/xtal_79.cif,96.59091,-25.58609
xtal_8.cif,./U3Si5/79/xtal_8.cif,23.0777,-16.65042
xtal_80.cif,./U3Si5/__initial__/79/xtal_80.cif,40.766132,46.107143
xtal_81.cif,./U3Si5/79/xtal_81.cif,57.66689,28.601402
xtal_82.cif,./U3Si5/79/xtal_82.cif,-24.521635,51.795296
xtal_83.cif,./U3Si5/79/xtal_83.cif,-89.49898,14.295936
xtal_84.cif,./U3Si5/__initial__/79/xtal_84.cif,-19.269753,32.736267
xtal_85.cif,./U3Si5/__initial__/79/xtal_85.cif,36.188095,45.51636
xtal_86.cif,./U3Si5/__initial__/79/xtal_86.cif,53.64214,-26.87118
xtal_87.cif,./U3Si5/__initial__/79/xtal_87.cif,83.97959,61.078667
xtal_88.cif,./U3Si5/79/xtal_88.cif,79.546875,-23.62315
xtal_89.cif,./U3Si5/__initial__/79/xtal_89.cif,24.154531,19.980473
xtal_9.cif,./U3Si5/__initial__/79/xtal_9.cif,50.271824,63.630825
xtal_90.cif,./U3Si5/79/xtal_90.cif,-17.274632,19.50446
xtal_91.cif,./U3Si5/79/xtal_91.cif,99.03341,-31.303547
xtal_92.cif,./U3Si5/79/xtal_92.cif,96.94158,-4.5929074
xtal_93.cif,./U3Si5/79/xtal_93.cif,16.888529,-10.56078
xtal_94.cif,./U3Si5/79/xtal_94.cif,-84.923294,-22.251743
xtal_95.cif,./U3Si5/__initial__/79/xtal_95.cif,61.224495,65.588234
xtal_96.cif,./U3Si5/__initial__/79/xtal_96.cif,0.013016161,100.12955
xtal_97.cif,./U3Si5/__initial__/79/xtal_97.cif,-8.22356,50.452602
xtal_98.cif,./U3Si5/79/xtal_98.cif,-24.73411,-73.58078
xtal_99.cif,./U3Si5/__initial__/79/xtal_99.cif,57.951916,28.342178
xtal_1.cif,./U3Si5/__initial__/81/xtal_1.cif,65.795906,47.889675
xtal_10.cif,./U3Si5/__initial__/81/xtal_10.cif,-48.889984,72.91049
xtal_100.cif,./U3Si5/__initial__/81/xtal_100.cif,-37.02582,-37.73293
xtal_11.cif,./U3Si5/__initial__/81/xtal_11.cif,-22.938091,84.358894
xtal_12.cif,./U3Si5/__initial__/81/xtal_12.cif,-12.10134,-94.50907
xtal_13.cif,./U3Si5/__initial__/81/xtal_13.cif,27.904942,-15.9391575
xtal_14.cif,./U3Si5/__initial__/81/xtal_14.cif,-23.033422,-83.30319
xtal_15.cif,./U3Si5/__initial__/81/xtal_15.cif,7.8282447,68.34614
xtal_16.cif,./U3Si5/__initial__/81/xtal_16.cif,68.665085,36.029953
xtal_17.cif,./U3Si5/__initial__/81/xtal_17.cif,-19.333307,-21.741758
xtal_18.cif,./U3Si5/__initial__/81/xtal_18.cif,3.8171058,-59.294113
xtal_19.cif,./U3Si5/__initial__/81/xtal_19.cif,-68.007774,18.39434
xtal_2.cif,./U3Si5/__initial__/81/xtal_2.cif,21.413197,-13.409128
xtal_20.cif,./U3Si5/__initial__/81/xtal_20.cif,9.670245,-47.730507
xtal_21.cif,./U3Si5/__initial__/81/xtal_21.cif,-31.946861,47.161327
xtal_22.cif,./U3Si5/__initial__/81/xtal_22.cif,-47.523827,72.3552
xtal_23.cif,./U3Si5/81/xtal_23.cif,21.05021,-36.908184
xtal_24.cif,./U3Si5/__initial__/81/xtal_24.cif,-8.88666,92.2364
xtal_25.cif,./U3Si5/__initial__/81/xtal_25.cif,-46.267193,6.740585
xtal_26.cif,./U3Si5/__initial__/81/xtal_26.cif,-6.4245114,-35.285114
xtal_27.cif,./U3Si5/__initial__/81/xtal_27.cif,14.976865,-18.310755
xtal_28.cif,./U3Si5/__initial__/81/xtal_28.cif,6.676918,76.76021
xtal_29.cif,./U3Si5/__initial__/81/xtal_29.cif,-74.40287,15.741312
xtal_3.cif,./U3Si5/__initial__/81/xtal_3.cif,-41.280354,87.864784
xtal_30.cif,./U3Si5/__initial__/81/xtal_30.cif,-32.500744,0.66657305
xtal_31.cif,./U3Si5/__initial__/81/xtal_31.cif,-34.92824,-38.172047
xtal_32.cif,./U3Si5/__initial__/81/xtal_32.cif,-43.69828,64.19683
xtal_33.cif,./U3Si5/__initial__/81/xtal_33.cif,-24.369123,-87.08472
xtal_34.cif,./U3Si5/__initial__/81/xtal_34.cif,8.121851,-80.16167
xtal_35.cif,./U3Si5/__initial__/81/xtal_35.cif,-60.491985,-41.303467
xtal_36.cif,./U3Si5/__initial__/81/xtal_36.cif,21.69311,16.736107
xtal_37.cif,./U3Si5/__initial__/81/xtal_37.cif,19.644287,-94.193054
xtal_38.cif,./U3Si5/__initial__/81/xtal_38.cif,-0.5143787,-15.717995
xtal_39.cif,./U3Si5/__initial__/81/xtal_39.cif,-41.87593,70.43683
xtal_4.cif,./U3Si5/__initial__/81/xtal_4.cif,45.374702,-84.42369
xtal_40.cif,./U3Si5/__initial__/81/xtal_40.cif,-30.156172,-77.4178
xtal_41.cif,./U3Si5/__initial__/81/xtal_41.cif,67.94392,-59.67262
xtal_42.cif,./U3Si5/__initial__/81/xtal_42.cif,4.757794,93.76787
xtal_43.cif,./U3Si5/81/xtal_43.cif,-59.6523,81.09263
xtal_44.cif,./U3Si5/__initial__/81/xtal_44.cif,-16.52958,-38.896233
xtal_45.cif,./U3Si5/__initial__/81/xtal_45.cif,68.439156,34.279083
xtal_46.cif,./U3Si5/__initial__/81/xtal_46.cif,-25.669725,-70.36354
xtal_47.cif,./U3Si5/__initial__/81/xtal_47.cif,-14.164571,-18.558382
xtal_48.cif,./U3Si5/__initial__/81/xtal_48.cif,4.626665,12.847459
xtal_49.cif,./U3Si5/__initial__/81/xtal_49.cif,-37.355804,15.459949
xtal_5.cif,./U3Si5/__initial__/81/xtal_5.cif,13.851824,-81.751274
xtal_50.cif,./U3Si5/__initial__/81/xtal_50.cif,-29.581448,15.177382
xtal_51.cif,./U3Si5/__initial__/81/xtal_51.cif,-46.869957,67.80531
xtal_52.cif,./U3Si5/__initial__/81/xtal_52.cif,6.5405464,-22.702993
xtal_53.cif,./U3Si5/__initial__/81/xtal_53.cif,-48.24941,-80.41657
xtal_54.cif,./U3Si5/81/xtal_54.cif,84.377495,-65.16629
xtal_55.cif,./U3Si5/__initial__/81/xtal_55.cif,35.29327,-71.91792
xtal_56.cif,./U3Si5/__initial__/81/xtal_56.cif,56.373863,22.178282
xtal_57.cif,./U3Si5/81/xtal_57.cif,-17.085165,110.11162
xtal_58.cif,./U3Si5/__initial__/81/xtal_58.cif,19.68886,-14.90051
xtal_59.cif,./U3Si5/__initial__/81/xtal_59.cif,-66.27085,39.341236
xtal_6.cif,./U3Si5/__initial__/81/xtal_6.cif,15.313126,-88.293335
xtal_60.cif,./U3Si5/__initial__/81/xtal_60.cif,-7.338244,-73.98216
xtal_61.cif,./U3Si5/__initial__/81/xtal_61.cif,20.047161,-68.815186
xtal_62.cif,./U3Si5/__initial__/81/xtal_62.cif,-9.28952,94.70735
xtal_63.cif,./U3Si5/__initial__/81/xtal_63.cif,16.84089,-101.83881
xtal_64.cif,./U3Si5/__initial__/81/xtal_64.cif,6.488607,-88.50847
xtal_65.cif,./U3Si5/__initial__/81/xtal_65.cif,-21.591547,-16.730062
xtal_66.cif,./U3Si5/__initial__/81/xtal_66.cif,-36.177685,-38.205112
xtal_67.cif,./U3Si5/__initial__/81/xtal_67.cif,-68.67823,15.293985
xtal_68.cif,./U3Si5/__initial__/81/xtal_68.cif,76.44997,43.116837
xtal_69.cif,./U3Si5/__initial__/81/xtal_69.cif,-30.918272,16.044313
xtal_7.cif,./U3Si5/__initial__/81/xtal_7.cif,-38.709923,-53.648884
xtal_70.cif,./U3Si5/__initial__/81/xtal_70.cif,26.868847,36.602863
xtal_71.cif,./U3Si5/81/xtal_71.cif,40.721375,-10.72333
xtal_72.cif,./U3Si5/__initial__/81/xtal_72.cif,-15.004413,37.234615
xtal_73.cif,./U3Si5/__initial__/81/xtal_73.cif,-3.45385,44.549362
xtal_74.cif,./U3Si5/__initial__/81/xtal_74.cif,-31.388432,-42.387688
xtal_75.cif,./U3Si5/__initial__/81/xtal_75.cif,-67.67633,-56.150623
xtal_76.cif,./U3Si5/__initial__/81/xtal_76.cif,36.569855,-20.992182
xtal_77.cif,./U3Si5/__initial__/81/xtal_77.cif,-68.73866,40.723347
xtal_78.cif,./U3Si5/__initial__/81/xtal_78.cif,34.471333,22.167316
xtal_79.cif,./U3Si5/__initial__/81/xtal_79.cif,63.42724,-78.97289
xtal_8.cif,./U3Si5/__initial__/81/xtal_8.cif,-41.537712,-32.51821
xtal_80.cif,./U3Si5/__initial__/81/xtal_80.cif,-69.171555,-53.543705
xtal_81.cif,./U3Si5/__initial__/81/xtal_81.cif,31.633732,-23.869066
xtal_82.cif,./U3Si5/__initial__/81/xtal_82.cif,-31.167372,40.971565
xtal_83.cif,./U3Si5/__initial__/81/xtal_83.cif,3.8912525,34.53621
xtal_84.cif,./U3Si5/__initial__/81/xtal_84.cif,34.032066,38.417442
xtal_85.cif,./U3Si5/__initial__/81/xtal_85.cif,-56.847054,-42.017166
xtal_86.cif,./U3Si5/__initial__/81/xtal_86.cif,-55.84582,-38.837364
xtal_87.cif,./U3Si5/__initial__/81/xtal_87.cif,63.874878,-62.83037
xtal_88.cif,./U3Si5/__initial__/81/xtal_88.cif,-39.470013,-21.804531
xtal_89.cif,./U3Si5/__initial__/81/xtal_89.cif,12.176588,-19.929829
xtal_9.cif,./U3Si5/__initial__/81/xtal_9.cif,-55.610676,64.55731
xtal_90.cif,./U3Si5/__initial__/81/xtal_90.cif,82.63969,-25.53684
xtal_91.cif,./U3Si5/__initial__/81/xtal_91.cif,8.365304,-87.63027
xtal_92.cif,./U3Si5/__initial__/81/xtal_92.cif,74.492714,24.081102
xtal_93.cif,./U3Si5/__initial__/81/xtal_93.cif,-53.104355,58.021385
xtal_94.cif,./U3Si5/__initial__/81/xtal_94.cif,-29.84456,90.4419
xtal_95.cif,./U3Si5/__initial__/81/xtal_95.cif,24.804766,12.650209
xtal_96.cif,./U3Si5/__initial__/81/xtal_96.cif,-54.876926,-23.499422
xtal_97.cif,./U3Si5/__initial__/81/xtal_97.cif,68.278305,-63.44542
xtal_98.cif,./U3Si5/__initial__/81/xtal_98.cif,-20.105478,47.905018
xtal_99.cif,./U3Si5/__initial__/81/xtal_99.cif,-2.644019,66.64443
xtal_1.cif,./U3Si5/82/xtal_1.cif,-50.848408,27.414019
xtal_10.cif,./U3Si5/82/xtal_10.cif,41.919056,-0.9192712
xtal_100.cif,./U3Si5/82/xtal_100.cif,28.646534,-87.869545
xtal_11.cif,./U3Si5/__initial__/82/xtal_11.cif,-44.384857,84.842
xtal_12.cif,./U3Si5/__initial__/82/xtal_12.cif,-82.8014,59.93293
xtal_13.cif,./U3Si5/82/xtal_13.cif,-95.02008,17.957174
xtal_14.cif,./U3Si5/82/xtal_14.cif,-21.920734,-60.85108
xtal_15.cif,./U3Si5/__initial__/82/xtal_15.cif,48.678818,59.123318
xtal_16.cif,./U3Si5/82/xtal_16.cif,70.86717,-62.359802
xtal_17.cif,./U3Si5/__initial__/82/xtal_17.cif,73.54084,12.486293
xtal_18.cif,./U3Si5/82/xtal_18.cif,-52.53465,58.27957
xtal_19.cif,./U3Si5/__initial__/82/xtal_19.cif,77.80709,-67.62241
xtal_2.cif,./U3Si5/__initial__/82/xtal_2.cif,64.90467,30.601025
xtal_20.cif,./U3Si5/__initial__/82/xtal_20.cif,-16.343445,23.690456
xtal_21.cif,./U3Si5/82/xtal_21.cif,-12.446408,-94.464264
xtal_22.cif,./U3Si5/__initial__/82/xtal_22.cif,41.15702,49.172726
xtal_23.cif,./U3Si5/__initial__/82/xtal_23.cif,-7.419644,35.35583
xtal_24.cif,./U3Si5/__initial__/82/xtal_24.cif,-38.29978,31.178202
xtal_25.cif,./U3Si5/82/xtal_25.cif,48.26405,6.8508635
xtal_26.cif,./U3Si5/__initial__/82/xtal_26.cif,42.242237,41.965977
xtal_27.cif,./U3Si5/82/xtal_27.cif,15.135524,-1.2237581
xtal_28.cif,./U3Si5/__initial__/82/xtal_28.cif,27.242958,-3.5541751
xtal_29.cif,./U3Si5/82/xtal_29.cif,-17.043259,19.873682
xtal_3.cif,./U3Si5/__initial__/82/xtal_3.cif,116.828766,5.812979
xtal_30.cif,./U3Si5/__initial__/82/xtal_30.cif,-21.218843,-20.749462
xtal_31.cif,./U3Si5/__initial__/82/xtal_31.cif,-5.630099,69.477196
xtal_32.cif,./U3Si5/__initial__/82/xtal_32.cif,25.61812,52.876057
xtal_33.cif,./U3Si5/__initial__/82/xtal_33.cif,32.592728,57.094845
xtal_34.cif,./U3Si5/__initial__/82/xtal_34.cif,4.027804,49.301357
xtal_35.cif,./U3Si5/82/xtal_35.cif,-23.80797,25.214577
xtal_36.cif,./U3Si5/__initial__/82/xtal_36.cif,-12.927814,107.17405
xtal_37.cif,./U3Si5/82/xtal_37.cif,-93.90549,10.799557
xtal_38.cif,./U3Si5/82/xtal_38.cif,59.24317,-81.51538
xtal_39.cif,./U3Si5/82/xtal_39.cif,-9.642818,-103.00256
xtal_4.cif,./U3Si5/82/xtal_4.cif,12.7965355,-67.51154
xtal_40.cif,./U3Si5/82/xtal_40.cif,70.08661,-62.77606
xtal_41.cif,./U3Si5/__initial__/82/xtal_41.cif,35.040424,31.291176
xtal_42.cif,./U3Si5/82/xtal_42.cif,6.9127088,30.642582
xtal_43.cif,./U3Si5/82/xtal_43.cif,14.168946,9.449852
xtal_44.cif,./U3Si5/__initial__/82/xtal_44.cif,91.27915,-25.585009
xtal_45.cif,./U3Si5/__initial__/82/xtal_45.cif,-2.5438278,20.298185
xtal_46.cif,./U3Si5/82/xtal_46.cif,12.763116,-3.8299296
xtal_47.cif,./U3Si5/82/xtal_47.cif,-65.52629,21.209435
xtal_48.cif,./U3Si5/__initial__/82/xtal_48.cif,56.23103,31.917437
xtal_49.cif,./U3Si5/__initial__/82/xtal_49.cif,3.484054,-66.934326
xtal_5.cif,./U3Si5/__initial__/82/xtal_5.cif,-8.711593,61.436836
xtal_50.cif,./U3Si5/82/xtal_50.cif,-17.25681,38.23227
xtal_51.cif,./U3Si5/82/xtal_51.cif,-64.85415,22.028803
xtal_52.cif,./U3Si5/82/xtal_52.cif,6.3955207,-21.620049
xtal_53.cif,./U3Si5/82/xtal_53.cif,-49.55363,-66.94364
xtal_54.cif,./U3Si5/82/xtal_54.cif,49.65162,-79.34365
xtal_55.cif,./U3Si5/82/xtal_55.cif,47.445404,-81.55679
xtal_56.cif,./U3Si5/82/xtal_56.cif,-73.85958,27.638807
xtal_57.cif,./U3Si5/__initial__/82/xtal_57.cif,-5.7220154,34.711136
xtal_58.cif,./U3Si5/82/xtal_58.cif,31.615793,-79.509926
xtal_59.cif,./U3Si5/__initial__/82/xtal_59.cif,54.011623,32.235313
xtal_6.cif,./U3Si5/__initial__/82/xtal_6.cif,-8.824626,58.561993
xtal_60.cif,./U3Si5/__initial__/82/xtal_60.cif,-8.995754,35.705513
xtal_61.cif,./U3Si5/82/xtal_61.cif,-40.05078,59.484116
xtal_62.cif,./U3Si5/82/xtal_62.cif,-32.28733,-0.764801
xtal_63.cif,./U3Si5/82/xtal_63.cif,15.502506,-18.275076
xtal_64.cif,./U3Si5/__initial__/82/xtal_64.cif,-7.9704714,36.477474
xtal_65.cif,./U3Si5/82/xtal_65.cif,54.757107,-85.43354
xtal_66.cif,./U3Si5/__initial__/82/xtal_66.cif,-4.228673,93.572174
xtal_67.cif,./U3Si5/__initial__/82/xtal_67.cif,21.187174,-45.52764
xtal_68.cif,./U3Si5/82/xtal_68.cif,69.81721,-63.19913
xtal_69.cif,./U3Si5/82/xtal_69.cif,53.173462,-81.952
xtal_7.cif,./U3Si5/82/xtal_7.cif,-26.581938,63.320885
xtal_70.cif,./U3Si5/__initial__/82/xtal_70.cif,-9.106898,59.636333
xtal_71.cif,./U3Si5/82/xtal_71.cif,0.58537984,-94.84816
xtal_72.cif,./U3Si5/__initial__/82/xtal_72.cif,47.170124,50.9265
xtal_73.cif,./U3Si5/82/xtal_73.cif,-18.146255,-19.932362
xtal_74.cif,./U3Si5/__initial__/82/xtal_74.cif,52.410187,68.37386
xtal_75.cif,./U3Si5/__initial__/82/xtal_75.cif,57.107277,71.29032
xtal_76.cif,./U3Si5/82/xtal_76.cif,-17.509468,82.96351
xtal_77.cif,./U3Si5/82/xtal_77.cif,-58.62805,80.50196
xtal_78.cif,./U3Si5/82/xtal_78.cif,-102.5592,20.346571
xtal_79.cif,./U3Si5/__initial__/82/xtal_79.cif,10.824634,44.18049
xtal_8.cif,./U3Si5/82/xtal_8.cif,-9.244976,102.773476
xtal_80.cif,./U3Si5/__initial__/82/xtal_80.cif,27.248985,-1.975191
xtal_81.cif,./U3Si5/__initial__/82/xtal_81.cif,74.97702,-22.226774
xtal_82.cif,./U3Si5/__initial__/82/xtal_82.cif,-14.728965,17.3037
xtal_83.cif,./U3Si5/82/xtal_83.cif,-15.498939,38.342194
xtal_84.cif,./U3Si5/82/xtal_84.cif,-17.603449,14.364159
xtal_85.cif,./U3Si5/__initial__/82/xtal_85.cif,116.72718,6.2919908
xtal_86.cif,./U3Si5/82/xtal_86.cif,79.433075,-40.408684
xtal_87.cif,./U3Si5/82/xtal_87.cif,-55.67939,10.616787
xtal_88.cif,./U3Si5/82/xtal_88.cif,22.973373,-1.2622563
xtal_89.cif,./U3Si5/82/xtal_89.cif,-24.164667,52.124065
xtal_9.cif,./U3Si5/82/xtal_9.cif,11.768244,24.507902
xtal_90.cif,./U3Si5/__initial__/82/xtal_90.cif,82.02273,61.66716
xtal_91.cif,./U3Si5/82/xtal_91.cif,51.322063,4.159911
xtal_92.cif,./U3Si5/82/xtal_92.cif,53.25745,-82.00363
xtal_93.cif,./U3Si5/82/xtal_93.cif,-59.975906,71.83355
xtal_94.cif,./U3Si5/__initial__/82/xtal_94.cif,44.811024,59.486435
xtal_95.cif,./U3Si5/__initial__/82/xtal_95.cif,57.456993,15.866203
xtal_96.cif,./U3Si5/__initial__/82/xtal_96.cif,42.71057,17.284004
xtal_97.cif,./U3Si5/82/xtal_97.cif,18.314135,-16.05048
xtal_98.cif,./U3Si5/__initial__/82/xtal_98.cif,64.68617,13.956359
xtal_99.cif,./U3Si5/82/xtal_99.cif,-33.011696,3.5794907
xtal_1.cif,./U3Si5/83/xtal_1.cif,40.50199,-58.073658
xtal_10.cif,./U3Si5/83/xtal_10.cif,70.50687,-53.63353
xtal_100.cif,./U3Si5/__initial__/83/xtal_100.cif,91.33752,-7.818376
xtal_11.cif,./U3Si5/__initial__/83/xtal_11.cif,32.401985,-18.297678
xtal_12.cif,./U3Si5/83/xtal_12.cif,-3.2715266,-54.077446
xtal_13.cif,./U3Si5/__initial__/83/xtal_13.cif,-31.084187,2.4525301
xtal_14.cif,./U3Si5/83/xtal_14.cif,84.19704,-54.941723
xtal_15.cif,./U3Si5/__initial__/83/xtal_15.cif,-57.452652,27.933237
xtal_16.cif,./U3Si5/83/xtal_16.cif,-25.53981,-82.87149
xtal_17.cif,./U3Si5/__initial__/83/xtal_17.cif,69.9886,34.074417
xtal_18.cif,./U3Si5/__initial__/83/xtal_18.cif,52.80627,-72.967896
xtal_19.cif,./U3Si5/__initial__/83/xtal_19.cif,84.39917,67.40025
xtal_2.cif,./U3Si5/__initial__/83/xtal_2.cif,95.293076,-25.638
xtal_20.cif,./U3Si5/83/xtal_20.cif,-53.995895,-11.135554
xtal_21.cif,./U3Si5/__initial__/83/xtal_21.cif,65.44769,47.149395
xtal_22.cif,./U3Si5/83/xtal_22.cif,-0.3177122,37.486794
xtal_23.cif,./U3Si5/83/xtal_23.cif,14.665725,-37.876614
xtal_24.cif,./U3Si5/83/xtal_24.cif,-35.142765,-81.331314
xtal_25.cif,./U3Si5/83/xtal_25.cif,56.23354,-74.392075
xtal_26.cif,./U3Si5/__initial__/83/xtal_26.cif,-40.99557,59.03927
xtal_27.cif,./U3Si5/__initial__/83/xtal_27.cif,-15.278804,66.72686
xtal_28.cif,./U3Si5/__initial__/83/xtal_28.cif,66.50315,-5.484504
xtal_29.cif,./U3Si5/83/xtal_29.cif,21.764427,-67.23324
xtal_3.cif,./U3Si5/83/xtal_3.cif,6.0204797,-67.756935
xtal_30.cif,./U3Si5/__initial__/83/xtal_30.cif,-61.343296,-10.58123
xtal_31.cif,./U3Si5/__initial__/83/xtal_31.cif,47.904472,11.161657
xtal_32.cif,./U3Si5/__initial__/83/xtal_32.cif,-20.31829,66.78216
xtal_33.cif,./U3Si5/83/xtal_33.cif,44.610825,-28.965279
xtal_34.cif,./U3Si5/83/xtal_34.cif,65.63704,-67.754105
xtal_35.cif,./U3Si5/__initial__/83/xtal_35.cif,75.58683,-3.9209812
xtal_36.cif,./U3Si5/__initial__/83/xtal_36.cif,-66.774,-37.33382
xtal_37.cif,./U3Si5/__initial__/83/xtal_37.cif,87.71818,58.06961
xtal_38.cif,./U3Si5/__initial__/83/xtal_38.cif,95.67712,62.068302
xtal_39.cif,./U3Si5/__initial__/83/xtal_39.cif,-2.0574806,-84.27669
xtal_4.cif,./U3Si5/__initial__/83/xtal_4.cif,94.18434,44.82194
xtal_40.cif,./U3Si5/__initial__/83/xtal_40.cif,0.10689712,65.06123
xtal_41.cif,./U3Si5/83/xtal_41.cif,-96.26957,27.43977
xtal_42.cif,./U3Si5/83/xtal_42.cif,-67.40718,-32.95375
xtal_43.cif,./U3Si5/83/xtal_43.cif,-60.09554,-21.259275
xtal_44.cif,./U3Si5/83/xtal_44.cif,23.559446,-39.704605
xtal_45.cif,./U3Si5/__initial__/83/xtal_45.cif,60.07238,51.567024
xtal_46.cif,./U3Si5/__initial__/83/xtal_46.cif,-60.6043,-23.11887
xtal_47.cif,./U3Si5/__initial__/83/xtal_47.cif,8.831261,-100.701225
xtal_48.cif,./U3Si5/83/xtal_48.cif,-68.76451,-10.125854
xtal_49.cif,./U3Si5/__initial__/83/xtal_49.cif,-60.87463,-42.976246
xtal_5.cif,./U3Si5/__initial__/83/xtal_5.cif,57.880367,6.075395
xtal_50.cif,./U3Si5/83/xtal_50.cif,-94.716484,-20.273197
xtal_51.cif,./U3Si5/__initial__/83/xtal_51.cif,43.48609,-45.500538
xtal_52.cif,./U3Si5/__initial__/83/xtal_52.cif,-19.814716,55.861736
xtal_53.cif,./U3Si5/__initial__/83/xtal_53.cif,19.454988,-104.75648
xtal_54.cif,./U3Si5/__initial__/83/xtal_54.cif,-59.775837,26.865978
xtal_55.cif,./U3Si5/__initial__/83/xtal_55.cif,62.920834,50.17153
xtal_56.cif,./U3Si5/__initial__/83/xtal_56.cif,-41.2216,36.794727
xtal_57.cif,./U3Si5/83/xtal_57.cif,-93.03361,3.925375
xtal_58.cif,./U3Si5/83/xtal_58.cif,-14.625523,-45.461742
xtal_59.cif,./U3Si5/__initial__/83/xtal_59.cif,-6.848257,103.868645
xtal_6.cif,./U3Si5/__initial__/83/xtal_6.cif,94.329636,69.93394
xtal_60.cif,./U3Si5/__initial__/83/xtal_60.cif,-21.73292,71.3558
xtal_61.cif,./U3Si5/__initial__/83/xtal_61.cif,-72.20236,-14.637901
xtal_62.cif,./U3Si5/83/xtal_62.cif,-70.367325,6.3086047
xtal_63.cif,./U3Si5/83/xtal_63.cif,53.09346,-51.555603
xtal_64.cif,./U3Si5/__initial__/83/xtal_64.cif,105.86086,22.397514
xtal_65.cif,./U3Si5/83/xtal_65.cif,57.65563,-86.722725
xtal_66.cif,./U3Si5/__initial__/83/xtal_66.cif,13.765101,-70.714806
xtal_67.cif,./U3Si5/__initial__/83/xtal_67.cif,109.780716,-9.135753
xtal_68.cif,./U3Si5/__initial__/83/xtal_68.cif,46.38089,-10.394013
xtal_69.cif,./U3Si5/__initial__/83/xtal_69.cif,42.130875,-56.309155
xtal_7.cif,./U3Si5/__initial__/83/xtal_7.cif,73.75765,44.471645
xtal_70.cif,./U3Si5/__initial__/83/xtal_70.cif,-8.79261,-78.60476
xtal_71.cif,./U3Si5/__initial__/83/xtal_71.cif,115.8056,10.168922
xtal_72.cif,./U3Si5/__initial__/83/xtal_72.cif,10.504406,83.25136
xtal_73.cif,./U3Si5/__initial__/83/xtal_73.cif,96.93525,-11.726386
xtal_74.cif,./U3Si5/__initial__/83/xtal_74.cif,49.892315,9.16993
xtal_75.cif,./U3Si5/83/xtal_75.cif,-14.228482,-45.994923
xtal_76.cif,./U3Si5/83/xtal_76.cif,50.883606,-52.496807
xtal_77.cif,./U3Si5/83/xtal_77.cif,-2.2004926,-47.226242
xtal_78.cif,./U3Si5/__initial__/83/xtal_78.cif,66.91366,-19.663279
xtal_79.cif,./U3Si5/__initial__/83/xtal_79.cif,64.572334,35.49158
xtal_8.cif,./U3Si5/__initial__/83/xtal_8.cif,71.94859,59.05572
xtal_80.cif,./U3Si5/83/xtal_80.cif,-9.356539,-77.23178
xtal_81.cif,./U3Si5/__initial__/83/xtal_81.cif,-65.76859,-4.114588
xtal_82.cif,./U3Si5/83/xtal_82.cif,59.287506,-45.216038
xtal_83.cif,./U3Si5/__initial__/83/xtal_83.cif,-0.8679053,13.702953
xtal_84.cif,./U3Si5/__initial__/83/xtal_84.cif,-55.747704,-18.461018
xtal_85.cif,./U3Si5/__initial__/83/xtal_85.cif,52.472298,6.136936
xtal_86.cif,./U3Si5/__initial__/83/xtal_86.cif,47.789482,-90.995445
xtal_87.cif,./U3Si5/__initial__/83/xtal_87.cif,-13.894493,101.2535
xtal_88.cif,./U3Si5/__initial__/83/xtal_88.cif,-7.4393163,-60.70358
xtal_89.cif,./U3Si5/__initial__/83/xtal_89.cif,115.04291,8.959558
xtal_9.cif,./U3Si5/__initial__/83/xtal_9.cif,-52.00566,50.78209
xtal_90.cif,./U3Si5/83/xtal_90.cif,36.260952,-47.03001
xtal_91.cif,./U3Si5/__initial__/83/xtal_91.cif,-64.13324,-13.619272
xtal_92.cif,./U3Si5/__initial__/83/xtal_92.cif,-60.784355,-55.14412
xtal_93.cif,./U3Si5/__initial__/83/xtal_93.cif,-55.325157,-74.06724
xtal_94.cif,./U3Si5/__initial__/83/xtal_94.cif,-18.500036,43.378094
xtal_95.cif,./U3Si5/__initial__/83/xtal_95.cif,-36.64221,-68.811295
xtal_96.cif,./U3Si5/__initial__/83/xtal_96.cif,43.714993,-34.88188
xtal_97.cif,./U3Si5/__initial__/83/xtal_97.cif,-63.27466,-54.134037
xtal_98.cif,./U3Si5/83/xtal_98.cif,26.82781,-87.502525
xtal_99.cif,./U3Si5/__initial__/83/xtal_99.cif,66.08261,-20.556675
xtal_1.cif,./U3Si5/__initial__/84/xtal_1.cif,31.604893,-11.285774
xtal_10.cif,./U3Si5/__initial__/84/xtal_10.cif,-27.663939,54.477398
xtal_100.cif,./U3Si5/__initial__/84/xtal_100.cif,-24.750444,-9.507019
xtal_11.cif,./U3Si5/__initial__/84/xtal_11.cif,110.635925,2.9931319
xtal_12.cif,./U3Si5/__initial__/84/xtal_12.cif,-87.045715,-30.070663
xtal_13.cif,./U3Si5/__initial__/84/xtal_13.cif,-47.803665,100.41814
xtal_14.cif,./U3Si5/__initial__/84/xtal_14.cif,-59.958385,-43.030235
xtal_15.cif,./U3Si5/84/xtal_15.cif,18.705624,-37.30693
xtal_16.cif,./U3Si5/__initial__/84/xtal_16.cif,-21.872591,23.459997
xtal_17.cif,./U3Si5/__initial__/84/xtal_17.cif,-39.242844,-63.100193
xtal_18.cif,./U3Si5/__initial__/84/xtal_18.cif,-99.85286,-0.0020568524
xtal_19.cif,./U3Si5/84/xtal_19.cif,-61.40232,-33.54143
xtal_2.cif,./U3Si5/__initial__/84/xtal_2.cif,0.9572746,-62.79809
xtal_20.cif,./U3Si5/__initial__/84/xtal_20.cif,-27.858572,-11.310325
xtal_21.cif,./U3Si5/__initial__/84/xtal_21.cif,13.19119,-94.35982
xtal_22.cif,./U3Si5/__initial__/84/xtal_22.cif,-5.6052775,-47.82059
xtal_23.cif,./U3Si5/__initial__/84/xtal_23.cif,-54.08874,14.708135
xtal_24.cif,./U3Si5/__initial__/84/xtal_24.cif,23.444775,-60.559383
xtal_25.cif,./U3Si5/__initial__/84/xtal_25.cif,62.227474,-62.875782
xtal_26.cif,./U3Si5/__initial__/84/xtal_26.cif,60.957844,13.852378
xtal_27.cif,./U3Si5/__initial__/84/xtal_27.cif,68.373245,33.998035
xtal_28.cif,./U3Si5/__initial__/84/xtal_28.cif,-7.5055375,60.46871
xtal_29.cif,./U3Si5/__initial__/84/xtal_29.cif,-47.0087,-40.552128
xtal_3.cif,./U3Si5/__initial__/84/xtal_3.cif,81.29832,-56.4508
xtal_30.cif,./U3Si5/__initial__/84/xtal_30.cif,57.996807,-29.974113
xtal_31.cif,./U3Si5/__initial__/84/xtal_31.cif,115.04764,30.06051
xtal_32.cif,./U3Si5/__initial__/84/xtal_32.cif,88.34925,-36.93244
xtal_33.cif,./U3Si5/__initial__/84/xtal_33.cif,105.55015,0.21156207
xtal_34.cif,./U3Si5/__initial__/84/xtal_34.cif,-72.43875,-16.23998
xtal_35.cif,./U3Si5/__initial__/84/xtal_35.cif,-56.633793,33.02154
xtal_36.cif,./U3Si5/__initial__/84/xtal_36.cif,-3.6997626,-52.62448
xtal_37.cif,./U3Si5/84/xtal_37.cif,-84.718575,22.861275
xtal_38.cif,./U3Si5/__initial__/84/xtal_38.cif,55.689987,-66.88081
xtal_39.cif,./U3Si5/__initial__/84/xtal_39.cif,-11.204815,-67.85462
xtal_4.cif,./U3Si5/__initial__/84/xtal_4.cif,1.4045347,-49.909714
xtal_40.cif,./U3Si5/__initial__/84/xtal_40.cif,-3.9080327,-83.16985
xtal_41.cif,./U3Si5/__initial__/84/xtal_41.cif,68.38181,-44.369926
xtal_42.cif,./U3Si5/__initial__/84/xtal_42.cif,43.335316,-56.24768
xtal_43.cif,./U3Si5/__initial__/84/xtal_43.cif,10.980706,-98.89287
xtal_44.cif,./U3Si5/__initial__/84/xtal_44.cif,73.4498,-2.2535799
xtal_45.cif,./U3Si5/84/xtal_45.cif,-80.13245,20.014006
xtal_46.cif,./U3Si5/__initial__/84/xtal_46.cif,21.13551,-75.548645
xtal_47.cif,./U3Si5/__initial__/84/xtal_47.cif,-35.365234,-65.21952
xtal_48.cif,./U3Si5/__initial__/84/xtal_48.cif,59.975334,-33.870487
xtal_49.cif,./U3Si5/__initial__/84/xtal_49.cif,49.098106,-73.73962
xtal_5.cif,./U3Si5/__initial__/84/xtal_5.cif,-1.8090717,-103.45604
xtal_50.cif,./U3Si5/__initial__/84/xtal_50.cif,-21.967108,46.97008
xtal_51.cif,./U3Si5/__initial__/84/xtal_51.cif,51.291046,18.22744
xtal_52.cif,./U3Si5/__initial__/84/xtal_52.cif,-9.198528,102.70887
xtal_53.cif,./U3Si5/__initial__/84/xtal_53.cif,-48.019264,-59.606438
xtal_54.cif,./U3Si5/__initial__/84/xtal_54.cif,24.601648,-81.09939
xtal_55.cif,./U3Si5/__initial__/84/xtal_55.cif,26.042896,-87.09473
xtal_56.cif,./U3Si5/__initial__/84/xtal_56.cif,-34.427315,56.0754
xtal_57.cif,./U3Si5/84/xtal_57.cif,-84.175644,-5.9799542
xtal_58.cif,./U3Si5/__initial__/84/xtal_58.cif,-56.05092,43.47936
xtal_59.cif,./U3Si5/__initial__/84/xtal_59.cif,51.3474,-84.72164
xtal_6.cif,./U3Si5/__initial__/84/xtal_6.cif,-38.527897,34.553104
xtal_60.cif,./U3Si5/__initial__/84/xtal_60.cif,67.40773,-49.187218
xtal_61.cif,./U3Si5/__initial__/84/xtal_61.cif,115.860405,29.17171
xtal_62.cif,./U3Si5/__initial__/84/xtal_62.cif,-76.60322,-23.577156
xtal_63.cif,./U3Si5/__initial__/84/xtal_63.cif,-69.945015,32.707573
xtal_64.cif,./U3Si5/__initial__/84/xtal_64.cif,8.743688,-98.33923
xtal_65.cif,./U3Si5/__initial__/84/xtal_65.cif,8.584911,63.03721
xtal_66.cif,./U3Si5/__initial__/84/xtal_66.cif,62.926582,27.590673
xtal_67.cif,./U3Si5/__initial__/84/xtal_67.cif,93.9237,-15.569991
xtal_68.cif,./U3Si5/__initial__/84/xtal_68.cif,28.72272,-78.18867
xtal_69.cif,./U3Si5/__initial__/84/xtal_69.cif,57.667812,-7.6099763
xtal_7.cif,./U3Si5/__initial__/84/xtal_7.cif,98.487366,25.916992
xtal_70.cif,./U3Si5/__initial__/84/xtal_70.cif,26.038883,-82.41562
xtal_71.cif,./U3Si5/__initial__/84/xtal_71.cif,61.31375,-68.705215
xtal_72.cif,./U3Si5/__initial__/84/xtal_72.cif,-41.033936,8.516046
xtal_73.cif,./U3Si5/__initial__/84/xtal_73.cif,56.68606,-31.871832
xtal_74.cif,./U3Si5/__initial__/84/xtal_74.cif,6.9047933,67.70683
xtal_75.cif,./U3Si5/__initial__/84/xtal_75.cif,86.18551,-57.049164
xtal_76.cif,./U3Si5/__initial__/84/xtal_76.cif,-28.418339,-14.794451
xtal_77.cif,./U3Si5/__initial__/84/xtal_77.cif,-40.244682,14.59617
xtal_78.cif,./U3Si5/__initial__/84/xtal_78.cif,-22.062162,-99.017586
xtal_79.cif,./U3Si5/__initial__/84/xtal_79.cif,108.120674,30.87394
xtal_8.cif,./U3Si5/__initial__/84/xtal_8.cif,79.87745,-7.6910186
xtal_80.cif,./U3Si5/__initial__/84/xtal_80.cif,-24.639791,-2.1001542
xtal_81.cif,./U3Si5/__initial__/84/xtal_81.cif,80.78199,39.56658
xtal_82.cif,./U3Si5/__initial__/84/xtal_82.cif,-25.354939,-67.609886
xtal_83.cif,./U3Si5/84/xtal_83.cif,-43.52872,-43.217022
xtal_84.cif,./U3Si5/__initial__/84/xtal_84.cif,-15.307703,-81.26701
xtal_85.cif,./U3Si5/__initial__/84/xtal_85.cif,33.389103,-94.162346
xtal_86.cif,./U3Si5/__initial__/84/xtal_86.cif,-36.272034,19.30431
xtal_87.cif,./U3Si5/__initial__/84/xtal_87.cif,-30.120516,56.030685
xtal_88.cif,./U3Si5/__initial__/84/xtal_88.cif,46.8355,-19.412895
xtal_89.cif,./U3Si5/__initial__/84/xtal_89.cif,62.83685,-39.21232
xtal_9.cif,./U3Si5/__initial__/84/xtal_9.cif,40.486374,-40.427326
xtal_90.cif,./U3Si5/__initial__/84/xtal_90.cif,34.698284,-95.30511
xtal_91.cif,./U3Si5/84/xtal_91.cif,-37.2379,109.75352
xtal_92.cif,./U3Si5/__initial__/84/xtal_92.cif,-25.881342,82.72121
xtal_93.cif,./U3Si5/84/xtal_93.cif,-80.57893,-8.812016
xtal_94.cif,./U3Si5/__initial__/84/xtal_94.cif,-34.577477,14.9754925
xtal_95.cif,./U3Si5/__initial__/84/xtal_95.cif,-72.98573,-52.959656
xtal_96.cif,./U3Si5/__initial__/84/xtal_96.cif,13.060514,-73.57668
xtal_97.cif,./U3Si5/__initial__/84/xtal_97.cif,26.011372,-61.532703
xtal_98.cif,./U3Si5/__initial__/84/xtal_98.cif,-19.786707,-99.57983
xtal_99.cif,./U3Si5/__initial__/84/xtal_99.cif,-44.860554,8.669816
xtal_1.cif,./U3Si5/85/xtal_1.cif,46.359413,-29.131489
xtal_10.cif,./U3Si5/85/xtal_10.cif,31.036959,-25.126219
xtal_100.cif,./U3Si5/85/xtal_100.cif,8.097893,-74.38522
xtal_11.cif,./U3Si5/85/xtal_11.cif,-27.75234,-50.02849
xtal_12.cif,./U3Si5/85/xtal_12.cif,115.511566,2.5129855
xtal_13.cif,./U3Si5/85/xtal_13.cif,89.680595,2.930709
xtal_14.cif,./U3Si5/85/xtal_14.cif,-89.54402,26.175758
xtal_15.cif,./U3Si5/__initial__/85/xtal_15.cif,57.15871,55.475666
xtal_16.cif,./U3Si5/85/xtal_16.cif,72.13821,-28.6179
xtal_17.cif,./U3Si5/__initial__/85/xtal_17.cif,-26.573086,48.825962
xtal_18.cif,./U3Si5/85/xtal_18.cif,50.593025,-41.580677
xtal_19.cif,./U3Si5/85/xtal_19.cif,-82.182045,-9.637376
xtal_2.cif,./U3Si5/85/xtal_2.cif,-49.121525,52.915913
xtal_20.cif,./U3Si5/85/xtal_20.cif,93.255035,11.296433
xtal_21.cif,./U3Si5/__initial__/85/xtal_21.cif,63.019573,-5.049779
xtal_22.cif,./U3Si5/85/xtal_22.cif,-41.64279,-58.086414
xtal_23.cif,./U3Si5/__initial__/85/xtal_23.cif,91.41457,70.767876
xtal_24.cif,./U3Si5/__initial__/85/xtal_24.cif,71.325676,34.047028
xtal_25.cif,./U3Si5/85/xtal_25.cif,42.581944,8.5816145
xtal_26.cif,./U3Si5/85/xtal_26.cif,49.97428,-85.00873
xtal_27.cif,./U3Si5/85/xtal_27.cif,-93.91282,31.646524
xtal_28.cif,./U3Si5/85/xtal_28.cif,75.48463,-55.129314
xtal_29.cif,./U3Si5/85/xtal_29.cif,81.77641,-47.3859
xtal_3.cif,./U3Si5/85/xtal_3.cif,-82.11483,-18.765867
xtal_30.cif,./U3Si5/85/xtal_30.cif,-72.68408,57.69528
xtal_31.cif,./U3Si5/85/xtal_31.cif,-23.729832,4.294959
xtal_32.cif,./U3Si5/85/xtal_32.cif,39.785206,-16.314985
xtal_33.cif,./U3Si5/85/xtal_33.cif,-51.670475,-75.059845
xtal_34.cif,./U3Si5/85/xtal_34.cif,-15.672094,-84.34596
xtal_35.cif,./U3Si5/85/xtal_35.cif,-43.972733,15.925394
xtal_36.cif,./U3Si5/__initial__/85/xtal_36.cif,8.147909,86.27244
xtal_37.cif,./U3Si5/85/xtal_37.cif,36.56526,-16.605984
xtal_38.cif,./U3Si5/85/xtal_38.cif,82.39345,-55.312138
xtal_39.cif,./U3Si5/85/xtal_39.cif,60.16962,-45.329906
xtal_4.cif,./U3Si5/85/xtal_4.cif,-89.39006,-15.313089
xtal_40.cif,./U3Si5/85/xtal_40.cif,-27.125065,-9.026379
xtal_41.cif,./U3Si5/__initial__/85/xtal_41.cif,81.70128,53.879898
xtal_42.cif,./U3Si5/__initial__/85/xtal_42.cif,3.1787312,99.06141
xtal_43.cif,./U3Si5/85/xtal_43.cif,-68.5503,-41.36596
xtal_44.cif,./U3Si5/85/xtal_44.cif,-84.63444,63.168346
xtal_45.cif,./U3Si5/85/xtal_45.cif,-50.881184,-68.5506
xtal_46.cif,./U3Si5/85/xtal_46.cif,-13.718907,-60.463852
xtal_47.cif,./U3Si5/85/xtal_47.cif,77.43944,-41.47624
xtal_48.cif,./U3Si5/85/xtal_48.cif,72.40495,-75.730644
xtal_49.cif,./U3Si5/__initial__/85/xtal_49.cif,77.55511,54.19961
xtal_5.cif,./U3Si5/85/xtal_5.cif,-26.896336,-60.8888
xtal_50.cif,./U3Si5/__initial__/85/xtal_50.cif,30.338116,-27.486324
xtal_51.cif,./U3Si5/85/xtal_51.cif,69.07178,-57.34144
xtal_52.cif,./U3Si5/85/xtal_52.cif,32.136208,-24.471903
xtal_53.cif,./U3Si5/85/xtal_53.cif,79.99205,-60.911247
xtal_54.cif,./U3Si5/85/xtal_54.cif,81.566666,-67.65024
xtal_55.cif,./U3Si5/85/xtal_55.cif,31.96736,-39.653805
xtal_56.cif,./U3Si5/85/xtal_56.cif,46.647957,-61.454567
xtal_57.cif,./U3Si5/85/xtal_57.cif,-22.443386,5.026127
xtal_58.cif,./U3Si5/85/xtal_58.cif,93.4513,-56.612312
xtal_59.cif,./U3Si5/__initial__/85/xtal_59.cif,110.23216,5.4069963
xtal_6.cif,./U3Si5/85/xtal_6.cif,37.520847,-63.30651
xtal_60.cif,./U3Si5/85/xtal_60.cif,50.266304,-73.6335
xtal_61.cif,./U3Si5/85/xtal_61.cif,-61.458008,-67.52516
xtal_62.cif,./U3Si5/85/xtal_62.cif,-92.39959,-50.56768
xtal_63.cif,./U3Si5/85/xtal_63.cif,43.20998,7.8067636
xtal_64.cif,./U3Si5/__initial__/85/xtal_64.cif,-26.695282,68.61664
xtal_65.cif,./U3Si5/85/xtal_65.cif,55.29212,25.006691
xtal_66.cif,./U3Si5/85/xtal_66.cif,-9.1854,-70.79617
xtal_67.cif,./U3Si5/85/xtal_67.cif,-60.59014,59.260426
xtal_68.cif,./U3Si5/85/xtal_68.cif,40.27652,-86.69269
xtal_69.cif,./U3Si5/85/xtal_69.cif,45.349827,-64.83314
xtal_7.cif,./U3Si5/85/xtal_7.cif,-41.38212,11.425921
xtal_70.cif,./U3Si5/85/xtal_70.cif,-71.34477,-40.378574
xtal_71.cif,./U3Si5/85/xtal_71.cif,37.894302,-15.99011
xtal_72.cif,./U3Si5/85/xtal_72.cif,67.08353,-19.723988
xtal_73.cif,./U3Si5/__initial__/85/xtal_73.cif,78.80354,-0.2285383
xtal_74.cif,./U3Si5/__initial__/85/xtal_74.cif,48.390556,-11.781078
xtal_75.cif,./U3Si5/__initial__/85/xtal_75.cif,-21.906668,-47.905132
xtal_76.cif,./U3Si5/85/xtal_76.cif,-31.983824,-77.42768
xtal_77.cif,./U3Si5/__initial__/85/xtal_77.cif,109.92922,36.87915
xtal_78.cif,./U3Si5/__initial__/85/xtal_78.cif,94.48364,63.125183
xtal_79.cif,./U3Si5/85/xtal_79.cif,81.15775,2.975165
xtal_8.cif,./U3Si5/85/xtal_8.cif,-40.572243,-24.211384
xtal_80.cif,./U3Si5/85/xtal_80.cif,-14.013635,-60.057045
xtal_81.cif,./U3Si5/85/xtal_81.cif,33.046276,-44.978897
xtal_82.cif,./U3Si5/85/xtal_82.cif,25.341398,-49.46583
xtal_83.cif,./U3Si5/__initial__/85/xtal_83.cif,56.243126,23.22873
xtal_84.cif,./U3Si5/__initial__/85/xtal_84.cif,92.902336,71.046486
xtal_85.cif,./U3Si5/__initial__/85/xtal_85.cif,81.894135,31.961744
xtal_86.cif,./U3Si5/__initial__/85/xtal_86.cif,80.317665,42.697628
xtal_87.cif,./U3Si5/85/xtal_87.cif,89.81473,-28.293257
xtal_88.cif,./U3Si5/85/xtal_88.cif,-40.430702,2.5716002
xtal_89.cif,./U3Si5/85/xtal_89.cif,48.639706,-24.360315
xtal_9.cif,./U3Si5/85/xtal_9.cif,-30.361792,-80.87133
xtal_90.cif,./U3Si5/85/xtal_90.cif,91.653404,18.837626
xtal_91.cif,./U3Si5/85/xtal_91.cif,-70.42576,-30.459414
xtal_92.cif,./U3Si5/__initial__/85/xtal_92.cif,-4.6601214,70.18074
xtal_93.cif,./U3Si5/85/xtal_93.cif,-92.95115,-12.519402
xtal_94.cif,./U3Si5/85/xtal_94.cif,81.766304,-47.19644
xtal_95.cif,./U3Si5/85/xtal_95.cif,-32.43433,-50.784466
xtal_96.cif,./U3Si5/__initial__/85/xtal_96.cif,-29.249123,11.471129
xtal_97.cif,./U3Si5/85/xtal_97.cif,-55.9048,27.748276
xtal_98.cif,./U3Si5/__initial__/85/xtal_98.cif,-15.903339,95.303116
xtal_99.cif,./U3Si5/__initial__/85/xtal_99.cif,47.115017,-4.2553115
xtal_1.cif,./U3Si5/__initial__/86/xtal_1.cif,57.60572,-2.3290784
xtal_10.cif,./U3Si5/86/xtal_10.cif,42.11576,-66.84259
xtal_100.cif,./U3Si5/__initial__/86/xtal_100.cif,-24.359957,-6.926625
xtal_11.cif,./U3Si5/__initial__/86/xtal_11.cif,-46.209934,-72.70685
xtal_12.cif,./U3Si5/__initial__/86/xtal_12.cif,-20.219143,-89.45668
xtal_13.cif,./U3Si5/__initial__/86/xtal_13.cif,-33.58174,79.64297
xtal_14.cif,./U3Si5/__initial__/86/xtal_14.cif,115.2581,10.543372
xtal_15.cif,./U3Si5/__initial__/86/xtal_15.cif,-50.966175,57.38931
xtal_16.cif,./U3Si5/__initial__/86/xtal_16.cif,-26.048885,89.80841
xtal_17.cif,./U3Si5/__initial__/86/xtal_17.cif,-30.000898,-88.60853
xtal_18.cif,./U3Si5/__initial__/86/xtal_18.cif,12.633931,-99.37091
xtal_19.cif,./U3Si5/__initial__/86/xtal_19.cif,63.72188,-74.21799
xtal_2.cif,./U3Si5/86/xtal_2.cif,1.2865311,-86.80302
xtal_20.cif,./U3Si5/86/xtal_20.cif,13.751943,-43.09387
xtal_21.cif,./U3Si5/__initial__/86/xtal_21.cif,-67.5311,-5.64213
xtal_22.cif,./U3Si5/__initial__/86/xtal_22.cif,-7.9531417,49.45886
xtal_23.cif,./U3Si5/86/xtal_23.cif,-59.40161,-34.34116
xtal_24.cif,./U3Si5/__initial__/86/xtal_24.cif,-70.88277,-37.193333
xtal_25.cif,./U3Si5/__initial__/86/xtal_25.cif,-57.81565,-66.41569
xtal_26.cif,./U3Si5/__initial__/86/xtal_26.cif,-63.625923,40.612442
xtal_27.cif,./U3Si5/86/xtal_27.cif,-105.946686,-8.179739
xtal_28.cif,./U3Si5/__initial__/86/xtal_28.cif,-58.76828,-57.53022
xtal_29.cif,./U3Si5/__initial__/86/xtal_29.cif,-63.773552,40.27821
xtal_3.cif,./U3Si5/__initial__/86/xtal_3.cif,-27.321968,-14.436646
xtal_30.cif,./U3Si5/__initial__/86/xtal_30.cif,-26.751347,-85.49797
xtal_31.cif,./U3Si5/__initial__/86/xtal_31.cif,-92.47427,7.6858506
xtal_32.cif,./U3Si5/86/xtal_32.cif,-50.170895,-89.88964
xtal_33.cif,./U3Si5/__initial__/86/xtal_33.cif,59.467743,-33.10269
xtal_34.cif,./U3Si5/86/xtal_34.cif,44.266865,-93.82673
xtal_35.cif,./U3Si5/86/xtal_35.cif,-25.069435,-64.79575
xtal_36.cif,./U3Si5/__initial__/86/xtal_36.cif,-40.402863,36.065132
xtal_37.cif,./U3Si5/__initial__/86/xtal_37.cif,74.672745,25.362688
xtal_38.cif,./U3Si5/__initial__/86/xtal_38.cif,50.918224,16.422213
xtal_39.cif,./U3Si5/__initial__/86/xtal_39.cif,0.0055889306,-82.12338
xtal_4.cif,./U3Si5/__initial__/86/xtal_4.cif,-69.80332,44.333645
xtal_40.cif,./U3Si5/__initial__/86/xtal_40.cif,69.091286,-49.840702
xtal_41.cif,./U3Si5/__initial__/86/xtal_41.cif,15.9812,-60.60298
xtal_42.cif,./U3Si5/86/xtal_42.cif,-7.106778,-80.64404
xtal_43.cif,./U3Si5/__initial__/86/xtal_43.cif,62.9794,-75.2727
xtal_44.cif,./U3Si5/86/xtal_44.cif,22.84412,-87.29382
xtal_45.cif,./U3Si5/__initial__/86/xtal_45.cif,-60.572594,-50.96059
xtal_46.cif,./U3Si5/__initial__/86/xtal_46.cif,-18.48928,63.3934
xtal_47.cif,./U3Si5/__initial__/86/xtal_47.cif,-54.758785,32.687374
xtal_48.cif,./U3Si5/__initial__/86/xtal_48.cif,97.82785,52.06693
xtal_49.cif,./U3Si5/__initial__/86/xtal_49.cif,97.300865,-27.600807
xtal_5.cif,./U3Si5/__initial__/86/xtal_5.cif,81.460846,-19.003918
xtal_50.cif,./U3Si5/__initial__/86/xtal_50.cif,44.34081,-78.640495
xtal_51.cif,./U3Si5/__initial__/86/xtal_51.cif,-30.181791,69.078896
xtal_52.cif,./U3Si5/__initial__/86/xtal_52.cif,64.618935,22.869886
xtal_53.cif,./U3Si5/__initial__/86/xtal_53.cif,-29.80033,-74.92848
xtal_54.cif,./U3Si5/86/xtal_54.cif,8.451071,-95.89299
xtal_55.cif,./U3Si5/86/xtal_55.cif,-28.847244,-62.060955
xtal_56.cif,./U3Si5/__initial__/86/xtal_56.cif,-10.7639475,-97.46397
xtal_57.cif,./U3Si5/__initial__/86/xtal_57.cif,-40.31788,52.471657
xtal_58.cif,./U3Si5/__initial__/86/xtal_58.cif,-97.738716,10.383593
xtal_59.cif,./U3Si5/__initial__/86/xtal_59.cif,78.05208,-66.867256
xtal_6.cif,./U3Si5/86/xtal_6.cif,37.175255,-95.32546
xtal_60.cif,./U3Si5/__initial__/86/xtal_60.cif,-18.636305,11.691428
xtal_61.cif,./U3Si5/__initial__/86/xtal_61.cif,-5.1928835,-73.38856
xtal_62.cif,./U3Si5/86/xtal_62.cif,43.260307,-94.67027
xtal_63.cif,./U3Si5/__initial__/86/xtal_63.cif,-94.72273,-10.856945
xtal_64.cif,./U3Si5/__initial__/86/xtal_64.cif,-92.21546,-34.480457
xtal_65.cif,./U3Si5/__initial__/86/xtal_65.cif,97.776474,-45.0715
xtal_66.cif,./U3Si5/__initial__/86/xtal_66.cif,-6.3882556,49.773228
xtal_67.cif,./U3Si5/__initial__/86/xtal_67.cif,-23.934824,67.70254
xtal_68.cif,./U3Si5/__initial__/86/xtal_68.cif,-38.39381,-89.26836
xtal_69.cif,./U3Si5/86/xtal_69.cif,-7.254134,-69.95977
xtal_7.cif,./U3Si5/__initial__/86/xtal_7.cif,53.42802,-42.30347
xtal_70.cif,./U3Si5/__initial__/86/xtal_70.cif,61.45411,20.439564
xtal_71.cif,./U3Si5/__initial__/86/xtal_71.cif,30.23535,-79.72534
xtal_72.cif,./U3Si5/__initial__/86/xtal_72.cif,-31.54056,53.85095
xtal_73.cif,./U3Si5/86/xtal_73.cif,-18.499428,-67.005005
xtal_74.cif,./U3Si5/__initial__/86/xtal_74.cif,-29.640213,-68.67962
xtal_75.cif,./U3Si5/86/xtal_75.cif,-76.17019,-58.373856
xtal_76.cif,./U3Si5/__initial__/86/xtal_76.cif,-55.060204,-12.903618
xtal_77.cif,./U3Si5/__initial__/86/xtal_77.cif,65.074776,-43.15606
xtal_78.cif,./U3Si5/__initial__/86/xtal_78.cif,91.46289,-7.4717426
xtal_79.cif,./U3Si5/__initial__/86/xtal_79.cif,80.12037,-21.245453
xtal_8.cif,./U3Si5/__initial__/86/xtal_8.cif,-58.95489,37.07323
xtal_80.cif,./U3Si5/__initial__/86/xtal_80.cif,-70.63574,44.23987
xtal_81.cif,./U3Si5/86/xtal_81.cif,33.074017,-90.38205
xtal_82.cif,./U3Si5/86/xtal_82.cif,-82.10544,-8.693019
xtal_83.cif,./U3Si5/86/xtal_83.cif,-79.87928,23.191881
xtal_84.cif,./U3Si5/__initial__/86/xtal_84.cif,-47.59768,-4.3292623
xtal_85.cif,./U3Si5/__initial__/86/xtal_85.cif,-17.949137,-93.73195
xtal_86.cif,./U3Si5/86/xtal_86.cif,-17.301771,-84.60276
xtal_87.cif,./U3Si5/86/xtal_87.cif,-70.2968,5.4961114
xtal_88.cif,./U3Si5/86/xtal_88.cif,-82.09259,-26.068897
xtal_89.cif,./U3Si5/__initial__/86/xtal_89.cif,63.499756,14.668117
xtal_9.cif,./U3Si5/__initial__/86/xtal_9.cif,-20.809252,52.99535
xtal_90.cif,./U3Si5/__initial__/86/xtal_90.cif,-65.07498,-56.98084
xtal_91.cif,./U3Si5/__initial__/86/xtal_91.cif,-32.439606,-21.053778
xtal_92.cif,./U3Si5/__initial__/86/xtal_92.cif,0.1897551,78.12428
xtal_93.cif,./U3Si5/__initial__/86/xtal_93.cif,-56.678387,1.3726063
xtal_94.cif,./U3Si5/__initial__/86/xtal_94.cif,-42.30324,5.711646
xtal_95.cif,./U3Si5/__initial__/86/xtal_95.cif,-52.894825,-15.879637
xtal_96.cif,./U3Si5/86/xtal_96.cif,-99.802475,14.003339
xtal_97.cif,./U3Si5/__initial__/86/xtal_97.cif,112.39055,16.644665
xtal_98.cif,./U3Si5/__initial__/86/xtal_98.cif,-57.97438,-17.316557
xtal_99.cif,./U3Si5/__initial__/86/xtal_99.cif,-32.62606,-56.070007
xtal_1.cif,./U3Si5/87/xtal_1.cif,-31.657295,-76.30812
xtal_10.cif,./U3Si5/__initial__/87/xtal_10.cif,-21.261753,15.109799
xtal_100.cif,./U3Si5/87/xtal_100.cif,43.349174,-82.182144
xtal_11.cif,./U3Si5/87/xtal_11.cif,67.00234,-42.458443
xtal_12.cif,./U3Si5/__initial__/87/xtal_12.cif,89.2645,11.738868
xtal_13.cif,./U3Si5/87/xtal_13.cif,-33.752754,-94.080414
xtal_14.cif,./U3Si5/87/xtal_14.cif,-23.329197,-55.631603
xtal_15.cif,./U3Si5/87/xtal_15.cif,-28.846308,13.252445
xtal_16.cif,./U3Si5/__initial__/87/xtal_16.cif,113.1147,28.628027
xtal_17.cif,./U3Si5/__initial__/87/xtal_17.cif,-72.71977,73.14498
xtal_18.cif,./U3Si5/87/xtal_18.cif,-68.06218,-9.898491
xtal_19.cif,./U3Si5/87/xtal_19.cif,41.846226,3.708626
xtal_2.cif,./U3Si5/87/xtal_2.cif,-81.844154,-27.8156
xtal_20.cif,./U3Si5/87/xtal_20.cif,116.47763,3.663001
xtal_21.cif,./U3Si5/87/xtal_21.cif,76.189804,-52.172184
xtal_22.cif,./U3Si5/87/xtal_22.cif,6.222308,-67.87925
xtal_23.cif,./U3Si5/87/xtal_23.cif,68.28982,30.250822
xtal_24.cif,./U3Si5/87/xtal_24.cif,-81.54207,-40.97254
xtal_25.cif,./U3Si5/87/xtal_25.cif,65.77623,-47.790913
xtal_26.cif,./U3Si5/87/xtal_26.cif,54.656734,-39.603394
xtal_27.cif,./U3Si5/__initial__/87/xtal_27.cif,-14.228362,66.528435
xtal_28.cif,./U3Si5/87/xtal_28.cif,-49.540703,-68.3028
xtal_29.cif,./U3Si5/__initial__/87/xtal_29.cif,56.285637,27.831154
xtal_3.cif,./U3Si5/87/xtal_3.cif,-77.03823,-51.18585
xtal_30.cif,./U3Si5/__initial__/87/xtal_30.cif,43.731422,-11.826919
xtal_31.cif,./U3Si5/87/xtal_31.cif,-10.310558,73.643005
xtal_32.cif,./U3Si5/__initial__/87/xtal_32.cif,69.508804,33.867317
xtal_33.cif,./U3Si5/__initial__/87/xtal_33.cif,111.060555,29.479866
xtal_34.cif,./U3Si5/87/xtal_34.cif,-25.195755,-55.812847
xtal_35.cif,./U3Si5/__initial__/87/xtal_35.cif,96.9036,4.0998507
xtal_36.cif,./U3Si5/__initial__/87/xtal_36.cif,105.73768,22.59039
xtal_37.cif,./U3Si5/__initial__/87/xtal_37.cif,68.94876,33.417065
xtal_38.cif,./U3Si5/87/xtal_38.cif,-106.13402,-8.071703
xtal_39.cif,./U3Si5/87/xtal_39.cif,-72.89962,-40.760883
xtal_4.cif,./U3Si5/87/xtal_4.cif,-33.829605,4.9158335
xtal_40.cif,./U3Si5/87/xtal_40.cif,86.23747,-42.234436
xtal_41.cif,./U3Si5/87/xtal_41.cif,-49.72852,-67.09583
xtal_42.cif,./U3Si5/87/xtal_42.cif,96.35709,-46.089027
xtal_43.cif,./U3Si5/87/xtal_43.cif,-19.878592,-30.830067
xtal_44.cif,./U3Si5/87/xtal_44.cif,104.70453,-36.01688
xtal_45.cif,./U3Si5/87/xtal_45.cif,32.679035,-91.816376
xtal_46.cif,./U3Si5/__initial__/87/xtal_46.cif,113.397125,10.165033
xtal_47.cif,./U3Si5/__initial__/87/xtal_47.cif,4.7911973,106.16261
xtal_48.cif,./U3Si5/87/xtal_48.cif,77.57137,-58.894714
xtal_49.cif,./U3Si5/87/xtal_49.cif,63.97121,-58.67569
xtal_5.cif,./U3Si5/87/xtal_5.cif,-9.674299,-63.623882
xtal_50.cif,./U3Si5/87/xtal_50.cif,-37.50379,30.076365
xtal_51.cif,./U3Si5/87/xtal_51.cif,85.41174,38.059788
xtal_52.cif,./U3Si5/87/xtal_52.cif,115.47061,10.430129
xtal_53.cif,./U3Si5/87/xtal_53.cif,-45.911587,83.03117
xtal_54.cif,./U3Si5/87/xtal_54.cif,-28.08864,-30.675941
xtal_55.cif,./U3Si5/87/xtal_55.cif,98.77447,-37.136547
xtal_56.cif,./U3Si5/87/xtal_56.cif,65.608955,34.888283
xtal_57.cif,./U3Si5/87/xtal_57.cif,61.037903,-55.73992
xtal_58.cif,./U3Si5/87/xtal_58.cif,-6.477554,-75.34847
xtal_59.cif,./U3Si5/87/xtal_59.cif,-97.66013,15.311279
xtal_6.cif,./U3Si5/__initial__/87/xtal_6.cif,92.24169,60.29749
xtal_60.cif,./U3Si5/__initial__/87/xtal_60.cif,55.035816,-85.720695
xtal_61.cif,./U3Si5/87/xtal_61.cif,68.83566,34.44548
xtal_62.cif,./U3Si5/__initial__/87/xtal_62.cif,83.35236,65.956604
xtal_63.cif,./U3Si5/__initial__/87/xtal_63.cif,-26.206749,28.115479
xtal_64.cif,./U3Si5/87/xtal_64.cif,-45.966187,-89.6652
xtal_65.cif,./U3Si5/87/xtal_65.cif,-49.491985,-67.46633
xtal_66.cif,./U3Si5/87/xtal_66.cif,75.59809,-54.98098
xtal_67.cif,./U3Si5/__initial__/87/xtal_67.cif,-19.848892,95.56678
xtal_68.cif,./U3Si5/87/xtal_68.cif,86.10714,-42.872738
xtal_69.cif,./U3Si5/87/xtal_69.cif,-77.53198,-5.6182556
xtal_7.cif,./U3Si5/__initial__/87/xtal_7.cif,41.167828,-60.528183
xtal_70.cif,./U3Si5/__initial__/87/xtal_70.cif,79.15512,57.757416
xtal_71.cif,./U3Si5/__initial__/87/xtal_71.cif,76.05672,-51.58702
xtal_72.cif,./U3Si5/87/xtal_72.cif,65.12136,13.925394
xtal_73.cif,./U3Si5/87/xtal_73.cif,56.68145,-12.269376
xtal_74.cif,./U3Si5/__initial__/87/xtal_74.cif,-69.31836,39.38191
xtal_75.cif,./U3Si5/87/xtal_75.cif,64.79619,-49.40651
xtal_76.cif,./U3Si5/87/xtal_76.cif,91.52638,-11.20342
xtal_77.cif,./U3Si5/__initial__/87/xtal_77.cif,76.356285,-14.109354
xtal_78.cif,./U3Si5/__initial__/87/xtal_78.cif,112.31731,16.701477
xtal_79.cif,./U3Si5/87/xtal_79.cif,95.92175,-29.474752
xtal_8.cif,./U3Si5/87/xtal_8.cif,104.4044,7.1482663
xtal_80.cif,./U3Si5/__initial__/87/xtal_80.cif,-20.241955,64.96787
xtal_81.cif,./U3Si5/87/xtal_81.cif,75.89167,-51.39641
xtal_82.cif,./U3Si5/87/xtal_82.cif,-73.06665,-59.70117
xtal_83.cif,./U3Si5/__initial__/87/xtal_83.cif,-1.0995191,104.29426
xtal_84.cif,./U3Si5/87/xtal_84.cif,105.79659,-38.990173
xtal_85.cif,./U3Si5/87/xtal_85.cif,109.8408,5.613173
xtal_86.cif,./U3Si5/__initial__/87/xtal_86.cif,88.62141,49.35145
xtal_87.cif,./U3Si5/87/xtal_87.cif,110.27952,5.1677303
xtal_88.cif,./U3Si5/87/xtal_88.cif,67.65665,14.991584
xtal_89.cif,./U3Si5/__initial__/87/xtal_89.cif,87.133026,60.28459
xtal_9.cif,./U3Si5/__initial__/87/xtal_9.cif,92.70794,61.503094
xtal_90.cif,./U3Si5/__initial__/87/xtal_90.cif,-23.506216,91.11666
xtal_91.cif,./U3Si5/__initial__/87/xtal_91.cif,-1.6937191,85.97491
xtal_92.cif,./U3Si5/87/xtal_92.cif,-54.162727,27.552597
xtal_93.cif,./U3Si5/87/xtal_93.cif,99.1188,20.040422
xtal_94.cif,./U3Si5/__initial__/87/xtal_94.cif,116.06033,29.331038
xtal_95.cif,./U3Si5/__initial__/87/xtal_95.cif,85.46938,58.888355
xtal_96.cif,./U3Si5/87/xtal_96.cif,-27.69653,-6.7859745
xtal_97.cif,./U3Si5/87/xtal_97.cif,-52.177242,-6.7522035
xtal_98.cif,./U3Si5/87/xtal_98.cif,-6.5098314,-70.461075
xtal_99.cif,./U3Si5/__initial__/87/xtal_99.cif,-43.881382,85.286575
xtal_1.cif,./U3Si5/__initial__/89/xtal_1.cif,-50.46733,6.386906
xtal_10.cif,./U3Si5/89/xtal_10.cif,37.809334,-35.22983
xtal_100.cif,./U3Si5/__initial__/89/xtal_100.cif,-8.718761,21.478798
xtal_11.cif,./U3Si5/__initial__/89/xtal_11.cif,45.05362,-4.888212
xtal_12.cif,./U3Si5/89/xtal_12.cif,39.386967,-78.79735
xtal_13.cif,./U3Si5/__initial__/89/xtal_13.cif,106.56373,-13.62511
xtal_14.cif,./U3Si5/__initial__/89/xtal_14.cif,71.627045,29.6177
xtal_15.cif,./U3Si5/__initial__/89/xtal_15.cif,90.58722,-10.741678
xtal_16.cif,./U3Si5/__initial__/89/xtal_16.cif,88.02298,-53.22836
xtal_17.cif,./U3Si5/__initial__/89/xtal_17.cif,85.78959,38.328278
xtal_18.cif,./U3Si5/__initial__/89/xtal_18.cif,59.079834,24.023195
xtal_19.cif,./U3Si5/__initial__/89/xtal_19.cif,-0.84289855,-92.48206
xtal_2.cif,./U3Si5/__initial__/89/xtal_2.cif,91.72269,-10.571423
xtal_20.cif,./U3Si5/89/xtal_20.cif,76.18577,-78.321945
xtal_21.cif,./U3Si5/89/xtal_21.cif,42.638805,2.2849386
xtal_22.cif,./U3Si5/89/xtal_22.cif,32.42919,-68.87337
xtal_23.cif,./U3Si5/__initial__/89/xtal_23.cif,88.45153,18.870754
xtal_24.cif,./U3Si5/89/xtal_24.cif,63.55258,-39.45766
xtal_25.cif,./U3Si5/89/xtal_25.cif,-85.28591,24.82869
xtal_26.cif,./U3Si5/89/xtal_26.cif,-79.68905,-23.072495
xtal_27.cif,./U3Si5/89/xtal_27.cif,12.122615,64.59932
xtal_28.cif,./U3Si5/__initial__/89/xtal_28.cif,52.881023,18.604158
xtal_29.cif,./U3Si5/__initial__/89/xtal_29.cif,2.1707199,82.50758
xtal_3.cif,./U3Si5/89/xtal_3.cif,-24.84912,-81.53888
xtal_30.cif,./U3Si5/__initial__/89/xtal_30.cif,49.927242,-18.38518
xtal_31.cif,./U3Si5/__initial__/89/xtal_31.cif,74.63789,12.311321
xtal_32.cif,./U3Si5/89/xtal_32.cif,-72.40394,-29.891682
xtal_33.cif,./U3Si5/89/xtal_33.cif,-85.22782,49.456436
xtal_34.cif,./U3Si5/89/xtal_34.cif,-16.419067,-59.873802
xtal_35.cif,./U3Si5/89/xtal_35.cif,-9.349281,-51.01571
xtal_36.cif,./U3Si5/__initial__/89/xtal_36.cif,-18.88009,89.11632
xtal_37.cif,./U3Si5/__initial__/89/xtal_37.cif,-25.802988,49.310543
xtal_38.cif,./U3Si5/__initial__/89/xtal_38.cif,-38.266445,14.390713
xtal_39.cif,./U3Si5/__initial__/89/xtal_39.cif,78.79779,43.519714
xtal_4.cif,./U3Si5/89/xtal_4.cif,48.18052,-58.579136
xtal_40.cif,./U3Si5/89/xtal_40.cif,75.885704,-52.061623
xtal_41.cif,./U3Si5/89/xtal_41.cif,77.38105,54.665436
xtal_42.cif,./U3Si5/__initial__/89/xtal_42.cif,-10.475457,-69.29699
xtal_43.cif,./U3Si5/89/xtal_43.cif,75.127716,-80.75915
xtal_44.cif,./U3Si5/89/xtal_44.cif,30.070272,-74.75937
xtal_45.cif,./U3Si5/89/xtal_45.cif,55.194695,24.74832
xtal_46.cif,./U3Si5/__initial__/89/xtal_46.cif,55.93558,-67.419685
xtal_47.cif,./U3Si5/__initial__/89/xtal_47.cif,-39.877815,13.805022
xtal_48.cif,./U3Si5/__initial__/89/xtal_48.cif,-48.005817,-45.16891
xtal_49.cif,./U3Si5/__initial__/89/xtal_49.cif,80.67684,-38.409218
xtal_5.cif,./U3Si5/__initial__/89/xtal_5.cif,111.66612,16.549133
xtal_50.cif,./U3Si5/89/xtal_50.cif,47.34443,4.98376
xtal_51.cif,./U3Si5/89/xtal_51.cif,74.56708,-76.39371
xtal_52.cif,./U3Si5/__initial__/89/xtal_52.cif,70.78284,4.1825485
xtal_53.cif,./U3Si5/__initial__/89/xtal_53.cif,93.81733,-3.214831
xtal_54.cif,./U3Si5/__initial__/89/xtal_54.cif,86.38035,-51.75571
xtal_55.cif,./U3Si5/__initial__/89/xtal_55.cif,93.426865,68.103516
xtal_56.cif,./U3Si5/__initial__/89/xtal_56.cif,67.628105,46.155365
xtal_57.cif,./U3Si5/__initial__/89/xtal_57.cif,-29.823412,-61.583687
xtal_58.cif,./U3Si5/89/xtal_58.cif,-9.439887,-46.85859
xtal_59.cif,./U3Si5/__initial__/89/xtal_59.cif,88.01213,-28.688501
xtal_6.cif,./U3Si5/__initial__/89/xtal_6.cif,-40.4488,-76.20633
xtal_60.cif,./U3Si5/__initial__/89/xtal_60.cif,-29.390179,76.75747
xtal_61.cif,./U3Si5/__initial__/89/xtal_61.cif,-38.044827,-45.62792
xtal_62.cif,./U3Si5/89/xtal_62.cif,25.84931,-41.9553
xtal_63.cif,./U3Si5/89/xtal_63.cif,-55.954517,-18.797945
xtal_64.cif,./U3Si5/__initial__/89/xtal_64.cif,-8.693226,-52.883034
xtal_65.cif,./U3Si5/__initial__/89/xtal_65.cif,69.20446,5.103525
xtal_66.cif,./U3Si5/__initial__/89/xtal_66.cif,63.522194,-28.112293
xtal_67.cif,./U3Si5/89/xtal_67.cif,41.631683,-0.6915094
xtal_68.cif,./U3Si5/89/xtal_68.cif,91.31271,-58.936554
xtal_69.cif,./U3Si5/__initial__/89/xtal_69.cif,97.51454,43.12595
xtal_7.cif,./U3Si5/__initial__/89/xtal_7.cif,63.47695,-85.166275
xtal_70.cif,./U3Si5/89/xtal_70.cif,-76.64762,48.010788
xtal_71.cif,./U3Si5/__initial__/89/xtal_71.cif,-4.751852,18.615013
xtal_72.cif,./U3Si5/__initial__/89/xtal_72.cif,87.377,59.807068
xtal_73.cif,./U3Si5/89/xtal_73.cif,-14.472422,-80.57556
xtal_74.cif,./U3Si5/__initial__/89/xtal_74.cif,-61.626217,39.255764
xtal_75.cif,./U3Si5/__initial__/89/xtal_75.cif,-31.814907,29.76431
xtal_76.cif,./U3Si5/__initial__/89/xtal_76.cif,15.747959,-93.165215
xtal_77.cif,./U3Si5/__initial__/89/xtal_77.cif,-37.366436,80.14049
xtal_78.cif,./U3Si5/89/xtal_78.cif,76.09969,-78.085236
xtal_79.cif,./U3Si5/__initial__/89/xtal_79.cif,-37.981598,43.34744
xtal_8.cif,./U3Si5/__initial__/89/xtal_8.cif,59.895603,-13.684237
xtal_80.cif,./U3Si5/__initial__/89/xtal_80.cif,22.471746,-46.642517
xtal_81.cif,./U3Si5/__initial__/89/xtal_81.cif,51.51816,-22.85726
xtal_82.cif,./U3Si5/89/xtal_82.cif,-42.75268,-45.95766
xtal_83.cif,./U3Si5/__initial__/89/xtal_83.cif,-36.336506,40.21746
xtal_84.cif,./U3Si5/__initial__/89/xtal_84.cif,49.8307,-40.290096
xtal_85.cif,./U3Si5/__initial__/89/xtal_85.cif,82.367325,-25.19251
xtal_86.cif,./U3Si5/89/xtal_86.cif,62.379635,-39.16342
xtal_87.cif,./U3Si5/__initial__/89/xtal_87.cif,95.71174,18.410162
xtal_88.cif,./U3Si5/89/xtal_88.cif,79.414185,-75.005005
xtal_89.cif,./U3Si5/89/xtal_89.cif,31.306154,-85.10333
xtal_9.cif,./U3Si5/__initial__/89/xtal_9.cif,-18.27439,85.407616
xtal_90.cif,./U3Si5/89/xtal_90.cif,65.64754,-44.34901
xtal_91.cif,./U3Si5/__initial__/89/xtal_91.cif,88.909164,10.237205
xtal_92.cif,./U3Si5/__initial__/89/xtal_92.cif,87.88647,58.60948
xtal_93.cif,./U3Si5/89/xtal_93.cif,-53.4952,24.213842
xtal_94.cif,./U3Si5/__initial__/89/xtal_94.cif,61.431404,14.461973
xtal_95.cif,./U3Si5/__initial__/89/xtal_95.cif,-49.84719,-6.510615
xtal_96.cif,./U3Si5/89/xtal_96.cif,28.299593,-29.789644
xtal_97.cif,./U3Si5/__initial__/89/xtal_97.cif,-40.713654,-76.4733
xtal_98.cif,./U3Si5/__initial__/89/xtal_98.cif,0.6662569,62.190334
xtal_99.cif,./U3Si5/__initial__/89/xtal_99.cif,64.81811,35.059853
xtal_1.cif,./U3Si5/__initial__/90/xtal_1.cif,59.56115,-82.29298
xtal_10.cif,./U3Si5/__initial__/90/xtal_10.cif,54.467842,13.336918
xtal_100.cif,./U3Si5/90/xtal_100.cif,0.22252779,-66.68249
xtal_11.cif,./U3Si5/__initial__/90/xtal_11.cif,-85.95021,-13.567271
xtal_12.cif,./U3Si5/__initial__/90/xtal_12.cif,106.84481,20.692965
xtal_13.cif,./U3Si5/__initial__/90/xtal_13.cif,95.198685,-5.1243753
xtal_14.cif,./U3Si5/90/xtal_14.cif,59.19742,-45.427826
xtal_15.cif,./U3Si5/90/xtal_15.cif,42.646908,-29.696985
xtal_16.cif,./U3Si5/90/xtal_16.cif,-5.627197,-61.10861
xtal_17.cif,./U3Si5/__initial__/90/xtal_17.cif,-10.440573,82.72572
xtal_18.cif,./U3Si5/__initial__/90/xtal_18.cif,-53.512444,-9.443761
xtal_19.cif,./U3Si5/__initial__/90/xtal_19.cif,6.006182,-45.7642
xtal_2.cif,./U3Si5/90/xtal_2.cif,22.71943,-107.08223
xtal_20.cif,./U3Si5/__initial__/90/xtal_20.cif,59.897892,-13.700408
xtal_21.cif,./U3Si5/__initial__/90/xtal_21.cif,-28.507334,68.843414
xtal_22.cif,./U3Si5/__initial__/90/xtal_22.cif,-24.683521,13.372259
xtal_23.cif,./U3Si5/__initial__/90/xtal_23.cif,81.34759,-53.93203
xtal_24.cif,./U3Si5/__initial__/90/xtal_24.cif,111.00476,-1.8142332
xtal_25.cif,./U3Si5/90/xtal_25.cif,30.42428,-80.39904
xtal_26.cif,./U3Si5/__initial__/90/xtal_26.cif,-29.353464,-14.909022
xtal_27.cif,./U3Si5/__initial__/90/xtal_27.cif,92.32505,-10.994142
xtal_28.cif,./U3Si5/__initial__/90/xtal_28.cif,-39.13887,-91.17168
xtal_29.cif,./U3Si5/__initial__/90/xtal_29.cif,101.83289,-35.91135
xtal_3.cif,./U3Si5/__initial__/90/xtal_3.cif,47.470573,20.289469
xtal_30.cif,./U3Si5/__initial__/90/xtal_30.cif,4.9803114,101.75755
xtal_31.cif,./U3Si5/__initial__/90/xtal_31.cif,95.604935,-5.777709
xtal_32.cif,./U3Si5/__initial__/90/xtal_32.cif,-73.558784,-48.026966
xtal_33.cif,./U3Si5/90/xtal_33.cif,1.2361665,-99.42743
xtal_34.cif,./U3Si5/90/xtal_34.cif,-32.273094,-44.145252
xtal_35.cif,./U3Si5/__initial__/90/xtal_35.cif,88.09121,57.2048
xtal_36.cif,./U3Si5/__initial__/90/xtal_36.cif,75.3025,61.388844
xtal_37.cif,./U3Si5/90/xtal_37.cif,-15.643127,-91.7641
xtal_38.cif,./U3Si5/90/xtal_38.cif,-26.781294,-85.542076
xtal_39.cif,./U3Si5/__initial__/90/xtal_39.cif,-34.379986,20.619625
xtal_4.cif,./U3Si5/90/xtal_4.cif,-2.7226417,-42.959934
xtal_40.cif,./U3Si5/90/xtal_40.cif,57.851566,-58.583984
xtal_41.cif,./U3Si5/90/xtal_41.cif,-0.7738112,-98.80718
xtal_42.cif,./U3Si5/90/xtal_42.cif,48.218475,-62.139706
xtal_43.cif,./U3Si5/90/xtal_43.cif,-20.269423,-37.543987
xtal_44.cif,./U3Si5/90/xtal_44.cif,-50.923985,47.398537
xtal_45.cif,./U3Si5/__initial__/90/xtal_45.cif,-31.639776,63.875202
xtal_46.cif,./U3Si5/90/xtal_46.cif,53.629498,-78.613655
xtal_47.cif,./U3Si5/__initial__/90/xtal_47.cif,80.210236,58.803864
xtal_48.cif,./U3Si5/90/xtal_48.cif,-38.206203,31.238224
xtal_49.cif,./U3Si5/90/xtal_49.cif,5.7538967,-93.26246
xtal_5.cif,./U3Si5/90/xtal_5.cif,8.399823,-12.4235
xtal_50.cif,./U3Si5/90/xtal_50.cif,27.179855,-52.62792
xtal_51.cif,./U3Si5/90/xtal_51.cif,-77.59488,53.56047
xtal_52.cif,./U3Si5/90/xtal_52.cif,-39.10001,-82.42963
xtal_53.cif,./U3Si5/90/xtal_53.cif,-26.808857,-1.8763653
xtal_54.cif,./U3Si5/90/xtal_54.cif,-59.13804,-58.493183
xtal_55.cif,./U3Si5/__initial__/90/xtal_55.cif,-53.79569,-70.65864
xtal_56.cif,./U3Si5/90/xtal_56.cif,38.344013,-42.506153
xtal_57.cif,./U3Si5/__initial__/90/xtal_57.cif,-28.77802,71.05967
xtal_58.cif,./U3Si5/90/xtal_58.cif,-79.54636,-1.041176
xtal_59.cif,./U3Si5/90/xtal_59.cif,27.423422,-84.52947
xtal_6.cif,./U3Si5/__initial__/90/xtal_6.cif,95.141205,-14.023892
xtal_60.cif,./U3Si5/__initial__/90/xtal_60.cif,77.9313,40.557636
xtal_61.cif,./U3Si5/__initial__/90/xtal_61.cif,-43.633793,15.281925
xtal_62.cif,./U3Si5/__initial__/90/xtal_62.cif,48.370842,21.550058
xtal_63.cif,./U3Si5/90/xtal_63.cif,-26.865475,-36.993618
xtal_64.cif,./U3Si5/__initial__/90/xtal_64.cif,-36.39599,80.67373
xtal_65.cif,./U3Si5/90/xtal_65.cif,-47.015522,28.854313
xtal_66.cif,./U3Si5/__initial__/90/xtal_66.cif,-36.576904,32.902153
xtal_67.cif,./U3Si5/90/xtal_67.cif,23.306633,-73.705536
xtal_68.cif,./U3Si5/__initial__/90/xtal_68.cif,-16.344852,-78.76939
xtal_69.cif,./U3Si5/__initial__/90/xtal_69.cif,-6.759288,73.3815
xtal_7.cif,./U3Si5/90/xtal_7.cif,-57.011143,87.2042
xtal_70.cif,./U3Si5/__initial__/90/xtal_70.cif,72.02069,-41.95427
xtal_71.cif,./U3Si5/__initial__/90/xtal_71.cif,68.92916,-44.80011
xtal_72.cif,./U3Si5/__initial__/90/xtal_72.cif,49.102863,27.253412
xtal_73.cif,./U3Si5/__initial__/90/xtal_73.cif,-8.3066225,17.7029
xtal_74.cif,./U3Si5/__initial__/90/xtal_74.cif,105.064735,12.925149
xtal_75.cif,./U3Si5/__initial__/90/xtal_75.cif,-49.413853,52.829517
xtal_76.cif,./U3Si5/__initial__/90/xtal_76.cif,59.65604,-12.224576
xtal_77.cif,./U3Si5/__initial__/90/xtal_77.cif,57.428234,15.112585
xtal_78.cif,./U3Si5/90/xtal_78.cif,-35.48014,-75.50857
xtal_79.cif,./U3Si5/__initial__/90/xtal_79.cif,59.5925,-30.543753
xtal_8.cif,./U3Si5/__initial__/90/xtal_8.cif,-43.53594,51.99408
xtal_80.cif,./U3Si5/__initial__/90/xtal_80.cif,-34.294712,12.983263
xtal_81.cif,./U3Si5/__initial__/90/xtal_81.cif,-7.3409457,76.66517
xtal_82.cif,./U3Si5/90/xtal_82.cif,46.81789,-74.76719
xtal_83.cif,./U3Si5/__initial__/90/xtal_83.cif,40.5045,8.278564
xtal_84.cif,./U3Si5/90/xtal_84.cif,-2.0648496,-62.147217
xtal_85.cif,./U3Si5/__initial__/90/xtal_85.cif,108.03997,17.326807
xtal_86.cif,./U3Si5/__initial__/90/xtal_86.cif,105.26792,-40.92484
xtal_87.cif,./U3Si5/__initial__/90/xtal_87.cif,80.201195,50.590076
xtal_88.cif,./U3Si5/__initial__/90/xtal_88.cif,99.63712,15.983607
xtal_89.cif,./U3Si5/__initial__/90/xtal_89.cif,83.563324,-73.88464
xtal_9.cif,./U3Si5/__initial__/90/xtal_9.cif,47.47581,2.4970295
xtal_90.cif,./U3Si5/90/xtal_90.cif,-15.387719,-101.02169
xtal_91.cif,./U3Si5/__initial__/90/xtal_91.cif,94.924065,-22.470789
xtal_92.cif,./U3Si5/90/xtal_92.cif,-41.904205,-45.955826
xtal_93.cif,./U3Si5/90/xtal_93.cif,-17.861336,-89.04479
xtal_94.cif,./U3Si5/__initial__/90/xtal_94.cif,-33.83295,5.4284315
xtal_95.cif,./U3Si5/90/xtal_95.cif,9.328987,-75.80489
xtal_96.cif,./U3Si5/__initial__/90/xtal_96.cif,-62.529896,48.084976
xtal_97.cif,./U3Si5/__initial__/90/xtal_97.cif,67.93228,34.633587
xtal_98.cif,./U3Si5/__initial__/90/xtal_98.cif,104.22229,-3.138777
xtal_99.cif,./U3Si5/90/xtal_99.cif,-50.01962,-86.91654
xtal_1.cif,./U3Si5/__initial__/93/xtal_1.cif,-28.35388,10.631272
xtal_10.cif,./U3Si5/__initial__/93/xtal_10.cif,46.06819,6.9554834
xtal_100.cif,./U3Si5/93/xtal_100.cif,12.674422,-72.117134
xtal_11.cif,./U3Si5/__initial__/93/xtal_11.cif,-28.802431,77.49633
xtal_12.cif,./U3Si5/__initial__/93/xtal_12.cif,-33.911636,-47.62439
xtal_13.cif,./U3Si5/__initial__/93/xtal_13.cif,-30.141119,-36.703358
xtal_14.cif,./U3Si5/93/xtal_14.cif,-5.0868073,-21.96177
xtal_15.cif,./U3Si5/93/xtal_15.cif,-62.58005,53.563343
xtal_16.cif,./U3Si5/93/xtal_16.cif,96.28549,-46.15743
xtal_17.cif,./U3Si5/93/xtal_17.cif,-35.678276,-59.54158
xtal_18.cif,./U3Si5/__initial__/93/xtal_18.cif,57.964836,-70.91691
xtal_19.cif,./U3Si5/93/xtal_19.cif,-15.085324,-88.644356
xtal_2.cif,./U3Si5/93/xtal_2.cif,79.33808,-69.94444
xtal_20.cif,./U3Si5/__initial__/93/xtal_20.cif,-59.817802,14.185007
xtal_21.cif,./U3Si5/93/xtal_21.cif,4.1112647,-92.430176
xtal_22.cif,./U3Si5/__initial__/93/xtal_22.cif,-17.645922,19.641226
xtal_23.cif,./U3Si5/93/xtal_23.cif,-93.54898,0.51007825
xtal_24.cif,./U3Si5/__initial__/93/xtal_24.cif,77.60846,-42.184814
xtal_25.cif,./U3Si5/93/xtal_25.cif,38.800266,-78.95081
xtal_26.cif,./U3Si5/93/xtal_26.cif,-9.18651,2.7036512
xtal_27.cif,./U3Si5/__initial__/93/xtal_27.cif,-37.652653,-5.672773
xtal_28.cif,./U3Si5/__initial__/93/xtal_28.cif,45.968777,7.247943
xtal_29.cif,./U3Si5/93/xtal_29.cif,-79.13104,35.053562
xtal_3.cif,./U3Si5/__initial__/93/xtal_3.cif,-47.394855,-42.828194
xtal_30.cif,./U3Si5/__initial__/93/xtal_30.cif,68.504196,-50.444496
xtal_31.cif,./U3Si5/93/xtal_31.cif,41.39746,-27.0361
xtal_32.cif,./U3Si5/__initial__/93/xtal_32.cif,-71.37929,-48.655006
xtal_33.cif,./U3Si5/__initial__/93/xtal_33.cif,84.79269,26.761093
xtal_34.cif,./U3Si5/__initial__/93/xtal_34.cif,95.239685,-39.648426
xtal_35.cif,./U3Si5/__initial__/93/xtal_35.cif,-30.020285,75.58569
xtal_36.cif,./U3Si5/__initial__/93/xtal_36.cif,-31.333307,46.167458
xtal_37.cif,./U3Si5/93/xtal_37.cif,-87.298355,46.321003
xtal_38.cif,./U3Si5/93/xtal_38.cif,41.690117,-73.603966
xtal_39.cif,./U3Si5/93/xtal_39.cif,44.080574,-73.4646
xtal_4.cif,./U3Si5/93/xtal_4.cif,20.75473,-90.61955
xtal_40.cif,./U3Si5/__initial__/93/xtal_40.cif,-45.195076,-79.23303
xtal_41.cif,./U3Si5/93/xtal_41.cif,-57.5733,-3.1712518
xtal_42.cif,./U3Si5/__initial__/93/xtal_42.cif,-33.069355,-66.927475
xtal_43.cif,./U3Si5/__initial__/93/xtal_43.cif,-56.49975,43.073826
xtal_44.cif,./U3Si5/93/xtal_44.cif,-70.300766,-12.705992
xtal_45.cif,./U3Si5/__initial__/93/xtal_45.cif,-51.63979,8.823104
xtal_46.cif,./U3Si5/__initial__/93/xtal_46.cif,47.63636,-60.842678
xtal_47.cif,./U3Si5/93/xtal_47.cif,-27.519796,-69.492424
xtal_48.cif,./U3Si5/__initial__/93/xtal_48.cif,104.20634,-4.640791
xtal_49.cif,./U3Si5/__initial__/93/xtal_49.cif,63.40237,27.243141
xtal_5.cif,./U3Si5/__initial__/93/xtal_5.cif,-43.374325,-22.733273
xtal_50.cif,./U3Si5/93/xtal_50.cif,-16.58681,-93.88468
xtal_51.cif,./U3Si5/__initial__/93/xtal_51.cif,56.120544,26.830019
xtal_52.cif,./U3Si5/93/xtal_52.cif,-18.760597,-65.66129
xtal_53.cif,./U3Si5/93/xtal_53.cif,-7.6517305,-70.848305
xtal_54.cif,./U3Si5/93/xtal_54.cif,-15.636072,-84.50849
xtal_55.cif,./U3Si5/93/xtal_55.cif,-0.6947023,-88.71108
xtal_56.cif,./U3Si5/93/xtal_56.cif,77.38975,-63.754803
xtal_57.cif,./U3Si5/__initial__/93/xtal_57.cif,40.039074,7.6461334
xtal_58.cif,./U3Si5/93/xtal_58.cif,-58.04718,-20.58374
xtal_59.cif,./U3Si5/93/xtal_59.cif,2.3200285,-90.63237
xtal_6.cif,./U3Si5/__initial__/93/xtal_6.cif,5.4901333,63.482334
xtal_60.cif,./U3Si5/__initial__/93/xtal_60.cif,-44.824745,23.174726
xtal_61.cif,./U3Si5/93/xtal_61.cif,-63.300137,-64.25869
xtal_62.cif,./U3Si5/__initial__/93/xtal_62.cif,50.530117,-47.065006
xtal_63.cif,./U3Si5/93/xtal_63.cif,94.882866,-54.04336
xtal_64.cif,./U3Si5/93/xtal_64.cif,-6.5237255,-75.40958
xtal_65.cif,./U3Si5/__initial__/93/xtal_65.cif,59.53988,-6.2532067
xtal_66.cif,./U3Si5/__initial__/93/xtal_66.cif,-64.59738,-13.617769
xtal_67.cif,./U3Si5/__initial__/93/xtal_67.cif,-48.273922,20.611994
xtal_68.cif,./U3Si5/__initial__/93/xtal_68.cif,-27.801308,67.31171
xtal_69.cif,./U3Si5/__initial__/93/xtal_69.cif,107.45942,-20.369122
xtal_7.cif,./U3Si5/__initial__/93/xtal_7.cif,93.17548,31.458366
xtal_70.cif,./U3Si5/93/xtal_70.cif,-60.677967,23.52125
xtal_71.cif,./U3Si5/__initial__/93/xtal_71.cif,64.31731,36.853977
xtal_72.cif,./U3Si5/__initial__/93/xtal_72.cif,2.5885305,69.296394
xtal_73.cif,./U3Si5/93/xtal_73.cif,-27.241554,-79.92768
xtal_74.cif,./U3Si5/93/xtal_74.cif,-19.190475,-66.84144
xtal_75.cif,./U3Si5/93/xtal_75.cif,-38.46345,-89.129555
xtal_76.cif,./U3Si5/93/xtal_76.cif,62.874912,-19.496063
xtal_77.cif,./U3Si5/93/xtal_77.cif,-0.15769799,-88.40527
xtal_78.cif,./U3Si5/93/xtal_78.cif,-21.436523,-57.965054
xtal_79.cif,./U3Si5/93/xtal_79.cif,23.670132,-85.09781
xtal_8.cif,./U3Si5/93/xtal_8.cif,12.54752,-105.21892
xtal_80.cif,./U3Si5/93/xtal_80.cif,28.360077,-53.819942
xtal_81.cif,./U3Si5/__initial__/93/xtal_81.cif,-51.15811,25.10681
xtal_82.cif,./U3Si5/__initial__/93/xtal_82.cif,29.472263,-24.568733
xtal_83.cif,./U3Si5/93/xtal_83.cif,-18.176542,-39.184723
xtal_84.cif,./U3Si5/93/xtal_84.cif,-30.78274,-0.9253542
xtal_85.cif,./U3Si5/93/xtal_85.cif,-56.81747,74.2921
xtal_86.cif,./U3Si5/__initial__/93/xtal_86.cif,72.35723,-28.99017
xtal_87.cif,./U3Si5/__initial__/93/xtal_87.cif,-43.57616,15.498612
xtal_88.cif,./U3Si5/__initial__/93/xtal_88.cif,-27.927658,88.13981
xtal_89.cif,./U3Si5/__initial__/93/xtal_89.cif,93.808754,25.293983
xtal_9.cif,./U3Si5/__initial__/93/xtal_9.cif,-37.935402,41.226078
xtal_90.cif,./U3Si5/93/xtal_90.cif,-29.54402,-61.8531
xtal_91.cif,./U3Si5/93/xtal_91.cif,-59.524933,25.64535
xtal_92.cif,./U3Si5/__initial__/93/xtal_92.cif,16.238796,-60.180153
xtal_93.cif,./U3Si5/93/xtal_93.cif,-62.932903,-53.49328
xtal_94.cif,./U3Si5/__initial__/93/xtal_94.cif,-48.141186,-2.6217647
xtal_95.cif,./U3Si5/__initial__/93/xtal_95.cif,-17.698042,-73.869415
xtal_96.cif,./U3Si5/__initial__/93/xtal_96.cif,-51.733616,8.664906
xtal_97.cif,./U3Si5/__initial__/93/xtal_97.cif,-29.78213,18.40357
xtal_98.cif,./U3Si5/__initial__/93/xtal_98.cif,-2.1297872,90.28827
xtal_99.cif,./U3Si5/__initial__/93/xtal_99.cif,115.14899,25.62836
xtal_1.cif,./U3Si5/__initial__/94/xtal_1.cif,47.11173,-91.87291
xtal_10.cif,./U3Si5/__initial__/94/xtal_10.cif,89.3687,2.9049163
xtal_100.cif,./U3Si5/__initial__/94/xtal_100.cif,40.04718,-57.86273
xtal_11.cif,./U3Si5/__initial__/94/xtal_11.cif,60.923676,8.999172
xtal_12.cif,./U3Si5/__initial__/94/xtal_12.cif,-64.75094,-1.7370238
xtal_13.cif,./U3Si5/__initial__/94/xtal_13.cif,-23.398655,41.91217
xtal_14.cif,./U3Si5/__initial__/94/xtal_14.cif,61.871304,-79.126656
xtal_15.cif,./U3Si5/__initial__/94/xtal_15.cif,25.765919,-51.2626
xtal_16.cif,./U3Si5/94/xtal_16.cif,-6.2443643,-21.189028
xtal_17.cif,./U3Si5/__initial__/94/xtal_17.cif,-25.749647,49.74784
xtal_18.cif,./U3Si5/__initial__/94/xtal_18.cif,72.48712,4.159599
xtal_19.cif,./U3Si5/__initial__/94/xtal_19.cif,-29.121567,-86.29612
xtal_2.cif,./U3Si5/__initial__/94/xtal_2.cif,97.14651,-51.146854
xtal_20.cif,./U3Si5/__initial__/94/xtal_20.cif,61.35412,-82.83852
xtal_21.cif,./U3Si5/__initial__/94/xtal_21.cif,-30.572721,3.7027783
xtal_22.cif,./U3Si5/__initial__/94/xtal_22.cif,-22.739193,13.96059
xtal_23.cif,./U3Si5/__initial__/94/xtal_23.cif,-23.62173,73.229675
xtal_24.cif,./U3Si5/__initial__/94/xtal_24.cif,37.760254,-87.66702
xtal_25.cif,./U3Si5/__initial__/94/xtal_25.cif,-62.51944,-68.78631
xtal_26.cif,./U3Si5/__initial__/94/xtal_26.cif,3.9532633,-61.34734
xtal_27.cif,./U3Si5/__initial__/94/xtal_27.cif,64.18666,-78.176315
xtal_28.cif,./U3Si5/__initial__/94/xtal_28.cif,49.16162,-4.2466145
xtal_29.cif,./U3Si5/__initial__/94/xtal_29.cif,46.38805,-76.21894
xtal_3.cif,./U3Si5/__initial__/94/xtal_3.cif,40.76085,-98.70127
xtal_30.cif,./U3Si5/__initial__/94/xtal_30.cif,83.90104,-74.81764
xtal_31.cif,./U3Si5/__initial__/94/xtal_31.cif,-78.57483,-37.639328
xtal_32.cif,./U3Si5/__initial__/94/xtal_32.cif,54.982983,-80.061516
xtal_33.cif,./U3Si5/__initial__/94/xtal_33.cif,-45.310116,-79.27382
xtal_34.cif,./U3Si5/__initial__/94/xtal_34.cif,-56.592976,37.11833
xtal_35.cif,./U3Si5/94/xtal_35.cif,57.649178,7.410937
xtal_36.cif,./U3Si5/__initial__/94/xtal_36.cif,59.662094,-65.21318
xtal_37.cif,./U3Si5/__initial__/94/xtal_37.cif,58.26092,-25.344934
xtal_38.cif,./U3Si5/94/xtal_38.cif,50.708107,25.265894
xtal_39.cif,./U3Si5/__initial__/94/xtal_39.cif,31.460754,-77.619965
xtal_4.cif,./U3Si5/__initial__/94/xtal_4.cif,-29.414686,-53.132156
xtal_40.cif,./U3Si5/__initial__/94/xtal_40.cif,63.838017,-56.78988
xtal_41.cif,./U3Si5/__initial__/94/xtal_41.cif,56.587887,-68.80477
xtal_42.cif,./U3Si5/__initial__/94/xtal_42.cif,53.372852,-6.9875455
xtal_43.cif,./U3Si5/__initial__/94/xtal_43.cif,-27.46904,22.115915
xtal_44.cif,./U3Si5/__initial__/94/xtal_44.cif,9.90206,102.00967
xtal_45.cif,./U3Si5/__initial__/94/xtal_45.cif,-7.050711,67.32895
xtal_46.cif,./U3Si5/__initial__/94/xtal_46.cif,84.31662,-59.615887
xtal_47.cif,./U3Si5/__initial__/94/xtal_47.cif,41.9783,19.89838
xtal_48.cif,./U3Si5/__initial__/94/xtal_48.cif,-57.768974,-13.7156315
xtal_49.cif,./U3Si5/__initial__/94/xtal_49.cif,-67.14486,-4.6843476
xtal_5.cif,./U3Si5/__initial__/94/xtal_5.cif,55.66622,9.832311
xtal_50.cif,./U3Si5/__initial__/94/xtal_50.cif,17.780346,-106.983574
xtal_51.cif,./U3Si5/__initial__/94/xtal_51.cif,-30.238598,-3.2106519
xtal_52.cif,./U3Si5/__initial__/94/xtal_52.cif,-14.92637,75.59327
xtal_53.cif,./U3Si5/__initial__/94/xtal_53.cif,85.083755,26.529552
xtal_54.cif,./U3Si5/__initial__/94/xtal_54.cif,-26.054482,55.986256
xtal_55.cif,./U3Si5/__initial__/94/xtal_55.cif,69.80773,55.5958
xtal_56.cif,./U3Si5/__initial__/94/xtal_56.cif,-26.910975,52.95815
xtal_57.cif,./U3Si5/__initial__/94/xtal_57.cif,31.336794,-79.250626
xtal_58.cif,./U3Si5/__initial__/94/xtal_58.cif,-30.07716,-47.537888
xtal_59.cif,./U3Si5/__initial__/94/xtal_59.cif,81.054634,-60.622215
xtal_6.cif,./U3Si5/__initial__/94/xtal_6.cif,31.913034,-12.545343
xtal_60.cif,./U3Si5/94/xtal_60.cif,-14.968868,8.006823
xtal_61.cif,./U3Si5/__initial__/94/xtal_61.cif,-53.807186,-49.770344
xtal_62.cif,./U3Si5/__initial__/94/xtal_62.cif,87.64705,26.622265
xtal_63.cif,./U3Si5/__initial__/94/xtal_63.cif,-19.191256,-97.76789
xtal_64.cif,./U3Si5/__initial__/94/xtal_64.cif,-70.86261,-13.944738
xtal_65.cif,./U3Si5/__initial__/94/xtal_65.cif,43.96362,-12.067186
xtal_66.cif,./U3Si5/__initial__/94/xtal_66.cif,-25.720554,-84.65088
xtal_67.cif,./U3Si5/__initial__/94/xtal_67.cif,-26.017406,-11.206362
xtal_68.cif,./U3Si5/__initial__/94/xtal_68.cif,-30.686071,-62.00661
xtal_69.cif,./U3Si5/__initial__/94/xtal_69.cif,92.418304,-26.093498
xtal_7.cif,./U3Si5/94/xtal_7.cif,-57.90525,51.263916
xtal_70.cif,./U3Si5/__initial__/94/xtal_70.cif,-0.62938666,-83.294556
xtal_71.cif,./U3Si5/__initial__/94/xtal_71.cif,29.5929,-64.41687
xtal_72.cif,./U3Si5/__initial__/94/xtal_72.cif,39.490353,-76.83882
xtal_73.cif,./U3Si5/__initial__/94/xtal_73.cif,79.11702,41.665188
xtal_74.cif,./U3Si5/__initial__/94/xtal_74.cif,18.815563,-48.10184
xtal_75.cif,./U3Si5/__initial__/94/xtal_75.cif,95.39766,-34.2125
xtal_76.cif,./U3Si5/__initial__/94/xtal_76.cif,-28.837343,-61.826065
xtal_77.cif,./U3Si5/__initial__/94/xtal_77.cif,-89.824326,13.7446575
xtal_78.cif,./U3Si5/94/xtal_78.cif,-3.2737079,4.942934
xtal_79.cif,./U3Si5/__initial__/94/xtal_79.cif,49.629993,-84.52598
xtal_8.cif,./U3Si5/__initial__/94/xtal_8.cif,69.49798,-56.918148
xtal_80.cif,./U3Si5/__initial__/94/xtal_80.cif,-82.35505,-18.518217
xtal_81.cif,./U3Si5/__initial__/94/xtal_81.cif,-0.00641424,-76.25915
xtal_82.cif,./U3Si5/__initial__/94/xtal_82.cif,8.644824,91.929405
xtal_83.cif,./U3Si5/__initial__/94/xtal_83.cif,-55.727406,-60.90976
xtal_84.cif,./U3Si5/94/xtal_84.cif,-76.56112,23.404882
xtal_85.cif,./U3Si5/__initial__/94/xtal_85.cif,-15.920861,-85.121635
xtal_86.cif,./U3Si5/__initial__/94/xtal_86.cif,55.009495,-3.0461235
xtal_87.cif,./U3Si5/__initial__/94/xtal_87.cif,87.30961,16.226612
xtal_88.cif,./U3Si5/__initial__/94/xtal_88.cif,97.53899,-32.740005
xtal_89.cif,./U3Si5/__initial__/94/xtal_89.cif,-28.080425,17.282057
xtal_9.cif,./U3Si5/__initial__/94/xtal_9.cif,72.991066,-37.286053
xtal_90.cif,./U3Si5/94/xtal_90.cif,17.530962,26.352808
xtal_91.cif,./U3Si5/__initial__/94/xtal_91.cif,0.34613374,-76.77648
xtal_92.cif,./U3Si5/94/xtal_92.cif,-36.613037,-9.61632
xtal_93.cif,./U3Si5/__initial__/94/xtal_93.cif,-62.60884,44.451653
xtal_94.cif,./U3Si5/__initial__/94/xtal_94.cif,-52.299538,-14.980875
xtal_95.cif,./U3Si5/__initial__/94/xtal_95.cif,57.01682,-13.731712
xtal_96.cif,./U3Si5/__initial__/94/xtal_96.cif,65.41082,-64.92373
xtal_97.cif,./U3Si5/__initial__/94/xtal_97.cif,-73.66341,-25.553741
xtal_98.cif,./U3Si5/__initial__/94/xtal_98.cif,-102.36318,16.552614
xtal_99.cif,./U3Si5/__initial__/94/xtal_99.cif,50.302826,-29.729548
xtal_1.cif,./U3Si5/__initial__/97/xtal_1.cif,89.11669,44.40541
xtal_10.cif,./U3Si5/__initial__/97/xtal_10.cif,10.849808,-74.29381
xtal_100.cif,./U3Si5/__initial__/97/xtal_100.cif,18.644766,-66.37855
xtal_11.cif,./U3Si5/__initial__/97/xtal_11.cif,70.63244,9.129233
xtal_12.cif,./U3Si5/97/xtal_12.cif,-28.268478,-77.47593
xtal_13.cif,./U3Si5/__initial__/97/xtal_13.cif,96.05055,-43.108543
xtal_14.cif,./U3Si5/__initial__/97/xtal_14.cif,115.80143,8.492788
xtal_15.cif,./U3Si5/__initial__/97/xtal_15.cif,-50.07199,93.174385
xtal_16.cif,./U3Si5/__initial__/97/xtal_16.cif,93.64108,67.02401
xtal_17.cif,./U3Si5/__initial__/97/xtal_17.cif,-39.74577,5.0530457
xtal_18.cif,./U3Si5/97/xtal_18.cif,0.37317228,-83.00119
xtal_19.cif,./U3Si5/__initial__/97/xtal_19.cif,73.95483,-54.451138
xtal_2.cif,./U3Si5/__initial__/97/xtal_2.cif,70.90299,-49.748077
xtal_20.cif,./U3Si5/__initial__/97/xtal_20.cif,-43.170563,77.726616
xtal_21.cif,./U3Si5/__initial__/97/xtal_21.cif,117.61995,33.159897
xtal_22.cif,./U3Si5/__initial__/97/xtal_22.cif,93.72491,68.87279
xtal_23.cif,./U3Si5/__initial__/97/xtal_23.cif,78.16861,38.77337
xtal_24.cif,./U3Si5/__initial__/97/xtal_24.cif,104.93801,-0.49111882
xtal_25.cif,./U3Si5/__initial__/97/xtal_25.cif,-21.557394,-57.420116
xtal_26.cif,./U3Si5/__initial__/97/xtal_26.cif,98.402054,-43.40904
xtal_27.cif,./U3Si5/__initial__/97/xtal_27.cif,-54.343365,-17.22902
xtal_28.cif,./U3Si5/__initial__/97/xtal_28.cif,0.6904175,62.22736
xtal_29.cif,./U3Si5/__initial__/97/xtal_29.cif,65.79796,50.782936
xtal_3.cif,./U3Si5/__initial__/97/xtal_3.cif,115.90091,31.132395
xtal_30.cif,./U3Si5/__initial__/97/xtal_30.cif,-87.41877,10.327532
xtal_31.cif,./U3Si5/__initial__/97/xtal_31.cif,67.04847,23.35556
xtal_32.cif,./U3Si5/__initial__/97/xtal_32.cif,-18.900713,14.962107
xtal_33.cif,./U3Si5/__initial__/97/xtal_33.cif,-76.850296,-48.412693
xtal_34.cif,./U3Si5/__initial__/97/xtal_34.cif,46.364105,5.718459
xtal_35.cif,./U3Si5/__initial__/97/xtal_35.cif,-70.64115,-2.9411376
xtal_36.cif,./U3Si5/__initial__/97/xtal_36.cif,55.311348,-85.87015
xtal_37.cif,./U3Si5/__initial__/97/xtal_37.cif,-32.112373,6.50502
xtal_38.cif,./U3Si5/__initial__/97/xtal_38.cif,79.13127,-19.63649
xtal_39.cif,./U3Si5/__initial__/97/xtal_39.cif,-27.71528,14.811348
xtal_4.cif,./U3Si5/__initial__/97/xtal_4.cif,-27.487288,117.59504
xtal_40.cif,./U3Si5/97/xtal_40.cif,-90.99301,-49.82532
xtal_41.cif,./U3Si5/__initial__/97/xtal_41.cif,91.73498,-1.8800565
xtal_42.cif,./U3Si5/__initial__/97/xtal_42.cif,89.22742,55.902023
xtal_43.cif,./U3Si5/__initial__/97/xtal_43.cif,-14.156026,111.38084
xtal_44.cif,./U3Si5/__initial__/97/xtal_44.cif,86.113914,-42.38151
xtal_45.cif,./U3Si5/97/xtal_45.cif,-19.221302,-97.98682
xtal_46.cif,./U3Si5/__initial__/97/xtal_46.cif,72.21327,-28.245508
xtal_47.cif,./U3Si5/__initial__/97/xtal_47.cif,-26.26311,1.0783045
xtal_48.cif,./U3Si5/__initial__/97/xtal_48.cif,-17.985601,14.704675
xtal_49.cif,./U3Si5/__initial__/97/xtal_49.cif,-37.00112,36.672432
xtal_5.cif,./U3Si5/__initial__/97/xtal_5.cif,-67.98908,39.695263
xtal_50.cif,./U3Si5/__initial__/97/xtal_50.cif,-21.058157,-70.354866
xtal_51.cif,./U3Si5/__initial__/97/xtal_51.cif,95.10618,14.177492
xtal_52.cif,./U3Si5/__initial__/97/xtal_52.cif,37.618942,-85.83505
xtal_53.cif,./U3Si5/__initial__/97/xtal_53.cif,66.003914,-62.359367
xtal_54.cif,./U3Si5/__initial__/97/xtal_54.cif,-20.272148,48.169918
xtal_55.cif,./U3Si5/__initial__/97/xtal_55.cif,81.45483,-34.799896
xtal_56.cif,./U3Si5/97/xtal_56.cif,47.97659,-94.51136
xtal_57.cif,./U3Si5/__initial__/97/xtal_57.cif,-4.142497,56.42473
xtal_58.cif,./U3Si5/__initial__/97/xtal_58.cif,87.18225,8.717987
xtal_59.cif,./U3Si5/__initial__/97/xtal_59.cif,-38.680294,92.99535
xtal_6.cif,./U3Si5/__initial__/97/xtal_6.cif,115.97581,30.219889
xtal_60.cif,./U3Si5/__initial__/97/xtal_60.cif,57.38708,-87.61183
xtal_61.cif,./U3Si5/__initial__/97/xtal_61.cif,90.142456,-8.693466
xtal_62.cif,./U3Si5/__initial__/97/xtal_62.cif,23.423689,-49.66274
xtal_63.cif,./U3Si5/__initial__/97/xtal_63.cif,3.0375311,-69.429344
xtal_64.cif,./U3Si5/__initial__/97/xtal_64.cif,5.3683033,-65.114456
xtal_65.cif,./U3Si5/__initial__/97/xtal_65.cif,96.42516,-17.248184
xtal_66.cif,./U3Si5/__initial__/97/xtal_66.cif,-28.832026,-28.16571
xtal_67.cif,./U3Si5/97/xtal_67.cif,-30.74261,-101.22851
xtal_68.cif,./U3Si5/__initial__/97/xtal_68.cif,-29.052599,-5.323573
xtal_69.cif,./U3Si5/97/xtal_69.cif,-57.298756,-68.93524
xtal_7.cif,./U3Si5/97/xtal_7.cif,59.461487,-74.72174
xtal_70.cif,./U3Si5/__initial__/97/xtal_70.cif,76.34962,-40.386074
xtal_71.cif,./U3Si5/__initial__/97/xtal_71.cif,0.31842506,63.44079
xtal_72.cif,./U3Si5/97/xtal_72.cif,-72.08437,-10.739023
xtal_73.cif,./U3Si5/97/xtal_73.cif,-32.35743,-20.698597
xtal_74.cif,./U3Si5/__initial__/97/xtal_74.cif,-32.871063,4.033654
xtal_75.cif,./U3Si5/__initial__/97/xtal_75.cif,-75.38681,-24.381268
xtal_76.cif,./U3Si5/__initial__/97/xtal_76.cif,-43.1925,45.197876
xtal_77.cif,./U3Si5/__initial__/97/xtal_77.cif,58.27334,-82.8372
xtal_78.cif,./U3Si5/__initial__/97/xtal_78.cif,-77.71616,-58.56889
xtal_79.cif,./U3Si5/__initial__/97/xtal_79.cif,104.87244,-13.06456
xtal_8.cif,./U3Si5/__initial__/97/xtal_8.cif,64.4434,35.555305
xtal_80.cif,./U3Si5/__initial__/97/xtal_80.cif,-36.99589,-83.42724
xtal_81.cif,./U3Si5/__initial__/97/xtal_81.cif,97.20788,-26.95894
xtal_82.cif,./U3Si5/97/xtal_82.cif,-73.09672,-25.23119
xtal_83.cif,./U3Si5/__initial__/97/xtal_83.cif,63.660572,-25.754128
xtal_84.cif,./U3Si5/__initial__/97/xtal_84.cif,-73.69585,-26.170311
xtal_85.cif,./U3Si5/__initial__/97/xtal_85.cif,-30.416613,-5.66403
xtal_86.cif,./U3Si5/__initial__/97/xtal_86.cif,81.16476,-20.506113
xtal_87.cif,./U3Si5/__initial__/97/xtal_87.cif,-60.4728,34.044907
xtal_88.cif,./U3Si5/__initial__/97/xtal_88.cif,57.201855,28.311579
xtal_89.cif,./U3Si5/__initial__/97/xtal_89.cif,57.850506,-39.219177
xtal_9.cif,./U3Si5/__initial__/97/xtal_9.cif,62.367012,-45.885506
xtal_90.cif,./U3Si5/__initial__/97/xtal_90.cif,89.552704,54.548317
xtal_91.cif,./U3Si5/__initial__/97/xtal_91.cif,110.29049,5.7652726
xtal_92.cif,./U3Si5/__initial__/97/xtal_92.cif,-22.852491,38.543056
xtal_93.cif,./U3Si5/__initial__/97/xtal_93.cif,110.323364,7.7797246
xtal_94.cif,./U3Si5/__initial__/97/xtal_94.cif,-114.60731,8.433091
xtal_95.cif,./U3Si5/__initial__/97/xtal_95.cif,38.123016,-74.760765
xtal_96.cif,./U3Si5/__initial__/97/xtal_96.cif,-49.258892,0.6555528
xtal_97.cif,./U3Si5/__initial__/97/xtal_97.cif,109.535965,-7.455345
xtal_98.cif,./U3Si5/97/xtal_98.cif,-27.269482,10.591345
xtal_99.cif,./U3Si5/__initial__/97/xtal_99.cif,-65.43384,65.66805
xtal_1.cif,./U3Si5/99/xtal_1.cif,12.816479,-14.870977
xtal_10.cif,./U3Si5/99/xtal_10.cif,67.67864,-54.12975
xtal_100.cif,./U3Si5/__initial__/99/xtal_100.cif,87.77981,16.275042
xtal_11.cif,./U3Si5/__initial__/99/xtal_11.cif,-45.70459,17.248186
xtal_12.cif,./U3Si5/99/xtal_12.cif,45.28287,-73.10591
xtal_13.cif,./U3Si5/__initial__/99/xtal_13.cif,61.334015,35.72486
xtal_14.cif,./U3Si5/99/xtal_14.cif,38.981167,-57.567646
xtal_15.cif,./U3Si5/99/xtal_15.cif,51.44122,-53.753044
xtal_16.cif,./U3Si5/99/xtal_16.cif,-70.22434,-15.001575
xtal_17.cif,./U3Si5/__initial__/99/xtal_17.cif,54.141056,-1.1776254
xtal_18.cif,./U3Si5/__initial__/99/xtal_18.cif,66.16095,51.93556
xtal_19.cif,./U3Si5/99/xtal_19.cif,-18.408003,-16.00918
xtal_2.cif,./U3Si5/__initial__/99/xtal_2.cif,-6.365979,49.28864
xtal_20.cif,./U3Si5/__initial__/99/xtal_20.cif,-6.105012,50.691963
xtal_21.cif,./U3Si5/__initial__/99/xtal_21.cif,-24.165934,71.15381
xtal_22.cif,./U3Si5/__initial__/99/xtal_22.cif,51.531914,-68.35061
xtal_23.cif,./U3Si5/99/xtal_23.cif,-34.089138,48.22977
xtal_24.cif,./U3Si5/99/xtal_24.cif,10.546078,-55.46015
xtal_25.cif,./U3Si5/99/xtal_25.cif,-4.023498,-13.857139
xtal_26.cif,./U3Si5/__initial__/99/xtal_26.cif,54.00822,0.85282254
xtal_27.cif,./U3Si5/__initial__/99/xtal_27.cif,21.614601,87.332886
xtal_28.cif,./U3Si5/__initial__/99/xtal_28.cif,63.850925,-42.88436
xtal_29.cif,./U3Si5/__initial__/99/xtal_29.cif,48.43967,11.377664
xtal_3.cif,./U3Si5/99/xtal_3.cif,0.41834432,-81.48542
xtal_30.cif,./U3Si5/99/xtal_30.cif,-14.548234,-19.575808
xtal_31.cif,./U3Si5/99/xtal_31.cif,-42.750984,82.033966
xtal_32.cif,./U3Si5/__initial__/99/xtal_32.cif,-64.2433,18.694536
xtal_33.cif,./U3Si5/99/xtal_33.cif,-7.1936035,44.060112
xtal_34.cif,./U3Si5/99/xtal_34.cif,-26.920141,-2.9257207
xtal_35.cif,./U3Si5/__initial__/99/xtal_35.cif,4.8833013,24.747751
xtal_36.cif,./U3Si5/99/xtal_36.cif,22.073242,-80.57239
xtal_37.cif,./U3Si5/__initial__/99/xtal_37.cif,41.81518,92.011536
xtal_38.cif,./U3Si5/99/xtal_38.cif,-23.655968,35.49878
xtal_39.cif,./U3Si5/__initial__/99/xtal_39.cif,29.853489,42.737568
xtal_4.cif,./U3Si5/__initial__/99/xtal_4.cif,18.294538,19.510708
xtal_40.cif,./U3Si5/__initial__/99/xtal_40.cif,-31.528393,61.844437
xtal_41.cif,./U3Si5/__initial__/99/xtal_41.cif,67.94697,47.121586
xtal_42.cif,./U3Si5/99/xtal_42.cif,7.012349,-23.308609
xtal_43.cif,./U3Si5/99/xtal_43.cif,-70.70351,39.462364
xtal_44.cif,./U3Si5/__initial__/99/xtal_44.cif,49.84587,44.613712
xtal_45.cif,./U3Si5/__initial__/99/xtal_45.cif,-12.573165,-4.9861164
xtal_46.cif,./U3Si5/99/xtal_46.cif,-80.835236,34.22682
xtal_47.cif,./U3Si5/__initial__/99/xtal_47.cif,-34.169003,48.314766
xtal_48.cif,./U3Si5/__initial__/99/xtal_48.cif,36.072205,96.09247
xtal_49.cif,./U3Si5/99/xtal_49.cif,-51.199802,28.316124
xtal_5.cif,./U3Si5/__initial__/99/xtal_5.cif,50.95291,21.228222
xtal_50.cif,./U3Si5/99/xtal_50.cif,-69.727295,48.71902
xtal_51.cif,./U3Si5/__initial__/99/xtal_51.cif,46.87363,69.45949
xtal_52.cif,./U3Si5/__initial__/99/xtal_52.cif,48.79508,73.67692
xtal_53.cif,./U3Si5/99/xtal_53.cif,-0.9046161,60.90885
xtal_54.cif,./U3Si5/__initial__/99/xtal_54.cif,-22.788929,30.823881
xtal_55.cif,./U3Si5/__initial__/99/xtal_55.cif,5.2726884,-38.853027
xtal_56.cif,./U3Si5/__initial__/99/xtal_56.cif,8.143205,38.11357
xtal_57.cif,./U3Si5/__initial__/99/xtal_57.cif,-27.350986,-92.54794
xtal_58.cif,./U3Si5/99/xtal_58.cif,11.893046,-57.759823
xtal_59.cif,./U3Si5/__initial__/99/xtal_59.cif,29.59556,40.682228
xtal_6.cif,./U3Si5/__initial__/99/xtal_6.cif,-7.2780585,74.075615
xtal_60.cif,./U3Si5/__initial__/99/xtal_60.cif,52.598484,72.10135
xtal_61.cif,./U3Si5/__initial__/99/xtal_61.cif,28.07425,81.17018
xtal_62.cif,./U3Si5/__initial__/99/xtal_62.cif,1.8277389,43.097584
xtal_63.cif,./U3Si5/99/xtal_63.cif,-67.55342,15.641165
xtal_64.cif,./U3Si5/99/xtal_64.cif,-29.335781,91.90351
xtal_65.cif,./U3Si5/99/xtal_65.cif,-41.50186,-21.61291
xtal_66.cif,./U3Si5/__initial__/99/xtal_66.cif,32.8118,94.743195
xtal_67.cif,./U3Si5/99/xtal_67.cif,-27.498682,67.6774
xtal_68.cif,./U3Si5/99/xtal_68.cif,32.87259,-83.737404
xtal_69.cif,./U3Si5/99/xtal_69.cif,-2.7544305,-4.8959885
xtal_7.cif,./U3Si5/99/xtal_7.cif,-14.3532295,-81.065025
xtal_70.cif,./U3Si5/__initial__/99/xtal_70.cif,54.180557,79.910805
xtal_71.cif,./U3Si5/__initial__/99/xtal_71.cif,41.69016,95.85022
xtal_72.cif,./U3Si5/99/xtal_72.cif,27.990774,-99.95855
xtal_73.cif,./U3Si5/99/xtal_73.cif,-9.16689,-27.45831
xtal_74.cif,./U3Si5/__initial__/99/xtal_74.cif,110.46272,-17.189411
xtal_75.cif,./U3Si5/__initial__/99/xtal_75.cif,105.04945,38.188652
xtal_76.cif,./U3Si5/__initial__/99/xtal_76.cif,70.96921,-5.9293966
xtal_77.cif,./U3Si5/__initial__/99/xtal_77.cif,-4.5773444,78.98989
xtal_78.cif,./U3Si5/99/xtal_78.cif,-82.26554,-43.301792
xtal_79.cif,./U3Si5/99/xtal_79.cif,-62.576363,-38.3508
xtal_8.cif,./U3Si5/99/xtal_8.cif,5.641118,-54.17494
xtal_80.cif,./U3Si5/99/xtal_80.cif,21.012918,-83.69362
xtal_81.cif,./U3Si5/__initial__/99/xtal_81.cif,-24.570072,33.355213
xtal_82.cif,./U3Si5/__initial__/99/xtal_82.cif,24.222118,-10.147741
xtal_83.cif,./U3Si5/__initial__/99/xtal_83.cif,82.64031,-72.704796
xtal_84.cif,./U3Si5/99/xtal_84.cif,-18.635372,-66.561935
xtal_85.cif,./U3Si5/99/xtal_85.cif,-84.30587,59.937695
xtal_86.cif,./U3Si5/__initial__/99/xtal_86.cif,42.06699,78.43758
xtal_87.cif,./U3Si5/__initial__/99/xtal_87.cif,88.482216,16.04773
xtal_88.cif,./U3Si5/__initial__/99/xtal_88.cif,23.593311,42.636272
xtal_89.cif,./U3Si5/__initial__/99/xtal_89.cif,-15.295987,2.677817
xtal_9.cif,./U3Si5/99/xtal_9.cif,4.307709,-71.663025
xtal_90.cif,./U3Si5/__initial__/99/xtal_90.cif,-7.935576,18.881426
xtal_91.cif,./U3Si5/99/xtal_91.cif,10.354345,-9.047969
xtal_92.cif,./U3Si5/__initial__/99/xtal_92.cif,84.99329,64.48104
xtal_93.cif,./U3Si5/__initial__/99/xtal_93.cif,44.019253,-15.346038
xtal_94.cif,./U3Si5/__initial__/99/xtal_94.cif,14.668578,40.90967
xtal_95.cif,./U3Si5/__initial__/99/xtal_95.cif,44.935444,-36.29608
xtal_96.cif,./U3Si5/__initial__/99/xtal_96.cif,27.604013,37.52913
xtal_97.cif,./U3Si5/__initial__/99/xtal_97.cif,22.996506,74.27595
xtal_98.cif,./U3Si5/__initial__/99/xtal_98.cif,-47.760406,77.95226
xtal_99.cif,./U3Si5/99/xtal_99.cif,-44.150024,-51.796463
xtal_1.cif,./U3Si5/100/xtal_1.cif,18.469322,8.842164
xtal_10.cif,./U3Si5/100/xtal_10.cif,45.278057,-68.59591
xtal_100.cif,./U3Si5/100/xtal_100.cif,-7.352813,76.883316
xtal_11.cif,./U3Si5/__initial__/100/xtal_11.cif,-12.407975,69.33794
xtal_12.cif,./U3Si5/__initial__/100/xtal_12.cif,65.13398,61.18302
xtal_13.cif,./U3Si5/100/xtal_13.cif,44.727592,-28.564613
xtal_14.cif,./U3Si5/100/xtal_14.cif,49.06013,-73.43004
xtal_15.cif,./U3Si5/__initial__/100/xtal_15.cif,54.79126,81.87163
xtal_16.cif,./U3Si5/100/xtal_16.cif,1.8681501,1.2880787
xtal_17.cif,./U3Si5/100/xtal_17.cif,80.35873,-64.67799
xtal_18.cif,./U3Si5/100/xtal_18.cif,-85.0278,3.1047888
xtal_19.cif,./U3Si5/__initial__/100/xtal_19.cif,31.239582,66.62543
xtal_2.cif,./U3Si5/100/xtal_2.cif,-2.5424793,113.519035
xtal_20.cif,./U3Si5/100/xtal_20.cif,15.977465,-13.816357
xtal_21.cif,./U3Si5/100/xtal_21.cif,74.28499,-77.84392
xtal_22.cif,./U3Si5/__initial__/100/xtal_22.cif,11.614584,66.23734
xtal_23.cif,./U3Si5/__initial__/100/xtal_23.cif,77.40158,5.545687
xtal_24.cif,./U3Si5/__initial__/100/xtal_24.cif,36.122204,98.439
xtal_25.cif,./U3Si5/100/xtal_25.cif,26.485312,30.927277
xtal_26.cif,./U3Si5/100/xtal_26.cif,97.450745,-12.353552
xtal_27.cif,./U3Si5/100/xtal_27.cif,48.130524,75.76193
xtal_28.cif,./U3Si5/__initial__/100/xtal_28.cif,60.49183,72.89295
xtal_29.cif,./U3Si5/100/xtal_29.cif,69.28244,-85.64929
xtal_3.cif,./U3Si5/__initial__/100/xtal_3.cif,63.28459,64.835846
xtal_30.cif,./U3Si5/100/xtal_30.cif,-50.133907,-41.801975
xtal_31.cif,./U3Si5/100/xtal_31.cif,54.91129,-49.115154
xtal_32.cif,./U3Si5/__initial__/100/xtal_32.cif,45.6704,51.73216
xtal_33.cif,./U3Si5/100/xtal_33.cif,36.61554,42.538525
xtal_34.cif,./U3Si5/100/xtal_34.cif,-39.19413,5.702836
xtal_35.cif,./U3Si5/__initial__/100/xtal_35.cif,75.13966,61.619244
xtal_36.cif,./U3Si5/100/xtal_36.cif,-41.79115,3.683758
xtal_37.cif,./U3Si5/100/xtal_37.cif,19.445097,73.586815
xtal_38.cif,./U3Si5/100/xtal_38.cif,52.882202,-18.038952
xtal_39.cif,./U3Si5/100/xtal_39.cif,40.74607,-22.39861
xtal_4.cif,./U3Si5/__initial__/100/xtal_4.cif,11.171558,50.268875
xtal_40.cif,./U3Si5/100/xtal_40.cif,31.09155,-36.75881
xtal_41.cif,./U3Si5/__initial__/100/xtal_41.cif,63.22606,65.9157
xtal_42.cif,./U3Si5/__initial__/100/xtal_42.cif,40.626858,89.858635
xtal_43.cif,./U3Si5/100/xtal_43.cif,25.03142,43.518448
xtal_44.cif,./U3Si5/100/xtal_44.cif,2.5598626,10.481419
xtal_45.cif,./U3Si5/__initial__/100/xtal_45.cif,21.392122,83.55475
xtal_46.cif,./U3Si5/__initial__/100/xtal_46.cif,43.509277,63.795246
xtal_47.cif,./U3Si5/100/xtal_47.cif,-14.473516,64.94338
xtal_48.cif,./U3Si5/__initial__/100/xtal_48.cif,3.2258348,58.51772
xtal_49.cif,./U3Si5/100/xtal_49.cif,-2.0278363,7.8713894
xtal_5.cif,./U3Si5/100/xtal_5.cif,-11.138897,-50.81589
xtal_50.cif,./U3Si5/100/xtal_50.cif,24.634367,27.144829
xtal_51.cif,./U3Si5/100/xtal_51.cif,51.158627,72.69132
xtal_52.cif,./U3Si5/__initial__/100/xtal_52.cif,37.290077,90.70421
xtal_53.cif,./U3Si5/100/xtal_53.cif,33.755016,46.553097
xtal_54.cif,./U3Si5/__initial__/100/xtal_54.cif,61.438232,48.84564
xtal_55.cif,./U3Si5/100/xtal_55.cif,-43.656284,8.4554
xtal_56.cif,./U3Si5/100/xtal_56.cif,-6.586756,-5.819587
xtal_57.cif,./U3Si5/__initial__/100/xtal_57.cif,34.080967,78.90185
xtal_58.cif,./U3Si5/100/xtal_58.cif,26.115692,-10.831088
xtal_59.cif,./U3Si5/__initial__/100/xtal_59.cif,45.766026,79.890305
xtal_6.cif,./U3Si5/__initial__/100/xtal_6.cif,48.767345,81.70535
xtal_60.cif,./U3Si5/100/xtal_60.cif,12.459043,-11.682754
xtal_61.cif,./U3Si5/100/xtal_61.cif,34.543186,-13.666329
xtal_62.cif,./U3Si5/__initial__/100/xtal_62.cif,87.16361,60.341038
xtal_63.cif,./U3Si5/__initial__/100/xtal_63.cif,44.227783,100.180725
xtal_64.cif,./U3Si5/__initial__/100/xtal_64.cif,-21.596182,-48.700928
xtal_65.cif,./U3Si5/100/xtal_65.cif,-80.64445,7.265851
xtal_66.cif,./U3Si5/__initial__/100/xtal_66.cif,43.395123,30.12731
xtal_67.cif,./U3Si5/100/xtal_67.cif,-2.0597124,25.028685
xtal_68.cif,./U3Si5/__initial__/100/xtal_68.cif,103.36467,27.183971
xtal_69.cif,./U3Si5/__initial__/100/xtal_69.cif,53.532524,79.4145
xtal_7.cif,./U3Si5/100/xtal_7.cif,17.196232,28.332739
xtal_70.cif,./U3Si5/100/xtal_70.cif,9.615083,7.460275
xtal_71.cif,./U3Si5/100/xtal_71.cif,-8.197141,-54.755775
xtal_72.cif,./U3Si5/100/xtal_72.cif,-3.325887,46.405003
xtal_73.cif,./U3Si5/100/xtal_73.cif,63.984825,-37.040436
xtal_74.cif,./U3Si5/100/xtal_74.cif,-20.950157,60.889675
xtal_75.cif,./U3Si5/__initial__/100/xtal_75.cif,49.3496,73.98963
xtal_76.cif,./U3Si5/__initial__/100/xtal_76.cif,51.081482,77.275085
xtal_77.cif,./U3Si5/100/xtal_77.cif,-20.379587,-5.01221
xtal_78.cif,./U3Si5/__initial__/100/xtal_78.cif,31.644567,94.21815
xtal_79.cif,./U3Si5/100/xtal_79.cif,11.276502,26.645676
xtal_8.cif,./U3Si5/100/xtal_8.cif,28.771223,-16.177698
xtal_80.cif,./U3Si5/__initial__/100/xtal_80.cif,44.090656,28.364105
xtal_81.cif,./U3Si5/100/xtal_81.cif,5.6875653,6.1759396
xtal_82.cif,./U3Si5/__initial__/100/xtal_82.cif,25.281727,69.33077
xtal_83.cif,./U3Si5/100/xtal_83.cif,35.18215,25.05024
xtal_84.cif,./U3Si5/__initial__/100/xtal_84.cif,76.94653,7.9982424
xtal_85.cif,./U3Si5/100/xtal_85.cif,17.637634,-1.299341
xtal_86.cif,./U3Si5/100/xtal_86.cif,-1.3027956,-32.0994
xtal_87.cif,./U3Si5/100/xtal_87.cif,27.474264,70.95219
xtal_88.cif,./U3Si5/__initial__/100/xtal_88.cif,51.2346,1.0763762
xtal_89.cif,./U3Si5/100/xtal_89.cif,-69.20666,3.0774634
xtal_9.cif,./U3Si5/__initial__/100/xtal_9.cif,80.33894,4.381551
xtal_90.cif,./U3Si5/__initial__/100/xtal_90.cif,61.502117,63.066174
xtal_91.cif,./U3Si5/100/xtal_91.cif,-64.23734,45.972496
xtal_92.cif,./U3Si5/__initial__/100/xtal_92.cif,18.08842,55.58607
xtal_93.cif,./U3Si5/100/xtal_93.cif,43.416527,28.880703
xtal_94.cif,./U3Si5/__initial__/100/xtal_94.cif,74.92994,0.20814832
xtal_95.cif,./U3Si5/100/xtal_95.cif,26.50542,-15.241453
xtal_96.cif,./U3Si5/100/xtal_96.cif,-11.080876,23.267454
xtal_97.cif,./U3Si5/__initial__/100/xtal_97.cif,50.27206,78.16872
xtal_98.cif,./U3Si5/__initial__/100/xtal_98.cif,46.787094,31.098959
xtal_99.cif,./U3Si5/__initial__/100/xtal_99.cif,38.85116,97.52821
xtal_1.cif,./U3Si5/101/xtal_1.cif,68.56039,-65.704025
xtal_10.cif,./U3Si5/101/xtal_10.cif,-27.995537,103.089584
xtal_100.cif,./U3Si5/101/xtal_100.cif,8.281444,-8.392458
xtal_11.cif,./U3Si5/101/xtal_11.cif,72.931145,-66.53068
xtal_12.cif,./U3Si5/101/xtal_12.cif,23.08479,-17.081263
xtal_13.cif,./U3Si5/__initial__/101/xtal_13.cif,112.69837,16.872755
xtal_14.cif,./U3Si5/101/xtal_14.cif,-51.882378,86.707535
xtal_15.cif,./U3Si5/101/xtal_15.cif,-4.610011,-87.69293
xtal_16.cif,./U3Si5/101/xtal_16.cif,107.38711,-14.12666
xtal_17.cif,./U3Si5/101/xtal_17.cif,32.330463,-91.62145
xtal_18.cif,./U3Si5/101/xtal_18.cif,100.602066,-34.50701
xtal_19.cif,./U3Si5/101/xtal_19.cif,58.17244,0.6436625
xtal_2.cif,./U3Si5/101/xtal_2.cif,-0.94925886,-6.5011034
xtal_20.cif,./U3Si5/101/xtal_20.cif,92.032745,18.845827
xtal_21.cif,./U3Si5/101/xtal_21.cif,-15.952698,62.466
xtal_22.cif,./U3Si5/101/xtal_22.cif,42.99312,58.053078
xtal_23.cif,./U3Si5/101/xtal_23.cif,8.601941,42.10314
xtal_24.cif,./U3Si5/101/xtal_24.cif,-26.748255,-69.41526
xtal_25.cif,./U3Si5/101/xtal_25.cif,106.22337,-12.681033
xtal_26.cif,./U3Si5/101/xtal_26.cif,61.00341,-51.77851
xtal_27.cif,./U3Si5/101/xtal_27.cif,61.42597,-1.4473455
xtal_28.cif,./U3Si5/__initial__/101/xtal_28.cif,93.15276,70.70132
xtal_29.cif,./U3Si5/101/xtal_29.cif,55.690193,-69.54011
xtal_3.cif,./U3Si5/101/xtal_3.cif,-11.988256,-32.309418
xtal_30.cif,./U3Si5/__initial__/101/xtal_30.cif,60.63665,63.899963
xtal_31.cif,./U3Si5/101/xtal_31.cif,-34.604446,7.2264385
xtal_32.cif,./U3Si5/__initial__/101/xtal_32.cif,41.895218,92.86731
xtal_33.cif,./U3Si5/101/xtal_33.cif,-43.148647,-1.8417559
xtal_34.cif,./U3Si5/101/xtal_34.cif,-7.43262,44.771862
xtal_35.cif,./U3Si5/101/xtal_35.cif,66.864494,22.563623
xtal_36.cif,./U3Si5/__initial__/101/xtal_36.cif,57.978867,71.83557
xtal_37.cif,./U3Si5/101/xtal_37.cif,-22.14981,-52.288227
xtal_38.cif,./U3Si5/101/xtal_38.cif,-14.850627,40.17827
xtal_39.cif,./U3Si5/101/xtal_39.cif,15.53094,19.046213
xtal_4.cif,./U3Si5/101/xtal_4.cif,37.21901,39.530697
xtal_40.cif,./U3Si5/101/xtal_40.cif,-30.029095,-40.04167
xtal_41.cif,./U3Si5/101/xtal_41.cif,-42.586067,-78.84927
xtal_42.cif,./U3Si5/101/xtal_42.cif,29.859068,-20.97839
xtal_43.cif,./U3Si5/101/xtal_43.cif,43.24957,-15.15489
xtal_44.cif,./U3Si5/101/xtal_44.cif,-33.91829,55.677204
xtal_45.cif,./U3Si5/101/xtal_45.cif,-64.63756,48.400608
xtal_46.cif,./U3Si5/101/xtal_46.cif,3.6240287,-19.067287
xtal_47.cif,./U3Si5/101/xtal_47.cif,80.420845,-64.44357
xtal_48.cif,./U3Si5/101/xtal_48.cif,0.9128655,-101.29246
xtal_49.cif,./U3Si5/101/xtal_49.cif,-29.522388,15.494402
xtal_5.cif,./U3Si5/__initial__/101/xtal_5.cif,-3.0421855,19.28359
xtal_50.cif,./U3Si5/101/xtal_50.cif,5.3491926,31.556135
xtal_51.cif,./U3Si5/101/xtal_51.cif,-91.37057,-44.61879
xtal_52.cif,./U3Si5/101/xtal_52.cif,84.88049,-31.028994
xtal_53.cif,./U3Si5/101/xtal_53.cif,-20.826666,-4.319535
xtal_54.cif,./U3Si5/101/xtal_54.cif,-63.51889,18.404146
xtal_55.cif,./U3Si5/101/xtal_55.cif,-55.812206,44.48434
xtal_56.cif,./U3Si5/101/xtal_56.cif,13.38072,-82.51393
xtal_57.cif,./U3Si5/101/xtal_57.cif,-26.491102,-62.515068
xtal_58.cif,./U3Si5/101/xtal_58.cif,22.792648,-18.850117
xtal_59.cif,./U3Si5/101/xtal_59.cif,45.97269,-6.0623655
xtal_6.cif,./U3Si5/101/xtal_6.cif,-65.70928,45.511803
xtal_60.cif,./U3Si5/101/xtal_60.cif,-28.034063,103.0064
xtal_61.cif,./U3Si5/101/xtal_61.cif,6.5642204,-0.65462774
xtal_62.cif,./U3Si5/101/xtal_62.cif,41.952595,-32.784424
xtal_63.cif,./U3Si5/101/xtal_63.cif,2.2453055,6.243582
xtal_64.cif,./U3Si5/101/xtal_64.cif,-24.490784,-11.6841
xtal_65.cif,./U3Si5/101/xtal_65.cif,43.75391,25.851044
xtal_66.cif,./U3Si5/101/xtal_66.cif,95.07506,-26.306566
xtal_67.cif,./U3Si5/101/xtal_67.cif,-25.44995,7.1079597
xtal_68.cif,./U3Si5/101/xtal_68.cif,26.64789,49.005054
xtal_69.cif,./U3Si5/101/xtal_69.cif,4.596665,45.726894
xtal_7.cif,./U3Si5/__initial__/101/xtal_7.cif,55.65096,78.885155
xtal_70.cif,./U3Si5/101/xtal_70.cif,62.893967,-51.619938
xtal_71.cif,./U3Si5/101/xtal_71.cif,-31.204426,-71.637505
xtal_72.cif,./U3Si5/101/xtal_72.cif,11.128729,11.64157
xtal_73.cif,./U3Si5/__initial__/101/xtal_73.cif,32.178604,56.78434
xtal_74.cif,./U3Si5/__initial__/101/xtal_74.cif,43.494385,57.944088
xtal_75.cif,./U3Si5/101/xtal_75.cif,1.4788845,0.20894597
xtal_76.cif,./U3Si5/101/xtal_76.cif,45.429188,55.481186
xtal_77.cif,./U3Si5/101/xtal_77.cif,-54.88311,-15.476196
xtal_78.cif,./U3Si5/101/xtal_78.cif,46.49216,53.225517
xtal_79.cif,./U3Si5/101/xtal_79.cif,33.53955,27.15632
xtal_8.cif,./U3Si5/101/xtal_8.cif,-15.624539,-90.69516
xtal_80.cif,./U3Si5/101/xtal_80.cif,76.22407,-41.117916
xtal_81.cif,./U3Si5/101/xtal_81.cif,-13.644945,40.316597
xtal_82.cif,./U3Si5/101/xtal_82.cif,53.8811,-49.60932
xtal_83.cif,./U3Si5/__initial__/101/xtal_83.cif,-6.828904,94.4939
xtal_84.cif,./U3Si5/101/xtal_84.cif,1.7206255,-0.97126335
xtal_85.cif,./U3Si5/101/xtal_85.cif,56.80842,-10.343683
xtal_86.cif,./U3Si5/101/xtal_86.cif,-33.79724,-48.05524
xtal_87.cif,./U3Si5/__initial__/101/xtal_87.cif,45.003067,-39.87687
xtal_88.cif,./U3Si5/101/xtal_88.cif,49.173943,27.25114
xtal_89.cif,./U3Si5/101/xtal_89.cif,93.26168,10.003355
xtal_9.cif,./U3Si5/101/xtal_9.cif,-91.57341,16.188309
xtal_90.cif,./U3Si5/101/xtal_90.cif,64.954056,9.359845
xtal_91.cif,./U3Si5/101/xtal_91.cif,2.7380416,5.2782493
xtal_92.cif,./U3Si5/101/xtal_92.cif,-24.26667,43.636635
xtal_93.cif,./U3Si5/__initial__/101/xtal_93.cif,39.00825,76.71401
xtal_94.cif,./U3Si5/101/xtal_94.cif,-14.513146,89.170494
xtal_95.cif,./U3Si5/101/xtal_95.cif,98.97687,-30.412043
xtal_96.cif,./U3Si5/101/xtal_96.cif,3.3308296,6.5895095
xtal_97.cif,./U3Si5/101/xtal_97.cif,82.52262,-72.33963
xtal_98.cif,./U3Si5/101/xtal_98.cif,69.39154,18.381777
xtal_99.cif,./U3Si5/101/xtal_99.cif,-18.104166,86.63304
xtal_1.cif,./U3Si5/102/xtal_1.cif,21.315695,-81.06481
xtal_10.cif,./U3Si5/102/xtal_10.cif,-31.165298,-14.338085
xtal_100.cif,./U3Si5/102/xtal_100.cif,68.668755,-65.52547
xtal_11.cif,./U3Si5/102/xtal_11.cif,57.66131,-51.70553
xtal_12.cif,./U3Si5/102/xtal_12.cif,2.6348186,-99.85401
xtal_13.cif,./U3Si5/102/xtal_13.cif,-64.65211,-4.441992
xtal_14.cif,./U3Si5/__initial__/102/xtal_14.cif,95.33399,-26.408243
xtal_15.cif,./U3Si5/__initial__/102/xtal_15.cif,-22.310457,55.331722
xtal_16.cif,./U3Si5/102/xtal_16.cif,-65.76401,-55.271626
xtal_17.cif,./U3Si5/__initial__/102/xtal_17.cif,15.649251,40.00453
xtal_18.cif,./U3Si5/102/xtal_18.cif,9.819605,-75.49898
xtal_19.cif,./U3Si5/102/xtal_19.cif,9.052662,-70.467354
xtal_2.cif,./U3Si5/102/xtal_2.cif,-10.974285,1.8010105
xtal_20.cif,./U3Si5/102/xtal_20.cif,0.6211309,-90.343666
xtal_21.cif,./U3Si5/__initial__/102/xtal_21.cif,-20.959112,-46.32182
xtal_22.cif,./U3Si5/102/xtal_22.cif,-27.801304,17.385807
xtal_23.cif,./U3Si5/102/xtal_23.cif,-53.292336,-61.107483
xtal_24.cif,./U3Si5/102/xtal_24.cif,-41.395477,-14.724751
xtal_25.cif,./U3Si5/__initial__/102/xtal_25.cif,-33.367943,-33.476513
xtal_26.cif,./U3Si5/__initial__/102/xtal_26.cif,37.16815,58.811657
xtal_27.cif,./U3Si5/102/xtal_27.cif,25.845133,-10.6546135
xtal_28.cif,./U3Si5/__initial__/102/xtal_28.cif,73.72739,-74.717575
xtal_29.cif,./U3Si5/__initial__/102/xtal_29.cif,42.90758,30.65555
xtal_3.cif,./U3Si5/__initial__/102/xtal_3.cif,47.11001,69.20066
xtal_30.cif,./U3Si5/102/xtal_30.cif,-38.471134,-18.427427
xtal_31.cif,./U3Si5/102/xtal_31.cif,-54.589592,-16.247782
xtal_32.cif,./U3Si5/__initial__/102/xtal_32.cif,70.57299,-20.669615
xtal_33.cif,./U3Si5/102/xtal_33.cif,48.854126,-65.920296
xtal_34.cif,./U3Si5/__initial__/102/xtal_34.cif,99.610435,-44.280666
xtal_35.cif,./U3Si5/102/xtal_35.cif,45.04475,-65.522026
xtal_36.cif,./U3Si5/102/xtal_36.cif,-34.400826,2.6015675
xtal_37.cif,./U3Si5/102/xtal_37.cif,19.161285,-2.9749043
xtal_38.cif,./U3Si5/__initial__/102/xtal_38.cif,3.4634228,8.68055
xtal_39.cif,./U3Si5/__initial__/102/xtal_39.cif,69.82553,-18.31254
xtal_4.cif,./U3Si5/__initial__/102/xtal_4.cif,43.397797,77.62624
xtal_40.cif,./U3Si5/102/xtal_40.cif,-17.962606,18.557568
xtal_41.cif,./U3Si5/102/xtal_41.cif,-17.845564,-102.38033
xtal_42.cif,./U3Si5/102/xtal_42.cif,-35.939445,0.6150049
xtal_43.cif,./U3Si5/__initial__/102/xtal_43.cif,77.82625,13.085781
xtal_44.cif,./U3Si5/102/xtal_44.cif,103.78622,-35.72253
xtal_45.cif,./U3Si5/__initial__/102/xtal_45.cif,24.107965,1.2836409
xtal_46.cif,./U3Si5/102/xtal_46.cif,36.198563,-100.83015
xtal_47.cif,./U3Si5/102/xtal_47.cif,-9.183735,108.68649
xtal_48.cif,./U3Si5/102/xtal_48.cif,-28.201784,22.8696
xtal_49.cif,./U3Si5/102/xtal_49.cif,-26.772335,49.908348
xtal_5.cif,./U3Si5/__initial__/102/xtal_5.cif,44.301014,81.34823
xtal_50.cif,./U3Si5/__initial__/102/xtal_50.cif,81.97998,28.3146
xtal_51.cif,./U3Si5/102/xtal_51.cif,11.674536,-6.9770136
xtal_52.cif,./U3Si5/102/xtal_52.cif,-18.662142,49.30848
xtal_53.cif,./U3Si5/__initial__/102/xtal_53.cif,42.884785,63.99833
xtal_54.cif,./U3Si5/__initial__/102/xtal_54.cif,72.06368,27.103739
xtal_55.cif,./U3Si5/102/xtal_55.cif,36.9762,-64.64322
xtal_56.cif,./U3Si5/__initial__/102/xtal_56.cif,56.371433,72.74711
xtal_57.cif,./U3Si5/102/xtal_57.cif,84.849754,-61.107456
xtal_58.cif,./U3Si5/102/xtal_58.cif,-91.1911,-14.030445
xtal_59.cif,./U3Si5/102/xtal_59.cif,-17.061,-72.09191
xtal_6.cif,./U3Si5/102/xtal_6.cif,97.50362,-29.33826
xtal_60.cif,./U3Si5/__initial__/102/xtal_60.cif,22.775623,68.73467
xtal_61.cif,./U3Si5/__initial__/102/xtal_61.cif,35.433235,46.01721
xtal_62.cif,./U3Si5/__initial__/102/xtal_62.cif,72.68392,24.946424
xtal_63.cif,./U3Si5/__initial__/102/xtal_63.cif,48.27981,73.79765
xtal_64.cif,./U3Si5/102/xtal_64.cif,16.651527,-86.20801
xtal_65.cif,./U3Si5/102/xtal_65.cif,-11.130406,-38.019836
xtal_66.cif,./U3Si5/__initial__/102/xtal_66.cif,39.00245,56.213425
xtal_67.cif,./U3Si5/102/xtal_67.cif,-63.411182,6.3955674
xtal_68.cif,./U3Si5/__initial__/102/xtal_68.cif,40.877724,61.541706
xtal_69.cif,./U3Si5/102/xtal_69.cif,11.093987,-67.75677
xtal_7.cif,./U3Si5/__initial__/102/xtal_7.cif,0.10063967,101.03336
xtal_70.cif,./U3Si5/__initial__/102/xtal_70.cif,20.253544,37.066578
xtal_71.cif,./U3Si5/102/xtal_71.cif,-49.800938,74.252495
xtal_72.cif,./U3Si5/__initial__/102/xtal_72.cif,46.478943,83.62658
xtal_73.cif,./U3Si5/__initial__/102/xtal_73.cif,37.075615,89.14539
xtal_74.cif,./U3Si5/102/xtal_74.cif,47.880367,-88.97454
xtal_75.cif,./U3Si5/102/xtal_75.cif,-14.114491,40.302204
xtal_76.cif,./U3Si5/__initial__/102/xtal_76.cif,-4.839492,52.446102
xtal_77.cif,./U3Si5/102/xtal_77.cif,0.4510698,-81.07596
xtal_78.cif,./U3Si5/102/xtal_78.cif,-17.385672,-68.777534
xtal_79.cif,./U3Si5/__initial__/102/xtal_79.cif,76.287766,53.990543
xtal_8.cif,./U3Si5/__initial__/102/xtal_8.cif,77.38586,42.461906
xtal_80.cif,./U3Si5/__initial__/102/xtal_80.cif,-58.04921,6.796357
xtal_81.cif,./U3Si5/__initial__/102/xtal_81.cif,56.379784,27.593975
xtal_82.cif,./U3Si5/102/xtal_82.cif,-42.10717,-12.8261595
xtal_83.cif,./U3Si5/102/xtal_83.cif,-9.377492,53.180145
xtal_84.cif,./U3Si5/102/xtal_84.cif,60.369568,-46.3148
xtal_85.cif,./U3Si5/102/xtal_85.cif,35.04702,-92.455
xtal_86.cif,./U3Si5/__initial__/102/xtal_86.cif,58.344845,70.562546
xtal_87.cif,./U3Si5/102/xtal_87.cif,-51.143505,-8.386965
xtal_88.cif,./U3Si5/__initial__/102/xtal_88.cif,37.787605,42.54979
xtal_89.cif,./U3Si5/102/xtal_89.cif,-55.380787,7.5393896
xtal_9.cif,./U3Si5/__initial__/102/xtal_9.cif,61.254112,52.969986
xtal_90.cif,./U3Si5/102/xtal_90.cif,-100.50792,16.034626
xtal_91.cif,./U3Si5/102/xtal_91.cif,93.31818,-51.30215
xtal_92.cif,./U3Si5/102/xtal_92.cif,6.9734716,32.82332
xtal_93.cif,./U3Si5/__initial__/102/xtal_93.cif,0.7052161,82.984985
xtal_94.cif,./U3Si5/__initial__/102/xtal_94.cif,20.072424,81.177345
xtal_95.cif,./U3Si5/102/xtal_95.cif,-21.982258,40.797375
xtal_96.cif,./U3Si5/__initial__/102/xtal_96.cif,27.0129,15.460447
xtal_97.cif,./U3Si5/102/xtal_97.cif,-50.85478,-29.337027
xtal_98.cif,./U3Si5/__initial__/102/xtal_98.cif,24.668879,56.692078
xtal_99.cif,./U3Si5/102/xtal_99.cif,-25.013874,-30.245312
xtal_1.cif,./U3Si5/__initial__/103/xtal_1.cif,-17.711739,14.755535
xtal_10.cif,./U3Si5/__initial__/103/xtal_10.cif,100.188644,-10.30487
xtal_100.cif,./U3Si5/__initial__/103/xtal_100.cif,67.62184,-42.020496
xtal_11.cif,./U3Si5/__initial__/103/xtal_11.cif,41.676365,27.387287
xtal_12.cif,./U3Si5/__initial__/103/xtal_12.cif,71.97554,-75.79055
xtal_13.cif,./U3Si5/103/xtal_13.cif,-2.9854767,-91.27924
xtal_14.cif,./U3Si5/__initial__/103/xtal_14.cif,31.244455,60.811302
xtal_15.cif,./U3Si5/103/xtal_15.cif,-40.077343,-80.77532
xtal_16.cif,./U3Si5/__initial__/103/xtal_16.cif,66.56461,14.56663
xtal_17.cif,./U3Si5/__initial__/103/xtal_17.cif,117.69636,7.019753
xtal_18.cif,./U3Si5/__initial__/103/xtal_18.cif,104.65981,-3.1509945
xtal_19.cif,./U3Si5/__initial__/103/xtal_19.cif,20.119633,61.213478
xtal_2.cif,./U3Si5/__initial__/103/xtal_2.cif,30.610775,42.063484
xtal_20.cif,./U3Si5/__initial__/103/xtal_20.cif,75.65184,24.051443
xtal_21.cif,./U3Si5/__initial__/103/xtal_21.cif,89.45297,38.893105
xtal_22.cif,./U3Si5/__initial__/103/xtal_22.cif,49.716442,83.26464
xtal_23.cif,./U3Si5/__initial__/103/xtal_23.cif,57.646275,-52.15536
xtal_24.cif,./U3Si5/__initial__/103/xtal_24.cif,107.26997,34.830418
xtal_25.cif,./U3Si5/__initial__/103/xtal_25.cif,97.05341,-39.446846
xtal_26.cif,./U3Si5/__initial__/103/xtal_26.cif,108.44128,31.730846
xtal_27.cif,./U3Si5/__initial__/103/xtal_27.cif,34.11304,5.5016565
xtal_28.cif,./U3Si5/__initial__/103/xtal_28.cif,110.652534,-16.880095
xtal_29.cif,./U3Si5/__initial__/103/xtal_29.cif,63.557907,-68.624725
xtal_3.cif,./U3Si5/__initial__/103/xtal_3.cif,66.80824,35.756138
xtal_30.cif,./U3Si5/__initial__/103/xtal_30.cif,41.97192,27.500225
xtal_31.cif,./U3Si5/103/xtal_31.cif,-98.7776,20.072212
xtal_32.cif,./U3Si5/__initial__/103/xtal_32.cif,-93.121605,13.825719
xtal_33.cif,./U3Si5/__initial__/103/xtal_33.cif,96.9968,-4.614171
xtal_34.cif,./U3Si5/__initial__/103/xtal_34.cif,114.35957,-14.612965
xtal_35.cif,./U3Si5/__initial__/103/xtal_35.cif,93.37822,-18.775238
xtal_36.cif,./U3Si5/103/xtal_36.cif,55.27011,-62.417187
xtal_37.cif,./U3Si5/__initial__/103/xtal_37.cif,45.671413,96.925766
xtal_38.cif,./U3Si5/__initial__/103/xtal_38.cif,-67.26164,-21.832758
xtal_39.cif,./U3Si5/__initial__/103/xtal_39.cif,-1.087896,77.84264
xtal_4.cif,./U3Si5/__initial__/103/xtal_4.cif,41.20553,61.572983
xtal_40.cif,./U3Si5/__initial__/103/xtal_40.cif,38.807396,-8.495488
xtal_41.cif,./U3Si5/__initial__/103/xtal_41.cif,72.99164,28.602953
xtal_42.cif,./U3Si5/103/xtal_42.cif,44.124485,-60.25748
xtal_43.cif,./U3Si5/__initial__/103/xtal_43.cif,68.597664,39.629955
xtal_44.cif,./U3Si5/103/xtal_44.cif,100.120186,-44.462463
xtal_45.cif,./U3Si5/__initial__/103/xtal_45.cif,88.16994,19.06166
xtal_46.cif,./U3Si5/103/xtal_46.cif,90.49182,-56.60385
xtal_47.cif,./U3Si5/__initial__/103/xtal_47.cif,35.676052,93.02587
xtal_48.cif,./U3Si5/__initial__/103/xtal_48.cif,103.576675,-13.869283
xtal_49.cif,./U3Si5/103/xtal_49.cif,-89.96456,-12.341061
xtal_5.cif,./U3Si5/__initial__/103/xtal_5.cif,55.10493,18.84567
xtal_50.cif,./U3Si5/__initial__/103/xtal_50.cif,18.49453,22.489862
xtal_51.cif,./U3Si5/__initial__/103/xtal_51.cif,60.08919,-33.067177
xtal_52.cif,./U3Si5/103/xtal_52.cif,-28.699574,-24.186495
xtal_53.cif,./U3Si5/__initial__/103/xtal_53.cif,101.25035,-31.637978
xtal_54.cif,./U3Si5/__initial__/103/xtal_54.cif,43.011658,99.525276
xtal_55.cif,./U3Si5/103/xtal_55.cif,63.514328,-50.00585
xtal_56.cif,./U3Si5/103/xtal_56.cif,-51.272877,-12.419047
xtal_57.cif,./U3Si5/103/xtal_57.cif,6.559165,-21.231588
xtal_58.cif,./U3Si5/103/xtal_58.cif,2.4905558,1.0861092
xtal_59.cif,./U3Si5/__initial__/103/xtal_59.cif,-13.36257,-36.817986
xtal_6.cif,./U3Si5/103/xtal_6.cif,-49.35287,-66.117
xtal_60.cif,./U3Si5/103/xtal_60.cif,-44.380474,-9.565152
xtal_61.cif,./U3Si5/__initial__/103/xtal_61.cif,70.23919,-50.268204
xtal_62.cif,./U3Si5/__initial__/103/xtal_62.cif,66.15428,-48.655186
xtal_63.cif,./U3Si5/__initial__/103/xtal_63.cif,-10.182917,-64.452934
xtal_64.cif,./U3Si5/__initial__/103/xtal_64.cif,-22.100122,44.874508
xtal_65.cif,./U3Si5/__initial__/103/xtal_65.cif,-4.575423,78.87558
xtal_66.cif,./U3Si5/__initial__/103/xtal_66.cif,31.070562,-6.459205
xtal_67.cif,./U3Si5/__initial__/103/xtal_67.cif,-29.38933,53.75685
xtal_68.cif,./U3Si5/__initial__/103/xtal_68.cif,-0.3131925,87.28171
xtal_69.cif,./U3Si5/__initial__/103/xtal_69.cif,21.02292,81.19244
xtal_7.cif,./U3Si5/__initial__/103/xtal_7.cif,101.36,-0.4086442
xtal_70.cif,./U3Si5/__initial__/103/xtal_70.cif,66.01645,30.406746
xtal_71.cif,./U3Si5/__initial__/103/xtal_71.cif,29.853539,72.538795
xtal_72.cif,./U3Si5/__initial__/103/xtal_72.cif,84.338806,-65.13909
xtal_73.cif,./U3Si5/__initial__/103/xtal_73.cif,79.54223,-35.805645
xtal_74.cif,./U3Si5/__initial__/103/xtal_74.cif,21.61773,82.92929
xtal_75.cif,./U3Si5/__initial__/103/xtal_75.cif,-30.803629,34.95846
xtal_76.cif,./U3Si5/__initial__/103/xtal_76.cif,14.209016,31.350424
xtal_77.cif,./U3Si5/__initial__/103/xtal_77.cif,-19.66901,16.588846
xtal_78.cif,./U3Si5/__initial__/103/xtal_78.cif,-65.18493,76.51872
xtal_79.cif,./U3Si5/__initial__/103/xtal_79.cif,22.158699,-15.569674
xtal_8.cif,./U3Si5/__initial__/103/xtal_8.cif,-2.7782192,63.526955
xtal_80.cif,./U3Si5/__initial__/103/xtal_80.cif,-37.899624,65.554634
xtal_81.cif,./U3Si5/__initial__/103/xtal_81.cif,-16.554068,45.160744
xtal_82.cif,./U3Si5/103/xtal_82.cif,-68.90029,-25.588947
xtal_83.cif,./U3Si5/__initial__/103/xtal_83.cif,50.999817,-84.734055
xtal_84.cif,./U3Si5/__initial__/103/xtal_84.cif,100.71371,-29.057068
xtal_85.cif,./U3Si5/__initial__/103/xtal_85.cif,-33.273346,-10.729274
xtal_86.cif,./U3Si5/__initial__/103/xtal_86.cif,108.91189,30.04116
xtal_87.cif,./U3Si5/103/xtal_87.cif,-81.65376,7.6398315
xtal_88.cif,./U3Si5/103/xtal_88.cif,43.227577,-72.10723
xtal_89.cif,./U3Si5/__initial__/103/xtal_89.cif,6.8510137,7.4612675
xtal_9.cif,./U3Si5/__initial__/103/xtal_9.cif,47.816315,51.8107
xtal_90.cif,./U3Si5/__initial__/103/xtal_90.cif,12.498306,9.986593
xtal_91.cif,./U3Si5/__initial__/103/xtal_91.cif,101.07758,-42.925663
xtal_92.cif,./U3Si5/__initial__/103/xtal_92.cif,47.14119,96.41376
xtal_93.cif,./U3Si5/__initial__/103/xtal_93.cif,104.66276,-30.427822
xtal_94.cif,./U3Si5/__initial__/103/xtal_94.cif,62.624077,65.9173
xtal_95.cif,./U3Si5/__initial__/103/xtal_95.cif,47.863277,-54.04582
xtal_96.cif,./U3Si5/__initial__/103/xtal_96.cif,60.107277,-51.013123
xtal_97.cif,./U3Si5/__initial__/103/xtal_97.cif,9.475717,1.913019
xtal_98.cif,./U3Si5/__initial__/103/xtal_98.cif,103.12775,-9.857277
xtal_99.cif,./U3Si5/__initial__/103/xtal_99.cif,53.29346,-27.40287
xtal_1.cif,./U3Si5/104/xtal_1.cif,-8.366587,61.157696
xtal_10.cif,./U3Si5/104/xtal_10.cif,22.808786,-19.14584
xtal_100.cif,./U3Si5/__initial__/104/xtal_100.cif,0.5324221,78.104095
xtal_11.cif,./U3Si5/__initial__/104/xtal_11.cif,29.040201,52.846046
xtal_12.cif,./U3Si5/__initial__/104/xtal_12.cif,23.038485,41.82518
xtal_13.cif,./U3Si5/__initial__/104/xtal_13.cif,53.87193,84.15298
xtal_14.cif,./U3Si5/104/xtal_14.cif,84.74011,-19.26684
xtal_15.cif,./U3Si5/__initial__/104/xtal_15.cif,111.64437,3.5709429
xtal_16.cif,./U3Si5/104/xtal_16.cif,5.0905266,18.257103
xtal_17.cif,./U3Si5/__initial__/104/xtal_17.cif,-21.28839,87.48783
xtal_18.cif,./U3Si5/104/xtal_18.cif,59.64053,-50.821377
xtal_19.cif,./U3Si5/104/xtal_19.cif,-48.273415,8.780409
xtal_2.cif,./U3Si5/104/xtal_2.cif,-44.129856,-26.397606
xtal_20.cif,./U3Si5/104/xtal_20.cif,-38.69276,85.42616
xtal_21.cif,./U3Si5/__initial__/104/xtal_21.cif,82.10526,-19.21907
xtal_22.cif,./U3Si5/104/xtal_22.cif,60.918987,-75.35194
xtal_23.cif,./U3Si5/__initial__/104/xtal_23.cif,71.13843,55.12796
xtal_24.cif,./U3Si5/104/xtal_24.cif,-22.57441,-87.03984
xtal_25.cif,./U3Si5/104/xtal_25.cif,-29.14243,15.323689
xtal_26.cif,./U3Si5/104/xtal_26.cif,50.214355,-69.606
xtal_27.cif,./U3Si5/104/xtal_27.cif,-31.793121,-48.42117
xtal_28.cif,./U3Si5/104/xtal_28.cif,21.82695,-66.246124
xtal_29.cif,./U3Si5/__initial__/104/xtal_29.cif,40.820187,-15.274383
xtal_3.cif,./U3Si5/104/xtal_3.cif,2.0153508,-98.757355
xtal_30.cif,./U3Si5/__initial__/104/xtal_30.cif,107.28547,-27.97465
xtal_31.cif,./U3Si5/__initial__/104/xtal_31.cif,43.67991,99.233215
xtal_32.cif,./U3Si5/104/xtal_32.cif,76.51028,-40.720955
xtal_33.cif,./U3Si5/__initial__/104/xtal_33.cif,56.12592,22.755379
xtal_34.cif,./U3Si5/104/xtal_34.cif,47.394188,-80.36328
xtal_35.cif,./U3Si5/104/xtal_35.cif,99.340935,-30.402988
xtal_36.cif,./U3Si5/__initial__/104/xtal_36.cif,105.90049,12.244325
xtal_37.cif,./U3Si5/104/xtal_37.cif,30.207138,-69.34404
xtal_38.cif,./U3Si5/104/xtal_38.cif,-35.517685,4.0880437
xtal_39.cif,./U3Si5/104/xtal_39.cif,60.422947,-45.78165
xtal_4.cif,./U3Si5/104/xtal_4.cif,4.6146894,31.55174
xtal_40.cif,./U3Si5/104/xtal_40.cif,-21.896095,33.722313
xtal_41.cif,./U3Si5/104/xtal_41.cif,-12.452535,28.78662
xtal_42.cif,./U3Si5/104/xtal_42.cif,36.214725,-60.321884
xtal_43.cif,./U3Si5/104/xtal_43.cif,77.32546,-53.887104
xtal_44.cif,./U3Si5/__initial__/104/xtal_44.cif,24.609144,47.117714
xtal_45.cif,./U3Si5/__initial__/104/xtal_45.cif,56.314236,21.991238
xtal_46.cif,./U3Si5/__initial__/104/xtal_46.cif,57.64353,69.86531
xtal_47.cif,./U3Si5/104/xtal_47.cif,30.137514,-78.56351
xtal_48.cif,./U3Si5/104/xtal_48.cif,-28.78704,-68.64869
xtal_49.cif,./U3Si5/__initial__/104/xtal_49.cif,86.76567,60.819035
xtal_5.cif,./U3Si5/104/xtal_5.cif,-71.95714,-10.489619
xtal_50.cif,./U3Si5/104/xtal_50.cif,-51.41649,-6.1357217
xtal_51.cif,./U3Si5/104/xtal_51.cif,-22.019556,40.9676
xtal_52.cif,./U3Si5/__initial__/104/xtal_52.cif,24.003998,49.53322
xtal_53.cif,./U3Si5/__initial__/104/xtal_53.cif,34.91315,-10.132278
xtal_54.cif,./U3Si5/104/xtal_54.cif,-61.853207,-7.1148005
xtal_55.cif,./U3Si5/__initial__/104/xtal_55.cif,89.36245,-62.455044
xtal_56.cif,./U3Si5/104/xtal_56.cif,16.66653,16.74048
xtal_57.cif,./U3Si5/104/xtal_57.cif,21.20304,-16.692188
xtal_58.cif,./U3Si5/104/xtal_58.cif,-30.371664,-12.518371
xtal_59.cif,./U3Si5/__initial__/104/xtal_59.cif,36.3579,88.70644
xtal_6.cif,./U3Si5/104/xtal_6.cif,9.399991,-6.2517915
xtal_60.cif,./U3Si5/__initial__/104/xtal_60.cif,39.000076,-39.17589
xtal_61.cif,./U3Si5/104/xtal_61.cif,22.574623,-16.948505
xtal_62.cif,./U3Si5/104/xtal_62.cif,-24.859673,-2.7578025
xtal_63.cif,./U3Si5/104/xtal_63.cif,26.290632,-71.77626
xtal_64.cif,./U3Si5/104/xtal_64.cif,-46.584576,26.279247
xtal_65.cif,./U3Si5/104/xtal_65.cif,46.246124,-80.539024
xtal_66.cif,./U3Si5/104/xtal_66.cif,80.31488,-21.503544
xtal_67.cif,./U3Si5/104/xtal_67.cif,22.018166,-80.85072
xtal_68.cif,./U3Si5/104/xtal_68.cif,-24.317347,97.04503
xtal_69.cif,./U3Si5/104/xtal_69.cif,44.669094,-48.408047
xtal_7.cif,./U3Si5/104/xtal_7.cif,-47.09616,63.291462
xtal_70.cif,./U3Si5/104/xtal_70.cif,-24.525427,40.065567
xtal_71.cif,./U3Si5/104/xtal_71.cif,20.62324,32.359894
xtal_72.cif,./U3Si5/104/xtal_72.cif,-41.637177,-13.739533
xtal_73.cif,./U3Si5/__initial__/104/xtal_73.cif,36.72797,55.656036
xtal_74.cif,./U3Si5/__initial__/104/xtal_74.cif,-5.4928017,81.2399
xtal_75.cif,./U3Si5/104/xtal_75.cif,-37.977642,-45.496666
xtal_76.cif,./U3Si5/104/xtal_76.cif,47.51924,-81.857605
xtal_77.cif,./U3Si5/104/xtal_77.cif,7.7966337,109.79054
xtal_78.cif,./U3Si5/__initial__/104/xtal_78.cif,22.841105,68.78769
xtal_79.cif,./U3Si5/__initial__/104/xtal_79.cif,46.96097,82.00952
xtal_8.cif,./U3Si5/104/xtal_8.cif,-4.520827,79.119156
xtal_80.cif,./U3Si5/__initial__/104/xtal_80.cif,44.623055,79.422554
xtal_81.cif,./U3Si5/__initial__/104/xtal_81.cif,15.14063,51.242786
xtal_82.cif,./U3Si5/104/xtal_82.cif,50.004723,-41.784126
xtal_83.cif,./U3Si5/104/xtal_83.cif,-26.928072,-42.73612
xtal_84.cif,./U3Si5/104/xtal_84.cif,-16.624619,19.699747
xtal_85.cif,./U3Si5/104/xtal_85.cif,21.54632,-13.520358
xtal_86.cif,./U3Si5/104/xtal_86.cif,104.31121,-12.100345
xtal_87.cif,./U3Si5/104/xtal_87.cif,-25.930223,39.86685
xtal_88.cif,./U3Si5/104/xtal_88.cif,32.399754,-92.371414
xtal_89.cif,./U3Si5/__initial__/104/xtal_89.cif,33.010307,83.81675
xtal_9.cif,./U3Si5/104/xtal_9.cif,-26.409954,63.02521
xtal_90.cif,./U3Si5/104/xtal_90.cif,39.49718,-88.885185
xtal_91.cif,./U3Si5/104/xtal_91.cif,-18.883772,85.63068
xtal_92.cif,./U3Si5/__initial__/104/xtal_92.cif,5.278843,43.472523
xtal_93.cif,./U3Si5/104/xtal_93.cif,90.2313,-25.509188
xtal_94.cif,./U3Si5/104/xtal_94.cif,-65.72169,45.372925
xtal_95.cif,./U3Si5/__initial__/104/xtal_95.cif,88.05292,-35.030914
xtal_96.cif,./U3Si5/__initial__/104/xtal_96.cif,-27.120266,-60.18099
xtal_97.cif,./U3Si5/__initial__/104/xtal_97.cif,50.43973,71.215126
xtal_98.cif,./U3Si5/104/xtal_98.cif,-44.410236,-9.761413
xtal_99.cif,./U3Si5/104/xtal_99.cif,-21.428587,89.74572
xtal_1.cif,./U3Si5/105/xtal_1.cif,-0.6732396,-49.2365
xtal_10.cif,./U3Si5/__initial__/105/xtal_10.cif,4.654204,7.778898
xtal_100.cif,./U3Si5/__initial__/105/xtal_100.cif,38.137146,56.75676
xtal_11.cif,./U3Si5/105/xtal_11.cif,18.709969,-57.460003
xtal_12.cif,./U3Si5/105/xtal_12.cif,12.642393,-55.78952
xtal_13.cif,./U3Si5/105/xtal_13.cif,-15.036107,-42.136723
xtal_14.cif,./U3Si5/__initial__/105/xtal_14.cif,-33.695995,55.826653
xtal_15.cif,./U3Si5/105/xtal_15.cif,6.0583606,-80.11713
xtal_16.cif,./U3Si5/105/xtal_16.cif,21.670275,-0.2394417
xtal_17.cif,./U3Si5/__initial__/105/xtal_17.cif,104.10263,-11.956292
xtal_18.cif,./U3Si5/__initial__/105/xtal_18.cif,33.889404,78.909706
xtal_19.cif,./U3Si5/105/xtal_19.cif,24.133318,74.55583
xtal_2.cif,./U3Si5/__initial__/105/xtal_2.cif,2.7425928,28.01391
xtal_20.cif,./U3Si5/__initial__/105/xtal_20.cif,-8.048999,4.0999594
xtal_21.cif,./U3Si5/105/xtal_21.cif,15.33979,-82.421265
xtal_22.cif,./U3Si5/105/xtal_22.cif,30.958523,-89.710686
xtal_23.cif,./U3Si5/105/xtal_23.cif,49.144005,-86.239296
xtal_24.cif,./U3Si5/__initial__/105/xtal_24.cif,8.022356,0.64789754
xtal_25.cif,./U3Si5/105/xtal_25.cif,-54.25083,86.498116
xtal_26.cif,./U3Si5/__initial__/105/xtal_26.cif,58.85213,-23.924578
xtal_27.cif,./U3Si5/105/xtal_27.cif,35.079155,-71.2878
xtal_28.cif,./U3Si5/105/xtal_28.cif,2.1241462,107.93503
xtal_29.cif,./U3Si5/__initial__/105/xtal_29.cif,5.161106,7.4173326
xtal_3.cif,./U3Si5/105/xtal_3.cif,-89.24802,-9.600974
xtal_30.cif,./U3Si5/__initial__/105/xtal_30.cif,-2.0933847,19.5042
xtal_31.cif,./U3Si5/__initial__/105/xtal_31.cif,71.96656,29.616411
xtal_32.cif,./U3Si5/105/xtal_32.cif,-12.08989,-57.415356
xtal_33.cif,./U3Si5/__initial__/105/xtal_33.cif,10.729957,19.295277
xtal_34.cif,./U3Si5/__initial__/105/xtal_34.cif,60.965115,30.772564
xtal_35.cif,./U3Si5/105/xtal_35.cif,7.2642064,30.12648
xtal_36.cif,./U3Si5/105/xtal_36.cif,16.568365,-86.92281
xtal_37.cif,./U3Si5/__initial__/105/xtal_37.cif,-67.0864,23.57127
xtal_38.cif,./U3Si5/105/xtal_38.cif,44.445644,-93.37459
xtal_39.cif,./U3Si5/105/xtal_39.cif,-42.509403,-69.415474
xtal_4.cif,./U3Si5/__initial__/105/xtal_4.cif,54.60129,-22.19645
xtal_40.cif,./U3Si5/105/xtal_40.cif,18.434614,-82.75286
xtal_41.cif,./U3Si5/__initial__/105/xtal_41.cif,113.73654,-10.408533
xtal_42.cif,./U3Si5/105/xtal_42.cif,84.571465,-59.296047
xtal_43.cif,./U3Si5/105/xtal_43.cif,22.718016,-17.412628
xtal_44.cif,./U3Si5/__initial__/105/xtal_44.cif,41.77568,17.328115
xtal_45.cif,./U3Si5/__initial__/105/xtal_45.cif,-82.82696,-1.8629241
xtal_46.cif,./U3Si5/105/xtal_46.cif,-14.26889,-18.912342
xtal_47.cif,./U3Si5/__initial__/105/xtal_47.cif,19.59053,80.84166
xtal_48.cif,./U3Si5/__initial__/105/xtal_48.cif,-28.107975,55.737717
xtal_49.cif,./U3Si5/__initial__/105/xtal_49.cif,23.507393,17.876184
xtal_5.cif,./U3Si5/105/xtal_5.cif,30.904158,-56.09871
xtal_50.cif,./U3Si5/__initial__/105/xtal_50.cif,-4.169256,-7.190955
xtal_51.cif,./U3Si5/105/xtal_51.cif,-6.159897,-8.9025
xtal_52.cif,./U3Si5/__initial__/105/xtal_52.cif,-19.15061,7.5088277
xtal_53.cif,./U3Si5/105/xtal_53.cif,-1.0629101,37.070595
xtal_54.cif,./U3Si5/__initial__/105/xtal_54.cif,70.493164,-63.182774
xtal_55.cif,./U3Si5/105/xtal_55.cif,-96.5496,36.329174
xtal_56.cif,./U3Si5/105/xtal_56.cif,43.65967,-94.486084
xtal_57.cif,./U3Si5/__initial__/105/xtal_57.cif,-20.93996,36.9849
xtal_58.cif,./U3Si5/105/xtal_58.cif,43.660534,-72.15091
xtal_59.cif,./U3Si5/105/xtal_59.cif,19.970123,-83.53938
xtal_6.cif,./U3Si5/105/xtal_6.cif,-29.681314,-77.8445
xtal_60.cif,./U3Si5/105/xtal_60.cif,-0.85328984,35.024437
xtal_61.cif,./U3Si5/105/xtal_61.cif,-103.81794,-10.44725
xtal_62.cif,./U3Si5/105/xtal_62.cif,-43.098133,-44.795544
xtal_63.cif,./U3Si5/__initial__/105/xtal_63.cif,75.895905,-15.185278
xtal_64.cif,./U3Si5/__initial__/105/xtal_64.cif,17.93873,39.6322
xtal_65.cif,./U3Si5/__initial__/105/xtal_65.cif,33.12224,56.04788
xtal_66.cif,./U3Si5/__initial__/105/xtal_66.cif,41.384224,28.002787
xtal_67.cif,./U3Si5/__initial__/105/xtal_67.cif,71.15789,-63.166393
xtal_68.cif,./U3Si5/105/xtal_68.cif,49.03195,-51.704655
xtal_69.cif,./U3Si5/__initial__/105/xtal_69.cif,73.26868,-2.2978897
xtal_7.cif,./U3Si5/__initial__/105/xtal_7.cif,34.793007,-3.4222205
xtal_70.cif,./U3Si5/105/xtal_70.cif,-68.77348,2.9688065
xtal_71.cif,./U3Si5/__initial__/105/xtal_71.cif,-33.026608,-68.894135
xtal_72.cif,./U3Si5/105/xtal_72.cif,-30.85034,40.23042
xtal_73.cif,./U3Si5/105/xtal_73.cif,-20.594606,-88.16087
xtal_74.cif,./U3Si5/__initial__/105/xtal_74.cif,105.67859,-34.124546
xtal_75.cif,./U3Si5/__initial__/105/xtal_75.cif,64.32964,36.386806
xtal_76.cif,./U3Si5/105/xtal_76.cif,-45.872246,-63.60558
xtal_77.cif,./U3Si5/__initial__/105/xtal_77.cif,63.380856,22.909237
xtal_78.cif,./U3Si5/__initial__/105/xtal_78.cif,30.630144,89.048546
xtal_79.cif,./U3Si5/__initial__/105/xtal_79.cif,-7.6137714,94.08468
xtal_8.cif,./U3Si5/__initial__/105/xtal_8.cif,-22.184496,74.025734
xtal_80.cif,./U3Si5/__initial__/105/xtal_80.cif,0.3154017,89.27694
xtal_81.cif,./U3Si5/105/xtal_81.cif,-60.032444,-34.077045
xtal_82.cif,./U3Si5/105/xtal_82.cif,7.803309,-79.463936
xtal_83.cif,./U3Si5/__initial__/105/xtal_83.cif,30.48832,3.0726802
xtal_84.cif,./U3Si5/__initial__/105/xtal_84.cif,-30.741827,39.728817
xtal_85.cif,./U3Si5/105/xtal_85.cif,-12.6225815,-57.356167
xtal_86.cif,./U3Si5/__initial__/105/xtal_86.cif,15.603328,-10.649104
xtal_87.cif,./U3Si5/105/xtal_87.cif,77.65493,-70.818245
xtal_88.cif,./U3Si5/__initial__/105/xtal_88.cif,87.88127,-55.49174
xtal_89.cif,./U3Si5/105/xtal_89.cif,0.26604947,-90.90862
xtal_9.cif,./U3Si5/__initial__/105/xtal_9.cif,18.93111,9.708558
xtal_90.cif,./U3Si5/105/xtal_90.cif,25.444635,-87.21869
xtal_91.cif,./U3Si5/__initial__/105/xtal_91.cif,19.1691,20.636868
xtal_92.cif,./U3Si5/105/xtal_92.cif,-6.1396403,-56.17653
xtal_93.cif,./U3Si5/105/xtal_93.cif,-41.40282,-14.824082
xtal_94.cif,./U3Si5/__initial__/105/xtal_94.cif,59.896217,-11.565083
xtal_95.cif,./U3Si5/__initial__/105/xtal_95.cif,11.418316,61.466137
xtal_96.cif,./U3Si5/105/xtal_96.cif,9.44399,26.004496
xtal_97.cif,./U3Si5/105/xtal_97.cif,49.969017,-69.7053
xtal_98.cif,./U3Si5/105/xtal_98.cif,-60.444637,-44.436028
xtal_99.cif,./U3Si5/__initial__/105/xtal_99.cif,32.396305,-41.272316
xtal_1.cif,./U3Si5/107/xtal_1.cif,94.97365,-26.519009
xtal_10.cif,./U3Si5/107/xtal_10.cif,79.080986,-35.889874
xtal_100.cif,./U3Si5/107/xtal_100.cif,63.731174,-49.511353
xtal_11.cif,./U3Si5/107/xtal_11.cif,48.225723,-60.11004
xtal_12.cif,./U3Si5/__initial__/107/xtal_12.cif,86.516045,-0.22001134
xtal_13.cif,./U3Si5/__initial__/107/xtal_13.cif,-15.804609,97.58438
xtal_14.cif,./U3Si5/107/xtal_14.cif,-34.77192,28.133633
xtal_15.cif,./U3Si5/__initial__/107/xtal_15.cif,15.0903425,37.013317
xtal_16.cif,./U3Si5/107/xtal_16.cif,4.1206145,58.20329
xtal_17.cif,./U3Si5/__initial__/107/xtal_17.cif,42.82815,74.18643
xtal_18.cif,./U3Si5/107/xtal_18.cif,-45.734886,-39.32474
xtal_19.cif,./U3Si5/107/xtal_19.cif,-64.60941,14.14234
xtal_2.cif,./U3Si5/__initial__/107/xtal_2.cif,59.971016,-52.117252
xtal_20.cif,./U3Si5/107/xtal_20.cif,61.81023,-37.461575
xtal_21.cif,./U3Si5/107/xtal_21.cif,69.29388,-65.0264
xtal_22.cif,./U3Si5/107/xtal_22.cif,79.1239,-75.149895
xtal_23.cif,./U3Si5/__initial__/107/xtal_23.cif,13.212598,56.543392
xtal_24.cif,./U3Si5/107/xtal_24.cif,103.98063,-7.9141645
xtal_25.cif,./U3Si5/107/xtal_25.cif,22.775259,-4.6791806
xtal_26.cif,./U3Si5/107/xtal_26.cif,28.47386,-5.3685584
xtal_27.cif,./U3Si5/107/xtal_27.cif,-57.114902,-53.372425
xtal_28.cif,./U3Si5/__initial__/107/xtal_28.cif,82.7112,66.02103
xtal_29.cif,./U3Si5/107/xtal_29.cif,4.7899785,-61.452213
xtal_3.cif,./U3Si5/__initial__/107/xtal_3.cif,61.017376,63.831306
xtal_30.cif,./U3Si5/107/xtal_30.cif,42.97108,-88.158844
xtal_31.cif,./U3Si5/107/xtal_31.cif,12.261569,-84.24801
xtal_32.cif,./U3Si5/107/xtal_32.cif,70.28898,-55.74318
xtal_33.cif,./U3Si5/__initial__/107/xtal_33.cif,-3.5329196,65.72786
xtal_34.cif,./U3Si5/__initial__/107/xtal_34.cif,-0.27491626,17.041458
xtal_35.cif,./U3Si5/107/xtal_35.cif,61.185345,-23.514696
xtal_36.cif,./U3Si5/__initial__/107/xtal_36.cif,49.437634,79.936714
xtal_37.cif,./U3Si5/107/xtal_37.cif,-26.734343,14.712944
xtal_38.cif,./U3Si5/__initial__/107/xtal_38.cif,113.412224,6.1563053
xtal_39.cif,./U3Si5/107/xtal_39.cif,21.717896,-13.655161
xtal_4.cif,./U3Si5/__initial__/107/xtal_4.cif,65.21559,61.121433
xtal_40.cif,./U3Si5/__initial__/107/xtal_40.cif,99.94381,-0.83131534
xtal_41.cif,./U3Si5/107/xtal_41.cif,61.742947,-23.242386
xtal_42.cif,./U3Si5/__initial__/107/xtal_42.cif,33.67696,78.807304
xtal_43.cif,./U3Si5/107/xtal_43.cif,-24.376596,-6.897996
xtal_44.cif,./U3Si5/107/xtal_44.cif,23.164595,-17.012585
xtal_45.cif,./U3Si5/__initial__/107/xtal_45.cif,30.08193,56.909107
xtal_46.cif,./U3Si5/107/xtal_46.cif,10.18518,-8.924498
xtal_47.cif,./U3Si5/107/xtal_47.cif,70.92555,-62.378178
xtal_48.cif,./U3Si5/107/xtal_48.cif,-69.52692,23.46034
xtal_49.cif,./U3Si5/__initial__/107/xtal_49.cif,94.32279,32.24485
xtal_5.cif,./U3Si5/__initial__/107/xtal_5.cif,32.947044,67.08814
xtal_50.cif,./U3Si5/107/xtal_50.cif,-22.36002,26.916456
xtal_51.cif,./U3Si5/107/xtal_51.cif,84.070366,-33.83603
xtal_52.cif,./U3Si5/__initial__/107/xtal_52.cif,84.28124,47.89912
xtal_53.cif,./U3Si5/__initial__/107/xtal_53.cif,93.896996,31.76595
xtal_54.cif,./U3Si5/107/xtal_54.cif,34.3017,-70.8789
xtal_55.cif,./U3Si5/107/xtal_55.cif,-30.494274,-12.680927
xtal_56.cif,./U3Si5/__initial__/107/xtal_56.cif,36.89691,89.47034
xtal_57.cif,./U3Si5/107/xtal_57.cif,5.1839366,-37.003914
xtal_58.cif,./U3Si5/107/xtal_58.cif,-14.068781,89.718315
xtal_59.cif,./U3Si5/107/xtal_59.cif,46.883244,-61.983406
xtal_6.cif,./U3Si5/__initial__/107/xtal_6.cif,30.942587,90.16954
xtal_60.cif,./U3Si5/107/xtal_60.cif,87.45506,-28.003382
xtal_61.cif,./U3Si5/107/xtal_61.cif,106.88923,-14.46205
xtal_62.cif,./U3Si5/__initial__/107/xtal_62.cif,-4.210355,53.20734
xtal_63.cif,./U3Si5/107/xtal_63.cif,-91.12279,41.158886
xtal_64.cif,./U3Si5/__initial__/107/xtal_64.cif,115.85135,29.13278
xtal_65.cif,./U3Si5/107/xtal_65.cif,73.33558,-26.963316
xtal_66.cif,./U3Si5/107/xtal_66.cif,81.14901,-68.22515
xtal_67.cif,./U3Si5/__initial__/107/xtal_67.cif,62.15627,-1.2967672
xtal_68.cif,./U3Si5/107/xtal_68.cif,57.431934,-87.552986
xtal_69.cif,./U3Si5/107/xtal_69.cif,23.01234,-1.2839897
xtal_7.cif,./U3Si5/__initial__/107/xtal_7.cif,15.631357,48.010204
xtal_70.cif,./U3Si5/107/xtal_70.cif,21.71944,-17.507244
xtal_71.cif,./U3Si5/107/xtal_71.cif,35.61143,-81.91683
xtal_72.cif,./U3Si5/107/xtal_72.cif,51.333027,9.449923
xtal_73.cif,./U3Si5/107/xtal_73.cif,3.5936284,-4.090496
xtal_74.cif,./U3Si5/__initial__/107/xtal_74.cif,62.436066,-8.285991
xtal_75.cif,./U3Si5/__initial__/107/xtal_75.cif,84.422424,47.8662
xtal_76.cif,./U3Si5/107/xtal_76.cif,7.744495,-51.483986
xtal_77.cif,./U3Si5/107/xtal_77.cif,78.876526,-28.597736
xtal_78.cif,./U3Si5/107/xtal_78.cif,-49.05567,20.23984
xtal_79.cif,./U3Si5/__initial__/107/xtal_79.cif,111.96979,3.5956032
xtal_8.cif,./U3Si5/107/xtal_8.cif,62.05229,-66.63544
xtal_80.cif,./U3Si5/__initial__/107/xtal_80.cif,99.00615,-31.027225
xtal_81.cif,./U3Si5/__initial__/107/xtal_81.cif,66.82688,31.53179
xtal_82.cif,./U3Si5/107/xtal_82.cif,-99.72796,-0.9422801
xtal_83.cif,./U3Si5/107/xtal_83.cif,2.24959,-56.37383
xtal_84.cif,./U3Si5/107/xtal_84.cif,0.21018642,-84.40452
xtal_85.cif,./U3Si5/107/xtal_85.cif,11.491247,-3.8546314
xtal_86.cif,./U3Si5/__initial__/107/xtal_86.cif,13.529597,13.799026
xtal_87.cif,./U3Si5/__initial__/107/xtal_87.cif,45.53376,77.1604
xtal_88.cif,./U3Si5/107/xtal_88.cif,64.57425,-58.20369
xtal_89.cif,./U3Si5/107/xtal_89.cif,57.630455,-71.72434
xtal_9.cif,./U3Si5/107/xtal_9.cif,72.70359,-26.474728
xtal_90.cif,./U3Si5/__initial__/107/xtal_90.cif,33.617977,46.62908
xtal_91.cif,./U3Si5/107/xtal_91.cif,3.4443004,-32.88585
xtal_92.cif,./U3Si5/107/xtal_92.cif,-14.755927,-12.636927
xtal_93.cif,./U3Si5/__initial__/107/xtal_93.cif,57.45687,72.65546
xtal_94.cif,./U3Si5/107/xtal_94.cif,5.495506,-23.88696
xtal_95.cif,./U3Si5/107/xtal_95.cif,69.70216,-61.418
xtal_96.cif,./U3Si5/107/xtal_96.cif,28.611128,26.975533
xtal_97.cif,./U3Si5/107/xtal_97.cif,-85.13678,-14.107002
xtal_98.cif,./U3Si5/107/xtal_98.cif,108.09397,2.6106486
xtal_99.cif,./U3Si5/107/xtal_99.cif,62.006775,-85.16666
xtal_1.cif,./U3Si5/__initial__/111/xtal_1.cif,-1.0319217,18.329546
xtal_10.cif,./U3Si5/111/xtal_10.cif,113.259796,-14.21772
xtal_100.cif,./U3Si5/__initial__/111/xtal_100.cif,39.91209,19.549015
xtal_11.cif,./U3Si5/111/xtal_11.cif,37.6961,-35.65795
xtal_12.cif,./U3Si5/111/xtal_12.cif,84.112564,-21.33533
xtal_13.cif,./U3Si5/111/xtal_13.cif,13.090094,-73.33174
xtal_14.cif,./U3Si5/111/xtal_14.cif,-34.44127,16.02547
xtal_15.cif,./U3Si5/111/xtal_15.cif,-26.198694,72.13792
xtal_16.cif,./U3Si5/__initial__/111/xtal_16.cif,79.57768,48.054085
xtal_17.cif,./U3Si5/111/xtal_17.cif,34.176846,-62.80093
xtal_18.cif,./U3Si5/111/xtal_18.cif,-93.6838,5.323107
xtal_19.cif,./U3Si5/111/xtal_19.cif,23.328754,-26.770893
xtal_2.cif,./U3Si5/__initial__/111/xtal_2.cif,62.30607,55.018024
xtal_20.cif,./U3Si5/__initial__/111/xtal_20.cif,23.410004,43.625977
xtal_21.cif,./U3Si5/111/xtal_21.cif,-56.24755,15.89953
xtal_22.cif,./U3Si5/111/xtal_22.cif,-40.335354,28.536983
xtal_23.cif,./U3Si5/111/xtal_23.cif,-28.656776,10.374421
xtal_24.cif,./U3Si5/__initial__/111/xtal_24.cif,96.37949,20.474236
xtal_25.cif,./U3Si5/111/xtal_25.cif,-31.928179,25.456366
xtal_26.cif,./U3Si5/111/xtal_26.cif,-40.790314,9.204768
xtal_27.cif,./U3Si5/__initial__/111/xtal_27.cif,42.58318,-25.585825
xtal_28.cif,./U3Si5/__initial__/111/xtal_28.cif,-3.3979669,19.665968
xtal_29.cif,./U3Si5/__initial__/111/xtal_29.cif,63.306633,3.8964987
xtal_3.cif,./U3Si5/111/xtal_3.cif,65.263794,-77.84183
xtal_30.cif,./U3Si5/111/xtal_30.cif,-22.458858,18.279167
xtal_31.cif,./U3Si5/__initial__/111/xtal_31.cif,-25.377243,73.29188
xtal_32.cif,./U3Si5/__initial__/111/xtal_32.cif,-2.03675,48.555412
xtal_33.cif,./U3Si5/111/xtal_33.cif,42.191006,-21.140196
xtal_34.cif,./U3Si5/__initial__/111/xtal_34.cif,-41.145615,42.694424
xtal_35.cif,./U3Si5/111/xtal_35.cif,54.337875,32.009266
xtal_36.cif,./U3Si5/111/xtal_36.cif,-65.88443,81.268394
xtal_37.cif,./U3Si5/111/xtal_37.cif,-19.685085,-16.678562
xtal_38.cif,./U3Si5/111/xtal_38.cif,36.079044,-66.05375
xtal_39.cif,./U3Si5/111/xtal_39.cif,32.33571,-57.205788
xtal_4.cif,./U3Si5/111/xtal_4.cif,51.314316,-62.610767
xtal_40.cif,./U3Si5/111/xtal_40.cif,-97.20735,4.9263415
xtal_41.cif,./U3Si5/111/xtal_41.cif,-19.44071,-54.70344
xtal_42.cif,./U3Si5/111/xtal_42.cif,-59.560413,-42.95595
xtal_43.cif,./U3Si5/__initial__/111/xtal_43.cif,0.5718629,44.88297
xtal_44.cif,./U3Si5/111/xtal_44.cif,32.217472,-81.589745
xtal_45.cif,./U3Si5/__initial__/111/xtal_45.cif,48.80554,-6.2404933
xtal_46.cif,./U3Si5/111/xtal_46.cif,-29.33293,101.54589
xtal_47.cif,./U3Si5/111/xtal_47.cif,68.42113,-77.26502
xtal_48.cif,./U3Si5/__initial__/111/xtal_48.cif,-50.587303,-6.588475
xtal_49.cif,./U3Si5/111/xtal_49.cif,41.095787,12.463953
xtal_5.cif,./U3Si5/__initial__/111/xtal_5.cif,68.76876,38.818676
xtal_50.cif,./U3Si5/111/xtal_50.cif,68.44029,-79.05187
xtal_51.cif,./U3Si5/111/xtal_51.cif,54.974186,-17.898312
xtal_52.cif,./U3Si5/111/xtal_52.cif,-22.97435,63.07225
xtal_53.cif,./U3Si5/__initial__/111/xtal_53.cif,96.14937,43.668327
xtal_54.cif,./U3Si5/__initial__/111/xtal_54.cif,46.305252,-43.653595
xtal_55.cif,./U3Si5/111/xtal_55.cif,-11.636006,-100.32028
xtal_56.cif,./U3Si5/111/xtal_56.cif,57.475445,-51.651947
xtal_57.cif,./U3Si5/111/xtal_57.cif,-26.272636,-36.787666
xtal_58.cif,./U3Si5/111/xtal_58.cif,10.947395,-17.509604
xtal_59.cif,./U3Si5/__initial__/111/xtal_59.cif,96.723625,40.666706
xtal_6.cif,./U3Si5/__initial__/111/xtal_6.cif,-37.24419,-41.89564
xtal_60.cif,./U3Si5/111/xtal_60.cif,56.82995,-88.20407
xtal_61.cif,./U3Si5/111/xtal_61.cif,-56.575638,19.26552
xtal_62.cif,./U3Si5/__initial__/111/xtal_62.cif,14.162272,81.54186
xtal_63.cif,./U3Si5/111/xtal_63.cif,36.484344,-47.145927
xtal_64.cif,./U3Si5/111/xtal_64.cif,69.22829,-44.669147
xtal_65.cif,./U3Si5/__initial__/111/xtal_65.cif,105.27793,29.977077
xtal_66.cif,./U3Si5/111/xtal_66.cif,-10.441302,111.360855
xtal_67.cif,./U3Si5/111/xtal_67.cif,33.00775,-25.081263
xtal_68.cif,./U3Si5/111/xtal_68.cif,103.21788,-17.255793
xtal_69.cif,./U3Si5/__initial__/111/xtal_69.cif,43.676636,-13.987769
xtal_7.cif,./U3Si5/111/xtal_7.cif,105.1109,-38.57463
xtal_70.cif,./U3Si5/__initial__/111/xtal_70.cif,72.00272,2.7123961
xtal_71.cif,./U3Si5/__initial__/111/xtal_71.cif,-68.77598,16.526304
xtal_72.cif,./U3Si5/111/xtal_72.cif,48.450645,-93.45668
xtal_73.cif,./U3Si5/__initial__/111/xtal_73.cif,74.41927,10.654109
xtal_74.cif,./U3Si5/111/xtal_74.cif,-14.75688,-42.516884
xtal_75.cif,./U3Si5/111/xtal_75.cif,-49.106827,-0.7615439
xtal_76.cif,./U3Si5/__initial__/111/xtal_76.cif,-5.4791555,71.46392
xtal_77.cif,./U3Si5/__initial__/111/xtal_77.cif,2.634736,-20.421497
xtal_78.cif,./U3Si5/111/xtal_78.cif,118.34578,34.188797
xtal_79.cif,./U3Si5/111/xtal_79.cif,34.706738,-31.594847
xtal_8.cif,./U3Si5/111/xtal_8.cif,50.787083,-46.010326
xtal_80.cif,./U3Si5/__initial__/111/xtal_80.cif,-0.8039281,92.76216
xtal_81.cif,./U3Si5/111/xtal_81.cif,-24.067377,-75.651474
xtal_82.cif,./U3Si5/__initial__/111/xtal_82.cif,68.39666,-22.391197
xtal_83.cif,./U3Si5/111/xtal_83.cif,109.34535,-9.598195
xtal_84.cif,./U3Si5/111/xtal_84.cif,114.099915,16.452223
xtal_85.cif,./U3Si5/__initial__/111/xtal_85.cif,-27.249798,52.056297
xtal_86.cif,./U3Si5/__initial__/111/xtal_86.cif,96.25673,-12.573601
xtal_87.cif,./U3Si5/__initial__/111/xtal_87.cif,53.236652,-43.813812
xtal_88.cif,./U3Si5/__initial__/111/xtal_88.cif,-2.1832023,20.21314
xtal_89.cif,./U3Si5/111/xtal_89.cif,116.95573,33.314205
xtal_9.cif,./U3Si5/__initial__/111/xtal_9.cif,-3.554331,93.42008
xtal_90.cif,./U3Si5/111/xtal_90.cif,-36.677303,2.8997695
xtal_91.cif,./U3Si5/111/xtal_91.cif,-49.067303,18.653217
xtal_92.cif,./U3Si5/111/xtal_92.cif,50.26247,-47.022194
xtal_93.cif,./U3Si5/111/xtal_93.cif,76.8081,-67.54888
xtal_94.cif,./U3Si5/__initial__/111/xtal_94.cif,12.467149,66.291565
xtal_95.cif,./U3Si5/__initial__/111/xtal_95.cif,89.4475,56.224792
xtal_96.cif,./U3Si5/111/xtal_96.cif,50.51586,-20.564379
xtal_97.cif,./U3Si5/111/xtal_97.cif,-37.925053,42.278633
xtal_98.cif,./U3Si5/__initial__/111/xtal_98.cif,66.21486,45.511696
xtal_99.cif,./U3Si5/111/xtal_99.cif,-56.64436,-69.33088
xtal_1.cif,./U3Si5/__initial__/112/xtal_1.cif,-45.604652,52.69936
xtal_10.cif,./U3Si5/__initial__/112/xtal_10.cif,48.131397,-61.814472
xtal_100.cif,./U3Si5/112/xtal_100.cif,-84.31303,34.47739
xtal_11.cif,./U3Si5/__initial__/112/xtal_11.cif,-8.400447,-82.23605
xtal_12.cif,./U3Si5/__initial__/112/xtal_12.cif,53.63635,-78.51381
xtal_13.cif,./U3Si5/__initial__/112/xtal_13.cif,82.01866,-41.78074
xtal_14.cif,./U3Si5/__initial__/112/xtal_14.cif,-15.709603,-82.57836
xtal_15.cif,./U3Si5/__initial__/112/xtal_15.cif,-23.764273,77.21654
xtal_16.cif,./U3Si5/__initial__/112/xtal_16.cif,62.45111,-65.05586
xtal_17.cif,./U3Si5/__initial__/112/xtal_17.cif,-94.21587,20.850733
xtal_18.cif,./U3Si5/__initial__/112/xtal_18.cif,-3.4562294,-75.406715
xtal_19.cif,./U3Si5/__initial__/112/xtal_19.cif,108.524315,19.031286
xtal_2.cif,./U3Si5/__initial__/112/xtal_2.cif,65.464554,29.81061
xtal_20.cif,./U3Si5/__initial__/112/xtal_20.cif,62.873386,27.16678
xtal_21.cif,./U3Si5/__initial__/112/xtal_21.cif,93.59814,-53.261765
xtal_22.cif,./U3Si5/__initial__/112/xtal_22.cif,-9.791495,27.70227
xtal_23.cif,./U3Si5/__initial__/112/xtal_23.cif,-8.162126,14.095432
xtal_24.cif,./U3Si5/__initial__/112/xtal_24.cif,50.852005,-20.92843
xtal_25.cif,./U3Si5/112/xtal_25.cif,-62.868122,-34.209312
xtal_26.cif,./U3Si5/__initial__/112/xtal_26.cif,-9.619496,-81.361084
xtal_27.cif,./U3Si5/__initial__/112/xtal_27.cif,-95.07215,26.425514
xtal_28.cif,./U3Si5/__initial__/112/xtal_28.cif,32.118443,-37.689987
xtal_29.cif,./U3Si5/__initial__/112/xtal_29.cif,-37.09236,17.01292
xtal_3.cif,./U3Si5/__initial__/112/xtal_3.cif,-62.287872,-45.275814
xtal_30.cif,./U3Si5/__initial__/112/xtal_30.cif,-28.897017,10.111323
xtal_31.cif,./U3Si5/__initial__/112/xtal_31.cif,-38.67833,-63.631805
xtal_32.cif,./U3Si5/__initial__/112/xtal_32.cif,59.270695,-13.851201
xtal_33.cif,./U3Si5/__initial__/112/xtal_33.cif,71.82479,-30.217003
xtal_34.cif,./U3Si5/__initial__/112/xtal_34.cif,-59.411053,42.869583
xtal_35.cif,./U3Si5/__initial__/112/xtal_35.cif,83.165184,-39.067352
xtal_36.cif,./U3Si5/__initial__/112/xtal_36.cif,-12.357031,-97.5436
xtal_37.cif,./U3Si5/__initial__/112/xtal_37.cif,-17.203266,19.078434
xtal_38.cif,./U3Si5/__initial__/112/xtal_38.cif,-38.441936,-62.174095
xtal_39.cif,./U3Si5/__initial__/112/xtal_39.cif,58.871365,39.326836
xtal_4.cif,./U3Si5/__initial__/112/xtal_4.cif,92.25705,-42.41494
xtal_40.cif,./U3Si5/__initial__/112/xtal_40.cif,31.317707,-85.58758
xtal_41.cif,./U3Si5/__initial__/112/xtal_41.cif,-99.23761,11.578174
xtal_42.cif,./U3Si5/__initial__/112/xtal_42.cif,96.16915,-15.506811
xtal_43.cif,./U3Si5/__initial__/112/xtal_43.cif,-37.320206,-3.607901
xtal_44.cif,./U3Si5/__initial__/112/xtal_44.cif,84.797356,-67.735756
xtal_45.cif,./U3Si5/__initial__/112/xtal_45.cif,100.39024,-35.413216
xtal_46.cif,./U3Si5/__initial__/112/xtal_46.cif,17.781332,-92.024796
xtal_47.cif,./U3Si5/__initial__/112/xtal_47.cif,35.23677,-29.651266
xtal_48.cif,./U3Si5/__initial__/112/xtal_48.cif,96.934654,-51.451237
xtal_49.cif,./U3Si5/__initial__/112/xtal_49.cif,55.36209,25.086487
xtal_5.cif,./U3Si5/__initial__/112/xtal_5.cif,72.858505,-5.4732094
xtal_50.cif,./U3Si5/__initial__/112/xtal_50.cif,3.4594188,-23.454689
xtal_51.cif,./U3Si5/__initial__/112/xtal_51.cif,-80.17857,-44.927902
xtal_52.cif,./U3Si5/__initial__/112/xtal_52.cif,46.719418,-57.49538
xtal_53.cif,./U3Si5/__initial__/112/xtal_53.cif,103.886024,-10.918458
xtal_54.cif,./U3Si5/__initial__/112/xtal_54.cif,-47.838627,-44.55668
xtal_55.cif,./U3Si5/__initial__/112/xtal_55.cif,74.633705,15.724696
xtal_56.cif,./U3Si5/__initial__/112/xtal_56.cif,3.9556417,-67.996284
xtal_57.cif,./U3Si5/__initial__/112/xtal_57.cif,-14.764328,63.880802
xtal_58.cif,./U3Si5/__initial__/112/xtal_58.cif,103.79473,-2.757036
xtal_59.cif,./U3Si5/__initial__/112/xtal_59.cif,48.04922,-87.417915
xtal_6.cif,./U3Si5/__initial__/112/xtal_6.cif,63.4126,27.201677
xtal_60.cif,./U3Si5/__initial__/112/xtal_60.cif,75.987434,-6.6343493
xtal_61.cif,./U3Si5/__initial__/112/xtal_61.cif,67.335014,-6.3984194
xtal_62.cif,./U3Si5/__initial__/112/xtal_62.cif,-36.851646,12.637583
xtal_63.cif,./U3Si5/__initial__/112/xtal_63.cif,67.098076,34.933804
xtal_64.cif,./U3Si5/__initial__/112/xtal_64.cif,45.346344,-87.2844
xtal_65.cif,./U3Si5/112/xtal_65.cif,20.7543,73.1048
xtal_66.cif,./U3Si5/__initial__/112/xtal_66.cif,-62.2701,-44.408142
xtal_67.cif,./U3Si5/__initial__/112/xtal_67.cif,-9.514463,-67.50154
xtal_68.cif,./U3Si5/__initial__/112/xtal_68.cif,40.227074,19.53075
xtal_69.cif,./U3Si5/__initial__/112/xtal_69.cif,-22.065092,46.809525
xtal_7.cif,./U3Si5/__initial__/112/xtal_7.cif,55.47968,-72.03733
xtal_70.cif,./U3Si5/__initial__/112/xtal_70.cif,-25.954021,-75.45674
xtal_71.cif,./U3Si5/__initial__/112/xtal_71.cif,60.275173,-25.12232
xtal_72.cif,./U3Si5/__initial__/112/xtal_72.cif,-22.890755,-4.606213
xtal_73.cif,./U3Si5/__initial__/112/xtal_73.cif,61.76938,-76.83486
xtal_74.cif,./U3Si5/112/xtal_74.cif,16.232336,-41.78581
xtal_75.cif,./U3Si5/__initial__/112/xtal_75.cif,69.10386,-34.73943
xtal_76.cif,./U3Si5/__initial__/112/xtal_76.cif,79.250145,29.70588
xtal_77.cif,./U3Si5/__initial__/112/xtal_77.cif,-20.088266,-49.75298
xtal_78.cif,./U3Si5/__initial__/112/xtal_78.cif,55.74082,-79.094475
xtal_79.cif,./U3Si5/__initial__/112/xtal_79.cif,12.130702,-6.389
xtal_8.cif,./U3Si5/__initial__/112/xtal_8.cif,68.078674,-69.58496
xtal_80.cif,./U3Si5/__initial__/112/xtal_80.cif,-7.4171767,20.636686
xtal_81.cif,./U3Si5/__initial__/112/xtal_81.cif,12.249055,63.13063
xtal_82.cif,./U3Si5/__initial__/112/xtal_82.cif,103.30319,-33.44447
xtal_83.cif,./U3Si5/__initial__/112/xtal_83.cif,-72.130875,-32.90601
xtal_84.cif,./U3Si5/__initial__/112/xtal_84.cif,107.26631,-16.745546
xtal_85.cif,./U3Si5/__initial__/112/xtal_85.cif,-17.886501,-51.69822
xtal_86.cif,./U3Si5/__initial__/112/xtal_86.cif,74.9526,15.073103
xtal_87.cif,./U3Si5/__initial__/112/xtal_87.cif,-35.467636,64.43732
xtal_88.cif,./U3Si5/__initial__/112/xtal_88.cif,-39.156082,-18.502207
xtal_89.cif,./U3Si5/__initial__/112/xtal_89.cif,-40.462746,-71.45498
xtal_9.cif,./U3Si5/__initial__/112/xtal_9.cif,32.273354,-57.506382
xtal_90.cif,./U3Si5/__initial__/112/xtal_90.cif,79.46028,-57.017746
xtal_91.cif,./U3Si5/__initial__/112/xtal_91.cif,56.735157,-5.027128
xtal_92.cif,./U3Si5/__initial__/112/xtal_92.cif,-54.82558,-5.0320373
xtal_93.cif,./U3Si5/__initial__/112/xtal_93.cif,75.906784,-77.97037
xtal_94.cif,./U3Si5/__initial__/112/xtal_94.cif,94.073586,-57.603107
xtal_95.cif,./U3Si5/112/xtal_95.cif,-75.55723,21.33718
xtal_96.cif,./U3Si5/__initial__/112/xtal_96.cif,39.713913,-67.37078
xtal_97.cif,./U3Si5/__initial__/112/xtal_97.cif,22.47932,-49.782917
xtal_98.cif,./U3Si5/__initial__/112/xtal_98.cif,-2.8712466,-89.79958
xtal_99.cif,./U3Si5/__initial__/112/xtal_99.cif,83.98553,-58.868484
xtal_1.cif,./U3Si5/__initial__/113/xtal_1.cif,-21.833094,87.50102
xtal_10.cif,./U3Si5/__initial__/113/xtal_10.cif,111.43955,12.923278
xtal_100.cif,./U3Si5/113/xtal_100.cif,59.3345,-83.13521
xtal_11.cif,./U3Si5/__initial__/113/xtal_11.cif,3.3432753,68.67888
xtal_12.cif,./U3Si5/__initial__/113/xtal_12.cif,69.75987,54.379272
xtal_13.cif,./U3Si5/__initial__/113/xtal_13.cif,59.57298,-14.726227
xtal_14.cif,./U3Si5/__initial__/113/xtal_14.cif,33.46554,-20.089705
xtal_15.cif,./U3Si5/__initial__/113/xtal_15.cif,-64.75514,51.849953
xtal_16.cif,./U3Si5/113/xtal_16.cif,54.70456,-39.320408
xtal_17.cif,./U3Si5/113/xtal_17.cif,92.881516,-56.839573
xtal_18.cif,./U3Si5/__initial__/113/xtal_18.cif,109.99241,-16.364113
xtal_19.cif,./U3Si5/__initial__/113/xtal_19.cif,-59.19765,15.096094
xtal_2.cif,./U3Si5/__initial__/113/xtal_2.cif,42.173508,-45.93395
xtal_20.cif,./U3Si5/__initial__/113/xtal_20.cif,51.940517,-4.51721
xtal_21.cif,./U3Si5/113/xtal_21.cif,-2.7350383,-43.175007
xtal_22.cif,./U3Si5/113/xtal_22.cif,4.3160186,-79.097694
xtal_23.cif,./U3Si5/113/xtal_23.cif,-10.432549,75.62015
xtal_24.cif,./U3Si5/__initial__/113/xtal_24.cif,75.315765,16.24611
xtal_25.cif,./U3Si5/113/xtal_25.cif,60.60833,-78.975334
xtal_26.cif,./U3Si5/113/xtal_26.cif,61.029205,-40.750847
xtal_27.cif,./U3Si5/__initial__/113/xtal_27.cif,-30.746365,37.185673
xtal_28.cif,./U3Si5/113/xtal_28.cif,-12.399078,-94.55244
xtal_29.cif,./U3Si5/113/xtal_29.cif,103.69087,-41.943607
xtal_3.cif,./U3Si5/__initial__/113/xtal_3.cif,26.47497,-6.980569
xtal_30.cif,./U3Si5/113/xtal_30.cif,28.117258,-71.54393
xtal_31.cif,./U3Si5/__initial__/113/xtal_31.cif,23.526028,-8.193357
xtal_32.cif,./U3Si5/113/xtal_32.cif,-20.434132,-36.48542
xtal_33.cif,./U3Si5/113/xtal_33.cif,-53.548096,-80.68525
xtal_34.cif,./U3Si5/__initial__/113/xtal_34.cif,-11.043529,15.411563
xtal_35.cif,./U3Si5/113/xtal_35.cif,-84.167984,-6.018976
xtal_36.cif,./U3Si5/__initial__/113/xtal_36.cif,68.53182,-22.733147
xtal_37.cif,./U3Si5/113/xtal_37.cif,68.89447,-50.704124
xtal_38.cif,./U3Si5/113/xtal_38.cif,-30.339373,78.298744
xtal_39.cif,./U3Si5/__initial__/113/xtal_39.cif,49.367428,-7.8441358
xtal_4.cif,./U3Si5/__initial__/113/xtal_4.cif,-31.11048,36.34281
xtal_40.cif,./U3Si5/__initial__/113/xtal_40.cif,-10.110574,83.72769
xtal_41.cif,./U3Si5/113/xtal_41.cif,-22.593782,-85.980774
xtal_42.cif,./U3Si5/113/xtal_42.cif,-18.554323,-54.342117
xtal_43.cif,./U3Si5/113/xtal_43.cif,-55.92055,-53.036457
xtal_44.cif,./U3Si5/__initial__/113/xtal_44.cif,53.608326,0.98476636
xtal_45.cif,./U3Si5/__initial__/113/xtal_45.cif,6.37704,77.75094
xtal_46.cif,./U3Si5/__initial__/113/xtal_46.cif,-46.048035,69.71201
xtal_47.cif,./U3Si5/__initial__/113/xtal_47.cif,51.379128,-75.516495
xtal_48.cif,./U3Si5/__initial__/113/xtal_48.cif,-12.863575,-52.74862
xtal_49.cif,./U3Si5/__initial__/113/xtal_49.cif,31.69754,-37.60303
xtal_5.cif,./U3Si5/113/xtal_5.cif,13.106945,-61.468952
xtal_50.cif,./U3Si5/__initial__/113/xtal_50.cif,102.031876,-5.607836
xtal_51.cif,./U3Si5/__initial__/113/xtal_51.cif,79.5377,29.701752
xtal_52.cif,./U3Si5/__initial__/113/xtal_52.cif,84.29394,1.074691
xtal_53.cif,./U3Si5/__initial__/113/xtal_53.cif,-35.276478,78.41577
xtal_54.cif,./U3Si5/113/xtal_54.cif,55.28735,-74.71205
xtal_55.cif,./U3Si5/__initial__/113/xtal_55.cif,-7.5297565,13.220919
xtal_56.cif,./U3Si5/113/xtal_56.cif,-31.616573,-38.40599
xtal_57.cif,./U3Si5/113/xtal_57.cif,-59.36437,-50.435875
xtal_58.cif,./U3Si5/__initial__/113/xtal_58.cif,2.1693158,-31.244507
xtal_59.cif,./U3Si5/__initial__/113/xtal_59.cif,8.657738,-82.02014
xtal_6.cif,./U3Si5/__initial__/113/xtal_6.cif,-29.377028,34.539707
xtal_60.cif,./U3Si5/__initial__/113/xtal_60.cif,69.96659,-9.437786
xtal_61.cif,./U3Si5/__initial__/113/xtal_61.cif,-93.19513,-7.8718467
xtal_62.cif,./U3Si5/__initial__/113/xtal_62.cif,55.818653,4.1274734
xtal_63.cif,./U3Si5/__initial__/113/xtal_63.cif,-23.550577,-15.622837
xtal_64.cif,./U3Si5/__initial__/113/xtal_64.cif,-21.803211,-63.56958
xtal_65.cif,./U3Si5/113/xtal_65.cif,3.521013,-69.50787
xtal_66.cif,./U3Si5/__initial__/113/xtal_66.cif,80.3039,4.40399
xtal_67.cif,./U3Si5/113/xtal_67.cif,-17.383434,-89.74753
xtal_68.cif,./U3Si5/__initial__/113/xtal_68.cif,20.150446,-2.5826526
xtal_69.cif,./U3Si5/113/xtal_69.cif,98.13223,-45.66988
xtal_7.cif,./U3Si5/113/xtal_7.cif,57.59912,-51.779087
xtal_70.cif,./U3Si5/__initial__/113/xtal_70.cif,-10.018896,83.4875
xtal_71.cif,./U3Si5/113/xtal_71.cif,58.860172,-26.70473
xtal_72.cif,./U3Si5/113/xtal_72.cif,-57.758053,42.189613
xtal_73.cif,./U3Si5/__initial__/113/xtal_73.cif,62.735733,55.07982
xtal_74.cif,./U3Si5/__initial__/113/xtal_74.cif,-78.17478,-5.1381097
xtal_75.cif,./U3Si5/__initial__/113/xtal_75.cif,-40.969906,68.00107
xtal_76.cif,./U3Si5/__initial__/113/xtal_76.cif,106.48353,36.668182
xtal_77.cif,./U3Si5/113/xtal_77.cif,-24.276972,-6.591996
xtal_78.cif,./U3Si5/__initial__/113/xtal_78.cif,67.1107,-59.641853
xtal_79.cif,./U3Si5/__initial__/113/xtal_79.cif,95.296814,-12.812884
xtal_8.cif,./U3Si5/113/xtal_8.cif,-2.596236,-86.19217
xtal_80.cif,./U3Si5/__initial__/113/xtal_80.cif,1.7112424,-34.413048
xtal_81.cif,./U3Si5/113/xtal_81.cif,98.639145,-36.909565
xtal_82.cif,./U3Si5/113/xtal_82.cif,-96.74085,34.700893
xtal_83.cif,./U3Si5/__initial__/113/xtal_83.cif,-25.670565,56.757107
xtal_84.cif,./U3Si5/__initial__/113/xtal_84.cif,-20.147587,-19.719782
xtal_85.cif,./U3Si5/113/xtal_85.cif,-44.208977,28.421104
xtal_86.cif,./U3Si5/__initial__/113/xtal_86.cif,64.93253,9.373176
xtal_87.cif,./U3Si5/__initial__/113/xtal_87.cif,83.30392,65.86273
xtal_88.cif,./U3Si5/113/xtal_88.cif,23.65621,-46.148857
xtal_89.cif,./U3Si5/__initial__/113/xtal_89.cif,-12.883335,54.987747
xtal_9.cif,./U3Si5/__initial__/113/xtal_9.cif,8.081196,85.67663
xtal_90.cif,./U3Si5/113/xtal_90.cif,-24.835058,117.222435
xtal_91.cif,./U3Si5/__initial__/113/xtal_91.cif,117.97274,33.557964
xtal_92.cif,./U3Si5/113/xtal_92.cif,95.017166,-50.547634
xtal_93.cif,./U3Si5/__initial__/113/xtal_93.cif,64.60832,53.002476
xtal_94.cif,./U3Si5/__initial__/113/xtal_94.cif,7.746122,86.803795
xtal_95.cif,./U3Si5/__initial__/113/xtal_95.cif,20.56311,-11.023775
xtal_96.cif,./U3Si5/__initial__/113/xtal_96.cif,91.09824,8.25033
xtal_97.cif,./U3Si5/__initial__/113/xtal_97.cif,-34.88196,47.647247
xtal_98.cif,./U3Si5/__initial__/113/xtal_98.cif,3.1224823,-32.381767
xtal_99.cif,./U3Si5/__initial__/113/xtal_99.cif,111.130035,35.67608
xtal_1.cif,./U3Si5/114/xtal_1.cif,-62.745308,-68.87867
xtal_10.cif,./U3Si5/__initial__/114/xtal_10.cif,-1.8810455,-94.01067
xtal_100.cif,./U3Si5/__initial__/114/xtal_100.cif,83.8888,54.76592
xtal_11.cif,./U3Si5/114/xtal_11.cif,109.42356,-12.924721
xtal_12.cif,./U3Si5/__initial__/114/xtal_12.cif,-20.394384,94.83644
xtal_13.cif,./U3Si5/__initial__/114/xtal_13.cif,81.94864,55.479073
xtal_14.cif,./U3Si5/114/xtal_14.cif,-6.696412,-73.246895
xtal_15.cif,./U3Si5/__initial__/114/xtal_15.cif,61.32882,31.34481
xtal_16.cif,./U3Si5/__initial__/114/xtal_16.cif,85.71105,5.4907103
xtal_17.cif,./U3Si5/__initial__/114/xtal_17.cif,-41.982914,84.97014
xtal_18.cif,./U3Si5/114/xtal_18.cif,-67.60071,37.668423
xtal_19.cif,./U3Si5/__initial__/114/xtal_19.cif,-51.09444,-11.984583
xtal_2.cif,./U3Si5/114/xtal_2.cif,-32.272533,30.805758
xtal_20.cif,./U3Si5/114/xtal_20.cif,-20.532986,87.347565
xtal_21.cif,./U3Si5/114/xtal_21.cif,61.037792,-78.95984
xtal_22.cif,./U3Si5/114/xtal_22.cif,65.3106,-59.326782
xtal_23.cif,./U3Si5/114/xtal_23.cif,-62.944344,-68.12996
xtal_24.cif,./U3Si5/114/xtal_24.cif,37.743324,-95.97631
xtal_25.cif,./U3Si5/114/xtal_25.cif,79.34991,-26.915552
xtal_26.cif,./U3Si5/114/xtal_26.cif,75.30202,-79.53331
xtal_27.cif,./U3Si5/114/xtal_27.cif,-26.88068,-3.7356324
xtal_28.cif,./U3Si5/114/xtal_28.cif,-32.159584,-61.67674
xtal_29.cif,./U3Si5/__initial__/114/xtal_29.cif,-15.557749,43.33896
xtal_3.cif,./U3Si5/__initial__/114/xtal_3.cif,115.17791,25.476835
xtal_30.cif,./U3Si5/114/xtal_30.cif,-31.405315,61.87781
xtal_31.cif,./U3Si5/114/xtal_31.cif,63.48569,13.357389
xtal_32.cif,./U3Si5/114/xtal_32.cif,-29.883093,12.849093
xtal_33.cif,./U3Si5/114/xtal_33.cif,-17.49191,-52.052147
xtal_34.cif,./U3Si5/114/xtal_34.cif,32.79776,-86.36665
xtal_35.cif,./U3Si5/114/xtal_35.cif,33.826588,-86.711586
xtal_36.cif,./U3Si5/114/xtal_36.cif,-6.576943,-91.99931
xtal_37.cif,./U3Si5/114/xtal_37.cif,-50.177956,-86.97322
xtal_38.cif,./U3Si5/114/xtal_38.cif,5.876056,-93.89556
xtal_39.cif,./U3Si5/__initial__/114/xtal_39.cif,-64.00345,48.254093
xtal_4.cif,./U3Si5/114/xtal_4.cif,-35.35728,80.32196
xtal_40.cif,./U3Si5/__initial__/114/xtal_40.cif,-24.974838,-95.775764
xtal_41.cif,./U3Si5/114/xtal_41.cif,-16.576181,20.22771
xtal_42.cif,./U3Si5/114/xtal_42.cif,67.09928,22.412893
xtal_43.cif,./U3Si5/114/xtal_43.cif,55.42497,-86.188095
xtal_44.cif,./U3Si5/114/xtal_44.cif,95.65502,-42.061897
xtal_45.cif,./U3Si5/114/xtal_45.cif,54.825874,-76.58904
xtal_46.cif,./U3Si5/__initial__/114/xtal_46.cif,62.95691,-56.035194
xtal_47.cif,./U3Si5/114/xtal_47.cif,-5.9172654,-91.033585
xtal_48.cif,./U3Si5/114/xtal_48.cif,101.38054,-0.49569187
xtal_49.cif,./U3Si5/114/xtal_49.cif,-41.5387,-89.9654
xtal_5.cif,./U3Si5/__initial__/114/xtal_5.cif,85.72561,-59.719994
xtal_50.cif,./U3Si5/__initial__/114/xtal_50.cif,101.48739,18.640293
xtal_51.cif,./U3Si5/114/xtal_51.cif,-18.219408,-73.16744
xtal_52.cif,./U3Si5/114/xtal_52.cif,-29.56343,67.77247
xtal_53.cif,./U3Si5/__initial__/114/xtal_53.cif,115.972374,6.084141
xtal_54.cif,./U3Si5/__initial__/114/xtal_54.cif,-22.358938,-52.429966
xtal_55.cif,./U3Si5/114/xtal_55.cif,116.497246,4.6822033
xtal_56.cif,./U3Si5/__initial__/114/xtal_56.cif,78.49344,-21.542908
xtal_57.cif,./U3Si5/114/xtal_57.cif,11.315688,-49.494255
xtal_58.cif,./U3Si5/__initial__/114/xtal_58.cif,62.17049,-46.109093
xtal_59.cif,./U3Si5/114/xtal_59.cif,39.425484,0.89389086
xtal_6.cif,./U3Si5/114/xtal_6.cif,24.768478,-81.00258
xtal_60.cif,./U3Si5/114/xtal_60.cif,-38.399063,77.394875
xtal_61.cif,./U3Si5/114/xtal_61.cif,42.42393,8.6111765
xtal_62.cif,./U3Si5/114/xtal_62.cif,90.22648,-27.075932
xtal_63.cif,./U3Si5/114/xtal_63.cif,50.87003,-84.443016
xtal_64.cif,./U3Si5/114/xtal_64.cif,-49.60651,-41.337727
xtal_65.cif,./U3Si5/114/xtal_65.cif,60.096413,18.589737
xtal_66.cif,./U3Si5/114/xtal_66.cif,-4.8804665,-79.25721
xtal_67.cif,./U3Si5/114/xtal_67.cif,-87.818565,47.676598
xtal_68.cif,./U3Si5/114/xtal_68.cif,115.74456,10.026418
xtal_69.cif,./U3Si5/114/xtal_69.cif,13.952607,-49.126396
xtal_7.cif,./U3Si5/114/xtal_7.cif,-84.42373,-42.468838
xtal_70.cif,./U3Si5/114/xtal_70.cif,-6.7125654,-73.83977
xtal_71.cif,./U3Si5/114/xtal_71.cif,-72.50216,-11.894601
xtal_72.cif,./U3Si5/114/xtal_72.cif,28.394962,-82.7098
xtal_73.cif,./U3Si5/114/xtal_73.cif,110.514534,-1.9659054
xtal_74.cif,./U3Si5/__initial__/114/xtal_74.cif,80.50387,-13.092304
xtal_75.cif,./U3Si5/114/xtal_75.cif,-24.564928,13.745345
xtal_76.cif,./U3Si5/114/xtal_76.cif,114.98253,11.143459
xtal_77.cif,./U3Si5/114/xtal_77.cif,-99.857285,59.884308
xtal_78.cif,./U3Si5/__initial__/114/xtal_78.cif,114.42611,8.254465
xtal_79.cif,./U3Si5/114/xtal_79.cif,39.76701,2.1621315
xtal_8.cif,./U3Si5/114/xtal_8.cif,-21.009737,-40.129417
xtal_80.cif,./U3Si5/__initial__/114/xtal_80.cif,91.30527,-29.620358
xtal_81.cif,./U3Si5/114/xtal_81.cif,-57.60636,-66.25601
xtal_82.cif,./U3Si5/114/xtal_82.cif,-10.563631,-63.932106
xtal_83.cif,./U3Si5/114/xtal_83.cif,-16.239437,79.98334
xtal_84.cif,./U3Si5/__initial__/114/xtal_84.cif,69.23515,-48.36433
xtal_85.cif,./U3Si5/__initial__/114/xtal_85.cif,41.1107,-19.001335
xtal_86.cif,./U3Si5/114/xtal_86.cif,-6.5473843,51.69826
xtal_87.cif,./U3Si5/114/xtal_87.cif,-27.902235,-10.549362
xtal_88.cif,./U3Si5/114/xtal_88.cif,-6.126893,-90.217476
xtal_89.cif,./U3Si5/114/xtal_89.cif,-26.742054,-68.51936
xtal_9.cif,./U3Si5/__initial__/114/xtal_9.cif,-45.655502,88.442474
xtal_90.cif,./U3Si5/__initial__/114/xtal_90.cif,-17.543707,14.369351
xtal_91.cif,./U3Si5/__initial__/114/xtal_91.cif,75.33965,29.592829
xtal_92.cif,./U3Si5/__initial__/114/xtal_92.cif,117.5319,33.046124
xtal_93.cif,./U3Si5/114/xtal_93.cif,59.01738,-74.33559
xtal_94.cif,./U3Si5/114/xtal_94.cif,52.28506,15.10262
xtal_95.cif,./U3Si5/114/xtal_95.cif,-26.883625,64.83654
xtal_96.cif,./U3Si5/114/xtal_96.cif,-43.165836,7.4270625
xtal_97.cif,./U3Si5/114/xtal_97.cif,89.66997,-28.24713
xtal_98.cif,./U3Si5/__initial__/114/xtal_98.cif,102.0779,26.486788
xtal_99.cif,./U3Si5/__initial__/114/xtal_99.cif,-65.75877,-5.475932
xtal_1.cif,./U3Si5/115/xtal_1.cif,-78.99459,-2.8400333
xtal_10.cif,./U3Si5/__initial__/115/xtal_10.cif,91.28413,8.051525
xtal_100.cif,./U3Si5/115/xtal_100.cif,-59.611435,27.315174
xtal_11.cif,./U3Si5/115/xtal_11.cif,9.843245,-91.15378
xtal_12.cif,./U3Si5/115/xtal_12.cif,78.95132,-75.0684
xtal_13.cif,./U3Si5/115/xtal_13.cif,-37.805714,-5.6292653
xtal_14.cif,./U3Si5/115/xtal_14.cif,-8.118734,-98.60688
xtal_15.cif,./U3Si5/115/xtal_15.cif,73.136734,-65.154144
xtal_16.cif,./U3Si5/115/xtal_16.cif,83.542435,-34.701183
xtal_17.cif,./U3Si5/115/xtal_17.cif,9.801429,-53.749214
xtal_18.cif,./U3Si5/__initial__/115/xtal_18.cif,5.6918473,63.213223
xtal_19.cif,./U3Si5/115/xtal_19.cif,-76.1191,47.22803
xtal_2.cif,./U3Si5/__initial__/115/xtal_2.cif,-10.731221,21.023046
xtal_20.cif,./U3Si5/115/xtal_20.cif,71.17846,-72.38196
xtal_21.cif,./U3Si5/115/xtal_21.cif,-23.367981,82.24043
xtal_22.cif,./U3Si5/115/xtal_22.cif,-66.46112,-52.437397
xtal_23.cif,./U3Si5/115/xtal_23.cif,-48.208813,38.000168
xtal_24.cif,./U3Si5/115/xtal_24.cif,-54.33484,31.795433
xtal_25.cif,./U3Si5/__initial__/115/xtal_25.cif,60.709167,-61.526127
xtal_26.cif,./U3Si5/__initial__/115/xtal_26.cif,5.133516,59.290844
xtal_27.cif,./U3Si5/115/xtal_27.cif,13.310102,-84.632545
xtal_28.cif,./U3Si5/115/xtal_28.cif,-90.58462,36.709515
xtal_29.cif,./U3Si5/115/xtal_29.cif,-54.882195,87.26225
xtal_3.cif,./U3Si5/115/xtal_3.cif,-96.26542,-4.2617445
xtal_30.cif,./U3Si5/115/xtal_30.cif,12.772415,-71.78736
xtal_31.cif,./U3Si5/115/xtal_31.cif,0.77584106,-67.52536
xtal_32.cif,./U3Si5/__initial__/115/xtal_32.cif,-3.3716667,14.4222765
xtal_33.cif,./U3Si5/115/xtal_33.cif,-57.877846,-10.238065
xtal_34.cif,./U3Si5/__initial__/115/xtal_34.cif,27.210735,53.422276
xtal_35.cif,./U3Si5/115/xtal_35.cif,20.413788,11.418994
xtal_36.cif,./U3Si5/115/xtal_36.cif,82.327,-54.988354
xtal_37.cif,./U3Si5/115/xtal_37.cif,-21.840546,-20.374474
xtal_38.cif,./U3Si5/115/xtal_38.cif,49.03251,-54.754932
xtal_39.cif,./U3Si5/__initial__/115/xtal_39.cif,83.740295,28.553988
xtal_4.cif,./U3Si5/__initial__/115/xtal_4.cif,-15.180248,56.100647
xtal_40.cif,./U3Si5/115/xtal_40.cif,33.70581,34.801502
xtal_41.cif,./U3Si5/__initial__/115/xtal_41.cif,-35.390396,65.63031
xtal_42.cif,./U3Si5/115/xtal_42.cif,13.182576,-31.929045
xtal_43.cif,./U3Si5/115/xtal_43.cif,95.015755,-39.990467
xtal_44.cif,./U3Si5/115/xtal_44.cif,47.08672,-58.381092
xtal_45.cif,./U3Si5/115/xtal_45.cif,27.796198,-87.97046
xtal_46.cif,./U3Si5/115/xtal_46.cif,-9.882314,83.56123
xtal_47.cif,./U3Si5/115/xtal_47.cif,115.18301,25.615902
xtal_48.cif,./U3Si5/115/xtal_48.cif,-60.82636,-17.763073
xtal_49.cif,./U3Si5/__initial__/115/xtal_49.cif,89.887695,43.80249
xtal_5.cif,./U3Si5/__initial__/115/xtal_5.cif,11.958304,60.94665
xtal_50.cif,./U3Si5/115/xtal_50.cif,-53.01081,-62.081913
xtal_51.cif,./U3Si5/__initial__/115/xtal_51.cif,-36.60804,17.960217
xtal_52.cif,./U3Si5/115/xtal_52.cif,-83.47838,33.029194
xtal_53.cif,./U3Si5/115/xtal_53.cif,-25.222466,-32.121326
xtal_54.cif,./U3Si5/__initial__/115/xtal_54.cif,31.637743,27.21148
xtal_55.cif,./U3Si5/__initial__/115/xtal_55.cif,8.818961,41.21381
xtal_56.cif,./U3Si5/115/xtal_56.cif,72.88254,-72.10926
xtal_57.cif,./U3Si5/115/xtal_57.cif,34.749546,-83.8812
xtal_58.cif,./U3Si5/__initial__/115/xtal_58.cif,3.2774189,27.942022
xtal_59.cif,./U3Si5/115/xtal_59.cif,-47.97575,31.860949
xtal_6.cif,./U3Si5/115/xtal_6.cif,-66.55502,-35.898163
xtal_60.cif,./U3Si5/115/xtal_60.cif,-67.0668,4.3539853
xtal_61.cif,./U3Si5/115/xtal_61.cif,-16.606678,-10.967058
xtal_62.cif,./U3Si5/115/xtal_62.cif,-26.947079,-11.560413
xtal_63.cif,./U3Si5/115/xtal_63.cif,77.74844,-58.967125
xtal_64.cif,./U3Si5/115/xtal_64.cif,26.564047,-76.41398
xtal_65.cif,./U3Si5/__initial__/115/xtal_65.cif,-42.89616,16.226732
xtal_66.cif,./U3Si5/__initial__/115/xtal_66.cif,40.105244,56.294117
xtal_67.cif,./U3Si5/115/xtal_67.cif,33.954514,37.86307
xtal_68.cif,./U3Si5/__initial__/115/xtal_68.cif,44.305622,18.344114
xtal_69.cif,./U3Si5/115/xtal_69.cif,-54.774197,-68.041336
xtal_7.cif,./U3Si5/115/xtal_7.cif,10.76317,-53.724617
xtal_70.cif,./U3Si5/115/xtal_70.cif,-16.697878,6.708175
xtal_71.cif,./U3Si5/115/xtal_71.cif,104.76764,-36.253246
xtal_72.cif,./U3Si5/115/xtal_72.cif,-21.926046,-16.51217
xtal_73.cif,./U3Si5/115/xtal_73.cif,5.356046,-36.31821
xtal_74.cif,./U3Si5/115/xtal_74.cif,23.353403,-27.162146
xtal_75.cif,./U3Si5/115/xtal_75.cif,75.19761,-41.746292
xtal_76.cif,./U3Si5/115/xtal_76.cif,-55.026226,64.5859
xtal_77.cif,./U3Si5/115/xtal_77.cif,29.749203,26.217407
xtal_78.cif,./U3Si5/115/xtal_78.cif,10.054464,-22.289621
xtal_79.cif,./U3Si5/__initial__/115/xtal_79.cif,-7.7772136,19.765976
xtal_8.cif,./U3Si5/__initial__/115/xtal_8.cif,-23.235939,-53.149372
xtal_80.cif,./U3Si5/115/xtal_80.cif,-16.641226,-11.154322
xtal_81.cif,./U3Si5/115/xtal_81.cif,22.916067,-62.31169
xtal_82.cif,./U3Si5/__initial__/115/xtal_82.cif,-14.931752,55.597343
xtal_83.cif,./U3Si5/__initial__/115/xtal_83.cif,66.82004,46.710373
xtal_84.cif,./U3Si5/115/xtal_84.cif,-8.654331,-82.48409
xtal_85.cif,./U3Si5/115/xtal_85.cif,-40.31901,33.314373
xtal_86.cif,./U3Si5/__initial__/115/xtal_86.cif,-26.879957,-12.105318
xtal_87.cif,./U3Si5/__initial__/115/xtal_87.cif,65.657455,47.710133
xtal_88.cif,./U3Si5/__initial__/115/xtal_88.cif,64.26053,39.020885
xtal_89.cif,./U3Si5/115/xtal_89.cif,18.256243,2.4763138
xtal_9.cif,./U3Si5/115/xtal_9.cif,68.96763,-52.806988
xtal_90.cif,./U3Si5/115/xtal_90.cif,-2.8366747,-5.812221
xtal_91.cif,./U3Si5/115/xtal_91.cif,-16.669136,3.0472953
xtal_92.cif,./U3Si5/115/xtal_92.cif,-12.220296,-46.395676
xtal_93.cif,./U3Si5/115/xtal_93.cif,-74.44076,57.856327
xtal_94.cif,./U3Si5/__initial__/115/xtal_94.cif,67.22596,-40.92125
xtal_95.cif,./U3Si5/115/xtal_95.cif,14.623228,-32.26861
xtal_96.cif,./U3Si5/__initial__/115/xtal_96.cif,99.31512,-28.206247
xtal_97.cif,./U3Si5/115/xtal_97.cif,26.414692,23.82593
xtal_98.cif,./U3Si5/__initial__/115/xtal_98.cif,61.211617,24.25141
xtal_99.cif,./U3Si5/115/xtal_99.cif,91.14312,-61.59902
xtal_1.cif,./U3Si5/__initial__/116/xtal_1.cif,64.422104,-36.47435
xtal_10.cif,./U3Si5/116/xtal_10.cif,41.97073,-76.03565
xtal_100.cif,./U3Si5/__initial__/116/xtal_100.cif,-23.47247,-10.947725
xtal_11.cif,./U3Si5/__initial__/116/xtal_11.cif,55.944046,-6.4937716
xtal_12.cif,./U3Si5/__initial__/116/xtal_12.cif,52.54462,33.806934
xtal_13.cif,./U3Si5/116/xtal_13.cif,-94.912,37.486076
xtal_14.cif,./U3Si5/__initial__/116/xtal_14.cif,52.87898,33.621452
xtal_15.cif,./U3Si5/__initial__/116/xtal_15.cif,-62.937733,-53.68099
xtal_16.cif,./U3Si5/__initial__/116/xtal_16.cif,94.409874,19.504955
xtal_17.cif,./U3Si5/116/xtal_17.cif,23.22887,-38.351612
xtal_18.cif,./U3Si5/__initial__/116/xtal_18.cif,66.63293,-45.39356
xtal_19.cif,./U3Si5/__initial__/116/xtal_19.cif,-37.424847,-3.1639216
xtal_2.cif,./U3Si5/__initial__/116/xtal_2.cif,-59.355694,56.543972
xtal_20.cif,./U3Si5/__initial__/116/xtal_20.cif,1.8305029,-25.318384
xtal_21.cif,./U3Si5/__initial__/116/xtal_21.cif,73.63905,25.923359
xtal_22.cif,./U3Si5/116/xtal_22.cif,-86.12627,-24.87165
xtal_23.cif,./U3Si5/116/xtal_23.cif,-31.315668,-37.453182
xtal_24.cif,./U3Si5/__initial__/116/xtal_24.cif,-19.970724,22.975094
xtal_25.cif,./U3Si5/116/xtal_25.cif,-40.964565,-76.531334
xtal_26.cif,./U3Si5/116/xtal_26.cif,58.23923,-64.535904
xtal_27.cif,./U3Si5/__initial__/116/xtal_27.cif,-17.688942,-19.525043
xtal_28.cif,./U3Si5/116/xtal_28.cif,36.659447,-75.15523
xtal_29.cif,./U3Si5/116/xtal_29.cif,46.530106,-61.06631
xtal_3.cif,./U3Si5/__initial__/116/xtal_3.cif,71.34708,-41.849285
xtal_30.cif,./U3Si5/116/xtal_30.cif,-2.4859366,-87.08287
xtal_31.cif,./U3Si5/116/xtal_31.cif,-8.520677,-78.73614
xtal_32.cif,./U3Si5/__initial__/116/xtal_32.cif,-21.224613,75.04047
xtal_33.cif,./U3Si5/__initial__/116/xtal_33.cif,-65.28439,29.117088
xtal_34.cif,./U3Si5/__initial__/116/xtal_34.cif,68.234215,35.404507
xtal_35.cif,./U3Si5/__initial__/116/xtal_35.cif,-34.38485,9.917727
xtal_36.cif,./U3Si5/116/xtal_36.cif,-41.21028,-57.295128
xtal_37.cif,./U3Si5/__initial__/116/xtal_37.cif,-94.76784,-27.243591
xtal_38.cif,./U3Si5/__initial__/116/xtal_38.cif,112.7938,16.013298
xtal_39.cif,./U3Si5/__initial__/116/xtal_39.cif,58.222145,-4.450362
xtal_4.cif,./U3Si5/__initial__/116/xtal_4.cif,93.84075,-39.14796
xtal_40.cif,./U3Si5/__initial__/116/xtal_40.cif,67.40764,51.077866
xtal_41.cif,./U3Si5/__initial__/116/xtal_41.cif,94.16955,31.74583
xtal_42.cif,./U3Si5/__initial__/116/xtal_42.cif,-98.81029,16.717909
xtal_43.cif,./U3Si5/__initial__/116/xtal_43.cif,91.00144,-29.139826
xtal_44.cif,./U3Si5/__initial__/116/xtal_44.cif,1.7163466,95.83505
xtal_45.cif,./U3Si5/__initial__/116/xtal_45.cif,-7.4005713,-40.714256
xtal_46.cif,./U3Si5/__initial__/116/xtal_46.cif,73.87599,-31.485044
xtal_47.cif,./U3Si5/116/xtal_47.cif,-25.387518,-56.105145
xtal_48.cif,./U3Si5/116/xtal_48.cif,58.390152,-32.01717
xtal_49.cif,./U3Si5/__initial__/116/xtal_49.cif,90.900246,5.44732
xtal_5.cif,./U3Si5/116/xtal_5.cif,66.467636,-68.64536
xtal_50.cif,./U3Si5/__initial__/116/xtal_50.cif,-12.744668,93.46474
xtal_51.cif,./U3Si5/__initial__/116/xtal_51.cif,90.16582,-25.115276
xtal_52.cif,./U3Si5/116/xtal_52.cif,3.6239898,-79.43572
xtal_53.cif,./U3Si5/__initial__/116/xtal_53.cif,58.96689,38.931286
xtal_54.cif,./U3Si5/__initial__/116/xtal_54.cif,-50.314518,45.460136
xtal_55.cif,./U3Si5/116/xtal_55.cif,-61.17734,24.812809
xtal_56.cif,./U3Si5/116/xtal_56.cif,-68.39244,-8.123787
xtal_57.cif,./U3Si5/__initial__/116/xtal_57.cif,30.42428,25.160156
xtal_58.cif,./U3Si5/116/xtal_58.cif,-94.08458,-10.548847
xtal_59.cif,./U3Si5/__initial__/116/xtal_59.cif,45.907124,-72.112854
xtal_6.cif,./U3Si5/__initial__/116/xtal_6.cif,51.934753,-46.208065
xtal_60.cif,./U3Si5/__initial__/116/xtal_60.cif,2.608617,-17.990076
xtal_61.cif,./U3Si5/__initial__/116/xtal_61.cif,55.60067,25.666182
xtal_62.cif,./U3Si5/__initial__/116/xtal_62.cif,54.04896,32.18343
xtal_63.cif,./U3Si5/__initial__/116/xtal_63.cif,83.09309,-51.824303
xtal_64.cif,./U3Si5/116/xtal_64.cif,2.57991,-99.50232
xtal_65.cif,./U3Si5/116/xtal_65.cif,-29.472843,-47.07911
xtal_66.cif,./U3Si5/__initial__/116/xtal_66.cif,86.99114,8.363071
xtal_67.cif,./U3Si5/__initial__/116/xtal_67.cif,97.302315,-48.96848
xtal_68.cif,./U3Si5/__initial__/116/xtal_68.cif,-4.1745644,-7.3169885
xtal_69.cif,./U3Si5/__initial__/116/xtal_69.cif,62.59092,-36.731705
xtal_7.cif,./U3Si5/__initial__/116/xtal_7.cif,7.533586,63.105267
xtal_70.cif,./U3Si5/116/xtal_70.cif,61.78497,-26.219019
xtal_71.cif,./U3Si5/__initial__/116/xtal_71.cif,-48.27337,66.58572
xtal_72.cif,./U3Si5/__initial__/116/xtal_72.cif,62.101955,14.9852495
xtal_73.cif,./U3Si5/__initial__/116/xtal_73.cif,31.061394,-42.032154
xtal_74.cif,./U3Si5/__initial__/116/xtal_74.cif,-22.584816,19.005245
xtal_75.cif,./U3Si5/__initial__/116/xtal_75.cif,-94.9082,37.188583
xtal_76.cif,./U3Si5/116/xtal_76.cif,50.00699,-84.505714
xtal_77.cif,./U3Si5/116/xtal_77.cif,33.405518,-50.98472
xtal_78.cif,./U3Si5/116/xtal_78.cif,-92.58692,14.457011
xtal_79.cif,./U3Si5/__initial__/116/xtal_79.cif,-24.242506,-0.29683384
xtal_8.cif,./U3Si5/__initial__/116/xtal_8.cif,-44.165638,16.340336
xtal_80.cif,./U3Si5/__initial__/116/xtal_80.cif,77.30824,45.85677
xtal_81.cif,./U3Si5/__initial__/116/xtal_81.cif,32.135002,-38.70975
xtal_82.cif,./U3Si5/116/xtal_82.cif,42.76391,-57.507072
xtal_83.cif,./U3Si5/116/xtal_83.cif,12.403905,-24.523254
xtal_84.cif,./U3Si5/116/xtal_84.cif,19.03321,-18.704296
xtal_85.cif,./U3Si5/116/xtal_85.cif,-44.06871,-35.824013
xtal_86.cif,./U3Si5/__initial__/116/xtal_86.cif,89.53008,38.957928
xtal_87.cif,./U3Si5/__initial__/116/xtal_87.cif,-39.295597,7.109207
xtal_88.cif,./U3Si5/116/xtal_88.cif,1.57145,-95.54215
xtal_89.cif,./U3Si5/__initial__/116/xtal_89.cif,-15.554402,0.99223834
xtal_9.cif,./U3Si5/__initial__/116/xtal_9.cif,-28.583134,53.140068
xtal_90.cif,./U3Si5/116/xtal_90.cif,62.18177,-67.81168
xtal_91.cif,./U3Si5/__initial__/116/xtal_91.cif,65.708626,-3.2411547
xtal_92.cif,./U3Si5/116/xtal_92.cif,47.85226,-74.98146
xtal_93.cif,./U3Si5/__initial__/116/xtal_93.cif,-13.189366,41.851837
xtal_94.cif,./U3Si5/__initial__/116/xtal_94.cif,6.0912256,31.512077
xtal_95.cif,./U3Si5/__initial__/116/xtal_95.cif,104.06107,-4.5505223
xtal_96.cif,./U3Si5/__initial__/116/xtal_96.cif,-2.711947,75.97384
xtal_97.cif,./U3Si5/116/xtal_97.cif,-44.89721,-74.096504
xtal_98.cif,./U3Si5/116/xtal_98.cif,-38.446316,-81.11126
xtal_99.cif,./U3Si5/__initial__/116/xtal_99.cif,82.83013,61.502693
xtal_1.cif,./U3Si5/117/xtal_1.cif,-51.47159,-42.035305
xtal_10.cif,./U3Si5/__initial__/117/xtal_10.cif,-81.80049,-18.754202
xtal_100.cif,./U3Si5/__initial__/117/xtal_100.cif,-62.42083,-50.808235
xtal_11.cif,./U3Si5/__initial__/117/xtal_11.cif,-35.26969,1.713064
xtal_12.cif,./U3Si5/__initial__/117/xtal_12.cif,97.40864,42.04049
xtal_13.cif,./U3Si5/__initial__/117/xtal_13.cif,-35.22235,-24.751123
xtal_14.cif,./U3Si5/__initial__/117/xtal_14.cif,-3.095771,61.325493
xtal_15.cif,./U3Si5/117/xtal_15.cif,-17.80843,106.12529
xtal_16.cif,./U3Si5/__initial__/117/xtal_16.cif,20.083502,-65.4038
xtal_17.cif,./U3Si5/__initial__/117/xtal_17.cif,49.20916,-86.01017
xtal_18.cif,./U3Si5/__initial__/117/xtal_18.cif,32.969048,-54.28651
xtal_19.cif,./U3Si5/__initial__/117/xtal_19.cif,64.64997,-15.415927
xtal_2.cif,./U3Si5/__initial__/117/xtal_2.cif,-48.961346,38.823257
xtal_20.cif,./U3Si5/__initial__/117/xtal_20.cif,66.99359,-18.81621
xtal_21.cif,./U3Si5/__initial__/117/xtal_21.cif,91.23032,-10.339055
xtal_22.cif,./U3Si5/__initial__/117/xtal_22.cif,12.642266,-106.249916
xtal_23.cif,./U3Si5/__initial__/117/xtal_23.cif,73.280495,31.769594
xtal_24.cif,./U3Si5/__initial__/117/xtal_24.cif,92.592224,-3.3479137
xtal_25.cif,./U3Si5/__initial__/117/xtal_25.cif,-73.98228,46.85644
xtal_26.cif,./U3Si5/__initial__/117/xtal_26.cif,9.51581,60.496193
xtal_27.cif,./U3Si5/__initial__/117/xtal_27.cif,-4.6917386,69.01047
xtal_28.cif,./U3Si5/__initial__/117/xtal_28.cif,-14.513771,42.238297
xtal_29.cif,./U3Si5/__initial__/117/xtal_29.cif,55.96995,22.39005
xtal_3.cif,./U3Si5/__initial__/117/xtal_3.cif,-17.08873,-41.490772
xtal_30.cif,./U3Si5/__initial__/117/xtal_30.cif,99.86715,-46.26844
xtal_31.cif,./U3Si5/__initial__/117/xtal_31.cif,-11.168897,17.403725
xtal_32.cif,./U3Si5/__initial__/117/xtal_32.cif,-37.454372,35.82619
xtal_33.cif,./U3Si5/__initial__/117/xtal_33.cif,100.984436,28.181156
xtal_34.cif,./U3Si5/__initial__/117/xtal_34.cif,-25.347227,51.94971
xtal_35.cif,./U3Si5/117/xtal_35.cif,32.259518,-85.60511
xtal_36.cif,./U3Si5/__initial__/117/xtal_36.cif,96.308624,10.57163
xtal_37.cif,./U3Si5/__initial__/117/xtal_37.cif,59.462868,20.229658
xtal_38.cif,./U3Si5/__initial__/117/xtal_38.cif,-20.456837,-3.2833724
xtal_39.cif,./U3Si5/__initial__/117/xtal_39.cif,47.726765,-19.802374
xtal_4.cif,./U3Si5/__initial__/117/xtal_4.cif,-22.68779,16.471127
xtal_40.cif,./U3Si5/__initial__/117/xtal_40.cif,90.847435,-15.071421
xtal_41.cif,./U3Si5/__initial__/117/xtal_41.cif,-58.791935,-55.625618
xtal_42.cif,./U3Si5/117/xtal_42.cif,12.368359,-63.305202
xtal_43.cif,./U3Si5/__initial__/117/xtal_43.cif,94.928085,-37.007755
xtal_44.cif,./U3Si5/117/xtal_44.cif,-102.293755,16.698246
xtal_45.cif,./U3Si5/117/xtal_45.cif,-11.27205,-68.345146
xtal_46.cif,./U3Si5/__initial__/117/xtal_46.cif,-30.824446,2.5902946
xtal_47.cif,./U3Si5/117/xtal_47.cif,-60.123856,-4.447125
xtal_48.cif,./U3Si5/__initial__/117/xtal_48.cif,58.451786,32.804684
xtal_49.cif,./U3Si5/__initial__/117/xtal_49.cif,98.402824,51.57047
xtal_5.cif,./U3Si5/117/xtal_5.cif,29.204576,-64.29439
xtal_50.cif,./U3Si5/__initial__/117/xtal_50.cif,100.719086,-39.865845
xtal_51.cif,./U3Si5/117/xtal_51.cif,-30.640213,-50.189125
xtal_52.cif,./U3Si5/117/xtal_52.cif,-93.235466,21.884651
xtal_53.cif,./U3Si5/117/xtal_53.cif,85.81263,-51.01884
xtal_54.cif,./U3Si5/__initial__/117/xtal_54.cif,-9.042084,72.08061
xtal_55.cif,./U3Si5/__initial__/117/xtal_55.cif,95.356926,21.194345
xtal_56.cif,./U3Si5/117/xtal_56.cif,11.027105,-103.05167
xtal_57.cif,./U3Si5/__initial__/117/xtal_57.cif,77.343544,-63.9934
xtal_58.cif,./U3Si5/__initial__/117/xtal_58.cif,95.33628,15.457236
xtal_59.cif,./U3Si5/__initial__/117/xtal_59.cif,88.927376,26.741364
xtal_6.cif,./U3Si5/__initial__/117/xtal_6.cif,-33.693256,6.622278
xtal_60.cif,./U3Si5/__initial__/117/xtal_60.cif,74.336075,-27.807226
xtal_61.cif,./U3Si5/__initial__/117/xtal_61.cif,66.1234,-32.551846
xtal_62.cif,./U3Si5/__initial__/117/xtal_62.cif,47.318428,-72.34401
xtal_63.cif,./U3Si5/__initial__/117/xtal_63.cif,-42.064796,-4.079985
xtal_64.cif,./U3Si5/__initial__/117/xtal_64.cif,55.836304,4.105516
xtal_65.cif,./U3Si5/__initial__/117/xtal_65.cif,52.399677,-67.02019
xtal_66.cif,./U3Si5/__initial__/117/xtal_66.cif,53.661415,15.784943
xtal_67.cif,./U3Si5/117/xtal_67.cif,77.62647,-68.57413
xtal_68.cif,./U3Si5/117/xtal_68.cif,38.65053,-59.929405
xtal_69.cif,./U3Si5/__initial__/117/xtal_69.cif,-86.29017,10.766689
xtal_7.cif,./U3Si5/__initial__/117/xtal_7.cif,13.02751,-71.05663
xtal_70.cif,./U3Si5/117/xtal_70.cif,82.98784,-47.813293
xtal_71.cif,./U3Si5/__initial__/117/xtal_71.cif,-27.252296,-42.96898
xtal_72.cif,./U3Si5/__initial__/117/xtal_72.cif,89.544075,-1.1579238
xtal_73.cif,./U3Si5/__initial__/117/xtal_73.cif,-48.415314,-46.92027
xtal_74.cif,./U3Si5/__initial__/117/xtal_74.cif,42.66414,-92.71963
xtal_75.cif,./U3Si5/__initial__/117/xtal_75.cif,59.736935,19.00771
xtal_76.cif,./U3Si5/__initial__/117/xtal_76.cif,26.731823,-21.050896
xtal_77.cif,./U3Si5/__initial__/117/xtal_77.cif,49.30026,-92.12311
xtal_78.cif,./U3Si5/__initial__/117/xtal_78.cif,33.62219,-22.516068
xtal_79.cif,./U3Si5/117/xtal_79.cif,-26.058428,-96.744675
xtal_8.cif,./U3Si5/__initial__/117/xtal_8.cif,-45.265125,29.35491
xtal_80.cif,./U3Si5/117/xtal_80.cif,-20.471867,-91.78903
xtal_81.cif,./U3Si5/__initial__/117/xtal_81.cif,92.92144,15.539005
xtal_82.cif,./U3Si5/117/xtal_82.cif,-67.098785,-14.4660015
xtal_83.cif,./U3Si5/__initial__/117/xtal_83.cif,-4.6344743,76.8641
xtal_84.cif,./U3Si5/__initial__/117/xtal_84.cif,88.281105,71.881584
xtal_85.cif,./U3Si5/__initial__/117/xtal_85.cif,-64.94278,32.170788
xtal_86.cif,./U3Si5/__initial__/117/xtal_86.cif,73.23184,42.401093
xtal_87.cif,./U3Si5/__initial__/117/xtal_87.cif,45.79742,-44.2847
xtal_88.cif,./U3Si5/117/xtal_88.cif,-10.308761,-78.50812
xtal_89.cif,./U3Si5/__initial__/117/xtal_89.cif,67.28345,22.261612
xtal_9.cif,./U3Si5/__initial__/117/xtal_9.cif,-61.985683,62.68677
xtal_90.cif,./U3Si5/__initial__/117/xtal_90.cif,85.0702,-0.96865463
xtal_91.cif,./U3Si5/117/xtal_91.cif,83.99285,-59.66332
xtal_92.cif,./U3Si5/117/xtal_92.cif,-31.187777,7.6141853
xtal_93.cif,./U3Si5/__initial__/117/xtal_93.cif,-81.646095,53.932255
xtal_94.cif,./U3Si5/__initial__/117/xtal_94.cif,61.140488,-28.77487
xtal_95.cif,./U3Si5/__initial__/117/xtal_95.cif,-32.74397,-44.12931
xtal_96.cif,./U3Si5/__initial__/117/xtal_96.cif,43.46506,-93.7643
xtal_97.cif,./U3Si5/117/xtal_97.cif,-2.7563777,-58.814503
xtal_98.cif,./U3Si5/117/xtal_98.cif,29.6572,-75.103
xtal_99.cif,./U3Si5/__initial__/117/xtal_99.cif,93.03202,62.149654
xtal_1.cif,./U3Si5/118/xtal_1.cif,8.969006,-73.61341
xtal_10.cif,./U3Si5/118/xtal_10.cif,-2.458034,-45.45019
xtal_100.cif,./U3Si5/__initial__/118/xtal_100.cif,97.19115,-29.280468
xtal_11.cif,./U3Si5/118/xtal_11.cif,95.98122,-44.746906
xtal_12.cif,./U3Si5/__initial__/118/xtal_12.cif,28.32163,58.331326
xtal_13.cif,./U3Si5/118/xtal_13.cif,-27.498669,-10.16457
xtal_14.cif,./U3Si5/118/xtal_14.cif,49.193085,-87.393654
xtal_15.cif,./U3Si5/118/xtal_15.cif,6.883096,-14.286716
xtal_16.cif,./U3Si5/__initial__/118/xtal_16.cif,77.05134,51.719456
xtal_17.cif,./U3Si5/__initial__/118/xtal_17.cif,18.806845,32.07734
xtal_18.cif,./U3Si5/__initial__/118/xtal_18.cif,-12.465267,-32.585693
xtal_19.cif,./U3Si5/__initial__/118/xtal_19.cif,28.568018,27.254656
xtal_2.cif,./U3Si5/118/xtal_2.cif,-25.329546,-6.7178497
xtal_20.cif,./U3Si5/118/xtal_20.cif,-31.11782,-14.330829
xtal_21.cif,./U3Si5/__initial__/118/xtal_21.cif,12.059383,32.533115
xtal_22.cif,./U3Si5/__initial__/118/xtal_22.cif,88.36334,69.625206
xtal_23.cif,./U3Si5/118/xtal_23.cif,20.61823,-11.26739
xtal_24.cif,./U3Si5/118/xtal_24.cif,-61.43809,-12.148134
xtal_25.cif,./U3Si5/118/xtal_25.cif,96.287926,-42.41289
xtal_26.cif,./U3Si5/__initial__/118/xtal_26.cif,82.17052,58.98519
xtal_27.cif,./U3Si5/118/xtal_27.cif,-49.949398,-46.34679
xtal_28.cif,./U3Si5/118/xtal_28.cif,-11.700173,-72.41457
xtal_29.cif,./U3Si5/118/xtal_29.cif,49.964314,-55.319077
xtal_3.cif,./U3Si5/118/xtal_3.cif,-23.062275,-58.480934
xtal_30.cif,./U3Si5/__initial__/118/xtal_30.cif,91.82313,-30.8095
xtal_31.cif,./U3Si5/118/xtal_31.cif,6.1288824,-83.32632
xtal_32.cif,./U3Si5/118/xtal_32.cif,7.0836396,-51.0809
xtal_33.cif,./U3Si5/118/xtal_33.cif,-26.489222,28.46846
xtal_34.cif,./U3Si5/118/xtal_34.cif,63.524834,-58.010983
xtal_35.cif,./U3Si5/118/xtal_35.cif,-73.12424,12.600502
xtal_36.cif,./U3Si5/118/xtal_36.cif,-1.2444082,4.8137393
xtal_37.cif,./U3Si5/__initial__/118/xtal_37.cif,27.766338,-57.834064
xtal_38.cif,./U3Si5/118/xtal_38.cif,-16.636154,-14.084186
xtal_39.cif,./U3Si5/118/xtal_39.cif,-25.65706,-55.13676
xtal_4.cif,./U3Si5/118/xtal_4.cif,83.02114,-75.53268
xtal_40.cif,./U3Si5/118/xtal_40.cif,21.351582,-14.959696
xtal_41.cif,./U3Si5/118/xtal_41.cif,-62.41849,-50.616646
xtal_42.cif,./U3Si5/118/xtal_42.cif,-6.7978277,-66.654526
xtal_43.cif,./U3Si5/118/xtal_43.cif,-8.89426,-27.623024
xtal_44.cif,./U3Si5/118/xtal_44.cif,-16.526924,-38.751175
xtal_45.cif,./U3Si5/118/xtal_45.cif,54.681545,-76.848274
xtal_46.cif,./U3Si5/118/xtal_46.cif,13.566608,-18.200668
xtal_47.cif,./U3Si5/118/xtal_47.cif,-57.98891,63.147312
xtal_48.cif,./U3Si5/__initial__/118/xtal_48.cif,103.41822,25.437998
xtal_49.cif,./U3Si5/__initial__/118/xtal_49.cif,-43.939137,70.70315
xtal_5.cif,./U3Si5/__initial__/118/xtal_5.cif,-11.256635,37.50207
xtal_50.cif,./U3Si5/__initial__/118/xtal_50.cif,-52.382298,33.29036
xtal_51.cif,./U3Si5/118/xtal_51.cif,27.343786,-84.50284
xtal_52.cif,./U3Si5/__initial__/118/xtal_52.cif,27.893307,35.39924
xtal_53.cif,./U3Si5/118/xtal_53.cif,-20.42538,-19.62461
xtal_54.cif,./U3Si5/118/xtal_54.cif,-24.594389,-2.0499449
xtal_55.cif,./U3Si5/118/xtal_55.cif,-20.80996,-69.41375
xtal_56.cif,./U3Si5/118/xtal_56.cif,52.74335,-52.353546
xtal_57.cif,./U3Si5/118/xtal_57.cif,68.19596,-77.41612
xtal_58.cif,./U3Si5/__initial__/118/xtal_58.cif,-5.084151,87.45122
xtal_59.cif,./U3Si5/118/xtal_59.cif,-94.6677,30.632572
xtal_6.cif,./U3Si5/__initial__/118/xtal_6.cif,-25.73127,36.199802
xtal_60.cif,./U3Si5/118/xtal_60.cif,-29.3636,-8.91793
xtal_61.cif,./U3Si5/118/xtal_61.cif,43.14197,-46.484554
xtal_62.cif,./U3Si5/__initial__/118/xtal_62.cif,-7.9237423,36.586613
xtal_63.cif,./U3Si5/118/xtal_63.cif,84.32904,-59.704445
xtal_64.cif,./U3Si5/118/xtal_64.cif,-52.875095,87.925354
xtal_65.cif,./U3Si5/__initial__/118/xtal_65.cif,104.59078,-39.015507
xtal_66.cif,./U3Si5/118/xtal_66.cif,-17.598764,-86.096405
xtal_67.cif,./U3Si5/__initial__/118/xtal_67.cif,39.176407,-41.739056
xtal_68.cif,./U3Si5/__initial__/118/xtal_68.cif,59.1751,75.104515
xtal_69.cif,./U3Si5/118/xtal_69.cif,10.4011965,13.813851
xtal_7.cif,./U3Si5/118/xtal_7.cif,-54.560818,74.707535
xtal_70.cif,./U3Si5/__initial__/118/xtal_70.cif,62.95851,-86.61325
xtal_71.cif,./U3Si5/118/xtal_71.cif,-71.68576,-51.71193
xtal_72.cif,./U3Si5/__initial__/118/xtal_72.cif,-12.437022,25.852228
xtal_73.cif,./U3Si5/__initial__/118/xtal_73.cif,-0.9284294,86.27745
xtal_74.cif,./U3Si5/118/xtal_74.cif,-75.99109,16.846727
xtal_75.cif,./U3Si5/118/xtal_75.cif,30.96514,-88.281204
xtal_76.cif,./U3Si5/118/xtal_76.cif,45.604465,-55.890694
xtal_77.cif,./U3Si5/118/xtal_77.cif,-1.2508227,-51.86367
xtal_78.cif,./U3Si5/118/xtal_78.cif,-81.74674,-26.291233
xtal_79.cif,./U3Si5/118/xtal_79.cif,-28.6119,40.480614
xtal_8.cif,./U3Si5/__initial__/118/xtal_8.cif,57.59188,75.35843
xtal_80.cif,./U3Si5/118/xtal_80.cif,-27.224592,-79.05635
xtal_81.cif,./U3Si5/118/xtal_81.cif,-18.042414,-10.107559
xtal_82.cif,./U3Si5/__initial__/118/xtal_82.cif,58.144936,-23.374962
xtal_83.cif,./U3Si5/118/xtal_83.cif,20.95822,-12.712047
xtal_84.cif,./U3Si5/118/xtal_84.cif,-83.938995,-41.558895
xtal_85.cif,./U3Si5/118/xtal_85.cif,-68.09934,81.20287
xtal_86.cif,./U3Si5/__initial__/118/xtal_86.cif,-20.27931,26.155787
xtal_87.cif,./U3Si5/118/xtal_87.cif,4.6336102,-10.919742
xtal_88.cif,./U3Si5/__initial__/118/xtal_88.cif,48.3219,60.667206
xtal_89.cif,./U3Si5/__initial__/118/xtal_89.cif,-42.72454,3.3851235
xtal_9.cif,./U3Si5/__initial__/118/xtal_9.cif,14.512142,58.09609
xtal_90.cif,./U3Si5/118/xtal_90.cif,25.92309,-87.72463
xtal_91.cif,./U3Si5/118/xtal_91.cif,-59.869385,-68.10751
xtal_92.cif,./U3Si5/__initial__/118/xtal_92.cif,-42.854897,69.18493
xtal_93.cif,./U3Si5/__initial__/118/xtal_93.cif,3.2561088,35.94336
xtal_94.cif,./U3Si5/118/xtal_94.cif,-55.959736,-72.5064
xtal_95.cif,./U3Si5/118/xtal_95.cif,21.051031,-69.073715
xtal_96.cif,./U3Si5/__initial__/118/xtal_96.cif,-0.74739355,105.38533
xtal_97.cif,./U3Si5/118/xtal_97.cif,-62.479576,5.4028316
xtal_98.cif,./U3Si5/__initial__/118/xtal_98.cif,77.99518,16.564095
xtal_99.cif,./U3Si5/118/xtal_99.cif,13.3214445,-15.839264
xtal_1.cif,./U3Si5/119/xtal_1.cif,2.841534,-54.188404
xtal_10.cif,./U3Si5/__initial__/119/xtal_10.cif,-20.572172,64.916
xtal_100.cif,./U3Si5/__initial__/119/xtal_100.cif,40.240757,42.986507
xtal_11.cif,./U3Si5/__initial__/119/xtal_11.cif,46.458572,59.57119
xtal_12.cif,./U3Si5/__initial__/119/xtal_12.cif,102.03232,-22.83457
xtal_13.cif,./U3Si5/119/xtal_13.cif,-37.465794,-62.06213
xtal_14.cif,./U3Si5/__initial__/119/xtal_14.cif,101.08509,0.9932389
xtal_15.cif,./U3Si5/119/xtal_15.cif,-18.42907,-7.849412
xtal_16.cif,./U3Si5/__initial__/119/xtal_16.cif,-54.28751,-15.584439
xtal_17.cif,./U3Si5/__initial__/119/xtal_17.cif,116.05906,3.0563114
xtal_18.cif,./U3Si5/__initial__/119/xtal_18.cif,30.820692,59.271767
xtal_19.cif,./U3Si5/__initial__/119/xtal_19.cif,104.92146,11.199071
xtal_2.cif,./U3Si5/119/xtal_2.cif,43.68823,-74.35231
xtal_20.cif,./U3Si5/__initial__/119/xtal_20.cif,50.068794,-5.797334
xtal_21.cif,./U3Si5/__initial__/119/xtal_21.cif,46.374886,59.935757
xtal_22.cif,./U3Si5/__initial__/119/xtal_22.cif,-43.393036,91.1983
xtal_23.cif,./U3Si5/__initial__/119/xtal_23.cif,59.909332,15.977629
xtal_24.cif,./U3Si5/__initial__/119/xtal_24.cif,44.872612,35.50653
xtal_25.cif,./U3Si5/__initial__/119/xtal_25.cif,94.58172,-33.394802
xtal_26.cif,./U3Si5/__initial__/119/xtal_26.cif,56.728428,-81.10124
xtal_27.cif,./U3Si5/__initial__/119/xtal_27.cif,7.576166,21.9452
xtal_28.cif,./U3Si5/__initial__/119/xtal_28.cif,3.7417867,49.48622
xtal_29.cif,./U3Si5/__initial__/119/xtal_29.cif,49.827404,-5.32
xtal_3.cif,./U3Si5/119/xtal_3.cif,-21.578772,24.16358
xtal_30.cif,./U3Si5/119/xtal_30.cif,-87.833824,-16.561646
xtal_31.cif,./U3Si5/__initial__/119/xtal_31.cif,1.7294837,38.662117
xtal_32.cif,./U3Si5/__initial__/119/xtal_32.cif,95.68361,-42.34096
xtal_33.cif,./U3Si5/__initial__/119/xtal_33.cif,8.944138,14.572719
xtal_34.cif,./U3Si5/119/xtal_34.cif,-35.411686,81.447586
xtal_35.cif,./U3Si5/__initial__/119/xtal_35.cif,37.18422,-50.935905
xtal_36.cif,./U3Si5/__initial__/119/xtal_36.cif,59.243114,76.81077
xtal_37.cif,./U3Si5/__initial__/119/xtal_37.cif,9.606483,41.23174
xtal_38.cif,./U3Si5/__initial__/119/xtal_38.cif,-30.098068,96.617676
xtal_39.cif,./U3Si5/__initial__/119/xtal_39.cif,-70.13945,-13.51028
xtal_4.cif,./U3Si5/__initial__/119/xtal_4.cif,113.473434,26.417679
xtal_40.cif,./U3Si5/119/xtal_40.cif,30.700571,22.563047
xtal_41.cif,./U3Si5/119/xtal_41.cif,3.1409729,31.698244
xtal_42.cif,./U3Si5/__initial__/119/xtal_42.cif,48.142334,64.7649
xtal_43.cif,./U3Si5/__initial__/119/xtal_43.cif,-6.9467874,40.070522
xtal_44.cif,./U3Si5/__initial__/119/xtal_44.cif,67.235054,-45.98876
xtal_45.cif,./U3Si5/__initial__/119/xtal_45.cif,-63.374214,3.5354505
xtal_46.cif,./U3Si5/119/xtal_46.cif,-16.889091,-8.425494
xtal_47.cif,./U3Si5/119/xtal_47.cif,-18.617113,13.858845
xtal_48.cif,./U3Si5/__initial__/119/xtal_48.cif,65.28771,-49.09312
xtal_49.cif,./U3Si5/__initial__/119/xtal_49.cif,48.74995,59.09465
xtal_5.cif,./U3Si5/__initial__/119/xtal_5.cif,93.63568,31.627024
xtal_50.cif,./U3Si5/__initial__/119/xtal_50.cif,22.175093,44.291077
xtal_51.cif,./U3Si5/119/xtal_51.cif,57.363976,-71.95268
xtal_52.cif,./U3Si5/__initial__/119/xtal_52.cif,117.127144,5.539911
xtal_53.cif,./U3Si5/__initial__/119/xtal_53.cif,63.098392,-59.889416
xtal_54.cif,./U3Si5/119/xtal_54.cif,19.056168,7.8450637
xtal_55.cif,./U3Si5/__initial__/119/xtal_55.cif,58.56808,72.05536
xtal_56.cif,./U3Si5/119/xtal_56.cif,-61.052868,37.692535
xtal_57.cif,./U3Si5/__initial__/119/xtal_57.cif,-10.43937,47.730785
xtal_58.cif,./U3Si5/__initial__/119/xtal_58.cif,-48.72345,17.092424
xtal_59.cif,./U3Si5/119/xtal_59.cif,4.9907885,-83.9063
xtal_6.cif,./U3Si5/__initial__/119/xtal_6.cif,-18.592188,75.79358
xtal_60.cif,./U3Si5/__initial__/119/xtal_60.cif,-9.906434,75.81259
xtal_61.cif,./U3Si5/__initial__/119/xtal_61.cif,89.15244,52.65798
xtal_62.cif,./U3Si5/__initial__/119/xtal_62.cif,95.17408,-34.289165
xtal_63.cif,./U3Si5/__initial__/119/xtal_63.cif,-42.53331,19.740402
xtal_64.cif,./U3Si5/119/xtal_64.cif,22.939938,33.569416
xtal_65.cif,./U3Si5/119/xtal_65.cif,13.337965,2.9005096
xtal_66.cif,./U3Si5/119/xtal_66.cif,20.48395,-11.147255
xtal_67.cif,./U3Si5/119/xtal_67.cif,-8.18516,-27.62775
xtal_68.cif,./U3Si5/119/xtal_68.cif,13.589961,-85.03332
xtal_69.cif,./U3Si5/119/xtal_69.cif,23.3374,17.680119
xtal_7.cif,./U3Si5/119/xtal_7.cif,-29.24844,107.33534
xtal_70.cif,./U3Si5/__initial__/119/xtal_70.cif,-0.86019087,26.53266
xtal_71.cif,./U3Si5/119/xtal_71.cif,24.380327,21.273478
xtal_72.cif,./U3Si5/119/xtal_72.cif,27.666327,33.04446
xtal_73.cif,./U3Si5/__initial__/119/xtal_73.cif,66.85392,51.56964
xtal_74.cif,./U3Si5/119/xtal_74.cif,-20.651901,7.5517063
xtal_75.cif,./U3Si5/__initial__/119/xtal_75.cif,-53.612724,26.835567
xtal_76.cif,./U3Si5/__initial__/119/xtal_76.cif,-29.652441,-21.754524
xtal_77.cif,./U3Si5/119/xtal_77.cif,13.609667,-56.37527
xtal_78.cif,./U3Si5/119/xtal_78.cif,49.01623,-54.78158
xtal_79.cif,./U3Si5/__initial__/119/xtal_79.cif,43.375446,53.374138
xtal_8.cif,./U3Si5/__initial__/119/xtal_8.cif,51.027428,-48.99145
xtal_80.cif,./U3Si5/__initial__/119/xtal_80.cif,52.63265,-35.090202
xtal_81.cif,./U3Si5/__initial__/119/xtal_81.cif,91.10788,-40.954403
xtal_82.cif,./U3Si5/119/xtal_82.cif,43.809288,-77.06182
xtal_83.cif,./U3Si5/119/xtal_83.cif,44.026108,-87.10735
xtal_84.cif,./U3Si5/__initial__/119/xtal_84.cif,84.292404,-3.1134043
xtal_85.cif,./U3Si5/__initial__/119/xtal_85.cif,-18.626411,-7.316212
xtal_86.cif,./U3Si5/__initial__/119/xtal_86.cif,39.78235,28.895954
xtal_87.cif,./U3Si5/__initial__/119/xtal_87.cif,67.19246,16.745203
xtal_88.cif,./U3Si5/119/xtal_88.cif,-62.18122,61.370266
xtal_89.cif,./U3Si5/__initial__/119/xtal_89.cif,-66.05958,96.36075
xtal_9.cif,./U3Si5/__initial__/119/xtal_9.cif,40.18876,29.344477
xtal_90.cif,./U3Si5/119/xtal_90.cif,11.58668,-26.444098
xtal_91.cif,./U3Si5/__initial__/119/xtal_91.cif,51.952087,-4.6411505
xtal_92.cif,./U3Si5/119/xtal_92.cif,31.0606,34.16852
xtal_93.cif,./U3Si5/119/xtal_93.cif,-26.38331,89.644
xtal_94.cif,./U3Si5/__initial__/119/xtal_94.cif,-70.035934,37.00197
xtal_95.cif,./U3Si5/119/xtal_95.cif,39.62233,-93.8973
xtal_96.cif,./U3Si5/__initial__/119/xtal_96.cif,16.754694,4.5775785
xtal_97.cif,./U3Si5/__initial__/119/xtal_97.cif,65.858635,-17.551361
xtal_98.cif,./U3Si5/119/xtal_98.cif,60.64719,-49.34872
xtal_99.cif,./U3Si5/119/xtal_99.cif,-12.316736,-32.062794
xtal_1.cif,./U3Si5/__initial__/121/xtal_1.cif,92.593285,-45.740757
xtal_10.cif,./U3Si5/121/xtal_10.cif,-39.02392,-81.78592
xtal_100.cif,./U3Si5/121/xtal_100.cif,92.33271,-57.40465
xtal_11.cif,./U3Si5/__initial__/121/xtal_11.cif,60.131355,49.59419
xtal_12.cif,./U3Si5/121/xtal_12.cif,42.681877,-92.41991
xtal_13.cif,./U3Si5/121/xtal_13.cif,60.90165,-41.11283
xtal_14.cif,./U3Si5/__initial__/121/xtal_14.cif,-45.515972,-14.71398
xtal_15.cif,./U3Si5/121/xtal_15.cif,45.979244,-83.60873
xtal_16.cif,./U3Si5/__initial__/121/xtal_16.cif,96.96037,4.108322
xtal_17.cif,./U3Si5/121/xtal_17.cif,-29.826958,-8.667822
xtal_18.cif,./U3Si5/__initial__/121/xtal_18.cif,74.395584,25.338928
xtal_19.cif,./U3Si5/__initial__/121/xtal_19.cif,90.58217,-11.851857
xtal_2.cif,./U3Si5/__initial__/121/xtal_2.cif,32.31371,-18.839148
xtal_20.cif,./U3Si5/__initial__/121/xtal_20.cif,115.4516,27.941765
xtal_21.cif,./U3Si5/__initial__/121/xtal_21.cif,116.689705,5.851345
xtal_22.cif,./U3Si5/__initial__/121/xtal_22.cif,-28.51787,50.995186
xtal_23.cif,./U3Si5/121/xtal_23.cif,61.03767,-48.15594
xtal_24.cif,./U3Si5/121/xtal_24.cif,66.02113,-49.79261
xtal_25.cif,./U3Si5/__initial__/121/xtal_25.cif,72.77954,25.976885
xtal_26.cif,./U3Si5/__initial__/121/xtal_26.cif,84.6077,-18.612053
xtal_27.cif,./U3Si5/__initial__/121/xtal_27.cif,108.68045,17.486868
xtal_28.cif,./U3Si5/__initial__/121/xtal_28.cif,-14.158547,-27.0328
xtal_29.cif,./U3Si5/__initial__/121/xtal_29.cif,96.98563,4.0989175
xtal_3.cif,./U3Si5/__initial__/121/xtal_3.cif,68.85469,16.704252
xtal_30.cif,./U3Si5/121/xtal_30.cif,-32.2505,-21.146389
xtal_31.cif,./U3Si5/121/xtal_31.cif,96.21109,-44.98091
xtal_32.cif,./U3Si5/121/xtal_32.cif,-48.82636,-20.598846
xtal_33.cif,./U3Si5/__initial__/121/xtal_33.cif,-9.524095,16.476974
xtal_34.cif,./U3Si5/__initial__/121/xtal_34.cif,-67.374245,-2.346766
xtal_35.cif,./U3Si5/121/xtal_35.cif,-95.723595,-27.16612
xtal_36.cif,./U3Si5/121/xtal_36.cif,116.59507,6.4353848
xtal_37.cif,./U3Si5/121/xtal_37.cif,10.121047,-71.228264
xtal_38.cif,./U3Si5/__initial__/121/xtal_38.cif,-15.346494,54.26609
xtal_39.cif,./U3Si5/__initial__/121/xtal_39.cif,-25.959993,-31.303694
xtal_4.cif,./U3Si5/121/xtal_4.cif,-47.206486,31.134607
xtal_40.cif,./U3Si5/__initial__/121/xtal_40.cif,47.74484,-60.748337
xtal_41.cif,./U3Si5/121/xtal_41.cif,9.994851,-71.32147
xtal_42.cif,./U3Si5/__initial__/121/xtal_42.cif,-46.324425,37.926075
xtal_43.cif,./U3Si5/121/xtal_43.cif,77.69694,-58.941006
xtal_44.cif,./U3Si5/121/xtal_44.cif,-57.425655,-69.894196
xtal_45.cif,./U3Si5/__initial__/121/xtal_45.cif,-92.789474,37.212128
xtal_46.cif,./U3Si5/__initial__/121/xtal_46.cif,95.032845,42.62025
xtal_47.cif,./U3Si5/121/xtal_47.cif,46.0535,-71.801895
xtal_48.cif,./U3Si5/__initial__/121/xtal_48.cif,-62.74497,97.05873
xtal_49.cif,./U3Si5/__initial__/121/xtal_49.cif,100.115944,-1.7344921
xtal_5.cif,./U3Si5/__initial__/121/xtal_5.cif,-32.04855,-52.13713
xtal_50.cif,./U3Si5/__initial__/121/xtal_50.cif,112.84545,16.710321
xtal_51.cif,./U3Si5/__initial__/121/xtal_51.cif,94.634,11.155585
xtal_52.cif,./U3Si5/__initial__/121/xtal_52.cif,89.002556,46.708145
xtal_53.cif,./U3Si5/121/xtal_53.cif,-26.037827,-60.94235
xtal_54.cif,./U3Si5/__initial__/121/xtal_54.cif,66.89544,35.021236
xtal_55.cif,./U3Si5/__initial__/121/xtal_55.cif,-26.150972,8.951838
xtal_56.cif,./U3Si5/121/xtal_56.cif,-20.458744,-64.035385
xtal_57.cif,./U3Si5/121/xtal_57.cif,44.408684,-85.927666
xtal_58.cif,./U3Si5/__initial__/121/xtal_58.cif,92.74543,57.85422
xtal_59.cif,./U3Si5/__initial__/121/xtal_59.cif,-25.073154,-73.794136
xtal_6.cif,./U3Si5/__initial__/121/xtal_6.cif,-3.3962393,55.384857
xtal_60.cif,./U3Si5/__initial__/121/xtal_60.cif,-5.4267464,15.840682
xtal_61.cif,./U3Si5/__initial__/121/xtal_61.cif,-54.69593,39.772976
xtal_62.cif,./U3Si5/__initial__/121/xtal_62.cif,-44.27477,85.122734
xtal_63.cif,./U3Si5/121/xtal_63.cif,47.89382,-60.723324
xtal_64.cif,./U3Si5/__initial__/121/xtal_64.cif,8.411014,83.08329
xtal_65.cif,./U3Si5/__initial__/121/xtal_65.cif,92.839745,-64.03978
xtal_66.cif,./U3Si5/121/xtal_66.cif,62.2802,-46.3812
xtal_67.cif,./U3Si5/__initial__/121/xtal_67.cif,116.90867,27.062292
xtal_68.cif,./U3Si5/__initial__/121/xtal_68.cif,34.45882,-45.723175
xtal_69.cif,./U3Si5/__initial__/121/xtal_69.cif,-1.522851,87.89027
xtal_7.cif,./U3Si5/__initial__/121/xtal_7.cif,-54.33354,-17.263802
xtal_70.cif,./U3Si5/__initial__/121/xtal_70.cif,78.61501,-6.763638
xtal_71.cif,./U3Si5/__initial__/121/xtal_71.cif,-86.39599,-18.168623
xtal_72.cif,./U3Si5/121/xtal_72.cif,60.97527,-51.55414
xtal_73.cif,./U3Si5/__initial__/121/xtal_73.cif,10.379446,61.985
xtal_74.cif,./U3Si5/121/xtal_74.cif,-59.599182,-62.430744
xtal_75.cif,./U3Si5/__initial__/121/xtal_75.cif,68.74721,20.354195
xtal_76.cif,./U3Si5/121/xtal_76.cif,-49.57557,1.276367
xtal_77.cif,./U3Si5/121/xtal_77.cif,79.8415,-37.700836
xtal_78.cif,./U3Si5/__initial__/121/xtal_78.cif,109.60111,-6.785376
xtal_79.cif,./U3Si5/__initial__/121/xtal_79.cif,84.485535,3.119152
xtal_8.cif,./U3Si5/121/xtal_8.cif,100.75882,-17.38706
xtal_80.cif,./U3Si5/121/xtal_80.cif,93.4177,-46.622303
xtal_81.cif,./U3Si5/__initial__/121/xtal_81.cif,90.71349,-25.560102
xtal_82.cif,./U3Si5/__initial__/121/xtal_82.cif,-52.908092,94.059616
xtal_83.cif,./U3Si5/121/xtal_83.cif,45.518112,-55.548412
xtal_84.cif,./U3Si5/__initial__/121/xtal_84.cif,81.93967,-14.048165
xtal_85.cif,./U3Si5/__initial__/121/xtal_85.cif,-68.851074,26.877497
xtal_86.cif,./U3Si5/__initial__/121/xtal_86.cif,65.54433,-4.2942886
xtal_87.cif,./U3Si5/121/xtal_87.cif,-29.570137,-64.54875
xtal_88.cif,./U3Si5/__initial__/121/xtal_88.cif,116.58545,10.040339
xtal_89.cif,./U3Si5/__initial__/121/xtal_89.cif,106.055214,-2.8117855
xtal_9.cif,./U3Si5/121/xtal_9.cif,42.955704,-92.58958
xtal_90.cif,./U3Si5/121/xtal_90.cif,42.55189,-48.31959
xtal_91.cif,./U3Si5/__initial__/121/xtal_91.cif,115.21159,31.520857
xtal_92.cif,./U3Si5/121/xtal_92.cif,-72.27075,-41.274723
xtal_93.cif,./U3Si5/121/xtal_93.cif,115.63344,2.397631
xtal_94.cif,./U3Si5/121/xtal_94.cif,-54.06631,32.18516
xtal_95.cif,./U3Si5/__initial__/121/xtal_95.cif,67.416954,-48.63305
xtal_96.cif,./U3Si5/121/xtal_96.cif,-56.80823,-2.4823825
xtal_97.cif,./U3Si5/121/xtal_97.cif,-30.800478,30.086285
xtal_98.cif,./U3Si5/__initial__/121/xtal_98.cif,57.30545,-69.44005
xtal_99.cif,./U3Si5/121/xtal_99.cif,58.24741,-81.274025
xtal_1.cif,./U3Si5/__initial__/123/xtal_1.cif,92.07253,17.095991
xtal_10.cif,./U3Si5/__initial__/123/xtal_10.cif,-4.8352795,-48.99923
xtal_100.cif,./U3Si5/__initial__/123/xtal_100.cif,-89.524704,-9.542418
xtal_11.cif,./U3Si5/__initial__/123/xtal_11.cif,50.822304,-3.747178
xtal_12.cif,./U3Si5/__initial__/123/xtal_12.cif,-99.48602,17.569368
xtal_13.cif,./U3Si5/__initial__/123/xtal_13.cif,84.42216,-54.76471
xtal_14.cif,./U3Si5/__initial__/123/xtal_14.cif,-12.733831,55.397945
xtal_15.cif,./U3Si5/__initial__/123/xtal_15.cif,59.64025,49.745598
xtal_16.cif,./U3Si5/__initial__/123/xtal_16.cif,91.65305,10.561542
xtal_17.cif,./U3Si5/__initial__/123/xtal_17.cif,-8.924051,27.103788
xtal_18.cif,./U3Si5/__initial__/123/xtal_18.cif,54.44959,-59.44232
xtal_19.cif,./U3Si5/__initial__/123/xtal_19.cif,86.23009,-42.07069
xtal_2.cif,./U3Si5/__initial__/123/xtal_2.cif,52.399532,-1.3514102
xtal_20.cif,./U3Si5/__initial__/123/xtal_20.cif,-62.1446,-45.238705
xtal_21.cif,./U3Si5/__initial__/123/xtal_21.cif,-70.56441,-24.10481
xtal_22.cif,./U3Si5/__initial__/123/xtal_22.cif,-49.957912,46.059654
xtal_23.cif,./U3Si5/__initial__/123/xtal_23.cif,97.97086,29.753159
xtal_24.cif,./U3Si5/__initial__/123/xtal_24.cif,-32.444347,-15.024283
xtal_25.cif,./U3Si5/__initial__/123/xtal_25.cif,94.447296,8.321238
xtal_26.cif,./U3Si5/__initial__/123/xtal_26.cif,52.421406,-8.68017
xtal_27.cif,./U3Si5/__initial__/123/xtal_27.cif,-27.49445,-5.051514
xtal_28.cif,./U3Si5/__initial__/123/xtal_28.cif,79.29636,55.45861
xtal_29.cif,./U3Si5/__initial__/123/xtal_29.cif,112.08889,3.440704
xtal_3.cif,./U3Si5/__initial__/123/xtal_3.cif,96.640686,-38.72323
xtal_30.cif,./U3Si5/__initial__/123/xtal_30.cif,77.33624,-6.6928596
xtal_31.cif,./U3Si5/__initial__/123/xtal_31.cif,90.41313,58.14734
xtal_32.cif,./U3Si5/__initial__/123/xtal_32.cif,-53.08711,-14.815885
xtal_33.cif,./U3Si5/__initial__/123/xtal_33.cif,77.805954,-57.192993
xtal_34.cif,./U3Si5/123/xtal_34.cif,54.924263,-77.09811
xtal_35.cif,./U3Si5/__initial__/123/xtal_35.cif,92.30712,40.500698
xtal_36.cif,./U3Si5/__initial__/123/xtal_36.cif,42.050777,-56.714
xtal_37.cif,./U3Si5/__initial__/123/xtal_37.cif,-6.028786,66.54336
xtal_38.cif,./U3Si5/__initial__/123/xtal_38.cif,11.821804,66.687065
xtal_39.cif,./U3Si5/__initial__/123/xtal_39.cif,-2.826902,16.622797
xtal_4.cif,./U3Si5/__initial__/123/xtal_4.cif,-79.33931,-22.976694
xtal_40.cif,./U3Si5/__initial__/123/xtal_40.cif,22.943928,-85.418655
xtal_41.cif,./U3Si5/__initial__/123/xtal_41.cif,74.6617,14.409246
xtal_42.cif,./U3Si5/__initial__/123/xtal_42.cif,100.36526,-40.099274
xtal_43.cif,./U3Si5/__initial__/123/xtal_43.cif,-42.76809,-30.29685
xtal_44.cif,./U3Si5/__initial__/123/xtal_44.cif,98.575836,-32.768505
xtal_45.cif,./U3Si5/__initial__/123/xtal_45.cif,-48.18016,44.153934
xtal_46.cif,./U3Si5/123/xtal_46.cif,116.085556,29.370888
xtal_47.cif,./U3Si5/__initial__/123/xtal_47.cif,44.99461,-3.4437883
xtal_48.cif,./U3Si5/__initial__/123/xtal_48.cif,-13.842726,-44.700756
xtal_49.cif,./U3Si5/__initial__/123/xtal_49.cif,-56.057648,-65.82692
xtal_5.cif,./U3Si5/123/xtal_5.cif,116.45204,33.060062
xtal_50.cif,./U3Si5/__initial__/123/xtal_50.cif,46.46135,22.048914
xtal_51.cif,./U3Si5/__initial__/123/xtal_51.cif,89.97231,57.8829
xtal_52.cif,./U3Si5/__initial__/123/xtal_52.cif,86.62408,58.448486
xtal_53.cif,./U3Si5/123/xtal_53.cif,-80.14038,34.604855
xtal_54.cif,./U3Si5/__initial__/123/xtal_54.cif,94.792435,54.720314
xtal_55.cif,./U3Si5/__initial__/123/xtal_55.cif,85.16029,64.78013
xtal_56.cif,./U3Si5/__initial__/123/xtal_56.cif,-30.576885,-8.227534
xtal_57.cif,./U3Si5/__initial__/123/xtal_57.cif,-35.892544,-17.058905
xtal_58.cif,./U3Si5/__initial__/123/xtal_58.cif,-23.081293,25.458485
xtal_59.cif,./U3Si5/__initial__/123/xtal_59.cif,-63.15775,41.953156
xtal_6.cif,./U3Si5/__initial__/123/xtal_6.cif,-42.52487,-3.1011608
xtal_60.cif,./U3Si5/__initial__/123/xtal_60.cif,69.68767,-70.18615
xtal_61.cif,./U3Si5/__initial__/123/xtal_61.cif,-66.7445,-38.301876
xtal_62.cif,./U3Si5/__initial__/123/xtal_62.cif,82.9003,2.8305175
xtal_63.cif,./U3Si5/__initial__/123/xtal_63.cif,64.61776,-29.920895
xtal_64.cif,./U3Si5/__initial__/123/xtal_64.cif,-12.65008,-76.56316
xtal_65.cif,./U3Si5/123/xtal_65.cif,115.93204,30.020386
xtal_66.cif,./U3Si5/__initial__/123/xtal_66.cif,-26.036388,-48.85542
xtal_67.cif,./U3Si5/__initial__/123/xtal_67.cif,62.590332,43.911686
xtal_68.cif,./U3Si5/__initial__/123/xtal_68.cif,36.208946,-17.086325
xtal_69.cif,./U3Si5/__initial__/123/xtal_69.cif,61.42013,24.314875
xtal_7.cif,./U3Si5/__initial__/123/xtal_7.cif,49.30738,-51.977547
xtal_70.cif,./U3Si5/__initial__/123/xtal_70.cif,91.61869,7.4169025
xtal_71.cif,./U3Si5/__initial__/123/xtal_71.cif,76.0413,9.194666
xtal_72.cif,./U3Si5/__initial__/123/xtal_72.cif,97.788,-4.0310707
xtal_73.cif,./U3Si5/__initial__/123/xtal_73.cif,-41.183273,17.711817
xtal_74.cif,./U3Si5/__initial__/123/xtal_74.cif,80.06094,-34.781055
xtal_75.cif,./U3Si5/__initial__/123/xtal_75.cif,94.28427,46.15077
xtal_76.cif,./U3Si5/__initial__/123/xtal_76.cif,12.627536,-72.10295
xtal_77.cif,./U3Si5/__initial__/123/xtal_77.cif,61.02052,48.958424
xtal_78.cif,./U3Si5/__initial__/123/xtal_78.cif,-27.175951,-27.861572
xtal_79.cif,./U3Si5/__initial__/123/xtal_79.cif,40.297825,1.668621
xtal_8.cif,./U3Si5/123/xtal_8.cif,-10.024584,110.458015
xtal_80.cif,./U3Si5/__initial__/123/xtal_80.cif,92.14571,68.55445
xtal_81.cif,./U3Si5/__initial__/123/xtal_81.cif,7.0416546,-69.373184
xtal_82.cif,./U3Si5/__initial__/123/xtal_82.cif,-15.025454,-43.05933
xtal_83.cif,./U3Si5/__initial__/123/xtal_83.cif,72.055626,58.874783
xtal_84.cif,./U3Si5/__initial__/123/xtal_84.cif,62.966396,-78.39441
xtal_85.cif,./U3Si5/__initial__/123/xtal_85.cif,69.02308,-10.368271
xtal_86.cif,./U3Si5/__initial__/123/xtal_86.cif,95.739815,-43.403076
xtal_87.cif,./U3Si5/__initial__/123/xtal_87.cif,86.92643,19.295599
xtal_88.cif,./U3Si5/123/xtal_88.cif,32.386246,-56.503815
xtal_89.cif,./U3Si5/__initial__/123/xtal_89.cif,79.743935,-43.687595
xtal_9.cif,./U3Si5/123/xtal_9.cif,48.36837,-2.4279296
xtal_90.cif,./U3Si5/__initial__/123/xtal_90.cif,43.461063,-52.959538
xtal_91.cif,./U3Si5/__initial__/123/xtal_91.cif,-41.67683,23.14555
xtal_92.cif,./U3Si5/__initial__/123/xtal_92.cif,-7.5877004,-76.33301
xtal_93.cif,./U3Si5/__initial__/123/xtal_93.cif,78.81503,-35.38281
xtal_94.cif,./U3Si5/__initial__/123/xtal_94.cif,47.829453,9.557547
xtal_95.cif,./U3Si5/__initial__/123/xtal_95.cif,71.23712,54.05914
xtal_96.cif,./U3Si5/__initial__/123/xtal_96.cif,-8.187553,16.384865
xtal_97.cif,./U3Si5/__initial__/123/xtal_97.cif,43.188232,-75.80389
xtal_98.cif,./U3Si5/123/xtal_98.cif,-80.227356,-9.862384
xtal_99.cif,./U3Si5/__initial__/123/xtal_99.cif,-51.26147,92.19518
xtal_1.cif,./U3Si5/__initial__/124/xtal_1.cif,71.688835,21.888767
xtal_10.cif,./U3Si5/__initial__/124/xtal_10.cif,110.12546,3.134701
xtal_100.cif,./U3Si5/__initial__/124/xtal_100.cif,-7.874947,56.296783
xtal_11.cif,./U3Si5/__initial__/124/xtal_11.cif,-15.529531,56.143528
xtal_12.cif,./U3Si5/124/xtal_12.cif,41.127506,-75.81146
xtal_13.cif,./U3Si5/124/xtal_13.cif,-32.79198,1.0528529
xtal_14.cif,./U3Si5/__initial__/124/xtal_14.cif,97.53281,26.965446
xtal_15.cif,./U3Si5/__initial__/124/xtal_15.cif,109.73002,8.258942
xtal_16.cif,./U3Si5/124/xtal_16.cif,60.322926,-45.739094
xtal_17.cif,./U3Si5/__initial__/124/xtal_17.cif,-15.394866,64.21766
xtal_18.cif,./U3Si5/__initial__/124/xtal_18.cif,-50.844658,44.124153
xtal_19.cif,./U3Si5/124/xtal_19.cif,63.508087,-39.147076
xtal_2.cif,./U3Si5/__initial__/124/xtal_2.cif,110.144875,-0.91928595
xtal_20.cif,./U3Si5/__initial__/124/xtal_20.cif,79.36351,-28.927004
xtal_21.cif,./U3Si5/__initial__/124/xtal_21.cif,87.177925,60.5541
xtal_22.cif,./U3Si5/__initial__/124/xtal_22.cif,1.0615076,-62.787155
xtal_23.cif,./U3Si5/__initial__/124/xtal_23.cif,-3.4481392,59.99233
xtal_24.cif,./U3Si5/124/xtal_24.cif,-85.198616,-23.481617
xtal_25.cif,./U3Si5/__initial__/124/xtal_25.cif,-97.77994,7.8209004
xtal_26.cif,./U3Si5/__initial__/124/xtal_26.cif,93.77054,-4.413785
xtal_27.cif,./U3Si5/__initial__/124/xtal_27.cif,68.421394,25.957897
xtal_28.cif,./U3Si5/__initial__/124/xtal_28.cif,-50.14132,92.84927
xtal_29.cif,./U3Si5/__initial__/124/xtal_29.cif,91.273384,-42.404453
xtal_3.cif,./U3Si5/124/xtal_3.cif,-43.462936,-2.5387723
xtal_30.cif,./U3Si5/124/xtal_30.cif,42.122303,1.0392745
xtal_31.cif,./U3Si5/__initial__/124/xtal_31.cif,105.75069,-5.257336
xtal_32.cif,./U3Si5/__initial__/124/xtal_32.cif,-44.017426,2.282947
xtal_33.cif,./U3Si5/__initial__/124/xtal_33.cif,83.07414,-47.398613
xtal_34.cif,./U3Si5/__initial__/124/xtal_34.cif,115.24357,7.4030027
xtal_35.cif,./U3Si5/__initial__/124/xtal_35.cif,19.845663,-65.43635
xtal_36.cif,./U3Si5/124/xtal_36.cif,47.72435,-74.749374
xtal_37.cif,./U3Si5/__initial__/124/xtal_37.cif,-41.30392,49.553627
xtal_38.cif,./U3Si5/__initial__/124/xtal_38.cif,116.467606,4.822975
xtal_39.cif,./U3Si5/__initial__/124/xtal_39.cif,78.01218,-37.074764
xtal_4.cif,./U3Si5/__initial__/124/xtal_4.cif,-97.93618,37.24254
xtal_40.cif,./U3Si5/__initial__/124/xtal_40.cif,86.29855,-35.4253
xtal_41.cif,./U3Si5/__initial__/124/xtal_41.cif,111.40694,2.4357622
xtal_42.cif,./U3Si5/__initial__/124/xtal_42.cif,29.793535,-43.019157
xtal_43.cif,./U3Si5/__initial__/124/xtal_43.cif,104.99897,-18.375557
xtal_44.cif,./U3Si5/__initial__/124/xtal_44.cif,-7.065576,15.154496
xtal_45.cif,./U3Si5/__initial__/124/xtal_45.cif,6.0573688,-61.668144
xtal_46.cif,./U3Si5/124/xtal_46.cif,74.9142,-79.05808
xtal_47.cif,./U3Si5/__initial__/124/xtal_47.cif,-16.408531,41.168907
xtal_48.cif,./U3Si5/124/xtal_48.cif,-19.219418,-66.95894
xtal_49.cif,./U3Si5/124/xtal_49.cif,109.490166,-7.7937393
xtal_5.cif,./U3Si5/__initial__/124/xtal_5.cif,-57.550213,27.41668
xtal_50.cif,./U3Si5/__initial__/124/xtal_50.cif,19.061071,-72.27888
xtal_51.cif,./U3Si5/124/xtal_51.cif,28.501015,-71.953705
xtal_52.cif,./U3Si5/__initial__/124/xtal_52.cif,116.59711,32.90295
xtal_53.cif,./U3Si5/124/xtal_53.cif,-62.34043,-53.825054
xtal_54.cif,./U3Si5/__initial__/124/xtal_54.cif,111.57048,2.4803996
xtal_55.cif,./U3Si5/__initial__/124/xtal_55.cif,4.068141,-62.442005
xtal_56.cif,./U3Si5/__initial__/124/xtal_56.cif,63.364162,-46.712025
xtal_57.cif,./U3Si5/124/xtal_57.cif,-22.824612,-3.2305803
xtal_58.cif,./U3Si5/124/xtal_58.cif,-70.08339,-22.224009
xtal_59.cif,./U3Si5/124/xtal_59.cif,-4.865386,-86.961075
xtal_6.cif,./U3Si5/__initial__/124/xtal_6.cif,-40.488873,39.521145
xtal_60.cif,./U3Si5/124/xtal_60.cif,-2.4391546,-85.72141
xtal_61.cif,./U3Si5/__initial__/124/xtal_61.cif,99.85433,-1.8537976
xtal_62.cif,./U3Si5/__initial__/124/xtal_62.cif,-19.79581,-36.67535
xtal_63.cif,./U3Si5/__initial__/124/xtal_63.cif,-47.779575,88.84611
xtal_64.cif,./U3Si5/__initial__/124/xtal_64.cif,54.680084,-67.34245
xtal_65.cif,./U3Si5/124/xtal_65.cif,-31.53254,46.35074
xtal_66.cif,./U3Si5/__initial__/124/xtal_66.cif,-21.910864,40.97558
xtal_67.cif,./U3Si5/__initial__/124/xtal_67.cif,62.640247,44.0004
xtal_68.cif,./U3Si5/__initial__/124/xtal_68.cif,110.21165,5.6310697
xtal_69.cif,./U3Si5/124/xtal_69.cif,27.07884,-71.45363
xtal_7.cif,./U3Si5/124/xtal_7.cif,-14.752118,-82.75704
xtal_70.cif,./U3Si5/__initial__/124/xtal_70.cif,88.960815,6.6984997
xtal_71.cif,./U3Si5/__initial__/124/xtal_71.cif,112.28114,17.412893
xtal_72.cif,./U3Si5/__initial__/124/xtal_72.cif,-9.705601,105.40937
xtal_73.cif,./U3Si5/__initial__/124/xtal_73.cif,107.57008,19.797623
xtal_74.cif,./U3Si5/124/xtal_74.cif,115.66543,8.078266
xtal_75.cif,./U3Si5/__initial__/124/xtal_75.cif,93.64364,-41.728348
xtal_76.cif,./U3Si5/__initial__/124/xtal_76.cif,-21.4714,14.945257
xtal_77.cif,./U3Si5/__initial__/124/xtal_77.cif,-6.319363,75.53898
xtal_78.cif,./U3Si5/124/xtal_78.cif,-81.42763,-28.14053
xtal_79.cif,./U3Si5/124/xtal_79.cif,-32.286392,-28.499043
xtal_8.cif,./U3Si5/__initial__/124/xtal_8.cif,-78.48851,-25.088905
xtal_80.cif,./U3Si5/__initial__/124/xtal_80.cif,-1.2542548,93.322044
xtal_81.cif,./U3Si5/__initial__/124/xtal_81.cif,-35.425316,-84.48333
xtal_82.cif,./U3Si5/__initial__/124/xtal_82.cif,74.8625,25.816174
xtal_83.cif,./U3Si5/124/xtal_83.cif,116.43258,4.7760544
xtal_84.cif,./U3Si5/__initial__/124/xtal_84.cif,-23.386076,18.079634
xtal_85.cif,./U3Si5/124/xtal_85.cif,-44.771397,29.006931
xtal_86.cif,./U3Si5/__initial__/124/xtal_86.cif,88.30368,0.6869779
xtal_87.cif,./U3Si5/__initial__/124/xtal_87.cif,-22.487362,11.279235
xtal_88.cif,./U3Si5/124/xtal_88.cif,34.974033,-46.2972
xtal_89.cif,./U3Si5/__initial__/124/xtal_89.cif,97.03383,-4.5597634
xtal_9.cif,./U3Si5/124/xtal_9.cif,117.40115,7.4684935
xtal_90.cif,./U3Si5/__initial__/124/xtal_90.cif,92.499306,-3.3959649
xtal_91.cif,./U3Si5/__initial__/124/xtal_91.cif,88.107895,45.67115
xtal_92.cif,./U3Si5/__initial__/124/xtal_92.cif,-51.139454,53.737755
xtal_93.cif,./U3Si5/__initial__/124/xtal_93.cif,-25.97928,-68.18998
xtal_94.cif,./U3Si5/124/xtal_94.cif,-59.051537,46.68684
xtal_95.cif,./U3Si5/124/xtal_95.cif,47.462128,-72.60451
xtal_96.cif,./U3Si5/__initial__/124/xtal_96.cif,51.96368,23.797491
xtal_97.cif,./U3Si5/__initial__/124/xtal_97.cif,-21.037691,-3.8744183
xtal_98.cif,./U3Si5/__initial__/124/xtal_98.cif,61.792458,30.815191
xtal_99.cif,./U3Si5/124/xtal_99.cif,103.382675,-17.432695
xtal_1.cif,./U3Si5/125/xtal_1.cif,115.12397,27.47401
xtal_10.cif,./U3Si5/125/xtal_10.cif,-37.057533,13.778333
xtal_100.cif,./U3Si5/125/xtal_100.cif,110.2414,-0.9284292
xtal_11.cif,./U3Si5/125/xtal_11.cif,85.4549,38.299843
xtal_12.cif,./U3Si5/__initial__/125/xtal_12.cif,12.550892,64.463104
xtal_13.cif,./U3Si5/__initial__/125/xtal_13.cif,-1.6470959,17.179071
xtal_14.cif,./U3Si5/125/xtal_14.cif,73.34487,5.989058
xtal_15.cif,./U3Si5/125/xtal_15.cif,-86.162476,-14.396896
xtal_16.cif,./U3Si5/125/xtal_16.cif,63.10709,-47.755573
xtal_17.cif,./U3Si5/125/xtal_17.cif,87.4094,4.802288
xtal_18.cif,./U3Si5/125/xtal_18.cif,-31.457415,-23.787003
xtal_19.cif,./U3Si5/125/xtal_19.cif,-0.51547545,66.033005
xtal_2.cif,./U3Si5/125/xtal_2.cif,118.86743,34.68652
xtal_20.cif,./U3Si5/125/xtal_20.cif,-0.9782328,103.692924
xtal_21.cif,./U3Si5/125/xtal_21.cif,74.979965,-6.858353
xtal_22.cif,./U3Si5/__initial__/125/xtal_22.cif,114.58515,36.250763
xtal_23.cif,./U3Si5/125/xtal_23.cif,92.22705,19.006199
xtal_24.cif,./U3Si5/125/xtal_24.cif,-25.539904,-45.38619
xtal_25.cif,./U3Si5/125/xtal_25.cif,-9.47725,-64.36463
xtal_26.cif,./U3Si5/125/xtal_26.cif,-75.77941,-51.997143
xtal_27.cif,./U3Si5/__initial__/125/xtal_27.cif,94.38214,70.0335
xtal_28.cif,./U3Si5/125/xtal_28.cif,68.51617,-40.052456
xtal_29.cif,./U3Si5/125/xtal_29.cif,79.60385,50.362774
xtal_3.cif,./U3Si5/125/xtal_3.cif,104.85669,-35.175026
xtal_30.cif,./U3Si5/125/xtal_30.cif,87.05902,60.3682
xtal_31.cif,./U3Si5/125/xtal_31.cif,-23.114704,-39.338444
xtal_32.cif,./U3Si5/125/xtal_32.cif,74.77376,26.891306
xtal_33.cif,./U3Si5/__initial__/125/xtal_33.cif,93.65819,73.46334
xtal_34.cif,./U3Si5/125/xtal_34.cif,36.33822,-81.24134
xtal_35.cif,./U3Si5/125/xtal_35.cif,109.053314,-16.834286
xtal_36.cif,./U3Si5/125/xtal_36.cif,65.76722,-38.716476
xtal_37.cif,./U3Si5/125/xtal_37.cif,-44.255466,78.92188
xtal_38.cif,./U3Si5/125/xtal_38.cif,94.12771,68.9322
xtal_39.cif,./U3Si5/125/xtal_39.cif,-69.311966,39.424118
xtal_4.cif,./U3Si5/125/xtal_4.cif,94.32119,49.10272
xtal_40.cif,./U3Si5/125/xtal_40.cif,70.126434,9.917802
xtal_41.cif,./U3Si5/125/xtal_41.cif,86.376656,27.170603
xtal_42.cif,./U3Si5/__initial__/125/xtal_42.cif,90.5644,11.899855
xtal_43.cif,./U3Si5/125/xtal_43.cif,75.76252,-4.503081
xtal_44.cif,./U3Si5/125/xtal_44.cif,68.178185,-21.301575
xtal_45.cif,./U3Si5/__initial__/125/xtal_45.cif,95.19728,12.608529
xtal_46.cif,./U3Si5/125/xtal_46.cif,61.428223,-28.657255
xtal_47.cif,./U3Si5/125/xtal_47.cif,80.26948,4.4290195
xtal_48.cif,./U3Si5/125/xtal_48.cif,100.95766,16.939388
xtal_49.cif,./U3Si5/125/xtal_49.cif,87.66417,44.33056
xtal_5.cif,./U3Si5/125/xtal_5.cif,71.7328,-30.896267
xtal_50.cif,./U3Si5/125/xtal_50.cif,-25.900679,50.479908
xtal_51.cif,./U3Si5/125/xtal_51.cif,83.67352,45.550083
xtal_52.cif,./U3Si5/125/xtal_52.cif,61.5144,24.237888
xtal_53.cif,./U3Si5/125/xtal_53.cif,57.26223,-10.499301
xtal_54.cif,./U3Si5/125/xtal_54.cif,50.819748,14.859003
xtal_55.cif,./U3Si5/125/xtal_55.cif,24.82902,-49.299152
xtal_56.cif,./U3Si5/125/xtal_56.cif,17.54095,-52.76013
xtal_57.cif,./U3Si5/125/xtal_57.cif,85.67643,-74.696205
xtal_58.cif,./U3Si5/125/xtal_58.cif,65.311844,23.320257
xtal_59.cif,./U3Si5/125/xtal_59.cif,64.06733,14.328462
xtal_6.cif,./U3Si5/125/xtal_6.cif,47.943825,-74.87978
xtal_60.cif,./U3Si5/125/xtal_60.cif,30.974743,-46.07554
xtal_61.cif,./U3Si5/125/xtal_61.cif,11.2884,66.072914
xtal_62.cif,./U3Si5/125/xtal_62.cif,-35.365746,80.24794
xtal_63.cif,./U3Si5/125/xtal_63.cif,-104.37962,-10.204387
xtal_64.cif,./U3Si5/125/xtal_64.cif,93.60029,68.70084
xtal_65.cif,./U3Si5/125/xtal_65.cif,80.445305,13.081505
xtal_66.cif,./U3Si5/125/xtal_66.cif,81.34594,-55.152027
xtal_67.cif,./U3Si5/__initial__/125/xtal_67.cif,45.641632,11.71149
xtal_68.cif,./U3Si5/125/xtal_68.cif,-17.650732,48.721657
xtal_69.cif,./U3Si5/125/xtal_69.cif,79.81666,50.624954
xtal_7.cif,./U3Si5/125/xtal_7.cif,-6.0679154,66.053375
xtal_70.cif,./U3Si5/125/xtal_70.cif,-66.748825,-71.3967
xtal_71.cif,./U3Si5/125/xtal_71.cif,-28.045107,15.376567
xtal_72.cif,./U3Si5/125/xtal_72.cif,110.967674,27.772556
xtal_73.cif,./U3Si5/125/xtal_73.cif,-2.6103256,-84.53651
xtal_74.cif,./U3Si5/125/xtal_74.cif,88.99637,55.0888
xtal_75.cif,./U3Si5/125/xtal_75.cif,-97.53377,5.9051733
xtal_76.cif,./U3Si5/125/xtal_76.cif,110.79007,-2.0083807
xtal_77.cif,./U3Si5/125/xtal_77.cif,89.08527,68.40612
xtal_78.cif,./U3Si5/125/xtal_78.cif,65.3496,-61.108837
xtal_79.cif,./U3Si5/125/xtal_79.cif,111.47771,-7.697468
xtal_8.cif,./U3Si5/125/xtal_8.cif,-74.980484,-58.37179
xtal_80.cif,./U3Si5/125/xtal_80.cif,-31.151958,53.321
xtal_81.cif,./U3Si5/125/xtal_81.cif,46.31279,-44.011024
xtal_82.cif,./U3Si5/125/xtal_82.cif,111.35501,28.6831
xtal_83.cif,./U3Si5/125/xtal_83.cif,115.22388,25.062765
xtal_84.cif,./U3Si5/125/xtal_84.cif,71.52574,-41.824566
xtal_85.cif,./U3Si5/__initial__/125/xtal_85.cif,97.26806,63.34184
xtal_86.cif,./U3Si5/125/xtal_86.cif,74.87171,27.442009
xtal_87.cif,./U3Si5/125/xtal_87.cif,85.79612,25.93488
xtal_88.cif,./U3Si5/125/xtal_88.cif,96.888824,28.311638
xtal_89.cif,./U3Si5/125/xtal_89.cif,-88.183044,51.014523
xtal_9.cif,./U3Si5/__initial__/125/xtal_9.cif,97.72906,63.106575
xtal_90.cif,./U3Si5/__initial__/125/xtal_90.cif,88.12622,69.364655
xtal_91.cif,./U3Si5/125/xtal_91.cif,0.9228434,-56.233932
xtal_92.cif,./U3Si5/__initial__/125/xtal_92.cif,81.18247,62.00862
xtal_93.cif,./U3Si5/125/xtal_93.cif,93.12139,9.842166
xtal_94.cif,./U3Si5/125/xtal_94.cif,109.08163,-14.368923
xtal_95.cif,./U3Si5/__initial__/125/xtal_95.cif,90.50248,70.81288
xtal_96.cif,./U3Si5/125/xtal_96.cif,52.66425,-53.55891
xtal_97.cif,./U3Si5/125/xtal_97.cif,95.60435,15.029855
xtal_98.cif,./U3Si5/125/xtal_98.cif,118.86319,34.723724
xtal_99.cif,./U3Si5/125/xtal_99.cif,-5.185934,16.677422
xtal_1.cif,./U3Si5/__initial__/126/xtal_1.cif,90.53736,41.865005
xtal_10.cif,./U3Si5/__initial__/126/xtal_10.cif,88.579666,46.61475
xtal_100.cif,./U3Si5/126/xtal_100.cif,102.92746,-18.847546
xtal_11.cif,./U3Si5/__initial__/126/xtal_11.cif,-43.150677,86.615364
xtal_12.cif,./U3Si5/__initial__/126/xtal_12.cif,81.55173,31.171852
xtal_13.cif,./U3Si5/__initial__/126/xtal_13.cif,1.5016887,95.43412
xtal_14.cif,./U3Si5/__initial__/126/xtal_14.cif,68.349304,16.43192
xtal_15.cif,./U3Si5/126/xtal_15.cif,-0.99211675,-51.81864
xtal_16.cif,./U3Si5/__initial__/126/xtal_16.cif,94.09963,-36.054283
xtal_17.cif,./U3Si5/126/xtal_17.cif,62.73848,-69.50271
xtal_18.cif,./U3Si5/126/xtal_18.cif,-71.23982,-19.410904
xtal_19.cif,./U3Si5/__initial__/126/xtal_19.cif,92.2895,60.616825
xtal_2.cif,./U3Si5/__initial__/126/xtal_2.cif,-62.455208,31.99674
xtal_20.cif,./U3Si5/126/xtal_20.cif,88.05651,-37.87452
xtal_21.cif,./U3Si5/__initial__/126/xtal_21.cif,38.63584,-59.87692
xtal_22.cif,./U3Si5/__initial__/126/xtal_22.cif,115.68486,29.363377
xtal_23.cif,./U3Si5/126/xtal_23.cif,65.151474,13.550428
xtal_24.cif,./U3Si5/126/xtal_24.cif,42.839443,-92.51666
xtal_25.cif,./U3Si5/126/xtal_25.cif,114.26555,16.315964
xtal_26.cif,./U3Si5/__initial__/126/xtal_26.cif,55.56288,-38.293552
xtal_27.cif,./U3Si5/__initial__/126/xtal_27.cif,0.9802428,61.846313
xtal_28.cif,./U3Si5/126/xtal_28.cif,-72.85609,-59.969536
xtal_29.cif,./U3Si5/__initial__/126/xtal_29.cif,-51.23839,23.67102
xtal_3.cif,./U3Si5/__initial__/126/xtal_3.cif,99.354965,50.988827
xtal_30.cif,./U3Si5/__initial__/126/xtal_30.cif,92.90949,-30.265354
xtal_31.cif,./U3Si5/__initial__/126/xtal_31.cif,4.411079,99.766594
xtal_32.cif,./U3Si5/__initial__/126/xtal_32.cif,93.53837,67.99777
xtal_33.cif,./U3Si5/__initial__/126/xtal_33.cif,107.428215,37.868332
xtal_34.cif,./U3Si5/126/xtal_34.cif,-29.955427,-47.373367
xtal_35.cif,./U3Si5/126/xtal_35.cif,61.22566,-82.69398
xtal_36.cif,./U3Si5/__initial__/126/xtal_36.cif,-7.556851,60.51223
xtal_37.cif,./U3Si5/126/xtal_37.cif,63.5388,-50.607433
xtal_38.cif,./U3Si5/126/xtal_38.cif,-53.423115,57.431725
xtal_39.cif,./U3Si5/__initial__/126/xtal_39.cif,83.13916,22.772375
xtal_4.cif,./U3Si5/126/xtal_4.cif,45.518806,4.1330166
xtal_40.cif,./U3Si5/126/xtal_40.cif,67.23085,-41.333115
xtal_41.cif,./U3Si5/__initial__/126/xtal_41.cif,78.112,-6.7118587
xtal_42.cif,./U3Si5/__initial__/126/xtal_42.cif,-25.83617,17.028713
xtal_43.cif,./U3Si5/126/xtal_43.cif,-49.896866,-67.71189
xtal_44.cif,./U3Si5/126/xtal_44.cif,45.79536,-59.461174
xtal_45.cif,./U3Si5/__initial__/126/xtal_45.cif,-26.858475,52.70501
xtal_46.cif,./U3Si5/__initial__/126/xtal_46.cif,85.9011,2.0712001
xtal_47.cif,./U3Si5/__initial__/126/xtal_47.cif,106.73793,-9.330473
xtal_48.cif,./U3Si5/126/xtal_48.cif,-24.760466,-49.17133
xtal_49.cif,./U3Si5/__initial__/126/xtal_49.cif,-13.037763,40.911877
xtal_5.cif,./U3Si5/126/xtal_5.cif,-32.17087,-51.079224
xtal_50.cif,./U3Si5/__initial__/126/xtal_50.cif,-21.178986,-63.42692
xtal_51.cif,./U3Si5/__initial__/126/xtal_51.cif,83.046165,-75.717995
xtal_52.cif,./U3Si5/126/xtal_52.cif,-96.348335,-44.419003
xtal_53.cif,./U3Si5/126/xtal_53.cif,-71.81605,-42.50316
xtal_54.cif,./U3Si5/__initial__/126/xtal_54.cif,-90.55455,46.532703
xtal_55.cif,./U3Si5/126/xtal_55.cif,106.745995,-9.120055
xtal_56.cif,./U3Si5/126/xtal_56.cif,45.752445,-94.306984
xtal_57.cif,./U3Si5/__initial__/126/xtal_57.cif,-117.646904,23.831324
xtal_58.cif,./U3Si5/__initial__/126/xtal_58.cif,35.710014,-18.014547
xtal_59.cif,./U3Si5/126/xtal_59.cif,-77.58136,85.54383
xtal_6.cif,./U3Si5/__initial__/126/xtal_6.cif,-115.81182,9.571336
xtal_60.cif,./U3Si5/126/xtal_60.cif,96.35389,-46.225212
xtal_61.cif,./U3Si5/126/xtal_61.cif,-85.95728,-57.446728
xtal_62.cif,./U3Si5/126/xtal_62.cif,57.4954,-73.98852
xtal_63.cif,./U3Si5/126/xtal_63.cif,70.065704,-53.240425
xtal_64.cif,./U3Si5/__initial__/126/xtal_64.cif,96.8749,52.046257
xtal_65.cif,./U3Si5/__initial__/126/xtal_65.cif,-38.592907,31.380281
xtal_66.cif,./U3Si5/__initial__/126/xtal_66.cif,38.62007,-1.1582417
xtal_67.cif,./U3Si5/126/xtal_67.cif,90.303505,-24.620846
xtal_68.cif,./U3Si5/126/xtal_68.cif,63.653255,-46.01992
xtal_69.cif,./U3Si5/__initial__/126/xtal_69.cif,114.10998,16.48739
xtal_7.cif,./U3Si5/__initial__/126/xtal_7.cif,88.80492,10.433202
xtal_70.cif,./U3Si5/__initial__/126/xtal_70.cif,100.43089,21.230272
xtal_71.cif,./U3Si5/126/xtal_71.cif,-25.879269,-28.916502
xtal_72.cif,./U3Si5/126/xtal_72.cif,104.92291,-40.062023
xtal_73.cif,./U3Si5/__initial__/126/xtal_73.cif,10.635198,98.28295
xtal_74.cif,./U3Si5/126/xtal_74.cif,-85.75804,-15.098464
xtal_75.cif,./U3Si5/126/xtal_75.cif,90.70608,-44.311222
xtal_76.cif,./U3Si5/126/xtal_76.cif,-18.085573,-94.12667
xtal_77.cif,./U3Si5/126/xtal_77.cif,-7.9878726,-84.77316
xtal_78.cif,./U3Si5/126/xtal_78.cif,63.143417,-48.100475
xtal_79.cif,./U3Si5/126/xtal_79.cif,-114.73051,37.693314
xtal_8.cif,./U3Si5/__initial__/126/xtal_8.cif,-17.426344,57.741188
xtal_80.cif,./U3Si5/__initial__/126/xtal_80.cif,113.26106,29.74524
xtal_81.cif,./U3Si5/__initial__/126/xtal_81.cif,-5.684571,66.87602
xtal_82.cif,./U3Si5/__initial__/126/xtal_82.cif,-54.67097,-0.2098017
xtal_83.cif,./U3Si5/__initial__/126/xtal_83.cif,-48.515858,98.047676
xtal_84.cif,./U3Si5/__initial__/126/xtal_84.cif,-11.015747,-63.977745
xtal_85.cif,./U3Si5/__initial__/126/xtal_85.cif,90.64703,2.4304929
xtal_86.cif,./U3Si5/126/xtal_86.cif,-98.297386,5.425742
xtal_87.cif,./U3Si5/126/xtal_87.cif,96.65357,-44.67917
xtal_88.cif,./U3Si5/126/xtal_88.cif,83.17801,-47.470787
xtal_89.cif,./U3Si5/126/xtal_89.cif,-69.263214,-73.42603
xtal_9.cif,./U3Si5/126/xtal_9.cif,-84.987915,56.905643
xtal_90.cif,./U3Si5/__initial__/126/xtal_90.cif,101.637764,-16.989634
xtal_91.cif,./U3Si5/126/xtal_91.cif,-29.814348,-27.48378
xtal_92.cif,./U3Si5/__initial__/126/xtal_92.cif,112.08662,16.646751
xtal_93.cif,./U3Si5/126/xtal_93.cif,-7.434451,-73.97994
xtal_94.cif,./U3Si5/126/xtal_94.cif,115.21182,25.105467
xtal_95.cif,./U3Si5/__initial__/126/xtal_95.cif,-17.746723,91.757774
xtal_96.cif,./U3Si5/__initial__/126/xtal_96.cif,-74.28994,-47.50346
xtal_97.cif,./U3Si5/__initial__/126/xtal_97.cif,91.44299,-2.6628635
xtal_98.cif,./U3Si5/126/xtal_98.cif,115.906456,9.202628
xtal_99.cif,./U3Si5/126/xtal_99.cif,-29.941708,-48.546177
xtal_1.cif,./U3Si5/127/xtal_1.cif,-67.27249,-43.905144
xtal_10.cif,./U3Si5/__initial__/127/xtal_10.cif,106.30362,-13.742096
xtal_100.cif,./U3Si5/__initial__/127/xtal_100.cif,-51.399666,44.762054
xtal_11.cif,./U3Si5/__initial__/127/xtal_11.cif,-60.275635,59.35771
xtal_12.cif,./U3Si5/127/xtal_12.cif,-14.864316,-48.40278
xtal_13.cif,./U3Si5/__initial__/127/xtal_13.cif,68.14559,15.794165
xtal_14.cif,./U3Si5/127/xtal_14.cif,20.853325,-54.894394
xtal_15.cif,./U3Si5/127/xtal_15.cif,5.9837885,-94.01345
xtal_16.cif,./U3Si5/127/xtal_16.cif,82.29507,-41.37811
xtal_17.cif,./U3Si5/127/xtal_17.cif,-9.242255,-66.06552
xtal_18.cif,./U3Si5/127/xtal_18.cif,-17.840899,-90.16071
xtal_19.cif,./U3Si5/__initial__/127/xtal_19.cif,98.07235,61.225166
xtal_2.cif,./U3Si5/__initial__/127/xtal_2.cif,11.947666,62.711483
xtal_20.cif,./U3Si5/__initial__/127/xtal_20.cif,88.89813,10.944714
xtal_21.cif,./U3Si5/127/xtal_21.cif,89.10599,-62.141567
xtal_22.cif,./U3Si5/127/xtal_22.cif,45.265686,-2.8442624
xtal_23.cif,./U3Si5/127/xtal_23.cif,109.81825,-15.231776
xtal_24.cif,./U3Si5/__initial__/127/xtal_24.cif,71.540054,-6.476034
xtal_25.cif,./U3Si5/127/xtal_25.cif,97.713,-45.62064
xtal_26.cif,./U3Si5/__initial__/127/xtal_26.cif,71.836464,37.34501
xtal_27.cif,./U3Si5/127/xtal_27.cif,-17.08092,-93.31467
xtal_28.cif,./U3Si5/__initial__/127/xtal_28.cif,110.88383,36.171864
xtal_29.cif,./U3Si5/__initial__/127/xtal_29.cif,98.74245,54.124535
xtal_3.cif,./U3Si5/__initial__/127/xtal_3.cif,108.963234,7.471462
xtal_30.cif,./U3Si5/__initial__/127/xtal_30.cif,77.551926,16.532072
xtal_31.cif,./U3Si5/__initial__/127/xtal_31.cif,107.4127,37.76349
xtal_32.cif,./U3Si5/__initial__/127/xtal_32.cif,67.46837,-48.828648
xtal_33.cif,./U3Si5/__initial__/127/xtal_33.cif,82.03653,59.0878
xtal_34.cif,./U3Si5/127/xtal_34.cif,-83.15817,55.717945
xtal_35.cif,./U3Si5/__initial__/127/xtal_35.cif,-18.187897,69.96159
xtal_36.cif,./U3Si5/__initial__/127/xtal_36.cif,62.729145,20.651724
xtal_37.cif,./U3Si5/127/xtal_37.cif,-41.50985,-27.242147
xtal_38.cif,./U3Si5/__initial__/127/xtal_38.cif,-63.974266,61.51382
xtal_39.cif,./U3Si5/__initial__/127/xtal_39.cif,-28.54621,89.51428
xtal_4.cif,./U3Si5/127/xtal_4.cif,51.83505,-6.2075653
xtal_40.cif,./U3Si5/__initial__/127/xtal_40.cif,96.01838,10.607026
xtal_41.cif,./U3Si5/127/xtal_41.cif,98.0519,-17.801947
xtal_42.cif,./U3Si5/__initial__/127/xtal_42.cif,-51.922283,52.012093
xtal_43.cif,./U3Si5/127/xtal_43.cif,51.472195,-31.251242
xtal_44.cif,./U3Si5/127/xtal_44.cif,93.30956,-39.881626
xtal_45.cif,./U3Si5/127/xtal_45.cif,95.01864,-39.16046
xtal_46.cif,./U3Si5/__initial__/127/xtal_46.cif,-30.97659,2.8784428
xtal_47.cif,./U3Si5/127/xtal_47.cif,-49.772923,-61.391582
xtal_48.cif,./U3Si5/127/xtal_48.cif,-19.985435,-70.28833
xtal_49.cif,./U3Si5/__initial__/127/xtal_49.cif,62.199905,16.909355
xtal_5.cif,./U3Si5/__initial__/127/xtal_5.cif,40.684914,3.8819396
xtal_50.cif,./U3Si5/__initial__/127/xtal_50.cif,64.9388,47.797203
xtal_51.cif,./U3Si5/127/xtal_51.cif,-25.161303,-29.957516
xtal_52.cif,./U3Si5/__initial__/127/xtal_52.cif,31.667833,-13.710811
xtal_53.cif,./U3Si5/127/xtal_53.cif,-24.97207,46.542713
xtal_54.cif,./U3Si5/__initial__/127/xtal_54.cif,41.991287,0.084622845
xtal_55.cif,./U3Si5/__initial__/127/xtal_55.cif,34.730724,-26.842972
xtal_56.cif,./U3Si5/127/xtal_56.cif,-52.442345,-13.326555
xtal_57.cif,./U3Si5/__initial__/127/xtal_57.cif,90.06884,57.32635
xtal_58.cif,./U3Si5/__initial__/127/xtal_58.cif,94.75104,70.118866
xtal_59.cif,./U3Si5/__initial__/127/xtal_59.cif,110.15068,36.753742
xtal_6.cif,./U3Si5/127/xtal_6.cif,81.77719,-54.45053
xtal_60.cif,./U3Si5/127/xtal_60.cif,-46.705082,-61.851982
xtal_61.cif,./U3Si5/127/xtal_61.cif,-31.809381,-44.113686
xtal_62.cif,./U3Si5/127/xtal_62.cif,68.8561,-45.373684
xtal_63.cif,./U3Si5/127/xtal_63.cif,81.15134,-45.47355
xtal_64.cif,./U3Si5/__initial__/127/xtal_64.cif,99.84242,-27.253704
xtal_65.cif,./U3Si5/127/xtal_65.cif,64.18336,-18.756319
xtal_66.cif,./U3Si5/__initial__/127/xtal_66.cif,66.73476,56.62544
xtal_67.cif,./U3Si5/127/xtal_67.cif,-59.626534,33.06007
xtal_68.cif,./U3Si5/127/xtal_68.cif,-64.45199,45.725094
xtal_69.cif,./U3Si5/__initial__/127/xtal_69.cif,44.112583,17.377943
xtal_7.cif,./U3Si5/__initial__/127/xtal_7.cif,75.45873,-3.794827
xtal_70.cif,./U3Si5/127/xtal_70.cif,54.62291,-8.915448
xtal_71.cif,./U3Si5/127/xtal_71.cif,-9.986623,-69.94674
xtal_72.cif,./U3Si5/__initial__/127/xtal_72.cif,52.603344,-2.2372785
xtal_73.cif,./U3Si5/127/xtal_73.cif,76.818726,-76.705284
xtal_74.cif,./U3Si5/127/xtal_74.cif,77.41089,-67.52145
xtal_75.cif,./U3Si5/127/xtal_75.cif,1.7086788,-62.73432
xtal_76.cif,./U3Si5/127/xtal_76.cif,55.464733,22.634375
xtal_77.cif,./U3Si5/__initial__/127/xtal_77.cif,67.69052,46.335617
xtal_78.cif,./U3Si5/__initial__/127/xtal_78.cif,69.18268,-50.156975
xtal_79.cif,./U3Si5/__initial__/127/xtal_79.cif,9.336194,81.86896
xtal_8.cif,./U3Si5/__initial__/127/xtal_8.cif,-70.64527,-63.58093
xtal_80.cif,./U3Si5/127/xtal_80.cif,46.85831,-41.72856
xtal_81.cif,./U3Si5/__initial__/127/xtal_81.cif,11.529023,80.39425
xtal_82.cif,./U3Si5/127/xtal_82.cif,57.108185,-10.614061
xtal_83.cif,./U3Si5/127/xtal_83.cif,44.14303,-81.12715
xtal_84.cif,./U3Si5/__initial__/127/xtal_84.cif,80.77065,61.27884
xtal_85.cif,./U3Si5/__initial__/127/xtal_85.cif,50.29306,19.742325
xtal_86.cif,./U3Si5/127/xtal_86.cif,78.742516,-75.11684
xtal_87.cif,./U3Si5/__initial__/127/xtal_87.cif,58.958836,39.39222
xtal_88.cif,./U3Si5/__initial__/127/xtal_88.cif,89.39188,56.288506
xtal_89.cif,./U3Si5/__initial__/127/xtal_89.cif,34.358814,-32.594387
xtal_9.cif,./U3Si5/127/xtal_9.cif,-42.985344,-6.1350284
xtal_90.cif,./U3Si5/__initial__/127/xtal_90.cif,110.477936,36.494926
xtal_91.cif,./U3Si5/127/xtal_91.cif,22.47145,-76.04185
xtal_92.cif,./U3Si5/__initial__/127/xtal_92.cif,49.666344,8.599077
xtal_93.cif,./U3Si5/__initial__/127/xtal_93.cif,11.145923,66.22877
xtal_94.cif,./U3Si5/__initial__/127/xtal_94.cif,12.08798,82.8314
xtal_95.cif,./U3Si5/__initial__/127/xtal_95.cif,92.11032,70.68086
xtal_96.cif,./U3Si5/__initial__/127/xtal_96.cif,79.55727,48.46805
xtal_97.cif,./U3Si5/__initial__/127/xtal_97.cif,93.988686,-7.142817
xtal_98.cif,./U3Si5/__initial__/127/xtal_98.cif,98.283585,25.311226
xtal_99.cif,./U3Si5/127/xtal_99.cif,-8.345475,-76.64609
xtal_1.cif,./U3Si5/128/xtal_1.cif,-23.786087,-56.725285
xtal_10.cif,./U3Si5/128/xtal_10.cif,-93.424286,-3.2821095
xtal_100.cif,./U3Si5/128/xtal_100.cif,-117.29019,26.198486
xtal_11.cif,./U3Si5/__initial__/128/xtal_11.cif,108.522736,37.785275
xtal_12.cif,./U3Si5/128/xtal_12.cif,-40.325573,2.6420934
xtal_13.cif,./U3Si5/128/xtal_13.cif,-6.9163184,-65.8167
xtal_14.cif,./U3Si5/128/xtal_14.cif,46.23831,-76.992455
xtal_15.cif,./U3Si5/128/xtal_15.cif,9.518601,61.28018
xtal_16.cif,./U3Si5/128/xtal_16.cif,-18.202778,-88.551384
xtal_17.cif,./U3Si5/128/xtal_17.cif,-66.362015,-49.105824
xtal_18.cif,./U3Si5/128/xtal_18.cif,-90.71813,-34.073757
xtal_19.cif,./U3Si5/__initial__/128/xtal_19.cif,7.2204905,98.99724
xtal_2.cif,./U3Si5/128/xtal_2.cif,-30.01266,-1.6640908
xtal_20.cif,./U3Si5/128/xtal_20.cif,97.90618,-28.087297
xtal_21.cif,./U3Si5/128/xtal_21.cif,116.462105,4.4501224
xtal_22.cif,./U3Si5/128/xtal_22.cif,-5.9341726,-78.79319
xtal_23.cif,./U3Si5/128/xtal_23.cif,104.69955,13.182159
xtal_24.cif,./U3Si5/128/xtal_24.cif,90.41651,0.2922696
xtal_25.cif,./U3Si5/128/xtal_25.cif,-14.874542,66.18238
xtal_26.cif,./U3Si5/128/xtal_26.cif,88.165855,-36.443695
xtal_27.cif,./U3Si5/128/xtal_27.cif,55.977863,-69.785034
xtal_28.cif,./U3Si5/128/xtal_28.cif,-13.781092,101.92844
xtal_29.cif,./U3Si5/128/xtal_29.cif,-31.987625,-28.45961
xtal_3.cif,./U3Si5/128/xtal_3.cif,-68.10911,79.50828
xtal_30.cif,./U3Si5/128/xtal_30.cif,44.542503,-72.11391
xtal_31.cif,./U3Si5/128/xtal_31.cif,-46.129894,-4.2037325
xtal_32.cif,./U3Si5/128/xtal_32.cif,90.79215,-3.1755788
xtal_33.cif,./U3Si5/128/xtal_33.cif,-89.25547,37.92886
xtal_34.cif,./U3Si5/128/xtal_34.cif,-42.705013,21.849348
xtal_35.cif,./U3Si5/__initial__/128/xtal_35.cif,108.58673,37.72648
xtal_36.cif,./U3Si5/128/xtal_36.cif,89.05769,54.038254
xtal_37.cif,./U3Si5/128/xtal_37.cif,-98.63039,27.5575
xtal_38.cif,./U3Si5/128/xtal_38.cif,-51.740997,8.092149
xtal_39.cif,./U3Si5/128/xtal_39.cif,67.92818,15.156652
xtal_4.cif,./U3Si5/128/xtal_4.cif,49.729877,17.70578
xtal_40.cif,./U3Si5/128/xtal_40.cif,47.471565,-60.226437
xtal_41.cif,./U3Si5/128/xtal_41.cif,45.932518,-80.88396
xtal_42.cif,./U3Si5/128/xtal_42.cif,7.025802,-73.641945
xtal_43.cif,./U3Si5/128/xtal_43.cif,-26.927332,11.584546
xtal_44.cif,./U3Si5/__initial__/128/xtal_44.cif,100.26101,20.220436
xtal_45.cif,./U3Si5/128/xtal_45.cif,-23.843187,2.874419
xtal_46.cif,./U3Si5/128/xtal_46.cif,-40.01793,81.036514
xtal_47.cif,./U3Si5/__initial__/128/xtal_47.cif,8.651228,109.74429
xtal_48.cif,./U3Si5/__initial__/128/xtal_48.cif,-37.312923,-3.8559937
xtal_49.cif,./U3Si5/__initial__/128/xtal_49.cif,93.86617,63.256817
xtal_5.cif,./U3Si5/128/xtal_5.cif,53.654232,-21.9577
xtal_50.cif,./U3Si5/128/xtal_50.cif,70.04219,21.55773
xtal_51.cif,./U3Si5/128/xtal_51.cif,-63.084053,-66.80373
xtal_52.cif,./U3Si5/128/xtal_52.cif,115.698814,28.428446
xtal_53.cif,./U3Si5/128/xtal_53.cif,-67.83023,41.87965
xtal_54.cif,./U3Si5/128/xtal_54.cif,-3.2787104,-43.480064
xtal_55.cif,./U3Si5/128/xtal_55.cif,-40.490765,24.195284
xtal_56.cif,./U3Si5/__initial__/128/xtal_56.cif,-43.493874,20.795923
xtal_57.cif,./U3Si5/128/xtal_57.cif,-8.954148,58.768494
xtal_58.cif,./U3Si5/128/xtal_58.cif,46.848717,-58.529705
xtal_59.cif,./U3Si5/128/xtal_59.cif,-31.186573,-58.54647
xtal_6.cif,./U3Si5/128/xtal_6.cif,91.47057,58.862904
xtal_60.cif,./U3Si5/128/xtal_60.cif,-54.76455,5.601936
xtal_61.cif,./U3Si5/128/xtal_61.cif,30.312931,-80.01052
xtal_62.cif,./U3Si5/128/xtal_62.cif,61.19549,-78.95357
xtal_63.cif,./U3Si5/128/xtal_63.cif,69.84552,34.42985
xtal_64.cif,./U3Si5/128/xtal_64.cif,-15.97015,42.492474
xtal_65.cif,./U3Si5/128/xtal_65.cif,-41.047188,-28.194323
xtal_66.cif,./U3Si5/128/xtal_66.cif,-44.375954,87.67575
xtal_67.cif,./U3Si5/128/xtal_67.cif,3.76307,-65.79988
xtal_68.cif,./U3Si5/128/xtal_68.cif,-29.513872,-38.78079
xtal_69.cif,./U3Si5/__initial__/128/xtal_69.cif,118.63202,34.4324
xtal_7.cif,./U3Si5/128/xtal_7.cif,89.05979,53.609688
xtal_70.cif,./U3Si5/__initial__/128/xtal_70.cif,88.10188,69.36986
xtal_71.cif,./U3Si5/128/xtal_71.cif,-33.800407,29.328688
xtal_72.cif,./U3Si5/128/xtal_72.cif,-55.2264,-68.07508
xtal_73.cif,./U3Si5/128/xtal_73.cif,21.53489,-68.75001
xtal_74.cif,./U3Si5/128/xtal_74.cif,105.630936,-4.1089373
xtal_75.cif,./U3Si5/__initial__/128/xtal_75.cif,102.00153,27.287878
xtal_76.cif,./U3Si5/128/xtal_76.cif,0.8408286,61.927284
xtal_77.cif,./U3Si5/128/xtal_77.cif,-28.245935,-4.216483
xtal_78.cif,./U3Si5/128/xtal_78.cif,-25.563154,-31.631754
xtal_79.cif,./U3Si5/__initial__/128/xtal_79.cif,-13.2831745,76.416565
xtal_8.cif,./U3Si5/128/xtal_8.cif,-7.572642,-83.96641
xtal_80.cif,./U3Si5/128/xtal_80.cif,103.04715,2.9319556
xtal_81.cif,./U3Si5/128/xtal_81.cif,52.70199,15.145826
xtal_82.cif,./U3Si5/128/xtal_82.cif,91.21454,-61.60992
xtal_83.cif,./U3Si5/128/xtal_83.cif,68.49493,20.393156
xtal_84.cif,./U3Si5/__initial__/128/xtal_84.cif,113.86928,28.16281
xtal_85.cif,./U3Si5/128/xtal_85.cif,-97.03491,19.75868
xtal_86.cif,./U3Si5/128/xtal_86.cif,-50.639107,52.801834
xtal_87.cif,./U3Si5/128/xtal_87.cif,7.5037756,67.510376
xtal_88.cif,./U3Si5/128/xtal_88.cif,55.3678,-74.29935
xtal_89.cif,./U3Si5/__initial__/128/xtal_89.cif,88.812485,49.11538
xtal_9.cif,./U3Si5/128/xtal_9.cif,98.41377,-3.2439444
xtal_90.cif,./U3Si5/128/xtal_90.cif,-67.95953,-29.470058
xtal_91.cif,./U3Si5/128/xtal_91.cif,103.81685,2.6958642
xtal_92.cif,./U3Si5/128/xtal_92.cif,97.264404,-29.766611
xtal_93.cif,./U3Si5/128/xtal_93.cif,115.82534,9.643787
xtal_94.cif,./U3Si5/128/xtal_94.cif,37.01132,-63.47024
xtal_95.cif,./U3Si5/128/xtal_95.cif,98.85324,-36.78925
xtal_96.cif,./U3Si5/128/xtal_96.cif,53.434315,-26.799269
xtal_97.cif,./U3Si5/128/xtal_97.cif,32.62027,-91.970535
xtal_98.cif,./U3Si5/128/xtal_98.cif,-59.279816,-53.883877
xtal_99.cif,./U3Si5/128/xtal_99.cif,-33.63958,90.155
xtal_1.cif,./U3Si5/129/xtal_1.cif,19.187862,-54.93022
xtal_10.cif,./U3Si5/__initial__/129/xtal_10.cif,-25.697462,82.7084
xtal_100.cif,./U3Si5/__initial__/129/xtal_100.cif,90.13384,-0.040297873
xtal_11.cif,./U3Si5/__initial__/129/xtal_11.cif,1.6711669,91.919945
xtal_12.cif,./U3Si5/129/xtal_12.cif,-17.447807,-93.755554
xtal_13.cif,./U3Si5/__initial__/129/xtal_13.cif,-14.421188,-60.656208
xtal_14.cif,./U3Si5/__initial__/129/xtal_14.cif,90.89089,-8.646923
xtal_15.cif,./U3Si5/__initial__/129/xtal_15.cif,-67.75414,-28.405487
xtal_16.cif,./U3Si5/129/xtal_16.cif,39.418118,0.97328365
xtal_17.cif,./U3Si5/129/xtal_17.cif,-22.727486,-53.119564
xtal_18.cif,./U3Si5/__initial__/129/xtal_18.cif,68.71953,-9.976475
xtal_19.cif,./U3Si5/__initial__/129/xtal_19.cif,-7.4065075,-56.388866
xtal_2.cif,./U3Si5/129/xtal_2.cif,-101.4856,19.666092
xtal_20.cif,./U3Si5/__initial__/129/xtal_20.cif,79.07056,46.289066
xtal_21.cif,./U3Si5/129/xtal_21.cif,-24.753548,-49.08867
xtal_22.cif,./U3Si5/__initial__/129/xtal_22.cif,33.23458,-25.104824
xtal_23.cif,./U3Si5/__initial__/129/xtal_23.cif,40.38723,7.9599576
xtal_24.cif,./U3Si5/__initial__/129/xtal_24.cif,64.78242,22.933718
xtal_25.cif,./U3Si5/__initial__/129/xtal_25.cif,110.91561,29.687403
xtal_26.cif,./U3Si5/129/xtal_26.cif,11.837485,-45.56346
xtal_27.cif,./U3Si5/129/xtal_27.cif,0.57189983,-63.53473
xtal_28.cif,./U3Si5/__initial__/129/xtal_28.cif,52.696003,10.592047
xtal_29.cif,./U3Si5/__initial__/129/xtal_29.cif,-20.070679,22.43025
xtal_3.cif,./U3Si5/__initial__/129/xtal_3.cif,70.93207,21.330564
xtal_30.cif,./U3Si5/129/xtal_30.cif,-55.17137,73.83417
xtal_31.cif,./U3Si5/129/xtal_31.cif,36.695152,78.17435
xtal_32.cif,./U3Si5/__initial__/129/xtal_32.cif,97.29863,-32.680054
xtal_33.cif,./U3Si5/129/xtal_33.cif,-5.973455,-68.9703
xtal_34.cif,./U3Si5/__initial__/129/xtal_34.cif,74.56001,10.862428
xtal_35.cif,./U3Si5/__initial__/129/xtal_35.cif,-50.0822,-2.7893243
xtal_36.cif,./U3Si5/129/xtal_36.cif,-35.466183,-75.04982
xtal_37.cif,./U3Si5/__initial__/129/xtal_37.cif,40.83086,16.232355
xtal_38.cif,./U3Si5/__initial__/129/xtal_38.cif,-42.111946,40.434464
xtal_39.cif,./U3Si5/__initial__/129/xtal_39.cif,40.078693,13.790129
xtal_4.cif,./U3Si5/__initial__/129/xtal_4.cif,-35.064213,-43.74727
xtal_40.cif,./U3Si5/129/xtal_40.cif,-59.214653,-49.614765
xtal_41.cif,./U3Si5/__initial__/129/xtal_41.cif,57.031067,-32.831055
xtal_42.cif,./U3Si5/__initial__/129/xtal_42.cif,-43.68162,14.37315
xtal_43.cif,./U3Si5/__initial__/129/xtal_43.cif,10.490272,58.14962
xtal_44.cif,./U3Si5/__initial__/129/xtal_44.cif,-42.676964,83.4143
xtal_45.cif,./U3Si5/__initial__/129/xtal_45.cif,-92.79236,9.60828
xtal_46.cif,./U3Si5/129/xtal_46.cif,49.762184,-74.55384
xtal_47.cif,./U3Si5/__initial__/129/xtal_47.cif,83.74123,-55.60799
xtal_48.cif,./U3Si5/__initial__/129/xtal_48.cif,104.78427,-36.361404
xtal_49.cif,./U3Si5/__initial__/129/xtal_49.cif,-58.286858,-10.4084215
xtal_5.cif,./U3Si5/129/xtal_5.cif,-26.168587,-31.24806
xtal_50.cif,./U3Si5/__initial__/129/xtal_50.cif,-44.932476,34.701515
xtal_51.cif,./U3Si5/129/xtal_51.cif,73.86873,-54.606853
xtal_52.cif,./U3Si5/129/xtal_52.cif,-37.62424,48.93961
xtal_53.cif,./U3Si5/129/xtal_53.cif,27.172495,-71.26526
xtal_54.cif,./U3Si5/__initial__/129/xtal_54.cif,-25.611238,102.887436
xtal_55.cif,./U3Si5/__initial__/129/xtal_55.cif,56.237206,40.91067
xtal_56.cif,./U3Si5/129/xtal_56.cif,84.36291,-65.14162
xtal_57.cif,./U3Si5/129/xtal_57.cif,-91.20167,4.5489984
xtal_58.cif,./U3Si5/129/xtal_58.cif,38.10358,-52.898167
xtal_59.cif,./U3Si5/129/xtal_59.cif,-27.820963,92.91532
xtal_6.cif,./U3Si5/__initial__/129/xtal_6.cif,93.50239,2.686621
xtal_60.cif,./U3Si5/__initial__/129/xtal_60.cif,11.438294,82.18698
xtal_61.cif,./U3Si5/__initial__/129/xtal_61.cif,-31.708757,53.30785
xtal_62.cif,./U3Si5/129/xtal_62.cif,-81.506714,-38.20093
xtal_63.cif,./U3Si5/__initial__/129/xtal_63.cif,95.27153,73.349655
xtal_64.cif,./U3Si5/__initial__/129/xtal_64.cif,66.06623,47.472393
xtal_65.cif,./U3Si5/129/xtal_65.cif,63.44242,-50.22769
xtal_66.cif,./U3Si5/__initial__/129/xtal_66.cif,49.671814,-2.3010025
xtal_67.cif,./U3Si5/129/xtal_67.cif,-93.50953,-2.6158118
xtal_68.cif,./U3Si5/__initial__/129/xtal_68.cif,12.075682,-58.220512
xtal_69.cif,./U3Si5/__initial__/129/xtal_69.cif,79.668076,48.138374
xtal_7.cif,./U3Si5/__initial__/129/xtal_7.cif,96.07182,47.21119
xtal_70.cif,./U3Si5/129/xtal_70.cif,64.04716,-67.89155
xtal_71.cif,./U3Si5/129/xtal_71.cif,-33.74555,-66.46112
xtal_72.cif,./U3Si5/129/xtal_72.cif,81.603386,-67.05624
xtal_73.cif,./U3Si5/__initial__/129/xtal_73.cif,66.85013,48.99976
xtal_74.cif,./U3Si5/__initial__/129/xtal_74.cif,56.505795,1.3576859
xtal_75.cif,./U3Si5/__initial__/129/xtal_75.cif,52.56278,-1.9953195
xtal_76.cif,./U3Si5/__initial__/129/xtal_76.cif,91.566986,-14.185795
xtal_77.cif,./U3Si5/129/xtal_77.cif,11.649803,-92.84594
xtal_78.cif,./U3Si5/__initial__/129/xtal_78.cif,42.05882,-15.987862
xtal_79.cif,./U3Si5/__initial__/129/xtal_79.cif,10.991363,91.386696
xtal_8.cif,./U3Si5/__initial__/129/xtal_8.cif,-18.292246,37.553394
xtal_80.cif,./U3Si5/__initial__/129/xtal_80.cif,-33.70488,-28.069595
xtal_81.cif,./U3Si5/__initial__/129/xtal_81.cif,10.87594,89.90158
xtal_82.cif,./U3Si5/129/xtal_82.cif,-60.37512,-41.206898
xtal_83.cif,./U3Si5/__initial__/129/xtal_83.cif,80.11971,-4.0795603
xtal_84.cif,./U3Si5/129/xtal_84.cif,-37.109344,-62.676186
xtal_85.cif,./U3Si5/__initial__/129/xtal_85.cif,41.79814,-85.90584
xtal_86.cif,./U3Si5/129/xtal_86.cif,69.92625,-47.630318
xtal_87.cif,./U3Si5/__initial__/129/xtal_87.cif,59.052265,-26.083298
xtal_88.cif,./U3Si5/__initial__/129/xtal_88.cif,3.9482846,-59.08084
xtal_89.cif,./U3Si5/129/xtal_89.cif,62.28808,-49.701023
xtal_9.cif,./U3Si5/__initial__/129/xtal_9.cif,81.223335,59.914814
xtal_90.cif,./U3Si5/__initial__/129/xtal_90.cif,10.877732,89.768845
xtal_91.cif,./U3Si5/__initial__/129/xtal_91.cif,-36.97394,79.77463
xtal_92.cif,./U3Si5/__initial__/129/xtal_92.cif,-26.406664,100.249695
xtal_93.cif,./U3Si5/129/xtal_93.cif,-29.928448,-40.90681
xtal_94.cif,./U3Si5/__initial__/129/xtal_94.cif,67.757,46.426487
xtal_95.cif,./U3Si5/__initial__/129/xtal_95.cif,109.18572,36.98439
xtal_96.cif,./U3Si5/129/xtal_96.cif,-84.58458,67.21907
xtal_97.cif,./U3Si5/__initial__/129/xtal_97.cif,3.2517319,87.52602
xtal_98.cif,./U3Si5/129/xtal_98.cif,-93.16176,9.93292
xtal_99.cif,./U3Si5/129/xtal_99.cif,-40.461395,-79.50081
xtal_1.cif,./U3Si5/__initial__/131/xtal_1.cif,53.955914,0.6420248
xtal_10.cif,./U3Si5/__initial__/131/xtal_10.cif,36.879623,-56.829002
xtal_100.cif,./U3Si5/__initial__/131/xtal_100.cif,81.07507,-45.08461
xtal_11.cif,./U3Si5/__initial__/131/xtal_11.cif,2.7785292,-56.815914
xtal_12.cif,./U3Si5/__initial__/131/xtal_12.cif,-2.243341,-45.30063
xtal_13.cif,./U3Si5/131/xtal_13.cif,18.128542,-44.70064
xtal_14.cif,./U3Si5/__initial__/131/xtal_14.cif,76.48425,-77.10638
xtal_15.cif,./U3Si5/131/xtal_15.cif,-23.749702,77.192764
xtal_16.cif,./U3Si5/__initial__/131/xtal_16.cif,67.815445,-75.70732
xtal_17.cif,./U3Si5/__initial__/131/xtal_17.cif,35.603733,-62.010548
xtal_18.cif,./U3Si5/__initial__/131/xtal_18.cif,44.664627,-50.29189
xtal_19.cif,./U3Si5/__initial__/131/xtal_19.cif,-43.490692,-30.224846
xtal_2.cif,./U3Si5/__initial__/131/xtal_2.cif,-45.516655,23.123812
xtal_20.cif,./U3Si5/__initial__/131/xtal_20.cif,-39.8009,-18.684372
xtal_21.cif,./U3Si5/__initial__/131/xtal_21.cif,-28.501904,-16.707607
xtal_22.cif,./U3Si5/__initial__/131/xtal_22.cif,-61.053776,-44.198776
xtal_23.cif,./U3Si5/__initial__/131/xtal_23.cif,-99.073555,1.3877002
xtal_24.cif,./U3Si5/__initial__/131/xtal_24.cif,-25.315529,-45.203953
xtal_25.cif,./U3Si5/__initial__/131/xtal_25.cif,-43.285088,41.320587
xtal_26.cif,./U3Si5/__initial__/131/xtal_26.cif,59.815662,-10.618009
xtal_27.cif,./U3Si5/__initial__/131/xtal_27.cif,40.558865,1.408195
xtal_28.cif,./U3Si5/__initial__/131/xtal_28.cif,96.711945,-54.02816
xtal_29.cif,./U3Si5/__initial__/131/xtal_29.cif,47.06305,-79.36292
xtal_3.cif,./U3Si5/__initial__/131/xtal_3.cif,60.756973,12.606253
xtal_30.cif,./U3Si5/__initial__/131/xtal_30.cif,-41.382797,11.147257
xtal_31.cif,./U3Si5/__initial__/131/xtal_31.cif,100.62999,-35.157745
xtal_32.cif,./U3Si5/__initial__/131/xtal_32.cif,-26.801628,12.445037
xtal_33.cif,./U3Si5/__initial__/131/xtal_33.cif,106.10529,-0.5431858
xtal_34.cif,./U3Si5/__initial__/131/xtal_34.cif,104.08257,-8.667523
xtal_35.cif,./U3Si5/__initial__/131/xtal_35.cif,96.395546,-25.957193
xtal_36.cif,./U3Si5/__initial__/131/xtal_36.cif,65.11838,-20.385193
xtal_37.cif,./U3Si5/__initial__/131/xtal_37.cif,93.339584,-56.677765
xtal_38.cif,./U3Si5/__initial__/131/xtal_38.cif,88.39683,26.663609
xtal_39.cif,./U3Si5/__initial__/131/xtal_39.cif,12.167287,59.52539
xtal_4.cif,./U3Si5/__initial__/131/xtal_4.cif,41.11583,-51.170044
xtal_40.cif,./U3Si5/__initial__/131/xtal_40.cif,-21.365871,0.9835093
xtal_41.cif,./U3Si5/__initial__/131/xtal_41.cif,52.342705,-5.019953
xtal_42.cif,./U3Si5/__initial__/131/xtal_42.cif,-14.638984,-50.40668
xtal_43.cif,./U3Si5/__initial__/131/xtal_43.cif,-18.692022,-54.142395
xtal_44.cif,./U3Si5/__initial__/131/xtal_44.cif,79.42138,51.34863
xtal_45.cif,./U3Si5/__initial__/131/xtal_45.cif,-8.991728,-65.12493
xtal_46.cif,./U3Si5/__initial__/131/xtal_46.cif,99.75776,-43.945065
xtal_47.cif,./U3Si5/__initial__/131/xtal_47.cif,107.88054,-18.550922
xtal_48.cif,./U3Si5/__initial__/131/xtal_48.cif,45.398415,2.6051366
xtal_49.cif,./U3Si5/__initial__/131/xtal_49.cif,41.22791,14.296502
xtal_5.cif,./U3Si5/__initial__/131/xtal_5.cif,61.85245,30.966597
xtal_50.cif,./U3Si5/__initial__/131/xtal_50.cif,50.460987,-77.42492
xtal_51.cif,./U3Si5/__initial__/131/xtal_51.cif,-52.679314,5.586325
xtal_52.cif,./U3Si5/__initial__/131/xtal_52.cif,6.7565455,-59.78701
xtal_53.cif,./U3Si5/__initial__/131/xtal_53.cif,86.97861,-50.53538
xtal_54.cif,./U3Si5/__initial__/131/xtal_54.cif,-59.625507,-62.42302
xtal_55.cif,./U3Si5/__initial__/131/xtal_55.cif,71.78966,40.534626
xtal_56.cif,./U3Si5/__initial__/131/xtal_56.cif,40.883656,1.410146
xtal_57.cif,./U3Si5/__initial__/131/xtal_57.cif,80.97562,-34.097824
xtal_58.cif,./U3Si5/__initial__/131/xtal_58.cif,-19.216673,47.709347
xtal_59.cif,./U3Si5/__initial__/131/xtal_59.cif,-8.74267,25.578514
xtal_6.cif,./U3Si5/__initial__/131/xtal_6.cif,-40.063248,56.469257
xtal_60.cif,./U3Si5/__initial__/131/xtal_60.cif,64.80293,5.059135
xtal_61.cif,./U3Si5/__initial__/131/xtal_61.cif,61.73832,24.172247
xtal_62.cif,./U3Si5/__initial__/131/xtal_62.cif,106.92308,-14.293552
xtal_63.cif,./U3Si5/__initial__/131/xtal_63.cif,96.133446,39.296352
xtal_64.cif,./U3Si5/__initial__/131/xtal_64.cif,89.30985,-9.968536
xtal_65.cif,./U3Si5/__initial__/131/xtal_65.cif,52.74684,-61.150963
xtal_66.cif,./U3Si5/131/xtal_66.cif,-11.849647,1.1681728
xtal_67.cif,./U3Si5/__initial__/131/xtal_67.cif,-33.80627,-14.942996
xtal_68.cif,./U3Si5/__initial__/131/xtal_68.cif,106.29203,-27.780287
xtal_69.cif,./U3Si5/__initial__/131/xtal_69.cif,67.98537,-32.937664
xtal_7.cif,./U3Si5/131/xtal_7.cif,-49.915276,-44.240887
xtal_70.cif,./U3Si5/__initial__/131/xtal_70.cif,-74.75132,-41.846313
xtal_71.cif,./U3Si5/__initial__/131/xtal_71.cif,8.084069,-95.32363
xtal_72.cif,./U3Si5/__initial__/131/xtal_72.cif,64.34987,-51.149162
xtal_73.cif,./U3Si5/__initial__/131/xtal_73.cif,108.372826,32.087696
xtal_74.cif,./U3Si5/__initial__/131/xtal_74.cif,-24.81836,-4.8164306
xtal_75.cif,./U3Si5/__initial__/131/xtal_75.cif,84.10096,-68.037285
xtal_76.cif,./U3Si5/__initial__/131/xtal_76.cif,-54.805153,-75.46789
xtal_77.cif,./U3Si5/__initial__/131/xtal_77.cif,92.631874,-42.553947
xtal_78.cif,./U3Si5/__initial__/131/xtal_78.cif,86.82441,-27.557917
xtal_79.cif,./U3Si5/__initial__/131/xtal_79.cif,37.745777,-87.77188
xtal_8.cif,./U3Si5/__initial__/131/xtal_8.cif,-38.544506,-73.23882
xtal_80.cif,./U3Si5/__initial__/131/xtal_80.cif,-5.998222,-98.75293
xtal_81.cif,./U3Si5/__initial__/131/xtal_81.cif,14.198968,-95.50456
xtal_82.cif,./U3Si5/__initial__/131/xtal_82.cif,66.55134,-5.8934717
xtal_83.cif,./U3Si5/__initial__/131/xtal_83.cif,96.27713,-12.638536
xtal_84.cif,./U3Si5/__initial__/131/xtal_84.cif,97.06387,27.620378
xtal_85.cif,./U3Si5/__initial__/131/xtal_85.cif,87.51159,-58.38422
xtal_86.cif,./U3Si5/__initial__/131/xtal_86.cif,-47.527664,-23.178421
xtal_87.cif,./U3Si5/__initial__/131/xtal_87.cif,-3.4206543,15.610226
xtal_88.cif,./U3Si5/__initial__/131/xtal_88.cif,-40.79732,23.966833
xtal_89.cif,./U3Si5/131/xtal_89.cif,-79.9264,57.325603
xtal_9.cif,./U3Si5/131/xtal_9.cif,-83.543945,20.849524
xtal_90.cif,./U3Si5/__initial__/131/xtal_90.cif,74.3874,-77.95087
xtal_91.cif,./U3Si5/__initial__/131/xtal_91.cif,-36.76112,76.4121
xtal_92.cif,./U3Si5/__initial__/131/xtal_92.cif,107.114624,20.486275
xtal_93.cif,./U3Si5/131/xtal_93.cif,-83.92299,21.030903
xtal_94.cif,./U3Si5/__initial__/131/xtal_94.cif,45.52207,-84.391075
xtal_95.cif,./U3Si5/__initial__/131/xtal_95.cif,54.568085,-11.365979
xtal_96.cif,./U3Si5/__initial__/131/xtal_96.cif,11.659511,61.721546
xtal_97.cif,./U3Si5/__initial__/131/xtal_97.cif,-40.231842,-58.791862
xtal_98.cif,./U3Si5/__initial__/131/xtal_98.cif,-46.949738,27.955505
xtal_99.cif,./U3Si5/__initial__/131/xtal_99.cif,-6.8114514,-65.58083
xtal_1.cif,./U3Si5/__initial__/132/xtal_1.cif,-54.761894,-3.7121677
xtal_10.cif,./U3Si5/__initial__/132/xtal_10.cif,64.9037,-43.548717
xtal_100.cif,./U3Si5/__initial__/132/xtal_100.cif,66.086075,-64.69441
xtal_11.cif,./U3Si5/__initial__/132/xtal_11.cif,97.37938,23.779305
xtal_12.cif,./U3Si5/__initial__/132/xtal_12.cif,38.53704,-66.98579
xtal_13.cif,./U3Si5/__initial__/132/xtal_13.cif,65.604126,-65.07612
xtal_14.cif,./U3Si5/__initial__/132/xtal_14.cif,-57.530334,43.77013
xtal_15.cif,./U3Si5/__initial__/132/xtal_15.cif,-39.84691,39.539295
xtal_16.cif,./U3Si5/__initial__/132/xtal_16.cif,105.51329,-30.295055
xtal_17.cif,./U3Si5/__initial__/132/xtal_17.cif,-43.096878,-22.676
xtal_18.cif,./U3Si5/__initial__/132/xtal_18.cif,15.517232,-68.77696
xtal_19.cif,./U3Si5/__initial__/132/xtal_19.cif,66.983894,-39.269302
xtal_2.cif,./U3Si5/__initial__/132/xtal_2.cif,-3.18831,-46.27889
xtal_20.cif,./U3Si5/__initial__/132/xtal_20.cif,48.79846,-42.055096
xtal_21.cif,./U3Si5/__initial__/132/xtal_21.cif,44.239517,-78.64822
xtal_22.cif,./U3Si5/__initial__/132/xtal_22.cif,-47.207954,-21.284239
xtal_23.cif,./U3Si5/__initial__/132/xtal_23.cif,55.71377,19.94853
xtal_24.cif,./U3Si5/__initial__/132/xtal_24.cif,59.971992,38.760445
xtal_25.cif,./U3Si5/__initial__/132/xtal_25.cif,62.097168,-50.340466
xtal_26.cif,./U3Si5/__initial__/132/xtal_26.cif,-51.593784,8.880338
xtal_27.cif,./U3Si5/__initial__/132/xtal_27.cif,-35.295547,47.20802
xtal_28.cif,./U3Si5/__initial__/132/xtal_28.cif,76.59677,-40.86986
xtal_29.cif,./U3Si5/__initial__/132/xtal_29.cif,-60.142883,-43.39428
xtal_3.cif,./U3Si5/__initial__/132/xtal_3.cif,111.223885,3.235138
xtal_30.cif,./U3Si5/__initial__/132/xtal_30.cif,94.07792,40.856888
xtal_31.cif,./U3Si5/__initial__/132/xtal_31.cif,55.87598,15.53402
xtal_32.cif,./U3Si5/__initial__/132/xtal_32.cif,105.16274,29.965275
xtal_33.cif,./U3Si5/__initial__/132/xtal_33.cif,104.3995,-37.312775
xtal_34.cif,./U3Si5/__initial__/132/xtal_34.cif,95.862915,17.478672
xtal_35.cif,./U3Si5/__initial__/132/xtal_35.cif,102.67447,-3.567986
xtal_36.cif,./U3Si5/__initial__/132/xtal_36.cif,-56.79385,-5.858615
xtal_37.cif,./U3Si5/__initial__/132/xtal_37.cif,-58.026802,44.236675
xtal_38.cif,./U3Si5/__initial__/132/xtal_38.cif,70.09852,-52.381523
xtal_39.cif,./U3Si5/__initial__/132/xtal_39.cif,-7.435525,52.09957
xtal_4.cif,./U3Si5/__initial__/132/xtal_4.cif,43.598602,-12.832683
xtal_40.cif,./U3Si5/__initial__/132/xtal_40.cif,-42.879242,-20.043797
xtal_41.cif,./U3Si5/__initial__/132/xtal_41.cif,98.07537,29.804602
xtal_42.cif,./U3Si5/__initial__/132/xtal_42.cif,-36.48871,4.3252873
xtal_43.cif,./U3Si5/__initial__/132/xtal_43.cif,-54.873253,27.317614
xtal_44.cif,./U3Si5/__initial__/132/xtal_44.cif,-23.044085,38.056633
xtal_45.cif,./U3Si5/__initial__/132/xtal_45.cif,84.95979,-44.328148
xtal_46.cif,./U3Si5/__initial__/132/xtal_46.cif,59.92995,24.332502
xtal_47.cif,./U3Si5/__initial__/132/xtal_47.cif,71.40121,-41.293053
xtal_48.cif,./U3Si5/__initial__/132/xtal_48.cif,-66.69014,-38.22201
xtal_49.cif,./U3Si5/__initial__/132/xtal_49.cif,55.775528,-0.29021072
xtal_5.cif,./U3Si5/__initial__/132/xtal_5.cif,51.41711,-52.38734
xtal_50.cif,./U3Si5/__initial__/132/xtal_50.cif,-20.24054,41.347477
xtal_51.cif,./U3Si5/__initial__/132/xtal_51.cif,80.08593,-60.927467
xtal_52.cif,./U3Si5/__initial__/132/xtal_52.cif,101.76294,1.3700851
xtal_53.cif,./U3Si5/__initial__/132/xtal_53.cif,105.72502,11.636567
xtal_54.cif,./U3Si5/__initial__/132/xtal_54.cif,4.253189,69.83811
xtal_55.cif,./U3Si5/__initial__/132/xtal_55.cif,-24.638456,-1.1578901
xtal_56.cif,./U3Si5/__initial__/132/xtal_56.cif,-18.661343,-100.054825
xtal_57.cif,./U3Si5/__initial__/132/xtal_57.cif,-52.05047,5.983069
xtal_58.cif,./U3Si5/__initial__/132/xtal_58.cif,-33.790787,31.33558
xtal_59.cif,./U3Si5/__initial__/132/xtal_59.cif,-64.74545,-4.4257765
xtal_6.cif,./U3Si5/__initial__/132/xtal_6.cif,52.683083,24.978704
xtal_60.cif,./U3Si5/__initial__/132/xtal_60.cif,-20.068642,92.31637
xtal_61.cif,./U3Si5/__initial__/132/xtal_61.cif,93.54408,68.00582
xtal_62.cif,./U3Si5/__initial__/132/xtal_62.cif,77.90365,-6.7092595
xtal_63.cif,./U3Si5/__initial__/132/xtal_63.cif,-24.39713,-1.1772934
xtal_64.cif,./U3Si5/__initial__/132/xtal_64.cif,79.32013,-73.73226
xtal_65.cif,./U3Si5/__initial__/132/xtal_65.cif,-42.953773,52.822327
xtal_66.cif,./U3Si5/__initial__/132/xtal_66.cif,100.33757,20.33163
xtal_67.cif,./U3Si5/__initial__/132/xtal_67.cif,81.795876,-66.34526
xtal_68.cif,./U3Si5/__initial__/132/xtal_68.cif,0.76282793,65.8504
xtal_69.cif,./U3Si5/__initial__/132/xtal_69.cif,67.98803,-33.058556
xtal_7.cif,./U3Si5/__initial__/132/xtal_7.cif,78.01031,0.42357567
xtal_70.cif,./U3Si5/__initial__/132/xtal_70.cif,52.567867,18.331482
xtal_71.cif,./U3Si5/__initial__/132/xtal_71.cif,-37.998516,-45.569214
xtal_72.cif,./U3Si5/__initial__/132/xtal_72.cif,-44.84138,82.685745
xtal_73.cif,./U3Si5/__initial__/132/xtal_73.cif,-57.012707,43.78145
xtal_74.cif,./U3Si5/__initial__/132/xtal_74.cif,95.24167,-25.318157
xtal_75.cif,./U3Si5/__initial__/132/xtal_75.cif,71.837105,2.7036476
xtal_76.cif,./U3Si5/__initial__/132/xtal_76.cif,75.135056,29.196514
xtal_77.cif,./U3Si5/__initial__/132/xtal_77.cif,-10.463117,47.67424
xtal_78.cif,./U3Si5/__initial__/132/xtal_78.cif,-53.332172,-60.89561
xtal_79.cif,./U3Si5/__initial__/132/xtal_79.cif,51.389248,-70.214165
xtal_8.cif,./U3Si5/__initial__/132/xtal_8.cif,67.18798,-74.743065
xtal_80.cif,./U3Si5/__initial__/132/xtal_80.cif,75.01839,-6.788548
xtal_81.cif,./U3Si5/__initial__/132/xtal_81.cif,4.8155594,99.07744
xtal_82.cif,./U3Si5/__initial__/132/xtal_82.cif,-42.757656,3.179457
xtal_83.cif,./U3Si5/__initial__/132/xtal_83.cif,95.8994,-43.94128
xtal_84.cif,./U3Si5/__initial__/132/xtal_84.cif,93.0506,5.351446
xtal_85.cif,./U3Si5/__initial__/132/xtal_85.cif,-6.826192,67.37953
xtal_86.cif,./U3Si5/__initial__/132/xtal_86.cif,101.515724,27.777029
xtal_87.cif,./U3Si5/__initial__/132/xtal_87.cif,6.315831,67.62385
xtal_88.cif,./U3Si5/__initial__/132/xtal_88.cif,-28.695984,-79.16265
xtal_89.cif,./U3Si5/__initial__/132/xtal_89.cif,40.16454,-78.69409
xtal_9.cif,./U3Si5/__initial__/132/xtal_9.cif,49.953705,5.3636208
xtal_90.cif,./U3Si5/__initial__/132/xtal_90.cif,83.275986,-45.18242
xtal_91.cif,./U3Si5/__initial__/132/xtal_91.cif,-44.4649,18.319572
xtal_92.cif,./U3Si5/__initial__/132/xtal_92.cif,-30.064611,55.63641
xtal_93.cif,./U3Si5/__initial__/132/xtal_93.cif,25.108587,-101.45425
xtal_94.cif,./U3Si5/__initial__/132/xtal_94.cif,-35.438374,105.968544
xtal_95.cif,./U3Si5/__initial__/132/xtal_95.cif,95.7337,61.334755
xtal_96.cif,./U3Si5/__initial__/132/xtal_96.cif,93.95643,-4.3649235
xtal_97.cif,./U3Si5/__initial__/132/xtal_97.cif,32.371117,-32.447746
xtal_98.cif,./U3Si5/__initial__/132/xtal_98.cif,64.24738,-26.089615
xtal_99.cif,./U3Si5/__initial__/132/xtal_99.cif,87.45975,-28.066189
xtal_1.cif,./U3Si5/134/xtal_1.cif,116.44849,29.904873
xtal_10.cif,./U3Si5/134/xtal_10.cif,-39.12211,36.63923
xtal_100.cif,./U3Si5/134/xtal_100.cif,-22.502506,38.8187
xtal_11.cif,./U3Si5/134/xtal_11.cif,103.2556,12.917824
xtal_12.cif,./U3Si5/134/xtal_12.cif,-36.227005,76.83062
xtal_13.cif,./U3Si5/134/xtal_13.cif,34.366703,-92.54865
xtal_14.cif,./U3Si5/134/xtal_14.cif,-37.9479,-96.06429
xtal_15.cif,./U3Si5/134/xtal_15.cif,-18.46477,-66.49204
xtal_16.cif,./U3Si5/134/xtal_16.cif,-114.897064,37.104427
xtal_17.cif,./U3Si5/134/xtal_17.cif,-68.708664,47.96751
xtal_18.cif,./U3Si5/134/xtal_18.cif,55.71331,-69.37968
xtal_19.cif,./U3Si5/__initial__/134/xtal_19.cif,92.89623,-26.339977
xtal_2.cif,./U3Si5/134/xtal_2.cif,58.352222,-74.145874
xtal_20.cif,./U3Si5/134/xtal_20.cif,-47.87691,-60.157448
xtal_21.cif,./U3Si5/134/xtal_21.cif,51.180668,30.172676
xtal_22.cif,./U3Si5/134/xtal_22.cif,-64.09727,-81.36284
xtal_23.cif,./U3Si5/134/xtal_23.cif,33.239456,-65.528885
xtal_24.cif,./U3Si5/134/xtal_24.cif,-70.082085,-30.437618
xtal_25.cif,./U3Si5/134/xtal_25.cif,-25.404087,54.232307
xtal_26.cif,./U3Si5/134/xtal_26.cif,-16.460827,91.94327
xtal_27.cif,./U3Si5/__initial__/134/xtal_27.cif,-39.193405,-6.7998943
xtal_28.cif,./U3Si5/134/xtal_28.cif,-36.704876,78.39599
xtal_29.cif,./U3Si5/134/xtal_29.cif,-88.70938,8.07653
xtal_3.cif,./U3Si5/134/xtal_3.cif,-87.35716,10.294259
xtal_30.cif,./U3Si5/134/xtal_30.cif,-23.573362,-56.01785
xtal_31.cif,./U3Si5/134/xtal_31.cif,-28.618898,53.038414
xtal_32.cif,./U3Si5/134/xtal_32.cif,81.51727,-17.25455
xtal_33.cif,./U3Si5/134/xtal_33.cif,-67.47196,37.660347
xtal_34.cif,./U3Si5/134/xtal_34.cif,-21.295069,-36.79956
xtal_35.cif,./U3Si5/134/xtal_35.cif,105.31499,-32.99273
xtal_36.cif,./U3Si5/134/xtal_36.cif,40.995537,-49.5673
xtal_37.cif,./U3Si5/134/xtal_37.cif,63.447678,-49.17406
xtal_38.cif,./U3Si5/134/xtal_38.cif,-43.757637,8.147923
xtal_39.cif,./U3Si5/134/xtal_39.cif,-52.506775,44.012234
xtal_4.cif,./U3Si5/134/xtal_4.cif,-1.4589894,83.46606
xtal_40.cif,./U3Si5/134/xtal_40.cif,-90.3138,29.455196
xtal_41.cif,./U3Si5/__initial__/134/xtal_41.cif,-28.183332,76.864716
xtal_42.cif,./U3Si5/__initial__/134/xtal_42.cif,22.021597,-69.66848
xtal_43.cif,./U3Si5/134/xtal_43.cif,-60.88449,-62.381912
xtal_44.cif,./U3Si5/134/xtal_44.cif,-0.06654239,110.57991
xtal_45.cif,./U3Si5/134/xtal_45.cif,111.96333,3.8177843
xtal_46.cif,./U3Si5/134/xtal_46.cif,-83.62323,-43.235775
xtal_47.cif,./U3Si5/134/xtal_47.cif,-61.62592,63.14467
xtal_48.cif,./U3Si5/134/xtal_48.cif,-68.282364,-41.7822
xtal_49.cif,./U3Si5/134/xtal_49.cif,115.637085,10.500326
xtal_5.cif,./U3Si5/134/xtal_5.cif,-66.75227,81.709526
xtal_50.cif,./U3Si5/134/xtal_50.cif,-59.729477,-62.418842
xtal_51.cif,./U3Si5/__initial__/134/xtal_51.cif,56.280285,40.932102
xtal_52.cif,./U3Si5/134/xtal_52.cif,104.63402,-36.03132
xtal_53.cif,./U3Si5/134/xtal_53.cif,-16.668947,-59.931595
xtal_54.cif,./U3Si5/134/xtal_54.cif,-23.520903,-54.76046
xtal_55.cif,./U3Si5/134/xtal_55.cif,64.17996,-78.29715
xtal_56.cif,./U3Si5/134/xtal_56.cif,45.207687,-59.69083
xtal_57.cif,./U3Si5/134/xtal_57.cif,42.33482,8.635233
xtal_58.cif,./U3Si5/__initial__/134/xtal_58.cif,55.950077,21.894909
xtal_59.cif,./U3Si5/134/xtal_59.cif,58.78829,-26.926306
xtal_6.cif,./U3Si5/134/xtal_6.cif,21.186783,-76.561874
xtal_60.cif,./U3Si5/134/xtal_60.cif,-26.530155,-75.33915
xtal_61.cif,./U3Si5/134/xtal_61.cif,-0.69033235,-87.89848
xtal_62.cif,./U3Si5/134/xtal_62.cif,-19.811447,-64.21449
xtal_63.cif,./U3Si5/134/xtal_63.cif,-78.85511,-37.76011
xtal_64.cif,./U3Si5/134/xtal_64.cif,-75.77254,-57.61541
xtal_65.cif,./U3Si5/134/xtal_65.cif,-87.14967,10.387127
xtal_66.cif,./U3Si5/134/xtal_66.cif,98.47679,25.45825
xtal_67.cif,./U3Si5/134/xtal_67.cif,-3.5112352,-59.040264
xtal_68.cif,./U3Si5/134/xtal_68.cif,100.203766,30.365583
xtal_69.cif,./U3Si5/134/xtal_69.cif,64.5321,-58.0006
xtal_7.cif,./U3Si5/134/xtal_7.cif,102.474655,-16.55434
xtal_70.cif,./U3Si5/134/xtal_70.cif,45.96787,-80.97224
xtal_71.cif,./U3Si5/134/xtal_71.cif,-23.21526,-88.9533
xtal_72.cif,./U3Si5/134/xtal_72.cif,-31.801964,46.972862
xtal_73.cif,./U3Si5/134/xtal_73.cif,-5.637042,69.938194
xtal_74.cif,./U3Si5/134/xtal_74.cif,-50.03636,-43.76403
xtal_75.cif,./U3Si5/134/xtal_75.cif,87.24336,3.9218202
xtal_76.cif,./U3Si5/134/xtal_76.cif,100.377464,19.386845
xtal_77.cif,./U3Si5/134/xtal_77.cif,-18.315712,70.90757
xtal_78.cif,./U3Si5/134/xtal_78.cif,11.685262,-95.744865
xtal_79.cif,./U3Si5/134/xtal_79.cif,83.9423,-33.840534
xtal_8.cif,./U3Si5/134/xtal_8.cif,41.0294,13.016948
xtal_80.cif,./U3Si5/134/xtal_80.cif,110.08073,7.8213573
xtal_81.cif,./U3Si5/134/xtal_81.cif,42.24213,-60.575966
xtal_82.cif,./U3Si5/134/xtal_82.cif,-78.34961,53.014633
xtal_83.cif,./U3Si5/134/xtal_83.cif,111.94003,17.358147
xtal_84.cif,./U3Si5/134/xtal_84.cif,103.43425,-17.587805
xtal_85.cif,./U3Si5/134/xtal_85.cif,-4.7245793,-86.127174
xtal_86.cif,./U3Si5/134/xtal_86.cif,-33.422703,82.21281
xtal_87.cif,./U3Si5/134/xtal_87.cif,118.65463,34.461914
xtal_88.cif,./U3Si5/134/xtal_88.cif,116.602875,5.2129693
xtal_89.cif,./U3Si5/134/xtal_89.cif,-8.125009,-84.79038
xtal_9.cif,./U3Si5/__initial__/134/xtal_9.cif,87.25185,4.696112
xtal_90.cif,./U3Si5/134/xtal_90.cif,45.159367,3.8764637
xtal_91.cif,./U3Si5/134/xtal_91.cif,-26.1224,-45.514393
xtal_92.cif,./U3Si5/134/xtal_92.cif,-11.530166,-73.79706
xtal_93.cif,./U3Si5/__initial__/134/xtal_93.cif,-17.783957,14.2616825
xtal_94.cif,./U3Si5/134/xtal_94.cif,115.206184,25.700949
xtal_95.cif,./U3Si5/__initial__/134/xtal_95.cif,90.83336,49.24386
xtal_96.cif,./U3Si5/134/xtal_96.cif,94.22493,46.186848
xtal_97.cif,./U3Si5/134/xtal_97.cif,106.585785,-9.09699
xtal_98.cif,./U3Si5/134/xtal_98.cif,77.903534,0.43020982
xtal_99.cif,./U3Si5/134/xtal_99.cif,-45.062477,87.19892
xtal_1.cif,./U3Si5/136/xtal_1.cif,-53.844315,-58.41937
xtal_10.cif,./U3Si5/__initial__/136/xtal_10.cif,-2.1583366,16.915977
xtal_100.cif,./U3Si5/__initial__/136/xtal_100.cif,75.86643,48.08068
xtal_11.cif,./U3Si5/__initial__/136/xtal_11.cif,51.737305,17.99367
xtal_12.cif,./U3Si5/__initial__/136/xtal_12.cif,-52.787674,-7.766564
xtal_13.cif,./U3Si5/__initial__/136/xtal_13.cif,83.38257,-41.917633
xtal_14.cif,./U3Si5/__initial__/136/xtal_14.cif,110.468475,-9.4498625
xtal_15.cif,./U3Si5/__initial__/136/xtal_15.cif,1.7301152,-59.05677
xtal_16.cif,./U3Si5/__initial__/136/xtal_16.cif,-35.680912,64.15835
xtal_17.cif,./U3Si5/__initial__/136/xtal_17.cif,93.3122,72.35975
xtal_18.cif,./U3Si5/__initial__/136/xtal_18.cif,25.879473,-69.48991
xtal_19.cif,./U3Si5/__initial__/136/xtal_19.cif,-68.31319,-48.474075
xtal_2.cif,./U3Si5/__initial__/136/xtal_2.cif,-19.323177,-46.97867
xtal_20.cif,./U3Si5/__initial__/136/xtal_20.cif,68.63268,-80.73873
xtal_21.cif,./U3Si5/__initial__/136/xtal_21.cif,-17.588213,16.307474
xtal_22.cif,./U3Si5/__initial__/136/xtal_22.cif,79.87034,-37.603355
xtal_23.cif,./U3Si5/__initial__/136/xtal_23.cif,-25.808813,48.498344
xtal_24.cif,./U3Si5/__initial__/136/xtal_24.cif,67.85809,-52.84493
xtal_25.cif,./U3Si5/__initial__/136/xtal_25.cif,98.29632,-45.438408
xtal_26.cif,./U3Si5/__initial__/136/xtal_26.cif,27.731808,-87.8002
xtal_27.cif,./U3Si5/__initial__/136/xtal_27.cif,-2.45548,-60.027138
xtal_28.cif,./U3Si5/__initial__/136/xtal_28.cif,72.57916,5.3954425
xtal_29.cif,./U3Si5/__initial__/136/xtal_29.cif,-25.204731,-64.64393
xtal_3.cif,./U3Si5/__initial__/136/xtal_3.cif,-5.132739,-66.667725
xtal_30.cif,./U3Si5/__initial__/136/xtal_30.cif,98.22589,-27.495163
xtal_31.cif,./U3Si5/__initial__/136/xtal_31.cif,-29.205736,-8.266856
xtal_32.cif,./U3Si5/__initial__/136/xtal_32.cif,54.26512,-78.091446
xtal_33.cif,./U3Si5/__initial__/136/xtal_33.cif,-51.516483,-14.648317
xtal_34.cif,./U3Si5/__initial__/136/xtal_34.cif,90.93047,-23.582026
xtal_35.cif,./U3Si5/__initial__/136/xtal_35.cif,88.79006,1.6428785
xtal_36.cif,./U3Si5/__initial__/136/xtal_36.cif,113.37611,5.649655
xtal_37.cif,./U3Si5/__initial__/136/xtal_37.cif,-59.725113,-0.11080673
xtal_38.cif,./U3Si5/__initial__/136/xtal_38.cif,-10.599198,-74.55274
xtal_39.cif,./U3Si5/__initial__/136/xtal_39.cif,-47.0026,-89.042816
xtal_4.cif,./U3Si5/__initial__/136/xtal_4.cif,117.264145,34.49763
xtal_40.cif,./U3Si5/__initial__/136/xtal_40.cif,-5.1391616,57.40424
xtal_41.cif,./U3Si5/__initial__/136/xtal_41.cif,78.41168,-22.783657
xtal_42.cif,./U3Si5/__initial__/136/xtal_42.cif,-26.908361,-70.2858
xtal_43.cif,./U3Si5/__initial__/136/xtal_43.cif,-20.808458,1.0843128
xtal_44.cif,./U3Si5/__initial__/136/xtal_44.cif,-21.536652,-49.136272
xtal_45.cif,./U3Si5/136/xtal_45.cif,-5.083132,-21.678944
xtal_46.cif,./U3Si5/136/xtal_46.cif,12.479063,-38.034096
xtal_47.cif,./U3Si5/__initial__/136/xtal_47.cif,39.88095,-78.65244
xtal_48.cif,./U3Si5/__initial__/136/xtal_48.cif,-23.857517,73.69632
xtal_49.cif,./U3Si5/__initial__/136/xtal_49.cif,50.22553,-49.583298
xtal_5.cif,./U3Si5/__initial__/136/xtal_5.cif,83.96353,0.6785892
xtal_50.cif,./U3Si5/136/xtal_50.cif,-76.95997,37.39394
xtal_51.cif,./U3Si5/136/xtal_51.cif,42.339664,-75.87759
xtal_52.cif,./U3Si5/__initial__/136/xtal_52.cif,-22.889051,10.596447
xtal_53.cif,./U3Si5/__initial__/136/xtal_53.cif,-60.50895,-62.586315
xtal_54.cif,./U3Si5/__initial__/136/xtal_54.cif,14.803362,-94.00561
xtal_55.cif,./U3Si5/__initial__/136/xtal_55.cif,-55.951653,61.29604
xtal_56.cif,./U3Si5/__initial__/136/xtal_56.cif,-22.68934,23.593256
xtal_57.cif,./U3Si5/__initial__/136/xtal_57.cif,110.507225,2.356839
xtal_58.cif,./U3Si5/136/xtal_58.cif,26.518755,-69.18632
xtal_59.cif,./U3Si5/__initial__/136/xtal_59.cif,114.638,36.223724
xtal_6.cif,./U3Si5/__initial__/136/xtal_6.cif,101.0963,-42.65332
xtal_60.cif,./U3Si5/__initial__/136/xtal_60.cif,108.89677,-30.061316
xtal_61.cif,./U3Si5/__initial__/136/xtal_61.cif,96.18456,-37.44788
xtal_62.cif,./U3Si5/__initial__/136/xtal_62.cif,-43.018864,-5.085616
xtal_63.cif,./U3Si5/__initial__/136/xtal_63.cif,-38.281303,-1.1759704
xtal_64.cif,./U3Si5/__initial__/136/xtal_64.cif,7.7889447,62.646225
xtal_65.cif,./U3Si5/__initial__/136/xtal_65.cif,99.57878,20.153624
xtal_66.cif,./U3Si5/__initial__/136/xtal_66.cif,65.32422,-60.368763
xtal_67.cif,./U3Si5/__initial__/136/xtal_67.cif,53.317287,-74.632835
xtal_68.cif,./U3Si5/__initial__/136/xtal_68.cif,-65.07289,76.704285
xtal_69.cif,./U3Si5/__initial__/136/xtal_69.cif,57.53691,31.929317
xtal_7.cif,./U3Si5/136/xtal_7.cif,44.87482,-59.120052
xtal_70.cif,./U3Si5/__initial__/136/xtal_70.cif,-25.493437,-63.116257
xtal_71.cif,./U3Si5/__initial__/136/xtal_71.cif,98.922035,-37.57731
xtal_72.cif,./U3Si5/__initial__/136/xtal_72.cif,-65.4141,66.920944
xtal_73.cif,./U3Si5/__initial__/136/xtal_73.cif,-92.27309,14.920476
xtal_74.cif,./U3Si5/__initial__/136/xtal_74.cif,-27.225676,-43.075703
xtal_75.cif,./U3Si5/__initial__/136/xtal_75.cif,-3.7052515,-57.96885
xtal_76.cif,./U3Si5/__initial__/136/xtal_76.cif,94.76,11.157856
xtal_77.cif,./U3Si5/__initial__/136/xtal_77.cif,-24.65999,110.45418
xtal_78.cif,./U3Si5/__initial__/136/xtal_78.cif,64.5563,28.592165
xtal_79.cif,./U3Si5/__initial__/136/xtal_79.cif,45.406727,3.8994672
xtal_8.cif,./U3Si5/__initial__/136/xtal_8.cif,55.873657,31.00278
xtal_80.cif,./U3Si5/136/xtal_80.cif,-0.03267759,-74.753845
xtal_81.cif,./U3Si5/__initial__/136/xtal_81.cif,-91.41544,15.950046
xtal_82.cif,./U3Si5/__initial__/136/xtal_82.cif,-14.841845,55.496155
xtal_83.cif,./U3Si5/__initial__/136/xtal_83.cif,-67.507706,-48.890503
xtal_84.cif,./U3Si5/__initial__/136/xtal_84.cif,44.569256,-23.604227
xtal_85.cif,./U3Si5/__initial__/136/xtal_85.cif,68.98785,33.5463
xtal_86.cif,./U3Si5/136/xtal_86.cif,-77.19783,18.904087
xtal_87.cif,./U3Si5/__initial__/136/xtal_87.cif,93.968376,-2.5959918
xtal_88.cif,./U3Si5/136/xtal_88.cif,6.883871,-12.225742
xtal_89.cif,./U3Si5/__initial__/136/xtal_89.cif,109.89801,18.613947
xtal_9.cif,./U3Si5/__initial__/136/xtal_9.cif,-72.64914,-32.87234
xtal_90.cif,./U3Si5/__initial__/136/xtal_90.cif,-24.808098,-47.878162
xtal_91.cif,./U3Si5/__initial__/136/xtal_91.cif,-18.174242,58.041565
xtal_92.cif,./U3Si5/__initial__/136/xtal_92.cif,-59.550484,37.119976
xtal_93.cif,./U3Si5/__initial__/136/xtal_93.cif,-28.020418,17.523672
xtal_94.cif,./U3Si5/__initial__/136/xtal_94.cif,63.03084,-43.90311
xtal_95.cif,./U3Si5/__initial__/136/xtal_95.cif,75.19656,29.401752
xtal_96.cif,./U3Si5/__initial__/136/xtal_96.cif,63.74698,22.823841
xtal_97.cif,./U3Si5/136/xtal_97.cif,-9.974155,-12.3719
xtal_98.cif,./U3Si5/__initial__/136/xtal_98.cif,93.32147,-16.867485
xtal_99.cif,./U3Si5/__initial__/136/xtal_99.cif,96.766716,-39.19887
xtal_1.cif,./U3Si5/__initial__/137/xtal_1.cif,36.947136,-97.39588
xtal_10.cif,./U3Si5/137/xtal_10.cif,-60.645874,-63.15473
xtal_100.cif,./U3Si5/__initial__/137/xtal_100.cif,34.65771,-26.778399
xtal_11.cif,./U3Si5/__initial__/137/xtal_11.cif,-33.942642,54.019463
xtal_12.cif,./U3Si5/__initial__/137/xtal_12.cif,65.84992,-47.80112
xtal_13.cif,./U3Si5/__initial__/137/xtal_13.cif,76.38725,-52.741066
xtal_14.cif,./U3Si5/__initial__/137/xtal_14.cif,-97.81303,7.3371034
xtal_15.cif,./U3Si5/__initial__/137/xtal_15.cif,-32.650597,-45.74242
xtal_16.cif,./U3Si5/__initial__/137/xtal_16.cif,-25.713,-98.560135
xtal_17.cif,./U3Si5/__initial__/137/xtal_17.cif,108.45136,-30.466702
xtal_18.cif,./U3Si5/__initial__/137/xtal_18.cif,0.55822086,62.140163
xtal_19.cif,./U3Si5/__initial__/137/xtal_19.cif,56.899418,-80.267296
xtal_2.cif,./U3Si5/__initial__/137/xtal_2.cif,-33.816578,9.00481
xtal_20.cif,./U3Si5/137/xtal_20.cif,89.71668,70.54585
xtal_21.cif,./U3Si5/__initial__/137/xtal_21.cif,1.0537189,-98.562386
xtal_22.cif,./U3Si5/__initial__/137/xtal_22.cif,33.538464,-79.36826
xtal_23.cif,./U3Si5/__initial__/137/xtal_23.cif,95.56264,61.818542
xtal_24.cif,./U3Si5/__initial__/137/xtal_24.cif,67.27621,49.32279
xtal_25.cif,./U3Si5/__initial__/137/xtal_25.cif,100.52881,-16.299248
xtal_26.cif,./U3Si5/__initial__/137/xtal_26.cif,7.699338,94.83203
xtal_27.cif,./U3Si5/__initial__/137/xtal_27.cif,61.100742,-40.827106
xtal_28.cif,./U3Si5/__initial__/137/xtal_28.cif,-60.829063,100.47348
xtal_29.cif,./U3Si5/__initial__/137/xtal_29.cif,-66.563484,77.06054
xtal_3.cif,./U3Si5/__initial__/137/xtal_3.cif,80.32724,-37.628944
xtal_30.cif,./U3Si5/__initial__/137/xtal_30.cif,-48.62096,0.61415875
xtal_31.cif,./U3Si5/__initial__/137/xtal_31.cif,89.446075,-27.95707
xtal_32.cif,./U3Si5/__initial__/137/xtal_32.cif,96.70738,-29.209171
xtal_33.cif,./U3Si5/__initial__/137/xtal_33.cif,101.410645,-15.852523
xtal_34.cif,./U3Si5/137/xtal_34.cif,-9.395963,-79.03067
xtal_35.cif,./U3Si5/__initial__/137/xtal_35.cif,-104.211426,-14.482315
xtal_36.cif,./U3Si5/__initial__/137/xtal_36.cif,-89.48943,45.606743
xtal_37.cif,./U3Si5/__initial__/137/xtal_37.cif,-117.790825,17.951315
xtal_38.cif,./U3Si5/__initial__/137/xtal_38.cif,57.835533,26.560246
xtal_39.cif,./U3Si5/__initial__/137/xtal_39.cif,-69.90749,-41.950836
xtal_4.cif,./U3Si5/__initial__/137/xtal_4.cif,81.62966,42.650486
xtal_40.cif,./U3Si5/__initial__/137/xtal_40.cif,43.729404,9.907111
xtal_41.cif,./U3Si5/__initial__/137/xtal_41.cif,-13.944928,42.019867
xtal_42.cif,./U3Si5/__initial__/137/xtal_42.cif,-30.141403,2.9948583
xtal_43.cif,./U3Si5/__initial__/137/xtal_43.cif,-94.419624,-4.4655404
xtal_44.cif,./U3Si5/__initial__/137/xtal_44.cif,-93.85356,-10.908184
xtal_45.cif,./U3Si5/137/xtal_45.cif,-29.934107,-28.317062
xtal_46.cif,./U3Si5/__initial__/137/xtal_46.cif,56.56365,16.03345
xtal_47.cif,./U3Si5/__initial__/137/xtal_47.cif,111.61463,-15.646214
xtal_48.cif,./U3Si5/__initial__/137/xtal_48.cif,62.372635,-6.6344132
xtal_49.cif,./U3Si5/__initial__/137/xtal_49.cif,67.24114,-42.306564
xtal_5.cif,./U3Si5/__initial__/137/xtal_5.cif,75.59383,-30.331066
xtal_50.cif,./U3Si5/__initial__/137/xtal_50.cif,57.989994,-6.789525
xtal_51.cif,./U3Si5/__initial__/137/xtal_51.cif,40.876755,15.326114
xtal_52.cif,./U3Si5/__initial__/137/xtal_52.cif,65.12083,-42.489613
xtal_53.cif,./U3Si5/__initial__/137/xtal_53.cif,81.98692,-19.009653
xtal_54.cif,./U3Si5/__initial__/137/xtal_54.cif,-84.69519,65.70492
xtal_55.cif,./U3Si5/__initial__/137/xtal_55.cif,-11.691406,55.854313
xtal_56.cif,./U3Si5/__initial__/137/xtal_56.cif,82.445015,-15.267913
xtal_57.cif,./U3Si5/__initial__/137/xtal_57.cif,-46.477295,9.33031
xtal_58.cif,./U3Si5/__initial__/137/xtal_58.cif,76.57753,53.21811
xtal_59.cif,./U3Si5/__initial__/137/xtal_59.cif,-65.277756,-64.59043
xtal_6.cif,./U3Si5/__initial__/137/xtal_6.cif,-30.073944,-75.02524
xtal_60.cif,./U3Si5/__initial__/137/xtal_60.cif,71.27472,53.988525
xtal_61.cif,./U3Si5/137/xtal_61.cif,-89.42271,-55.14411
xtal_62.cif,./U3Si5/__initial__/137/xtal_62.cif,87.51334,-28.111912
xtal_63.cif,./U3Si5/__initial__/137/xtal_63.cif,-37.478508,-36.3119
xtal_64.cif,./U3Si5/__initial__/137/xtal_64.cif,-43.476505,-5.916427
xtal_65.cif,./U3Si5/__initial__/137/xtal_65.cif,93.48238,-46.688274
xtal_66.cif,./U3Si5/__initial__/137/xtal_66.cif,-93.78205,10.570893
xtal_67.cif,./U3Si5/__initial__/137/xtal_67.cif,56.895138,-44.07402
xtal_68.cif,./U3Si5/__initial__/137/xtal_68.cif,-55.642212,27.896189
xtal_69.cif,./U3Si5/__initial__/137/xtal_69.cif,89.58311,-27.695873
xtal_7.cif,./U3Si5/__initial__/137/xtal_7.cif,-64.805504,-4.4304137
xtal_70.cif,./U3Si5/__initial__/137/xtal_70.cif,-48.374187,93.55865
xtal_71.cif,./U3Si5/__initial__/137/xtal_71.cif,-77.33174,-41.376057
xtal_72.cif,./U3Si5/__initial__/137/xtal_72.cif,-38.667988,41.635033
xtal_73.cif,./U3Si5/__initial__/137/xtal_73.cif,-12.267733,53.632637
xtal_74.cif,./U3Si5/__initial__/137/xtal_74.cif,-6.2217517,64.84438
xtal_75.cif,./U3Si5/__initial__/137/xtal_75.cif,-38.3808,-97.45385
xtal_76.cif,./U3Si5/__initial__/137/xtal_76.cif,-72.89268,-59.922375
xtal_77.cif,./U3Si5/__initial__/137/xtal_77.cif,67.1342,-41.40524
xtal_78.cif,./U3Si5/__initial__/137/xtal_78.cif,82.19554,-14.379911
xtal_79.cif,./U3Si5/__initial__/137/xtal_79.cif,-12.265582,76.28485
xtal_8.cif,./U3Si5/__initial__/137/xtal_8.cif,65.210846,-8.782414
xtal_80.cif,./U3Si5/__initial__/137/xtal_80.cif,85.62585,-43.64812
xtal_81.cif,./U3Si5/__initial__/137/xtal_81.cif,-1.063425,103.703835
xtal_82.cif,./U3Si5/137/xtal_82.cif,-56.46459,-86.34404
xtal_83.cif,./U3Si5/__initial__/137/xtal_83.cif,-26.14079,99.1543
xtal_84.cif,./U3Si5/__initial__/137/xtal_84.cif,-61.805275,60.65354
xtal_85.cif,./U3Si5/137/xtal_85.cif,27.893534,-87.79303
xtal_86.cif,./U3Si5/__initial__/137/xtal_86.cif,110.6631,-14.814709
xtal_87.cif,./U3Si5/__initial__/137/xtal_87.cif,44.87182,-93.4849
xtal_88.cif,./U3Si5/__initial__/137/xtal_88.cif,74.250175,26.815647
xtal_89.cif,./U3Si5/__initial__/137/xtal_89.cif,-30.040945,12.68422
xtal_9.cif,./U3Si5/__initial__/137/xtal_9.cif,-93.95633,-29.557724
xtal_90.cif,./U3Si5/__initial__/137/xtal_90.cif,-79.499794,-41.580467
xtal_91.cif,./U3Si5/__initial__/137/xtal_91.cif,55.155735,31.845156
xtal_92.cif,./U3Si5/137/xtal_92.cif,43.675343,-81.286064
xtal_93.cif,./U3Si5/__initial__/137/xtal_93.cif,-47.662582,-19.868038
xtal_94.cif,./U3Si5/__initial__/137/xtal_94.cif,-26.219656,-96.73708
xtal_95.cif,./U3Si5/__initial__/137/xtal_95.cif,-25.641754,57.027714
xtal_96.cif,./U3Si5/__initial__/137/xtal_96.cif,-97.80476,34.13733
xtal_97.cif,./U3Si5/__initial__/137/xtal_97.cif,-18.966545,55.14181
xtal_98.cif,./U3Si5/__initial__/137/xtal_98.cif,-117.21604,26.946243
xtal_99.cif,./U3Si5/__initial__/137/xtal_99.cif,-1.3855804,90.443985
xtal_1.cif,./U3Si5/__initial__/139/xtal_1.cif,-78.3783,-39.535557
xtal_10.cif,./U3Si5/__initial__/139/xtal_10.cif,-42.031475,41.21692
xtal_100.cif,./U3Si5/__initial__/139/xtal_100.cif,94.67358,45.43795
xtal_11.cif,./U3Si5/__initial__/139/xtal_11.cif,60.94039,-55.171658
xtal_12.cif,./U3Si5/__initial__/139/xtal_12.cif,56.245388,31.8796
xtal_13.cif,./U3Si5/__initial__/139/xtal_13.cif,-20.068277,65.16499
xtal_14.cif,./U3Si5/__initial__/139/xtal_14.cif,-101.552925,-18.876453
xtal_15.cif,./U3Si5/__initial__/139/xtal_15.cif,83.35997,-45.04312
xtal_16.cif,./U3Si5/__initial__/139/xtal_16.cif,114.25006,9.661898
xtal_17.cif,./U3Si5/__initial__/139/xtal_17.cif,51.498875,-53.241688
xtal_18.cif,./U3Si5/__initial__/139/xtal_18.cif,-18.16541,14.072775
xtal_19.cif,./U3Si5/__initial__/139/xtal_19.cif,-60.131283,36.337994
xtal_2.cif,./U3Si5/__initial__/139/xtal_2.cif,93.26798,72.19673
xtal_20.cif,./U3Si5/__initial__/139/xtal_20.cif,98.56038,16.833773
xtal_21.cif,./U3Si5/__initial__/139/xtal_21.cif,61.734802,43.741486
xtal_22.cif,./U3Si5/__initial__/139/xtal_22.cif,92.94195,-64.66791
xtal_23.cif,./U3Si5/__initial__/139/xtal_23.cif,99.08405,-44.50434
xtal_24.cif,./U3Si5/__initial__/139/xtal_24.cif,-34.61052,28.717371
xtal_25.cif,./U3Si5/__initial__/139/xtal_25.cif,-7.433839,-89.17235
xtal_26.cif,./U3Si5/__initial__/139/xtal_26.cif,-18.7092,-64.09961
xtal_27.cif,./U3Si5/__initial__/139/xtal_27.cif,-32.01138,-24.786242
xtal_28.cif,./U3Si5/__initial__/139/xtal_28.cif,88.632034,46.69136
xtal_29.cif,./U3Si5/__initial__/139/xtal_29.cif,-49.98738,96.7704
xtal_3.cif,./U3Si5/__initial__/139/xtal_3.cif,-15.063115,-100.726776
xtal_30.cif,./U3Si5/__initial__/139/xtal_30.cif,-66.08237,81.767136
xtal_31.cif,./U3Si5/__initial__/139/xtal_31.cif,88.38391,47.870644
xtal_32.cif,./U3Si5/__initial__/139/xtal_32.cif,115.17266,7.8230615
xtal_33.cif,./U3Si5/__initial__/139/xtal_33.cif,7.9199557,68.205666
xtal_34.cif,./U3Si5/__initial__/139/xtal_34.cif,-33.608986,8.315887
xtal_35.cif,./U3Si5/__initial__/139/xtal_35.cif,-21.521595,-57.296295
xtal_36.cif,./U3Si5/__initial__/139/xtal_36.cif,109.93225,16.397955
xtal_37.cif,./U3Si5/__initial__/139/xtal_37.cif,42.637745,-47.69856
xtal_38.cif,./U3Si5/__initial__/139/xtal_38.cif,23.53093,-65.97798
xtal_39.cif,./U3Si5/__initial__/139/xtal_39.cif,-6.2403674,-69.458664
xtal_4.cif,./U3Si5/__initial__/139/xtal_4.cif,112.73843,28.65325
xtal_40.cif,./U3Si5/__initial__/139/xtal_40.cif,45.3094,-59.7651
xtal_41.cif,./U3Si5/__initial__/139/xtal_41.cif,-72.85661,-59.97742
xtal_42.cif,./U3Si5/__initial__/139/xtal_42.cif,57.29674,-10.647991
xtal_43.cif,./U3Si5/__initial__/139/xtal_43.cif,45.79003,-59.383224
xtal_44.cif,./U3Si5/__initial__/139/xtal_44.cif,-2.9736896,-44.550774
xtal_45.cif,./U3Si5/__initial__/139/xtal_45.cif,86.409996,1.2262565
xtal_46.cif,./U3Si5/__initial__/139/xtal_46.cif,-117.1557,27.495056
xtal_47.cif,./U3Si5/__initial__/139/xtal_47.cif,-10.451919,47.688927
xtal_48.cif,./U3Si5/__initial__/139/xtal_48.cif,79.769295,-27.17736
xtal_49.cif,./U3Si5/__initial__/139/xtal_49.cif,-95.95112,-9.78224
xtal_5.cif,./U3Si5/__initial__/139/xtal_5.cif,50.92255,14.746208
xtal_50.cif,./U3Si5/__initial__/139/xtal_50.cif,83.74469,-1.9584157
xtal_51.cif,./U3Si5/__initial__/139/xtal_51.cif,-55.93026,-83.63069
xtal_52.cif,./U3Si5/__initial__/139/xtal_52.cif,83.94669,4.140747
xtal_53.cif,./U3Si5/__initial__/139/xtal_53.cif,56.152428,16.150993
xtal_54.cif,./U3Si5/__initial__/139/xtal_54.cif,67.25636,-48.763596
xtal_55.cif,./U3Si5/__initial__/139/xtal_55.cif,96.56076,56.735287
xtal_56.cif,./U3Si5/__initial__/139/xtal_56.cif,-94.32589,-49.011307
xtal_57.cif,./U3Si5/__initial__/139/xtal_57.cif,-49.531902,-68.58784
xtal_58.cif,./U3Si5/__initial__/139/xtal_58.cif,43.23903,7.73966
xtal_59.cif,./U3Si5/__initial__/139/xtal_59.cif,-5.03722,57.571976
xtal_6.cif,./U3Si5/__initial__/139/xtal_6.cif,54.95006,-73.22559
xtal_60.cif,./U3Si5/__initial__/139/xtal_60.cif,93.743935,73.69126
xtal_61.cif,./U3Si5/__initial__/139/xtal_61.cif,116.91053,30.788685
xtal_62.cif,./U3Si5/__initial__/139/xtal_62.cif,56.581795,-72.87576
xtal_63.cif,./U3Si5/__initial__/139/xtal_63.cif,-93.02564,41.082577
xtal_64.cif,./U3Si5/__initial__/139/xtal_64.cif,35.551548,-71.43854
xtal_65.cif,./U3Si5/__initial__/139/xtal_65.cif,-14.803467,64.64562
xtal_66.cif,./U3Si5/__initial__/139/xtal_66.cif,-66.737656,82.72477
xtal_67.cif,./U3Si5/__initial__/139/xtal_67.cif,-54.948563,24.447182
xtal_68.cif,./U3Si5/__initial__/139/xtal_68.cif,91.951385,16.630161
xtal_69.cif,./U3Si5/__initial__/139/xtal_69.cif,-86.16194,78.82695
xtal_7.cif,./U3Si5/__initial__/139/xtal_7.cif,-27.268578,-43.122746
xtal_70.cif,./U3Si5/__initial__/139/xtal_70.cif,102.212364,-18.209755
xtal_71.cif,./U3Si5/__initial__/139/xtal_71.cif,117.0936,34.274445
xtal_72.cif,./U3Si5/__initial__/139/xtal_72.cif,-37.10688,-85.11742
xtal_73.cif,./U3Si5/__initial__/139/xtal_73.cif,-43.333595,52.102226
xtal_74.cif,./U3Si5/__initial__/139/xtal_74.cif,81.49806,-46.71608
xtal_75.cif,./U3Si5/__initial__/139/xtal_75.cif,71.21416,-72.54676
xtal_76.cif,./U3Si5/__initial__/139/xtal_76.cif,64.711334,13.854082
xtal_77.cif,./U3Si5/__initial__/139/xtal_77.cif,53.05466,-27.147234
xtal_78.cif,./U3Si5/__initial__/139/xtal_78.cif,93.035904,-43.205368
xtal_79.cif,./U3Si5/__initial__/139/xtal_79.cif,102.296646,25.748255
xtal_8.cif,./U3Si5/__initial__/139/xtal_8.cif,-88.14101,51.473625
xtal_80.cif,./U3Si5/__initial__/139/xtal_80.cif,73.19067,59.432087
xtal_81.cif,./U3Si5/__initial__/139/xtal_81.cif,-33.490677,-72.79247
xtal_82.cif,./U3Si5/__initial__/139/xtal_82.cif,61.41867,-54.71588
xtal_83.cif,./U3Si5/__initial__/139/xtal_83.cif,109.767426,-9.423083
xtal_84.cif,./U3Si5/__initial__/139/xtal_84.cif,82.18559,61.20293
xtal_85.cif,./U3Si5/__initial__/139/xtal_85.cif,-19.879004,22.714
xtal_86.cif,./U3Si5/__initial__/139/xtal_86.cif,90.780365,-15.700987
xtal_87.cif,./U3Si5/__initial__/139/xtal_87.cif,-97.73938,14.269518
xtal_88.cif,./U3Si5/__initial__/139/xtal_88.cif,116.4616,10.099457
xtal_89.cif,./U3Si5/__initial__/139/xtal_89.cif,11.042741,99.481895
xtal_9.cif,./U3Si5/__initial__/139/xtal_9.cif,-14.77778,65.872894
xtal_90.cif,./U3Si5/__initial__/139/xtal_90.cif,-103.30815,19.900995
xtal_91.cif,./U3Si5/__initial__/139/xtal_91.cif,116.90715,33.02821
xtal_92.cif,./U3Si5/__initial__/139/xtal_92.cif,87.42408,56.12451
xtal_93.cif,./U3Si5/__initial__/139/xtal_93.cif,42.518494,-87.25904
xtal_94.cif,./U3Si5/__initial__/139/xtal_94.cif,67.29358,-42.441242
xtal_95.cif,./U3Si5/__initial__/139/xtal_95.cif,-95.40754,-27.944456
xtal_96.cif,./U3Si5/__initial__/139/xtal_96.cif,113.468216,25.806374
xtal_97.cif,./U3Si5/__initial__/139/xtal_97.cif,-101.875336,60.556652
xtal_98.cif,./U3Si5/__initial__/139/xtal_98.cif,68.52522,-46.24148
xtal_99.cif,./U3Si5/__initial__/139/xtal_99.cif,79.00775,-28.56851
xtal_1.cif,./U3Si5/__initial__/143/xtal_1.cif,-44.241306,-26.503836
xtal_10.cif,./U3Si5/__initial__/143/xtal_10.cif,-7.0450096,94.41053
xtal_100.cif,./U3Si5/143/xtal_100.cif,34.528778,38.68179
xtal_11.cif,./U3Si5/__initial__/143/xtal_11.cif,23.374176,76.5595
xtal_12.cif,./U3Si5/143/xtal_12.cif,-100.11718,14.701658
xtal_13.cif,./U3Si5/143/xtal_13.cif,-22.357761,-20.19989
xtal_14.cif,./U3Si5/__initial__/143/xtal_14.cif,21.877855,43.338634
xtal_15.cif,./U3Si5/__initial__/143/xtal_15.cif,68.14037,1.1287314
xtal_16.cif,./U3Si5/__initial__/143/xtal_16.cif,13.677703,42.23392
xtal_17.cif,./U3Si5/__initial__/143/xtal_17.cif,-43.434807,74.491585
xtal_18.cif,./U3Si5/__initial__/143/xtal_18.cif,35.98083,58.120373
xtal_19.cif,./U3Si5/143/xtal_19.cif,-54.209656,30.682295
xtal_2.cif,./U3Si5/__initial__/143/xtal_2.cif,24.073986,21.40754
xtal_20.cif,./U3Si5/143/xtal_20.cif,-22.046926,-55.133965
xtal_21.cif,./U3Si5/143/xtal_21.cif,-15.108418,-29.819996
xtal_22.cif,./U3Si5/143/xtal_22.cif,13.101761,3.747403
xtal_23.cif,./U3Si5/__initial__/143/xtal_23.cif,25.840528,42.830585
xtal_24.cif,./U3Si5/__initial__/143/xtal_24.cif,23.053799,36.566223
xtal_25.cif,./U3Si5/__initial__/143/xtal_25.cif,25.073366,85.9485
xtal_26.cif,./U3Si5/143/xtal_26.cif,-47.86992,-16.88593
xtal_27.cif,./U3Si5/__initial__/143/xtal_27.cif,0.93877465,31.466822
xtal_28.cif,./U3Si5/143/xtal_28.cif,20.29495,-11.949921
xtal_29.cif,./U3Si5/143/xtal_29.cif,-57.94582,34.823166
xtal_3.cif,./U3Si5/143/xtal_3.cif,-74.54737,20.989552
xtal_30.cif,./U3Si5/__initial__/143/xtal_30.cif,21.175337,18.14657
xtal_31.cif,./U3Si5/143/xtal_31.cif,6.914975,-21.271355
xtal_32.cif,./U3Si5/143/xtal_32.cif,35.61878,48.00136
xtal_33.cif,./U3Si5/__initial__/143/xtal_33.cif,-6.8016562,0.2281558
xtal_34.cif,./U3Si5/143/xtal_34.cif,1.5794199,-86.75115
xtal_35.cif,./U3Si5/__initial__/143/xtal_35.cif,-0.14979222,21.464958
xtal_36.cif,./U3Si5/143/xtal_36.cif,10.655946,1.4477113
xtal_37.cif,./U3Si5/__initial__/143/xtal_37.cif,-4.5764823,104.93836
xtal_38.cif,./U3Si5/__initial__/143/xtal_38.cif,4.9612803,4.3379974
xtal_39.cif,./U3Si5/143/xtal_39.cif,-49.441235,5.5263224
xtal_4.cif,./U3Si5/__initial__/143/xtal_4.cif,33.730026,84.94608
xtal_40.cif,./U3Si5/__initial__/143/xtal_40.cif,-60.997257,30.901466
xtal_41.cif,./U3Si5/143/xtal_41.cif,26.091154,37.8172
xtal_42.cif,./U3Si5/__initial__/143/xtal_42.cif,40.56002,56.022484
xtal_43.cif,./U3Si5/143/xtal_43.cif,-23.129265,-83.00218
xtal_44.cif,./U3Si5/143/xtal_44.cif,23.689066,5.652979
xtal_45.cif,./U3Si5/__initial__/143/xtal_45.cif,6.8713245,13.876271
xtal_46.cif,./U3Si5/__initial__/143/xtal_46.cif,32.246754,83.12199
xtal_47.cif,./U3Si5/__initial__/143/xtal_47.cif,8.5930395,-9.70194
xtal_48.cif,./U3Si5/143/xtal_48.cif,-75.71323,28.656195
xtal_49.cif,./U3Si5/__initial__/143/xtal_49.cif,-3.9957378,3.8151274
xtal_5.cif,./U3Si5/143/xtal_5.cif,-36.238605,-53.574963
xtal_50.cif,./U3Si5/__initial__/143/xtal_50.cif,34.63613,39.80953
xtal_51.cif,./U3Si5/143/xtal_51.cif,16.535069,-15.1420145
xtal_52.cif,./U3Si5/__initial__/143/xtal_52.cif,44.33398,30.403212
xtal_53.cif,./U3Si5/__initial__/143/xtal_53.cif,12.332735,9.930064
xtal_54.cif,./U3Si5/__initial__/143/xtal_54.cif,2.509274,6.1179686
xtal_55.cif,./U3Si5/__initial__/143/xtal_55.cif,11.008972,35.52531
xtal_56.cif,./U3Si5/143/xtal_56.cif,17.9556,1.343816
xtal_57.cif,./U3Si5/__initial__/143/xtal_57.cif,-38.22201,71.085266
xtal_58.cif,./U3Si5/__initial__/143/xtal_58.cif,22.041803,65.1334
xtal_59.cif,./U3Si5/__initial__/143/xtal_59.cif,1.3777243,22.417282
xtal_6.cif,./U3Si5/__initial__/143/xtal_6.cif,-36.526257,4.8198724
xtal_60.cif,./U3Si5/143/xtal_60.cif,18.518335,0.76515406
xtal_61.cif,./U3Si5/__initial__/143/xtal_61.cif,-8.491881,5.4813166
xtal_62.cif,./U3Si5/143/xtal_62.cif,9.248882,-25.03543
xtal_63.cif,./U3Si5/143/xtal_63.cif,9.526272,-24.66015
xtal_64.cif,./U3Si5/143/xtal_64.cif,-57.95512,52.87668
xtal_65.cif,./U3Si5/__initial__/143/xtal_65.cif,3.1024816,25.528744
xtal_66.cif,./U3Si5/__initial__/143/xtal_66.cif,28.940449,53.799133
xtal_67.cif,./U3Si5/__initial__/143/xtal_67.cif,26.260777,-10.974773
xtal_68.cif,./U3Si5/143/xtal_68.cif,33.2451,32.293934
xtal_69.cif,./U3Si5/143/xtal_69.cif,38.612263,47.616608
xtal_7.cif,./U3Si5/143/xtal_7.cif,-10.266612,-32.40817
xtal_70.cif,./U3Si5/__initial__/143/xtal_70.cif,44.98599,84.02945
xtal_71.cif,./U3Si5/__initial__/143/xtal_71.cif,-21.044783,47.75442
xtal_72.cif,./U3Si5/__initial__/143/xtal_72.cif,-14.231101,86.61816
xtal_73.cif,./U3Si5/__initial__/143/xtal_73.cif,12.5337305,28.158867
xtal_74.cif,./U3Si5/143/xtal_74.cif,19.91935,-2.7690609
xtal_75.cif,./U3Si5/143/xtal_75.cif,27.355934,14.925432
xtal_76.cif,./U3Si5/__initial__/143/xtal_76.cif,16.770517,24.773005
xtal_77.cif,./U3Si5/__initial__/143/xtal_77.cif,43.765022,53.215256
xtal_78.cif,./U3Si5/__initial__/143/xtal_78.cif,-46.024364,66.27719
xtal_79.cif,./U3Si5/143/xtal_79.cif,-46.680233,41.24476
xtal_8.cif,./U3Si5/__initial__/143/xtal_8.cif,-7.2728915,6.254018
xtal_80.cif,./U3Si5/143/xtal_80.cif,31.380749,33.919632
xtal_81.cif,./U3Si5/__initial__/143/xtal_81.cif,86.03168,-37.626137
xtal_82.cif,./U3Si5/143/xtal_82.cif,-3.0501182,-15.109025
xtal_83.cif,./U3Si5/__initial__/143/xtal_83.cif,48.114815,80.566605
xtal_84.cif,./U3Si5/__initial__/143/xtal_84.cif,26.012096,77.47771
xtal_85.cif,./U3Si5/__initial__/143/xtal_85.cif,-0.024061987,-16.31272
xtal_86.cif,./U3Si5/143/xtal_86.cif,7.6724977,-81.95464
xtal_87.cif,./U3Si5/__initial__/143/xtal_87.cif,73.42135,55.80872
xtal_88.cif,./U3Si5/__initial__/143/xtal_88.cif,20.50153,37.246162
xtal_89.cif,./U3Si5/__initial__/143/xtal_89.cif,46.084145,62.99609
xtal_9.cif,./U3Si5/__initial__/143/xtal_9.cif,-4.3886657,42.719753
xtal_90.cif,./U3Si5/143/xtal_90.cif,-54.90079,-59.63839
xtal_91.cif,./U3Si5/__initial__/143/xtal_91.cif,94.85594,-17.927147
xtal_92.cif,./U3Si5/__initial__/143/xtal_92.cif,44.36147,48.234104
xtal_93.cif,./U3Si5/__initial__/143/xtal_93.cif,-1.4273335,33.82215
xtal_94.cif,./U3Si5/143/xtal_94.cif,29.411638,-86.30369
xtal_95.cif,./U3Si5/143/xtal_95.cif,-64.87095,21.957195
xtal_96.cif,./U3Si5/143/xtal_96.cif,11.961497,-16.694809
xtal_97.cif,./U3Si5/__initial__/143/xtal_97.cif,42.83268,27.399979
xtal_98.cif,./U3Si5/__initial__/143/xtal_98.cif,3.4461896,5.8599324
xtal_99.cif,./U3Si5/143/xtal_99.cif,18.824799,-22.65729
xtal_1.cif,./U3Si5/144/xtal_1.cif,14.519821,-2.6415713
xtal_10.cif,./U3Si5/144/xtal_10.cif,-12.148195,-26.580162
xtal_100.cif,./U3Si5/144/xtal_100.cif,14.379189,-90.70394
xtal_11.cif,./U3Si5/144/xtal_11.cif,-16.511305,-87.39397
xtal_12.cif,./U3Si5/144/xtal_12.cif,-52.144238,73.07862
xtal_13.cif,./U3Si5/__initial__/144/xtal_13.cif,34.210217,34.228798
xtal_14.cif,./U3Si5/144/xtal_14.cif,-12.218726,-87.56189
xtal_15.cif,./U3Si5/__initial__/144/xtal_15.cif,54.742317,-17.09771
xtal_16.cif,./U3Si5/144/xtal_16.cif,8.059137,-80.25202
xtal_17.cif,./U3Si5/144/xtal_17.cif,-1.6371107,-30.983734
xtal_18.cif,./U3Si5/__initial__/144/xtal_18.cif,-27.58643,35.59901
xtal_19.cif,./U3Si5/144/xtal_19.cif,10.161936,33.91661
xtal_2.cif,./U3Si5/__initial__/144/xtal_2.cif,-57.21945,34.614006
xtal_20.cif,./U3Si5/144/xtal_20.cif,16.48158,9.164278
xtal_21.cif,./U3Si5/144/xtal_21.cif,11.2172,-81.20488
xtal_22.cif,./U3Si5/144/xtal_22.cif,18.256327,-1.9839187
xtal_23.cif,./U3Si5/144/xtal_23.cif,-65.4058,-26.194096
xtal_24.cif,./U3Si5/144/xtal_24.cif,-50.63808,-29.053766
xtal_25.cif,./U3Si5/144/xtal_25.cif,12.683975,-24.727365
xtal_26.cif,./U3Si5/144/xtal_26.cif,-0.026016489,-68.33593
xtal_27.cif,./U3Si5/144/xtal_27.cif,12.166809,29.793858
xtal_28.cif,./U3Si5/144/xtal_28.cif,14.266331,-90.75237
xtal_29.cif,./U3Si5/144/xtal_29.cif,-62.06216,5.155687
xtal_3.cif,./U3Si5/144/xtal_3.cif,12.738004,4.740126
xtal_30.cif,./U3Si5/__initial__/144/xtal_30.cif,26.152044,11.927957
xtal_31.cif,./U3Si5/__initial__/144/xtal_31.cif,-31.79855,47.9159
xtal_32.cif,./U3Si5/144/xtal_32.cif,19.627487,-97.77254
xtal_33.cif,./U3Si5/__initial__/144/xtal_33.cif,20.27106,12.949432
xtal_34.cif,./U3Si5/__initial__/144/xtal_34.cif,-12.902581,-20.711401
xtal_35.cif,./U3Si5/__initial__/144/xtal_35.cif,-45.148182,72.033585
xtal_36.cif,./U3Si5/144/xtal_36.cif,-64.21393,4.845616
xtal_37.cif,./U3Si5/144/xtal_37.cif,-19.758707,-18.279808
xtal_38.cif,./U3Si5/__initial__/144/xtal_38.cif,-29.227596,80.48397
xtal_39.cif,./U3Si5/144/xtal_39.cif,1.2924722,-14.668337
xtal_4.cif,./U3Si5/144/xtal_4.cif,-1.5231485,-16.93315
xtal_40.cif,./U3Si5/__initial__/144/xtal_40.cif,2.9677958,91.30465
xtal_41.cif,./U3Si5/144/xtal_41.cif,-57.51831,39.18163
xtal_42.cif,./U3Si5/__initial__/144/xtal_42.cif,-13.9782295,34.191643
xtal_43.cif,./U3Si5/144/xtal_43.cif,-5.924023,111.499374
xtal_44.cif,./U3Si5/__initial__/144/xtal_44.cif,25.22473,75.5759
xtal_45.cif,./U3Si5/144/xtal_45.cif,-12.085498,-27.254702
xtal_46.cif,./U3Si5/144/xtal_46.cif,6.6878133,109.135605
xtal_47.cif,./U3Si5/144/xtal_47.cif,-57.06439,35.818752
xtal_48.cif,./U3Si5/144/xtal_48.cif,-34.52538,57.33936
xtal_49.cif,./U3Si5/144/xtal_49.cif,-21.119392,-19.03014
xtal_5.cif,./U3Si5/144/xtal_5.cif,-55.00224,42.644135
xtal_50.cif,./U3Si5/144/xtal_50.cif,12.388952,-14.143529
xtal_51.cif,./U3Si5/144/xtal_51.cif,5.0500765,-22.859636
xtal_52.cif,./U3Si5/144/xtal_52.cif,13.266518,4.158338
xtal_53.cif,./U3Si5/__initial__/144/xtal_53.cif,15.452358,17.173178
xtal_54.cif,./U3Si5/__initial__/144/xtal_54.cif,3.8324554,34.940014
xtal_55.cif,./U3Si5/__initial__/144/xtal_55.cif,43.176517,36.294838
xtal_56.cif,./U3Si5/__initial__/144/xtal_56.cif,28.532763,25.386425
xtal_57.cif,./U3Si5/__initial__/144/xtal_57.cif,-64.67122,-25.022537
xtal_58.cif,./U3Si5/144/xtal_58.cif,16.58312,-61.127712
xtal_59.cif,./U3Si5/__initial__/144/xtal_59.cif,10.427265,-11.147628
xtal_6.cif,./U3Si5/__initial__/144/xtal_6.cif,-43.843414,71.32321
xtal_60.cif,./U3Si5/__initial__/144/xtal_60.cif,-27.190052,80.53993
xtal_61.cif,./U3Si5/__initial__/144/xtal_61.cif,6.6411157,91.113304
xtal_62.cif,./U3Si5/144/xtal_62.cif,-19.063416,-19.471418
xtal_63.cif,./U3Si5/144/xtal_63.cif,17.862064,-101.08981
xtal_64.cif,./U3Si5/__initial__/144/xtal_64.cif,24.331573,5.232095
xtal_65.cif,./U3Si5/__initial__/144/xtal_65.cif,30.141848,55.66013
xtal_66.cif,./U3Si5/__initial__/144/xtal_66.cif,1.2387531,-18.496567
xtal_67.cif,./U3Si5/144/xtal_67.cif,-54.243107,66.90572
xtal_68.cif,./U3Si5/144/xtal_68.cif,-9.751105,-27.522434
xtal_69.cif,./U3Si5/__initial__/144/xtal_69.cif,-38.96749,72.67004
xtal_7.cif,./U3Si5/144/xtal_7.cif,13.424825,-24.205465
xtal_70.cif,./U3Si5/144/xtal_70.cif,-40.341675,36.581882
xtal_71.cif,./U3Si5/144/xtal_71.cif,-64.44275,9.050089
xtal_72.cif,./U3Si5/144/xtal_72.cif,-66.30362,7.223498
xtal_73.cif,./U3Si5/144/xtal_73.cif,22.252747,13.92116
xtal_74.cif,./U3Si5/__initial__/144/xtal_74.cif,25.062775,55.04234
xtal_75.cif,./U3Si5/__initial__/144/xtal_75.cif,1.9246207,48.19399
xtal_76.cif,./U3Si5/__initial__/144/xtal_76.cif,19.224873,-48.26302
xtal_77.cif,./U3Si5/144/xtal_77.cif,-67.042404,19.579754
xtal_78.cif,./U3Si5/144/xtal_78.cif,6.028086,-83.10366
xtal_79.cif,./U3Si5/144/xtal_79.cif,-1.4064809,-30.285212
xtal_8.cif,./U3Si5/__initial__/144/xtal_8.cif,-35.849453,57.60618
xtal_80.cif,./U3Si5/__initial__/144/xtal_80.cif,-46.92211,74.313354
xtal_81.cif,./U3Si5/__initial__/144/xtal_81.cif,-56.46505,-37.074722
xtal_82.cif,./U3Si5/144/xtal_82.cif,-69.2168,19.58035
xtal_83.cif,./U3Si5/__initial__/144/xtal_83.cif,-4.686253,-3.942687
xtal_84.cif,./U3Si5/144/xtal_84.cif,-51.62768,-76.85786
xtal_85.cif,./U3Si5/__initial__/144/xtal_85.cif,-7.6808295,94.31304
xtal_86.cif,./U3Si5/144/xtal_86.cif,0.827759,-14.857304
xtal_87.cif,./U3Si5/144/xtal_87.cif,14.058208,3.5279245
xtal_88.cif,./U3Si5/__initial__/144/xtal_88.cif,-37.076756,-51.67736
xtal_89.cif,./U3Si5/144/xtal_89.cif,2.3565679,-29.68918
xtal_9.cif,./U3Si5/144/xtal_9.cif,18.6982,2.615472
xtal_90.cif,./U3Si5/__initial__/144/xtal_90.cif,-62.17931,17.48088
xtal_91.cif,./U3Si5/144/xtal_91.cif,-80.0717,79.89346
xtal_92.cif,./U3Si5/144/xtal_92.cif,8.3553295,-21.62199
xtal_93.cif,./U3Si5/144/xtal_93.cif,-7.1488743,-8.678803
xtal_94.cif,./U3Si5/144/xtal_94.cif,-64.45508,14.792255
xtal_95.cif,./U3Si5/__initial__/144/xtal_95.cif,15.797851,-28.292294
xtal_96.cif,./U3Si5/144/xtal_96.cif,-57.848507,-10.408061
xtal_97.cif,./U3Si5/144/xtal_97.cif,3.4770644,-96.39537
xtal_98.cif,./U3Si5/144/xtal_98.cif,5.028051,-98.3044
xtal_99.cif,./U3Si5/144/xtal_99.cif,18.361738,1.8862692
xtal_1.cif,./U3Si5/145/xtal_1.cif,22.082394,-95.85448
xtal_10.cif,./U3Si5/__initial__/145/xtal_10.cif,7.6886253,42.570732
xtal_100.cif,./U3Si5/__initial__/145/xtal_100.cif,20.61922,-96.45488
xtal_11.cif,./U3Si5/145/xtal_11.cif,8.49731,-21.424477
xtal_12.cif,./U3Si5/__initial__/145/xtal_12.cif,7.278221,-25.9466
xtal_13.cif,./U3Si5/__initial__/145/xtal_13.cif,26.376034,-80.03146
xtal_14.cif,./U3Si5/145/xtal_14.cif,4.8552227,-97.50131
xtal_15.cif,./U3Si5/__initial__/145/xtal_15.cif,-16.501091,2.928105
xtal_16.cif,./U3Si5/__initial__/145/xtal_16.cif,12.382642,44.189293
xtal_17.cif,./U3Si5/__initial__/145/xtal_17.cif,-9.6550665,92.260025
xtal_18.cif,./U3Si5/145/xtal_18.cif,-52.209232,-28.031572
xtal_19.cif,./U3Si5/__initial__/145/xtal_19.cif,-32.8988,-68.98483
xtal_2.cif,./U3Si5/__initial__/145/xtal_2.cif,14.017998,-1.599136
xtal_20.cif,./U3Si5/__initial__/145/xtal_20.cif,-57.580738,-15.211263
xtal_21.cif,./U3Si5/145/xtal_21.cif,-9.541536,-27.58545
xtal_22.cif,./U3Si5/__initial__/145/xtal_22.cif,-56.27983,17.4905
xtal_23.cif,./U3Si5/__initial__/145/xtal_23.cif,3.281316,34.188766
xtal_24.cif,./U3Si5/__initial__/145/xtal_24.cif,-47.727673,-16.856762
xtal_25.cif,./U3Si5/145/xtal_25.cif,0.11854698,-32.343987
xtal_26.cif,./U3Si5/__initial__/145/xtal_26.cif,-65.34515,5.795363
xtal_27.cif,./U3Si5/__initial__/145/xtal_27.cif,10.283258,-84.80757
xtal_28.cif,./U3Si5/__initial__/145/xtal_28.cif,18.80891,32.508545
xtal_29.cif,./U3Si5/__initial__/145/xtal_29.cif,-19.753237,-18.294212
xtal_3.cif,./U3Si5/__initial__/145/xtal_3.cif,26.131117,15.517052
xtal_30.cif,./U3Si5/__initial__/145/xtal_30.cif,-19.607035,-16.728935
xtal_31.cif,./U3Si5/__initial__/145/xtal_31.cif,9.706524,33.911804
xtal_32.cif,./U3Si5/__initial__/145/xtal_32.cif,-2.6041164,29.076939
xtal_33.cif,./U3Si5/145/xtal_33.cif,-67.57104,19.650816
xtal_34.cif,./U3Si5/__initial__/145/xtal_34.cif,-69.265205,7.9722986
xtal_35.cif,./U3Si5/__initial__/145/xtal_35.cif,-1.5486313,47.58122
xtal_36.cif,./U3Si5/__initial__/145/xtal_36.cif,-38.656334,-53.79999
xtal_37.cif,./U3Si5/145/xtal_37.cif,-5.566779,-12.132754
xtal_38.cif,./U3Si5/__initial__/145/xtal_38.cif,15.3701935,-22.752626
xtal_39.cif,./U3Si5/145/xtal_39.cif,12.485911,-90.68744
xtal_4.cif,./U3Si5/145/xtal_4.cif,10.704966,-15.271503
xtal_40.cif,./U3Si5/__initial__/145/xtal_40.cif,14.2707405,-1.9542582
xtal_41.cif,./U3Si5/__initial__/145/xtal_41.cif,-13.364252,89.968254
xtal_42.cif,./U3Si5/__initial__/145/xtal_42.cif,-2.2728903,45.4417
xtal_43.cif,./U3Si5/145/xtal_43.cif,-64.874504,-9.084799
xtal_44.cif,./U3Si5/145/xtal_44.cif,8.798043,-25.008018
xtal_45.cif,./U3Si5/__initial__/145/xtal_45.cif,-70.72366,19.434156
xtal_46.cif,./U3Si5/__initial__/145/xtal_46.cif,52.62213,-18.064423
xtal_47.cif,./U3Si5/__initial__/145/xtal_47.cif,-14.890852,-13.74574
xtal_48.cif,./U3Si5/__initial__/145/xtal_48.cif,-65.334,17.021866
xtal_49.cif,./U3Si5/__initial__/145/xtal_49.cif,-25.40098,-20.785269
xtal_5.cif,./U3Si5/__initial__/145/xtal_5.cif,31.474333,-11.386536
xtal_50.cif,./U3Si5/__initial__/145/xtal_50.cif,-5.575487,43.41223
xtal_51.cif,./U3Si5/__initial__/145/xtal_51.cif,-60.84754,35.830708
xtal_52.cif,./U3Si5/__initial__/145/xtal_52.cif,20.216341,7.613702
xtal_53.cif,./U3Si5/145/xtal_53.cif,5.642881,-23.454262
xtal_54.cif,./U3Si5/145/xtal_54.cif,11.593524,-26.351767
xtal_55.cif,./U3Si5/__initial__/145/xtal_55.cif,-64.87628,8.683725
xtal_56.cif,./U3Si5/145/xtal_56.cif,12.065574,-24.702116
xtal_57.cif,./U3Si5/__initial__/145/xtal_57.cif,-21.66485,-27.016289
xtal_58.cif,./U3Si5/__initial__/145/xtal_58.cif,14.029976,-88.35295
xtal_59.cif,./U3Si5/__initial__/145/xtal_59.cif,-14.546418,-20.99937
xtal_6.cif,./U3Si5/__initial__/145/xtal_6.cif,-63.6323,-20.87029
xtal_60.cif,./U3Si5/__initial__/145/xtal_60.cif,-60.396664,3.9969726
xtal_61.cif,./U3Si5/__initial__/145/xtal_61.cif,13.468792,4.8273997
xtal_62.cif,./U3Si5/145/xtal_62.cif,11.152529,-13.981833
xtal_63.cif,./U3Si5/__initial__/145/xtal_63.cif,53.01897,66.36146
xtal_64.cif,./U3Si5/__initial__/145/xtal_64.cif,18.798086,-27.536512
xtal_65.cif,./U3Si5/__initial__/145/xtal_65.cif,7.725033,86.81753
xtal_66.cif,./U3Si5/__initial__/145/xtal_66.cif,15.430134,-0.6214185
xtal_67.cif,./U3Si5/145/xtal_67.cif,-87.82349,-14.562528
xtal_68.cif,./U3Si5/__initial__/145/xtal_68.cif,4.2156014,16.058605
xtal_69.cif,./U3Si5/145/xtal_69.cif,-52.898838,76.90361
xtal_7.cif,./U3Si5/__initial__/145/xtal_7.cif,-20.468401,-21.346151
xtal_70.cif,./U3Si5/145/xtal_70.cif,4.949059,-20.955173
xtal_71.cif,./U3Si5/__initial__/145/xtal_71.cif,42.741074,55.334652
xtal_72.cif,./U3Si5/__initial__/145/xtal_72.cif,-44.430225,68.89436
xtal_73.cif,./U3Si5/__initial__/145/xtal_73.cif,5.2390957,-82.94259
xtal_74.cif,./U3Si5/__initial__/145/xtal_74.cif,-68.71648,19.709879
xtal_75.cif,./U3Si5/145/xtal_75.cif,9.630182,-85.06363
xtal_76.cif,./U3Si5/__initial__/145/xtal_76.cif,-57.979187,39.805553
xtal_77.cif,./U3Si5/__initial__/145/xtal_77.cif,11.62209,24.329891
xtal_78.cif,./U3Si5/145/xtal_78.cif,12.728567,-23.731586
xtal_79.cif,./U3Si5/__initial__/145/xtal_79.cif,-66.97173,4.8994184
xtal_8.cif,./U3Si5/145/xtal_8.cif,9.750088,-82.78929
xtal_80.cif,./U3Si5/__initial__/145/xtal_80.cif,11.258158,-87.64686
xtal_81.cif,./U3Si5/__initial__/145/xtal_81.cif,-17.003143,-22.16568
xtal_82.cif,./U3Si5/__initial__/145/xtal_82.cif,13.028825,-86.52194
xtal_83.cif,./U3Si5/__initial__/145/xtal_83.cif,-44.545776,-10.96719
xtal_84.cif,./U3Si5/145/xtal_84.cif,-21.9367,-90.47651
xtal_85.cif,./U3Si5/__initial__/145/xtal_85.cif,-65.98917,17.62517
xtal_86.cif,./U3Si5/__initial__/145/xtal_86.cif,-48.014328,44.054073
xtal_87.cif,./U3Si5/__initial__/145/xtal_87.cif,17.400639,-83.56712
xtal_88.cif,./U3Si5/__initial__/145/xtal_88.cif,36.620663,55.706993
xtal_89.cif,./U3Si5/__initial__/145/xtal_89.cif,-41.76386,70.21944
xtal_9.cif,./U3Si5/__initial__/145/xtal_9.cif,16.424791,-3.287099
xtal_90.cif,./U3Si5/__initial__/145/xtal_90.cif,-42.562946,61.23513
xtal_91.cif,./U3Si5/145/xtal_91.cif,7.222666,-78.62289
xtal_92.cif,./U3Si5/145/xtal_92.cif,3.4778404,36.835896
xtal_93.cif,./U3Si5/__initial__/145/xtal_93.cif,-65.14163,22.036316
xtal_94.cif,./U3Si5/145/xtal_94.cif,-60.272274,-70.80492
xtal_95.cif,./U3Si5/__initial__/145/xtal_95.cif,-66.03547,6.5107336
xtal_96.cif,./U3Si5/__initial__/145/xtal_96.cif,-65.310074,7.860488
xtal_97.cif,./U3Si5/145/xtal_97.cif,2.6205807,-16.630037
xtal_98.cif,./U3Si5/__initial__/145/xtal_98.cif,17.25832,-2.7205074
xtal_99.cif,./U3Si5/__initial__/145/xtal_99.cif,-2.5492153,-29.710693
xtal_1.cif,./U3Si5/146/xtal_1.cif,-52.074787,-25.405533
xtal_10.cif,./U3Si5/146/xtal_10.cif,-86.99947,28.567635
xtal_100.cif,./U3Si5/__initial__/146/xtal_100.cif,0.12077288,-8.8732
xtal_11.cif,./U3Si5/__initial__/146/xtal_11.cif,-65.91284,-46.419174
xtal_12.cif,./U3Si5/146/xtal_12.cif,-21.911495,-90.47476
xtal_13.cif,./U3Si5/__initial__/146/xtal_13.cif,-13.200608,92.4349
xtal_14.cif,./U3Si5/__initial__/146/xtal_14.cif,38.423836,47.437656
xtal_15.cif,./U3Si5/146/xtal_15.cif,-50.981884,78.029594
xtal_16.cif,./U3Si5/146/xtal_16.cif,-16.877419,-14.167961
xtal_17.cif,./U3Si5/__initial__/146/xtal_17.cif,36.25167,38.358913
xtal_18.cif,./U3Si5/__initial__/146/xtal_18.cif,-23.12707,-20.470142
xtal_19.cif,./U3Si5/__initial__/146/xtal_19.cif,42.515545,63.30522
xtal_2.cif,./U3Si5/__initial__/146/xtal_2.cif,-11.40951,-20.260004
xtal_20.cif,./U3Si5/__initial__/146/xtal_20.cif,7.2450366,-5.924412
xtal_21.cif,./U3Si5/__initial__/146/xtal_21.cif,27.105999,29.792057
xtal_22.cif,./U3Si5/__initial__/146/xtal_22.cif,26.216497,53.727985
xtal_23.cif,./U3Si5/__initial__/146/xtal_23.cif,41.852512,46.294952
xtal_24.cif,./U3Si5/__initial__/146/xtal_24.cif,41.15259,45.918564
xtal_25.cif,./U3Si5/__initial__/146/xtal_25.cif,55.553635,-89.92722
xtal_26.cif,./U3Si5/__initial__/146/xtal_26.cif,43.76735,54.432278
xtal_27.cif,./U3Si5/__initial__/146/xtal_27.cif,30.11696,64.91247
xtal_28.cif,./U3Si5/__initial__/146/xtal_28.cif,17.667109,-20.95612
xtal_29.cif,./U3Si5/__initial__/146/xtal_29.cif,31.560413,1.5191168
xtal_3.cif,./U3Si5/__initial__/146/xtal_3.cif,59.565113,74.097206
xtal_30.cif,./U3Si5/__initial__/146/xtal_30.cif,0.65259033,-22.686853
xtal_31.cif,./U3Si5/__initial__/146/xtal_31.cif,64.00588,-66.34693
xtal_32.cif,./U3Si5/146/xtal_32.cif,-31.344664,41.23236
xtal_33.cif,./U3Si5/__initial__/146/xtal_33.cif,43.119987,31.653505
xtal_34.cif,./U3Si5/__initial__/146/xtal_34.cif,-13.231312,89.183945
xtal_35.cif,./U3Si5/__initial__/146/xtal_35.cif,5.9576073,18.547127
xtal_36.cif,./U3Si5/__initial__/146/xtal_36.cif,-46.248165,27.37926
xtal_37.cif,./U3Si5/__initial__/146/xtal_37.cif,0.51551604,-58.269466
xtal_38.cif,./U3Si5/146/xtal_38.cif,34.17887,30.962727
xtal_39.cif,./U3Si5/__initial__/146/xtal_39.cif,24.64601,52.925957
xtal_4.cif,./U3Si5/146/xtal_4.cif,-6.5397525,-29.921646
xtal_40.cif,./U3Si5/__initial__/146/xtal_40.cif,31.758854,34.042694
xtal_41.cif,./U3Si5/__initial__/146/xtal_41.cif,13.4288645,-84.2543
xtal_42.cif,./U3Si5/__initial__/146/xtal_42.cif,-53.2813,67.24707
xtal_43.cif,./U3Si5/__initial__/146/xtal_43.cif,20.103743,36.24903
xtal_44.cif,./U3Si5/__initial__/146/xtal_44.cif,50.29187,82.8122
xtal_45.cif,./U3Si5/__initial__/146/xtal_45.cif,8.8057995,40.37325
xtal_46.cif,./U3Si5/146/xtal_46.cif,-13.008481,-12.954347
xtal_47.cif,./U3Si5/146/xtal_47.cif,23.309671,21.37735
xtal_48.cif,./U3Si5/__initial__/146/xtal_48.cif,24.941217,76.27221
xtal_49.cif,./U3Si5/146/xtal_49.cif,2.333357,-18.194801
xtal_5.cif,./U3Si5/146/xtal_5.cif,-73.74687,10.269463
xtal_50.cif,./U3Si5/__initial__/146/xtal_50.cif,32.71306,30.461859
xtal_51.cif,./U3Si5/146/xtal_51.cif,7.6756573,-81.89816
xtal_52.cif,./U3Si5/__initial__/146/xtal_52.cif,27.998829,-16.832024
xtal_53.cif,./U3Si5/__initial__/146/xtal_53.cif,-67.180016,14.208115
xtal_54.cif,./U3Si5/__initial__/146/xtal_54.cif,12.878203,-0.6661235
xtal_55.cif,./U3Si5/__initial__/146/xtal_55.cif,16.741728,34.520004
xtal_56.cif,./U3Si5/146/xtal_56.cif,-8.016246,-9.121093
xtal_57.cif,./U3Si5/__initial__/146/xtal_57.cif,14.489396,9.529724
xtal_58.cif,./U3Si5/__initial__/146/xtal_58.cif,11.24801,35.56878
xtal_59.cif,./U3Si5/__initial__/146/xtal_59.cif,48.71494,60.647762
xtal_6.cif,./U3Si5/__initial__/146/xtal_6.cif,11.263572,45.187744
xtal_60.cif,./U3Si5/__initial__/146/xtal_60.cif,23.276907,21.2321
xtal_61.cif,./U3Si5/__initial__/146/xtal_61.cif,20.727224,20.49048
xtal_62.cif,./U3Si5/__initial__/146/xtal_62.cif,-0.25297815,78.217545
xtal_63.cif,./U3Si5/__initial__/146/xtal_63.cif,-62.93813,4.985733
xtal_64.cif,./U3Si5/__initial__/146/xtal_64.cif,30.317396,24.88282
xtal_65.cif,./U3Si5/__initial__/146/xtal_65.cif,50.419685,64.05725
xtal_66.cif,./U3Si5/__initial__/146/xtal_66.cif,26.225441,-80.31411
xtal_67.cif,./U3Si5/__initial__/146/xtal_67.cif,12.844988,-3.736597
xtal_68.cif,./U3Si5/__initial__/146/xtal_68.cif,37.74116,41.6598
xtal_69.cif,./U3Si5/__initial__/146/xtal_69.cif,41.109966,43.67537
xtal_7.cif,./U3Si5/__initial__/146/xtal_7.cif,28.991835,7.8177805
xtal_70.cif,./U3Si5/__initial__/146/xtal_70.cif,17.78296,7.51725
xtal_71.cif,./U3Si5/__initial__/146/xtal_71.cif,-11.93416,-57.408047
xtal_72.cif,./U3Si5/__initial__/146/xtal_72.cif,8.681272,-0.64869
xtal_73.cif,./U3Si5/__initial__/146/xtal_73.cif,-1.8232586,44.168293
xtal_74.cif,./U3Si5/__initial__/146/xtal_74.cif,0.33120775,44.807655
xtal_75.cif,./U3Si5/__initial__/146/xtal_75.cif,32.07426,31.113146
xtal_76.cif,./U3Si5/__initial__/146/xtal_76.cif,-25.871843,86.84818
xtal_77.cif,./U3Si5/__initial__/146/xtal_77.cif,12.750246,-14.440273
xtal_78.cif,./U3Si5/__initial__/146/xtal_78.cif,35.00386,37.237885
xtal_79.cif,./U3Si5/__initial__/146/xtal_79.cif,24.770546,54.67476
xtal_8.cif,./U3Si5/__initial__/146/xtal_8.cif,30.775003,38.485214
xtal_80.cif,./U3Si5/__initial__/146/xtal_80.cif,-7.235449,-9.634869
xtal_81.cif,./U3Si5/__initial__/146/xtal_81.cif,42.961235,49.55367
xtal_82.cif,./U3Si5/__initial__/146/xtal_82.cif,31.756495,35.199707
xtal_83.cif,./U3Si5/__initial__/146/xtal_83.cif,-7.0833454,39.784115
xtal_84.cif,./U3Si5/__initial__/146/xtal_84.cif,59.0834,77.45961
xtal_85.cif,./U3Si5/__initial__/146/xtal_85.cif,25.651638,21.489115
xtal_86.cif,./U3Si5/__initial__/146/xtal_86.cif,26.429913,47.920254
xtal_87.cif,./U3Si5/__initial__/146/xtal_87.cif,30.830704,9.566836
xtal_88.cif,./U3Si5/146/xtal_88.cif,-0.04302938,-14.22414
xtal_89.cif,./U3Si5/__initial__/146/xtal_89.cif,-57.050358,-57.517246
xtal_9.cif,./U3Si5/__initial__/146/xtal_9.cif,21.84824,3.6136076
xtal_90.cif,./U3Si5/146/xtal_90.cif,20.967768,11.6144085
xtal_91.cif,./U3Si5/__initial__/146/xtal_91.cif,-67.94434,20.885128
xtal_92.cif,./U3Si5/__initial__/146/xtal_92.cif,41.019814,54.46337
xtal_93.cif,./U3Si5/__initial__/146/xtal_93.cif,21.248917,-16.560564
xtal_94.cif,./U3Si5/146/xtal_94.cif,-6.0717397,-16.755732
xtal_95.cif,./U3Si5/__initial__/146/xtal_95.cif,59.5824,80.128296
xtal_96.cif,./U3Si5/__initial__/146/xtal_96.cif,25.473028,55.900185
xtal_97.cif,./U3Si5/__initial__/146/xtal_97.cif,43.97927,48.296448
xtal_98.cif,./U3Si5/__initial__/146/xtal_98.cif,-56.088924,-53.178215
xtal_99.cif,./U3Si5/__initial__/146/xtal_99.cif,35.00896,22.200586
xtal_1.cif,./U3Si5/147/xtal_1.cif,-3.64306,-100.79989
xtal_10.cif,./U3Si5/__initial__/147/xtal_10.cif,-29.501522,-38.77834
xtal_100.cif,./U3Si5/__initial__/147/xtal_100.cif,83.92131,3.4542892
xtal_11.cif,./U3Si5/__initial__/147/xtal_11.cif,-8.97028,26.598
xtal_12.cif,./U3Si5/__initial__/147/xtal_12.cif,32.74169,-91.34413
xtal_13.cif,./U3Si5/__initial__/147/xtal_13.cif,-91.20074,12.535445
xtal_14.cif,./U3Si5/147/xtal_14.cif,-15.962283,-89.853455
xtal_15.cif,./U3Si5/__initial__/147/xtal_15.cif,30.107239,-13.119641
xtal_16.cif,./U3Si5/__initial__/147/xtal_16.cif,35.1692,-85.59812
xtal_17.cif,./U3Si5/147/xtal_17.cif,-10.742248,-98.14795
xtal_18.cif,./U3Si5/__initial__/147/xtal_18.cif,-91.59397,15.936587
xtal_19.cif,./U3Si5/147/xtal_19.cif,-41.247982,59.932
xtal_2.cif,./U3Si5/147/xtal_2.cif,95.80501,-46.444923
xtal_20.cif,./U3Si5/__initial__/147/xtal_20.cif,11.415849,80.19936
xtal_21.cif,./U3Si5/__initial__/147/xtal_21.cif,96.89537,43.22687
xtal_22.cif,./U3Si5/147/xtal_22.cif,-15.136937,-54.374035
xtal_23.cif,./U3Si5/147/xtal_23.cif,-54.426865,-78.61907
xtal_24.cif,./U3Si5/147/xtal_24.cif,-17.613855,-94.20093
xtal_25.cif,./U3Si5/__initial__/147/xtal_25.cif,-73.02211,42.925343
xtal_26.cif,./U3Si5/__initial__/147/xtal_26.cif,-1.0040424,18.682215
xtal_27.cif,./U3Si5/__initial__/147/xtal_27.cif,45.50442,-51.280674
xtal_28.cif,./U3Si5/__initial__/147/xtal_28.cif,-35.737488,0.29063028
xtal_29.cif,./U3Si5/__initial__/147/xtal_29.cif,-9.030342,69.12099
xtal_3.cif,./U3Si5/147/xtal_3.cif,23.477234,-57.01378
xtal_30.cif,./U3Si5/__initial__/147/xtal_30.cif,-23.545908,64.66032
xtal_31.cif,./U3Si5/__initial__/147/xtal_31.cif,-28.158077,70.761185
xtal_32.cif,./U3Si5/__initial__/147/xtal_32.cif,82.96011,-44.304897
xtal_33.cif,./U3Si5/__initial__/147/xtal_33.cif,-8.328011,16.52769
xtal_34.cif,./U3Si5/__initial__/147/xtal_34.cif,9.168139,-57.716026
xtal_35.cif,./U3Si5/__initial__/147/xtal_35.cif,-53.143166,18.424614
xtal_36.cif,./U3Si5/147/xtal_36.cif,-12.267657,-76.4785
xtal_37.cif,./U3Si5/__initial__/147/xtal_37.cif,-94.02626,-10.664552
xtal_38.cif,./U3Si5/__initial__/147/xtal_38.cif,-45.37713,1.5071114
xtal_39.cif,./U3Si5/__initial__/147/xtal_39.cif,103.46271,-16.331223
xtal_4.cif,./U3Si5/147/xtal_4.cif,112.657684,6.15322
xtal_40.cif,./U3Si5/__initial__/147/xtal_40.cif,-4.7626853,16.13007
xtal_41.cif,./U3Si5/147/xtal_41.cif,11.877833,-53.739834
xtal_42.cif,./U3Si5/147/xtal_42.cif,-1.3946439,-75.62339
xtal_43.cif,./U3Si5/147/xtal_43.cif,79.74759,-40.390358
xtal_44.cif,./U3Si5/__initial__/147/xtal_44.cif,-46.409946,58.808506
xtal_45.cif,./U3Si5/147/xtal_45.cif,-49.217453,-51.59444
xtal_46.cif,./U3Si5/__initial__/147/xtal_46.cif,61.183937,-25.599644
xtal_47.cif,./U3Si5/__initial__/147/xtal_47.cif,73.156235,59.441433
xtal_48.cif,./U3Si5/__initial__/147/xtal_48.cif,-2.5380824,85.323105
xtal_49.cif,./U3Si5/147/xtal_49.cif,-55.984283,19.791739
xtal_5.cif,./U3Si5/__initial__/147/xtal_5.cif,-5.45985,-100.484535
xtal_50.cif,./U3Si5/147/xtal_50.cif,-90.442314,44.60139
xtal_51.cif,./U3Si5/147/xtal_51.cif,-77.57033,-6.0378737
xtal_52.cif,./U3Si5/147/xtal_52.cif,0.7713941,-93.177895
xtal_53.cif,./U3Si5/__initial__/147/xtal_53.cif,95.12885,42.096817
xtal_54.cif,./U3Si5/147/xtal_54.cif,-70.759125,-48.54452
xtal_55.cif,./U3Si5/__initial__/147/xtal_55.cif,109.22447,-9.853972
xtal_56.cif,./U3Si5/147/xtal_56.cif,11.495377,-54.5214
xtal_57.cif,./U3Si5/__initial__/147/xtal_57.cif,-57.78571,11.874902
xtal_58.cif,./U3Si5/__initial__/147/xtal_58.cif,-57.471893,1.7374188
xtal_59.cif,./U3Si5/__initial__/147/xtal_59.cif,79.14125,57.40662
xtal_6.cif,./U3Si5/__initial__/147/xtal_6.cif,-10.84716,81.947525
xtal_60.cif,./U3Si5/__initial__/147/xtal_60.cif,-84.42769,49.085007
xtal_61.cif,./U3Si5/__initial__/147/xtal_61.cif,-50.029343,-1.341842
xtal_62.cif,./U3Si5/147/xtal_62.cif,24.803373,-74.14781
xtal_63.cif,./U3Si5/__initial__/147/xtal_63.cif,-57.647675,22.242525
xtal_64.cif,./U3Si5/__initial__/147/xtal_64.cif,-48.200157,41.273552
xtal_65.cif,./U3Si5/__initial__/147/xtal_65.cif,100.78562,-35.69826
xtal_66.cif,./U3Si5/__initial__/147/xtal_66.cif,-63.707565,31.587622
xtal_67.cif,./U3Si5/147/xtal_67.cif,-100.334145,13.69354
xtal_68.cif,./U3Si5/__initial__/147/xtal_68.cif,67.50609,-39.318768
xtal_69.cif,./U3Si5/147/xtal_69.cif,3.9399364,-62.17463
xtal_7.cif,./U3Si5/__initial__/147/xtal_7.cif,-37.54777,92.61352
xtal_70.cif,./U3Si5/147/xtal_70.cif,27.874142,-104.262276
xtal_71.cif,./U3Si5/147/xtal_71.cif,35.082832,-73.45773
xtal_72.cif,./U3Si5/__initial__/147/xtal_72.cif,-39.032524,-31.066832
xtal_73.cif,./U3Si5/__initial__/147/xtal_73.cif,93.09519,70.54278
xtal_74.cif,./U3Si5/__initial__/147/xtal_74.cif,99.91952,29.62213
xtal_75.cif,./U3Si5/__initial__/147/xtal_75.cif,-89.67547,24.47948
xtal_76.cif,./U3Si5/147/xtal_76.cif,-10.226732,-64.36168
xtal_77.cif,./U3Si5/147/xtal_77.cif,-69.919174,63.12344
xtal_78.cif,./U3Si5/147/xtal_78.cif,29.052362,4.737533
xtal_79.cif,./U3Si5/__initial__/147/xtal_79.cif,70.16546,20.121885
xtal_8.cif,./U3Si5/147/xtal_8.cif,1.5309588,-82.56749
xtal_80.cif,./U3Si5/__initial__/147/xtal_80.cif,-54.409557,-0.7976406
xtal_81.cif,./U3Si5/147/xtal_81.cif,26.516453,-104.48966
xtal_82.cif,./U3Si5/147/xtal_82.cif,-48.72277,-66.17512
xtal_83.cif,./U3Si5/__initial__/147/xtal_83.cif,29.701502,-23.918997
xtal_84.cif,./U3Si5/__initial__/147/xtal_84.cif,-6.9837403,71.48027
xtal_85.cif,./U3Si5/147/xtal_85.cif,0.1692064,109.97083
xtal_86.cif,./U3Si5/147/xtal_86.cif,-1.7931225,-90.886444
xtal_87.cif,./U3Si5/147/xtal_87.cif,95.59044,4.080488
xtal_88.cif,./U3Si5/__initial__/147/xtal_88.cif,89.059074,53.698647
xtal_89.cif,./U3Si5/147/xtal_89.cif,-48.60613,17.03184
xtal_9.cif,./U3Si5/147/xtal_9.cif,-25.450802,-85.47303
xtal_90.cif,./U3Si5/147/xtal_90.cif,42.123962,74.19618
xtal_91.cif,./U3Si5/__initial__/147/xtal_91.cif,-61.005127,59.2106
xtal_92.cif,./U3Si5/__initial__/147/xtal_92.cif,105.81484,29.187567
xtal_93.cif,./U3Si5/147/xtal_93.cif,14.085653,-53.93151
xtal_94.cif,./U3Si5/__initial__/147/xtal_94.cif,58.145107,-7.352542
xtal_95.cif,./U3Si5/147/xtal_95.cif,4.258309,104.79694
xtal_96.cif,./U3Si5/__initial__/147/xtal_96.cif,-59.094166,15.955129
xtal_97.cif,./U3Si5/__initial__/147/xtal_97.cif,101.31166,18.742172
xtal_98.cif,./U3Si5/147/xtal_98.cif,84.28584,-59.829216
xtal_99.cif,./U3Si5/147/xtal_99.cif,-0.3900249,-75.84113
xtal_1.cif,./U3Si5/148/xtal_1.cif,-94.35664,-31.19532
xtal_10.cif,./U3Si5/148/xtal_10.cif,1.0317296,72.09691
xtal_100.cif,./U3Si5/148/xtal_100.cif,-98.63667,30.353533
xtal_11.cif,./U3Si5/148/xtal_11.cif,33.46311,-96.85071
xtal_12.cif,./U3Si5/148/xtal_12.cif,-94.123276,35.21894
xtal_13.cif,./U3Si5/148/xtal_13.cif,-27.147346,93.032845
xtal_14.cif,./U3Si5/148/xtal_14.cif,-62.23512,101.21305
xtal_15.cif,./U3Si5/148/xtal_15.cif,-73.42417,73.30009
xtal_16.cif,./U3Si5/148/xtal_16.cif,-28.097445,-30.699999
xtal_17.cif,./U3Si5/148/xtal_17.cif,-14.563247,107.131096
xtal_18.cif,./U3Si5/148/xtal_18.cif,76.76595,-52.394253
xtal_19.cif,./U3Si5/148/xtal_19.cif,-104.55023,-14.030479
xtal_2.cif,./U3Si5/148/xtal_2.cif,43.89455,-85.0261
xtal_20.cif,./U3Si5/148/xtal_20.cif,-49.454975,-68.68881
xtal_21.cif,./U3Si5/148/xtal_21.cif,-98.47645,11.346086
xtal_22.cif,./U3Si5/__initial__/148/xtal_22.cif,61.171535,-28.669374
xtal_23.cif,./U3Si5/148/xtal_23.cif,-29.314426,15.109332
xtal_24.cif,./U3Si5/148/xtal_24.cif,-102.6756,19.670336
xtal_25.cif,./U3Si5/148/xtal_25.cif,92.98461,-44.521896
xtal_26.cif,./U3Si5/148/xtal_26.cif,-94.90256,-4.2346807
xtal_27.cif,./U3Si5/148/xtal_27.cif,-79.74569,-41.802853
xtal_28.cif,./U3Si5/148/xtal_28.cif,-86.31519,-24.797562
xtal_29.cif,./U3Si5/148/xtal_29.cif,111.87196,-15.761469
xtal_3.cif,./U3Si5/148/xtal_3.cif,-9.681692,-63.662266
xtal_30.cif,./U3Si5/148/xtal_30.cif,-60.84083,-82.57961
xtal_31.cif,./U3Si5/__initial__/148/xtal_31.cif,-38.59603,19.692713
xtal_32.cif,./U3Si5/148/xtal_32.cif,-30.11909,63.336647
xtal_33.cif,./U3Si5/148/xtal_33.cif,77.35707,-69.851364
xtal_34.cif,./U3Si5/__initial__/148/xtal_34.cif,-2.6481068,102.125336
xtal_35.cif,./U3Si5/148/xtal_35.cif,53.26208,-42.43349
xtal_36.cif,./U3Si5/148/xtal_36.cif,-12.927577,-102.28238
xtal_37.cif,./U3Si5/148/xtal_37.cif,-82.9495,-62.107796
xtal_38.cif,./U3Si5/148/xtal_38.cif,-37.93693,-95.94141
xtal_39.cif,./U3Si5/148/xtal_39.cif,106.67166,-28.322653
xtal_4.cif,./U3Si5/148/xtal_4.cif,-96.0141,-4.6132374
xtal_40.cif,./U3Si5/148/xtal_40.cif,-51.109364,24.674234
xtal_41.cif,./U3Si5/148/xtal_41.cif,-30.281754,63.310863
xtal_42.cif,./U3Si5/__initial__/148/xtal_42.cif,-32.19943,-22.467533
xtal_43.cif,./U3Si5/148/xtal_43.cif,-88.066444,77.465485
xtal_44.cif,./U3Si5/__initial__/148/xtal_44.cif,-68.74173,82.25005
xtal_45.cif,./U3Si5/148/xtal_45.cif,-11.919633,-47.191685
xtal_46.cif,./U3Si5/148/xtal_46.cif,100.26403,23.05298
xtal_47.cif,./U3Si5/__initial__/148/xtal_47.cif,-34.85456,28.25534
xtal_48.cif,./U3Si5/148/xtal_48.cif,-95.19054,-39.01996
xtal_49.cif,./U3Si5/148/xtal_49.cif,-84.122,63.460453
xtal_5.cif,./U3Si5/148/xtal_5.cif,-68.92963,41.396214
xtal_50.cif,./U3Si5/148/xtal_50.cif,-22.57411,111.86916
xtal_51.cif,./U3Si5/148/xtal_51.cif,34.574455,-68.15448
xtal_52.cif,./U3Si5/__initial__/148/xtal_52.cif,-73.02048,-59.744236
xtal_53.cif,./U3Si5/148/xtal_53.cif,-18.909014,-45.967625
xtal_54.cif,./U3Si5/148/xtal_54.cif,75.59621,-50.731327
xtal_55.cif,./U3Si5/148/xtal_55.cif,106.421875,-28.58261
xtal_56.cif,./U3Si5/148/xtal_56.cif,-97.62063,34.164917
xtal_57.cif,./U3Si5/__initial__/148/xtal_57.cif,56.745728,14.924303
xtal_58.cif,./U3Si5/148/xtal_58.cif,103.896095,-18.078827
xtal_59.cif,./U3Si5/148/xtal_59.cif,17.020086,-97.99113
xtal_6.cif,./U3Si5/__initial__/148/xtal_6.cif,-117.13302,18.399817
xtal_60.cif,./U3Si5/148/xtal_60.cif,-100.97432,-0.13698456
xtal_61.cif,./U3Si5/__initial__/148/xtal_61.cif,53.255585,-42.476444
xtal_62.cif,./U3Si5/148/xtal_62.cif,-76.16154,-23.740608
xtal_63.cif,./U3Si5/148/xtal_63.cif,-3.6499197,-71.73699
xtal_64.cif,./U3Si5/148/xtal_64.cif,-30.338844,-74.66822
xtal_65.cif,./U3Si5/148/xtal_65.cif,-82.15154,-41.714767
xtal_66.cif,./U3Si5/148/xtal_66.cif,75.84628,-51.20285
xtal_67.cif,./U3Si5/148/xtal_67.cif,5.983118,90.746956
xtal_68.cif,./U3Si5/148/xtal_68.cif,-45.86015,93.54835
xtal_69.cif,./U3Si5/148/xtal_69.cif,13.634387,-46.64439
xtal_7.cif,./U3Si5/148/xtal_7.cif,54.141727,-41.09486
xtal_70.cif,./U3Si5/148/xtal_70.cif,-33.013943,-57.413933
xtal_71.cif,./U3Si5/148/xtal_71.cif,-100.63747,28.626167
xtal_72.cif,./U3Si5/148/xtal_72.cif,46.94191,-58.330128
xtal_73.cif,./U3Si5/148/xtal_73.cif,-5.5722227,-62.601692
xtal_74.cif,./U3Si5/__initial__/148/xtal_74.cif,85.74778,-74.86218
xtal_75.cif,./U3Si5/148/xtal_75.cif,45.195923,-59.79266
xtal_76.cif,./U3Si5/148/xtal_76.cif,-94.5155,-13.164174
xtal_77.cif,./U3Si5/148/xtal_77.cif,32.925972,-80.2289
xtal_78.cif,./U3Si5/148/xtal_78.cif,-73.50812,71.78929
xtal_79.cif,./U3Si5/148/xtal_79.cif,1.2268695,70.97642
xtal_8.cif,./U3Si5/148/xtal_8.cif,19.588535,-62.62965
xtal_80.cif,./U3Si5/148/xtal_80.cif,-29.31867,71.58609
xtal_81.cif,./U3Si5/148/xtal_81.cif,-85.62386,77.77959
xtal_82.cif,./U3Si5/148/xtal_82.cif,-3.270272,-90.08721
xtal_83.cif,./U3Si5/148/xtal_83.cif,-28.115332,-14.979746
xtal_84.cif,./U3Si5/148/xtal_84.cif,-72.56366,72.5684
xtal_85.cif,./U3Si5/148/xtal_85.cif,-41.52507,78.791214
xtal_86.cif,./U3Si5/148/xtal_86.cif,46.91216,-58.353065
xtal_87.cif,./U3Si5/148/xtal_87.cif,-69.43036,-41.711483
xtal_88.cif,./U3Si5/148/xtal_88.cif,74.14354,-72.898384
xtal_89.cif,./U3Si5/148/xtal_89.cif,-75.610886,71.467606
xtal_9.cif,./U3Si5/148/xtal_9.cif,27.006502,-80.851364
xtal_90.cif,./U3Si5/148/xtal_90.cif,-49.103447,-69.010574
xtal_91.cif,./U3Si5/148/xtal_91.cif,-67.7407,-10.25897
xtal_92.cif,./U3Si5/148/xtal_92.cif,-46.05057,-63.855175
xtal_93.cif,./U3Si5/148/xtal_93.cif,-18.067774,92.99779
xtal_94.cif,./U3Si5/148/xtal_94.cif,105.98245,-29.745382
xtal_95.cif,./U3Si5/148/xtal_95.cif,-7.884205,113.5908
xtal_96.cif,./U3Si5/148/xtal_96.cif,-97.671776,15.201048
xtal_97.cif,./U3Si5/148/xtal_97.cif,7.485412,-67.49384
xtal_98.cif,./U3Si5/148/xtal_98.cif,53.991432,-41.39086
xtal_99.cif,./U3Si5/148/xtal_99.cif,-27.019646,-10.294417
xtal_1.cif,./U3Si5/__initial__/149/xtal_1.cif,54.256664,-31.484076
xtal_10.cif,./U3Si5/__initial__/149/xtal_10.cif,-13.087002,71.72301
xtal_100.cif,./U3Si5/149/xtal_100.cif,-36.286774,-9.384826
xtal_11.cif,./U3Si5/__initial__/149/xtal_11.cif,-60.54649,21.804688
xtal_12.cif,./U3Si5/__initial__/149/xtal_12.cif,80.866974,60.60149
xtal_13.cif,./U3Si5/__initial__/149/xtal_13.cif,44.18135,28.375069
xtal_14.cif,./U3Si5/__initial__/149/xtal_14.cif,8.749952,-83.29219
xtal_15.cif,./U3Si5/__initial__/149/xtal_15.cif,-13.027882,-86.71123
xtal_16.cif,./U3Si5/__initial__/149/xtal_16.cif,-98.97468,14.063392
xtal_17.cif,./U3Si5/__initial__/149/xtal_17.cif,-26.281399,21.869223
xtal_18.cif,./U3Si5/__initial__/149/xtal_18.cif,-62.520485,-56.16146
xtal_19.cif,./U3Si5/__initial__/149/xtal_19.cif,-70.78883,32.790653
xtal_2.cif,./U3Si5/__initial__/149/xtal_2.cif,-3.2705057,-80.44981
xtal_20.cif,./U3Si5/__initial__/149/xtal_20.cif,17.017832,-49.563526
xtal_21.cif,./U3Si5/__initial__/149/xtal_21.cif,61.77653,62.488876
xtal_22.cif,./U3Si5/__initial__/149/xtal_22.cif,46.048622,-5.7958975
xtal_23.cif,./U3Si5/__initial__/149/xtal_23.cif,47.635677,2.3653286
xtal_24.cif,./U3Si5/__initial__/149/xtal_24.cif,-34.55774,79.512985
xtal_25.cif,./U3Si5/__initial__/149/xtal_25.cif,62.97187,-84.768105
xtal_26.cif,./U3Si5/__initial__/149/xtal_26.cif,-44.544872,-75.32071
xtal_27.cif,./U3Si5/__initial__/149/xtal_27.cif,8.742202,13.827058
xtal_28.cif,./U3Si5/__initial__/149/xtal_28.cif,-20.348467,-20.618858
xtal_29.cif,./U3Si5/__initial__/149/xtal_29.cif,22.427282,43.98163
xtal_3.cif,./U3Si5/__initial__/149/xtal_3.cif,46.471367,-20.331627
xtal_30.cif,./U3Si5/__initial__/149/xtal_30.cif,86.02717,58.542435
xtal_31.cif,./U3Si5/__initial__/149/xtal_31.cif,43.207005,-43.352325
xtal_32.cif,./U3Si5/__initial__/149/xtal_32.cif,9.251028,-70.32782
xtal_33.cif,./U3Si5/__initial__/149/xtal_33.cif,-24.658068,-11.146532
xtal_34.cif,./U3Si5/__initial__/149/xtal_34.cif,-52.100758,16.388466
xtal_35.cif,./U3Si5/149/xtal_35.cif,-75.936615,25.565113
xtal_36.cif,./U3Si5/__initial__/149/xtal_36.cif,-12.638779,-73.25989
xtal_37.cif,./U3Si5/__initial__/149/xtal_37.cif,-54.99798,-26.116167
xtal_38.cif,./U3Si5/__initial__/149/xtal_38.cif,-20.601473,-31.673
xtal_39.cif,./U3Si5/__initial__/149/xtal_39.cif,41.377384,35.016575
xtal_4.cif,./U3Si5/__initial__/149/xtal_4.cif,37.72802,44.81186
xtal_40.cif,./U3Si5/__initial__/149/xtal_40.cif,65.04238,35.726395
xtal_41.cif,./U3Si5/__initial__/149/xtal_41.cif,74.028885,14.822581
xtal_42.cif,./U3Si5/__initial__/149/xtal_42.cif,97.031296,51.99097
xtal_43.cif,./U3Si5/__initial__/149/xtal_43.cif,-77.09187,-15.58185
xtal_44.cif,./U3Si5/__initial__/149/xtal_44.cif,49.302822,38.556442
xtal_45.cif,./U3Si5/__initial__/149/xtal_45.cif,-36.468494,3.4564354
xtal_46.cif,./U3Si5/__initial__/149/xtal_46.cif,0.072768636,43.50181
xtal_47.cif,./U3Si5/__initial__/149/xtal_47.cif,-87.94031,-19.898745
xtal_48.cif,./U3Si5/__initial__/149/xtal_48.cif,76.44151,38.23189
xtal_49.cif,./U3Si5/__initial__/149/xtal_49.cif,13.90735,-79.840965
xtal_5.cif,./U3Si5/__initial__/149/xtal_5.cif,93.42994,70.330246
xtal_50.cif,./U3Si5/__initial__/149/xtal_50.cif,9.901096,96.79976
xtal_51.cif,./U3Si5/__initial__/149/xtal_51.cif,-5.3326416,88.36656
xtal_52.cif,./U3Si5/__initial__/149/xtal_52.cif,33.358315,54.43441
xtal_53.cif,./U3Si5/__initial__/149/xtal_53.cif,-38.209473,-91.65741
xtal_54.cif,./U3Si5/__initial__/149/xtal_54.cif,-41.104687,-39.89039
xtal_55.cif,./U3Si5/__initial__/149/xtal_55.cif,10.604721,79.543274
xtal_56.cif,./U3Si5/__initial__/149/xtal_56.cif,-7.4084067,-89.77282
xtal_57.cif,./U3Si5/__initial__/149/xtal_57.cif,26.383093,56.786407
xtal_58.cif,./U3Si5/__initial__/149/xtal_58.cif,21.744455,-49.75938
xtal_59.cif,./U3Si5/__initial__/149/xtal_59.cif,72.92745,19.78682
xtal_6.cif,./U3Si5/__initial__/149/xtal_6.cif,15.078055,-21.037724
xtal_60.cif,./U3Si5/__initial__/149/xtal_60.cif,38.150284,-6.1203237
xtal_61.cif,./U3Si5/__initial__/149/xtal_61.cif,2.1051083,47.226917
xtal_62.cif,./U3Si5/__initial__/149/xtal_62.cif,42.984776,54.07203
xtal_63.cif,./U3Si5/__initial__/149/xtal_63.cif,28.967901,-103.13806
xtal_64.cif,./U3Si5/__initial__/149/xtal_64.cif,-22.735117,-83.55726
xtal_65.cif,./U3Si5/__initial__/149/xtal_65.cif,69.15127,56.839916
xtal_66.cif,./U3Si5/__initial__/149/xtal_66.cif,-6.204743,43.007286
xtal_67.cif,./U3Si5/__initial__/149/xtal_67.cif,31.38684,0.21184139
xtal_68.cif,./U3Si5/__initial__/149/xtal_68.cif,-61.704857,-52.06158
xtal_69.cif,./U3Si5/__initial__/149/xtal_69.cif,40.106396,28.810408
xtal_7.cif,./U3Si5/__initial__/149/xtal_7.cif,96.88441,26.287426
xtal_70.cif,./U3Si5/__initial__/149/xtal_70.cif,-24.86221,3.7499282
xtal_71.cif,./U3Si5/__initial__/149/xtal_71.cif,78.86706,15.585508
xtal_72.cif,./U3Si5/__initial__/149/xtal_72.cif,-56.718517,37.130077
xtal_73.cif,./U3Si5/149/xtal_73.cif,18.285185,-38.412544
xtal_74.cif,./U3Si5/__initial__/149/xtal_74.cif,-35.226246,-50.009464
xtal_75.cif,./U3Si5/__initial__/149/xtal_75.cif,-4.756137,31.573147
xtal_76.cif,./U3Si5/__initial__/149/xtal_76.cif,12.890352,-99.29061
xtal_77.cif,./U3Si5/__initial__/149/xtal_77.cif,59.13298,76.45725
xtal_78.cif,./U3Si5/__initial__/149/xtal_78.cif,81.220215,60.515137
xtal_79.cif,./U3Si5/__initial__/149/xtal_79.cif,-9.91431,-72.498886
xtal_8.cif,./U3Si5/__initial__/149/xtal_8.cif,68.54379,53.61154
xtal_80.cif,./U3Si5/__initial__/149/xtal_80.cif,52.113,-19.438652
xtal_81.cif,./U3Si5/__initial__/149/xtal_81.cif,13.121063,39.480553
xtal_82.cif,./U3Si5/__initial__/149/xtal_82.cif,-47.57671,68.33514
xtal_83.cif,./U3Si5/__initial__/149/xtal_83.cif,-45.40527,-26.511217
xtal_84.cif,./U3Si5/__initial__/149/xtal_84.cif,60.288815,24.086054
xtal_85.cif,./U3Si5/__initial__/149/xtal_85.cif,-46.749577,-62.03357
xtal_86.cif,./U3Si5/__initial__/149/xtal_86.cif,82.01767,31.247612
xtal_87.cif,./U3Si5/__initial__/149/xtal_87.cif,-29.364191,73.67947
xtal_88.cif,./U3Si5/__initial__/149/xtal_88.cif,-7.024901,-7.8881574
xtal_89.cif,./U3Si5/__initial__/149/xtal_89.cif,-30.196653,70.10485
xtal_9.cif,./U3Si5/__initial__/149/xtal_9.cif,-53.16752,-73.50571
xtal_90.cif,./U3Si5/__initial__/149/xtal_90.cif,76.67547,43.538155
xtal_91.cif,./U3Si5/__initial__/149/xtal_91.cif,106.22405,15.385184
xtal_92.cif,./U3Si5/__initial__/149/xtal_92.cif,-16.700686,-8.353152
xtal_93.cif,./U3Si5/__initial__/149/xtal_93.cif,68.212616,21.470968
xtal_94.cif,./U3Si5/149/xtal_94.cif,-69.400055,9.157452
xtal_95.cif,./U3Si5/__initial__/149/xtal_95.cif,-50.261974,55.797184
xtal_96.cif,./U3Si5/__initial__/149/xtal_96.cif,-37.07968,-18.087317
xtal_97.cif,./U3Si5/__initial__/149/xtal_97.cif,-4.6996994,101.91956
xtal_98.cif,./U3Si5/__initial__/149/xtal_98.cif,-7.863538,23.576519
xtal_99.cif,./U3Si5/__initial__/149/xtal_99.cif,3.6570404,-18.766312
xtal_1.cif,./U3Si5/__initial__/150/xtal_1.cif,93.2069,59.31862
xtal_10.cif,./U3Si5/__initial__/150/xtal_10.cif,105.51842,-27.32149
xtal_100.cif,./U3Si5/150/xtal_100.cif,-77.50648,-5.3684244
xtal_11.cif,./U3Si5/__initial__/150/xtal_11.cif,69.851524,-4.8187847
xtal_12.cif,./U3Si5/__initial__/150/xtal_12.cif,-5.9305553,66.301125
xtal_13.cif,./U3Si5/__initial__/150/xtal_13.cif,113.1936,28.72204
xtal_14.cif,./U3Si5/150/xtal_14.cif,-43.38308,71.27772
xtal_15.cif,./U3Si5/150/xtal_15.cif,-22.813541,-89.48482
xtal_16.cif,./U3Si5/150/xtal_16.cif,-85.11317,0.35382488
xtal_17.cif,./U3Si5/150/xtal_17.cif,-60.123367,-70.50501
xtal_18.cif,./U3Si5/__initial__/150/xtal_18.cif,-19.08103,93.090034
xtal_19.cif,./U3Si5/__initial__/150/xtal_19.cif,2.4053867,82.71973
xtal_2.cif,./U3Si5/150/xtal_2.cif,-75.52024,4.6083317
xtal_20.cif,./U3Si5/150/xtal_20.cif,-10.5889015,-32.45406
xtal_21.cif,./U3Si5/150/xtal_21.cif,8.708221,-71.43968
xtal_22.cif,./U3Si5/150/xtal_22.cif,29.465923,8.03147
xtal_23.cif,./U3Si5/150/xtal_23.cif,21.718126,-66.2855
xtal_24.cif,./U3Si5/150/xtal_24.cif,-10.692155,-36.684196
xtal_25.cif,./U3Si5/150/xtal_25.cif,-51.101788,-6.7051435
xtal_26.cif,./U3Si5/150/xtal_26.cif,71.00168,-47.777767
xtal_27.cif,./U3Si5/__initial__/150/xtal_27.cif,38.277714,-35.08582
xtal_28.cif,./U3Si5/150/xtal_28.cif,17.041546,-91.60728
xtal_29.cif,./U3Si5/150/xtal_29.cif,12.430883,-32.42274
xtal_3.cif,./U3Si5/__initial__/150/xtal_3.cif,-61.385727,63.387745
xtal_30.cif,./U3Si5/150/xtal_30.cif,-9.162115,-11.216432
xtal_31.cif,./U3Si5/__initial__/150/xtal_31.cif,96.39707,56.565536
xtal_32.cif,./U3Si5/150/xtal_32.cif,-39.181084,-18.475283
xtal_33.cif,./U3Si5/__initial__/150/xtal_33.cif,-21.090572,74.95322
xtal_34.cif,./U3Si5/150/xtal_34.cif,12.756198,-74.03397
xtal_35.cif,./U3Si5/150/xtal_35.cif,-56.952065,-34.141647
xtal_36.cif,./U3Si5/150/xtal_36.cif,-65.64871,-17.280724
xtal_37.cif,./U3Si5/150/xtal_37.cif,-36.83794,12.374048
xtal_38.cif,./U3Si5/150/xtal_38.cif,-24.964857,74.73017
xtal_39.cif,./U3Si5/__initial__/150/xtal_39.cif,60.850414,10.399167
xtal_4.cif,./U3Si5/150/xtal_4.cif,-70.42591,-31.90355
xtal_40.cif,./U3Si5/150/xtal_40.cif,-83.042694,1.1433342
xtal_41.cif,./U3Si5/__initial__/150/xtal_41.cif,-38.12781,-63.605186
xtal_42.cif,./U3Si5/150/xtal_42.cif,1.334257,-91.948235
xtal_43.cif,./U3Si5/__initial__/150/xtal_43.cif,53.84078,-3.6455321
xtal_44.cif,./U3Si5/150/xtal_44.cif,1.3891413,-28.639141
xtal_45.cif,./U3Si5/150/xtal_45.cif,13.031535,-68.1067
xtal_46.cif,./U3Si5/150/xtal_46.cif,-67.669785,-30.869324
xtal_47.cif,./U3Si5/150/xtal_47.cif,-33.414017,-47.159676
xtal_48.cif,./U3Si5/150/xtal_48.cif,28.929531,-83.092545
xtal_49.cif,./U3Si5/150/xtal_49.cif,40.610413,-99.545105
xtal_5.cif,./U3Si5/150/xtal_5.cif,-15.853132,9.108178
xtal_50.cif,./U3Si5/150/xtal_50.cif,57.882477,75.706856
xtal_51.cif,./U3Si5/150/xtal_51.cif,23.086391,-0.17199527
xtal_52.cif,./U3Si5/__initial__/150/xtal_52.cif,42.36103,39.969746
xtal_53.cif,./U3Si5/150/xtal_53.cif,-80.4202,-20.024593
xtal_54.cif,./U3Si5/150/xtal_54.cif,-56.026524,-39.513905
xtal_55.cif,./U3Si5/150/xtal_55.cif,45.58796,-67.18639
xtal_56.cif,./U3Si5/150/xtal_56.cif,0.09760386,87.425224
xtal_57.cif,./U3Si5/__initial__/150/xtal_57.cif,65.2385,-20.531143
xtal_58.cif,./U3Si5/150/xtal_58.cif,-8.90918,-27.744307
xtal_59.cif,./U3Si5/__initial__/150/xtal_59.cif,102.105255,3.2211556
xtal_6.cif,./U3Si5/150/xtal_6.cif,-26.410103,-82.80308
xtal_60.cif,./U3Si5/150/xtal_60.cif,32.80273,-43.88481
xtal_61.cif,./U3Si5/__initial__/150/xtal_61.cif,34.111683,22.570011
xtal_62.cif,./U3Si5/150/xtal_62.cif,-38.017284,-75.99691
xtal_63.cif,./U3Si5/150/xtal_63.cif,-54.26799,-31.074907
xtal_64.cif,./U3Si5/150/xtal_64.cif,-56.190765,35.733948
xtal_65.cif,./U3Si5/150/xtal_65.cif,-63.49838,31.300476
xtal_66.cif,./U3Si5/__initial__/150/xtal_66.cif,93.67982,-12.224704
xtal_67.cif,./U3Si5/150/xtal_67.cif,37.960747,-27.074732
xtal_68.cif,./U3Si5/150/xtal_68.cif,-60.560757,4.4453135
xtal_69.cif,./U3Si5/150/xtal_69.cif,-26.756086,92.26758
xtal_7.cif,./U3Si5/150/xtal_7.cif,4.502268,-61.370197
xtal_70.cif,./U3Si5/150/xtal_70.cif,26.246082,-90.182816
xtal_71.cif,./U3Si5/150/xtal_71.cif,-81.118935,-25.01065
xtal_72.cif,./U3Si5/__initial__/150/xtal_72.cif,69.11101,40.57447
xtal_73.cif,./U3Si5/150/xtal_73.cif,16.637177,28.923634
xtal_74.cif,./U3Si5/150/xtal_74.cif,55.5523,3.9592812
xtal_75.cif,./U3Si5/__initial__/150/xtal_75.cif,93.53444,62.976574
xtal_76.cif,./U3Si5/150/xtal_76.cif,5.511147,-12.602756
xtal_77.cif,./U3Si5/150/xtal_77.cif,-19.29429,-77.74881
xtal_78.cif,./U3Si5/150/xtal_78.cif,-16.90266,-16.239912
xtal_79.cif,./U3Si5/150/xtal_79.cif,13.762862,5.616398
xtal_8.cif,./U3Si5/150/xtal_8.cif,10.816417,-91.18663
xtal_80.cif,./U3Si5/150/xtal_80.cif,-73.25612,35.63017
xtal_81.cif,./U3Si5/__initial__/150/xtal_81.cif,38.299026,2.165715
xtal_82.cif,./U3Si5/__initial__/150/xtal_82.cif,47.60688,64.0043
xtal_83.cif,./U3Si5/150/xtal_83.cif,29.054342,-30.284576
xtal_84.cif,./U3Si5/150/xtal_84.cif,-38.449657,-31.263233
xtal_85.cif,./U3Si5/150/xtal_85.cif,-75.42176,-56.968117
xtal_86.cif,./U3Si5/150/xtal_86.cif,-31.782677,-0.5806503
xtal_87.cif,./U3Si5/150/xtal_87.cif,1.5231913,89.586296
xtal_88.cif,./U3Si5/150/xtal_88.cif,-29.9379,-39.893753
xtal_89.cif,./U3Si5/150/xtal_89.cif,-17.799261,-9.943341
xtal_9.cif,./U3Si5/150/xtal_9.cif,18.883057,-0.07861662
xtal_90.cif,./U3Si5/150/xtal_90.cif,-11.139057,23.278593
xtal_91.cif,./U3Si5/__initial__/150/xtal_91.cif,44.015697,14.325703
xtal_92.cif,./U3Si5/150/xtal_92.cif,7.181009,45.961113
xtal_93.cif,./U3Si5/150/xtal_93.cif,19.973036,-69.22973
xtal_94.cif,./U3Si5/150/xtal_94.cif,-7.896591,-33.385563
xtal_95.cif,./U3Si5/__initial__/150/xtal_95.cif,74.613655,-2.4212317
xtal_96.cif,./U3Si5/150/xtal_96.cif,10.140234,28.075567
xtal_97.cif,./U3Si5/150/xtal_97.cif,44.17769,-80.96205
xtal_98.cif,./U3Si5/150/xtal_98.cif,60.700024,-63.176434
xtal_99.cif,./U3Si5/150/xtal_99.cif,23.98941,-34.533623
xtal_1.cif,./U3Si5/__initial__/151/xtal_1.cif,-22.999683,-89.08476
xtal_10.cif,./U3Si5/__initial__/151/xtal_10.cif,-1.1329995,-22.445402
xtal_100.cif,./U3Si5/151/xtal_100.cif,16.778969,-93.84225
xtal_11.cif,./U3Si5/__initial__/151/xtal_11.cif,-22.35787,-19.773394
xtal_12.cif,./U3Si5/__initial__/151/xtal_12.cif,22.485708,56.838383
xtal_13.cif,./U3Si5/__initial__/151/xtal_13.cif,37.921402,45.493446
xtal_14.cif,./U3Si5/__initial__/151/xtal_14.cif,25.633877,22.564129
xtal_15.cif,./U3Si5/__initial__/151/xtal_15.cif,18.443462,-0.5414542
xtal_16.cif,./U3Si5/__initial__/151/xtal_16.cif,35.17164,44.899994
xtal_17.cif,./U3Si5/__initial__/151/xtal_17.cif,78.22682,-38.20328
xtal_18.cif,./U3Si5/151/xtal_18.cif,3.5105617,37.009243
xtal_19.cif,./U3Si5/__initial__/151/xtal_19.cif,20.066204,-69.45836
xtal_2.cif,./U3Si5/__initial__/151/xtal_2.cif,-55.964203,-10.5059395
xtal_20.cif,./U3Si5/151/xtal_20.cif,12.96427,28.293682
xtal_21.cif,./U3Si5/151/xtal_21.cif,-47.72023,-80.595955
xtal_22.cif,./U3Si5/151/xtal_22.cif,14.33308,-42.16515
xtal_23.cif,./U3Si5/__initial__/151/xtal_23.cif,15.330958,-22.694637
xtal_24.cif,./U3Si5/__initial__/151/xtal_24.cif,-98.72806,15.911507
xtal_25.cif,./U3Si5/151/xtal_25.cif,-72.88326,1.325017
xtal_26.cif,./U3Si5/__initial__/151/xtal_26.cif,4.1650257,40.9683
xtal_27.cif,./U3Si5/151/xtal_27.cif,-75.2811,-49.21794
xtal_28.cif,./U3Si5/151/xtal_28.cif,-34.583267,-84.785614
xtal_29.cif,./U3Si5/__initial__/151/xtal_29.cif,16.746641,-5.3925133
xtal_3.cif,./U3Si5/__initial__/151/xtal_3.cif,1.6075094,85.93922
xtal_30.cif,./U3Si5/151/xtal_30.cif,-87.56542,7.3769217
xtal_31.cif,./U3Si5/__initial__/151/xtal_31.cif,-15.715832,73.318016
xtal_32.cif,./U3Si5/__initial__/151/xtal_32.cif,5.93803,21.49772
xtal_33.cif,./U3Si5/151/xtal_33.cif,3.4161668,-91.46183
xtal_34.cif,./U3Si5/151/xtal_34.cif,-75.01879,-15.515474
xtal_35.cif,./U3Si5/__initial__/151/xtal_35.cif,-54.823944,62.353752
xtal_36.cif,./U3Si5/151/xtal_36.cif,1.4117738,-29.630833
xtal_37.cif,./U3Si5/151/xtal_37.cif,10.308935,-28.683613
xtal_38.cif,./U3Si5/__initial__/151/xtal_38.cif,30.676565,55.47529
xtal_39.cif,./U3Si5/__initial__/151/xtal_39.cif,-42.759457,-65.91243
xtal_4.cif,./U3Si5/__initial__/151/xtal_4.cif,26.612333,30.213827
xtal_40.cif,./U3Si5/__initial__/151/xtal_40.cif,33.1528,57.461655
xtal_41.cif,./U3Si5/__initial__/151/xtal_41.cif,-22.496262,-22.74438
xtal_42.cif,./U3Si5/151/xtal_42.cif,-62.851173,4.1756
xtal_43.cif,./U3Si5/151/xtal_43.cif,-80.52109,-12.1219425
xtal_44.cif,./U3Si5/__initial__/151/xtal_44.cif,-20.135574,-16.616
xtal_45.cif,./U3Si5/__initial__/151/xtal_45.cif,0.5865459,-8.568511
xtal_46.cif,./U3Si5/__initial__/151/xtal_46.cif,-34.82562,42.544506
xtal_47.cif,./U3Si5/151/xtal_47.cif,-37.91038,-63.4456
xtal_48.cif,./U3Si5/151/xtal_48.cif,5.5107856,-97.68575
xtal_49.cif,./U3Si5/__initial__/151/xtal_49.cif,31.249905,5.8868794
xtal_5.cif,./U3Si5/__initial__/151/xtal_5.cif,32.02044,5.4325743
xtal_50.cif,./U3Si5/__initial__/151/xtal_50.cif,-29.96209,41.41314
xtal_51.cif,./U3Si5/__initial__/151/xtal_51.cif,46.064823,-96.98621
xtal_52.cif,./U3Si5/__initial__/151/xtal_52.cif,11.080928,-14.568541
xtal_53.cif,./U3Si5/__initial__/151/xtal_53.cif,11.103768,-95.96355
xtal_54.cif,./U3Si5/151/xtal_54.cif,-86.692665,20.712507
xtal_55.cif,./U3Si5/__initial__/151/xtal_55.cif,5.515347,35.703423
xtal_56.cif,./U3Si5/151/xtal_56.cif,-53.842876,-26.788515
xtal_57.cif,./U3Si5/151/xtal_57.cif,-35.662483,-64.23043
xtal_58.cif,./U3Si5/__initial__/151/xtal_58.cif,48.85784,-12.352235
xtal_59.cif,./U3Si5/__initial__/151/xtal_59.cif,8.600987,40.9476
xtal_6.cif,./U3Si5/151/xtal_6.cif,-51.09963,-65.22097
xtal_60.cif,./U3Si5/__initial__/151/xtal_60.cif,33.932922,56.165226
xtal_61.cif,./U3Si5/151/xtal_61.cif,-19.669596,-72.83876
xtal_62.cif,./U3Si5/__initial__/151/xtal_62.cif,67.319336,-84.75581
xtal_63.cif,./U3Si5/__initial__/151/xtal_63.cif,-3.495618,27.147324
xtal_64.cif,./U3Si5/__initial__/151/xtal_64.cif,-34.365067,21.353216
xtal_65.cif,./U3Si5/__initial__/151/xtal_65.cif,32.14476,33.927845
xtal_66.cif,./U3Si5/151/xtal_66.cif,-10.251407,-32.764072
xtal_67.cif,./U3Si5/__initial__/151/xtal_67.cif,-65.909164,17.869534
xtal_68.cif,./U3Si5/__initial__/151/xtal_68.cif,1.000358,101.90174
xtal_69.cif,./U3Si5/__initial__/151/xtal_69.cif,12.741275,-14.610551
xtal_7.cif,./U3Si5/__initial__/151/xtal_7.cif,14.797724,-28.177351
xtal_70.cif,./U3Si5/151/xtal_70.cif,13.989189,-24.157501
xtal_71.cif,./U3Si5/__initial__/151/xtal_71.cif,24.484612,51.12972
xtal_72.cif,./U3Si5/151/xtal_72.cif,-22.46871,108.110825
xtal_73.cif,./U3Si5/151/xtal_73.cif,15.587029,-23.032372
xtal_74.cif,./U3Si5/__initial__/151/xtal_74.cif,15.702858,5.6740046
xtal_75.cif,./U3Si5/__initial__/151/xtal_75.cif,9.421873,-39.616722
xtal_76.cif,./U3Si5/__initial__/151/xtal_76.cif,5.458959,-47.351776
xtal_77.cif,./U3Si5/__initial__/151/xtal_77.cif,18.6797,-3.3487318
xtal_78.cif,./U3Si5/__initial__/151/xtal_78.cif,50.870373,-45.502567
xtal_79.cif,./U3Si5/__initial__/151/xtal_79.cif,5.786588,29.718859
xtal_8.cif,./U3Si5/__initial__/151/xtal_8.cif,-6.009126,-16.678455
xtal_80.cif,./U3Si5/__initial__/151/xtal_80.cif,-62.486122,-28.879246
xtal_81.cif,./U3Si5/__initial__/151/xtal_81.cif,-70.06441,-28.48745
xtal_82.cif,./U3Si5/__initial__/151/xtal_82.cif,12.605588,24.767864
xtal_83.cif,./U3Si5/__initial__/151/xtal_83.cif,22.11467,16.701443
xtal_84.cif,./U3Si5/__initial__/151/xtal_84.cif,25.32291,10.646713
xtal_85.cif,./U3Si5/__initial__/151/xtal_85.cif,25.643824,37.987976
xtal_86.cif,./U3Si5/151/xtal_86.cif,9.380806,-22.729822
xtal_87.cif,./U3Si5/151/xtal_87.cif,10.924971,-96.859695
xtal_88.cif,./U3Si5/__initial__/151/xtal_88.cif,45.349728,-37.4921
xtal_89.cif,./U3Si5/__initial__/151/xtal_89.cif,75.13384,15.282147
xtal_9.cif,./U3Si5/151/xtal_9.cif,0.86134046,-31.790926
xtal_90.cif,./U3Si5/__initial__/151/xtal_90.cif,22.524368,51.52907
xtal_91.cif,./U3Si5/__initial__/151/xtal_91.cif,-62.49535,-13.911317
xtal_92.cif,./U3Si5/__initial__/151/xtal_92.cif,29.772125,33.97364
xtal_93.cif,./U3Si5/__initial__/151/xtal_93.cif,26.00724,-14.050946
xtal_94.cif,./U3Si5/__initial__/151/xtal_94.cif,12.748889,24.145155
xtal_95.cif,./U3Si5/151/xtal_95.cif,2.3268006,-33.216755
xtal_96.cif,./U3Si5/__initial__/151/xtal_96.cif,-72.56438,-14.779027
xtal_97.cif,./U3Si5/__initial__/151/xtal_97.cif,4.0198903,-39.325977
xtal_98.cif,./U3Si5/__initial__/151/xtal_98.cif,10.418237,-15.556497
xtal_99.cif,./U3Si5/__initial__/151/xtal_99.cif,-66.323494,1.888042
xtal_1.cif,./U3Si5/__initial__/152/xtal_1.cif,4.1374183,50.860535
xtal_10.cif,./U3Si5/__initial__/152/xtal_10.cif,1.2484388,-31.585531
xtal_100.cif,./U3Si5/__initial__/152/xtal_100.cif,-57.947235,34.70859
xtal_11.cif,./U3Si5/__initial__/152/xtal_11.cif,-65.20686,8.726107
xtal_12.cif,./U3Si5/__initial__/152/xtal_12.cif,-30.892227,41.018803
xtal_13.cif,./U3Si5/__initial__/152/xtal_13.cif,27.835958,-38.317753
xtal_14.cif,./U3Si5/__initial__/152/xtal_14.cif,1.513592,-96.9508
xtal_15.cif,./U3Si5/__initial__/152/xtal_15.cif,0.12353238,-91.14499
xtal_16.cif,./U3Si5/__initial__/152/xtal_16.cif,4.1663814,-38.69918
xtal_17.cif,./U3Si5/152/xtal_17.cif,-22.261446,-79.900635
xtal_18.cif,./U3Si5/__initial__/152/xtal_18.cif,-17.657637,-88.533035
xtal_19.cif,./U3Si5/__initial__/152/xtal_19.cif,-7.0114946,85.86562
xtal_2.cif,./U3Si5/152/xtal_2.cif,5.3042808,-82.79056
xtal_20.cif,./U3Si5/__initial__/152/xtal_20.cif,21.2799,11.098278
xtal_21.cif,./U3Si5/__initial__/152/xtal_21.cif,15.901011,-53.857864
xtal_22.cif,./U3Si5/__initial__/152/xtal_22.cif,16.103905,-20.969212
xtal_23.cif,./U3Si5/__initial__/152/xtal_23.cif,10.351771,-17.61928
xtal_24.cif,./U3Si5/__initial__/152/xtal_24.cif,-31.13452,-14.271644
xtal_25.cif,./U3Si5/__initial__/152/xtal_25.cif,24.801622,-99.035225
xtal_26.cif,./U3Si5/__initial__/152/xtal_26.cif,-48.516857,73.43323
xtal_27.cif,./U3Si5/152/xtal_27.cif,-24.123154,-85.882286
xtal_28.cif,./U3Si5/__initial__/152/xtal_28.cif,15.314971,-51.849197
xtal_29.cif,./U3Si5/152/xtal_29.cif,3.4167185,-95.983
xtal_3.cif,./U3Si5/152/xtal_3.cif,-69.23475,20.551878
xtal_30.cif,./U3Si5/__initial__/152/xtal_30.cif,-40.299877,-74.38405
xtal_31.cif,./U3Si5/__initial__/152/xtal_31.cif,-42.233074,55.3415
xtal_32.cif,./U3Si5/__initial__/152/xtal_32.cif,-40.70882,24.015959
xtal_33.cif,./U3Si5/__initial__/152/xtal_33.cif,-25.900774,-46.221012
xtal_34.cif,./U3Si5/152/xtal_34.cif,12.498485,-55.846237
xtal_35.cif,./U3Si5/152/xtal_35.cif,-56.94272,-14.771574
xtal_36.cif,./U3Si5/__initial__/152/xtal_36.cif,-46.725845,35.840275
xtal_37.cif,./U3Si5/152/xtal_37.cif,15.122749,-102.06358
xtal_38.cif,./U3Si5/__initial__/152/xtal_38.cif,1.2578565,50.315063
xtal_39.cif,./U3Si5/__initial__/152/xtal_39.cif,-47.53701,27.21396
xtal_4.cif,./U3Si5/152/xtal_4.cif,7.8000436,-24.517008
xtal_40.cif,./U3Si5/__initial__/152/xtal_40.cif,-47.26918,-63.88378
xtal_41.cif,./U3Si5/__initial__/152/xtal_41.cif,33.161057,33.052208
xtal_42.cif,./U3Si5/__initial__/152/xtal_42.cif,-16.524643,80.36692
xtal_43.cif,./U3Si5/152/xtal_43.cif,29.198633,-105.5064
xtal_44.cif,./U3Si5/__initial__/152/xtal_44.cif,19.38161,-24.370205
xtal_45.cif,./U3Si5/152/xtal_45.cif,-37.743618,85.66558
xtal_46.cif,./U3Si5/152/xtal_46.cif,-58.8919,-1.5382375
xtal_47.cif,./U3Si5/__initial__/152/xtal_47.cif,-2.4676807,18.785393
xtal_48.cif,./U3Si5/__initial__/152/xtal_48.cif,6.6376877,-87.36116
xtal_49.cif,./U3Si5/__initial__/152/xtal_49.cif,-40.1324,39.497997
xtal_5.cif,./U3Si5/__initial__/152/xtal_5.cif,-60.09268,-53.492626
xtal_50.cif,./U3Si5/__initial__/152/xtal_50.cif,21.646608,-103.53045
xtal_51.cif,./U3Si5/152/xtal_51.cif,-65.25047,47.23603
xtal_52.cif,./U3Si5/__initial__/152/xtal_52.cif,-71.05533,-54.09264
xtal_53.cif,./U3Si5/__initial__/152/xtal_53.cif,-27.505602,100.34349
xtal_54.cif,./U3Si5/__initial__/152/xtal_54.cif,27.646444,14.827159
xtal_55.cif,./U3Si5/__initial__/152/xtal_55.cif,19.405077,-71.51112
xtal_56.cif,./U3Si5/__initial__/152/xtal_56.cif,13.250924,4.1123695
xtal_57.cif,./U3Si5/__initial__/152/xtal_57.cif,-54.730568,21.557665
xtal_58.cif,./U3Si5/__initial__/152/xtal_58.cif,-34.28319,79.42346
xtal_59.cif,./U3Si5/__initial__/152/xtal_59.cif,17.243484,33.36453
xtal_6.cif,./U3Si5/__initial__/152/xtal_6.cif,45.165493,-79.229935
xtal_60.cif,./U3Si5/__initial__/152/xtal_60.cif,-4.309089,-52.65196
xtal_61.cif,./U3Si5/__initial__/152/xtal_61.cif,-1.7396492,91.373116
xtal_62.cif,./U3Si5/152/xtal_62.cif,-26.147861,-49.225933
xtal_63.cif,./U3Si5/__initial__/152/xtal_63.cif,-26.049732,31.010443
xtal_64.cif,./U3Si5/__initial__/152/xtal_64.cif,-14.926931,-42.821144
xtal_65.cif,./U3Si5/__initial__/152/xtal_65.cif,-6.336904,28.257496
xtal_66.cif,./U3Si5/__initial__/152/xtal_66.cif,-1.0236112,-34.179745
xtal_67.cif,./U3Si5/152/xtal_67.cif,26.647556,-104.07456
xtal_68.cif,./U3Si5/__initial__/152/xtal_68.cif,-20.904032,-22.475267
xtal_69.cif,./U3Si5/__initial__/152/xtal_69.cif,-40.77008,-35.8228
xtal_7.cif,./U3Si5/__initial__/152/xtal_7.cif,-11.552601,-28.444801
xtal_70.cif,./U3Si5/152/xtal_70.cif,-5.8891563,-76.36425
xtal_71.cif,./U3Si5/__initial__/152/xtal_71.cif,34.979816,-1.4764819
xtal_72.cif,./U3Si5/__initial__/152/xtal_72.cif,9.643949,-22.931423
xtal_73.cif,./U3Si5/152/xtal_73.cif,-16.089863,-93.23241
xtal_74.cif,./U3Si5/__initial__/152/xtal_74.cif,-77.570564,10.797471
xtal_75.cif,./U3Si5/__initial__/152/xtal_75.cif,-3.0975287,-7.997313
xtal_76.cif,./U3Si5/152/xtal_76.cif,-65.80442,21.654236
xtal_77.cif,./U3Si5/__initial__/152/xtal_77.cif,-49.362675,27.40811
xtal_78.cif,./U3Si5/152/xtal_78.cif,16.263874,-93.73726
xtal_79.cif,./U3Si5/__initial__/152/xtal_79.cif,-31.617596,-61.296253
xtal_8.cif,./U3Si5/152/xtal_8.cif,-56.747776,-68.64916
xtal_80.cif,./U3Si5/152/xtal_80.cif,-83.98601,-28.4527
xtal_81.cif,./U3Si5/__initial__/152/xtal_81.cif,-20.624908,96.18849
xtal_82.cif,./U3Si5/__initial__/152/xtal_82.cif,-34.360287,-48.22073
xtal_83.cif,./U3Si5/152/xtal_83.cif,-36.73541,-54.8177
xtal_84.cif,./U3Si5/__initial__/152/xtal_84.cif,-36.48556,-0.3473588
xtal_85.cif,./U3Si5/152/xtal_85.cif,-54.984745,-59.989613
xtal_86.cif,./U3Si5/__initial__/152/xtal_86.cif,-50.59994,-2.799761
xtal_87.cif,./U3Si5/152/xtal_87.cif,-60.772503,25.430841
xtal_88.cif,./U3Si5/__initial__/152/xtal_88.cif,12.186429,-26.808561
xtal_89.cif,./U3Si5/__initial__/152/xtal_89.cif,-41.33373,-57.746227
xtal_9.cif,./U3Si5/__initial__/152/xtal_9.cif,84.21674,44.9903
xtal_90.cif,./U3Si5/152/xtal_90.cif,-63.50406,60.90133
xtal_91.cif,./U3Si5/__initial__/152/xtal_91.cif,-53.24438,-8.327803
xtal_92.cif,./U3Si5/__initial__/152/xtal_92.cif,-58.291084,-50.048584
xtal_93.cif,./U3Si5/152/xtal_93.cif,-19.468386,-89.540016
xtal_94.cif,./U3Si5/__initial__/152/xtal_94.cif,26.208477,-19.652185
xtal_95.cif,./U3Si5/__initial__/152/xtal_95.cif,35.274773,40.61928
xtal_96.cif,./U3Si5/__initial__/152/xtal_96.cif,25.99328,22.634914
xtal_97.cif,./U3Si5/152/xtal_97.cif,11.749582,-101.49709
xtal_98.cif,./U3Si5/__initial__/152/xtal_98.cif,32.73892,-104.64861
xtal_99.cif,./U3Si5/__initial__/152/xtal_99.cif,-37.67376,42.02149
xtal_1.cif,./U3Si5/__initial__/153/xtal_1.cif,-62.624294,39.066322
xtal_10.cif,./U3Si5/__initial__/153/xtal_10.cif,-21.738092,88.87904
xtal_100.cif,./U3Si5/__initial__/153/xtal_100.cif,54.32527,70.182755
xtal_11.cif,./U3Si5/153/xtal_11.cif,26.244354,-104.75964
xtal_12.cif,./U3Si5/153/xtal_12.cif,6.128235,-83.637825
xtal_13.cif,./U3Si5/__initial__/153/xtal_13.cif,36.570904,38.762638
xtal_14.cif,./U3Si5/__initial__/153/xtal_14.cif,6.0759625,-55.344173
xtal_15.cif,./U3Si5/__initial__/153/xtal_15.cif,32.077755,57.60317
xtal_16.cif,./U3Si5/__initial__/153/xtal_16.cif,37.39064,43.37893
xtal_17.cif,./U3Si5/__initial__/153/xtal_17.cif,-35.31002,78.14052
xtal_18.cif,./U3Si5/153/xtal_18.cif,-15.157631,-74.581474
xtal_19.cif,./U3Si5/153/xtal_19.cif,-83.35454,-4.6057234
xtal_2.cif,./U3Si5/__initial__/153/xtal_2.cif,19.909729,-6.8853097
xtal_20.cif,./U3Si5/__initial__/153/xtal_20.cif,47.40926,-7.78294
xtal_21.cif,./U3Si5/__initial__/153/xtal_21.cif,-2.3513181,-5.378755
xtal_22.cif,./U3Si5/__initial__/153/xtal_22.cif,6.2809,89.49996
xtal_23.cif,./U3Si5/153/xtal_23.cif,20.72257,8.806928
xtal_24.cif,./U3Si5/153/xtal_24.cif,2.6750143,-100.8197
xtal_25.cif,./U3Si5/__initial__/153/xtal_25.cif,-51.15635,-65.07636
xtal_26.cif,./U3Si5/153/xtal_26.cif,-17.99024,-20.139603
xtal_27.cif,./U3Si5/__initial__/153/xtal_27.cif,46.92145,61.43572
xtal_28.cif,./U3Si5/__initial__/153/xtal_28.cif,2.0858529,49.358585
xtal_29.cif,./U3Si5/__initial__/153/xtal_29.cif,-46.863655,-45.15134
xtal_3.cif,./U3Si5/__initial__/153/xtal_3.cif,-38.94997,61.07415
xtal_30.cif,./U3Si5/153/xtal_30.cif,-57.064037,-10.428859
xtal_31.cif,./U3Si5/__initial__/153/xtal_31.cif,19.022614,-98.58152
xtal_32.cif,./U3Si5/__initial__/153/xtal_32.cif,21.849874,44.194866
xtal_33.cif,./U3Si5/__initial__/153/xtal_33.cif,13.013866,-41.17301
xtal_34.cif,./U3Si5/153/xtal_34.cif,-51.85785,-28.20004
xtal_35.cif,./U3Si5/__initial__/153/xtal_35.cif,26.20048,24.294355
xtal_36.cif,./U3Si5/153/xtal_36.cif,-54.504772,-72.806305
xtal_37.cif,./U3Si5/__initial__/153/xtal_37.cif,21.100927,10.96788
xtal_38.cif,./U3Si5/__initial__/153/xtal_38.cif,-65.90843,-17.15401
xtal_39.cif,./U3Si5/__initial__/153/xtal_39.cif,9.819622,79.909454
xtal_4.cif,./U3Si5/__initial__/153/xtal_4.cif,33.353474,56.633564
xtal_40.cif,./U3Si5/__initial__/153/xtal_40.cif,41.10222,47.98531
xtal_41.cif,./U3Si5/153/xtal_41.cif,-61.70529,-52.425907
xtal_42.cif,./U3Si5/__initial__/153/xtal_42.cif,-38.679752,86.634895
xtal_43.cif,./U3Si5/153/xtal_43.cif,-38.398724,-81.68013
xtal_44.cif,./U3Si5/__initial__/153/xtal_44.cif,-48.23484,41.176445
xtal_45.cif,./U3Si5/153/xtal_45.cif,-70.43558,-14.202809
xtal_46.cif,./U3Si5/__initial__/153/xtal_46.cif,24.63638,32.14585
xtal_47.cif,./U3Si5/153/xtal_47.cif,15.512215,-93.86142
xtal_48.cif,./U3Si5/__initial__/153/xtal_48.cif,19.96796,4.953968
xtal_49.cif,./U3Si5/__initial__/153/xtal_49.cif,11.940139,-91.038
xtal_5.cif,./U3Si5/153/xtal_5.cif,-6.016074,-15.3843775
xtal_50.cif,./U3Si5/__initial__/153/xtal_50.cif,31.224257,-45.757397
xtal_51.cif,./U3Si5/__initial__/153/xtal_51.cif,3.321539,47.484398
xtal_52.cif,./U3Si5/__initial__/153/xtal_52.cif,-10.859972,81.01654
xtal_53.cif,./U3Si5/153/xtal_53.cif,-97.363014,12.554465
xtal_54.cif,./U3Si5/__initial__/153/xtal_54.cif,30.08852,16.986353
xtal_55.cif,./U3Si5/__initial__/153/xtal_55.cif,24.854979,56.201
xtal_56.cif,./U3Si5/153/xtal_56.cif,-1.8867335,-31.387798
xtal_57.cif,./U3Si5/__initial__/153/xtal_57.cif,-3.6596024,-27.76184
xtal_58.cif,./U3Si5/__initial__/153/xtal_58.cif,-8.737114,92.51457
xtal_59.cif,./U3Si5/__initial__/153/xtal_59.cif,-18.039034,85.6627
xtal_6.cif,./U3Si5/__initial__/153/xtal_6.cif,33.391537,41.71776
xtal_60.cif,./U3Si5/__initial__/153/xtal_60.cif,17.660976,-10.8755
xtal_61.cif,./U3Si5/153/xtal_61.cif,15.647748,-5.163754
xtal_62.cif,./U3Si5/__initial__/153/xtal_62.cif,-59.5278,20.45703
xtal_63.cif,./U3Si5/__initial__/153/xtal_63.cif,22.194792,44.310986
xtal_64.cif,./U3Si5/__initial__/153/xtal_64.cif,-33.143684,-45.92701
xtal_65.cif,./U3Si5/__initial__/153/xtal_65.cif,23.904512,-60.41918
xtal_66.cif,./U3Si5/153/xtal_66.cif,-51.30475,72.4255
xtal_67.cif,./U3Si5/__initial__/153/xtal_67.cif,-66.492165,13.834412
xtal_68.cif,./U3Si5/153/xtal_68.cif,22.263075,-96.272255
xtal_69.cif,./U3Si5/__initial__/153/xtal_69.cif,-55.569317,19.859268
xtal_7.cif,./U3Si5/153/xtal_7.cif,18.417315,-1.2440075
xtal_70.cif,./U3Si5/153/xtal_70.cif,15.18237,-22.18358
xtal_71.cif,./U3Si5/__initial__/153/xtal_71.cif,33.388348,33.709114
xtal_72.cif,./U3Si5/__initial__/153/xtal_72.cif,-15.929846,2.9671931
xtal_73.cif,./U3Si5/153/xtal_73.cif,-15.968162,-14.319906
xtal_74.cif,./U3Si5/153/xtal_74.cif,1.4031941,-96.771225
xtal_75.cif,./U3Si5/__initial__/153/xtal_75.cif,-55.93156,68.64741
xtal_76.cif,./U3Si5/__initial__/153/xtal_76.cif,25.446465,43.678406
xtal_77.cif,./U3Si5/153/xtal_77.cif,-62.10382,52.57202
xtal_78.cif,./U3Si5/153/xtal_78.cif,-52.988564,76.370224
xtal_79.cif,./U3Si5/153/xtal_79.cif,0.21777757,-67.60979
xtal_8.cif,./U3Si5/__initial__/153/xtal_8.cif,-47.85076,-8.559616
xtal_80.cif,./U3Si5/153/xtal_80.cif,18.756289,2.6975236
xtal_81.cif,./U3Si5/153/xtal_81.cif,-17.764065,-102.353226
xtal_82.cif,./U3Si5/__initial__/153/xtal_82.cif,-21.015291,-90.626396
xtal_83.cif,./U3Si5/__initial__/153/xtal_83.cif,40.0686,45.181503
xtal_84.cif,./U3Si5/153/xtal_84.cif,5.1490884,-97.83797
xtal_85.cif,./U3Si5/__initial__/153/xtal_85.cif,8.13254,26.624348
xtal_86.cif,./U3Si5/__initial__/153/xtal_86.cif,-38.670242,-39.17827
xtal_87.cif,./U3Si5/153/xtal_87.cif,-7.301107,-101.95811
xtal_88.cif,./U3Si5/153/xtal_88.cif,-1.8462874,-93.64992
xtal_89.cif,./U3Si5/__initial__/153/xtal_89.cif,5.3107495,26.193987
xtal_9.cif,./U3Si5/__initial__/153/xtal_9.cif,-14.773374,72.82182
xtal_90.cif,./U3Si5/__initial__/153/xtal_90.cif,56.010777,-29.028696
xtal_91.cif,./U3Si5/__initial__/153/xtal_91.cif,-19.058481,-79.566895
xtal_92.cif,./U3Si5/153/xtal_92.cif,-53.199444,-80.82782
xtal_93.cif,./U3Si5/__initial__/153/xtal_93.cif,13.114298,25.612146
xtal_94.cif,./U3Si5/__initial__/153/xtal_94.cif,-26.844852,-48.24362
xtal_95.cif,./U3Si5/153/xtal_95.cif,-84.036026,52.156116
xtal_96.cif,./U3Si5/153/xtal_96.cif,-8.305115,110.4834
xtal_97.cif,./U3Si5/__initial__/153/xtal_97.cif,-53.40279,66.54699
xtal_98.cif,./U3Si5/153/xtal_98.cif,-86.89325,20.854176
xtal_99.cif,./U3Si5/153/xtal_99.cif,-2.5873091,-89.04519
xtal_1.cif,./U3Si5/__initial__/154/xtal_1.cif,-65.5449,8.210664
xtal_10.cif,./U3Si5/__initial__/154/xtal_10.cif,-36.317806,-43.795036
xtal_100.cif,./U3Si5/__initial__/154/xtal_100.cif,21.036955,-106.47307
xtal_11.cif,./U3Si5/__initial__/154/xtal_11.cif,20.78585,5.271315
xtal_12.cif,./U3Si5/__initial__/154/xtal_12.cif,8.57294,-94.164474
xtal_13.cif,./U3Si5/__initial__/154/xtal_13.cif,25.39595,-90.6853
xtal_14.cif,./U3Si5/__initial__/154/xtal_14.cif,-22.567938,-85.14944
xtal_15.cif,./U3Si5/154/xtal_15.cif,3.970021,35.119633
xtal_16.cif,./U3Si5/__initial__/154/xtal_16.cif,15.01407,-102.140335
xtal_17.cif,./U3Si5/__initial__/154/xtal_17.cif,-88.01866,55.588715
xtal_18.cif,./U3Si5/__initial__/154/xtal_18.cif,-33.12143,-63.028606
xtal_19.cif,./U3Si5/__initial__/154/xtal_19.cif,-46.097168,-63.53737
xtal_2.cif,./U3Si5/__initial__/154/xtal_2.cif,-19.613907,-91.69201
xtal_20.cif,./U3Si5/__initial__/154/xtal_20.cif,-55.35018,19.04295
xtal_21.cif,./U3Si5/__initial__/154/xtal_21.cif,44.581562,-5.3842573
xtal_22.cif,./U3Si5/__initial__/154/xtal_22.cif,36.638268,-69.74966
xtal_23.cif,./U3Si5/__initial__/154/xtal_23.cif,-51.8013,13.059097
xtal_24.cif,./U3Si5/__initial__/154/xtal_24.cif,-6.537444,95.10016
xtal_25.cif,./U3Si5/__initial__/154/xtal_25.cif,16.95243,-60.823776
xtal_26.cif,./U3Si5/__initial__/154/xtal_26.cif,-84.87424,-13.84446
xtal_27.cif,./U3Si5/__initial__/154/xtal_27.cif,-80.55234,7.1777115
xtal_28.cif,./U3Si5/__initial__/154/xtal_28.cif,-46.10063,-52.331295
xtal_29.cif,./U3Si5/__initial__/154/xtal_29.cif,-15.512458,-53.144234
xtal_3.cif,./U3Si5/__initial__/154/xtal_3.cif,-51.192787,-29.439137
xtal_30.cif,./U3Si5/__initial__/154/xtal_30.cif,-30.46177,41.831295
xtal_31.cif,./U3Si5/__initial__/154/xtal_31.cif,-31.779821,-76.95337
xtal_32.cif,./U3Si5/__initial__/154/xtal_32.cif,-8.780406,-44.466667
xtal_33.cif,./U3Si5/__initial__/154/xtal_33.cif,12.908964,-92.77481
xtal_34.cif,./U3Si5/__initial__/154/xtal_34.cif,-14.370516,-27.423044
xtal_35.cif,./U3Si5/__initial__/154/xtal_35.cif,-48.378666,-77.951645
xtal_36.cif,./U3Si5/__initial__/154/xtal_36.cif,13.219514,25.368246
xtal_37.cif,./U3Si5/154/xtal_37.cif,-69.02908,8.446757
xtal_38.cif,./U3Si5/__initial__/154/xtal_38.cif,18.215723,-102.11155
xtal_39.cif,./U3Si5/154/xtal_39.cif,-82.68681,-6.421332
xtal_4.cif,./U3Si5/__initial__/154/xtal_4.cif,-3.6909256,-6.1997013
xtal_40.cif,./U3Si5/__initial__/154/xtal_40.cif,44.248753,-82.51104
xtal_41.cif,./U3Si5/__initial__/154/xtal_41.cif,-43.709534,-29.551462
xtal_42.cif,./U3Si5/__initial__/154/xtal_42.cif,-61.096092,37.361877
xtal_43.cif,./U3Si5/__initial__/154/xtal_43.cif,-21.101606,-19.420662
xtal_44.cif,./U3Si5/__initial__/154/xtal_44.cif,-44.3534,40.62809
xtal_45.cif,./U3Si5/__initial__/154/xtal_45.cif,-27.729397,-68.49052
xtal_46.cif,./U3Si5/154/xtal_46.cif,-60.815517,-35.182323
xtal_47.cif,./U3Si5/__initial__/154/xtal_47.cif,-27.707949,-83.00652
xtal_48.cif,./U3Si5/__initial__/154/xtal_48.cif,-61.26091,39.606083
xtal_49.cif,./U3Si5/__initial__/154/xtal_49.cif,-21.08105,42.228916
xtal_5.cif,./U3Si5/__initial__/154/xtal_5.cif,-16.554478,-18.10532
xtal_50.cif,./U3Si5/__initial__/154/xtal_50.cif,3.8320115,-96.94224
xtal_51.cif,./U3Si5/__initial__/154/xtal_51.cif,-0.42780584,-99.054855
xtal_52.cif,./U3Si5/__initial__/154/xtal_52.cif,21.508451,-77.93644
xtal_53.cif,./U3Si5/__initial__/154/xtal_53.cif,25.774458,-46.220524
xtal_54.cif,./U3Si5/__initial__/154/xtal_54.cif,-2.2848032,-86.157166
xtal_55.cif,./U3Si5/__initial__/154/xtal_55.cif,-84.72989,8.34296
xtal_56.cif,./U3Si5/__initial__/154/xtal_56.cif,-24.405207,-86.45943
xtal_57.cif,./U3Si5/__initial__/154/xtal_57.cif,-46.669388,-13.338838
xtal_58.cif,./U3Si5/__initial__/154/xtal_58.cif,-1.5619917,29.28363
xtal_59.cif,./U3Si5/__initial__/154/xtal_59.cif,83.88168,45.671223
xtal_6.cif,./U3Si5/__initial__/154/xtal_6.cif,6.5124974,-74.67886
xtal_60.cif,./U3Si5/__initial__/154/xtal_60.cif,18.685362,-12.335446
xtal_61.cif,./U3Si5/__initial__/154/xtal_61.cif,15.383819,-88.19315
xtal_62.cif,./U3Si5/__initial__/154/xtal_62.cif,-70.041046,-70.13954
xtal_63.cif,./U3Si5/__initial__/154/xtal_63.cif,9.282474,97.43984
xtal_64.cif,./U3Si5/__initial__/154/xtal_64.cif,-55.108418,66.1096
xtal_65.cif,./U3Si5/__initial__/154/xtal_65.cif,84.03281,-66.114174
xtal_66.cif,./U3Si5/__initial__/154/xtal_66.cif,-2.0001347,-31.007355
xtal_67.cif,./U3Si5/__initial__/154/xtal_67.cif,79.19911,-37.242546
xtal_68.cif,./U3Si5/__initial__/154/xtal_68.cif,-23.119202,-86.09056
xtal_69.cif,./U3Si5/__initial__/154/xtal_69.cif,-21.398874,-82.808
xtal_7.cif,./U3Si5/154/xtal_7.cif,-77.60911,53.73275
xtal_70.cif,./U3Si5/__initial__/154/xtal_70.cif,-64.009384,39.725174
xtal_71.cif,./U3Si5/__initial__/154/xtal_71.cif,-24.952496,-89.02263
xtal_72.cif,./U3Si5/__initial__/154/xtal_72.cif,31.011854,-102.77369
xtal_73.cif,./U3Si5/__initial__/154/xtal_73.cif,9.19661,-69.83312
xtal_74.cif,./U3Si5/__initial__/154/xtal_74.cif,-26.522095,76.34067
xtal_75.cif,./U3Si5/__initial__/154/xtal_75.cif,-15.442557,0.8749631
xtal_76.cif,./U3Si5/__initial__/154/xtal_76.cif,39.83746,-5.6049113
xtal_77.cif,./U3Si5/__initial__/154/xtal_77.cif,-51.33549,65.49613
xtal_78.cif,./U3Si5/__initial__/154/xtal_78.cif,-16.868673,-69.61381
xtal_79.cif,./U3Si5/__initial__/154/xtal_79.cif,-9.370672,-50.347363
xtal_8.cif,./U3Si5/__initial__/154/xtal_8.cif,-21.004051,-31.940706
xtal_80.cif,./U3Si5/__initial__/154/xtal_80.cif,10.406004,-15.477198
xtal_81.cif,./U3Si5/__initial__/154/xtal_81.cif,14.521282,-53.946674
xtal_82.cif,./U3Si5/__initial__/154/xtal_82.cif,0.018206019,-62.705147
xtal_83.cif,./U3Si5/__initial__/154/xtal_83.cif,24.718893,-82.151146
xtal_84.cif,./U3Si5/__initial__/154/xtal_84.cif,-76.24344,-32.374523
xtal_85.cif,./U3Si5/__initial__/154/xtal_85.cif,-51.843315,24.600418
xtal_86.cif,./U3Si5/__initial__/154/xtal_86.cif,1.5323474,-8.680584
xtal_87.cif,./U3Si5/__initial__/154/xtal_87.cif,-24.514818,-84.56122
xtal_88.cif,./U3Si5/__initial__/154/xtal_88.cif,-27.660053,54.84633
xtal_89.cif,./U3Si5/__initial__/154/xtal_89.cif,32.41243,33.190395
xtal_9.cif,./U3Si5/__initial__/154/xtal_9.cif,56.42037,-44.257607
xtal_90.cif,./U3Si5/__initial__/154/xtal_90.cif,-62.034847,-67.11242
xtal_91.cif,./U3Si5/__initial__/154/xtal_91.cif,-39.697598,54.167435
xtal_92.cif,./U3Si5/__initial__/154/xtal_92.cif,-21.78579,-81.490616
xtal_93.cif,./U3Si5/__initial__/154/xtal_93.cif,-72.788315,-25.499332
xtal_94.cif,./U3Si5/__initial__/154/xtal_94.cif,-63.376713,61.04453
xtal_95.cif,./U3Si5/__initial__/154/xtal_95.cif,-29.782265,78.8457
xtal_96.cif,./U3Si5/__initial__/154/xtal_96.cif,-42.55346,46.188644
xtal_97.cif,./U3Si5/__initial__/154/xtal_97.cif,-16.05478,41.66139
xtal_98.cif,./U3Si5/__initial__/154/xtal_98.cif,-40.77927,-24.12526
xtal_99.cif,./U3Si5/__initial__/154/xtal_99.cif,2.231582,-11.310504
xtal_1.cif,./U3Si5/__initial__/155/xtal_1.cif,33.949047,42.05945
xtal_10.cif,./U3Si5/__initial__/155/xtal_10.cif,61.958427,29.728685
xtal_100.cif,./U3Si5/__initial__/155/xtal_100.cif,58.898636,75.484604
xtal_11.cif,./U3Si5/155/xtal_11.cif,-23.107138,-23.679441
xtal_12.cif,./U3Si5/155/xtal_12.cif,13.244033,-97.56931
xtal_13.cif,./U3Si5/155/xtal_13.cif,-28.155077,12.844797
xtal_14.cif,./U3Si5/155/xtal_14.cif,-63.761772,29.533607
xtal_15.cif,./U3Si5/__initial__/155/xtal_15.cif,52.584057,68.30869
xtal_16.cif,./U3Si5/__initial__/155/xtal_16.cif,25.846518,18.824472
xtal_17.cif,./U3Si5/155/xtal_17.cif,-53.458977,-80.782585
xtal_18.cif,./U3Si5/155/xtal_18.cif,-9.104966,-5.8513885
xtal_19.cif,./U3Si5/__initial__/155/xtal_19.cif,-10.752688,-4.605692
xtal_2.cif,./U3Si5/155/xtal_2.cif,34.213337,30.743093
xtal_20.cif,./U3Si5/__initial__/155/xtal_20.cif,84.14755,-4.35809
xtal_21.cif,./U3Si5/155/xtal_21.cif,25.30275,-0.44428965
xtal_22.cif,./U3Si5/__initial__/155/xtal_22.cif,96.17109,-17.68497
xtal_23.cif,./U3Si5/155/xtal_23.cif,23.881762,-93.18445
xtal_24.cif,./U3Si5/155/xtal_24.cif,-80.157585,42.169003
xtal_25.cif,./U3Si5/__initial__/155/xtal_25.cif,-41.564083,68.38218
xtal_26.cif,./U3Si5/155/xtal_26.cif,2.0742395,-31.655506
xtal_27.cif,./U3Si5/__initial__/155/xtal_27.cif,76.23012,-26.077398
xtal_28.cif,./U3Si5/155/xtal_28.cif,31.164589,-79.071815
xtal_29.cif,./U3Si5/__initial__/155/xtal_29.cif,7.6610622,-62.385727
xtal_3.cif,./U3Si5/155/xtal_3.cif,-86.59664,29.306095
xtal_30.cif,./U3Si5/__initial__/155/xtal_30.cif,39.30137,-77.730576
xtal_31.cif,./U3Si5/155/xtal_31.cif,11.091818,-23.344973
xtal_32.cif,./U3Si5/155/xtal_32.cif,25.156708,-86.30652
xtal_33.cif,./U3Si5/155/xtal_33.cif,-85.05666,26.42014
xtal_34.cif,./U3Si5/155/xtal_34.cif,-103.708145,-0.12400918
xtal_35.cif,./U3Si5/__initial__/155/xtal_35.cif,-24.0753,-32.757294
xtal_36.cif,./U3Si5/155/xtal_36.cif,12.677514,5.087781
xtal_37.cif,./U3Si5/155/xtal_37.cif,-19.043396,-20.213486
xtal_38.cif,./U3Si5/__initial__/155/xtal_38.cif,37.832176,49.659325
xtal_39.cif,./U3Si5/__initial__/155/xtal_39.cif,84.11539,-4.7485456
xtal_4.cif,./U3Si5/155/xtal_4.cif,-45.66147,29.249077
xtal_40.cif,./U3Si5/__initial__/155/xtal_40.cif,23.552153,-26.981081
xtal_41.cif,./U3Si5/__initial__/155/xtal_41.cif,9.128283,50.24571
xtal_42.cif,./U3Si5/__initial__/155/xtal_42.cif,-79.50803,25.821064
xtal_43.cif,./U3Si5/155/xtal_43.cif,17.14193,27.41754
xtal_44.cif,./U3Si5/__initial__/155/xtal_44.cif,-9.621469,104.740456
xtal_45.cif,./U3Si5/__initial__/155/xtal_45.cif,54.585526,70.38073
xtal_46.cif,./U3Si5/__initial__/155/xtal_46.cif,42.909985,48.74743
xtal_47.cif,./U3Si5/__initial__/155/xtal_47.cif,-67.15177,-5.049945
xtal_48.cif,./U3Si5/__initial__/155/xtal_48.cif,-14.499937,-90.67028
xtal_49.cif,./U3Si5/155/xtal_49.cif,16.766579,-17.999632
xtal_5.cif,./U3Si5/155/xtal_5.cif,-48.22292,-80.40532
xtal_50.cif,./U3Si5/__initial__/155/xtal_50.cif,88.11218,47.061787
xtal_51.cif,./U3Si5/155/xtal_51.cif,-33.839325,25.032541
xtal_52.cif,./U3Si5/__initial__/155/xtal_52.cif,62.35652,-36.023502
xtal_53.cif,./U3Si5/__initial__/155/xtal_53.cif,-1.9198726,89.57651
xtal_54.cif,./U3Si5/__initial__/155/xtal_54.cif,59.674873,79.88886
xtal_55.cif,./U3Si5/__initial__/155/xtal_55.cif,35.454025,53.862797
xtal_56.cif,./U3Si5/__initial__/155/xtal_56.cif,42.238327,54.854786
xtal_57.cif,./U3Si5/155/xtal_57.cif,-19.093657,96.80864
xtal_58.cif,./U3Si5/__initial__/155/xtal_58.cif,77.77339,-74.23816
xtal_59.cif,./U3Si5/__initial__/155/xtal_59.cif,-26.472311,12.523746
xtal_6.cif,./U3Si5/__initial__/155/xtal_6.cif,-23.225405,-76.370804
xtal_60.cif,./U3Si5/__initial__/155/xtal_60.cif,81.24555,-24.21994
xtal_61.cif,./U3Si5/155/xtal_61.cif,-37.004368,-9.786507
xtal_62.cif,./U3Si5/__initial__/155/xtal_62.cif,100.30742,28.999596
xtal_63.cif,./U3Si5/155/xtal_63.cif,-76.17935,40.389755
xtal_64.cif,./U3Si5/__initial__/155/xtal_64.cif,59.915497,78.23436
xtal_65.cif,./U3Si5/155/xtal_65.cif,22.560791,-68.20061
xtal_66.cif,./U3Si5/155/xtal_66.cif,19.8775,-3.513429
xtal_67.cif,./U3Si5/__initial__/155/xtal_67.cif,96.92656,-52.66233
xtal_68.cif,./U3Si5/__initial__/155/xtal_68.cif,42.65565,61.944893
xtal_69.cif,./U3Si5/__initial__/155/xtal_69.cif,56.794586,75.06471
xtal_7.cif,./U3Si5/__initial__/155/xtal_7.cif,10.2993765,49.97325
xtal_70.cif,./U3Si5/__initial__/155/xtal_70.cif,54.6614,70.52824
xtal_71.cif,./U3Si5/155/xtal_71.cif,-85.53836,46.44369
xtal_72.cif,./U3Si5/__initial__/155/xtal_72.cif,26.835752,12.593411
xtal_73.cif,./U3Si5/155/xtal_73.cif,-6.989389,-29.33144
xtal_74.cif,./U3Si5/__initial__/155/xtal_74.cif,29.309559,18.89724
xtal_75.cif,./U3Si5/155/xtal_75.cif,-35.959618,100.26284
xtal_76.cif,./U3Si5/__initial__/155/xtal_76.cif,50.932217,67.825195
xtal_77.cif,./U3Si5/__initial__/155/xtal_77.cif,15.763264,47.88279
xtal_78.cif,./U3Si5/__initial__/155/xtal_78.cif,-12.081222,94.29169
xtal_79.cif,./U3Si5/155/xtal_79.cif,17.634466,-5.5516
xtal_8.cif,./U3Si5/__initial__/155/xtal_8.cif,62.514,-8.235919
xtal_80.cif,./U3Si5/__initial__/155/xtal_80.cif,46.740597,53.006126
xtal_81.cif,./U3Si5/__initial__/155/xtal_81.cif,40.208107,55.7266
xtal_82.cif,./U3Si5/155/xtal_82.cif,1.9247239,-33.996315
xtal_83.cif,./U3Si5/__initial__/155/xtal_83.cif,45.243282,58.159664
xtal_84.cif,./U3Si5/__initial__/155/xtal_84.cif,92.228806,40.55823
xtal_85.cif,./U3Si5/__initial__/155/xtal_85.cif,26.31207,36.96034
xtal_86.cif,./U3Si5/__initial__/155/xtal_86.cif,-7.192554,101.50854
xtal_87.cif,./U3Si5/__initial__/155/xtal_87.cif,59.160114,77.545425
xtal_88.cif,./U3Si5/__initial__/155/xtal_88.cif,3.3514578,89.55453
xtal_89.cif,./U3Si5/155/xtal_89.cif,-0.36695597,-100.03355
xtal_9.cif,./U3Si5/__initial__/155/xtal_9.cif,-42.613506,2.4262466
xtal_90.cif,./U3Si5/__initial__/155/xtal_90.cif,45.144882,-68.6618
xtal_91.cif,./U3Si5/__initial__/155/xtal_91.cif,98.85146,-37.651875
xtal_92.cif,./U3Si5/__initial__/155/xtal_92.cif,3.3934479,-32.753414
xtal_93.cif,./U3Si5/155/xtal_93.cif,2.512829,36.97682
xtal_94.cif,./U3Si5/155/xtal_94.cif,-84.33579,41.775208
xtal_95.cif,./U3Si5/__initial__/155/xtal_95.cif,-50.70955,78.4526
xtal_96.cif,./U3Si5/__initial__/155/xtal_96.cif,23.256819,28.984343
xtal_97.cif,./U3Si5/__initial__/155/xtal_97.cif,69.664276,-47.69341
xtal_98.cif,./U3Si5/__initial__/155/xtal_98.cif,35.480064,54.08193
xtal_99.cif,./U3Si5/155/xtal_99.cif,-29.035583,38.45587
xtal_1.cif,./U3Si5/__initial__/156/xtal_1.cif,30.440754,37.544094
xtal_10.cif,./U3Si5/__initial__/156/xtal_10.cif,19.07481,19.563625
xtal_100.cif,./U3Si5/__initial__/156/xtal_100.cif,26.846664,-5.482918
xtal_11.cif,./U3Si5/__initial__/156/xtal_11.cif,-23.773573,81.38809
xtal_12.cif,./U3Si5/__initial__/156/xtal_12.cif,29.940619,-59.902428
xtal_13.cif,./U3Si5/__initial__/156/xtal_13.cif,21.619184,54.105587
xtal_14.cif,./U3Si5/__initial__/156/xtal_14.cif,18.872286,74.601364
xtal_15.cif,./U3Si5/__initial__/156/xtal_15.cif,-14.959741,-12.336245
xtal_16.cif,./U3Si5/__initial__/156/xtal_16.cif,-10.817077,-39.853817
xtal_17.cif,./U3Si5/__initial__/156/xtal_17.cif,100.85398,-28.136406
xtal_18.cif,./U3Si5/__initial__/156/xtal_18.cif,-26.314587,23.07678
xtal_19.cif,./U3Si5/__initial__/156/xtal_19.cif,30.55057,60.415794
xtal_2.cif,./U3Si5/156/xtal_2.cif,-25.75989,-22.01635
xtal_20.cif,./U3Si5/__initial__/156/xtal_20.cif,24.871185,-0.06415281
xtal_21.cif,./U3Si5/__initial__/156/xtal_21.cif,30.784958,27.613708
xtal_22.cif,./U3Si5/156/xtal_22.cif,-63.731087,7.7063603
xtal_23.cif,./U3Si5/__initial__/156/xtal_23.cif,3.2459245,-42.88204
xtal_24.cif,./U3Si5/156/xtal_24.cif,4.124671,111.13137
xtal_25.cif,./U3Si5/__initial__/156/xtal_25.cif,1.1811126,-36.359783
xtal_26.cif,./U3Si5/156/xtal_26.cif,13.869092,27.04764
xtal_27.cif,./U3Si5/__initial__/156/xtal_27.cif,5.485763,-1.2387836
xtal_28.cif,./U3Si5/__initial__/156/xtal_28.cif,22.191725,49.271683
xtal_29.cif,./U3Si5/156/xtal_29.cif,-7.3167415,-11.980651
xtal_3.cif,./U3Si5/__initial__/156/xtal_3.cif,-3.0889986,26.582937
xtal_30.cif,./U3Si5/156/xtal_30.cif,31.385439,48.506535
xtal_31.cif,./U3Si5/__initial__/156/xtal_31.cif,-7.098,44.39081
xtal_32.cif,./U3Si5/__initial__/156/xtal_32.cif,45.190624,14.262745
xtal_33.cif,./U3Si5/__initial__/156/xtal_33.cif,-12.622187,90.24864
xtal_34.cif,./U3Si5/__initial__/156/xtal_34.cif,-16.038347,-49.67949
xtal_35.cif,./U3Si5/156/xtal_35.cif,13.879061,-84.07766
xtal_36.cif,./U3Si5/__initial__/156/xtal_36.cif,-39.37761,-33.560146
xtal_37.cif,./U3Si5/__initial__/156/xtal_37.cif,27.938948,88.37939
xtal_38.cif,./U3Si5/__initial__/156/xtal_38.cif,-0.3334126,33.307693
xtal_39.cif,./U3Si5/__initial__/156/xtal_39.cif,-39.14046,68.39229
xtal_4.cif,./U3Si5/156/xtal_4.cif,-86.74755,24.480661
xtal_40.cif,./U3Si5/__initial__/156/xtal_40.cif,28.041592,2.4785907
xtal_41.cif,./U3Si5/__initial__/156/xtal_41.cif,-2.7938712,87.83297
xtal_42.cif,./U3Si5/__initial__/156/xtal_42.cif,29.913385,37.08707
xtal_43.cif,./U3Si5/156/xtal_43.cif,17.614664,-87.686455
xtal_44.cif,./U3Si5/156/xtal_44.cif,-53.88628,80.04328
xtal_45.cif,./U3Si5/__initial__/156/xtal_45.cif,11.467978,88.566124
xtal_46.cif,./U3Si5/__initial__/156/xtal_46.cif,18.679201,76.73456
xtal_47.cif,./U3Si5/__initial__/156/xtal_47.cif,29.350788,30.491262
xtal_48.cif,./U3Si5/__initial__/156/xtal_48.cif,6.2621517,14.936841
xtal_49.cif,./U3Si5/156/xtal_49.cif,-14.654823,-31.98908
xtal_5.cif,./U3Si5/__initial__/156/xtal_5.cif,-0.50297713,-58.659145
xtal_50.cif,./U3Si5/__initial__/156/xtal_50.cif,-58.346954,-4.0206647
xtal_51.cif,./U3Si5/__initial__/156/xtal_51.cif,21.433613,4.134961
xtal_52.cif,./U3Si5/__initial__/156/xtal_52.cif,1.2850366,-3.1747394
xtal_53.cif,./U3Si5/__initial__/156/xtal_53.cif,25.22956,-8.566106
xtal_54.cif,./U3Si5/156/xtal_54.cif,-42.257977,-47.57865
xtal_55.cif,./U3Si5/__initial__/156/xtal_55.cif,23.54478,84.724884
xtal_56.cif,./U3Si5/__initial__/156/xtal_56.cif,11.778424,34.332638
xtal_57.cif,./U3Si5/__initial__/156/xtal_57.cif,60.042553,78.42811
xtal_58.cif,./U3Si5/__initial__/156/xtal_58.cif,74.927536,39.0876
xtal_59.cif,./U3Si5/156/xtal_59.cif,-19.382118,-15.538564
xtal_6.cif,./U3Si5/__initial__/156/xtal_6.cif,-32.259346,37.838684
xtal_60.cif,./U3Si5/156/xtal_60.cif,-61.10048,52.950684
xtal_61.cif,./U3Si5/156/xtal_61.cif,-7.996411,-8.709589
xtal_62.cif,./U3Si5/__initial__/156/xtal_62.cif,14.711843,42.316914
xtal_63.cif,./U3Si5/__initial__/156/xtal_63.cif,12.737636,25.96118
xtal_64.cif,./U3Si5/156/xtal_64.cif,13.910009,-92.3411
xtal_65.cif,./U3Si5/156/xtal_65.cif,-33.12038,-69.381836
xtal_66.cif,./U3Si5/__initial__/156/xtal_66.cif,16.831299,20.50869
xtal_67.cif,./U3Si5/__initial__/156/xtal_67.cif,2.1830733,-8.872805
xtal_68.cif,./U3Si5/__initial__/156/xtal_68.cif,-65.84776,17.67017
xtal_69.cif,./U3Si5/__initial__/156/xtal_69.cif,-7.587949,-0.67840403
xtal_7.cif,./U3Si5/__initial__/156/xtal_7.cif,-45.657642,70.536476
xtal_70.cif,./U3Si5/156/xtal_70.cif,-89.30458,-1.636401
xtal_71.cif,./U3Si5/__initial__/156/xtal_71.cif,88.04726,-37.36801
xtal_72.cif,./U3Si5/156/xtal_72.cif,-13.053196,-32.53201
xtal_73.cif,./U3Si5/__initial__/156/xtal_73.cif,-48.577095,35.946648
xtal_74.cif,./U3Si5/__initial__/156/xtal_74.cif,0.20350982,44.566452
xtal_75.cif,./U3Si5/156/xtal_75.cif,13.006125,-42.869507
xtal_76.cif,./U3Si5/__initial__/156/xtal_76.cif,34.637745,2.0628932
xtal_77.cif,./U3Si5/__initial__/156/xtal_77.cif,15.220519,10.963366
xtal_78.cif,./U3Si5/__initial__/156/xtal_78.cif,14.073904,13.853089
xtal_79.cif,./U3Si5/__initial__/156/xtal_79.cif,15.042415,-38.76787
xtal_8.cif,./U3Si5/__initial__/156/xtal_8.cif,13.534281,0.018879157
xtal_80.cif,./U3Si5/156/xtal_80.cif,18.034779,-37.19544
xtal_81.cif,./U3Si5/__initial__/156/xtal_81.cif,-62.454098,-28.849836
xtal_82.cif,./U3Si5/__initial__/156/xtal_82.cif,-1.9010782,-20.219353
xtal_83.cif,./U3Si5/__initial__/156/xtal_83.cif,-6.25522,83.779564
xtal_84.cif,./U3Si5/__initial__/156/xtal_84.cif,-8.592934,21.309769
xtal_85.cif,./U3Si5/__initial__/156/xtal_85.cif,23.599066,19.308764
xtal_86.cif,./U3Si5/__initial__/156/xtal_86.cif,-31.97026,88.16494
xtal_87.cif,./U3Si5/__initial__/156/xtal_87.cif,17.353447,20.51207
xtal_88.cif,./U3Si5/__initial__/156/xtal_88.cif,18.576876,43.332436
xtal_89.cif,./U3Si5/__initial__/156/xtal_89.cif,58.06323,-13.094429
xtal_9.cif,./U3Si5/__initial__/156/xtal_9.cif,-48.31842,17.367083
xtal_90.cif,./U3Si5/__initial__/156/xtal_90.cif,-0.320864,46.82267
xtal_91.cif,./U3Si5/__initial__/156/xtal_91.cif,-20.505278,28.564991
xtal_92.cif,./U3Si5/__initial__/156/xtal_92.cif,29.469536,38.449146
xtal_93.cif,./U3Si5/__initial__/156/xtal_93.cif,42.818962,25.774736
xtal_94.cif,./U3Si5/__initial__/156/xtal_94.cif,4.7045474,47.43468
xtal_95.cif,./U3Si5/__initial__/156/xtal_95.cif,13.758652,19.867897
xtal_96.cif,./U3Si5/__initial__/156/xtal_96.cif,2.9295957,3.4602973
xtal_97.cif,./U3Si5/__initial__/156/xtal_97.cif,22.010876,64.843864
xtal_98.cif,./U3Si5/156/xtal_98.cif,-24.763262,108.242775
xtal_99.cif,./U3Si5/__initial__/156/xtal_99.cif,38.996082,98.43311
xtal_1.cif,./U3Si5/157/xtal_1.cif,19.648575,75.012474
xtal_10.cif,./U3Si5/157/xtal_10.cif,25.716154,2.4001846
xtal_100.cif,./U3Si5/__initial__/157/xtal_100.cif,41.92018,92.080345
xtal_11.cif,./U3Si5/__initial__/157/xtal_11.cif,26.893824,88.34037
xtal_12.cif,./U3Si5/__initial__/157/xtal_12.cif,6.7326455,77.159935
xtal_13.cif,./U3Si5/__initial__/157/xtal_13.cif,45.80855,93.64174
xtal_14.cif,./U3Si5/157/xtal_14.cif,11.745094,0.60086983
xtal_15.cif,./U3Si5/__initial__/157/xtal_15.cif,-12.69148,78.28181
xtal_16.cif,./U3Si5/157/xtal_16.cif,49.638485,-69.589424
xtal_17.cif,./U3Si5/157/xtal_17.cif,-3.9861786,0.9261924
xtal_18.cif,./U3Si5/__initial__/157/xtal_18.cif,60.322697,-33.715157
xtal_19.cif,./U3Si5/__initial__/157/xtal_19.cif,68.53454,48.91646
xtal_2.cif,./U3Si5/157/xtal_2.cif,1.0805993,-75.870834
xtal_20.cif,./U3Si5/157/xtal_20.cif,12.092353,-11.361597
xtal_21.cif,./U3Si5/157/xtal_21.cif,10.468202,-39.77713
xtal_22.cif,./U3Si5/__initial__/157/xtal_22.cif,21.182442,51.020153
xtal_23.cif,./U3Si5/157/xtal_23.cif,-25.753338,-22.446362
xtal_24.cif,./U3Si5/__initial__/157/xtal_24.cif,38.193146,37.72409
xtal_25.cif,./U3Si5/157/xtal_25.cif,-49.46237,66.719475
xtal_26.cif,./U3Si5/157/xtal_26.cif,14.159199,0.14381275
xtal_27.cif,./U3Si5/__initial__/157/xtal_27.cif,47.826946,96.16226
xtal_28.cif,./U3Si5/__initial__/157/xtal_28.cif,-34.55648,-36.776775
xtal_29.cif,./U3Si5/157/xtal_29.cif,-47.91117,27.959532
xtal_3.cif,./U3Si5/157/xtal_3.cif,21.177114,71.58607
xtal_30.cif,./U3Si5/157/xtal_30.cif,18.633232,-82.53443
xtal_31.cif,./U3Si5/__initial__/157/xtal_31.cif,30.282593,65.13358
xtal_32.cif,./U3Si5/157/xtal_32.cif,-2.1687574,33.89381
xtal_33.cif,./U3Si5/157/xtal_33.cif,11.991952,49.70905
xtal_34.cif,./U3Si5/157/xtal_34.cif,16.835154,29.526339
xtal_35.cif,./U3Si5/__initial__/157/xtal_35.cif,70.487976,-5.725514
xtal_36.cif,./U3Si5/157/xtal_36.cif,6.7968483,107.43804
xtal_37.cif,./U3Si5/157/xtal_37.cif,-11.715161,-40.10091
xtal_38.cif,./U3Si5/__initial__/157/xtal_38.cif,-22.266264,-20.254042
xtal_39.cif,./U3Si5/__initial__/157/xtal_39.cif,34.09213,89.14253
xtal_4.cif,./U3Si5/__initial__/157/xtal_4.cif,38.67764,75.15835
xtal_40.cif,./U3Si5/__initial__/157/xtal_40.cif,-28.198387,112.04545
xtal_41.cif,./U3Si5/157/xtal_41.cif,26.127598,1.6998012
xtal_42.cif,./U3Si5/157/xtal_42.cif,-24.989973,-29.033566
xtal_43.cif,./U3Si5/__initial__/157/xtal_43.cif,23.83825,55.229233
xtal_44.cif,./U3Si5/__initial__/157/xtal_44.cif,48.119698,62.80377
xtal_45.cif,./U3Si5/157/xtal_45.cif,9.972692,-49.86406
xtal_46.cif,./U3Si5/157/xtal_46.cif,-41.681274,-13.2052
xtal_47.cif,./U3Si5/157/xtal_47.cif,9.948979,-79.23435
xtal_48.cif,./U3Si5/__initial__/157/xtal_48.cif,33.043316,91.12968
xtal_49.cif,./U3Si5/157/xtal_49.cif,-19.444565,-42.161304
xtal_5.cif,./U3Si5/__initial__/157/xtal_5.cif,-52.11374,62.47736
xtal_50.cif,./U3Si5/157/xtal_50.cif,36.775185,73.99751
xtal_51.cif,./U3Si5/__initial__/157/xtal_51.cif,21.805994,82.86779
xtal_52.cif,./U3Si5/157/xtal_52.cif,22.781143,72.3672
xtal_53.cif,./U3Si5/157/xtal_53.cif,26.809954,3.739543
xtal_54.cif,./U3Si5/157/xtal_54.cif,-42.69192,-11.668449
xtal_55.cif,./U3Si5/157/xtal_55.cif,-86.40116,-2.8814213
xtal_56.cif,./U3Si5/157/xtal_56.cif,10.347823,40.90349
xtal_57.cif,./U3Si5/__initial__/157/xtal_57.cif,-45.98388,17.78257
xtal_58.cif,./U3Si5/157/xtal_58.cif,-75.26993,-3.3367114
xtal_59.cif,./U3Si5/__initial__/157/xtal_59.cif,-42.09641,19.932991
xtal_6.cif,./U3Si5/157/xtal_6.cif,10.695635,19.574642
xtal_60.cif,./U3Si5/157/xtal_60.cif,22.929195,7.5705256
xtal_61.cif,./U3Si5/157/xtal_61.cif,3.0373256,4.6745143
xtal_62.cif,./U3Si5/157/xtal_62.cif,12.53567,5.3706284
xtal_63.cif,./U3Si5/157/xtal_63.cif,14.394073,-3.1703286
xtal_64.cif,./U3Si5/157/xtal_64.cif,-64.079445,6.2091527
xtal_65.cif,./U3Si5/157/xtal_65.cif,3.2529154,46.97531
xtal_66.cif,./U3Si5/157/xtal_66.cif,15.433965,40.04413
xtal_67.cif,./U3Si5/157/xtal_67.cif,11.811729,49.8178
xtal_68.cif,./U3Si5/157/xtal_68.cif,-47.044495,63.451893
xtal_69.cif,./U3Si5/157/xtal_69.cif,2.9928489,5.1085463
xtal_7.cif,./U3Si5/157/xtal_7.cif,8.048182,33.01724
xtal_70.cif,./U3Si5/157/xtal_70.cif,5.269134,30.887892
xtal_71.cif,./U3Si5/157/xtal_71.cif,-59.989223,-15.031244
xtal_72.cif,./U3Si5/157/xtal_72.cif,17.230026,11.477388
xtal_73.cif,./U3Si5/__initial__/157/xtal_73.cif,35.086266,76.3429
xtal_74.cif,./U3Si5/157/xtal_74.cif,15.856377,35.503944
xtal_75.cif,./U3Si5/157/xtal_75.cif,30.35443,26.418943
xtal_76.cif,./U3Si5/157/xtal_76.cif,-64.850685,67.73433
xtal_77.cif,./U3Si5/__initial__/157/xtal_77.cif,43.19449,21.448143
xtal_78.cif,./U3Si5/157/xtal_78.cif,23.062338,7.8770685
xtal_79.cif,./U3Si5/__initial__/157/xtal_79.cif,38.671673,-13.182043
xtal_8.cif,./U3Si5/157/xtal_8.cif,20.354572,-4.857233
xtal_80.cif,./U3Si5/157/xtal_80.cif,13.118301,36.734474
xtal_81.cif,./U3Si5/157/xtal_81.cif,-16.252705,-13.417791
xtal_82.cif,./U3Si5/157/xtal_82.cif,7.880859,-71.54858
xtal_83.cif,./U3Si5/__initial__/157/xtal_83.cif,71.99706,55.722904
xtal_84.cif,./U3Si5/__initial__/157/xtal_84.cif,43.754116,77.21123
xtal_85.cif,./U3Si5/__initial__/157/xtal_85.cif,-39.01362,67.08636
xtal_86.cif,./U3Si5/157/xtal_86.cif,16.428837,73.610756
xtal_87.cif,./U3Si5/__initial__/157/xtal_87.cif,31.886187,91.08632
xtal_88.cif,./U3Si5/__initial__/157/xtal_88.cif,36.8064,89.546
xtal_89.cif,./U3Si5/__initial__/157/xtal_89.cif,46.60526,59.652992
xtal_9.cif,./U3Si5/__initial__/157/xtal_9.cif,2.552083,8.590093
xtal_90.cif,./U3Si5/157/xtal_90.cif,-5.70284,33.038647
xtal_91.cif,./U3Si5/__initial__/157/xtal_91.cif,44.042366,30.678724
xtal_92.cif,./U3Si5/157/xtal_92.cif,54.638348,-62.874176
xtal_93.cif,./U3Si5/157/xtal_93.cif,-85.70172,17.297365
xtal_94.cif,./U3Si5/__initial__/157/xtal_94.cif,-3.8116689,64.860855
xtal_95.cif,./U3Si5/157/xtal_95.cif,-14.694596,-97.72135
xtal_96.cif,./U3Si5/157/xtal_96.cif,14.242502,6.5774136
xtal_97.cif,./U3Si5/__initial__/157/xtal_97.cif,33.454662,90.15464
xtal_98.cif,./U3Si5/157/xtal_98.cif,9.882069,49.8472
xtal_99.cif,./U3Si5/157/xtal_99.cif,-4.7047253,-87.74462
xtal_1.cif,./U3Si5/158/xtal_1.cif,24.306322,45.383648
xtal_10.cif,./U3Si5/__initial__/158/xtal_10.cif,28.534004,77.78311
xtal_100.cif,./U3Si5/__initial__/158/xtal_100.cif,-18.077372,40.095486
xtal_11.cif,./U3Si5/__initial__/158/xtal_11.cif,85.68299,5.27932
xtal_12.cif,./U3Si5/158/xtal_12.cif,-58.95408,55.010017
xtal_13.cif,./U3Si5/__initial__/158/xtal_13.cif,58.65678,23.394123
xtal_14.cif,./U3Si5/158/xtal_14.cif,1.3330235,-36.825024
xtal_15.cif,./U3Si5/__initial__/158/xtal_15.cif,40.416134,40.933674
xtal_16.cif,./U3Si5/158/xtal_16.cif,-6.159799,-16.112825
xtal_17.cif,./U3Si5/158/xtal_17.cif,28.672245,12.608653
xtal_18.cif,./U3Si5/158/xtal_18.cif,0.05587618,110.870834
xtal_19.cif,./U3Si5/__initial__/158/xtal_19.cif,44.646477,82.32423
xtal_2.cif,./U3Si5/__initial__/158/xtal_2.cif,32.72401,9.288516
xtal_20.cif,./U3Si5/158/xtal_20.cif,-5.8662558,-36.769093
xtal_21.cif,./U3Si5/158/xtal_21.cif,-71.24315,22.340261
xtal_22.cif,./U3Si5/158/xtal_22.cif,-11.576951,-77.93368
xtal_23.cif,./U3Si5/__initial__/158/xtal_23.cif,44.10277,38.454735
xtal_24.cif,./U3Si5/158/xtal_24.cif,6.194192,37.632298
xtal_25.cif,./U3Si5/__initial__/158/xtal_25.cif,85.223366,-52.936153
xtal_26.cif,./U3Si5/158/xtal_26.cif,-14.569465,-96.43918
xtal_27.cif,./U3Si5/158/xtal_27.cif,25.386532,14.048006
xtal_28.cif,./U3Si5/__initial__/158/xtal_28.cif,22.651737,32.270607
xtal_29.cif,./U3Si5/158/xtal_29.cif,34.90293,37.999733
xtal_3.cif,./U3Si5/158/xtal_3.cif,39.65315,46.52988
xtal_30.cif,./U3Si5/158/xtal_30.cif,13.505433,36.010113
xtal_31.cif,./U3Si5/158/xtal_31.cif,-12.001276,-33.61714
xtal_32.cif,./U3Si5/158/xtal_32.cif,-86.88448,24.236658
xtal_33.cif,./U3Si5/__initial__/158/xtal_33.cif,36.96483,42.148308
xtal_34.cif,./U3Si5/__initial__/158/xtal_34.cif,37.285355,91.35366
xtal_35.cif,./U3Si5/__initial__/158/xtal_35.cif,-3.6233037,16.228165
xtal_36.cif,./U3Si5/158/xtal_36.cif,2.0833917,-33.338642
xtal_37.cif,./U3Si5/__initial__/158/xtal_37.cif,60.222706,78.785805
xtal_38.cif,./U3Si5/__initial__/158/xtal_38.cif,19.996235,48.283325
xtal_39.cif,./U3Si5/__initial__/158/xtal_39.cif,10.148642,14.566247
xtal_4.cif,./U3Si5/__initial__/158/xtal_4.cif,27.371498,57.499275
xtal_40.cif,./U3Si5/158/xtal_40.cif,14.608235,16.362366
xtal_41.cif,./U3Si5/__initial__/158/xtal_41.cif,34.579994,-15.646213
xtal_42.cif,./U3Si5/158/xtal_42.cif,10.295322,-20.686579
xtal_43.cif,./U3Si5/158/xtal_43.cif,32.60446,-60.92681
xtal_44.cif,./U3Si5/158/xtal_44.cif,14.201439,6.7714987
xtal_45.cif,./U3Si5/__initial__/158/xtal_45.cif,19.66554,68.66165
xtal_46.cif,./U3Si5/158/xtal_46.cif,-1.1037697,34.889572
xtal_47.cif,./U3Si5/__initial__/158/xtal_47.cif,46.571033,77.52897
xtal_48.cif,./U3Si5/158/xtal_48.cif,-15.574309,2.8106194
xtal_49.cif,./U3Si5/158/xtal_49.cif,24.56465,46.59235
xtal_5.cif,./U3Si5/158/xtal_5.cif,15.935579,6.2372956
xtal_50.cif,./U3Si5/__initial__/158/xtal_50.cif,32.47627,-18.08217
xtal_51.cif,./U3Si5/158/xtal_51.cif,-24.000906,-75.64088
xtal_52.cif,./U3Si5/158/xtal_52.cif,-55.329906,-25.9152
xtal_53.cif,./U3Si5/158/xtal_53.cif,13.556342,5.462435
xtal_54.cif,./U3Si5/158/xtal_54.cif,-82.62288,-8.729786
xtal_55.cif,./U3Si5/158/xtal_55.cif,18.296583,-0.51209277
xtal_56.cif,./U3Si5/158/xtal_56.cif,-16.83402,-16.253567
xtal_57.cif,./U3Si5/158/xtal_57.cif,-64.1066,4.9443846
xtal_58.cif,./U3Si5/158/xtal_58.cif,16.623161,42.597923
xtal_59.cif,./U3Si5/__initial__/158/xtal_59.cif,60.787052,58.856358
xtal_6.cif,./U3Si5/__initial__/158/xtal_6.cif,4.4364686,64.5647
xtal_60.cif,./U3Si5/__initial__/158/xtal_60.cif,-0.40295506,33.30933
xtal_61.cif,./U3Si5/__initial__/158/xtal_61.cif,26.172634,88.26875
xtal_62.cif,./U3Si5/__initial__/158/xtal_62.cif,69.22138,25.579847
xtal_63.cif,./U3Si5/__initial__/158/xtal_63.cif,51.831608,19.78124
xtal_64.cif,./U3Si5/158/xtal_64.cif,-40.177906,-15.096762
xtal_65.cif,./U3Si5/__initial__/158/xtal_65.cif,42.00509,33.347454
xtal_66.cif,./U3Si5/__initial__/158/xtal_66.cif,61.424076,61.042168
xtal_67.cif,./U3Si5/__initial__/158/xtal_67.cif,82.58766,-72.21834
xtal_68.cif,./U3Si5/__initial__/158/xtal_68.cif,28.550608,-5.3461766
xtal_69.cif,./U3Si5/158/xtal_69.cif,-46.114357,-46.349068
xtal_7.cif,./U3Si5/__initial__/158/xtal_7.cif,47.777115,84.19507
xtal_70.cif,./U3Si5/__initial__/158/xtal_70.cif,-11.619997,-33.705555
xtal_71.cif,./U3Si5/158/xtal_71.cif,16.275585,-84.89641
xtal_72.cif,./U3Si5/158/xtal_72.cif,36.36285,36.226955
xtal_73.cif,./U3Si5/__initial__/158/xtal_73.cif,59.10296,80.87301
xtal_74.cif,./U3Si5/__initial__/158/xtal_74.cif,-38.22378,69.68755
xtal_75.cif,./U3Si5/158/xtal_75.cif,-18.73147,109.67035
xtal_76.cif,./U3Si5/158/xtal_76.cif,15.870704,39.67164
xtal_77.cif,./U3Si5/__initial__/158/xtal_77.cif,36.373287,78.452614
xtal_78.cif,./U3Si5/__initial__/158/xtal_78.cif,5.6008286,27.083279
xtal_79.cif,./U3Si5/__initial__/158/xtal_79.cif,89.195816,-7.70633
xtal_8.cif,./U3Si5/158/xtal_8.cif,6.44129,32.552883
xtal_80.cif,./U3Si5/158/xtal_80.cif,-59.557964,82.77183
xtal_81.cif,./U3Si5/158/xtal_81.cif,-9.527904,-19.315947
xtal_82.cif,./U3Si5/__initial__/158/xtal_82.cif,55.117825,73.2397
xtal_83.cif,./U3Si5/158/xtal_83.cif,-53.158222,67.289764
xtal_84.cif,./U3Si5/158/xtal_84.cif,-13.235428,-94.69332
xtal_85.cif,./U3Si5/158/xtal_85.cif,-56.10567,-38.743652
xtal_86.cif,./U3Si5/158/xtal_86.cif,19.197382,0.34439027
xtal_87.cif,./U3Si5/__initial__/158/xtal_87.cif,25.098532,-7.0857277
xtal_88.cif,./U3Si5/__initial__/158/xtal_88.cif,60.201748,78.73624
xtal_89.cif,./U3Si5/158/xtal_89.cif,15.786552,-13.08157
xtal_9.cif,./U3Si5/158/xtal_9.cif,-25.525759,4.3368707
xtal_90.cif,./U3Si5/__initial__/158/xtal_90.cif,70.86154,54.421574
xtal_91.cif,./U3Si5/158/xtal_91.cif,26.836,35.49061
xtal_92.cif,./U3Si5/158/xtal_92.cif,-19.523542,-38.62402
xtal_93.cif,./U3Si5/158/xtal_93.cif,20.337072,32.007915
xtal_94.cif,./U3Si5/__initial__/158/xtal_94.cif,-23.39136,65.80773
xtal_95.cif,./U3Si5/__initial__/158/xtal_95.cif,-82.96776,55.285343
xtal_96.cif,./U3Si5/__initial__/158/xtal_96.cif,24.312757,-27.18097
xtal_97.cif,./U3Si5/__initial__/158/xtal_97.cif,-5.951994,75.52408
xtal_98.cif,./U3Si5/158/xtal_98.cif,-81.026535,53.48132
xtal_99.cif,./U3Si5/158/xtal_99.cif,12.922542,-19.31512
xtal_1.cif,./U3Si5/__initial__/159/xtal_1.cif,27.859428,58.19969
xtal_10.cif,./U3Si5/__initial__/159/xtal_10.cif,53.782,73.77661
xtal_100.cif,./U3Si5/159/xtal_100.cif,7.123815,-45.647713
xtal_11.cif,./U3Si5/159/xtal_11.cif,19.612051,-16.774796
xtal_12.cif,./U3Si5/159/xtal_12.cif,16.502619,-26.62337
xtal_13.cif,./U3Si5/159/xtal_13.cif,43.018394,53.714325
xtal_14.cif,./U3Si5/159/xtal_14.cif,15.219491,-0.9963041
xtal_15.cif,./U3Si5/159/xtal_15.cif,-51.54868,-28.310139
xtal_16.cif,./U3Si5/__initial__/159/xtal_16.cif,29.078108,7.8063536
xtal_17.cif,./U3Si5/159/xtal_17.cif,17.713537,-12.064722
xtal_18.cif,./U3Si5/159/xtal_18.cif,-66.99496,7.456396
xtal_19.cif,./U3Si5/__initial__/159/xtal_19.cif,26.114347,76.950356
xtal_2.cif,./U3Si5/159/xtal_2.cif,-43.16439,73.42601
xtal_20.cif,./U3Si5/__initial__/159/xtal_20.cif,41.123722,97.74831
xtal_21.cif,./U3Si5/159/xtal_21.cif,37.65879,44.85353
xtal_22.cif,./U3Si5/159/xtal_22.cif,3.6451113,-28.60573
xtal_23.cif,./U3Si5/159/xtal_23.cif,-42.912743,-14.012419
xtal_24.cif,./U3Si5/__initial__/159/xtal_24.cif,14.495994,13.888729
xtal_25.cif,./U3Si5/159/xtal_25.cif,18.499237,-86.73325
xtal_26.cif,./U3Si5/__initial__/159/xtal_26.cif,-50.815887,73.66519
xtal_27.cif,./U3Si5/159/xtal_27.cif,-49.936565,72.487366
xtal_28.cif,./U3Si5/159/xtal_28.cif,25.814608,-69.600204
xtal_29.cif,./U3Si5/159/xtal_29.cif,-64.86818,-12.514728
xtal_3.cif,./U3Si5/__initial__/159/xtal_3.cif,62.153572,16.62882
xtal_30.cif,./U3Si5/__initial__/159/xtal_30.cif,73.305145,5.868387
xtal_31.cif,./U3Si5/159/xtal_31.cif,-85.98906,16.938223
xtal_32.cif,./U3Si5/__initial__/159/xtal_32.cif,26.238663,77.987724
xtal_33.cif,./U3Si5/__initial__/159/xtal_33.cif,44.006294,2.7203457
xtal_34.cif,./U3Si5/159/xtal_34.cif,23.358631,19.390144
xtal_35.cif,./U3Si5/159/xtal_35.cif,28.414204,15.366582
xtal_36.cif,./U3Si5/159/xtal_36.cif,10.153235,30.103561
xtal_37.cif,./U3Si5/159/xtal_37.cif,37.586536,48.23477
xtal_38.cif,./U3Si5/159/xtal_38.cif,12.016161,48.730152
xtal_39.cif,./U3Si5/159/xtal_39.cif,34.14722,22.325102
xtal_4.cif,./U3Si5/159/xtal_4.cif,6.057028,-21.807837
xtal_40.cif,./U3Si5/__initial__/159/xtal_40.cif,53.25038,66.52454
xtal_41.cif,./U3Si5/159/xtal_41.cif,26.17246,-14.250881
xtal_42.cif,./U3Si5/__initial__/159/xtal_42.cif,59.582386,60.212807
xtal_43.cif,./U3Si5/__initial__/159/xtal_43.cif,-0.92031485,25.234804
xtal_44.cif,./U3Si5/__initial__/159/xtal_44.cif,36.518917,-40.792435
xtal_45.cif,./U3Si5/159/xtal_45.cif,-25.72108,86.77318
xtal_46.cif,./U3Si5/__initial__/159/xtal_46.cif,21.912048,38.96641
xtal_47.cif,./U3Si5/__initial__/159/xtal_47.cif,-13.21037,62.29928
xtal_48.cif,./U3Si5/159/xtal_48.cif,26.411083,30.415056
xtal_49.cif,./U3Si5/__initial__/159/xtal_49.cif,47.706913,64.56284
xtal_5.cif,./U3Si5/__initial__/159/xtal_5.cif,26.309904,-1.4306794
xtal_50.cif,./U3Si5/__initial__/159/xtal_50.cif,30.481579,3.1449616
xtal_51.cif,./U3Si5/__initial__/159/xtal_51.cif,20.520323,76.41129
xtal_52.cif,./U3Si5/__initial__/159/xtal_52.cif,53.51043,70.80964
xtal_53.cif,./U3Si5/159/xtal_53.cif,56.62471,72.52386
xtal_54.cif,./U3Si5/__initial__/159/xtal_54.cif,-23.60216,41.14381
xtal_55.cif,./U3Si5/159/xtal_55.cif,-93.14249,-11.014596
xtal_56.cif,./U3Si5/__initial__/159/xtal_56.cif,21.62168,70.182365
xtal_57.cif,./U3Si5/__initial__/159/xtal_57.cif,-3.4849145,-4.6864944
xtal_58.cif,./U3Si5/159/xtal_58.cif,43.846226,61.598015
xtal_59.cif,./U3Si5/159/xtal_59.cif,21.44171,-52.781063
xtal_6.cif,./U3Si5/159/xtal_6.cif,40.10767,-82.10207
xtal_60.cif,./U3Si5/__initial__/159/xtal_60.cif,67.923805,54.377098
xtal_61.cif,./U3Si5/__initial__/159/xtal_61.cif,84.24919,47.782745
xtal_62.cif,./U3Si5/159/xtal_62.cif,-13.278136,-25.609001
xtal_63.cif,./U3Si5/159/xtal_63.cif,24.378935,13.0017605
xtal_64.cif,./U3Si5/__initial__/159/xtal_64.cif,-35.745644,-2.521905
xtal_65.cif,./U3Si5/159/xtal_65.cif,38.82392,-93.69419
xtal_66.cif,./U3Si5/159/xtal_66.cif,-60.69512,53.187794
xtal_67.cif,./U3Si5/159/xtal_67.cif,-21.980858,-18.852303
xtal_68.cif,./U3Si5/159/xtal_68.cif,19.710024,-12.953656
xtal_69.cif,./U3Si5/159/xtal_69.cif,-40.96358,-11.99895
xtal_7.cif,./U3Si5/159/xtal_7.cif,-16.780523,3.9327543
xtal_70.cif,./U3Si5/159/xtal_70.cif,-4.0665064,-2.683234
xtal_71.cif,./U3Si5/159/xtal_71.cif,9.341019,28.692276
xtal_72.cif,./U3Si5/159/xtal_72.cif,57.455364,74.84509
xtal_73.cif,./U3Si5/159/xtal_73.cif,68.8515,-84.98412
xtal_74.cif,./U3Si5/159/xtal_74.cif,20.997368,-9.710115
xtal_75.cif,./U3Si5/__initial__/159/xtal_75.cif,90.04816,-30.532396
xtal_76.cif,./U3Si5/159/xtal_76.cif,-14.954004,31.704712
xtal_77.cif,./U3Si5/__initial__/159/xtal_77.cif,58.615772,72.19845
xtal_78.cif,./U3Si5/159/xtal_78.cif,-16.672941,-10.801771
xtal_79.cif,./U3Si5/159/xtal_79.cif,24.027643,8.152352
xtal_8.cif,./U3Si5/159/xtal_8.cif,-0.46887878,-27.98215
xtal_80.cif,./U3Si5/159/xtal_80.cif,-51.74722,-76.659004
xtal_81.cif,./U3Si5/159/xtal_81.cif,28.642097,-30.906694
xtal_82.cif,./U3Si5/159/xtal_82.cif,0.3380624,33.268055
xtal_83.cif,./U3Si5/159/xtal_83.cif,23.411394,21.06881
xtal_84.cif,./U3Si5/159/xtal_84.cif,16.357265,24.204748
xtal_85.cif,./U3Si5/__initial__/159/xtal_85.cif,58.461586,72.02514
xtal_86.cif,./U3Si5/159/xtal_86.cif,12.051853,23.75082
xtal_87.cif,./U3Si5/__initial__/159/xtal_87.cif,34.2205,54.90845
xtal_88.cif,./U3Si5/__initial__/159/xtal_88.cif,-7.0210834,40.01624
xtal_89.cif,./U3Si5/159/xtal_89.cif,17.20473,-2.7928822
xtal_9.cif,./U3Si5/159/xtal_9.cif,-2.3324566,-4.886735
xtal_90.cif,./U3Si5/159/xtal_90.cif,-79.58711,12.226728
xtal_91.cif,./U3Si5/159/xtal_91.cif,-6.0186296,-7.737035
xtal_92.cif,./U3Si5/__initial__/159/xtal_92.cif,-14.089663,90.86088
xtal_93.cif,./U3Si5/159/xtal_93.cif,-16.322517,-92.1152
xtal_94.cif,./U3Si5/__initial__/159/xtal_94.cif,21.119202,34.406036
xtal_95.cif,./U3Si5/159/xtal_95.cif,-14.699444,-97.656334
xtal_96.cif,./U3Si5/__initial__/159/xtal_96.cif,72.70316,19.844765
xtal_97.cif,./U3Si5/159/xtal_97.cif,-69.653915,10.382415
xtal_98.cif,./U3Si5/159/xtal_98.cif,33.864895,41.58979
xtal_99.cif,./U3Si5/159/xtal_99.cif,18.79463,29.886696
xtal_1.cif,./U3Si5/__initial__/160/xtal_1.cif,-32.340446,46.954704
xtal_10.cif,./U3Si5/__initial__/160/xtal_10.cif,27.924898,-2.7186103
xtal_100.cif,./U3Si5/__initial__/160/xtal_100.cif,41.07757,-33.177887
xtal_11.cif,./U3Si5/__initial__/160/xtal_11.cif,49.77867,70.20587
xtal_12.cif,./U3Si5/__initial__/160/xtal_12.cif,69.57528,-85.56893
xtal_13.cif,./U3Si5/__initial__/160/xtal_13.cif,52.620842,-11.883595
xtal_14.cif,./U3Si5/__initial__/160/xtal_14.cif,-27.084541,-11.274337
xtal_15.cif,./U3Si5/__initial__/160/xtal_15.cif,-47.80829,-8.343953
xtal_16.cif,./U3Si5/160/xtal_16.cif,53.25156,-82.15515
xtal_17.cif,./U3Si5/160/xtal_17.cif,3.0013814,37.748863
xtal_18.cif,./U3Si5/160/xtal_18.cif,-97.68412,8.548397
xtal_19.cif,./U3Si5/160/xtal_19.cif,16.576475,6.1026187
xtal_2.cif,./U3Si5/160/xtal_2.cif,-81.09128,-41.226055
xtal_20.cif,./U3Si5/160/xtal_20.cif,15.176229,-57.08019
xtal_21.cif,./U3Si5/160/xtal_21.cif,17.175085,-84.224396
xtal_22.cif,./U3Si5/160/xtal_22.cif,75.60146,-30.35121
xtal_23.cif,./U3Si5/160/xtal_23.cif,-24.965717,6.944116
xtal_24.cif,./U3Si5/__initial__/160/xtal_24.cif,18.408989,20.706503
xtal_25.cif,./U3Si5/__initial__/160/xtal_25.cif,-4.9615736,23.975977
xtal_26.cif,./U3Si5/__initial__/160/xtal_26.cif,90.15452,-34.940956
xtal_27.cif,./U3Si5/__initial__/160/xtal_27.cif,5.154997,50.75269
xtal_28.cif,./U3Si5/__initial__/160/xtal_28.cif,-21.120832,21.809109
xtal_29.cif,./U3Si5/160/xtal_29.cif,53.954296,-82.983215
xtal_3.cif,./U3Si5/160/xtal_3.cif,14.7128,-20.341713
xtal_30.cif,./U3Si5/__initial__/160/xtal_30.cif,5.072306,18.29624
xtal_31.cif,./U3Si5/__initial__/160/xtal_31.cif,12.064671,50.02122
xtal_32.cif,./U3Si5/160/xtal_32.cif,59.876358,-84.5622
xtal_33.cif,./U3Si5/__initial__/160/xtal_33.cif,4.020276,-33.539703
xtal_34.cif,./U3Si5/160/xtal_34.cif,-18.26436,-19.96935
xtal_35.cif,./U3Si5/160/xtal_35.cif,65.25666,-60.804066
xtal_36.cif,./U3Si5/__initial__/160/xtal_36.cif,33.444244,25.923536
xtal_37.cif,./U3Si5/__initial__/160/xtal_37.cif,22.340458,78.511086
xtal_38.cif,./U3Si5/__initial__/160/xtal_38.cif,-50.087967,5.2857585
xtal_39.cif,./U3Si5/160/xtal_39.cif,-58.70901,6.3369017
xtal_4.cif,./U3Si5/__initial__/160/xtal_4.cif,29.443933,4.744618
xtal_40.cif,./U3Si5/160/xtal_40.cif,-18.024954,111.53543
xtal_41.cif,./U3Si5/__initial__/160/xtal_41.cif,20.15105,45.483612
xtal_42.cif,./U3Si5/__initial__/160/xtal_42.cif,54.17609,68.99313
xtal_43.cif,./U3Si5/__initial__/160/xtal_43.cif,52.583324,64.06374
xtal_44.cif,./U3Si5/160/xtal_44.cif,-60.18278,3.8262694
xtal_45.cif,./U3Si5/__initial__/160/xtal_45.cif,26.699696,76.28592
xtal_46.cif,./U3Si5/160/xtal_46.cif,-79.29751,20.79438
xtal_47.cif,./U3Si5/__initial__/160/xtal_47.cif,-43.384956,39.458214
xtal_48.cif,./U3Si5/160/xtal_48.cif,10.202506,-20.82414
xtal_49.cif,./U3Si5/160/xtal_49.cif,25.952631,-90.3533
xtal_5.cif,./U3Si5/__initial__/160/xtal_5.cif,69.12159,-85.33808
xtal_50.cif,./U3Si5/__initial__/160/xtal_50.cif,43.622543,-11.664674
xtal_51.cif,./U3Si5/160/xtal_51.cif,-55.627716,53.702652
xtal_52.cif,./U3Si5/__initial__/160/xtal_52.cif,-22.126053,2.2064714
xtal_53.cif,./U3Si5/__initial__/160/xtal_53.cif,-24.301147,7.9204574
xtal_54.cif,./U3Si5/__initial__/160/xtal_54.cif,35.214104,19.288185
xtal_55.cif,./U3Si5/__initial__/160/xtal_55.cif,56.693607,-26.747587
xtal_56.cif,./U3Si5/__initial__/160/xtal_56.cif,3.3190422,50.337795
xtal_57.cif,./U3Si5/__initial__/160/xtal_57.cif,22.782232,47.29398
xtal_58.cif,./U3Si5/__initial__/160/xtal_58.cif,1.0704919,105.73226
xtal_59.cif,./U3Si5/160/xtal_59.cif,-37.770023,-96.20406
xtal_6.cif,./U3Si5/160/xtal_6.cif,-13.295462,-25.895687
xtal_60.cif,./U3Si5/__initial__/160/xtal_60.cif,-20.26117,-58.07977
xtal_61.cif,./U3Si5/__initial__/160/xtal_61.cif,-52.974716,31.852806
xtal_62.cif,./U3Si5/__initial__/160/xtal_62.cif,53.63094,-10.042823
xtal_63.cif,./U3Si5/__initial__/160/xtal_63.cif,8.782065,40.363224
xtal_64.cif,./U3Si5/__initial__/160/xtal_64.cif,80.12599,-23.603222
xtal_65.cif,./U3Si5/160/xtal_65.cif,-1.1535959,6.0910363
xtal_66.cif,./U3Si5/160/xtal_66.cif,17.93968,-89.36245
xtal_67.cif,./U3Si5/160/xtal_67.cif,-104.33981,7.832666
xtal_68.cif,./U3Si5/__initial__/160/xtal_68.cif,86.19313,54.276127
xtal_69.cif,./U3Si5/__initial__/160/xtal_69.cif,3.1735454,31.723074
xtal_7.cif,./U3Si5/160/xtal_7.cif,-16.358171,-60.002174
xtal_70.cif,./U3Si5/160/xtal_70.cif,21.24488,-52.01502
xtal_71.cif,./U3Si5/__initial__/160/xtal_71.cif,-8.392638,91.62217
xtal_72.cif,./U3Si5/__initial__/160/xtal_72.cif,33.5416,0.030223008
xtal_73.cif,./U3Si5/160/xtal_73.cif,64.25173,-81.71454
xtal_74.cif,./U3Si5/__initial__/160/xtal_74.cif,45.52808,-44.67728
xtal_75.cif,./U3Si5/__initial__/160/xtal_75.cif,77.95793,-28.39119
xtal_76.cif,./U3Si5/160/xtal_76.cif,25.910324,12.327407
xtal_77.cif,./U3Si5/160/xtal_77.cif,-78.83976,-29.41372
xtal_78.cif,./U3Si5/__initial__/160/xtal_78.cif,-10.561541,60.34975
xtal_79.cif,./U3Si5/__initial__/160/xtal_79.cif,30.559967,91.17443
xtal_8.cif,./U3Si5/__initial__/160/xtal_8.cif,44.579437,39.19867
xtal_80.cif,./U3Si5/160/xtal_80.cif,14.732967,9.939973
xtal_81.cif,./U3Si5/160/xtal_81.cif,-54.66748,-4.9540777
xtal_82.cif,./U3Si5/__initial__/160/xtal_82.cif,2.5058959,-65.45871
xtal_83.cif,./U3Si5/__initial__/160/xtal_83.cif,34.90062,42.28102
xtal_84.cif,./U3Si5/160/xtal_84.cif,46.070904,-97.128685
xtal_85.cif,./U3Si5/160/xtal_85.cif,12.20693,-6.4512234
xtal_86.cif,./U3Si5/__initial__/160/xtal_86.cif,64.422356,-66.55
xtal_87.cif,./U3Si5/__initial__/160/xtal_87.cif,-10.180487,-24.216698
xtal_88.cif,./U3Si5/160/xtal_88.cif,63.62329,-65.15227
xtal_89.cif,./U3Si5/__initial__/160/xtal_89.cif,15.4264,51.120647
xtal_9.cif,./U3Si5/160/xtal_9.cif,-20.463236,6.8598585
xtal_90.cif,./U3Si5/160/xtal_90.cif,23.585867,-99.23878
xtal_91.cif,./U3Si5/__initial__/160/xtal_91.cif,-8.853638,35.641224
xtal_92.cif,./U3Si5/__initial__/160/xtal_92.cif,-24.486217,5.7194834
xtal_93.cif,./U3Si5/__initial__/160/xtal_93.cif,-5.9450536,-4.1024194
xtal_94.cif,./U3Si5/__initial__/160/xtal_94.cif,-14.003631,-31.589138
xtal_95.cif,./U3Si5/160/xtal_95.cif,-57.599857,-44.881897
xtal_96.cif,./U3Si5/__initial__/160/xtal_96.cif,13.926119,42.616783
xtal_97.cif,./U3Si5/__initial__/160/xtal_97.cif,-44.541428,69.45681
xtal_98.cif,./U3Si5/__initial__/160/xtal_98.cif,-29.90621,-43.692375
xtal_99.cif,./U3Si5/__initial__/160/xtal_99.cif,26.740114,-26.927402
xtal_1.cif,./U3Si5/__initial__/162/xtal_1.cif,-97.53841,4.281859
xtal_10.cif,./U3Si5/162/xtal_10.cif,17.676405,-61.304035
xtal_100.cif,./U3Si5/__initial__/162/xtal_100.cif,83.76841,45.25606
xtal_11.cif,./U3Si5/162/xtal_11.cif,37.157093,-27.205193
xtal_12.cif,./U3Si5/__initial__/162/xtal_12.cif,99.47032,21.101755
xtal_13.cif,./U3Si5/__initial__/162/xtal_13.cif,-69.57953,-3.2576034
xtal_14.cif,./U3Si5/__initial__/162/xtal_14.cif,56.652462,-39.98093
xtal_15.cif,./U3Si5/162/xtal_15.cif,-27.603642,65.59033
xtal_16.cif,./U3Si5/162/xtal_16.cif,42.080524,-21.94916
xtal_17.cif,./U3Si5/__initial__/162/xtal_17.cif,-89.31028,-33.326332
xtal_18.cif,./U3Si5/162/xtal_18.cif,-40.689564,4.744839
xtal_19.cif,./U3Si5/__initial__/162/xtal_19.cif,-66.66052,37.286686
xtal_2.cif,./U3Si5/__initial__/162/xtal_2.cif,-57.945747,24.201767
xtal_20.cif,./U3Si5/162/xtal_20.cif,84.95455,44.83771
xtal_21.cif,./U3Si5/__initial__/162/xtal_21.cif,-43.905464,-5.8020053
xtal_22.cif,./U3Si5/162/xtal_22.cif,-4.1926837,-74.33466
xtal_23.cif,./U3Si5/162/xtal_23.cif,-24.831856,12.999533
xtal_24.cif,./U3Si5/162/xtal_24.cif,-57.742092,-55.9987
xtal_25.cif,./U3Si5/__initial__/162/xtal_25.cif,4.9022636,93.82058
xtal_26.cif,./U3Si5/162/xtal_26.cif,-38.38421,12.326358
xtal_27.cif,./U3Si5/__initial__/162/xtal_27.cif,33.273037,-73.94275
xtal_28.cif,./U3Si5/__initial__/162/xtal_28.cif,95.77944,72.1183
xtal_29.cif,./U3Si5/162/xtal_29.cif,45.33374,-79.25716
xtal_3.cif,./U3Si5/162/xtal_3.cif,-63.614605,33.025604
xtal_30.cif,./U3Si5/__initial__/162/xtal_30.cif,33.336063,-107.11876
xtal_31.cif,./U3Si5/__initial__/162/xtal_31.cif,73.461105,9.140588
xtal_32.cif,./U3Si5/162/xtal_32.cif,-16.13387,-71.12427
xtal_33.cif,./U3Si5/__initial__/162/xtal_33.cif,87.55586,44.380436
xtal_34.cif,./U3Si5/162/xtal_34.cif,-43.471077,43.065002
xtal_35.cif,./U3Si5/162/xtal_35.cif,-57.229343,-20.880022
xtal_36.cif,./U3Si5/162/xtal_36.cif,17.937572,-102.232666
xtal_37.cif,./U3Si5/162/xtal_37.cif,-23.150633,9.223801
xtal_38.cif,./U3Si5/162/xtal_38.cif,-89.666115,41.618942
xtal_39.cif,./U3Si5/162/xtal_39.cif,75.21693,-42.114185
xtal_4.cif,./U3Si5/162/xtal_4.cif,25.482481,-73.62386
xtal_40.cif,./U3Si5/__initial__/162/xtal_40.cif,99.94919,-20.48527
xtal_41.cif,./U3Si5/__initial__/162/xtal_41.cif,11.54869,62.49288
xtal_42.cif,./U3Si5/__initial__/162/xtal_42.cif,60.858376,27.919395
xtal_43.cif,./U3Si5/162/xtal_43.cif,-6.4107428,-84.49709
xtal_44.cif,./U3Si5/__initial__/162/xtal_44.cif,43.42557,10.583499
xtal_45.cif,./U3Si5/162/xtal_45.cif,54.986744,23.80221
xtal_46.cif,./U3Si5/__initial__/162/xtal_46.cif,74.07249,7.1810412
xtal_47.cif,./U3Si5/162/xtal_47.cif,-10.112416,-62.50415
xtal_48.cif,./U3Si5/__initial__/162/xtal_48.cif,78.79884,41.774944
xtal_49.cif,./U3Si5/__initial__/162/xtal_49.cif,38.19483,-33.69308
xtal_5.cif,./U3Si5/162/xtal_5.cif,-35.8113,-46.30823
xtal_50.cif,./U3Si5/__initial__/162/xtal_50.cif,87.46563,56.182064
xtal_51.cif,./U3Si5/__initial__/162/xtal_51.cif,-42.196686,30.938343
xtal_52.cif,./U3Si5/162/xtal_52.cif,-45.346752,-23.426586
xtal_53.cif,./U3Si5/162/xtal_53.cif,-21.298462,-59.12894
xtal_54.cif,./U3Si5/162/xtal_54.cif,-23.309818,-55.310963
xtal_55.cif,./U3Si5/__initial__/162/xtal_55.cif,-37.201683,22.682573
xtal_56.cif,./U3Si5/162/xtal_56.cif,-35.692417,-63.1319
xtal_57.cif,./U3Si5/162/xtal_57.cif,74.47307,-75.99302
xtal_58.cif,./U3Si5/__initial__/162/xtal_58.cif,-35.058727,20.220896
xtal_59.cif,./U3Si5/162/xtal_59.cif,-32.355976,-45.531815
xtal_6.cif,./U3Si5/162/xtal_6.cif,-25.323254,49.374588
xtal_60.cif,./U3Si5/__initial__/162/xtal_60.cif,-27.133846,65.13994
xtal_61.cif,./U3Si5/162/xtal_61.cif,-14.753433,-90.84022
xtal_62.cif,./U3Si5/__initial__/162/xtal_62.cif,-60.00083,32.682045
xtal_63.cif,./U3Si5/__initial__/162/xtal_63.cif,87.1927,26.02073
xtal_64.cif,./U3Si5/__initial__/162/xtal_64.cif,-12.1235485,50.19314
xtal_65.cif,./U3Si5/162/xtal_65.cif,-18.839725,-43.951393
xtal_66.cif,./U3Si5/162/xtal_66.cif,-25.204546,-55.60941
xtal_67.cif,./U3Si5/__initial__/162/xtal_67.cif,97.54231,42.566727
xtal_68.cif,./U3Si5/__initial__/162/xtal_68.cif,-70.590195,-30.972197
xtal_69.cif,./U3Si5/__initial__/162/xtal_69.cif,10.084399,86.208664
xtal_7.cif,./U3Si5/__initial__/162/xtal_7.cif,-45.60474,36.25644
xtal_70.cif,./U3Si5/__initial__/162/xtal_70.cif,-53.619446,3.1725647
xtal_71.cif,./U3Si5/__initial__/162/xtal_71.cif,109.803116,22.83858
xtal_72.cif,./U3Si5/162/xtal_72.cif,-18.366472,-39.07472
xtal_73.cif,./U3Si5/__initial__/162/xtal_73.cif,77.542595,0.90537226
xtal_74.cif,./U3Si5/162/xtal_74.cif,-87.4314,56.916454
xtal_75.cif,./U3Si5/162/xtal_75.cif,76.13351,8.106526
xtal_76.cif,./U3Si5/162/xtal_76.cif,45.04506,-4.5635104
xtal_77.cif,./U3Si5/162/xtal_77.cif,38.2045,-29.26398
xtal_78.cif,./U3Si5/162/xtal_78.cif,70.66478,-53.897785
xtal_79.cif,./U3Si5/162/xtal_79.cif,-40.940174,4.404956
xtal_8.cif,./U3Si5/__initial__/162/xtal_8.cif,86.62182,46.87069
xtal_80.cif,./U3Si5/162/xtal_80.cif,-37.80995,86.80291
xtal_81.cif,./U3Si5/__initial__/162/xtal_81.cif,68.83744,55.40317
xtal_82.cif,./U3Si5/162/xtal_82.cif,-45.329258,-3.4345293
xtal_83.cif,./U3Si5/162/xtal_83.cif,-67.3872,-32.293903
xtal_84.cif,./U3Si5/__initial__/162/xtal_84.cif,37.817204,-33.907864
xtal_85.cif,./U3Si5/__initial__/162/xtal_85.cif,100.28599,-40.24542
xtal_86.cif,./U3Si5/__initial__/162/xtal_86.cif,-63.773495,31.938295
xtal_87.cif,./U3Si5/__initial__/162/xtal_87.cif,-42.08227,58.140366
xtal_88.cif,./U3Si5/__initial__/162/xtal_88.cif,-65.36861,57.152596
xtal_89.cif,./U3Si5/162/xtal_89.cif,-57.96312,62.87392
xtal_9.cif,./U3Si5/__initial__/162/xtal_9.cif,111.05872,-15.980365
xtal_90.cif,./U3Si5/162/xtal_90.cif,18.240767,-52.087746
xtal_91.cif,./U3Si5/162/xtal_91.cif,25.506062,-73.67708
xtal_92.cif,./U3Si5/__initial__/162/xtal_92.cif,5.644603,94.7133
xtal_93.cif,./U3Si5/__initial__/162/xtal_93.cif,95.11664,73.50275
xtal_94.cif,./U3Si5/162/xtal_94.cif,-74.452194,-29.610771
xtal_95.cif,./U3Si5/162/xtal_95.cif,-28.86971,2.3891501
xtal_96.cif,./U3Si5/__initial__/162/xtal_96.cif,18.948015,-48.615086
xtal_97.cif,./U3Si5/162/xtal_97.cif,83.09304,45.249207
xtal_98.cif,./U3Si5/__initial__/162/xtal_98.cif,75.64274,58.704567
xtal_99.cif,./U3Si5/__initial__/162/xtal_99.cif,59.901775,-14.540379
xtal_1.cif,./U3Si5/__initial__/163/xtal_1.cif,-2.6401422,-92.05173
xtal_10.cif,./U3Si5/__initial__/163/xtal_10.cif,101.24808,19.955315
xtal_100.cif,./U3Si5/__initial__/163/xtal_100.cif,30.546556,-95.87469
xtal_11.cif,./U3Si5/__initial__/163/xtal_11.cif,-42.624374,5.60184
xtal_12.cif,./U3Si5/__initial__/163/xtal_12.cif,-65.555916,47.20889
xtal_13.cif,./U3Si5/__initial__/163/xtal_13.cif,24.429916,-105.21286
xtal_14.cif,./U3Si5/__initial__/163/xtal_14.cif,5.077332,-93.45016
xtal_15.cif,./U3Si5/__initial__/163/xtal_15.cif,0.74726725,-54.10855
xtal_16.cif,./U3Si5/__initial__/163/xtal_16.cif,43.542557,-27.846676
xtal_17.cif,./U3Si5/__initial__/163/xtal_17.cif,-63.88877,75.580795
xtal_18.cif,./U3Si5/__initial__/163/xtal_18.cif,11.98195,-45.28788
xtal_19.cif,./U3Si5/__initial__/163/xtal_19.cif,50.291267,-7.563821
xtal_2.cif,./U3Si5/__initial__/163/xtal_2.cif,63.82879,-11.038615
xtal_20.cif,./U3Si5/__initial__/163/xtal_20.cif,-83.75338,48.9329
xtal_21.cif,./U3Si5/__initial__/163/xtal_21.cif,-25.788431,-98.56547
xtal_22.cif,./U3Si5/__initial__/163/xtal_22.cif,81.1757,29.75483
xtal_23.cif,./U3Si5/__initial__/163/xtal_23.cif,13.474425,-70.27245
xtal_24.cif,./U3Si5/__initial__/163/xtal_24.cif,-35.737392,-93.284996
xtal_25.cif,./U3Si5/__initial__/163/xtal_25.cif,69.47824,54.816837
xtal_26.cif,./U3Si5/__initial__/163/xtal_26.cif,40.557377,-75.71204
xtal_27.cif,./U3Si5/__initial__/163/xtal_27.cif,-45.64796,-2.6129208
xtal_28.cif,./U3Si5/__initial__/163/xtal_28.cif,-49.63567,-59.393753
xtal_29.cif,./U3Si5/__initial__/163/xtal_29.cif,-52.182297,-6.900618
xtal_3.cif,./U3Si5/__initial__/163/xtal_3.cif,-68.38873,38.918865
xtal_30.cif,./U3Si5/__initial__/163/xtal_30.cif,62.93115,-14.837767
xtal_31.cif,./U3Si5/__initial__/163/xtal_31.cif,39.896282,-47.56347
xtal_32.cif,./U3Si5/__initial__/163/xtal_32.cif,-75.55379,71.6008
xtal_33.cif,./U3Si5/__initial__/163/xtal_33.cif,46.585236,-74.54878
xtal_34.cif,./U3Si5/__initial__/163/xtal_34.cif,16.935453,-50.803444
xtal_35.cif,./U3Si5/__initial__/163/xtal_35.cif,-3.0876658,-97.64577
xtal_36.cif,./U3Si5/__initial__/163/xtal_36.cif,51.324245,-0.4067878
xtal_37.cif,./U3Si5/__initial__/163/xtal_37.cif,1.8434237,-98.342064
xtal_38.cif,./U3Si5/__initial__/163/xtal_38.cif,-11.524,-67.29158
xtal_39.cif,./U3Si5/__initial__/163/xtal_39.cif,-16.188301,42.40227
xtal_4.cif,./U3Si5/__initial__/163/xtal_4.cif,-47.574886,-64.09127
xtal_40.cif,./U3Si5/__initial__/163/xtal_40.cif,-14.74202,-80.30868
xtal_41.cif,./U3Si5/__initial__/163/xtal_41.cif,94.6844,-57.871555
xtal_42.cif,./U3Si5/163/xtal_42.cif,-15.046813,28.823732
xtal_43.cif,./U3Si5/__initial__/163/xtal_43.cif,15.08637,-94.67185
xtal_44.cif,./U3Si5/__initial__/163/xtal_44.cif,38.003002,-95.87395
xtal_45.cif,./U3Si5/__initial__/163/xtal_45.cif,73.223656,-71.187256
xtal_46.cif,./U3Si5/__initial__/163/xtal_46.cif,87.37176,-38.59278
xtal_47.cif,./U3Si5/__initial__/163/xtal_47.cif,3.0387516,85.920715
xtal_48.cif,./U3Si5/163/xtal_48.cif,-10.8744955,22.363205
xtal_49.cif,./U3Si5/__initial__/163/xtal_49.cif,-2.8003986,63.559727
xtal_5.cif,./U3Si5/__initial__/163/xtal_5.cif,-57.690018,23.888603
xtal_50.cif,./U3Si5/__initial__/163/xtal_50.cif,35.621296,-29.671904
xtal_51.cif,./U3Si5/__initial__/163/xtal_51.cif,-57.35093,-20.771612
xtal_52.cif,./U3Si5/__initial__/163/xtal_52.cif,78.74434,57.407494
xtal_53.cif,./U3Si5/__initial__/163/xtal_53.cif,-10.610495,-69.40793
xtal_54.cif,./U3Si5/__initial__/163/xtal_54.cif,-43.471767,-2.337006
xtal_55.cif,./U3Si5/__initial__/163/xtal_55.cif,19.396997,-51.86219
xtal_56.cif,./U3Si5/__initial__/163/xtal_56.cif,-29.414146,78.11827
xtal_57.cif,./U3Si5/__initial__/163/xtal_57.cif,51.22873,18.124552
xtal_58.cif,./U3Si5/__initial__/163/xtal_58.cif,-29.923664,75.33612
xtal_59.cif,./U3Si5/__initial__/163/xtal_59.cif,42.013702,-53.884567
xtal_6.cif,./U3Si5/__initial__/163/xtal_6.cif,-48.902412,11.940486
xtal_60.cif,./U3Si5/__initial__/163/xtal_60.cif,-40.888107,-21.473074
xtal_61.cif,./U3Si5/__initial__/163/xtal_61.cif,-42.98017,7.0567303
xtal_62.cif,./U3Si5/__initial__/163/xtal_62.cif,-51.062054,-11.966443
xtal_63.cif,./U3Si5/__initial__/163/xtal_63.cif,-63.40094,-6.370036
xtal_64.cif,./U3Si5/__initial__/163/xtal_64.cif,-69.38789,-47.96169
xtal_65.cif,./U3Si5/__initial__/163/xtal_65.cif,-46.17552,-80.38932
xtal_66.cif,./U3Si5/__initial__/163/xtal_66.cif,-42.38403,41.65686
xtal_67.cif,./U3Si5/__initial__/163/xtal_67.cif,-9.805666,-70.277435
xtal_68.cif,./U3Si5/__initial__/163/xtal_68.cif,-16.54297,-92.05639
xtal_69.cif,./U3Si5/__initial__/163/xtal_69.cif,-46.351616,6.5367875
xtal_7.cif,./U3Si5/__initial__/163/xtal_7.cif,-94.90892,4.173102
xtal_70.cif,./U3Si5/__initial__/163/xtal_70.cif,-87.13257,5.271261
xtal_71.cif,./U3Si5/__initial__/163/xtal_71.cif,23.294989,-46.89695
xtal_72.cif,./U3Si5/__initial__/163/xtal_72.cif,-70.685585,-50.069897
xtal_73.cif,./U3Si5/__initial__/163/xtal_73.cif,-89.49864,-52.024582
xtal_74.cif,./U3Si5/__initial__/163/xtal_74.cif,19.683947,-61.676716
xtal_75.cif,./U3Si5/__initial__/163/xtal_75.cif,-78.63469,-61.3468
xtal_76.cif,./U3Si5/__initial__/163/xtal_76.cif,-53.104584,43.8317
xtal_77.cif,./U3Si5/__initial__/163/xtal_77.cif,-32.739803,-1.4624238
xtal_78.cif,./U3Si5/163/xtal_78.cif,-9.210913,12.885946
xtal_79.cif,./U3Si5/__initial__/163/xtal_79.cif,-5.7680216,-61.40993
xtal_8.cif,./U3Si5/__initial__/163/xtal_8.cif,-34.54712,-61.665546
xtal_80.cif,./U3Si5/__initial__/163/xtal_80.cif,24.245157,-84.84045
xtal_81.cif,./U3Si5/__initial__/163/xtal_81.cif,-32.137222,83.59694
xtal_82.cif,./U3Si5/163/xtal_82.cif,-73.93338,59.076466
xtal_83.cif,./U3Si5/__initial__/163/xtal_83.cif,40.4359,20.934633
xtal_84.cif,./U3Si5/__initial__/163/xtal_84.cif,87.39841,-22.103281
xtal_85.cif,./U3Si5/__initial__/163/xtal_85.cif,-45.518566,93.80521
xtal_86.cif,./U3Si5/__initial__/163/xtal_86.cif,-76.0212,-28.815783
xtal_87.cif,./U3Si5/__initial__/163/xtal_87.cif,-35.80924,-61.494923
xtal_88.cif,./U3Si5/__initial__/163/xtal_88.cif,97.06466,-31.39198
xtal_89.cif,./U3Si5/__initial__/163/xtal_89.cif,46.74711,-94.5517
xtal_9.cif,./U3Si5/__initial__/163/xtal_9.cif,-80.90498,-8.079794
xtal_90.cif,./U3Si5/__initial__/163/xtal_90.cif,-14.718227,-47.350964
xtal_91.cif,./U3Si5/__initial__/163/xtal_91.cif,-33.024082,60.627686
xtal_92.cif,./U3Si5/__initial__/163/xtal_92.cif,53.818394,-88.080284
xtal_93.cif,./U3Si5/__initial__/163/xtal_93.cif,-46.158,-75.83607
xtal_94.cif,./U3Si5/__initial__/163/xtal_94.cif,-19.387775,-69.26545
xtal_95.cif,./U3Si5/__initial__/163/xtal_95.cif,-4.519171,108.093
xtal_96.cif,./U3Si5/__initial__/163/xtal_96.cif,13.607208,-47.45389
xtal_97.cif,./U3Si5/__initial__/163/xtal_97.cif,47.926754,-90.43517
xtal_98.cif,./U3Si5/__initial__/163/xtal_98.cif,-4.639148,-47.340973
xtal_99.cif,./U3Si5/__initial__/163/xtal_99.cif,40.932217,-90.49291
xtal_1.cif,./U3Si5/164/xtal_1.cif,-89.421555,-28.205555
xtal_10.cif,./U3Si5/164/xtal_10.cif,-67.44842,-43.875557
xtal_100.cif,./U3Si5/__initial__/164/xtal_100.cif,-29.147083,78.27481
xtal_11.cif,./U3Si5/164/xtal_11.cif,77.57047,-69.697716
xtal_12.cif,./U3Si5/164/xtal_12.cif,112.89497,6.232514
xtal_13.cif,./U3Si5/164/xtal_13.cif,-64.31446,42.395596
xtal_14.cif,./U3Si5/164/xtal_14.cif,66.02432,-62.399376
xtal_15.cif,./U3Si5/164/xtal_15.cif,54.59275,-59.772964
xtal_16.cif,./U3Si5/164/xtal_16.cif,-48.850254,98.07178
xtal_17.cif,./U3Si5/__initial__/164/xtal_17.cif,-67.284256,-49.015438
xtal_18.cif,./U3Si5/164/xtal_18.cif,-31.564005,-59.49107
xtal_19.cif,./U3Si5/164/xtal_19.cif,-35.640133,-75.53283
xtal_2.cif,./U3Si5/__initial__/164/xtal_2.cif,96.00339,59.46686
xtal_20.cif,./U3Si5/164/xtal_20.cif,61.50165,14.577552
xtal_21.cif,./U3Si5/__initial__/164/xtal_21.cif,73.634346,12.100759
xtal_22.cif,./U3Si5/164/xtal_22.cif,41.331398,-85.26307
xtal_23.cif,./U3Si5/__initial__/164/xtal_23.cif,60.131973,33.814335
xtal_24.cif,./U3Si5/164/xtal_24.cif,20.249119,-65.40852
xtal_25.cif,./U3Si5/164/xtal_25.cif,52.46961,-8.735113
xtal_26.cif,./U3Si5/164/xtal_26.cif,33.373875,-37.92714
xtal_27.cif,./U3Si5/__initial__/164/xtal_27.cif,90.763985,-14.075429
xtal_28.cif,./U3Si5/164/xtal_28.cif,52.666378,-78.2827
xtal_29.cif,./U3Si5/164/xtal_29.cif,-9.129204,-63.17633
xtal_3.cif,./U3Si5/164/xtal_3.cif,-9.1252575,-63.408615
xtal_30.cif,./U3Si5/164/xtal_30.cif,-38.422752,78.962975
xtal_31.cif,./U3Si5/__initial__/164/xtal_31.cif,54.787453,-21.955208
xtal_32.cif,./U3Si5/__initial__/164/xtal_32.cif,-67.264885,-43.91408
xtal_33.cif,./U3Si5/164/xtal_33.cif,-35.77769,-93.21238
xtal_34.cif,./U3Si5/164/xtal_34.cif,-19.036804,-79.63989
xtal_35.cif,./U3Si5/164/xtal_35.cif,40.379597,-67.60581
xtal_36.cif,./U3Si5/__initial__/164/xtal_36.cif,68.699875,52.975445
xtal_37.cif,./U3Si5/164/xtal_37.cif,-20.787933,-3.6038437
xtal_38.cif,./U3Si5/164/xtal_38.cif,34.45328,-45.524757
xtal_39.cif,./U3Si5/164/xtal_39.cif,72.09865,-75.08744
xtal_4.cif,./U3Si5/164/xtal_4.cif,-46.349205,53.488457
xtal_40.cif,./U3Si5/164/xtal_40.cif,1.9519943,-62.02055
xtal_41.cif,./U3Si5/164/xtal_41.cif,-49.303787,-0.60864156
xtal_42.cif,./U3Si5/164/xtal_42.cif,67.155304,-74.75331
xtal_43.cif,./U3Si5/__initial__/164/xtal_43.cif,-89.976265,24.977512
xtal_44.cif,./U3Si5/__initial__/164/xtal_44.cif,55.845524,-0.4898421
xtal_45.cif,./U3Si5/__initial__/164/xtal_45.cif,-75.44343,-56.67018
xtal_46.cif,./U3Si5/__initial__/164/xtal_46.cif,78.29356,53.99296
xtal_47.cif,./U3Si5/164/xtal_47.cif,-5.7670927,-22.307732
xtal_48.cif,./U3Si5/__initial__/164/xtal_48.cif,41.346737,17.88034
xtal_49.cif,./U3Si5/164/xtal_49.cif,-21.030985,-99.22214
xtal_5.cif,./U3Si5/__initial__/164/xtal_5.cif,-34.57452,89.49014
xtal_50.cif,./U3Si5/__initial__/164/xtal_50.cif,50.842438,10.642779
xtal_51.cif,./U3Si5/164/xtal_51.cif,-36.850033,-17.554405
xtal_52.cif,./U3Si5/164/xtal_52.cif,-35.464855,-29.726107
xtal_53.cif,./U3Si5/__initial__/164/xtal_53.cif,98.55631,61.895905
xtal_54.cif,./U3Si5/164/xtal_54.cif,-6.998327,-90.3121
xtal_55.cif,./U3Si5/__initial__/164/xtal_55.cif,-71.62158,76.6884
xtal_56.cif,./U3Si5/__initial__/164/xtal_56.cif,-97.56394,30.868439
xtal_57.cif,./U3Si5/__initial__/164/xtal_57.cif,99.03848,51.152386
xtal_58.cif,./U3Si5/__initial__/164/xtal_58.cif,78.23958,43.995197
xtal_59.cif,./U3Si5/__initial__/164/xtal_59.cif,46.892284,-76.356186
xtal_6.cif,./U3Si5/164/xtal_6.cif,-16.241385,-82.65778
xtal_60.cif,./U3Si5/__initial__/164/xtal_60.cif,-0.5242707,65.88003
xtal_61.cif,./U3Si5/__initial__/164/xtal_61.cif,90.04034,48.82368
xtal_62.cif,./U3Si5/__initial__/164/xtal_62.cif,109.48191,-9.801453
xtal_63.cif,./U3Si5/164/xtal_63.cif,-29.57271,67.779625
xtal_64.cif,./U3Si5/164/xtal_64.cif,15.98434,-91.494576
xtal_65.cif,./U3Si5/__initial__/164/xtal_65.cif,90.95448,-31.232891
xtal_66.cif,./U3Si5/164/xtal_66.cif,-39.035248,-22.5237
xtal_67.cif,./U3Si5/164/xtal_67.cif,-25.061907,-48.919342
xtal_68.cif,./U3Si5/164/xtal_68.cif,-39.34745,-90.95274
xtal_69.cif,./U3Si5/__initial__/164/xtal_69.cif,-1.9202027,15.590075
xtal_7.cif,./U3Si5/__initial__/164/xtal_7.cif,87.935974,46.04103
xtal_70.cif,./U3Si5/__initial__/164/xtal_70.cif,-24.497252,-44.678223
xtal_71.cif,./U3Si5/164/xtal_71.cif,49.211533,-65.1485
xtal_72.cif,./U3Si5/__initial__/164/xtal_72.cif,67.57703,-68.55347
xtal_73.cif,./U3Si5/__initial__/164/xtal_73.cif,7.7607994,62.777603
xtal_74.cif,./U3Si5/164/xtal_74.cif,-8.318248,-79.19433
xtal_75.cif,./U3Si5/__initial__/164/xtal_75.cif,-62.513176,48.120075
xtal_76.cif,./U3Si5/164/xtal_76.cif,-66.546936,-54.049187
xtal_77.cif,./U3Si5/__initial__/164/xtal_77.cif,39.132526,-57.64393
xtal_78.cif,./U3Si5/__initial__/164/xtal_78.cif,60.107445,-6.1984315
xtal_79.cif,./U3Si5/164/xtal_79.cif,-49.00009,-66.25747
xtal_8.cif,./U3Si5/164/xtal_8.cif,-39.021385,-75.22792
xtal_80.cif,./U3Si5/__initial__/164/xtal_80.cif,83.3506,23.373362
xtal_81.cif,./U3Si5/164/xtal_81.cif,-9.323352,-63.449345
xtal_82.cif,./U3Si5/__initial__/164/xtal_82.cif,69.15314,5.345756
xtal_83.cif,./U3Si5/164/xtal_83.cif,-57.7703,-8.82895
xtal_84.cif,./U3Si5/164/xtal_84.cif,60.78036,-63.243977
xtal_85.cif,./U3Si5/164/xtal_85.cif,51.016907,-68.20894
xtal_86.cif,./U3Si5/__initial__/164/xtal_86.cif,6.1184044,-67.896286
xtal_87.cif,./U3Si5/164/xtal_87.cif,84.800316,-61.248344
xtal_88.cif,./U3Si5/164/xtal_88.cif,77.134254,-35.53239
xtal_89.cif,./U3Si5/164/xtal_89.cif,-20.611061,109.41846
xtal_9.cif,./U3Si5/164/xtal_9.cif,58.267998,-86.65976
xtal_90.cif,./U3Si5/__initial__/164/xtal_90.cif,-52.21873,56.578373
xtal_91.cif,./U3Si5/164/xtal_91.cif,-36.713657,39.879726
xtal_92.cif,./U3Si5/__initial__/164/xtal_92.cif,99.579414,30.799856
xtal_93.cif,./U3Si5/164/xtal_93.cif,-8.132898,-84.43986
xtal_94.cif,./U3Si5/164/xtal_94.cif,-61.02838,-55.111225
xtal_95.cif,./U3Si5/164/xtal_95.cif,6.7129164,-45.50408
xtal_96.cif,./U3Si5/164/xtal_96.cif,13.198407,-99.19934
xtal_97.cif,./U3Si5/164/xtal_97.cif,-25.523117,-98.62644
xtal_98.cif,./U3Si5/164/xtal_98.cif,-49.84526,-66.57559
xtal_99.cif,./U3Si5/__initial__/164/xtal_99.cif,-43.533997,47.63386
xtal_1.cif,./U3Si5/__initial__/165/xtal_1.cif,-42.45212,5.396762
xtal_10.cif,./U3Si5/165/xtal_10.cif,-38.06114,5.944234
xtal_100.cif,./U3Si5/165/xtal_100.cif,18.36485,-47.917747
xtal_11.cif,./U3Si5/165/xtal_11.cif,-31.820337,-56.98205
xtal_12.cif,./U3Si5/__initial__/165/xtal_12.cif,-20.757723,-76.71581
xtal_13.cif,./U3Si5/165/xtal_13.cif,52.503685,-70.30534
xtal_14.cif,./U3Si5/__initial__/165/xtal_14.cif,114.693535,33.268673
xtal_15.cif,./U3Si5/__initial__/165/xtal_15.cif,-54.951374,-44.233334
xtal_16.cif,./U3Si5/__initial__/165/xtal_16.cif,-19.03494,106.00445
xtal_17.cif,./U3Si5/__initial__/165/xtal_17.cif,-37.401127,-67.49794
xtal_18.cif,./U3Si5/__initial__/165/xtal_18.cif,69.08791,-50.72544
xtal_19.cif,./U3Si5/165/xtal_19.cif,-60.578056,-52.459343
xtal_2.cif,./U3Si5/__initial__/165/xtal_2.cif,37.833557,-62.308025
xtal_20.cif,./U3Si5/165/xtal_20.cif,-63.087322,-55.85723
xtal_21.cif,./U3Si5/165/xtal_21.cif,-56.240406,11.134667
xtal_22.cif,./U3Si5/__initial__/165/xtal_22.cif,-45.988712,-38.758366
xtal_23.cif,./U3Si5/__initial__/165/xtal_23.cif,-53.911533,-76.15668
xtal_24.cif,./U3Si5/__initial__/165/xtal_24.cif,87.71338,-22.323057
xtal_25.cif,./U3Si5/165/xtal_25.cif,42.129826,-73.08734
xtal_26.cif,./U3Si5/165/xtal_26.cif,-25.079731,-55.795944
xtal_27.cif,./U3Si5/165/xtal_27.cif,-84.42409,2.3586652
xtal_28.cif,./U3Si5/165/xtal_28.cif,-87.11124,-10.3194895
xtal_29.cif,./U3Si5/__initial__/165/xtal_29.cif,-27.426485,21.64434
xtal_3.cif,./U3Si5/165/xtal_3.cif,-3.712684,-74.696014
xtal_30.cif,./U3Si5/__initial__/165/xtal_30.cif,-94.67069,15.488667
xtal_31.cif,./U3Si5/165/xtal_31.cif,-8.4413595,-95.577965
xtal_32.cif,./U3Si5/__initial__/165/xtal_32.cif,88.87999,55.8885
xtal_33.cif,./U3Si5/165/xtal_33.cif,-15.21511,-101.4306
xtal_34.cif,./U3Si5/165/xtal_34.cif,76.512474,-53.291813
xtal_35.cif,./U3Si5/165/xtal_35.cif,-62.737427,-55.910206
xtal_36.cif,./U3Si5/__initial__/165/xtal_36.cif,-2.5697644,91.143585
xtal_37.cif,./U3Si5/165/xtal_37.cif,-71.12628,-3.1159606
xtal_38.cif,./U3Si5/__initial__/165/xtal_38.cif,47.26714,-7.793219
xtal_39.cif,./U3Si5/__initial__/165/xtal_39.cif,-84.6234,2.1358254
xtal_4.cif,./U3Si5/165/xtal_4.cif,-62.6934,-28.448296
xtal_40.cif,./U3Si5/__initial__/165/xtal_40.cif,-34.40098,34.68209
xtal_41.cif,./U3Si5/165/xtal_41.cif,-33.534748,81.75382
xtal_42.cif,./U3Si5/__initial__/165/xtal_42.cif,69.61474,22.078785
xtal_43.cif,./U3Si5/165/xtal_43.cif,10.14451,-54.898315
xtal_44.cif,./U3Si5/__initial__/165/xtal_44.cif,57.06016,-7.425592
xtal_45.cif,./U3Si5/165/xtal_45.cif,63.980972,-65.074005
xtal_46.cif,./U3Si5/165/xtal_46.cif,36.27937,-70.91349
xtal_47.cif,./U3Si5/__initial__/165/xtal_47.cif,59.168083,20.225029
xtal_48.cif,./U3Si5/__initial__/165/xtal_48.cif,66.474144,-6.2385697
xtal_49.cif,./U3Si5/165/xtal_49.cif,21.521317,-102.99863
xtal_5.cif,./U3Si5/__initial__/165/xtal_5.cif,51.583717,-69.83521
xtal_50.cif,./U3Si5/165/xtal_50.cif,-8.014223,-88.66321
xtal_51.cif,./U3Si5/__initial__/165/xtal_51.cif,40.819267,20.20803
xtal_52.cif,./U3Si5/__initial__/165/xtal_52.cif,28.671534,-30.44508
xtal_53.cif,./U3Si5/165/xtal_53.cif,-39.083733,42.820236
xtal_54.cif,./U3Si5/__initial__/165/xtal_54.cif,106.269966,-14.259475
xtal_55.cif,./U3Si5/165/xtal_55.cif,-41.595654,-84.45132
xtal_56.cif,./U3Si5/165/xtal_56.cif,-48.05651,-63.744186
xtal_57.cif,./U3Si5/__initial__/165/xtal_57.cif,-3.7277787,-71.1274
xtal_58.cif,./U3Si5/165/xtal_58.cif,-81.89846,-41.83048
xtal_59.cif,./U3Si5/__initial__/165/xtal_59.cif,-15.283272,56.09086
xtal_6.cif,./U3Si5/165/xtal_6.cif,-57.252052,28.340885
xtal_60.cif,./U3Si5/__initial__/165/xtal_60.cif,-47.023033,-40.506622
xtal_61.cif,./U3Si5/165/xtal_61.cif,-35.347404,-76.27177
xtal_62.cif,./U3Si5/__initial__/165/xtal_62.cif,0.7765889,60.658882
xtal_63.cif,./U3Si5/__initial__/165/xtal_63.cif,-83.31859,64.91261
xtal_64.cif,./U3Si5/__initial__/165/xtal_64.cif,63.66959,-29.488173
xtal_65.cif,./U3Si5/__initial__/165/xtal_65.cif,79.02547,-35.583324
xtal_66.cif,./U3Si5/__initial__/165/xtal_66.cif,-30.064114,-40.654526
xtal_67.cif,./U3Si5/165/xtal_67.cif,81.46303,-54.23997
xtal_68.cif,./U3Si5/165/xtal_68.cif,1.1445153,-55.272068
xtal_69.cif,./U3Si5/__initial__/165/xtal_69.cif,10.284895,96.79802
xtal_7.cif,./U3Si5/165/xtal_7.cif,-51.539906,-73.31714
xtal_70.cif,./U3Si5/165/xtal_70.cif,-30.648684,-62.446354
xtal_71.cif,./U3Si5/165/xtal_71.cif,-16.82508,-57.355633
xtal_72.cif,./U3Si5/__initial__/165/xtal_72.cif,-35.868618,19.807875
xtal_73.cif,./U3Si5/165/xtal_73.cif,26.172533,-71.61365
xtal_74.cif,./U3Si5/165/xtal_74.cif,74.0992,-73.257034
xtal_75.cif,./U3Si5/__initial__/165/xtal_75.cif,-36.844322,18.404175
xtal_76.cif,./U3Si5/165/xtal_76.cif,-36.007298,57.90213
xtal_77.cif,./U3Si5/165/xtal_77.cif,-2.6232388,-85.88912
xtal_78.cif,./U3Si5/165/xtal_78.cif,-1.8011724,-56.90454
xtal_79.cif,./U3Si5/165/xtal_79.cif,45.84769,-93.08522
xtal_8.cif,./U3Si5/__initial__/165/xtal_8.cif,-68.111435,75.83869
xtal_80.cif,./U3Si5/165/xtal_80.cif,-57.100895,-20.601936
xtal_81.cif,./U3Si5/165/xtal_81.cif,12.742184,-99.422935
xtal_82.cif,./U3Si5/165/xtal_82.cif,-76.34164,-45.527943
xtal_83.cif,./U3Si5/__initial__/165/xtal_83.cif,-63.12051,-50.36219
xtal_84.cif,./U3Si5/__initial__/165/xtal_84.cif,-42.485138,-78.495575
xtal_85.cif,./U3Si5/__initial__/165/xtal_85.cif,86.6141,-40.767265
xtal_86.cif,./U3Si5/__initial__/165/xtal_86.cif,-51.231346,-50.7168
xtal_87.cif,./U3Si5/__initial__/165/xtal_87.cif,87.968475,45.58039
xtal_88.cif,./U3Si5/165/xtal_88.cif,19.746317,-66.83862
xtal_89.cif,./U3Si5/__initial__/165/xtal_89.cif,-40.601494,55.307213
xtal_9.cif,./U3Si5/__initial__/165/xtal_9.cif,74.75595,13.892834
xtal_90.cif,./U3Si5/__initial__/165/xtal_90.cif,45.271034,-30.906769
xtal_91.cif,./U3Si5/__initial__/165/xtal_91.cif,-27.61123,74.952774
xtal_92.cif,./U3Si5/165/xtal_92.cif,-26.114758,-97.10935
xtal_93.cif,./U3Si5/165/xtal_93.cif,8.502559,-93.03169
xtal_94.cif,./U3Si5/165/xtal_94.cif,76.905495,-69.19192
xtal_95.cif,./U3Si5/__initial__/165/xtal_95.cif,4.6021676,-70.59037
xtal_96.cif,./U3Si5/165/xtal_96.cif,-89.266014,2.273406
xtal_97.cif,./U3Si5/165/xtal_97.cif,-64.57755,-51.940094
xtal_98.cif,./U3Si5/165/xtal_98.cif,-24.441877,3.1180782
xtal_99.cif,./U3Si5/__initial__/165/xtal_99.cif,-36.214146,58.07727
xtal_1.cif,./U3Si5/166/xtal_1.cif,-99.909096,60.1568
xtal_10.cif,./U3Si5/166/xtal_10.cif,-10.111458,-64.30584
xtal_100.cif,./U3Si5/__initial__/166/xtal_100.cif,-65.87418,-18.561766
xtal_11.cif,./U3Si5/__initial__/166/xtal_11.cif,-87.469025,9.114558
xtal_12.cif,./U3Si5/166/xtal_12.cif,105.113205,-28.869045
xtal_13.cif,./U3Si5/166/xtal_13.cif,-49.06161,-68.615036
xtal_14.cif,./U3Si5/166/xtal_14.cif,46.061092,-59.087227
xtal_15.cif,./U3Si5/__initial__/166/xtal_15.cif,3.940995,89.81729
xtal_16.cif,./U3Si5/__initial__/166/xtal_16.cif,12.574621,-72.899124
xtal_17.cif,./U3Si5/__initial__/166/xtal_17.cif,-68.71404,65.65654
xtal_18.cif,./U3Si5/166/xtal_18.cif,68.74234,-76.89153
xtal_19.cif,./U3Si5/166/xtal_19.cif,-50.858124,-50.545723
xtal_2.cif,./U3Si5/166/xtal_2.cif,-63.30112,-54.005043
xtal_20.cif,./U3Si5/166/xtal_20.cif,-20.267124,-71.1579
xtal_21.cif,./U3Si5/__initial__/166/xtal_21.cif,-75.73476,-49.07351
xtal_22.cif,./U3Si5/166/xtal_22.cif,-96.06784,-4.747009
xtal_23.cif,./U3Si5/__initial__/166/xtal_23.cif,53.478985,14.321613
xtal_24.cif,./U3Si5/__initial__/166/xtal_24.cif,13.991997,-48.8619
xtal_25.cif,./U3Si5/166/xtal_25.cif,-91.30292,15.70513
xtal_26.cif,./U3Si5/166/xtal_26.cif,110.49793,13.605588
xtal_27.cif,./U3Si5/166/xtal_27.cif,-5.564251,-62.903774
xtal_28.cif,./U3Si5/166/xtal_28.cif,-29.05932,-28.787453
xtal_29.cif,./U3Si5/__initial__/166/xtal_29.cif,1.3234724,111.90236
xtal_3.cif,./U3Si5/166/xtal_3.cif,-83.755844,55.90068
xtal_30.cif,./U3Si5/__initial__/166/xtal_30.cif,-72.120255,-40.76194
xtal_31.cif,./U3Si5/__initial__/166/xtal_31.cif,-100.55421,28.887146
xtal_32.cif,./U3Si5/166/xtal_32.cif,-97.89108,30.750668
xtal_33.cif,./U3Si5/166/xtal_33.cif,-99.00776,0.2957289
xtal_34.cif,./U3Si5/166/xtal_34.cif,-88.00279,51.536472
xtal_35.cif,./U3Si5/__initial__/166/xtal_35.cif,-30.38343,63.341835
xtal_36.cif,./U3Si5/__initial__/166/xtal_36.cif,-53.19842,-42.49736
xtal_37.cif,./U3Si5/__initial__/166/xtal_37.cif,-36.37446,107.67223
xtal_38.cif,./U3Si5/__initial__/166/xtal_38.cif,-49.888676,-46.02313
xtal_39.cif,./U3Si5/166/xtal_39.cif,-61.069286,-84.426186
xtal_4.cif,./U3Si5/__initial__/166/xtal_4.cif,49.19371,-52.00331
xtal_40.cif,./U3Si5/__initial__/166/xtal_40.cif,-31.42716,-75.98888
xtal_41.cif,./U3Si5/__initial__/166/xtal_41.cif,53.711536,9.050918
xtal_42.cif,./U3Si5/166/xtal_42.cif,-0.21070212,73.69734
xtal_43.cif,./U3Si5/166/xtal_43.cif,84.08827,-45.193665
xtal_44.cif,./U3Si5/166/xtal_44.cif,-9.939505,-63.904686
xtal_45.cif,./U3Si5/166/xtal_45.cif,-94.35314,-31.516174
xtal_46.cif,./U3Si5/166/xtal_46.cif,-40.949722,90.62695
xtal_47.cif,./U3Si5/166/xtal_47.cif,75.96742,-51.64537
xtal_48.cif,./U3Si5/__initial__/166/xtal_48.cif,-30.608519,-27.924788
xtal_49.cif,./U3Si5/166/xtal_49.cif,-90.820915,-17.36247
xtal_5.cif,./U3Si5/__initial__/166/xtal_5.cif,45.83973,4.627818
xtal_50.cif,./U3Si5/166/xtal_50.cif,-95.48437,-43.91916
xtal_51.cif,./U3Si5/166/xtal_51.cif,89.01453,-36.49183
xtal_52.cif,./U3Si5/166/xtal_52.cif,-30.753696,-25.98177
xtal_53.cif,./U3Si5/__initial__/166/xtal_53.cif,-84.38859,2.601589
xtal_54.cif,./U3Si5/__initial__/166/xtal_54.cif,-60.155266,-50.991302
xtal_55.cif,./U3Si5/__initial__/166/xtal_55.cif,-37.04434,8.705636
xtal_56.cif,./U3Si5/__initial__/166/xtal_56.cif,98.56449,25.908213
xtal_57.cif,./U3Si5/166/xtal_57.cif,-116.772896,10.523704
xtal_58.cif,./U3Si5/__initial__/166/xtal_58.cif,-96.81888,-25.238453
xtal_59.cif,./U3Si5/__initial__/166/xtal_59.cif,-41.642143,34.908745
xtal_6.cif,./U3Si5/166/xtal_6.cif,-104.44651,-13.800393
xtal_60.cif,./U3Si5/166/xtal_60.cif,-23.864706,-65.72444
xtal_61.cif,./U3Si5/__initial__/166/xtal_61.cif,-25.420828,104.22357
xtal_62.cif,./U3Si5/166/xtal_62.cif,-29.195492,-28.926489
xtal_63.cif,./U3Si5/__initial__/166/xtal_63.cif,97.78554,24.090946
xtal_64.cif,./U3Si5/__initial__/166/xtal_64.cif,-47.860962,14.165549
xtal_65.cif,./U3Si5/166/xtal_65.cif,-117.23553,26.840588
xtal_66.cif,./U3Si5/166/xtal_66.cif,-83.96431,49.5342
xtal_67.cif,./U3Si5/__initial__/166/xtal_67.cif,-11.102802,84.56555
xtal_68.cif,./U3Si5/166/xtal_68.cif,-83.83129,56.329613
xtal_69.cif,./U3Si5/166/xtal_69.cif,53.008316,-78.451775
xtal_7.cif,./U3Si5/__initial__/166/xtal_7.cif,-10.140831,-64.28725
xtal_70.cif,./U3Si5/166/xtal_70.cif,34.531715,-68.288925
xtal_71.cif,./U3Si5/166/xtal_71.cif,-113.75615,38.172688
xtal_72.cif,./U3Si5/166/xtal_72.cif,-33.52673,-94.60434
xtal_73.cif,./U3Si5/166/xtal_73.cif,-60.171562,-82.3881
xtal_74.cif,./U3Si5/166/xtal_74.cif,-38.888,-82.04131
xtal_75.cif,./U3Si5/166/xtal_75.cif,-100.52122,28.771816
xtal_76.cif,./U3Si5/166/xtal_76.cif,83.15058,-47.289227
xtal_77.cif,./U3Si5/166/xtal_77.cif,-105.68554,-7.8921795
xtal_78.cif,./U3Si5/166/xtal_78.cif,-42.487476,-81.47918
xtal_79.cif,./U3Si5/166/xtal_79.cif,100.27706,23.427923
xtal_8.cif,./U3Si5/166/xtal_8.cif,-28.377445,-29.901026
xtal_80.cif,./U3Si5/166/xtal_80.cif,98.16911,-19.015915
xtal_81.cif,./U3Si5/__initial__/166/xtal_81.cif,-91.102325,-34.035534
xtal_82.cif,./U3Si5/166/xtal_82.cif,-84.66371,-19.648272
xtal_83.cif,./U3Si5/166/xtal_83.cif,85.19407,-35.24721
xtal_84.cif,./U3Si5/__initial__/166/xtal_84.cif,-53.318127,15.838569
xtal_85.cif,./U3Si5/166/xtal_85.cif,-61.695847,-53.88353
xtal_86.cif,./U3Si5/166/xtal_86.cif,-91.233894,-19.67922
xtal_87.cif,./U3Si5/166/xtal_87.cif,33.826305,-92.08717
xtal_88.cif,./U3Si5/__initial__/166/xtal_88.cif,-71.96044,-28.565668
xtal_89.cif,./U3Si5/166/xtal_89.cif,-10.766848,-64.059235
xtal_9.cif,./U3Si5/166/xtal_9.cif,0.24217443,-91.59675
xtal_90.cif,./U3Si5/166/xtal_90.cif,25.26154,-72.9288
xtal_91.cif,./U3Si5/166/xtal_91.cif,-88.50498,47.860615
xtal_92.cif,./U3Si5/166/xtal_92.cif,-79.11049,-39.943882
xtal_93.cif,./U3Si5/__initial__/166/xtal_93.cif,-2.143237,-74.10076
xtal_94.cif,./U3Si5/__initial__/166/xtal_94.cif,-27.327919,93.21895
xtal_95.cif,./U3Si5/__initial__/166/xtal_95.cif,84.26139,-31.604809
xtal_96.cif,./U3Si5/166/xtal_96.cif,1.5090276,-95.50572
xtal_97.cif,./U3Si5/166/xtal_97.cif,-98.75732,27.52812
xtal_98.cif,./U3Si5/166/xtal_98.cif,-94.13611,-35.2381
xtal_99.cif,./U3Si5/166/xtal_99.cif,-37.70973,-99.06219
xtal_1.cif,./U3Si5/__initial__/168/xtal_1.cif,-33.462444,25.177902
xtal_10.cif,./U3Si5/__initial__/168/xtal_10.cif,22.261873,21.689417
xtal_100.cif,./U3Si5/168/xtal_100.cif,-13.242304,31.275629
xtal_11.cif,./U3Si5/168/xtal_11.cif,-83.76769,20.836216
xtal_12.cif,./U3Si5/__initial__/168/xtal_12.cif,-12.376314,-44.061848
xtal_13.cif,./U3Si5/__initial__/168/xtal_13.cif,-8.736916,35.694122
xtal_14.cif,./U3Si5/__initial__/168/xtal_14.cif,52.876175,80.4579
xtal_15.cif,./U3Si5/__initial__/168/xtal_15.cif,2.7984912,-10.5199375
xtal_16.cif,./U3Si5/__initial__/168/xtal_16.cif,10.227846,94.61276
xtal_17.cif,./U3Si5/__initial__/168/xtal_17.cif,-11.130878,66.7194
xtal_18.cif,./U3Si5/__initial__/168/xtal_18.cif,28.175081,1.947822
xtal_19.cif,./U3Si5/__initial__/168/xtal_19.cif,61.85893,61.609615
xtal_2.cif,./U3Si5/168/xtal_2.cif,-5.783554,4.406975
xtal_20.cif,./U3Si5/__initial__/168/xtal_20.cif,39.15242,96.46204
xtal_21.cif,./U3Si5/__initial__/168/xtal_21.cif,38.084747,73.83573
xtal_22.cif,./U3Si5/__initial__/168/xtal_22.cif,-25.083323,82.26965
xtal_23.cif,./U3Si5/168/xtal_23.cif,-46.555874,-76.38569
xtal_24.cif,./U3Si5/__initial__/168/xtal_24.cif,-3.5680635,87.492226
xtal_25.cif,./U3Si5/168/xtal_25.cif,-30.404133,8.61514
xtal_26.cif,./U3Si5/__initial__/168/xtal_26.cif,35.81591,91.626175
xtal_27.cif,./U3Si5/168/xtal_27.cif,-2.4424498,45.282593
xtal_28.cif,./U3Si5/__initial__/168/xtal_28.cif,37.37882,97.30259
xtal_29.cif,./U3Si5/__initial__/168/xtal_29.cif,20.619482,69.47913
xtal_3.cif,./U3Si5/__initial__/168/xtal_3.cif,62.924458,62.95443
xtal_30.cif,./U3Si5/168/xtal_30.cif,7.238401,45.923923
xtal_31.cif,./U3Si5/168/xtal_31.cif,43.857197,-62.622932
xtal_32.cif,./U3Si5/168/xtal_32.cif,-62.81469,18.39176
xtal_33.cif,./U3Si5/168/xtal_33.cif,-21.358112,-35.384438
xtal_34.cif,./U3Si5/__initial__/168/xtal_34.cif,41.59849,79.29093
xtal_35.cif,./U3Si5/168/xtal_35.cif,-38.38346,2.5988631
xtal_36.cif,./U3Si5/__initial__/168/xtal_36.cif,26.361862,78.51677
xtal_37.cif,./U3Si5/__initial__/168/xtal_37.cif,75.88103,-64.60896
xtal_38.cif,./U3Si5/__initial__/168/xtal_38.cif,33.92559,87.43555
xtal_39.cif,./U3Si5/168/xtal_39.cif,-40.04691,-33.41974
xtal_4.cif,./U3Si5/__initial__/168/xtal_4.cif,46.379307,97.43251
xtal_40.cif,./U3Si5/__initial__/168/xtal_40.cif,63.643295,64.94374
xtal_41.cif,./U3Si5/__initial__/168/xtal_41.cif,19.092075,70.37934
xtal_42.cif,./U3Si5/168/xtal_42.cif,-37.491814,-51.251682
xtal_43.cif,./U3Si5/__initial__/168/xtal_43.cif,37.946262,74.14339
xtal_44.cif,./U3Si5/168/xtal_44.cif,-57.543903,-15.271001
xtal_45.cif,./U3Si5/__initial__/168/xtal_45.cif,26.411072,31.038809
xtal_46.cif,./U3Si5/168/xtal_46.cif,-20.81087,-88.16934
xtal_47.cif,./U3Si5/168/xtal_47.cif,-7.356725,3.8705547
xtal_48.cif,./U3Si5/168/xtal_48.cif,-42.447147,101.12287
xtal_49.cif,./U3Si5/168/xtal_49.cif,-6.1202908,-17.122675
xtal_5.cif,./U3Si5/__initial__/168/xtal_5.cif,30.254408,32.882175
xtal_50.cif,./U3Si5/__initial__/168/xtal_50.cif,75.81314,-37.76466
xtal_51.cif,./U3Si5/__initial__/168/xtal_51.cif,51.68577,83.94307
xtal_52.cif,./U3Si5/__initial__/168/xtal_52.cif,42.030758,99.00561
xtal_53.cif,./U3Si5/__initial__/168/xtal_53.cif,-0.18166637,7.3979063
xtal_54.cif,./U3Si5/__initial__/168/xtal_54.cif,7.2367744,50.095898
xtal_55.cif,./U3Si5/__initial__/168/xtal_55.cif,23.086538,87.122536
xtal_56.cif,./U3Si5/__initial__/168/xtal_56.cif,-62.027466,71.0344
xtal_57.cif,./U3Si5/__initial__/168/xtal_57.cif,36.615326,49.89903
xtal_58.cif,./U3Si5/__initial__/168/xtal_58.cif,44.25533,38.768707
xtal_59.cif,./U3Si5/168/xtal_59.cif,-15.938284,32.47633
xtal_6.cif,./U3Si5/168/xtal_6.cif,7.9213896,-87.34897
xtal_60.cif,./U3Si5/__initial__/168/xtal_60.cif,86.71626,38.9204
xtal_61.cif,./U3Si5/__initial__/168/xtal_61.cif,10.164296,10.331823
xtal_62.cif,./U3Si5/168/xtal_62.cif,55.805,-59.90322
xtal_63.cif,./U3Si5/__initial__/168/xtal_63.cif,-11.891671,87.1754
xtal_64.cif,./U3Si5/168/xtal_64.cif,-52.411274,74.46753
xtal_65.cif,./U3Si5/__initial__/168/xtal_65.cif,29.628733,77.735466
xtal_66.cif,./U3Si5/__initial__/168/xtal_66.cif,-34.67093,58.06241
xtal_67.cif,./U3Si5/__initial__/168/xtal_67.cif,19.002096,43.821568
xtal_68.cif,./U3Si5/__initial__/168/xtal_68.cif,65.498604,21.151873
xtal_69.cif,./U3Si5/__initial__/168/xtal_69.cif,42.82041,28.964903
xtal_7.cif,./U3Si5/__initial__/168/xtal_7.cif,31.254564,52.012386
xtal_70.cif,./U3Si5/__initial__/168/xtal_70.cif,-14.151952,13.52195
xtal_71.cif,./U3Si5/__initial__/168/xtal_71.cif,19.413233,75.14625
xtal_72.cif,./U3Si5/__initial__/168/xtal_72.cif,37.348118,71.996735
xtal_73.cif,./U3Si5/168/xtal_73.cif,-1.1153616,-17.578815
xtal_74.cif,./U3Si5/__initial__/168/xtal_74.cif,76.35602,-38.061096
xtal_75.cif,./U3Si5/__initial__/168/xtal_75.cif,21.241768,24.179306
xtal_76.cif,./U3Si5/__initial__/168/xtal_76.cif,47.066544,64.77519
xtal_77.cif,./U3Si5/168/xtal_77.cif,9.330963,25.002205
xtal_78.cif,./U3Si5/__initial__/168/xtal_78.cif,26.33337,-40.979076
xtal_79.cif,./U3Si5/168/xtal_79.cif,-68.38033,23.169695
xtal_8.cif,./U3Si5/__initial__/168/xtal_8.cif,52.56791,83.64918
xtal_80.cif,./U3Si5/168/xtal_80.cif,-48.032593,-59.54991
xtal_81.cif,./U3Si5/__initial__/168/xtal_81.cif,-47.17314,75.1855
xtal_82.cif,./U3Si5/__initial__/168/xtal_82.cif,-67.7861,37.81922
xtal_83.cif,./U3Si5/168/xtal_83.cif,-65.08475,-25.989805
xtal_84.cif,./U3Si5/__initial__/168/xtal_84.cif,35.14292,-87.63021
xtal_85.cif,./U3Si5/__initial__/168/xtal_85.cif,44.47577,79.6885
xtal_86.cif,./U3Si5/168/xtal_86.cif,16.414753,-85.97227
xtal_87.cif,./U3Si5/168/xtal_87.cif,56.081623,-44.453083
xtal_88.cif,./U3Si5/__initial__/168/xtal_88.cif,52.84581,80.07214
xtal_89.cif,./U3Si5/__initial__/168/xtal_89.cif,73.93353,7.869115
xtal_9.cif,./U3Si5/__initial__/168/xtal_9.cif,-41.196938,0.031154977
xtal_90.cif,./U3Si5/168/xtal_90.cif,-19.09345,-35.54865
xtal_91.cif,./U3Si5/__initial__/168/xtal_91.cif,25.411556,76.30562
xtal_92.cif,./U3Si5/168/xtal_92.cif,-40.693542,-32.565044
xtal_93.cif,./U3Si5/__initial__/168/xtal_93.cif,19.711954,89.14978
xtal_94.cif,./U3Si5/168/xtal_94.cif,-46.650734,30.160048
xtal_95.cif,./U3Si5/168/xtal_95.cif,-34.642967,2.4517572
xtal_96.cif,./U3Si5/__initial__/168/xtal_96.cif,44.57541,16.243713
xtal_97.cif,./U3Si5/168/xtal_97.cif,-43.821033,28.26499
xtal_98.cif,./U3Si5/168/xtal_98.cif,-3.7123997,0.93920255
xtal_99.cif,./U3Si5/168/xtal_99.cif,25.474033,86.56587
xtal_1.cif,./U3Si5/__initial__/171/xtal_1.cif,-55.016083,-8.003866
xtal_10.cif,./U3Si5/__initial__/171/xtal_10.cif,-37.694744,-30.261726
xtal_100.cif,./U3Si5/171/xtal_100.cif,-25.279314,-73.37884
xtal_11.cif,./U3Si5/__initial__/171/xtal_11.cif,-8.3875,-49.438507
xtal_12.cif,./U3Si5/__initial__/171/xtal_12.cif,18.370571,-86.57908
xtal_13.cif,./U3Si5/__initial__/171/xtal_13.cif,-75.45484,-6.923087
xtal_14.cif,./U3Si5/171/xtal_14.cif,-53.54547,-49.922436
xtal_15.cif,./U3Si5/__initial__/171/xtal_15.cif,-13.271713,-55.78875
xtal_16.cif,./U3Si5/__initial__/171/xtal_16.cif,56.041615,-17.192007
xtal_17.cif,./U3Si5/__initial__/171/xtal_17.cif,-65.40542,8.5383005
xtal_18.cif,./U3Si5/__initial__/171/xtal_18.cif,44.765717,-37.75365
xtal_19.cif,./U3Si5/__initial__/171/xtal_19.cif,30.739706,40.85344
xtal_2.cif,./U3Si5/171/xtal_2.cif,0.802946,-91.64291
xtal_20.cif,./U3Si5/171/xtal_20.cif,-61.421097,-5.248381
xtal_21.cif,./U3Si5/171/xtal_21.cif,-57.276546,36.018024
xtal_22.cif,./U3Si5/171/xtal_22.cif,-56.893375,-15.045066
xtal_23.cif,./U3Si5/__initial__/171/xtal_23.cif,-74.75866,37.963478
xtal_24.cif,./U3Si5/__initial__/171/xtal_24.cif,40.055496,-36.595997
xtal_25.cif,./U3Si5/__initial__/171/xtal_25.cif,-38.62083,-24.656054
xtal_26.cif,./U3Si5/__initial__/171/xtal_26.cif,22.646933,-47.126915
xtal_27.cif,./U3Si5/__initial__/171/xtal_27.cif,-19.767408,-15.331658
xtal_28.cif,./U3Si5/171/xtal_28.cif,-59.55947,25.133326
xtal_29.cif,./U3Si5/__initial__/171/xtal_29.cif,10.169705,-49.563908
xtal_3.cif,./U3Si5/171/xtal_3.cif,-0.92003214,-31.675367
xtal_30.cif,./U3Si5/171/xtal_30.cif,11.2775,-87.59391
xtal_31.cif,./U3Si5/__initial__/171/xtal_31.cif,-35.30519,-95.83228
xtal_32.cif,./U3Si5/__initial__/171/xtal_32.cif,-17.68581,32.984577
xtal_33.cif,./U3Si5/171/xtal_33.cif,21.595694,-97.35149
xtal_34.cif,./U3Si5/171/xtal_34.cif,-5.979177,-29.501762
xtal_35.cif,./U3Si5/171/xtal_35.cif,-60.279083,-70.0556
xtal_36.cif,./U3Si5/__initial__/171/xtal_36.cif,-42.10734,59.29659
xtal_37.cif,./U3Si5/171/xtal_37.cif,-7.933392,-29.7156
xtal_38.cif,./U3Si5/171/xtal_38.cif,17.7029,-103.40468
xtal_39.cif,./U3Si5/__initial__/171/xtal_39.cif,20.143307,48.358295
xtal_4.cif,./U3Si5/__initial__/171/xtal_4.cif,56.514145,-8.861653
xtal_40.cif,./U3Si5/171/xtal_40.cif,21.895325,-100.88959
xtal_41.cif,./U3Si5/171/xtal_41.cif,-92.315796,7.642894
xtal_42.cif,./U3Si5/__initial__/171/xtal_42.cif,-58.271194,31.288757
xtal_43.cif,./U3Si5/171/xtal_43.cif,-25.13806,-89.64618
xtal_44.cif,./U3Si5/__initial__/171/xtal_44.cif,1.4725546,-25.015223
xtal_45.cif,./U3Si5/__initial__/171/xtal_45.cif,-17.09831,81.43921
xtal_46.cif,./U3Si5/__initial__/171/xtal_46.cif,-29.804556,41.836575
xtal_47.cif,./U3Si5/__initial__/171/xtal_47.cif,-16.980625,-22.646389
xtal_48.cif,./U3Si5/__initial__/171/xtal_48.cif,19.157177,-61.08147
xtal_49.cif,./U3Si5/__initial__/171/xtal_49.cif,19.042326,10.909531
xtal_5.cif,./U3Si5/171/xtal_5.cif,-37.042736,-55.122612
xtal_50.cif,./U3Si5/171/xtal_50.cif,-94.96405,31.559622
xtal_51.cif,./U3Si5/171/xtal_51.cif,10.862717,-73.85437
xtal_52.cif,./U3Si5/__initial__/171/xtal_52.cif,-70.46079,31.935266
xtal_53.cif,./U3Si5/__initial__/171/xtal_53.cif,18.081789,-87.79204
xtal_54.cif,./U3Si5/171/xtal_54.cif,-56.338295,36.31614
xtal_55.cif,./U3Si5/__initial__/171/xtal_55.cif,-49.690323,-3.8636045
xtal_56.cif,./U3Si5/__initial__/171/xtal_56.cif,3.089403,48.602688
xtal_57.cif,./U3Si5/__initial__/171/xtal_57.cif,15.385091,-85.629715
xtal_58.cif,./U3Si5/171/xtal_58.cif,-37.06067,-81.4886
xtal_59.cif,./U3Si5/171/xtal_59.cif,-52.262787,87.1035
xtal_6.cif,./U3Si5/171/xtal_6.cif,-76.93921,-15.411773
xtal_60.cif,./U3Si5/171/xtal_60.cif,-60.953236,36.599415
xtal_61.cif,./U3Si5/__initial__/171/xtal_61.cif,56.359985,1.1317527
xtal_62.cif,./U3Si5/__initial__/171/xtal_62.cif,93.45782,43.182953
xtal_63.cif,./U3Si5/__initial__/171/xtal_63.cif,-47.007572,63.27123
xtal_64.cif,./U3Si5/__initial__/171/xtal_64.cif,44.951622,73.54278
xtal_65.cif,./U3Si5/__initial__/171/xtal_65.cif,-41.076946,-42.063084
xtal_66.cif,./U3Si5/__initial__/171/xtal_66.cif,18.232016,-83.761635
xtal_67.cif,./U3Si5/__initial__/171/xtal_67.cif,-11.085915,-56.650673
xtal_68.cif,./U3Si5/171/xtal_68.cif,-81.528854,-38.2455
xtal_69.cif,./U3Si5/171/xtal_69.cif,-81.40935,7.7322626
xtal_7.cif,./U3Si5/__initial__/171/xtal_7.cif,-0.18820468,-49.42937
xtal_70.cif,./U3Si5/171/xtal_70.cif,-30.488312,-60.635742
xtal_71.cif,./U3Si5/__initial__/171/xtal_71.cif,-4.5971174,-85.94835
xtal_72.cif,./U3Si5/__initial__/171/xtal_72.cif,10.515073,-7.069982
xtal_73.cif,./U3Si5/171/xtal_73.cif,-10.674786,-18.310478
xtal_74.cif,./U3Si5/171/xtal_74.cif,-23.796171,-99.99267
xtal_75.cif,./U3Si5/__initial__/171/xtal_75.cif,-32.089787,39.114487
xtal_76.cif,./U3Si5/171/xtal_76.cif,-58.734406,30.495378
xtal_77.cif,./U3Si5/171/xtal_77.cif,-65.047745,22.084475
xtal_78.cif,./U3Si5/__initial__/171/xtal_78.cif,6.8465652,32.270336
xtal_79.cif,./U3Si5/__initial__/171/xtal_79.cif,-23.963322,31.349861
xtal_8.cif,./U3Si5/__initial__/171/xtal_8.cif,58.194557,-84.621376
xtal_80.cif,./U3Si5/171/xtal_80.cif,7.688426,-79.55433
xtal_81.cif,./U3Si5/171/xtal_81.cif,-60.387573,-4.1998835
xtal_82.cif,./U3Si5/__initial__/171/xtal_82.cif,18.379374,-87.88058
xtal_83.cif,./U3Si5/__initial__/171/xtal_83.cif,9.775209,-20.57463
xtal_84.cif,./U3Si5/__initial__/171/xtal_84.cif,-60.224087,20.930008
xtal_85.cif,./U3Si5/__initial__/171/xtal_85.cif,-45.875317,68.866875
xtal_86.cif,./U3Si5/__initial__/171/xtal_86.cif,-9.762705,7.062149
xtal_87.cif,./U3Si5/__initial__/171/xtal_87.cif,28.42866,43.737667
xtal_88.cif,./U3Si5/__initial__/171/xtal_88.cif,20.956165,-45.548443
xtal_89.cif,./U3Si5/__initial__/171/xtal_89.cif,6.8518834,6.016742
xtal_9.cif,./U3Si5/__initial__/171/xtal_9.cif,31.539095,-13.556867
xtal_90.cif,./U3Si5/__initial__/171/xtal_90.cif,-10.808975,-3.1810737
xtal_91.cif,./U3Si5/171/xtal_91.cif,14.235883,-92.56585
xtal_92.cif,./U3Si5/171/xtal_92.cif,-55.489555,-47.85279
xtal_93.cif,./U3Si5/__initial__/171/xtal_93.cif,26.125237,-40.91041
xtal_94.cif,./U3Si5/171/xtal_94.cif,-58.13654,-52.72129
xtal_95.cif,./U3Si5/__initial__/171/xtal_95.cif,15.065,51.912865
xtal_96.cif,./U3Si5/__initial__/171/xtal_96.cif,28.300781,-100.068756
xtal_97.cif,./U3Si5/__initial__/171/xtal_97.cif,-11.877009,-73.99312
xtal_98.cif,./U3Si5/__initial__/171/xtal_98.cif,-7.2559214,6.2490954
xtal_99.cif,./U3Si5/171/xtal_99.cif,10.251862,-84.961365
xtal_1.cif,./U3Si5/__initial__/172/xtal_1.cif,64.77036,16.64861
xtal_10.cif,./U3Si5/172/xtal_10.cif,3.5546591,-96.898
xtal_100.cif,./U3Si5/172/xtal_100.cif,-21.724993,70.94097
xtal_11.cif,./U3Si5/172/xtal_11.cif,-58.193645,32.588543
xtal_12.cif,./U3Si5/172/xtal_12.cif,3.361684,-71.1237
xtal_13.cif,./U3Si5/172/xtal_13.cif,-14.797295,-26.897379
xtal_14.cif,./U3Si5/172/xtal_14.cif,5.105027,-22.733461
xtal_15.cif,./U3Si5/172/xtal_15.cif,16.291557,-6.53948
xtal_16.cif,./U3Si5/172/xtal_16.cif,17.829464,-89.382576
xtal_17.cif,./U3Si5/172/xtal_17.cif,-75.95061,-15.515489
xtal_18.cif,./U3Si5/__initial__/172/xtal_18.cif,-9.302148,25.595375
xtal_19.cif,./U3Si5/__initial__/172/xtal_19.cif,-71.81237,-51.40422
xtal_2.cif,./U3Si5/172/xtal_2.cif,13.28707,3.5209684
xtal_20.cif,./U3Si5/172/xtal_20.cif,11.755885,-99.25927
xtal_21.cif,./U3Si5/__initial__/172/xtal_21.cif,2.9822078,93.639305
xtal_22.cif,./U3Si5/172/xtal_22.cif,-30.941397,-11.357463
xtal_23.cif,./U3Si5/__initial__/172/xtal_23.cif,2.834466,59.03732
xtal_24.cif,./U3Si5/172/xtal_24.cif,-90.28524,8.072907
xtal_25.cif,./U3Si5/__initial__/172/xtal_25.cif,-39.785103,-12.941112
xtal_26.cif,./U3Si5/__initial__/172/xtal_26.cif,33.203094,56.189938
xtal_27.cif,./U3Si5/__initial__/172/xtal_27.cif,14.364183,-84.16815
xtal_28.cif,./U3Si5/172/xtal_28.cif,-40.546177,52.410282
xtal_29.cif,./U3Si5/172/xtal_29.cif,-26.964615,-89.98201
xtal_3.cif,./U3Si5/172/xtal_3.cif,-57.58827,35.436577
xtal_30.cif,./U3Si5/__initial__/172/xtal_30.cif,36.353653,32.806644
xtal_31.cif,./U3Si5/172/xtal_31.cif,-48.96578,38.585583
xtal_32.cif,./U3Si5/172/xtal_32.cif,-79.50414,-37.602264
xtal_33.cif,./U3Si5/172/xtal_33.cif,17.758968,1.7489698
xtal_34.cif,./U3Si5/__initial__/172/xtal_34.cif,71.22571,-76.12951
xtal_35.cif,./U3Si5/__initial__/172/xtal_35.cif,1.9441584,28.52078
xtal_36.cif,./U3Si5/172/xtal_36.cif,16.254349,0.9727998
xtal_37.cif,./U3Si5/172/xtal_37.cif,-60.45061,25.304007
xtal_38.cif,./U3Si5/__initial__/172/xtal_38.cif,-21.632698,69.1344
xtal_39.cif,./U3Si5/172/xtal_39.cif,-66.67218,-53.221737
xtal_4.cif,./U3Si5/172/xtal_4.cif,-67.85282,20.057356
xtal_40.cif,./U3Si5/172/xtal_40.cif,-83.87661,-20.468973
xtal_41.cif,./U3Si5/172/xtal_41.cif,-48.89312,12.717051
xtal_42.cif,./U3Si5/__initial__/172/xtal_42.cif,-27.162413,-90.96886
xtal_43.cif,./U3Si5/172/xtal_43.cif,0.36025837,-73.73345
xtal_44.cif,./U3Si5/172/xtal_44.cif,-56.998913,-53.697018
xtal_45.cif,./U3Si5/__initial__/172/xtal_45.cif,4.310816,47.730118
xtal_46.cif,./U3Si5/172/xtal_46.cif,6.5962768,-21.636232
xtal_47.cif,./U3Si5/172/xtal_47.cif,-0.06667965,-30.149944
xtal_48.cif,./U3Si5/172/xtal_48.cif,-30.468405,-59.167618
xtal_49.cif,./U3Si5/__initial__/172/xtal_49.cif,3.0834851,5.437246
xtal_5.cif,./U3Si5/172/xtal_5.cif,-30.41095,-78.000275
xtal_50.cif,./U3Si5/__initial__/172/xtal_50.cif,48.183517,73.28577
xtal_51.cif,./U3Si5/172/xtal_51.cif,-51.273773,-34.97124
xtal_52.cif,./U3Si5/172/xtal_52.cif,-54.242477,-48.769836
xtal_53.cif,./U3Si5/172/xtal_53.cif,-67.0723,17.509626
xtal_54.cif,./U3Si5/172/xtal_54.cif,-58.988033,-53.560852
xtal_55.cif,./U3Si5/__initial__/172/xtal_55.cif,34.586533,-15.278046
xtal_56.cif,./U3Si5/172/xtal_56.cif,25.03527,-104.56793
xtal_57.cif,./U3Si5/172/xtal_57.cif,13.089323,37.94429
xtal_58.cif,./U3Si5/172/xtal_58.cif,27.581957,-100.20786
xtal_59.cif,./U3Si5/__initial__/172/xtal_59.cif,24.38072,24.507565
xtal_6.cif,./U3Si5/__initial__/172/xtal_6.cif,-59.39563,5.5688133
xtal_60.cif,./U3Si5/172/xtal_60.cif,-11.803553,-28.287645
xtal_61.cif,./U3Si5/__initial__/172/xtal_61.cif,-40.926476,-11.45832
xtal_62.cif,./U3Si5/__initial__/172/xtal_62.cif,-14.3196535,-43.828396
xtal_63.cif,./U3Si5/172/xtal_63.cif,-26.488392,53.61497
xtal_64.cif,./U3Si5/172/xtal_64.cif,17.702387,-1.9527972
xtal_65.cif,./U3Si5/__initial__/172/xtal_65.cif,22.900991,43.87975
xtal_66.cif,./U3Si5/172/xtal_66.cif,-90.10898,35.916058
xtal_67.cif,./U3Si5/172/xtal_67.cif,-58.481598,-1.7507019
xtal_68.cif,./U3Si5/__initial__/172/xtal_68.cif,4.2487926,31.960058
xtal_69.cif,./U3Si5/__initial__/172/xtal_69.cif,78.14955,11.197715
xtal_7.cif,./U3Si5/172/xtal_7.cif,-43.573208,-50.657578
xtal_70.cif,./U3Si5/172/xtal_70.cif,-81.74806,-20.081127
xtal_71.cif,./U3Si5/172/xtal_71.cif,-31.75746,-60.547337
xtal_72.cif,./U3Si5/172/xtal_72.cif,-65.420235,57.52035
xtal_73.cif,./U3Si5/172/xtal_73.cif,-10.428388,-57.74224
xtal_74.cif,./U3Si5/__initial__/172/xtal_74.cif,42.245537,-82.88981
xtal_75.cif,./U3Si5/172/xtal_75.cif,-53.696804,-7.8575687
xtal_76.cif,./U3Si5/__initial__/172/xtal_76.cif,-46.683147,49.95042
xtal_77.cif,./U3Si5/__initial__/172/xtal_77.cif,-23.305208,56.440536
xtal_78.cif,./U3Si5/172/xtal_78.cif,-40.01016,99.11661
xtal_79.cif,./U3Si5/172/xtal_79.cif,-52.173122,-5.4704103
xtal_8.cif,./U3Si5/172/xtal_8.cif,-2.848411,-28.780172
xtal_80.cif,./U3Si5/172/xtal_80.cif,-56.527046,37.729694
xtal_81.cif,./U3Si5/172/xtal_81.cif,-30.228247,-8.50901
xtal_82.cif,./U3Si5/172/xtal_82.cif,-72.26714,-10.748922
xtal_83.cif,./U3Si5/__initial__/172/xtal_83.cif,73.545235,13.78033
xtal_84.cif,./U3Si5/172/xtal_84.cif,-46.68535,49.93595
xtal_85.cif,./U3Si5/__initial__/172/xtal_85.cif,-25.658903,86.72925
xtal_86.cif,./U3Si5/__initial__/172/xtal_86.cif,45.178238,-6.459818
xtal_87.cif,./U3Si5/__initial__/172/xtal_87.cif,9.111516,32.398663
xtal_88.cif,./U3Si5/172/xtal_88.cif,-62.219353,35.715652
xtal_89.cif,./U3Si5/172/xtal_89.cif,-74.81347,18.416916
xtal_9.cif,./U3Si5/__initial__/172/xtal_9.cif,61.698204,-23.354198
xtal_90.cif,./U3Si5/172/xtal_90.cif,-10.772895,-31.4409
xtal_91.cif,./U3Si5/172/xtal_91.cif,4.6391706,36.582497
xtal_92.cif,./U3Si5/__initial__/172/xtal_92.cif,5.4498487,-5.7584977
xtal_93.cif,./U3Si5/__initial__/172/xtal_93.cif,40.26527,-15.996987
xtal_94.cif,./U3Si5/172/xtal_94.cif,0.10603476,-12.625625
xtal_95.cif,./U3Si5/172/xtal_95.cif,-55.518497,16.401266
xtal_96.cif,./U3Si5/172/xtal_96.cif,-67.640076,19.906118
xtal_97.cif,./U3Si5/__initial__/172/xtal_97.cif,-2.0850303,19.86795
xtal_98.cif,./U3Si5/172/xtal_98.cif,-35.687363,78.66099
xtal_99.cif,./U3Si5/172/xtal_99.cif,-70.03216,45.693035
xtal_1.cif,./U3Si5/__initial__/173/xtal_1.cif,-0.48475373,33.36235
xtal_10.cif,./U3Si5/__initial__/173/xtal_10.cif,19.489733,64.07069
xtal_100.cif,./U3Si5/173/xtal_100.cif,-58.110313,31.102919
xtal_11.cif,./U3Si5/173/xtal_11.cif,-3.9173353,-83.53726
xtal_12.cif,./U3Si5/__initial__/173/xtal_12.cif,53.625942,-8.169721
xtal_13.cif,./U3Si5/173/xtal_13.cif,-17.83232,-20.428175
xtal_14.cif,./U3Si5/__initial__/173/xtal_14.cif,36.032417,44.56935
xtal_15.cif,./U3Si5/__initial__/173/xtal_15.cif,44.38872,84.50375
xtal_16.cif,./U3Si5/__initial__/173/xtal_16.cif,43.045246,99.75878
xtal_17.cif,./U3Si5/173/xtal_17.cif,-70.72122,62.274837
xtal_18.cif,./U3Si5/__initial__/173/xtal_18.cif,20.227465,0.6292078
xtal_19.cif,./U3Si5/__initial__/173/xtal_19.cif,7.0348444,15.669367
xtal_2.cif,./U3Si5/__initial__/173/xtal_2.cif,49.794262,64.41689
xtal_20.cif,./U3Si5/__initial__/173/xtal_20.cif,11.023545,99.768074
xtal_21.cif,./U3Si5/__initial__/173/xtal_21.cif,-29.397615,40.52996
xtal_22.cif,./U3Si5/__initial__/173/xtal_22.cif,25.45103,58.40504
xtal_23.cif,./U3Si5/__initial__/173/xtal_23.cif,10.764781,32.255466
xtal_24.cif,./U3Si5/__initial__/173/xtal_24.cif,23.593893,-93.58739
xtal_25.cif,./U3Si5/__initial__/173/xtal_25.cif,-19.175537,-10.205835
xtal_26.cif,./U3Si5/__initial__/173/xtal_26.cif,7.5360246,97.03123
xtal_27.cif,./U3Si5/__initial__/173/xtal_27.cif,10.188804,29.12603
xtal_28.cif,./U3Si5/__initial__/173/xtal_28.cif,25.2555,48.922718
xtal_29.cif,./U3Si5/__initial__/173/xtal_29.cif,-36.76608,-33.70974
xtal_3.cif,./U3Si5/__initial__/173/xtal_3.cif,-14.912741,82.39508
xtal_30.cif,./U3Si5/__initial__/173/xtal_30.cif,9.347809,-3.208099
xtal_31.cif,./U3Si5/__initial__/173/xtal_31.cif,67.7495,56.77434
xtal_32.cif,./U3Si5/__initial__/173/xtal_32.cif,2.822997,7.165593
xtal_33.cif,./U3Si5/173/xtal_33.cif,-23.05267,-73.95031
xtal_34.cif,./U3Si5/__initial__/173/xtal_34.cif,27.191984,79.754684
xtal_35.cif,./U3Si5/__initial__/173/xtal_35.cif,58.743393,-86.36921
xtal_36.cif,./U3Si5/__initial__/173/xtal_36.cif,22.122599,3.3945394
xtal_37.cif,./U3Si5/__initial__/173/xtal_37.cif,-11.333153,37.538216
xtal_38.cif,./U3Si5/__initial__/173/xtal_38.cif,-63.611237,-52.35197
xtal_39.cif,./U3Si5/173/xtal_39.cif,-26.627342,-68.65873
xtal_4.cif,./U3Si5/__initial__/173/xtal_4.cif,-5.633684,-85.27097
xtal_40.cif,./U3Si5/173/xtal_40.cif,-76.69666,-50.284317
xtal_41.cif,./U3Si5/173/xtal_41.cif,39.506397,-22.556658
xtal_42.cif,./U3Si5/173/xtal_42.cif,-61.989395,64.81158
xtal_43.cif,./U3Si5/__initial__/173/xtal_43.cif,0.98286325,9.696353
xtal_44.cif,./U3Si5/__initial__/173/xtal_44.cif,0.994672,-6.9682727
xtal_45.cif,./U3Si5/173/xtal_45.cif,-79.9951,65.19877
xtal_46.cif,./U3Si5/173/xtal_46.cif,18.123602,-90.62361
xtal_47.cif,./U3Si5/__initial__/173/xtal_47.cif,-61.84872,35.924103
xtal_48.cif,./U3Si5/173/xtal_48.cif,-23.292755,-23.831573
xtal_49.cif,./U3Si5/173/xtal_49.cif,1.8464941,-27.993515
xtal_5.cif,./U3Si5/173/xtal_5.cif,-65.12959,46.47128
xtal_50.cif,./U3Si5/__initial__/173/xtal_50.cif,28.737612,50.330036
xtal_51.cif,./U3Si5/__initial__/173/xtal_51.cif,0.6612333,24.272242
xtal_52.cif,./U3Si5/173/xtal_52.cif,-90.640144,-22.024702
xtal_53.cif,./U3Si5/__initial__/173/xtal_53.cif,30.053204,23.765486
xtal_54.cif,./U3Si5/__initial__/173/xtal_54.cif,39.93649,-30.781088
xtal_55.cif,./U3Si5/__initial__/173/xtal_55.cif,33.182507,-100.2251
xtal_56.cif,./U3Si5/__initial__/173/xtal_56.cif,-39.38312,33.51849
xtal_57.cif,./U3Si5/__initial__/173/xtal_57.cif,15.646639,17.358086
xtal_58.cif,./U3Si5/__initial__/173/xtal_58.cif,0.95387125,-36.507248
xtal_59.cif,./U3Si5/__initial__/173/xtal_59.cif,-51.97804,17.88528
xtal_6.cif,./U3Si5/__initial__/173/xtal_6.cif,28.412886,80.06049
xtal_60.cif,./U3Si5/__initial__/173/xtal_60.cif,-16.514847,-8.359471
xtal_61.cif,./U3Si5/__initial__/173/xtal_61.cif,36.983208,31.359526
xtal_62.cif,./U3Si5/__initial__/173/xtal_62.cif,44.71706,14.933167
xtal_63.cif,./U3Si5/173/xtal_63.cif,-10.970249,-56.772247
xtal_64.cif,./U3Si5/173/xtal_64.cif,-114.255066,8.775527
xtal_65.cif,./U3Si5/__initial__/173/xtal_65.cif,49.199894,-65.44041
xtal_66.cif,./U3Si5/173/xtal_66.cif,7.935033,-71.69173
xtal_67.cif,./U3Si5/__initial__/173/xtal_67.cif,-33.127514,-33.581703
xtal_68.cif,./U3Si5/__initial__/173/xtal_68.cif,-39.3993,-33.792446
xtal_69.cif,./U3Si5/__initial__/173/xtal_69.cif,71.9607,-63.163383
xtal_7.cif,./U3Si5/__initial__/173/xtal_7.cif,21.203972,38.50577
xtal_70.cif,./U3Si5/__initial__/173/xtal_70.cif,-22.230164,48.87717
xtal_71.cif,./U3Si5/__initial__/173/xtal_71.cif,48.021873,-68.9787
xtal_72.cif,./U3Si5/173/xtal_72.cif,-39.24465,79.500465
xtal_73.cif,./U3Si5/__initial__/173/xtal_73.cif,29.133535,72.88968
xtal_74.cif,./U3Si5/__initial__/173/xtal_74.cif,7.071832,41.36993
xtal_75.cif,./U3Si5/__initial__/173/xtal_75.cif,28.220873,83.13911
xtal_76.cif,./U3Si5/173/xtal_76.cif,7.843314,-74.663025
xtal_77.cif,./U3Si5/__initial__/173/xtal_77.cif,-39.139755,-41.68882
xtal_78.cif,./U3Si5/173/xtal_78.cif,-43.538723,-52.586132
xtal_79.cif,./U3Si5/__initial__/173/xtal_79.cif,19.545355,83.40023
xtal_8.cif,./U3Si5/__initial__/173/xtal_8.cif,-13.158121,-41.378284
xtal_80.cif,./U3Si5/__initial__/173/xtal_80.cif,11.301568,-67.90161
xtal_81.cif,./U3Si5/__initial__/173/xtal_81.cif,11.394089,80.225365
xtal_82.cif,./U3Si5/__initial__/173/xtal_82.cif,54.598263,-62.345875
xtal_83.cif,./U3Si5/__initial__/173/xtal_83.cif,44.65648,83.29595
xtal_84.cif,./U3Si5/173/xtal_84.cif,-56.643192,37.88351
xtal_85.cif,./U3Si5/__initial__/173/xtal_85.cif,-66.15841,-12.911654
xtal_86.cif,./U3Si5/__initial__/173/xtal_86.cif,10.93991,60.548634
xtal_87.cif,./U3Si5/__initial__/173/xtal_87.cif,-17.74836,79.6022
xtal_88.cif,./U3Si5/173/xtal_88.cif,-93.94191,26.893099
xtal_89.cif,./U3Si5/__initial__/173/xtal_89.cif,61.77984,64.393906
xtal_9.cif,./U3Si5/__initial__/173/xtal_9.cif,-12.718592,-44.594242
xtal_90.cif,./U3Si5/__initial__/173/xtal_90.cif,20.193533,-87.24471
xtal_91.cif,./U3Si5/__initial__/173/xtal_91.cif,54.97109,-89.29276
xtal_92.cif,./U3Si5/__initial__/173/xtal_92.cif,-2.6497788,95.61029
xtal_93.cif,./U3Si5/173/xtal_93.cif,-85.76046,16.710876
xtal_94.cif,./U3Si5/173/xtal_94.cif,-32.407555,-77.09757
xtal_95.cif,./U3Si5/__initial__/173/xtal_95.cif,30.402393,60.369442
xtal_96.cif,./U3Si5/__initial__/173/xtal_96.cif,-62.309635,-29.549477
xtal_97.cif,./U3Si5/__initial__/173/xtal_97.cif,-2.6787055,-4.357265
xtal_98.cif,./U3Si5/__initial__/173/xtal_98.cif,0.20809087,-11.945148
xtal_99.cif,./U3Si5/__initial__/173/xtal_99.cif,42.934895,43.604134
xtal_1.cif,./U3Si5/__initial__/174/xtal_1.cif,39.426662,42.68184
xtal_10.cif,./U3Si5/174/xtal_10.cif,29.56338,-53.43925
xtal_100.cif,./U3Si5/__initial__/174/xtal_100.cif,47.88122,65.1639
xtal_11.cif,./U3Si5/__initial__/174/xtal_11.cif,98.1103,25.080465
xtal_12.cif,./U3Si5/174/xtal_12.cif,40.39933,-24.751066
xtal_13.cif,./U3Si5/174/xtal_13.cif,-7.057123,38.617764
xtal_14.cif,./U3Si5/174/xtal_14.cif,11.668126,-21.089718
xtal_15.cif,./U3Si5/174/xtal_15.cif,26.81547,-53.9472
xtal_16.cif,./U3Si5/174/xtal_16.cif,16.515268,6.0858107
xtal_17.cif,./U3Si5/174/xtal_17.cif,12.193206,-27.231997
xtal_18.cif,./U3Si5/__initial__/174/xtal_18.cif,2.2694004,45.163895
xtal_19.cif,./U3Si5/174/xtal_19.cif,33.070747,-20.341238
xtal_2.cif,./U3Si5/__initial__/174/xtal_2.cif,-8.802394,90.51027
xtal_20.cif,./U3Si5/174/xtal_20.cif,13.365802,42.29993
xtal_21.cif,./U3Si5/174/xtal_21.cif,29.62586,33.5083
xtal_22.cif,./U3Si5/174/xtal_22.cif,70.62401,-6.238449
xtal_23.cif,./U3Si5/174/xtal_23.cif,-58.5631,39.525703
xtal_24.cif,./U3Si5/__initial__/174/xtal_24.cif,117.10564,34.954395
xtal_25.cif,./U3Si5/174/xtal_25.cif,-67.44428,15.41448
xtal_26.cif,./U3Si5/174/xtal_26.cif,63.327835,3.8978324
xtal_27.cif,./U3Si5/__initial__/174/xtal_27.cif,52.77864,68.60734
xtal_28.cif,./U3Si5/174/xtal_28.cif,-13.420246,-86.65255
xtal_29.cif,./U3Si5/__initial__/174/xtal_29.cif,90.85384,-50.927647
xtal_3.cif,./U3Si5/174/xtal_3.cif,-67.98123,-27.234837
xtal_30.cif,./U3Si5/174/xtal_30.cif,13.774494,45.946957
xtal_31.cif,./U3Si5/174/xtal_31.cif,63.991844,-85.220665
xtal_32.cif,./U3Si5/174/xtal_32.cif,-65.59864,32.765156
xtal_33.cif,./U3Si5/__initial__/174/xtal_33.cif,-18.657331,-8.037112
xtal_34.cif,./U3Si5/174/xtal_34.cif,-14.451608,-19.17842
xtal_35.cif,./U3Si5/__initial__/174/xtal_35.cif,97.60419,63.113
xtal_36.cif,./U3Si5/174/xtal_36.cif,93.42128,72.75696
xtal_37.cif,./U3Si5/174/xtal_37.cif,11.077871,-80.05115
xtal_38.cif,./U3Si5/174/xtal_38.cif,-10.492489,81.48988
xtal_39.cif,./U3Si5/174/xtal_39.cif,2.5267365,-8.870042
xtal_4.cif,./U3Si5/174/xtal_4.cif,90.34283,-30.71417
xtal_40.cif,./U3Si5/__initial__/174/xtal_40.cif,9.490466,50.293957
xtal_41.cif,./U3Si5/174/xtal_41.cif,-17.247398,97.15723
xtal_42.cif,./U3Si5/174/xtal_42.cif,-57.765137,-41.298016
xtal_43.cif,./U3Si5/174/xtal_43.cif,-56.101307,17.168259
xtal_44.cif,./U3Si5/174/xtal_44.cif,-31.001358,-45.304413
xtal_45.cif,./U3Si5/174/xtal_45.cif,18.834791,30.352386
xtal_46.cif,./U3Si5/174/xtal_46.cif,27.45392,21.12775
xtal_47.cif,./U3Si5/174/xtal_47.cif,-59.91437,-68.74817
xtal_48.cif,./U3Si5/__initial__/174/xtal_48.cif,-54.007523,66.868355
xtal_49.cif,./U3Si5/174/xtal_49.cif,-54.993374,-19.630466
xtal_5.cif,./U3Si5/174/xtal_5.cif,0.9966742,101.36797
xtal_50.cif,./U3Si5/174/xtal_50.cif,29.521982,32.871513
xtal_51.cif,./U3Si5/174/xtal_51.cif,17.540752,9.456744
xtal_52.cif,./U3Si5/174/xtal_52.cif,11.172234,26.930464
xtal_53.cif,./U3Si5/174/xtal_53.cif,8.753647,104.914154
xtal_54.cif,./U3Si5/174/xtal_54.cif,-62.463394,-56.01053
xtal_55.cif,./U3Si5/174/xtal_55.cif,33.83923,22.408852
xtal_56.cif,./U3Si5/174/xtal_56.cif,96.484375,-9.462116
xtal_57.cif,./U3Si5/174/xtal_57.cif,-1.9657029,-16.406004
xtal_58.cif,./U3Si5/174/xtal_58.cif,-59.92136,-50.559834
xtal_59.cif,./U3Si5/174/xtal_59.cif,16.719702,-5.6324377
xtal_6.cif,./U3Si5/174/xtal_6.cif,-6.761982,20.9058
xtal_60.cif,./U3Si5/174/xtal_60.cif,11.510504,80.23748
xtal_61.cif,./U3Si5/174/xtal_61.cif,88.04213,-1.8602357
xtal_62.cif,./U3Si5/174/xtal_62.cif,-7.118518,-11.830254
xtal_63.cif,./U3Si5/174/xtal_63.cif,-46.522236,-67.75268
xtal_64.cif,./U3Si5/__initial__/174/xtal_64.cif,48.222862,58.13378
xtal_65.cif,./U3Si5/174/xtal_65.cif,-77.895615,56.340057
xtal_66.cif,./U3Si5/174/xtal_66.cif,48.001892,60.028732
xtal_67.cif,./U3Si5/174/xtal_67.cif,42.47548,54.824615
xtal_68.cif,./U3Si5/__initial__/174/xtal_68.cif,-41.96308,-38.62782
xtal_69.cif,./U3Si5/174/xtal_69.cif,-11.381762,-71.72925
xtal_7.cif,./U3Si5/174/xtal_7.cif,31.491035,5.786848
xtal_70.cif,./U3Si5/174/xtal_70.cif,56.995293,5.0851436
xtal_71.cif,./U3Si5/174/xtal_71.cif,60.44173,-62.35464
xtal_72.cif,./U3Si5/174/xtal_72.cif,8.985799,-24.555288
xtal_73.cif,./U3Si5/174/xtal_73.cif,3.6424375,26.017056
xtal_74.cif,./U3Si5/174/xtal_74.cif,35.602283,25.632944
xtal_75.cif,./U3Si5/174/xtal_75.cif,-22.240353,92.998276
xtal_76.cif,./U3Si5/__initial__/174/xtal_76.cif,64.8098,48.0918
xtal_77.cif,./U3Si5/174/xtal_77.cif,54.715,-49.2925
xtal_78.cif,./U3Si5/174/xtal_78.cif,33.809654,2.8391645
xtal_79.cif,./U3Si5/174/xtal_79.cif,80.40978,-65.51395
xtal_8.cif,./U3Si5/174/xtal_8.cif,56.765263,-39.716717
xtal_80.cif,./U3Si5/174/xtal_80.cif,72.30372,-72.57999
xtal_81.cif,./U3Si5/174/xtal_81.cif,-51.792057,17.983234
xtal_82.cif,./U3Si5/174/xtal_82.cif,-8.949276,-9.733376
xtal_83.cif,./U3Si5/174/xtal_83.cif,-14.507347,86.450165
xtal_84.cif,./U3Si5/174/xtal_84.cif,2.7184346,-53.633644
xtal_85.cif,./U3Si5/174/xtal_85.cif,-65.346405,5.459086
xtal_86.cif,./U3Si5/174/xtal_86.cif,0.7569845,47.784874
xtal_87.cif,./U3Si5/174/xtal_87.cif,-57.055927,53.427376
xtal_88.cif,./U3Si5/__initial__/174/xtal_88.cif,10.930661,43.89476
xtal_89.cif,./U3Si5/174/xtal_89.cif,-0.6245043,-9.005951
xtal_9.cif,./U3Si5/174/xtal_9.cif,44.723213,52.414936
xtal_90.cif,./U3Si5/174/xtal_90.cif,10.485262,14.260158
xtal_91.cif,./U3Si5/174/xtal_91.cif,46.345795,64.48269
xtal_92.cif,./U3Si5/174/xtal_92.cif,101.677795,-40.051327
xtal_93.cif,./U3Si5/174/xtal_93.cif,11.033712,-80.50119
xtal_94.cif,./U3Si5/174/xtal_94.cif,80.35433,4.4171286
xtal_95.cif,./U3Si5/174/xtal_95.cif,33.50335,25.960285
xtal_96.cif,./U3Si5/174/xtal_96.cif,12.9370165,-67.35346
xtal_97.cif,./U3Si5/174/xtal_97.cif,8.39711,-97.50176
xtal_98.cif,./U3Si5/__initial__/174/xtal_98.cif,95.54342,14.912429
xtal_99.cif,./U3Si5/174/xtal_99.cif,72.60396,-6.426343
xtal_1.cif,./U3Si5/__initial__/175/xtal_1.cif,57.219673,-80.48907
xtal_10.cif,./U3Si5/__initial__/175/xtal_10.cif,-7.0687566,-65.80958
xtal_100.cif,./U3Si5/175/xtal_100.cif,56.32691,-58.99049
xtal_11.cif,./U3Si5/175/xtal_11.cif,106.200325,-29.500854
xtal_12.cif,./U3Si5/__initial__/175/xtal_12.cif,-13.9582,43.40221
xtal_13.cif,./U3Si5/__initial__/175/xtal_13.cif,29.918009,-78.43048
xtal_14.cif,./U3Si5/__initial__/175/xtal_14.cif,89.07296,68.40136
xtal_15.cif,./U3Si5/__initial__/175/xtal_15.cif,-52.20339,15.503238
xtal_16.cif,./U3Si5/__initial__/175/xtal_16.cif,82.928566,62.60001
xtal_17.cif,./U3Si5/__initial__/175/xtal_17.cif,-1.993866,-70.51528
xtal_18.cif,./U3Si5/__initial__/175/xtal_18.cif,48.759438,-37.36243
xtal_19.cif,./U3Si5/__initial__/175/xtal_19.cif,41.90685,-66.89154
xtal_2.cif,./U3Si5/__initial__/175/xtal_2.cif,-42.64967,6.409698
xtal_20.cif,./U3Si5/__initial__/175/xtal_20.cif,47.104393,-30.958172
xtal_21.cif,./U3Si5/__initial__/175/xtal_21.cif,-45.399506,-23.096437
xtal_22.cif,./U3Si5/__initial__/175/xtal_22.cif,-59.677135,0.88061774
xtal_23.cif,./U3Si5/__initial__/175/xtal_23.cif,-14.382432,76.29512
xtal_24.cif,./U3Si5/__initial__/175/xtal_24.cif,-8.536031,-50.358646
xtal_25.cif,./U3Si5/__initial__/175/xtal_25.cif,-91.22694,-47.64493
xtal_26.cif,./U3Si5/175/xtal_26.cif,-41.487534,2.6541085
xtal_27.cif,./U3Si5/__initial__/175/xtal_27.cif,107.60526,-15.42611
xtal_28.cif,./U3Si5/__initial__/175/xtal_28.cif,98.61315,48.024437
xtal_29.cif,./U3Si5/__initial__/175/xtal_29.cif,-50.989273,44.549877
xtal_3.cif,./U3Si5/__initial__/175/xtal_3.cif,62.88338,-36.74185
xtal_30.cif,./U3Si5/175/xtal_30.cif,-40.11369,33.66048
xtal_31.cif,./U3Si5/__initial__/175/xtal_31.cif,61.830837,-77.53227
xtal_32.cif,./U3Si5/__initial__/175/xtal_32.cif,-59.39348,25.174818
xtal_33.cif,./U3Si5/__initial__/175/xtal_33.cif,5.5489516,72.14484
xtal_34.cif,./U3Si5/175/xtal_34.cif,-44.926117,-4.4869757
xtal_35.cif,./U3Si5/__initial__/175/xtal_35.cif,36.9396,-51.70197
xtal_36.cif,./U3Si5/__initial__/175/xtal_36.cif,-4.049224,-51.420185
xtal_37.cif,./U3Si5/__initial__/175/xtal_37.cif,24.938759,-101.9681
xtal_38.cif,./U3Si5/__initial__/175/xtal_38.cif,50.708004,-69.8764
xtal_39.cif,./U3Si5/__initial__/175/xtal_39.cif,-65.64254,32.936127
xtal_4.cif,./U3Si5/__initial__/175/xtal_4.cif,-56.59527,41.494232
xtal_40.cif,./U3Si5/__initial__/175/xtal_40.cif,-11.142536,81.873985
xtal_41.cif,./U3Si5/__initial__/175/xtal_41.cif,-42.86509,-19.163763
xtal_42.cif,./U3Si5/__initial__/175/xtal_42.cif,68.79636,-34.444344
xtal_43.cif,./U3Si5/__initial__/175/xtal_43.cif,68.367195,52.967434
xtal_44.cif,./U3Si5/__initial__/175/xtal_44.cif,79.22472,18.54183
xtal_45.cif,./U3Si5/__initial__/175/xtal_45.cif,62.30019,-62.86405
xtal_46.cif,./U3Si5/__initial__/175/xtal_46.cif,8.110199,85.56135
xtal_47.cif,./U3Si5/__initial__/175/xtal_47.cif,15.043697,-75.686005
xtal_48.cif,./U3Si5/__initial__/175/xtal_48.cif,-15.053449,-54.422905
xtal_49.cif,./U3Si5/175/xtal_49.cif,6.6845474,-13.228154
xtal_5.cif,./U3Si5/__initial__/175/xtal_5.cif,91.87406,40.624443
xtal_50.cif,./U3Si5/__initial__/175/xtal_50.cif,89.19748,23.93857
xtal_51.cif,./U3Si5/__initial__/175/xtal_51.cif,8.353829,82.63922
xtal_52.cif,./U3Si5/175/xtal_52.cif,-25.18788,17.60648
xtal_53.cif,./U3Si5/__initial__/175/xtal_53.cif,-1.4793062,16.07079
xtal_54.cif,./U3Si5/__initial__/175/xtal_54.cif,-19.78436,74.270615
xtal_55.cif,./U3Si5/__initial__/175/xtal_55.cif,10.776383,-75.9154
xtal_56.cif,./U3Si5/__initial__/175/xtal_56.cif,88.7765,-62.19064
xtal_57.cif,./U3Si5/__initial__/175/xtal_57.cif,58.00463,-68.362976
xtal_58.cif,./U3Si5/__initial__/175/xtal_58.cif,-4.5318503,-47.270184
xtal_59.cif,./U3Si5/__initial__/175/xtal_59.cif,-5.4316363,-101.59992
xtal_6.cif,./U3Si5/__initial__/175/xtal_6.cif,42.411266,-50.013332
xtal_60.cif,./U3Si5/__initial__/175/xtal_60.cif,11.06638,96.98644
xtal_61.cif,./U3Si5/__initial__/175/xtal_61.cif,-19.654306,70.84662
xtal_62.cif,./U3Si5/__initial__/175/xtal_62.cif,77.49068,53.717464
xtal_63.cif,./U3Si5/__initial__/175/xtal_63.cif,44.67906,-28.729712
xtal_64.cif,./U3Si5/__initial__/175/xtal_64.cif,104.8527,-18.270996
xtal_65.cif,./U3Si5/__initial__/175/xtal_65.cif,58.125202,-85.88076
xtal_66.cif,./U3Si5/__initial__/175/xtal_66.cif,-30.90678,-73.69177
xtal_67.cif,./U3Si5/175/xtal_67.cif,-9.760294,1.3385758
xtal_68.cif,./U3Si5/__initial__/175/xtal_68.cif,88.00307,-53.27331
xtal_69.cif,./U3Si5/__initial__/175/xtal_69.cif,-38.90993,10.933973
xtal_7.cif,./U3Si5/__initial__/175/xtal_7.cif,62.402634,-17.501781
xtal_70.cif,./U3Si5/__initial__/175/xtal_70.cif,80.63065,-34.77686
xtal_71.cif,./U3Si5/175/xtal_71.cif,1.0793209,71.59068
xtal_72.cif,./U3Si5/__initial__/175/xtal_72.cif,36.36475,-15.375856
xtal_73.cif,./U3Si5/175/xtal_73.cif,55.492607,-87.64571
xtal_74.cif,./U3Si5/__initial__/175/xtal_74.cif,-81.49533,64.12066
xtal_75.cif,./U3Si5/__initial__/175/xtal_75.cif,20.77984,-75.501945
xtal_76.cif,./U3Si5/__initial__/175/xtal_76.cif,-33.8615,9.858953
xtal_77.cif,./U3Si5/__initial__/175/xtal_77.cif,68.92931,39.859814
xtal_78.cif,./U3Si5/__initial__/175/xtal_78.cif,-26.670082,20.592806
xtal_79.cif,./U3Si5/__initial__/175/xtal_79.cif,10.938328,-73.56888
xtal_8.cif,./U3Si5/__initial__/175/xtal_8.cif,94.058105,8.756521
xtal_80.cif,./U3Si5/__initial__/175/xtal_80.cif,-36.082836,-0.048544377
xtal_81.cif,./U3Si5/__initial__/175/xtal_81.cif,91.244385,49.78053
xtal_82.cif,./U3Si5/__initial__/175/xtal_82.cif,-33.333523,90.30432
xtal_83.cif,./U3Si5/__initial__/175/xtal_83.cif,-64.25359,-21.74054
xtal_84.cif,./U3Si5/__initial__/175/xtal_84.cif,104.04904,28.067392
xtal_85.cif,./U3Si5/__initial__/175/xtal_85.cif,13.644607,-103.93359
xtal_86.cif,./U3Si5/__initial__/175/xtal_86.cif,87.82236,69.333405
xtal_87.cif,./U3Si5/__initial__/175/xtal_87.cif,-83.99903,-25.034811
xtal_88.cif,./U3Si5/__initial__/175/xtal_88.cif,-6.824898,-74.26943
xtal_89.cif,./U3Si5/__initial__/175/xtal_89.cif,57.476044,-32.346645
xtal_9.cif,./U3Si5/__initial__/175/xtal_9.cif,-48.753983,15.05038
xtal_90.cif,./U3Si5/175/xtal_90.cif,25.06385,-34.020683
xtal_91.cif,./U3Si5/__initial__/175/xtal_91.cif,-42.977474,3.4464169
xtal_92.cif,./U3Si5/175/xtal_92.cif,-23.38536,16.131523
xtal_93.cif,./U3Si5/__initial__/175/xtal_93.cif,93.87309,-41.595665
xtal_94.cif,./U3Si5/__initial__/175/xtal_94.cif,-54.192913,32.695423
xtal_95.cif,./U3Si5/__initial__/175/xtal_95.cif,46.061264,-77.14868
xtal_96.cif,./U3Si5/__initial__/175/xtal_96.cif,75.12118,-38.322067
xtal_97.cif,./U3Si5/__initial__/175/xtal_97.cif,-23.928463,0.60970974
xtal_98.cif,./U3Si5/__initial__/175/xtal_98.cif,-26.222206,-68.884
xtal_99.cif,./U3Si5/175/xtal_99.cif,-81.42947,21.167212
xtal_1.cif,./U3Si5/176/xtal_1.cif,14.695779,-47.302654
xtal_10.cif,./U3Si5/__initial__/176/xtal_10.cif,-18.813969,96.835846
xtal_100.cif,./U3Si5/__initial__/176/xtal_100.cif,47.996338,10.653881
xtal_11.cif,./U3Si5/__initial__/176/xtal_11.cif,75.627464,50.404854
xtal_12.cif,./U3Si5/176/xtal_12.cif,-59.697556,-50.46769
xtal_13.cif,./U3Si5/__initial__/176/xtal_13.cif,34.258682,-63.84628
xtal_14.cif,./U3Si5/__initial__/176/xtal_14.cif,-15.222204,67.962364
xtal_15.cif,./U3Si5/__initial__/176/xtal_15.cif,56.40258,-59.099262
xtal_16.cif,./U3Si5/__initial__/176/xtal_16.cif,80.653534,57.94135
xtal_17.cif,./U3Si5/__initial__/176/xtal_17.cif,65.500336,35.798
xtal_18.cif,./U3Si5/__initial__/176/xtal_18.cif,88.98815,11.536055
xtal_19.cif,./U3Si5/176/xtal_19.cif,-87.550125,52.058315
xtal_2.cif,./U3Si5/176/xtal_2.cif,11.089726,-76.43468
xtal_20.cif,./U3Si5/176/xtal_20.cif,-61.329483,-5.614137
xtal_21.cif,./U3Si5/__initial__/176/xtal_21.cif,-56.746456,-51.16617
xtal_22.cif,./U3Si5/176/xtal_22.cif,14.7471,-57.98766
xtal_23.cif,./U3Si5/176/xtal_23.cif,-60.520954,-50.848785
xtal_24.cif,./U3Si5/176/xtal_24.cif,-84.39716,-14.508127
xtal_25.cif,./U3Si5/__initial__/176/xtal_25.cif,58.988457,-74.38329
xtal_26.cif,./U3Si5/__initial__/176/xtal_26.cif,69.21451,53.475433
xtal_27.cif,./U3Si5/__initial__/176/xtal_27.cif,-38.56913,87.64514
xtal_28.cif,./U3Si5/176/xtal_28.cif,-41.144894,3.4668243
xtal_29.cif,./U3Si5/__initial__/176/xtal_29.cif,-67.525734,-16.317808
xtal_3.cif,./U3Si5/176/xtal_3.cif,-86.15194,-25.72273
xtal_30.cif,./U3Si5/176/xtal_30.cif,-85.14593,0.00565919
xtal_31.cif,./U3Si5/__initial__/176/xtal_31.cif,-40.575542,55.832127
xtal_32.cif,./U3Si5/176/xtal_32.cif,-84.83839,2.4910543
xtal_33.cif,./U3Si5/__initial__/176/xtal_33.cif,-37.387268,87.20876
xtal_34.cif,./U3Si5/176/xtal_34.cif,-6.2331586,-73.45335
xtal_35.cif,./U3Si5/176/xtal_35.cif,32.71368,-51.14373
xtal_36.cif,./U3Si5/__initial__/176/xtal_36.cif,-112.14815,3.4378796
xtal_37.cif,./U3Si5/__initial__/176/xtal_37.cif,66.80854,30.657814
xtal_38.cif,./U3Si5/176/xtal_38.cif,2.798746,-94.36509
xtal_39.cif,./U3Si5/__initial__/176/xtal_39.cif,77.924416,40.71999
xtal_4.cif,./U3Si5/176/xtal_4.cif,-84.17056,2.8890548
xtal_40.cif,./U3Si5/__initial__/176/xtal_40.cif,3.7491663,68.70038
xtal_41.cif,./U3Si5/__initial__/176/xtal_41.cif,-43.71956,-4.6726394
xtal_42.cif,./U3Si5/__initial__/176/xtal_42.cif,-22.6487,89.64439
xtal_43.cif,./U3Si5/__initial__/176/xtal_43.cif,32.566345,-104.42706
xtal_44.cif,./U3Si5/__initial__/176/xtal_44.cif,-68.37145,-8.684592
xtal_45.cif,./U3Si5/__initial__/176/xtal_45.cif,43.102787,14.616495
xtal_46.cif,./U3Si5/176/xtal_46.cif,-64.39029,-15.3061905
xtal_47.cif,./U3Si5/__initial__/176/xtal_47.cif,-31.794619,102.55279
xtal_48.cif,./U3Si5/__initial__/176/xtal_48.cif,-54.33471,-76.54819
xtal_49.cif,./U3Si5/176/xtal_49.cif,-41.58505,93.89462
xtal_5.cif,./U3Si5/__initial__/176/xtal_5.cif,-39.970524,-80.18592
xtal_50.cif,./U3Si5/__initial__/176/xtal_50.cif,-21.611536,39.13964
xtal_51.cif,./U3Si5/176/xtal_51.cif,105.848404,23.51705
xtal_52.cif,./U3Si5/__initial__/176/xtal_52.cif,78.627495,-22.4261
xtal_53.cif,./U3Si5/176/xtal_53.cif,-69.86632,44.76018
xtal_54.cif,./U3Si5/__initial__/176/xtal_54.cif,-47.844234,-61.826283
xtal_55.cif,./U3Si5/__initial__/176/xtal_55.cif,-33.825554,89.01136
xtal_56.cif,./U3Si5/176/xtal_56.cif,-57.615963,-55.978825
xtal_57.cif,./U3Si5/__initial__/176/xtal_57.cif,-1.6767178,94.48341
xtal_58.cif,./U3Si5/__initial__/176/xtal_58.cif,-64.88752,62.403206
xtal_59.cif,./U3Si5/__initial__/176/xtal_59.cif,-65.53605,58.88991
xtal_6.cif,./U3Si5/__initial__/176/xtal_6.cif,-23.298714,7.349101
xtal_60.cif,./U3Si5/176/xtal_60.cif,-18.242844,-71.466446
xtal_61.cif,./U3Si5/__initial__/176/xtal_61.cif,-43.568253,-58.621246
xtal_62.cif,./U3Si5/__initial__/176/xtal_62.cif,69.87752,-3.7908008
xtal_63.cif,./U3Si5/__initial__/176/xtal_63.cif,-71.51941,-13.007035
xtal_64.cif,./U3Si5/176/xtal_64.cif,-16.297419,-71.255486
xtal_65.cif,./U3Si5/176/xtal_65.cif,-51.376583,-66.78879
xtal_66.cif,./U3Si5/__initial__/176/xtal_66.cif,-38.898483,49.930695
xtal_67.cif,./U3Si5/__initial__/176/xtal_67.cif,-1.1413609,92.754745
xtal_68.cif,./U3Si5/__initial__/176/xtal_68.cif,-37.733345,86.576775
xtal_69.cif,./U3Si5/__initial__/176/xtal_69.cif,-15.0878315,-60.231846
xtal_7.cif,./U3Si5/__initial__/176/xtal_7.cif,-32.92147,25.058088
xtal_70.cif,./U3Si5/176/xtal_70.cif,-11.229461,-48.489807
xtal_71.cif,./U3Si5/__initial__/176/xtal_71.cif,-29.239166,92.349434
xtal_72.cif,./U3Si5/__initial__/176/xtal_72.cif,92.18179,-54.01295
xtal_73.cif,./U3Si5/__initial__/176/xtal_73.cif,-57.468826,14.710006
xtal_74.cif,./U3Si5/176/xtal_74.cif,24.953825,-22.844006
xtal_75.cif,./U3Si5/__initial__/176/xtal_75.cif,111.04636,28.521338
xtal_76.cif,./U3Si5/__initial__/176/xtal_76.cif,-29.634935,-80.46088
xtal_77.cif,./U3Si5/__initial__/176/xtal_77.cif,-89.07006,11.153512
xtal_78.cif,./U3Si5/__initial__/176/xtal_78.cif,-1.7086465,82.65347
xtal_79.cif,./U3Si5/__initial__/176/xtal_79.cif,-54.514,-42.93302
xtal_8.cif,./U3Si5/__initial__/176/xtal_8.cif,24.589617,-40.53195
xtal_80.cif,./U3Si5/__initial__/176/xtal_80.cif,-44.625748,-60.13253
xtal_81.cif,./U3Si5/__initial__/176/xtal_81.cif,-0.11484874,-62.768864
xtal_82.cif,./U3Si5/176/xtal_82.cif,-11.4847,-103.51664
xtal_83.cif,./U3Si5/__initial__/176/xtal_83.cif,-26.716908,93.01989
xtal_84.cif,./U3Si5/__initial__/176/xtal_84.cif,32.974014,-79.82223
xtal_85.cif,./U3Si5/__initial__/176/xtal_85.cif,-59.89051,20.414125
xtal_86.cif,./U3Si5/__initial__/176/xtal_86.cif,32.700443,-104.8959
xtal_87.cif,./U3Si5/__initial__/176/xtal_87.cif,49.30714,-65.64589
xtal_88.cif,./U3Si5/176/xtal_88.cif,4.2730036,-92.131676
xtal_89.cif,./U3Si5/__initial__/176/xtal_89.cif,-60.153778,34.317627
xtal_9.cif,./U3Si5/176/xtal_9.cif,6.919108,103.122406
xtal_90.cif,./U3Si5/176/xtal_90.cif,-14.682796,110.0929
xtal_91.cif,./U3Si5/__initial__/176/xtal_91.cif,-89.6928,48.986347
xtal_92.cif,./U3Si5/176/xtal_92.cif,19.530802,-100.0537
xtal_93.cif,./U3Si5/__initial__/176/xtal_93.cif,-18.827522,65.58062
xtal_94.cif,./U3Si5/__initial__/176/xtal_94.cif,-21.626207,40.98399
xtal_95.cif,./U3Si5/__initial__/176/xtal_95.cif,-37.667915,59.51648
xtal_96.cif,./U3Si5/176/xtal_96.cif,14.822187,-75.976685
xtal_97.cif,./U3Si5/176/xtal_97.cif,-9.079416,-97.12636
xtal_98.cif,./U3Si5/176/xtal_98.cif,-89.58704,6.765144
xtal_99.cif,./U3Si5/__initial__/176/xtal_99.cif,66.34629,20.795187
xtal_1.cif,./U3Si5/__initial__/177/xtal_1.cif,-17.218702,-90.723724
xtal_10.cif,./U3Si5/__initial__/177/xtal_10.cif,-17.829006,43.049664
xtal_100.cif,./U3Si5/__initial__/177/xtal_100.cif,-22.547464,-99.19243
xtal_11.cif,./U3Si5/__initial__/177/xtal_11.cif,65.36527,-8.600076
xtal_12.cif,./U3Si5/__initial__/177/xtal_12.cif,92.7439,61.945885
xtal_13.cif,./U3Si5/__initial__/177/xtal_13.cif,79.929115,-4.149935
xtal_14.cif,./U3Si5/__initial__/177/xtal_14.cif,-7.7511344,19.989315
xtal_15.cif,./U3Si5/__initial__/177/xtal_15.cif,-29.48441,-38.90314
xtal_16.cif,./U3Si5/177/xtal_16.cif,-0.36469647,-52.821342
xtal_17.cif,./U3Si5/__initial__/177/xtal_17.cif,-18.818552,75.59938
xtal_18.cif,./U3Si5/__initial__/177/xtal_18.cif,-6.8500695,-88.87324
xtal_19.cif,./U3Si5/__initial__/177/xtal_19.cif,70.076805,-11.28389
xtal_2.cif,./U3Si5/__initial__/177/xtal_2.cif,-93.089966,14.362215
xtal_20.cif,./U3Si5/__initial__/177/xtal_20.cif,-68.4025,-63.021637
xtal_21.cif,./U3Si5/__initial__/177/xtal_21.cif,-44.222244,45.119316
xtal_22.cif,./U3Si5/177/xtal_22.cif,13.385461,-40.176292
xtal_23.cif,./U3Si5/__initial__/177/xtal_23.cif,37.844563,-28.609367
xtal_24.cif,./U3Si5/__initial__/177/xtal_24.cif,68.57692,57.80231
xtal_25.cif,./U3Si5/__initial__/177/xtal_25.cif,83.84297,28.53542
xtal_26.cif,./U3Si5/__initial__/177/xtal_26.cif,12.277218,-53.70938
xtal_27.cif,./U3Si5/__initial__/177/xtal_27.cif,-15.40557,-79.08385
xtal_28.cif,./U3Si5/__initial__/177/xtal_28.cif,-6.303278,69.774704
xtal_29.cif,./U3Si5/__initial__/177/xtal_29.cif,-0.6399583,-81.00877
xtal_3.cif,./U3Si5/177/xtal_3.cif,-36.493526,103.815506
xtal_30.cif,./U3Si5/__initial__/177/xtal_30.cif,88.49777,26.814274
xtal_31.cif,./U3Si5/__initial__/177/xtal_31.cif,61.241436,6.937402
xtal_32.cif,./U3Si5/__initial__/177/xtal_32.cif,-2.0053906,96.659195
xtal_33.cif,./U3Si5/177/xtal_33.cif,-23.224182,-4.6538224
xtal_34.cif,./U3Si5/__initial__/177/xtal_34.cif,104.302025,13.287686
xtal_35.cif,./U3Si5/__initial__/177/xtal_35.cif,76.07879,46.592976
xtal_36.cif,./U3Si5/__initial__/177/xtal_36.cif,-1.2709423,17.5863
xtal_37.cif,./U3Si5/__initial__/177/xtal_37.cif,87.655815,43.994972
xtal_38.cif,./U3Si5/__initial__/177/xtal_38.cif,-11.08421,81.80703
xtal_39.cif,./U3Si5/__initial__/177/xtal_39.cif,65.317505,3.5396287
xtal_4.cif,./U3Si5/__initial__/177/xtal_4.cif,-15.029274,-82.317986
xtal_40.cif,./U3Si5/__initial__/177/xtal_40.cif,57.23234,-23.609512
xtal_41.cif,./U3Si5/__initial__/177/xtal_41.cif,66.011475,52.312176
xtal_42.cif,./U3Si5/__initial__/177/xtal_42.cif,65.85871,-53.378544
xtal_43.cif,./U3Si5/__initial__/177/xtal_43.cif,-29.080349,-56.26696
xtal_44.cif,./U3Si5/__initial__/177/xtal_44.cif,-31.034979,-44.028606
xtal_45.cif,./U3Si5/__initial__/177/xtal_45.cif,37.822903,-65.229485
xtal_46.cif,./U3Si5/__initial__/177/xtal_46.cif,94.94359,54.905384
xtal_47.cif,./U3Si5/__initial__/177/xtal_47.cif,8.175368,68.40895
xtal_48.cif,./U3Si5/__initial__/177/xtal_48.cif,40.818367,3.8860233
xtal_49.cif,./U3Si5/__initial__/177/xtal_49.cif,5.58095,63.250454
xtal_5.cif,./U3Si5/__initial__/177/xtal_5.cif,-25.046637,67.376526
xtal_50.cif,./U3Si5/__initial__/177/xtal_50.cif,93.69114,-41.79596
xtal_51.cif,./U3Si5/__initial__/177/xtal_51.cif,-49.288353,-62.17104
xtal_52.cif,./U3Si5/__initial__/177/xtal_52.cif,-30.877544,27.831486
xtal_53.cif,./U3Si5/__initial__/177/xtal_53.cif,36.318653,-40.84337
xtal_54.cif,./U3Si5/__initial__/177/xtal_54.cif,80.29014,-35.23255
xtal_55.cif,./U3Si5/__initial__/177/xtal_55.cif,-56.881756,-13.277698
xtal_56.cif,./U3Si5/__initial__/177/xtal_56.cif,16.688894,-104.49889
xtal_57.cif,./U3Si5/__initial__/177/xtal_57.cif,-15.566494,66.60405
xtal_58.cif,./U3Si5/__initial__/177/xtal_58.cif,64.95211,-10.973506
xtal_59.cif,./U3Si5/__initial__/177/xtal_59.cif,74.127266,42.85475
xtal_6.cif,./U3Si5/__initial__/177/xtal_6.cif,50.294918,-92.72951
xtal_60.cif,./U3Si5/177/xtal_60.cif,-82.86546,44.075714
xtal_61.cif,./U3Si5/177/xtal_61.cif,-18.656176,71.20371
xtal_62.cif,./U3Si5/177/xtal_62.cif,-8.75192,-51.918816
xtal_63.cif,./U3Si5/__initial__/177/xtal_63.cif,61.25156,9.53372
xtal_64.cif,./U3Si5/__initial__/177/xtal_64.cif,-1.8431449,86.85689
xtal_65.cif,./U3Si5/__initial__/177/xtal_65.cif,-42.57747,-26.925922
xtal_66.cif,./U3Si5/__initial__/177/xtal_66.cif,-43.831196,26.701996
xtal_67.cif,./U3Si5/__initial__/177/xtal_67.cif,33.59407,-29.191805
xtal_68.cif,./U3Si5/__initial__/177/xtal_68.cif,65.84562,35.21221
xtal_69.cif,./U3Si5/__initial__/177/xtal_69.cif,97.023026,45.004627
xtal_7.cif,./U3Si5/__initial__/177/xtal_7.cif,60.160374,-6.18641
xtal_70.cif,./U3Si5/__initial__/177/xtal_70.cif,77.39647,57.424488
xtal_71.cif,./U3Si5/__initial__/177/xtal_71.cif,-3.9098186,13.444777
xtal_72.cif,./U3Si5/177/xtal_72.cif,-45.258175,-3.1460361
xtal_73.cif,./U3Si5/__initial__/177/xtal_73.cif,49.774357,-29.713715
xtal_74.cif,./U3Si5/__initial__/177/xtal_74.cif,-83.39948,-25.208382
xtal_75.cif,./U3Si5/__initial__/177/xtal_75.cif,95.618996,39.88766
xtal_76.cif,./U3Si5/__initial__/177/xtal_76.cif,-66.45503,-70.86551
xtal_77.cif,./U3Si5/__initial__/177/xtal_77.cif,8.805412,-100.91185
xtal_78.cif,./U3Si5/__initial__/177/xtal_78.cif,18.523966,-92.138054
xtal_79.cif,./U3Si5/__initial__/177/xtal_79.cif,-16.560581,-50.685696
xtal_8.cif,./U3Si5/177/xtal_8.cif,-52.822544,-44.061195
xtal_80.cif,./U3Si5/__initial__/177/xtal_80.cif,37.90096,-15.682004
xtal_81.cif,./U3Si5/__initial__/177/xtal_81.cif,-35.920677,39.847885
xtal_82.cif,./U3Si5/__initial__/177/xtal_82.cif,-2.6708522,73.564705
xtal_83.cif,./U3Si5/__initial__/177/xtal_83.cif,-16.483074,48.08209
xtal_84.cif,./U3Si5/__initial__/177/xtal_84.cif,106.42517,-38.82249
xtal_85.cif,./U3Si5/__initial__/177/xtal_85.cif,39.455082,-73.14526
xtal_86.cif,./U3Si5/__initial__/177/xtal_86.cif,71.45714,-54.854725
xtal_87.cif,./U3Si5/__initial__/177/xtal_87.cif,-2.3929281,65.06033
xtal_88.cif,./U3Si5/__initial__/177/xtal_88.cif,94.36805,49.31865
xtal_89.cif,./U3Si5/__initial__/177/xtal_89.cif,95.94044,43.184025
xtal_9.cif,./U3Si5/__initial__/177/xtal_9.cif,53.42562,8.519341
xtal_90.cif,./U3Si5/__initial__/177/xtal_90.cif,85.689705,66.30191
xtal_91.cif,./U3Si5/177/xtal_91.cif,52.52647,-58.4531
xtal_92.cif,./U3Si5/__initial__/177/xtal_92.cif,-9.8378,75.815704
xtal_93.cif,./U3Si5/__initial__/177/xtal_93.cif,93.06618,-16.850012
xtal_94.cif,./U3Si5/__initial__/177/xtal_94.cif,58.798008,-41.657284
xtal_95.cif,./U3Si5/__initial__/177/xtal_95.cif,-48.872547,12.501033
xtal_96.cif,./U3Si5/__initial__/177/xtal_96.cif,-5.8635073,-70.02255
xtal_97.cif,./U3Si5/__initial__/177/xtal_97.cif,86.19085,-51.244667
xtal_98.cif,./U3Si5/__initial__/177/xtal_98.cif,51.005436,-87.28963
xtal_99.cif,./U3Si5/__initial__/177/xtal_99.cif,-49.931206,52.844494
xtal_1.cif,./U3Si5/__initial__/180/xtal_1.cif,-15.304563,47.96991
xtal_10.cif,./U3Si5/180/xtal_10.cif,8.627621,-96.207535
xtal_100.cif,./U3Si5/180/xtal_100.cif,-69.293846,87.59456
xtal_11.cif,./U3Si5/180/xtal_11.cif,-0.70568776,-91.07536
xtal_12.cif,./U3Si5/__initial__/180/xtal_12.cif,-27.8729,87.616516
xtal_13.cif,./U3Si5/180/xtal_13.cif,27.520884,-103.16256
xtal_14.cif,./U3Si5/180/xtal_14.cif,-5.435039,-100.81605
xtal_15.cif,./U3Si5/__initial__/180/xtal_15.cif,45.99346,-27.04799
xtal_16.cif,./U3Si5/180/xtal_16.cif,-38.13157,-91.5385
xtal_17.cif,./U3Si5/180/xtal_17.cif,-16.818697,-91.939804
xtal_18.cif,./U3Si5/__initial__/180/xtal_18.cif,-55.6435,10.626639
xtal_19.cif,./U3Si5/__initial__/180/xtal_19.cif,51.007965,-30.298407
xtal_2.cif,./U3Si5/180/xtal_2.cif,-59.86258,-54.102062
xtal_20.cif,./U3Si5/180/xtal_20.cif,-13.938856,-90.31554
xtal_21.cif,./U3Si5/__initial__/180/xtal_21.cif,-53.252373,31.426132
xtal_22.cif,./U3Si5/180/xtal_22.cif,43.197495,-74.80302
xtal_23.cif,./U3Si5/__initial__/180/xtal_23.cif,-30.181477,101.115524
xtal_24.cif,./U3Si5/__initial__/180/xtal_24.cif,-9.686913,24.438452
xtal_25.cif,./U3Si5/__initial__/180/xtal_25.cif,-0.13774706,71.07684
xtal_26.cif,./U3Si5/180/xtal_26.cif,-52.634243,-75.134476
xtal_27.cif,./U3Si5/__initial__/180/xtal_27.cif,1.4230949,-92.79969
xtal_28.cif,./U3Si5/180/xtal_28.cif,-68.14817,-9.294972
xtal_29.cif,./U3Si5/__initial__/180/xtal_29.cif,-35.51496,64.43527
xtal_3.cif,./U3Si5/180/xtal_3.cif,-35.503254,-66.34322
xtal_30.cif,./U3Si5/180/xtal_30.cif,19.527338,-100.84032
xtal_31.cif,./U3Si5/180/xtal_31.cif,-35.455997,-66.752144
xtal_32.cif,./U3Si5/__initial__/180/xtal_32.cif,42.073254,12.028517
xtal_33.cif,./U3Si5/180/xtal_33.cif,11.305146,-99.44216
xtal_34.cif,./U3Si5/__initial__/180/xtal_34.cif,4.275738,-57.057404
xtal_35.cif,./U3Si5/__initial__/180/xtal_35.cif,-10.841861,20.938744
xtal_36.cif,./U3Si5/180/xtal_36.cif,-83.387955,17.38667
xtal_37.cif,./U3Si5/__initial__/180/xtal_37.cif,-28.847786,78.55433
xtal_38.cif,./U3Si5/__initial__/180/xtal_38.cif,-34.176895,-62.339268
xtal_39.cif,./U3Si5/180/xtal_39.cif,36.905594,-88.16882
xtal_4.cif,./U3Si5/180/xtal_4.cif,52.56426,-72.96656
xtal_40.cif,./U3Si5/__initial__/180/xtal_40.cif,-30.920158,-8.265671
xtal_41.cif,./U3Si5/180/xtal_41.cif,-1.491849,-65.638435
xtal_42.cif,./U3Si5/__initial__/180/xtal_42.cif,79.22453,-57.360275
xtal_43.cif,./U3Si5/180/xtal_43.cif,-35.83164,-59.655895
xtal_44.cif,./U3Si5/180/xtal_44.cif,-48.931007,20.204628
xtal_45.cif,./U3Si5/180/xtal_45.cif,62.01268,-64.84993
xtal_46.cif,./U3Si5/180/xtal_46.cif,15.902547,-96.80238
xtal_47.cif,./U3Si5/180/xtal_47.cif,40.977184,-90.42569
xtal_48.cif,./U3Si5/180/xtal_48.cif,-63.78577,40.043995
xtal_49.cif,./U3Si5/180/xtal_49.cif,-59.273354,16.12032
xtal_5.cif,./U3Si5/180/xtal_5.cif,-11.835967,6.432315
xtal_50.cif,./U3Si5/180/xtal_50.cif,48.146736,-91.44891
xtal_51.cif,./U3Si5/180/xtal_51.cif,27.61702,-103.324875
xtal_52.cif,./U3Si5/__initial__/180/xtal_52.cif,-40.324917,52.5171
xtal_53.cif,./U3Si5/180/xtal_53.cif,-68.21896,-62.766792
xtal_54.cif,./U3Si5/__initial__/180/xtal_54.cif,55.775944,-24.795149
xtal_55.cif,./U3Si5/__initial__/180/xtal_55.cif,8.435852,-59.022087
xtal_56.cif,./U3Si5/__initial__/180/xtal_56.cif,69.52764,4.5017266
xtal_57.cif,./U3Si5/__initial__/180/xtal_57.cif,-51.25093,-61.36136
xtal_58.cif,./U3Si5/__initial__/180/xtal_58.cif,53.726963,-7.8921995
xtal_59.cif,./U3Si5/__initial__/180/xtal_59.cif,68.28174,-69.20783
xtal_6.cif,./U3Si5/__initial__/180/xtal_6.cif,-41.17663,50.729614
xtal_60.cif,./U3Si5/__initial__/180/xtal_60.cif,36.554573,-75.38639
xtal_61.cif,./U3Si5/180/xtal_61.cif,-57.44171,1.4486603
xtal_62.cif,./U3Si5/__initial__/180/xtal_62.cif,-36.334595,-33.162823
xtal_63.cif,./U3Si5/__initial__/180/xtal_63.cif,40.61668,-99.55299
xtal_64.cif,./U3Si5/__initial__/180/xtal_64.cif,37.530468,-27.420254
xtal_65.cif,./U3Si5/180/xtal_65.cif,-70.683716,-47.59383
xtal_66.cif,./U3Si5/__initial__/180/xtal_66.cif,-15.831654,95.15498
xtal_67.cif,./U3Si5/__initial__/180/xtal_67.cif,-24.804682,-81.50952
xtal_68.cif,./U3Si5/180/xtal_68.cif,-17.24554,-57.1652
xtal_69.cif,./U3Si5/__initial__/180/xtal_69.cif,49.074455,-41.4118
xtal_7.cif,./U3Si5/180/xtal_7.cif,-77.49487,-20.844227
xtal_70.cif,./U3Si5/180/xtal_70.cif,2.1111233,38.03859
xtal_71.cif,./U3Si5/180/xtal_71.cif,-86.69309,25.103046
xtal_72.cif,./U3Si5/180/xtal_72.cif,-71.75877,61.08283
xtal_73.cif,./U3Si5/__initial__/180/xtal_73.cif,-52.38077,-7.321947
xtal_74.cif,./U3Si5/180/xtal_74.cif,-53.900414,27.470867
xtal_75.cif,./U3Si5/__initial__/180/xtal_75.cif,109.79334,22.865234
xtal_76.cif,./U3Si5/180/xtal_76.cif,-56.688053,-10.790559
xtal_77.cif,./U3Si5/180/xtal_77.cif,-3.0316584,-53.907623
xtal_78.cif,./U3Si5/__initial__/180/xtal_78.cif,22.156487,-55.610283
xtal_79.cif,./U3Si5/180/xtal_79.cif,-14.459951,-82.929214
xtal_8.cif,./U3Si5/180/xtal_8.cif,-32.458992,82.74465
xtal_80.cif,./U3Si5/180/xtal_80.cif,-71.0049,-14.130431
xtal_81.cif,./U3Si5/180/xtal_81.cif,-54.24379,-76.97008
xtal_82.cif,./U3Si5/180/xtal_82.cif,-67.68932,-53.752625
xtal_83.cif,./U3Si5/180/xtal_83.cif,-2.4532146,-84.43899
xtal_84.cif,./U3Si5/__initial__/180/xtal_84.cif,61.454647,43.44725
xtal_85.cif,./U3Si5/__initial__/180/xtal_85.cif,54.404884,-15.872302
xtal_86.cif,./U3Si5/180/xtal_86.cif,-65.3622,-46.582863
xtal_87.cif,./U3Si5/180/xtal_87.cif,62.712414,-84.843834
xtal_88.cif,./U3Si5/180/xtal_88.cif,-68.21373,44.808815
xtal_89.cif,./U3Si5/180/xtal_89.cif,-62.608013,-45.24335
xtal_9.cif,./U3Si5/180/xtal_9.cif,-16.810009,81.57199
xtal_90.cif,./U3Si5/__initial__/180/xtal_90.cif,9.572851,-70.8064
xtal_91.cif,./U3Si5/180/xtal_91.cif,-57.894222,-1.941064
xtal_92.cif,./U3Si5/__initial__/180/xtal_92.cif,8.009742,99.41694
xtal_93.cif,./U3Si5/__initial__/180/xtal_93.cif,-56.312355,-54.187725
xtal_94.cif,./U3Si5/__initial__/180/xtal_94.cif,47.725258,-6.407992
xtal_95.cif,./U3Si5/180/xtal_95.cif,13.894852,-103.98537
xtal_96.cif,./U3Si5/180/xtal_96.cif,-41.303143,56.302593
xtal_97.cif,./U3Si5/__initial__/180/xtal_97.cif,-20.788904,-78.58921
xtal_98.cif,./U3Si5/180/xtal_98.cif,-74.45701,-6.132762
xtal_99.cif,./U3Si5/180/xtal_99.cif,-1.1537968,92.78755
xtal_1.cif,./U3Si5/__initial__/181/xtal_1.cif,-37.083317,-33.70811
xtal_10.cif,./U3Si5/181/xtal_10.cif,18.241327,-91.06006
xtal_100.cif,./U3Si5/181/xtal_100.cif,11.230655,-95.72921
xtal_11.cif,./U3Si5/181/xtal_11.cif,-1.0651762,-98.38791
xtal_12.cif,./U3Si5/__initial__/181/xtal_12.cif,14.329991,-56.457863
xtal_13.cif,./U3Si5/181/xtal_13.cif,-38.141666,87.17642
xtal_14.cif,./U3Si5/__initial__/181/xtal_14.cif,19.099548,-54.851784
xtal_15.cif,./U3Si5/__initial__/181/xtal_15.cif,60.294945,-4.9187202
xtal_16.cif,./U3Si5/__initial__/181/xtal_16.cif,46.08972,-37.60914
xtal_17.cif,./U3Si5/__initial__/181/xtal_17.cif,-36.216797,-5.8057055
xtal_18.cif,./U3Si5/__initial__/181/xtal_18.cif,-60.177193,20.712486
xtal_19.cif,./U3Si5/__initial__/181/xtal_19.cif,-45.869747,28.459673
xtal_2.cif,./U3Si5/181/xtal_2.cif,-35.28376,78.54099
xtal_20.cif,./U3Si5/181/xtal_20.cif,-41.356674,49.960705
xtal_21.cif,./U3Si5/__initial__/181/xtal_21.cif,41.483665,-39.99046
xtal_22.cif,./U3Si5/__initial__/181/xtal_22.cif,22.463327,-61.452152
xtal_23.cif,./U3Si5/__initial__/181/xtal_23.cif,43.957577,-62.68733
xtal_24.cif,./U3Si5/__initial__/181/xtal_24.cif,-16.473835,-71.16566
xtal_25.cif,./U3Si5/181/xtal_25.cif,-39.36113,51.20188
xtal_26.cif,./U3Si5/181/xtal_26.cif,-70.93595,-37.278236
xtal_27.cif,./U3Si5/181/xtal_27.cif,-70.712364,-61.48565
xtal_28.cif,./U3Si5/__initial__/181/xtal_28.cif,12.328857,59.17401
xtal_29.cif,./U3Si5/181/xtal_29.cif,-41.41054,-25.73986
xtal_3.cif,./U3Si5/__initial__/181/xtal_3.cif,-37.645435,48.912964
xtal_30.cif,./U3Si5/181/xtal_30.cif,-32.630615,88.38462
xtal_31.cif,./U3Si5/__initial__/181/xtal_31.cif,-25.67109,18.326561
xtal_32.cif,./U3Si5/181/xtal_32.cif,-5.200787,-98.61146
xtal_33.cif,./U3Si5/__initial__/181/xtal_33.cif,-34.669388,48.22211
xtal_34.cif,./U3Si5/181/xtal_34.cif,14.036508,-96.76994
xtal_35.cif,./U3Si5/__initial__/181/xtal_35.cif,43.930084,-53.852016
xtal_36.cif,./U3Si5/181/xtal_36.cif,15.956943,-103.37479
xtal_37.cif,./U3Si5/181/xtal_37.cif,24.436047,-72.19461
xtal_38.cif,./U3Si5/__initial__/181/xtal_38.cif,45.794296,-72.299805
xtal_39.cif,./U3Si5/181/xtal_39.cif,-31.549618,83.26299
xtal_4.cif,./U3Si5/__initial__/181/xtal_4.cif,-1.897922,95.89854
xtal_40.cif,./U3Si5/__initial__/181/xtal_40.cif,60.62514,-57.83263
xtal_41.cif,./U3Si5/181/xtal_41.cif,-59.800323,-35.063885
xtal_42.cif,./U3Si5/__initial__/181/xtal_42.cif,-68.3863,31.36187
xtal_43.cif,./U3Si5/181/xtal_43.cif,11.058384,-46.03811
xtal_44.cif,./U3Si5/__initial__/181/xtal_44.cif,63.22722,47.240444
xtal_45.cif,./U3Si5/__initial__/181/xtal_45.cif,53.28606,-88.28425
xtal_46.cif,./U3Si5/__initial__/181/xtal_46.cif,-35.700565,-46.599674
xtal_47.cif,./U3Si5/181/xtal_47.cif,12.441,-104.37775
xtal_48.cif,./U3Si5/181/xtal_48.cif,-39.30948,62.869263
xtal_49.cif,./U3Si5/__initial__/181/xtal_49.cif,-30.049313,-59.070393
xtal_5.cif,./U3Si5/181/xtal_5.cif,-27.601124,72.90246
xtal_50.cif,./U3Si5/__initial__/181/xtal_50.cif,29.138014,-39.893093
xtal_51.cif,./U3Si5/__initial__/181/xtal_51.cif,-51.09489,22.89131
xtal_52.cif,./U3Si5/181/xtal_52.cif,-63.416462,-53.137585
xtal_53.cif,./U3Si5/181/xtal_53.cif,-66.066284,-46.16977
xtal_54.cif,./U3Si5/__initial__/181/xtal_54.cif,-63.46953,-64.44231
xtal_55.cif,./U3Si5/__initial__/181/xtal_55.cif,5.550175,-55.368126
xtal_56.cif,./U3Si5/181/xtal_56.cif,-3.6503336,-58.769356
xtal_57.cif,./U3Si5/__initial__/181/xtal_57.cif,-12.027357,-47.024715
xtal_58.cif,./U3Si5/__initial__/181/xtal_58.cif,-35.3951,64.55693
xtal_59.cif,./U3Si5/181/xtal_59.cif,-54.639587,-19.752045
xtal_6.cif,./U3Si5/__initial__/181/xtal_6.cif,-1.076203,98.44541
xtal_60.cif,./U3Si5/__initial__/181/xtal_60.cif,-22.295156,89.08323
xtal_61.cif,./U3Si5/181/xtal_61.cif,-29.149897,-79.5579
xtal_62.cif,./U3Si5/__initial__/181/xtal_62.cif,8.400752,-98.91732
xtal_63.cif,./U3Si5/181/xtal_63.cif,11.1225395,-70.891815
xtal_64.cif,./U3Si5/181/xtal_64.cif,25.64263,-71.35009
xtal_65.cif,./U3Si5/181/xtal_65.cif,-57.02945,-13.254679
xtal_66.cif,./U3Si5/__initial__/181/xtal_66.cif,-12.13146,-46.35979
xtal_67.cif,./U3Si5/181/xtal_67.cif,3.7692742,-71.25818
xtal_68.cif,./U3Si5/181/xtal_68.cif,-1.9143001,5.1397543
xtal_69.cif,./U3Si5/__initial__/181/xtal_69.cif,-30.352587,-80.571815
xtal_7.cif,./U3Si5/181/xtal_7.cif,-53.072124,-41.285828
xtal_70.cif,./U3Si5/__initial__/181/xtal_70.cif,-9.953389,12.845812
xtal_71.cif,./U3Si5/181/xtal_71.cif,5.032203,-70.22367
xtal_72.cif,./U3Si5/181/xtal_72.cif,18.012136,-102.71913
xtal_73.cif,./U3Si5/__initial__/181/xtal_73.cif,34.077724,-36.295124
xtal_74.cif,./U3Si5/__initial__/181/xtal_74.cif,10.039761,-55.027687
xtal_75.cif,./U3Si5/181/xtal_75.cif,14.292632,-56.21265
xtal_76.cif,./U3Si5/__initial__/181/xtal_76.cif,50.680668,-3.3875854
xtal_77.cif,./U3Si5/__initial__/181/xtal_77.cif,-65.03003,-51.767643
xtal_78.cif,./U3Si5/__initial__/181/xtal_78.cif,43.148968,-13.318752
xtal_79.cif,./U3Si5/__initial__/181/xtal_79.cif,-40.84365,51.346752
xtal_8.cif,./U3Si5/181/xtal_8.cif,-61.947777,-37.11403
xtal_80.cif,./U3Si5/__initial__/181/xtal_80.cif,-31.581724,-37.61072
xtal_81.cif,./U3Si5/181/xtal_81.cif,-30.439028,-49.771458
xtal_82.cif,./U3Si5/__initial__/181/xtal_82.cif,-41.6063,42.50036
xtal_83.cif,./U3Si5/__initial__/181/xtal_83.cif,56.798603,-5.124685
xtal_84.cif,./U3Si5/__initial__/181/xtal_84.cif,107.097595,-15.036718
xtal_85.cif,./U3Si5/181/xtal_85.cif,-29.459902,-68.65849
xtal_86.cif,./U3Si5/181/xtal_86.cif,-34.37091,-62.72804
xtal_87.cif,./U3Si5/181/xtal_87.cif,-2.0427034,-54.655262
xtal_88.cif,./U3Si5/181/xtal_88.cif,-8.935594,-66.69637
xtal_89.cif,./U3Si5/181/xtal_89.cif,-98.02839,5.468839
xtal_9.cif,./U3Si5/181/xtal_9.cif,3.2757046,-94.60403
xtal_90.cif,./U3Si5/181/xtal_90.cif,-9.751064,-75.16137
xtal_91.cif,./U3Si5/__initial__/181/xtal_91.cif,16.963709,-97.56715
xtal_92.cif,./U3Si5/__initial__/181/xtal_92.cif,-6.131942,-85.63272
xtal_93.cif,./U3Si5/__initial__/181/xtal_93.cif,-39.304985,49.914333
xtal_94.cif,./U3Si5/__initial__/181/xtal_94.cif,-62.745705,-52.774963
xtal_95.cif,./U3Si5/__initial__/181/xtal_95.cif,3.7803154,86.9944
xtal_96.cif,./U3Si5/181/xtal_96.cif,-69.84933,-14.720558
xtal_97.cif,./U3Si5/__initial__/181/xtal_97.cif,-40.092846,52.51724
xtal_98.cif,./U3Si5/__initial__/181/xtal_98.cif,70.97524,3.612082
xtal_99.cif,./U3Si5/__initial__/181/xtal_99.cif,59.04108,-60.372658
xtal_1.cif,./U3Si5/__initial__/182/xtal_1.cif,-13.562887,55.179165
xtal_10.cif,./U3Si5/__initial__/182/xtal_10.cif,94.7184,-24.409077
xtal_100.cif,./U3Si5/__initial__/182/xtal_100.cif,56.70852,-5.3593163
xtal_11.cif,./U3Si5/__initial__/182/xtal_11.cif,-56.500435,15.635355
xtal_12.cif,./U3Si5/182/xtal_12.cif,41.1517,-82.99179
xtal_13.cif,./U3Si5/182/xtal_13.cif,-59.81298,-41.43613
xtal_14.cif,./U3Si5/__initial__/182/xtal_14.cif,95.045746,26.197908
xtal_15.cif,./U3Si5/182/xtal_15.cif,-49.885757,-16.589705
xtal_16.cif,./U3Si5/__initial__/182/xtal_16.cif,80.68958,48.481117
xtal_17.cif,./U3Si5/__initial__/182/xtal_17.cif,-51.739296,5.4246764
xtal_18.cif,./U3Si5/__initial__/182/xtal_18.cif,73.529205,-5.7917047
xtal_19.cif,./U3Si5/182/xtal_19.cif,-5.3830132,111.50809
xtal_2.cif,./U3Si5/182/xtal_2.cif,-65.53328,-56.292927
xtal_20.cif,./U3Si5/182/xtal_20.cif,-41.899654,-33.270313
xtal_21.cif,./U3Si5/__initial__/182/xtal_21.cif,-17.888166,89.205864
xtal_22.cif,./U3Si5/182/xtal_22.cif,38.38768,-84.577
xtal_23.cif,./U3Si5/__initial__/182/xtal_23.cif,-61.380615,36.491043
xtal_24.cif,./U3Si5/__initial__/182/xtal_24.cif,62.073547,26.510983
xtal_25.cif,./U3Si5/182/xtal_25.cif,-4.946884,-67.01824
xtal_26.cif,./U3Si5/__initial__/182/xtal_26.cif,-4.8717346,-53.920635
xtal_27.cif,./U3Si5/__initial__/182/xtal_27.cif,-36.76324,57.644695
xtal_28.cif,./U3Si5/__initial__/182/xtal_28.cif,-42.32301,59.81831
xtal_29.cif,./U3Si5/__initial__/182/xtal_29.cif,71.33558,5.959599
xtal_3.cif,./U3Si5/182/xtal_3.cif,26.986605,-69.15574
xtal_30.cif,./U3Si5/__initial__/182/xtal_30.cif,71.527626,7.161958
xtal_31.cif,./U3Si5/__initial__/182/xtal_31.cif,-41.9348,-3.4883485
xtal_32.cif,./U3Si5/__initial__/182/xtal_32.cif,59.324146,50.68582
xtal_33.cif,./U3Si5/__initial__/182/xtal_33.cif,-46.727776,-38.367546
xtal_34.cif,./U3Si5/__initial__/182/xtal_34.cif,-35.150753,-92.61598
xtal_35.cif,./U3Si5/__initial__/182/xtal_35.cif,-19.651657,0.43575734
xtal_36.cif,./U3Si5/__initial__/182/xtal_36.cif,-61.713295,-12.363246
xtal_37.cif,./U3Si5/__initial__/182/xtal_37.cif,108.69412,-14.602368
xtal_38.cif,./U3Si5/182/xtal_38.cif,-0.8421218,3.660058
xtal_39.cif,./U3Si5/__initial__/182/xtal_39.cif,69.50501,26.891407
xtal_4.cif,./U3Si5/182/xtal_4.cif,-11.664185,-102.85776
xtal_40.cif,./U3Si5/__initial__/182/xtal_40.cif,-63.413834,36.56713
xtal_41.cif,./U3Si5/__initial__/182/xtal_41.cif,73.667564,44.327843
xtal_42.cif,./U3Si5/__initial__/182/xtal_42.cif,-46.309624,-40.167183
xtal_43.cif,./U3Si5/__initial__/182/xtal_43.cif,-22.338175,-93.74276
xtal_44.cif,./U3Si5/182/xtal_44.cif,-78.41549,51.98287
xtal_45.cif,./U3Si5/__initial__/182/xtal_45.cif,56.39018,-63.196323
xtal_46.cif,./U3Si5/__initial__/182/xtal_46.cif,89.5624,-10.547952
xtal_47.cif,./U3Si5/182/xtal_47.cif,-11.54372,2.2749758
xtal_48.cif,./U3Si5/__initial__/182/xtal_48.cif,14.586027,-98.67221
xtal_49.cif,./U3Si5/__initial__/182/xtal_49.cif,-41.286186,53.674038
xtal_5.cif,./U3Si5/__initial__/182/xtal_5.cif,-17.392302,-48.0903
xtal_50.cif,./U3Si5/182/xtal_50.cif,-55.42526,-74.919205
xtal_51.cif,./U3Si5/__initial__/182/xtal_51.cif,-8.156278,-44.89365
xtal_52.cif,./U3Si5/182/xtal_52.cif,9.615875,-102.706764
xtal_53.cif,./U3Si5/__initial__/182/xtal_53.cif,68.92457,-82.57879
xtal_54.cif,./U3Si5/__initial__/182/xtal_54.cif,37.912243,-39.38881
xtal_55.cif,./U3Si5/__initial__/182/xtal_55.cif,56.288326,-88.18165
xtal_56.cif,./U3Si5/__initial__/182/xtal_56.cif,17.77461,-68.27929
xtal_57.cif,./U3Si5/__initial__/182/xtal_57.cif,55.617123,-6.693036
xtal_58.cif,./U3Si5/__initial__/182/xtal_58.cif,80.33645,13.226136
xtal_59.cif,./U3Si5/__initial__/182/xtal_59.cif,39.470577,-78.70906
xtal_6.cif,./U3Si5/__initial__/182/xtal_6.cif,-91.76099,-7.867477
xtal_60.cif,./U3Si5/__initial__/182/xtal_60.cif,68.56404,-34.63479
xtal_61.cif,./U3Si5/__initial__/182/xtal_61.cif,-44.892395,19.325619
xtal_62.cif,./U3Si5/__initial__/182/xtal_62.cif,88.85062,-1.1223977
xtal_63.cif,./U3Si5/__initial__/182/xtal_63.cif,81.42874,-24.275763
xtal_64.cif,./U3Si5/__initial__/182/xtal_64.cif,-48.482582,-17.045864
xtal_65.cif,./U3Si5/__initial__/182/xtal_65.cif,-33.134785,89.121994
xtal_66.cif,./U3Si5/__initial__/182/xtal_66.cif,36.407097,-15.563324
xtal_67.cif,./U3Si5/182/xtal_67.cif,-40.393867,-94.07349
xtal_68.cif,./U3Si5/182/xtal_68.cif,38.330753,-74.7016
xtal_69.cif,./U3Si5/182/xtal_69.cif,20.17026,-69.26786
xtal_7.cif,./U3Si5/__initial__/182/xtal_7.cif,112.06454,1.6032487
xtal_70.cif,./U3Si5/__initial__/182/xtal_70.cif,42.82617,-13.373894
xtal_71.cif,./U3Si5/__initial__/182/xtal_71.cif,-9.482429,-46.688164
xtal_72.cif,./U3Si5/182/xtal_72.cif,-50.163998,-50.895023
xtal_73.cif,./U3Si5/__initial__/182/xtal_73.cif,36.80063,-36.15141
xtal_74.cif,./U3Si5/__initial__/182/xtal_74.cif,48.327293,14.91164
xtal_75.cif,./U3Si5/182/xtal_75.cif,-48.66984,-63.40023
xtal_76.cif,./U3Si5/__initial__/182/xtal_76.cif,-98.70467,11.075544
xtal_77.cif,./U3Si5/__initial__/182/xtal_77.cif,53.93178,6.860662
xtal_78.cif,./U3Si5/__initial__/182/xtal_78.cif,57.730495,-26.433702
xtal_79.cif,./U3Si5/182/xtal_79.cif,16.280426,-68.38615
xtal_8.cif,./U3Si5/__initial__/182/xtal_8.cif,84.09099,-59.43991
xtal_80.cif,./U3Si5/__initial__/182/xtal_80.cif,86.10264,-35.443466
xtal_81.cif,./U3Si5/__initial__/182/xtal_81.cif,-30.07954,-40.641674
xtal_82.cif,./U3Si5/__initial__/182/xtal_82.cif,62.059643,-29.488653
xtal_83.cif,./U3Si5/__initial__/182/xtal_83.cif,-22.991928,-99.6339
xtal_84.cif,./U3Si5/__initial__/182/xtal_84.cif,-34.6889,20.627914
xtal_85.cif,./U3Si5/__initial__/182/xtal_85.cif,52.060143,-51.987717
xtal_86.cif,./U3Si5/182/xtal_86.cif,38.246105,-86.878044
xtal_87.cif,./U3Si5/182/xtal_87.cif,26.044605,-68.706085
xtal_88.cif,./U3Si5/__initial__/182/xtal_88.cif,-19.876465,-38.667362
xtal_89.cif,./U3Si5/182/xtal_89.cif,28.700142,-72.16201
xtal_9.cif,./U3Si5/__initial__/182/xtal_9.cif,-91.467186,14.217516
xtal_90.cif,./U3Si5/__initial__/182/xtal_90.cif,78.68134,57.581387
xtal_91.cif,./U3Si5/__initial__/182/xtal_91.cif,94.47578,69.901535
xtal_92.cif,./U3Si5/__initial__/182/xtal_92.cif,1.2745847,-55.45022
xtal_93.cif,./U3Si5/__initial__/182/xtal_93.cif,50.39156,-92.61623
xtal_94.cif,./U3Si5/__initial__/182/xtal_94.cif,58.507195,-80.629906
xtal_95.cif,./U3Si5/182/xtal_95.cif,-71.98976,-50.55553
xtal_96.cif,./U3Si5/__initial__/182/xtal_96.cif,22.20085,-76.07062
xtal_97.cif,./U3Si5/182/xtal_97.cif,1.7551616,-98.17481
xtal_98.cif,./U3Si5/__initial__/182/xtal_98.cif,-3.611842,19.714823
xtal_99.cif,./U3Si5/182/xtal_99.cif,-20.220316,-95.9553
xtal_1.cif,./U3Si5/__initial__/183/xtal_1.cif,24.363861,64.60618
xtal_10.cif,./U3Si5/__initial__/183/xtal_10.cif,9.96976,19.651281
xtal_100.cif,./U3Si5/__initial__/183/xtal_100.cif,19.205505,-48.677204
xtal_11.cif,./U3Si5/__initial__/183/xtal_11.cif,30.00069,74.058365
xtal_12.cif,./U3Si5/__initial__/183/xtal_12.cif,39.72264,97.59912
xtal_13.cif,./U3Si5/__initial__/183/xtal_13.cif,-48.717484,-9.95469
xtal_14.cif,./U3Si5/__initial__/183/xtal_14.cif,29.95289,91.788666
xtal_15.cif,./U3Si5/__initial__/183/xtal_15.cif,34.784607,-10.295113
xtal_16.cif,./U3Si5/__initial__/183/xtal_16.cif,81.90764,53.521984
xtal_17.cif,./U3Si5/__initial__/183/xtal_17.cif,37.798122,98.29995
xtal_18.cif,./U3Si5/__initial__/183/xtal_18.cif,-6.1683946,4.261488
xtal_19.cif,./U3Si5/__initial__/183/xtal_19.cif,-33.26711,-34.915646
xtal_2.cif,./U3Si5/__initial__/183/xtal_2.cif,43.456253,19.387743
xtal_20.cif,./U3Si5/183/xtal_20.cif,-1.3690472,5.8963757
xtal_21.cif,./U3Si5/__initial__/183/xtal_21.cif,42.76449,89.35213
xtal_22.cif,./U3Si5/__initial__/183/xtal_22.cif,34.181545,85.52643
xtal_23.cif,./U3Si5/__initial__/183/xtal_23.cif,33.660416,91.44614
xtal_24.cif,./U3Si5/__initial__/183/xtal_24.cif,38.56907,88.987686
xtal_25.cif,./U3Si5/__initial__/183/xtal_25.cif,21.982845,25.627968
xtal_26.cif,./U3Si5/183/xtal_26.cif,49.684284,-69.353874
xtal_27.cif,./U3Si5/__initial__/183/xtal_27.cif,42.635773,76.97778
xtal_28.cif,./U3Si5/__initial__/183/xtal_28.cif,73.22404,-65.45523
xtal_29.cif,./U3Si5/__initial__/183/xtal_29.cif,47.78176,75.779175
xtal_3.cif,./U3Si5/__initial__/183/xtal_3.cif,39.974014,74.41107
xtal_30.cif,./U3Si5/183/xtal_30.cif,16.202229,23.697287
xtal_31.cif,./U3Si5/__initial__/183/xtal_31.cif,46.521416,83.39798
xtal_32.cif,./U3Si5/183/xtal_32.cif,37.689117,-95.6898
xtal_33.cif,./U3Si5/183/xtal_33.cif,-37.7858,-71.93536
xtal_34.cif,./U3Si5/183/xtal_34.cif,-7.880344,-54.830494
xtal_35.cif,./U3Si5/183/xtal_35.cif,-6.1113176,-79.87349
xtal_36.cif,./U3Si5/183/xtal_36.cif,30.869535,-88.27267
xtal_37.cif,./U3Si5/183/xtal_37.cif,11.134814,-52.407978
xtal_38.cif,./U3Si5/__initial__/183/xtal_38.cif,35.002037,97.93428
xtal_39.cif,./U3Si5/__initial__/183/xtal_39.cif,30.740128,91.83303
xtal_4.cif,./U3Si5/__initial__/183/xtal_4.cif,0.83664346,7.9852967
xtal_40.cif,./U3Si5/183/xtal_40.cif,11.689946,-26.087149
xtal_41.cif,./U3Si5/__initial__/183/xtal_41.cif,69.4245,51.3808
xtal_42.cif,./U3Si5/183/xtal_42.cif,-14.016008,-74.835556
xtal_43.cif,./U3Si5/__initial__/183/xtal_43.cif,-61.237225,72.50136
xtal_44.cif,./U3Si5/__initial__/183/xtal_44.cif,73.33126,42.308594
xtal_45.cif,./U3Si5/__initial__/183/xtal_45.cif,28.734436,-41.818844
xtal_46.cif,./U3Si5/183/xtal_46.cif,-35.969868,100.33828
xtal_47.cif,./U3Si5/183/xtal_47.cif,8.332532,-78.189514
xtal_48.cif,./U3Si5/__initial__/183/xtal_48.cif,45.39396,-61.754414
xtal_49.cif,./U3Si5/__initial__/183/xtal_49.cif,82.01411,-1.7583934
xtal_5.cif,./U3Si5/__initial__/183/xtal_5.cif,25.975836,75.00585
xtal_50.cif,./U3Si5/__initial__/183/xtal_50.cif,0.17539464,16.078302
xtal_51.cif,./U3Si5/__initial__/183/xtal_51.cif,28.2484,60.225426
xtal_52.cif,./U3Si5/__initial__/183/xtal_52.cif,20.895636,71.50893
xtal_53.cif,./U3Si5/__initial__/183/xtal_53.cif,37.28648,75.91208
xtal_54.cif,./U3Si5/183/xtal_54.cif,19.150236,-83.27934
xtal_55.cif,./U3Si5/__initial__/183/xtal_55.cif,27.773663,82.87105
xtal_56.cif,./U3Si5/__initial__/183/xtal_56.cif,38.13733,73.66861
xtal_57.cif,./U3Si5/__initial__/183/xtal_57.cif,25.706911,28.788025
xtal_58.cif,./U3Si5/183/xtal_58.cif,-81.836975,40.320904
xtal_59.cif,./U3Si5/183/xtal_59.cif,22.272028,9.039912
xtal_6.cif,./U3Si5/__initial__/183/xtal_6.cif,32.943115,19.566526
xtal_60.cif,./U3Si5/__initial__/183/xtal_60.cif,51.890144,-46.49841
xtal_61.cif,./U3Si5/__initial__/183/xtal_61.cif,48.903446,-7.465246
xtal_62.cif,./U3Si5/183/xtal_62.cif,-23.201864,-49.720547
xtal_63.cif,./U3Si5/183/xtal_63.cif,-1.0525844,-17.513756
xtal_64.cif,./U3Si5/183/xtal_64.cif,38.696938,-62.847668
xtal_65.cif,./U3Si5/183/xtal_65.cif,-67.21038,-36.53497
xtal_66.cif,./U3Si5/183/xtal_66.cif,-104.652245,-5.001759
xtal_67.cif,./U3Si5/__initial__/183/xtal_67.cif,27.734375,84.58302
xtal_68.cif,./U3Si5/__initial__/183/xtal_68.cif,39.39037,97.78215
xtal_69.cif,./U3Si5/__initial__/183/xtal_69.cif,58.689915,61.626686
xtal_7.cif,./U3Si5/__initial__/183/xtal_7.cif,16.666256,24.477303
xtal_70.cif,./U3Si5/183/xtal_70.cif,-11.383918,-46.163277
xtal_71.cif,./U3Si5/__initial__/183/xtal_71.cif,10.687672,69.01911
xtal_72.cif,./U3Si5/__initial__/183/xtal_72.cif,-6.084766,26.312538
xtal_73.cif,./U3Si5/__initial__/183/xtal_73.cif,-9.113468,94.666
xtal_74.cif,./U3Si5/183/xtal_74.cif,-42.076324,-38.551483
xtal_75.cif,./U3Si5/__initial__/183/xtal_75.cif,-42.898983,40.553524
xtal_76.cif,./U3Si5/__initial__/183/xtal_76.cif,48.67049,57.015648
xtal_77.cif,./U3Si5/183/xtal_77.cif,-15.530094,-24.051542
xtal_78.cif,./U3Si5/183/xtal_78.cif,-82.07013,-6.8561406
xtal_79.cif,./U3Si5/__initial__/183/xtal_79.cif,-75.17296,-12.387773
xtal_8.cif,./U3Si5/183/xtal_8.cif,29.74832,-39.445736
xtal_80.cif,./U3Si5/__initial__/183/xtal_80.cif,55.67234,78.67807
xtal_81.cif,./U3Si5/__initial__/183/xtal_81.cif,51.146343,1.1689683
xtal_82.cif,./U3Si5/__initial__/183/xtal_82.cif,-7.452602,-0.24692121
xtal_83.cif,./U3Si5/183/xtal_83.cif,-7.6402507,-40.10849
xtal_84.cif,./U3Si5/183/xtal_84.cif,25.332882,-38.247654
xtal_85.cif,./U3Si5/183/xtal_85.cif,-59.30347,-43.197727
xtal_86.cif,./U3Si5/__initial__/183/xtal_86.cif,22.660044,82.988304
xtal_87.cif,./U3Si5/183/xtal_87.cif,13.536204,1.9462515
xtal_88.cif,./U3Si5/__initial__/183/xtal_88.cif,30.772106,92.07384
xtal_89.cif,./U3Si5/183/xtal_89.cif,10.563389,-33.26027
xtal_9.cif,./U3Si5/__initial__/183/xtal_9.cif,13.6220045,25.229975
xtal_90.cif,./U3Si5/__initial__/183/xtal_90.cif,62.224373,-1.0365698
xtal_91.cif,./U3Si5/__initial__/183/xtal_91.cif,45.00602,-12.476458
xtal_92.cif,./U3Si5/183/xtal_92.cif,-28.802015,114.79256
xtal_93.cif,./U3Si5/183/xtal_93.cif,1.7041074,1.1334038
xtal_94.cif,./U3Si5/__initial__/183/xtal_94.cif,-43.23233,0.21386614
xtal_95.cif,./U3Si5/__initial__/183/xtal_95.cif,28.266092,91.22905
xtal_96.cif,./U3Si5/__initial__/183/xtal_96.cif,-45.309757,-34.22455
xtal_97.cif,./U3Si5/__initial__/183/xtal_97.cif,98.28588,-39.852364
xtal_98.cif,./U3Si5/__initial__/183/xtal_98.cif,46.019363,74.90757
xtal_99.cif,./U3Si5/__initial__/183/xtal_99.cif,5.45934,-35.79953
xtal_1.cif,./U3Si5/184/xtal_1.cif,11.300451,-101.79452
xtal_10.cif,./U3Si5/184/xtal_10.cif,-19.701632,-37.46259
xtal_100.cif,./U3Si5/__initial__/184/xtal_100.cif,110.11061,12.906199
xtal_11.cif,./U3Si5/__initial__/184/xtal_11.cif,42.69918,28.053728
xtal_12.cif,./U3Si5/184/xtal_12.cif,49.624634,-77.91329
xtal_13.cif,./U3Si5/__initial__/184/xtal_13.cif,69.67444,23.733442
xtal_14.cif,./U3Si5/184/xtal_14.cif,-14.74059,-25.514383
xtal_15.cif,./U3Si5/184/xtal_15.cif,1.386531,1.270661
xtal_16.cif,./U3Si5/184/xtal_16.cif,50.97016,20.789534
xtal_17.cif,./U3Si5/184/xtal_17.cif,51.0079,-71.10588
xtal_18.cif,./U3Si5/184/xtal_18.cif,-19.230558,-38.40356
xtal_19.cif,./U3Si5/__initial__/184/xtal_19.cif,17.605368,46.42684
xtal_2.cif,./U3Si5/184/xtal_2.cif,29.200819,-88.3574
xtal_20.cif,./U3Si5/__initial__/184/xtal_20.cif,44.77895,-45.963947
xtal_21.cif,./U3Si5/__initial__/184/xtal_21.cif,33.829426,-58.24902
xtal_22.cif,./U3Si5/184/xtal_22.cif,52.6552,-58.404903
xtal_23.cif,./U3Si5/184/xtal_23.cif,4.104,-25.95188
xtal_24.cif,./U3Si5/184/xtal_24.cif,-6.4005303,-88.36003
xtal_25.cif,./U3Si5/__initial__/184/xtal_25.cif,48.212692,57.53104
xtal_26.cif,./U3Si5/184/xtal_26.cif,-20.146418,-22.367113
xtal_27.cif,./U3Si5/184/xtal_27.cif,56.123077,-59.731373
xtal_28.cif,./U3Si5/__initial__/184/xtal_28.cif,43.54629,97.3622
xtal_29.cif,./U3Si5/__initial__/184/xtal_29.cif,44.193367,-46.20043
xtal_3.cif,./U3Si5/__initial__/184/xtal_3.cif,-13.177415,25.289885
xtal_30.cif,./U3Si5/184/xtal_30.cif,74.06733,-76.962326
xtal_31.cif,./U3Si5/184/xtal_31.cif,-19.41921,-36.177933
xtal_32.cif,./U3Si5/184/xtal_32.cif,-28.702839,2.608687
xtal_33.cif,./U3Si5/184/xtal_33.cif,-18.986696,-38.37745
xtal_34.cif,./U3Si5/__initial__/184/xtal_34.cif,62.45447,28.404446
xtal_35.cif,./U3Si5/__initial__/184/xtal_35.cif,24.996805,43.994396
xtal_36.cif,./U3Si5/184/xtal_36.cif,51.21368,-68.08791
xtal_37.cif,./U3Si5/__initial__/184/xtal_37.cif,0.70763654,72.085785
xtal_38.cif,./U3Si5/184/xtal_38.cif,7.4580507,-81.82993
xtal_39.cif,./U3Si5/__initial__/184/xtal_39.cif,107.90984,34.78154
xtal_4.cif,./U3Si5/184/xtal_4.cif,0.8886362,-55.102673
xtal_40.cif,./U3Si5/184/xtal_40.cif,-44.775806,-3.5477574
xtal_41.cif,./U3Si5/__initial__/184/xtal_41.cif,42.184475,36.64622
xtal_42.cif,./U3Si5/__initial__/184/xtal_42.cif,-5.155141,77.08911
xtal_43.cif,./U3Si5/__initial__/184/xtal_43.cif,3.9473102,89.793976
xtal_44.cif,./U3Si5/__initial__/184/xtal_44.cif,51.40435,20.018564
xtal_45.cif,./U3Si5/__initial__/184/xtal_45.cif,100.21814,23.508966
xtal_46.cif,./U3Si5/__initial__/184/xtal_46.cif,-17.065422,54.45933
xtal_47.cif,./U3Si5/__initial__/184/xtal_47.cif,44.82221,77.67168
xtal_48.cif,./U3Si5/184/xtal_48.cif,-11.271732,-58.570354
xtal_49.cif,./U3Si5/__initial__/184/xtal_49.cif,-26.032703,69.772316
xtal_5.cif,./U3Si5/__initial__/184/xtal_5.cif,-19.806839,32.027813
xtal_50.cif,./U3Si5/__initial__/184/xtal_50.cif,-59.061264,2.7452707
xtal_51.cif,./U3Si5/184/xtal_51.cif,-19.108921,46.88622
xtal_52.cif,./U3Si5/184/xtal_52.cif,27.509777,12.420065
xtal_53.cif,./U3Si5/184/xtal_53.cif,-42.366795,27.17883
xtal_54.cif,./U3Si5/__initial__/184/xtal_54.cif,74.47363,-44.740356
xtal_55.cif,./U3Si5/__initial__/184/xtal_55.cif,61.80711,65.24112
xtal_56.cif,./U3Si5/184/xtal_56.cif,22.110126,-14.680605
xtal_57.cif,./U3Si5/184/xtal_57.cif,-16.875229,-8.473326
xtal_58.cif,./U3Si5/__initial__/184/xtal_58.cif,42.77787,-20.455883
xtal_59.cif,./U3Si5/184/xtal_59.cif,-23.854113,36.60096
xtal_6.cif,./U3Si5/__initial__/184/xtal_6.cif,6.6498995,39.52106
xtal_60.cif,./U3Si5/184/xtal_60.cif,-44.001858,17.339355
xtal_61.cif,./U3Si5/__initial__/184/xtal_61.cif,44.352474,48.253532
xtal_62.cif,./U3Si5/184/xtal_62.cif,36.24446,-60.32923
xtal_63.cif,./U3Si5/__initial__/184/xtal_63.cif,32.604084,86.44531
xtal_64.cif,./U3Si5/184/xtal_64.cif,13.067096,-9.272753
xtal_65.cif,./U3Si5/184/xtal_65.cif,-37.718285,-51.074112
xtal_66.cif,./U3Si5/184/xtal_66.cif,52.137104,-58.26569
xtal_67.cif,./U3Si5/184/xtal_67.cif,-28.762926,2.8334506
xtal_68.cif,./U3Si5/184/xtal_68.cif,-14.773733,-17.708158
xtal_69.cif,./U3Si5/__initial__/184/xtal_69.cif,99.44995,-9.092246
xtal_7.cif,./U3Si5/__initial__/184/xtal_7.cif,27.702927,82.703285
xtal_70.cif,./U3Si5/__initial__/184/xtal_70.cif,51.692616,76.7056
xtal_71.cif,./U3Si5/__initial__/184/xtal_71.cif,42.04275,30.992487
xtal_72.cif,./U3Si5/184/xtal_72.cif,-30.942595,10.946243
xtal_73.cif,./U3Si5/__initial__/184/xtal_73.cif,60.01981,79.07343
xtal_74.cif,./U3Si5/184/xtal_74.cif,-36.147564,19.827412
xtal_75.cif,./U3Si5/__initial__/184/xtal_75.cif,-20.572796,42.626694
xtal_76.cif,./U3Si5/__initial__/184/xtal_76.cif,42.369415,76.640396
xtal_77.cif,./U3Si5/184/xtal_77.cif,50.65068,20.953684
xtal_78.cif,./U3Si5/__initial__/184/xtal_78.cif,57.02397,68.91695
xtal_79.cif,./U3Si5/__initial__/184/xtal_79.cif,31.22737,38.29917
xtal_8.cif,./U3Si5/__initial__/184/xtal_8.cif,15.503132,51.050728
xtal_80.cif,./U3Si5/184/xtal_80.cif,55.386234,-61.076313
xtal_81.cif,./U3Si5/__initial__/184/xtal_81.cif,42.334248,37.053673
xtal_82.cif,./U3Si5/__initial__/184/xtal_82.cif,-45.858345,-2.4281874
xtal_83.cif,./U3Si5/184/xtal_83.cif,-19.018631,40.602837
xtal_84.cif,./U3Si5/184/xtal_84.cif,-18.839985,-36.981533
xtal_85.cif,./U3Si5/__initial__/184/xtal_85.cif,50.228424,81.541824
xtal_86.cif,./U3Si5/__initial__/184/xtal_86.cif,53.86911,79.460045
xtal_87.cif,./U3Si5/184/xtal_87.cif,55.68543,-60.64242
xtal_88.cif,./U3Si5/__initial__/184/xtal_88.cif,89.12928,-36.575306
xtal_89.cif,./U3Si5/__initial__/184/xtal_89.cif,3.2449074,26.852161
xtal_9.cif,./U3Si5/__initial__/184/xtal_9.cif,89.8785,12.198358
xtal_90.cif,./U3Si5/184/xtal_90.cif,27.019976,-78.135056
xtal_91.cif,./U3Si5/__initial__/184/xtal_91.cif,-52.715076,64.07978
xtal_92.cif,./U3Si5/__initial__/184/xtal_92.cif,56.14731,75.74834
xtal_93.cif,./U3Si5/184/xtal_93.cif,52.669506,21.959898
xtal_94.cif,./U3Si5/__initial__/184/xtal_94.cif,74.6769,-34.808735
xtal_95.cif,./U3Si5/__initial__/184/xtal_95.cif,36.5577,85.83762
xtal_96.cif,./U3Si5/184/xtal_96.cif,-15.203788,-41.51332
xtal_97.cif,./U3Si5/184/xtal_97.cif,54.869133,-61.135654
xtal_98.cif,./U3Si5/__initial__/184/xtal_98.cif,-7.416043,91.86614
xtal_99.cif,./U3Si5/184/xtal_99.cif,-12.37755,-57.164497
xtal_1.cif,./U3Si5/185/xtal_1.cif,-49.465427,-88.00893
xtal_10.cif,./U3Si5/__initial__/185/xtal_10.cif,10.156447,19.134155
xtal_100.cif,./U3Si5/185/xtal_100.cif,-52.113842,74.25181
xtal_11.cif,./U3Si5/__initial__/185/xtal_11.cif,-43.565014,-3.1869752
xtal_12.cif,./U3Si5/__initial__/185/xtal_12.cif,10.375589,62.94969
xtal_13.cif,./U3Si5/__initial__/185/xtal_13.cif,43.095055,75.90089
xtal_14.cif,./U3Si5/185/xtal_14.cif,11.431772,2.2301664
xtal_15.cif,./U3Si5/__initial__/185/xtal_15.cif,19.06392,23.771385
xtal_16.cif,./U3Si5/__initial__/185/xtal_16.cif,68.612236,-53.139336
xtal_17.cif,./U3Si5/185/xtal_17.cif,-41.339653,80.29325
xtal_18.cif,./U3Si5/185/xtal_18.cif,-6.6296387,-67.71499
xtal_19.cif,./U3Si5/__initial__/185/xtal_19.cif,42.55077,76.61247
xtal_2.cif,./U3Si5/__initial__/185/xtal_2.cif,52.93242,83.55493
xtal_20.cif,./U3Si5/185/xtal_20.cif,-50.100132,57.315834
xtal_21.cif,./U3Si5/185/xtal_21.cif,45.17007,-6.659812
xtal_22.cif,./U3Si5/185/xtal_22.cif,-61.934307,-16.64009
xtal_23.cif,./U3Si5/__initial__/185/xtal_23.cif,37.194008,90.182625
xtal_24.cif,./U3Si5/__initial__/185/xtal_24.cif,29.909685,84.20354
xtal_25.cif,./U3Si5/__initial__/185/xtal_25.cif,81.31757,48.764362
xtal_26.cif,./U3Si5/__initial__/185/xtal_26.cif,11.710443,17.398317
xtal_27.cif,./U3Si5/185/xtal_27.cif,-44.86435,29.163311
xtal_28.cif,./U3Si5/185/xtal_28.cif,-52.79044,-32.151882
xtal_29.cif,./U3Si5/__initial__/185/xtal_29.cif,61.559803,63.00972
xtal_3.cif,./U3Si5/185/xtal_3.cif,-56.73126,42.66335
xtal_30.cif,./U3Si5/__initial__/185/xtal_30.cif,48.329536,43.912796
xtal_31.cif,./U3Si5/__initial__/185/xtal_31.cif,-5.3335347,15.33657
xtal_32.cif,./U3Si5/185/xtal_32.cif,-44.87479,25.684866
xtal_33.cif,./U3Si5/185/xtal_33.cif,-32.242695,38.260635
xtal_34.cif,./U3Si5/185/xtal_34.cif,-56.58791,-80.44391
xtal_35.cif,./U3Si5/185/xtal_35.cif,-9.53159,-86.27805
xtal_36.cif,./U3Si5/__initial__/185/xtal_36.cif,27.062586,56.70411
xtal_37.cif,./U3Si5/185/xtal_37.cif,5.638797,6.175299
xtal_38.cif,./U3Si5/185/xtal_38.cif,-2.0169694,-10.651553
xtal_39.cif,./U3Si5/__initial__/185/xtal_39.cif,69.22297,9.168768
xtal_4.cif,./U3Si5/__initial__/185/xtal_4.cif,-20.644188,4.42187
xtal_40.cif,./U3Si5/185/xtal_40.cif,33.267372,-32.026707
xtal_41.cif,./U3Si5/__initial__/185/xtal_41.cif,28.536459,87.8482
xtal_42.cif,./U3Si5/__initial__/185/xtal_42.cif,5.198874,39.041756
xtal_43.cif,./U3Si5/185/xtal_43.cif,-70.62616,-48.678154
xtal_44.cif,./U3Si5/__initial__/185/xtal_44.cif,76.24878,10.72862
xtal_45.cif,./U3Si5/185/xtal_45.cif,-7.310547,-86.197586
xtal_46.cif,./U3Si5/__initial__/185/xtal_46.cif,21.616295,31.728632
xtal_47.cif,./U3Si5/__initial__/185/xtal_47.cif,5.014109,17.75099
xtal_48.cif,./U3Si5/185/xtal_48.cif,-42.080883,63.256443
xtal_49.cif,./U3Si5/185/xtal_49.cif,33.747353,-28.571478
xtal_5.cif,./U3Si5/__initial__/185/xtal_5.cif,25.771536,86.27762
xtal_50.cif,./U3Si5/__initial__/185/xtal_50.cif,33.655754,3.167928
xtal_51.cif,./U3Si5/185/xtal_51.cif,-88.28703,42.664818
xtal_52.cif,./U3Si5/__initial__/185/xtal_52.cif,86.845215,59.683292
xtal_53.cif,./U3Si5/185/xtal_53.cif,51.513023,-70.01651
xtal_54.cif,./U3Si5/185/xtal_54.cif,-21.232473,21.650537
xtal_55.cif,./U3Si5/185/xtal_55.cif,-6.56072,-22.591557
xtal_56.cif,./U3Si5/185/xtal_56.cif,13.247914,37.90578
xtal_57.cif,./U3Si5/__initial__/185/xtal_57.cif,46.848663,94.941246
xtal_58.cif,./U3Si5/185/xtal_58.cif,-30.948736,-8.220346
xtal_59.cif,./U3Si5/185/xtal_59.cif,-40.115486,-44.018696
xtal_6.cif,./U3Si5/185/xtal_6.cif,17.704784,20.846935
xtal_60.cif,./U3Si5/__initial__/185/xtal_60.cif,34.147446,7.1231875
xtal_61.cif,./U3Si5/__initial__/185/xtal_61.cif,42.16886,77.91064
xtal_62.cif,./U3Si5/__initial__/185/xtal_62.cif,71.373,-12.096221
xtal_63.cif,./U3Si5/__initial__/185/xtal_63.cif,59.903122,79.227325
xtal_64.cif,./U3Si5/__initial__/185/xtal_64.cif,-41.813637,45.25295
xtal_65.cif,./U3Si5/__initial__/185/xtal_65.cif,42.387318,40.55638
xtal_66.cif,./U3Si5/__initial__/185/xtal_66.cif,6.036361,14.75087
xtal_67.cif,./U3Si5/185/xtal_67.cif,-40.889893,-12.092184
xtal_68.cif,./U3Si5/__initial__/185/xtal_68.cif,41.295975,100.076866
xtal_69.cif,./U3Si5/__initial__/185/xtal_69.cif,43.918495,97.856544
xtal_7.cif,./U3Si5/185/xtal_7.cif,-21.904066,-98.49379
xtal_70.cif,./U3Si5/__initial__/185/xtal_70.cif,28.095839,-39.78388
xtal_71.cif,./U3Si5/__initial__/185/xtal_71.cif,30.911367,44.63712
xtal_72.cif,./U3Si5/__initial__/185/xtal_72.cif,34.672386,97.495834
xtal_73.cif,./U3Si5/__initial__/185/xtal_73.cif,51.46019,77.375595
xtal_74.cif,./U3Si5/185/xtal_74.cif,-57.351444,-53.758495
xtal_75.cif,./U3Si5/__initial__/185/xtal_75.cif,49.87982,82.3178
xtal_76.cif,./U3Si5/__initial__/185/xtal_76.cif,-44.91907,19.309752
xtal_77.cif,./U3Si5/__initial__/185/xtal_77.cif,26.991133,27.538046
xtal_78.cif,./U3Si5/__initial__/185/xtal_78.cif,26.257685,-1.3497775
xtal_79.cif,./U3Si5/__initial__/185/xtal_79.cif,5.3366523,42.322247
xtal_8.cif,./U3Si5/185/xtal_8.cif,-2.6047554,42.371483
xtal_80.cif,./U3Si5/185/xtal_80.cif,-68.508736,-74.03154
xtal_81.cif,./U3Si5/185/xtal_81.cif,-0.3564257,-52.798927
xtal_82.cif,./U3Si5/185/xtal_82.cif,9.002893,-6.284948
xtal_83.cif,./U3Si5/185/xtal_83.cif,-59.96014,-14.60654
xtal_84.cif,./U3Si5/__initial__/185/xtal_84.cif,-38.713745,-60.028957
xtal_85.cif,./U3Si5/185/xtal_85.cif,-50.5225,-28.84611
xtal_86.cif,./U3Si5/__initial__/185/xtal_86.cif,45.04225,35.622543
xtal_87.cif,./U3Si5/__initial__/185/xtal_87.cif,19.116657,70.138275
xtal_88.cif,./U3Si5/__initial__/185/xtal_88.cif,-6.3544316,14.922192
xtal_89.cif,./U3Si5/__initial__/185/xtal_89.cif,-63.216778,41.461678
xtal_9.cif,./U3Si5/__initial__/185/xtal_9.cif,26.655083,79.32276
xtal_90.cif,./U3Si5/185/xtal_90.cif,-56.42213,-80.22441
xtal_91.cif,./U3Si5/185/xtal_91.cif,-24.405107,-1.225649
xtal_92.cif,./U3Si5/__initial__/185/xtal_92.cif,28.886387,-16.28044
xtal_93.cif,./U3Si5/__initial__/185/xtal_93.cif,26.23272,48.75836
xtal_94.cif,./U3Si5/185/xtal_94.cif,30.91156,-29.24723
xtal_95.cif,./U3Si5/__initial__/185/xtal_95.cif,60.85784,58.906307
xtal_96.cif,./U3Si5/__initial__/185/xtal_96.cif,10.703767,62.55802
xtal_97.cif,./U3Si5/185/xtal_97.cif,-14.826344,-82.916695
xtal_98.cif,./U3Si5/__initial__/185/xtal_98.cif,26.33777,31.803476
xtal_99.cif,./U3Si5/185/xtal_99.cif,0.4239064,-80.914
xtal_1.cif,./U3Si5/__initial__/186/xtal_1.cif,30.789259,56.683018
xtal_10.cif,./U3Si5/__initial__/186/xtal_10.cif,44.365623,97.984924
xtal_100.cif,./U3Si5/186/xtal_100.cif,19.133009,-68.92004
xtal_11.cif,./U3Si5/__initial__/186/xtal_11.cif,-19.00562,33.523262
xtal_12.cif,./U3Si5/186/xtal_12.cif,12.864774,-0.5520123
xtal_13.cif,./U3Si5/186/xtal_13.cif,-42.7133,-15.172601
xtal_14.cif,./U3Si5/__initial__/186/xtal_14.cif,82.61485,40.401764
xtal_15.cif,./U3Si5/__initial__/186/xtal_15.cif,44.35154,88.86119
xtal_16.cif,./U3Si5/__initial__/186/xtal_16.cif,52.5252,83.72927
xtal_17.cif,./U3Si5/186/xtal_17.cif,-73.74598,-49.53111
xtal_18.cif,./U3Si5/186/xtal_18.cif,19.09171,-91.16263
xtal_19.cif,./U3Si5/__initial__/186/xtal_19.cif,20.058266,-72.06622
xtal_2.cif,./U3Si5/186/xtal_2.cif,-2.605147,-90.702385
xtal_20.cif,./U3Si5/186/xtal_20.cif,9.80105,-48.0116
xtal_21.cif,./U3Si5/186/xtal_21.cif,-8.384258,-14.060055
xtal_22.cif,./U3Si5/__initial__/186/xtal_22.cif,38.213398,-33.76686
xtal_23.cif,./U3Si5/186/xtal_23.cif,24.494543,34.91204
xtal_24.cif,./U3Si5/__initial__/186/xtal_24.cif,20.796278,5.92941
xtal_25.cif,./U3Si5/__initial__/186/xtal_25.cif,10.560397,59.77549
xtal_26.cif,./U3Si5/186/xtal_26.cif,-62.161713,-9.926916
xtal_27.cif,./U3Si5/186/xtal_27.cif,-57.4986,33.770805
xtal_28.cif,./U3Si5/__initial__/186/xtal_28.cif,-16.601961,0.95300925
xtal_29.cif,./U3Si5/__initial__/186/xtal_29.cif,-48.679474,5.3472977
xtal_3.cif,./U3Si5/__initial__/186/xtal_3.cif,63.3928,-6.71138
xtal_30.cif,./U3Si5/__initial__/186/xtal_30.cif,29.490438,40.06244
xtal_31.cif,./U3Si5/186/xtal_31.cif,38.852264,-81.63262
xtal_32.cif,./U3Si5/__initial__/186/xtal_32.cif,48.22975,21.817986
xtal_33.cif,./U3Si5/__initial__/186/xtal_33.cif,7.1656113,41.29133
xtal_34.cif,./U3Si5/186/xtal_34.cif,-20.94826,-22.748375
xtal_35.cif,./U3Si5/186/xtal_35.cif,-14.621219,-22.252008
xtal_36.cif,./U3Si5/__initial__/186/xtal_36.cif,24.846457,-45.829807
xtal_37.cif,./U3Si5/__initial__/186/xtal_37.cif,51.685715,73.98567
xtal_38.cif,./U3Si5/__initial__/186/xtal_38.cif,-34.35374,-36.50264
xtal_39.cif,./U3Si5/__initial__/186/xtal_39.cif,69.99228,-0.35074508
xtal_4.cif,./U3Si5/__initial__/186/xtal_4.cif,-23.775713,65.61993
xtal_40.cif,./U3Si5/__initial__/186/xtal_40.cif,86.58888,8.4548435
xtal_41.cif,./U3Si5/186/xtal_41.cif,25.601503,7.7359457
xtal_42.cif,./U3Si5/__initial__/186/xtal_42.cif,54.776886,-26.856022
xtal_43.cif,./U3Si5/__initial__/186/xtal_43.cif,-32.609543,-39.022003
xtal_44.cif,./U3Si5/__initial__/186/xtal_44.cif,-5.935563,13.096304
xtal_45.cif,./U3Si5/__initial__/186/xtal_45.cif,10.6165905,-79.47375
xtal_46.cif,./U3Si5/__initial__/186/xtal_46.cif,36.366787,-66.082016
xtal_47.cif,./U3Si5/__initial__/186/xtal_47.cif,-5.439211,70.71335
xtal_48.cif,./U3Si5/__initial__/186/xtal_48.cif,41.88817,-32.80681
xtal_49.cif,./U3Si5/__initial__/186/xtal_49.cif,-60.524292,34.0688
xtal_5.cif,./U3Si5/__initial__/186/xtal_5.cif,39.60174,59.59577
xtal_50.cif,./U3Si5/186/xtal_50.cif,-86.332695,-11.177334
xtal_51.cif,./U3Si5/__initial__/186/xtal_51.cif,72.984985,-67.045876
xtal_52.cif,./U3Si5/__initial__/186/xtal_52.cif,43.65308,34.78416
xtal_53.cif,./U3Si5/__initial__/186/xtal_53.cif,-37.076996,70.52431
xtal_54.cif,./U3Si5/186/xtal_54.cif,15.256363,-76.48612
xtal_55.cif,./U3Si5/186/xtal_55.cif,22.91456,-100.94931
xtal_56.cif,./U3Si5/__initial__/186/xtal_56.cif,80.61423,-65.28727
xtal_57.cif,./U3Si5/__initial__/186/xtal_57.cif,26.736897,80.09183
xtal_58.cif,./U3Si5/__initial__/186/xtal_58.cif,-23.132278,15.194402
xtal_59.cif,./U3Si5/__initial__/186/xtal_59.cif,43.292908,5.5991974
xtal_6.cif,./U3Si5/__initial__/186/xtal_6.cif,54.70006,-60.05051
xtal_60.cif,./U3Si5/186/xtal_60.cif,-80.173386,65.28007
xtal_61.cif,./U3Si5/__initial__/186/xtal_61.cif,20.14809,37.836292
xtal_62.cif,./U3Si5/__initial__/186/xtal_62.cif,-10.161998,-44.052383
xtal_63.cif,./U3Si5/186/xtal_63.cif,19.449738,0.48855653
xtal_64.cif,./U3Si5/186/xtal_64.cif,17.95055,7.478027
xtal_65.cif,./U3Si5/__initial__/186/xtal_65.cif,17.411985,89.358955
xtal_66.cif,./U3Si5/186/xtal_66.cif,5.4545374,106.84438
xtal_67.cif,./U3Si5/__initial__/186/xtal_67.cif,-21.03354,92.87438
xtal_68.cif,./U3Si5/186/xtal_68.cif,20.604204,-5.004657
xtal_69.cif,./U3Si5/186/xtal_69.cif,-51.67015,8.113088
xtal_7.cif,./U3Si5/__initial__/186/xtal_7.cif,-40.574677,-32.263702
xtal_70.cif,./U3Si5/186/xtal_70.cif,-10.399507,-78.10126
xtal_71.cif,./U3Si5/186/xtal_71.cif,15.074892,-75.83442
xtal_72.cif,./U3Si5/186/xtal_72.cif,2.946056,1.3131399
xtal_73.cif,./U3Si5/__initial__/186/xtal_73.cif,-58.964134,-15.24175
xtal_74.cif,./U3Si5/186/xtal_74.cif,1.8538557,1.1068512
xtal_75.cif,./U3Si5/__initial__/186/xtal_75.cif,45.422066,-27.0672
xtal_76.cif,./U3Si5/__initial__/186/xtal_76.cif,-39.273525,-21.078169
xtal_77.cif,./U3Si5/__initial__/186/xtal_77.cif,37.91597,-102.6538
xtal_78.cif,./U3Si5/__initial__/186/xtal_78.cif,-0.75561136,30.35984
xtal_79.cif,./U3Si5/__initial__/186/xtal_79.cif,95.067215,-5.057776
xtal_8.cif,./U3Si5/__initial__/186/xtal_8.cif,23.74157,-38.803978
xtal_80.cif,./U3Si5/__initial__/186/xtal_80.cif,67.923485,-84.44932
xtal_81.cif,./U3Si5/186/xtal_81.cif,-30.559423,69.57909
xtal_82.cif,./U3Si5/__initial__/186/xtal_82.cif,19.972208,16.162369
xtal_83.cif,./U3Si5/__initial__/186/xtal_83.cif,-49.480656,65.05942
xtal_84.cif,./U3Si5/186/xtal_84.cif,-69.217415,41.34755
xtal_85.cif,./U3Si5/__initial__/186/xtal_85.cif,43.857296,1.883453
xtal_86.cif,./U3Si5/__initial__/186/xtal_86.cif,49.1269,79.94551
xtal_87.cif,./U3Si5/__initial__/186/xtal_87.cif,41.816193,93.627174
xtal_88.cif,./U3Si5/__initial__/186/xtal_88.cif,42.05207,97.62703
xtal_89.cif,./U3Si5/__initial__/186/xtal_89.cif,6.9358115,12.496807
xtal_9.cif,./U3Si5/186/xtal_9.cif,18.092415,-87.00526
xtal_90.cif,./U3Si5/186/xtal_90.cif,-0.9721762,108.221565
xtal_91.cif,./U3Si5/__initial__/186/xtal_91.cif,57.91308,-86.02573
xtal_92.cif,./U3Si5/__initial__/186/xtal_92.cif,80.25457,56.632305
xtal_93.cif,./U3Si5/__initial__/186/xtal_93.cif,-29.908352,86.15419
xtal_94.cif,./U3Si5/__initial__/186/xtal_94.cif,-14.085302,90.69763
xtal_95.cif,./U3Si5/__initial__/186/xtal_95.cif,41.841488,62.498695
xtal_96.cif,./U3Si5/186/xtal_96.cif,37.947086,-91.820335
xtal_97.cif,./U3Si5/__initial__/186/xtal_97.cif,-36.006485,6.349818
xtal_98.cif,./U3Si5/__initial__/186/xtal_98.cif,94.83897,-33.41666
xtal_99.cif,./U3Si5/186/xtal_99.cif,-82.32534,-18.313555
xtal_1.cif,./U3Si5/187/xtal_1.cif,14.7844,9.914821
xtal_10.cif,./U3Si5/__initial__/187/xtal_10.cif,62.395554,-85.14099
xtal_100.cif,./U3Si5/187/xtal_100.cif,34.652767,-2.571637
xtal_11.cif,./U3Si5/__initial__/187/xtal_11.cif,31.499048,27.740198
xtal_12.cif,./U3Si5/__initial__/187/xtal_12.cif,104.069756,-19.827055
xtal_13.cif,./U3Si5/187/xtal_13.cif,36.564926,-46.993664
xtal_14.cif,./U3Si5/187/xtal_14.cif,-9.562781,-10.204608
xtal_15.cif,./U3Si5/187/xtal_15.cif,31.27555,21.081352
xtal_16.cif,./U3Si5/187/xtal_16.cif,9.756267,14.560302
xtal_17.cif,./U3Si5/__initial__/187/xtal_17.cif,41.876713,42.255283
xtal_18.cif,./U3Si5/__initial__/187/xtal_18.cif,70.070145,59.105488
xtal_19.cif,./U3Si5/__initial__/187/xtal_19.cif,-7.4754486,83.09388
xtal_2.cif,./U3Si5/__initial__/187/xtal_2.cif,48.65371,-4.42013
xtal_20.cif,./U3Si5/__initial__/187/xtal_20.cif,95.70508,58.870182
xtal_21.cif,./U3Si5/__initial__/187/xtal_21.cif,70.043625,9.848779
xtal_22.cif,./U3Si5/187/xtal_22.cif,61.500557,49.76073
xtal_23.cif,./U3Si5/187/xtal_23.cif,-57.145927,-14.70527
xtal_24.cif,./U3Si5/__initial__/187/xtal_24.cif,-81.02825,-42.231537
xtal_25.cif,./U3Si5/__initial__/187/xtal_25.cif,88.96779,9.939135
xtal_26.cif,./U3Si5/187/xtal_26.cif,73.468575,-67.540955
xtal_27.cif,./U3Si5/187/xtal_27.cif,17.643368,1.2537395
xtal_28.cif,./U3Si5/__initial__/187/xtal_28.cif,65.79538,51.26804
xtal_29.cif,./U3Si5/__initial__/187/xtal_29.cif,1.218106,37.78658
xtal_3.cif,./U3Si5/187/xtal_3.cif,-56.919907,23.142649
xtal_30.cif,./U3Si5/__initial__/187/xtal_30.cif,9.923701,88.29927
xtal_31.cif,./U3Si5/187/xtal_31.cif,-60.080612,-21.431112
xtal_32.cif,./U3Si5/187/xtal_32.cif,-60.762337,103.46553
xtal_33.cif,./U3Si5/187/xtal_33.cif,43.00551,-88.976494
xtal_34.cif,./U3Si5/__initial__/187/xtal_34.cif,3.6632147,50.035988
xtal_35.cif,./U3Si5/__initial__/187/xtal_35.cif,32.377544,53.994495
xtal_36.cif,./U3Si5/187/xtal_36.cif,-16.147457,-71.18496
xtal_37.cif,./U3Si5/__initial__/187/xtal_37.cif,42.520096,61.10547
xtal_38.cif,./U3Si5/187/xtal_38.cif,73.15733,-65.50143
xtal_39.cif,./U3Si5/187/xtal_39.cif,0.93719816,28.449703
xtal_4.cif,./U3Si5/__initial__/187/xtal_4.cif,62.6735,61.0236
xtal_40.cif,./U3Si5/__initial__/187/xtal_40.cif,62.586338,18.05663
xtal_41.cif,./U3Si5/187/xtal_41.cif,-18.157825,57.517403
xtal_42.cif,./U3Si5/187/xtal_42.cif,-53.917034,-73.227974
xtal_43.cif,./U3Si5/__initial__/187/xtal_43.cif,64.03371,-26.405493
xtal_44.cif,./U3Si5/187/xtal_44.cif,27.421965,57.499306
xtal_45.cif,./U3Si5/187/xtal_45.cif,8.43034,107.72796
xtal_46.cif,./U3Si5/__initial__/187/xtal_46.cif,-8.831579,90.15546
xtal_47.cif,./U3Si5/__initial__/187/xtal_47.cif,25.266424,54.797924
xtal_48.cif,./U3Si5/__initial__/187/xtal_48.cif,60.092484,-4.9323874
xtal_49.cif,./U3Si5/187/xtal_49.cif,-24.753918,-17.21186
xtal_5.cif,./U3Si5/__initial__/187/xtal_5.cif,-44.483173,-71.08128
xtal_50.cif,./U3Si5/187/xtal_50.cif,-18.497522,-36.590107
xtal_51.cif,./U3Si5/__initial__/187/xtal_51.cif,4.068903,64.73114
xtal_52.cif,./U3Si5/187/xtal_52.cif,96.55643,-17.251287
xtal_53.cif,./U3Si5/__initial__/187/xtal_53.cif,62.43508,45.098724
xtal_54.cif,./U3Si5/187/xtal_54.cif,-65.25133,-8.951328
xtal_55.cif,./U3Si5/187/xtal_55.cif,-12.624235,-86.94979
xtal_56.cif,./U3Si5/187/xtal_56.cif,-37.94411,-65.34819
xtal_57.cif,./U3Si5/__initial__/187/xtal_57.cif,43.028492,17.27359
xtal_58.cif,./U3Si5/187/xtal_58.cif,-39.704075,-44.254272
xtal_59.cif,./U3Si5/__initial__/187/xtal_59.cif,101.32317,-14.778798
xtal_6.cif,./U3Si5/187/xtal_6.cif,-36.08466,-61.234016
xtal_60.cif,./U3Si5/__initial__/187/xtal_60.cif,-57.35962,-38.885166
xtal_61.cif,./U3Si5/187/xtal_61.cif,14.358628,-21.9599
xtal_62.cif,./U3Si5/__initial__/187/xtal_62.cif,64.532364,-10.170775
xtal_63.cif,./U3Si5/187/xtal_63.cif,25.123842,16.27333
xtal_64.cif,./U3Si5/__initial__/187/xtal_64.cif,28.501175,-5.3820086
xtal_65.cif,./U3Si5/__initial__/187/xtal_65.cif,-4.1749024,14.193615
xtal_66.cif,./U3Si5/187/xtal_66.cif,20.99175,-34.676567
xtal_67.cif,./U3Si5/187/xtal_67.cif,-45.59739,-76.033104
xtal_68.cif,./U3Si5/187/xtal_68.cif,76.40784,-64.28865
xtal_69.cif,./U3Si5/__initial__/187/xtal_69.cif,36.93725,32.88632
xtal_7.cif,./U3Si5/187/xtal_7.cif,42.72358,2.2305214
xtal_70.cif,./U3Si5/__initial__/187/xtal_70.cif,109.04576,18.890764
xtal_71.cif,./U3Si5/__initial__/187/xtal_71.cif,-87.59018,12.300493
xtal_72.cif,./U3Si5/187/xtal_72.cif,-82.64381,-2.722354
xtal_73.cif,./U3Si5/__initial__/187/xtal_73.cif,-7.0383296,94.645615
xtal_74.cif,./U3Si5/187/xtal_74.cif,8.726672,-98.23925
xtal_75.cif,./U3Si5/187/xtal_75.cif,94.911804,-18.056133
xtal_76.cif,./U3Si5/__initial__/187/xtal_76.cif,0.63223344,28.411787
xtal_77.cif,./U3Si5/187/xtal_77.cif,92.71694,-52.65821
xtal_78.cif,./U3Si5/187/xtal_78.cif,15.597453,-12.854579
xtal_79.cif,./U3Si5/__initial__/187/xtal_79.cif,96.153496,17.224447
xtal_8.cif,./U3Si5/187/xtal_8.cif,6.2022805,-84.44273
xtal_80.cif,./U3Si5/__initial__/187/xtal_80.cif,-1.7782845,87.86674
xtal_81.cif,./U3Si5/__initial__/187/xtal_81.cif,83.29422,8.277761
xtal_82.cif,./U3Si5/187/xtal_82.cif,49.11464,-39.71852
xtal_83.cif,./U3Si5/__initial__/187/xtal_83.cif,42.78135,52.470478
xtal_84.cif,./U3Si5/__initial__/187/xtal_84.cif,40.70736,37.971493
xtal_85.cif,./U3Si5/__initial__/187/xtal_85.cif,72.55807,3.9203951
xtal_86.cif,./U3Si5/187/xtal_86.cif,-61.499363,-52.04905
xtal_87.cif,./U3Si5/__initial__/187/xtal_87.cif,32.213326,-42.609203
xtal_88.cif,./U3Si5/__initial__/187/xtal_88.cif,17.580929,41.784603
xtal_89.cif,./U3Si5/187/xtal_89.cif,0.5080592,-22.578222
xtal_9.cif,./U3Si5/187/xtal_9.cif,-50.064014,26.57971
xtal_90.cif,./U3Si5/187/xtal_90.cif,-84.043884,-6.441115
xtal_91.cif,./U3Si5/__initial__/187/xtal_91.cif,1.4036703,47.080875
xtal_92.cif,./U3Si5/__initial__/187/xtal_92.cif,45.98412,-8.40313
xtal_93.cif,./U3Si5/187/xtal_93.cif,-54.545013,-4.4725056
xtal_94.cif,./U3Si5/__initial__/187/xtal_94.cif,33.163292,4.120607
xtal_95.cif,./U3Si5/__initial__/187/xtal_95.cif,41.40342,47.73833
xtal_96.cif,./U3Si5/__initial__/187/xtal_96.cif,31.06704,-20.793394
xtal_97.cif,./U3Si5/__initial__/187/xtal_97.cif,-11.968672,82.78997
xtal_98.cif,./U3Si5/187/xtal_98.cif,-38.224606,6.0261793
xtal_99.cif,./U3Si5/__initial__/187/xtal_99.cif,-26.647873,39.116528
xtal_1.cif,./U3Si5/188/xtal_1.cif,3.6115656,-28.540602
xtal_10.cif,./U3Si5/188/xtal_10.cif,-61.486366,-18.34027
xtal_100.cif,./U3Si5/188/xtal_100.cif,-14.268909,7.594553
xtal_11.cif,./U3Si5/__initial__/188/xtal_11.cif,-18.952242,37.921253
xtal_12.cif,./U3Si5/__initial__/188/xtal_12.cif,-71.337105,56.525375
xtal_13.cif,./U3Si5/188/xtal_13.cif,1.2399483,-73.09052
xtal_14.cif,./U3Si5/__initial__/188/xtal_14.cif,17.483477,4.6031613
xtal_15.cif,./U3Si5/188/xtal_15.cif,-7.514015,-86.33562
xtal_16.cif,./U3Si5/__initial__/188/xtal_16.cif,79.08462,39.33535
xtal_17.cif,./U3Si5/188/xtal_17.cif,-7.543954,-22.293344
xtal_18.cif,./U3Si5/188/xtal_18.cif,19.41915,6.830056
xtal_19.cif,./U3Si5/__initial__/188/xtal_19.cif,96.3623,-9.377953
xtal_2.cif,./U3Si5/__initial__/188/xtal_2.cif,-63.881783,13.350084
xtal_20.cif,./U3Si5/__initial__/188/xtal_20.cif,45.96331,54.19234
xtal_21.cif,./U3Si5/__initial__/188/xtal_21.cif,-22.228434,36.319363
xtal_22.cif,./U3Si5/__initial__/188/xtal_22.cif,53.19596,62.17363
xtal_23.cif,./U3Si5/188/xtal_23.cif,-41.30275,-27.519814
xtal_24.cif,./U3Si5/__initial__/188/xtal_24.cif,47.63455,64.7996
xtal_25.cif,./U3Si5/__initial__/188/xtal_25.cif,21.617144,16.15643
xtal_26.cif,./U3Si5/__initial__/188/xtal_26.cif,26.382536,-15.348337
xtal_27.cif,./U3Si5/__initial__/188/xtal_27.cif,81.66136,29.733122
xtal_28.cif,./U3Si5/__initial__/188/xtal_28.cif,48.56598,6.9874144
xtal_29.cif,./U3Si5/__initial__/188/xtal_29.cif,97.01376,17.033613
xtal_3.cif,./U3Si5/__initial__/188/xtal_3.cif,23.29314,29.061598
xtal_30.cif,./U3Si5/__initial__/188/xtal_30.cif,53.938866,69.995705
xtal_31.cif,./U3Si5/__initial__/188/xtal_31.cif,6.016207,69.516785
xtal_32.cif,./U3Si5/__initial__/188/xtal_32.cif,74.130554,-54.441177
xtal_33.cif,./U3Si5/__initial__/188/xtal_33.cif,51.921726,-87.71914
xtal_34.cif,./U3Si5/__initial__/188/xtal_34.cif,-21.633018,39.14818
xtal_35.cif,./U3Si5/__initial__/188/xtal_35.cif,84.57648,59.854687
xtal_36.cif,./U3Si5/188/xtal_36.cif,18.167158,36.965023
xtal_37.cif,./U3Si5/__initial__/188/xtal_37.cif,27.893341,35.094833
xtal_38.cif,./U3Si5/188/xtal_38.cif,-69.752205,-42.391438
xtal_39.cif,./U3Si5/__initial__/188/xtal_39.cif,14.780524,-22.031624
xtal_4.cif,./U3Si5/__initial__/188/xtal_4.cif,-18.436766,85.64122
xtal_40.cif,./U3Si5/__initial__/188/xtal_40.cif,38.01686,50.8904
xtal_41.cif,./U3Si5/__initial__/188/xtal_41.cif,57.48139,24.440088
xtal_42.cif,./U3Si5/188/xtal_42.cif,-7.981504,-84.66418
xtal_43.cif,./U3Si5/__initial__/188/xtal_43.cif,46.36697,56.12601
xtal_44.cif,./U3Si5/188/xtal_44.cif,-82.52609,-9.32788
xtal_45.cif,./U3Si5/__initial__/188/xtal_45.cif,29.27967,59.902565
xtal_46.cif,./U3Si5/__initial__/188/xtal_46.cif,24.000307,-5.651915
xtal_47.cif,./U3Si5/__initial__/188/xtal_47.cif,39.24424,28.01361
xtal_48.cif,./U3Si5/__initial__/188/xtal_48.cif,0.43404847,-14.058723
xtal_49.cif,./U3Si5/188/xtal_49.cif,69.2468,-73.52587
xtal_5.cif,./U3Si5/__initial__/188/xtal_5.cif,40.3249,28.945843
xtal_50.cif,./U3Si5/__initial__/188/xtal_50.cif,-45.530273,-32.68574
xtal_51.cif,./U3Si5/__initial__/188/xtal_51.cif,-34.03413,55.888622
xtal_52.cif,./U3Si5/__initial__/188/xtal_52.cif,-57.397934,-25.080614
xtal_53.cif,./U3Si5/__initial__/188/xtal_53.cif,60.654564,79.031685
xtal_54.cif,./U3Si5/188/xtal_54.cif,-49.18474,-63.918552
xtal_55.cif,./U3Si5/__initial__/188/xtal_55.cif,-30.261702,90.46336
xtal_56.cif,./U3Si5/188/xtal_56.cif,82.0677,-72.240074
xtal_57.cif,./U3Si5/__initial__/188/xtal_57.cif,89.17195,55.651955
xtal_58.cif,./U3Si5/__initial__/188/xtal_58.cif,-35.90393,-38.6376
xtal_59.cif,./U3Si5/__initial__/188/xtal_59.cif,53.223557,62.028004
xtal_6.cif,./U3Si5/__initial__/188/xtal_6.cif,66.13125,-20.697405
xtal_60.cif,./U3Si5/__initial__/188/xtal_60.cif,83.13976,8.4973135
xtal_61.cif,./U3Si5/__initial__/188/xtal_61.cif,45.63282,35.70794
xtal_62.cif,./U3Si5/__initial__/188/xtal_62.cif,81.820366,-65.893974
xtal_63.cif,./U3Si5/__initial__/188/xtal_63.cif,77.509056,-76.34192
xtal_64.cif,./U3Si5/__initial__/188/xtal_64.cif,88.07282,1.0737145
xtal_65.cif,./U3Si5/__initial__/188/xtal_65.cif,29.94748,59.90036
xtal_66.cif,./U3Si5/__initial__/188/xtal_66.cif,73.0765,9.227103
xtal_67.cif,./U3Si5/__initial__/188/xtal_67.cif,62.398403,19.686518
xtal_68.cif,./U3Si5/__initial__/188/xtal_68.cif,51.414326,64.87262
xtal_69.cif,./U3Si5/__initial__/188/xtal_69.cif,-72.92634,54.3107
xtal_7.cif,./U3Si5/__initial__/188/xtal_7.cif,-24.012493,43.48552
xtal_70.cif,./U3Si5/__initial__/188/xtal_70.cif,81.18826,47.48239
xtal_71.cif,./U3Si5/__initial__/188/xtal_71.cif,48.15858,57.728653
xtal_72.cif,./U3Si5/188/xtal_72.cif,83.27689,-73.650314
xtal_73.cif,./U3Si5/188/xtal_73.cif,33.291603,-85.76917
xtal_74.cif,./U3Si5/__initial__/188/xtal_74.cif,-64.6001,14.538776
xtal_75.cif,./U3Si5/__initial__/188/xtal_75.cif,-62.159042,77.16635
xtal_76.cif,./U3Si5/__initial__/188/xtal_76.cif,34.78702,54.759438
xtal_77.cif,./U3Si5/__initial__/188/xtal_77.cif,103.14754,21.111864
xtal_78.cif,./U3Si5/__initial__/188/xtal_78.cif,58.516674,-30.662193
xtal_79.cif,./U3Si5/__initial__/188/xtal_79.cif,42.029854,1.0376892
xtal_8.cif,./U3Si5/__initial__/188/xtal_8.cif,93.385735,65.88617
xtal_80.cif,./U3Si5/__initial__/188/xtal_80.cif,71.15837,-11.708851
xtal_81.cif,./U3Si5/188/xtal_81.cif,-79.48924,-1.8776435
xtal_82.cif,./U3Si5/__initial__/188/xtal_82.cif,88.258286,-30.679188
xtal_83.cif,./U3Si5/__initial__/188/xtal_83.cif,-64.17022,27.926645
xtal_84.cif,./U3Si5/__initial__/188/xtal_84.cif,46.53609,40.858765
xtal_85.cif,./U3Si5/__initial__/188/xtal_85.cif,-10.2086525,-24.724257
xtal_86.cif,./U3Si5/188/xtal_86.cif,85.285225,-68.30568
xtal_87.cif,./U3Si5/188/xtal_87.cif,3.577561,-19.04954
xtal_88.cif,./U3Si5/__initial__/188/xtal_88.cif,0.55103797,87.68784
xtal_89.cif,./U3Si5/__initial__/188/xtal_89.cif,76.64011,-37.92205
xtal_9.cif,./U3Si5/188/xtal_9.cif,-72.978264,-30.506561
xtal_90.cif,./U3Si5/__initial__/188/xtal_90.cif,112.020546,0.82962304
xtal_91.cif,./U3Si5/188/xtal_91.cif,18.52236,-61.38113
xtal_92.cif,./U3Si5/__initial__/188/xtal_92.cif,45.058212,55.125515
xtal_93.cif,./U3Si5/188/xtal_93.cif,14.09617,-11.74402
xtal_94.cif,./U3Si5/188/xtal_94.cif,-2.6298683,-57.911217
xtal_95.cif,./U3Si5/__initial__/188/xtal_95.cif,-68.666504,75.284775
xtal_96.cif,./U3Si5/__initial__/188/xtal_96.cif,26.663277,-8.1609
xtal_97.cif,./U3Si5/__initial__/188/xtal_97.cif,94.10977,-2.3203366
xtal_98.cif,./U3Si5/__initial__/188/xtal_98.cif,-51.095005,30.836609
xtal_99.cif,./U3Si5/__initial__/188/xtal_99.cif,-13.716651,-94.83093
xtal_1.cif,./U3Si5/__initial__/189/xtal_1.cif,31.301735,-50.560837
xtal_10.cif,./U3Si5/__initial__/189/xtal_10.cif,-21.355762,-70.30947
xtal_100.cif,./U3Si5/__initial__/189/xtal_100.cif,82.27985,56.49503
xtal_11.cif,./U3Si5/__initial__/189/xtal_11.cif,-56.3422,34.2955
xtal_12.cif,./U3Si5/__initial__/189/xtal_12.cif,47.465477,-26.649363
xtal_13.cif,./U3Si5/189/xtal_13.cif,-89.24094,-51.968597
xtal_14.cif,./U3Si5/__initial__/189/xtal_14.cif,36.798046,49.384888
xtal_15.cif,./U3Si5/189/xtal_15.cif,-79.46056,-2.867756
xtal_16.cif,./U3Si5/__initial__/189/xtal_16.cif,84.30184,-31.61199
xtal_17.cif,./U3Si5/189/xtal_17.cif,36.232483,33.108795
xtal_18.cif,./U3Si5/__initial__/189/xtal_18.cif,97.5624,31.4289
xtal_19.cif,./U3Si5/__initial__/189/xtal_19.cif,-10.486788,98.21569
xtal_2.cif,./U3Si5/__initial__/189/xtal_2.cif,9.208761,44.58169
xtal_20.cif,./U3Si5/__initial__/189/xtal_20.cif,57.942764,6.7232847
xtal_21.cif,./U3Si5/__initial__/189/xtal_21.cif,54.93928,-17.949795
xtal_22.cif,./U3Si5/__initial__/189/xtal_22.cif,65.79381,-23.12053
xtal_23.cif,./U3Si5/__initial__/189/xtal_23.cif,26.3235,-3.7661989
xtal_24.cif,./U3Si5/__initial__/189/xtal_24.cif,46.089935,62.873924
xtal_25.cif,./U3Si5/__initial__/189/xtal_25.cif,-86.61746,7.123535
xtal_26.cif,./U3Si5/__initial__/189/xtal_26.cif,73.70093,-74.19284
xtal_27.cif,./U3Si5/189/xtal_27.cif,-32.41143,0.863314
xtal_28.cif,./U3Si5/__initial__/189/xtal_28.cif,37.061726,49.01541
xtal_29.cif,./U3Si5/__initial__/189/xtal_29.cif,87.71934,44.164192
xtal_3.cif,./U3Si5/189/xtal_3.cif,-32.94516,-93.69081
xtal_30.cif,./U3Si5/__initial__/189/xtal_30.cif,49.907936,-40.19833
xtal_31.cif,./U3Si5/__initial__/189/xtal_31.cif,4.2727814,-38.602882
xtal_32.cif,./U3Si5/__initial__/189/xtal_32.cif,46.583122,19.56746
xtal_33.cif,./U3Si5/__initial__/189/xtal_33.cif,-38.6566,34.086136
xtal_34.cif,./U3Si5/__initial__/189/xtal_34.cif,59.226128,-18.876877
xtal_35.cif,./U3Si5/__initial__/189/xtal_35.cif,-44.820503,1.939918
xtal_36.cif,./U3Si5/__initial__/189/xtal_36.cif,96.52016,20.245531
xtal_37.cif,./U3Si5/__initial__/189/xtal_37.cif,68.512665,5.8984227
xtal_38.cif,./U3Si5/__initial__/189/xtal_38.cif,-29.113209,107.3482
xtal_39.cif,./U3Si5/__initial__/189/xtal_39.cif,84.94001,50.778004
xtal_4.cif,./U3Si5/__initial__/189/xtal_4.cif,-64.1022,27.417734
xtal_40.cif,./U3Si5/__initial__/189/xtal_40.cif,38.93959,-35.013714
xtal_41.cif,./U3Si5/__initial__/189/xtal_41.cif,-17.64357,-19.883148
xtal_42.cif,./U3Si5/189/xtal_42.cif,-0.81978494,4.30839
xtal_43.cif,./U3Si5/189/xtal_43.cif,6.3096437,-55.40814
xtal_44.cif,./U3Si5/__initial__/189/xtal_44.cif,-29.473688,-80.24951
xtal_45.cif,./U3Si5/189/xtal_45.cif,-22.832106,106.741356
xtal_46.cif,./U3Si5/__initial__/189/xtal_46.cif,103.33253,3.9757843
xtal_47.cif,./U3Si5/__initial__/189/xtal_47.cif,34.822807,45.901405
xtal_48.cif,./U3Si5/__initial__/189/xtal_48.cif,48.443966,17.957333
xtal_49.cif,./U3Si5/__initial__/189/xtal_49.cif,6.8638625,-86.79623
xtal_5.cif,./U3Si5/189/xtal_5.cif,-87.38231,24.016665
xtal_50.cif,./U3Si5/__initial__/189/xtal_50.cif,-74.40855,-29.576525
xtal_51.cif,./U3Si5/189/xtal_51.cif,-96.55193,24.53969
xtal_52.cif,./U3Si5/189/xtal_52.cif,48.303837,-11.735236
xtal_53.cif,./U3Si5/__initial__/189/xtal_53.cif,69.99799,-68.17714
xtal_54.cif,./U3Si5/__initial__/189/xtal_54.cif,-35.82104,97.81893
xtal_55.cif,./U3Si5/__initial__/189/xtal_55.cif,-35.281666,49.005127
xtal_56.cif,./U3Si5/__initial__/189/xtal_56.cif,26.484941,16.80525
xtal_57.cif,./U3Si5/__initial__/189/xtal_57.cif,3.0836122,44.841255
xtal_58.cif,./U3Si5/__initial__/189/xtal_58.cif,75.582085,58.83821
xtal_59.cif,./U3Si5/__initial__/189/xtal_59.cif,-29.946001,36.13642
xtal_6.cif,./U3Si5/__initial__/189/xtal_6.cif,23.016598,-13.232873
xtal_60.cif,./U3Si5/__initial__/189/xtal_60.cif,90.244064,57.484764
xtal_61.cif,./U3Si5/__initial__/189/xtal_61.cif,72.957855,11.997513
xtal_62.cif,./U3Si5/__initial__/189/xtal_62.cif,9.685503,28.528791
xtal_63.cif,./U3Si5/__initial__/189/xtal_63.cif,30.803215,47.874676
xtal_64.cif,./U3Si5/189/xtal_64.cif,-75.92944,71.44028
xtal_65.cif,./U3Si5/__initial__/189/xtal_65.cif,95.38429,73.265915
xtal_66.cif,./U3Si5/189/xtal_66.cif,4.8458767,107.64048
xtal_67.cif,./U3Si5/__initial__/189/xtal_67.cif,50.55969,-80.518616
xtal_68.cif,./U3Si5/__initial__/189/xtal_68.cif,33.21605,-16.95377
xtal_69.cif,./U3Si5/__initial__/189/xtal_69.cif,-10.571347,98.25108
xtal_7.cif,./U3Si5/__initial__/189/xtal_7.cif,12.7791,-11.936654
xtal_70.cif,./U3Si5/__initial__/189/xtal_70.cif,-28.061428,93.05084
xtal_71.cif,./U3Si5/__initial__/189/xtal_71.cif,18.170506,-101.40345
xtal_72.cif,./U3Si5/__initial__/189/xtal_72.cif,-34.215347,41.879696
xtal_73.cif,./U3Si5/189/xtal_73.cif,47.6035,-75.02582
xtal_74.cif,./U3Si5/189/xtal_74.cif,-83.87796,2.622967
xtal_75.cif,./U3Si5/__initial__/189/xtal_75.cif,26.450354,-73.528435
xtal_76.cif,./U3Si5/__initial__/189/xtal_76.cif,-61.010593,-12.04744
xtal_77.cif,./U3Si5/__initial__/189/xtal_77.cif,-2.181766,-18.757502
xtal_78.cif,./U3Si5/__initial__/189/xtal_78.cif,-19.096724,-7.074848
xtal_79.cif,./U3Si5/__initial__/189/xtal_79.cif,11.718007,65.814445
xtal_8.cif,./U3Si5/__initial__/189/xtal_8.cif,-33.438637,-39.796124
xtal_80.cif,./U3Si5/__initial__/189/xtal_80.cif,53.836433,19.331789
xtal_81.cif,./U3Si5/__initial__/189/xtal_81.cif,2.115823,96.60184
xtal_82.cif,./U3Si5/__initial__/189/xtal_82.cif,-61.591393,16.87972
xtal_83.cif,./U3Si5/__initial__/189/xtal_83.cif,96.887886,56.408062
xtal_84.cif,./U3Si5/__initial__/189/xtal_84.cif,31.308924,-10.877954
xtal_85.cif,./U3Si5/__initial__/189/xtal_85.cif,23.456501,43.23536
xtal_86.cif,./U3Si5/189/xtal_86.cif,32.87392,-54.38782
xtal_87.cif,./U3Si5/189/xtal_87.cif,-58.759182,-30.72646
xtal_88.cif,./U3Si5/__initial__/189/xtal_88.cif,94.97994,65.09429
xtal_89.cif,./U3Si5/189/xtal_89.cif,-72.04373,-29.053572
xtal_9.cif,./U3Si5/__initial__/189/xtal_9.cif,70.97212,21.428026
xtal_90.cif,./U3Si5/__initial__/189/xtal_90.cif,-41.177464,96.97335
xtal_91.cif,./U3Si5/__initial__/189/xtal_91.cif,10.343314,78.33401
xtal_92.cif,./U3Si5/__initial__/189/xtal_92.cif,31.81419,23.609045
xtal_93.cif,./U3Si5/__initial__/189/xtal_93.cif,85.56507,25.959446
xtal_94.cif,./U3Si5/__initial__/189/xtal_94.cif,59.172462,-18.853033
xtal_95.cif,./U3Si5/__initial__/189/xtal_95.cif,88.96622,8.090436
xtal_96.cif,./U3Si5/__initial__/189/xtal_96.cif,-29.483627,93.17459
xtal_97.cif,./U3Si5/__initial__/189/xtal_97.cif,98.64835,43.278538
xtal_98.cif,./U3Si5/__initial__/189/xtal_98.cif,94.34306,46.19229
xtal_99.cif,./U3Si5/189/xtal_99.cif,-45.543613,-70.742805
xtal_1.cif,./U3Si5/__initial__/190/xtal_1.cif,-16.558992,4.0083375
xtal_10.cif,./U3Si5/__initial__/190/xtal_10.cif,2.0657818,86.781586
xtal_100.cif,./U3Si5/__initial__/190/xtal_100.cif,60.385677,-21.29122
xtal_11.cif,./U3Si5/__initial__/190/xtal_11.cif,7.4076366,93.60752
xtal_12.cif,./U3Si5/190/xtal_12.cif,-58.324993,-32.974197
xtal_13.cif,./U3Si5/__initial__/190/xtal_13.cif,-4.7426248,-94.8516
xtal_14.cif,./U3Si5/__initial__/190/xtal_14.cif,-7.555782,77.315796
xtal_15.cif,./U3Si5/__initial__/190/xtal_15.cif,-23.020653,2.8467028
xtal_16.cif,./U3Si5/__initial__/190/xtal_16.cif,88.609634,-11.93732
xtal_17.cif,./U3Si5/__initial__/190/xtal_17.cif,86.080734,-23.723892
xtal_18.cif,./U3Si5/__initial__/190/xtal_18.cif,38.39059,-54.650856
xtal_19.cif,./U3Si5/__initial__/190/xtal_19.cif,-2.911343,-18.11322
xtal_2.cif,./U3Si5/__initial__/190/xtal_2.cif,69.96814,-63.460194
xtal_20.cif,./U3Si5/__initial__/190/xtal_20.cif,-14.597699,-27.13074
xtal_21.cif,./U3Si5/__initial__/190/xtal_21.cif,-90.64246,29.526886
xtal_22.cif,./U3Si5/__initial__/190/xtal_22.cif,18.307487,-16.170408
xtal_23.cif,./U3Si5/__initial__/190/xtal_23.cif,6.4443817,-84.72655
xtal_24.cif,./U3Si5/__initial__/190/xtal_24.cif,-28.662775,10.367065
xtal_25.cif,./U3Si5/__initial__/190/xtal_25.cif,56.56182,-27.354029
xtal_26.cif,./U3Si5/190/xtal_26.cif,-83.58433,-5.9327316
xtal_27.cif,./U3Si5/__initial__/190/xtal_27.cif,-20.543318,-64.01023
xtal_28.cif,./U3Si5/__initial__/190/xtal_28.cif,-65.548584,42.150272
xtal_29.cif,./U3Si5/__initial__/190/xtal_29.cif,58.49564,-26.479803
xtal_3.cif,./U3Si5/__initial__/190/xtal_3.cif,53.933964,66.62424
xtal_30.cif,./U3Si5/__initial__/190/xtal_30.cif,105.8035,-37.410767
xtal_31.cif,./U3Si5/__initial__/190/xtal_31.cif,53.912598,69.06154
xtal_32.cif,./U3Si5/__initial__/190/xtal_32.cif,-7.3907957,42.877396
xtal_33.cif,./U3Si5/__initial__/190/xtal_33.cif,17.980803,-69.37245
xtal_34.cif,./U3Si5/__initial__/190/xtal_34.cif,28.167068,-56.559998
xtal_35.cif,./U3Si5/__initial__/190/xtal_35.cif,17.697126,46.39897
xtal_36.cif,./U3Si5/__initial__/190/xtal_36.cif,93.33764,59.3887
xtal_37.cif,./U3Si5/__initial__/190/xtal_37.cif,-16.885214,-70.70207
xtal_38.cif,./U3Si5/__initial__/190/xtal_38.cif,49.231365,17.929996
xtal_39.cif,./U3Si5/__initial__/190/xtal_39.cif,60.93486,17.49048
xtal_4.cif,./U3Si5/__initial__/190/xtal_4.cif,30.05556,-7.0803566
xtal_40.cif,./U3Si5/__initial__/190/xtal_40.cif,6.975563,42.989582
xtal_41.cif,./U3Si5/__initial__/190/xtal_41.cif,49.648533,70.14321
xtal_42.cif,./U3Si5/__initial__/190/xtal_42.cif,-47.374638,35.616043
xtal_43.cif,./U3Si5/__initial__/190/xtal_43.cif,-19.309044,-24.898767
xtal_44.cif,./U3Si5/__initial__/190/xtal_44.cif,22.132935,9.793377
xtal_45.cif,./U3Si5/__initial__/190/xtal_45.cif,49.543106,-52.08873
xtal_46.cif,./U3Si5/__initial__/190/xtal_46.cif,79.29874,39.37956
xtal_47.cif,./U3Si5/__initial__/190/xtal_47.cif,-11.577698,-70.5928
xtal_48.cif,./U3Si5/__initial__/190/xtal_48.cif,-16.377106,-102.35982
xtal_49.cif,./U3Si5/__initial__/190/xtal_49.cif,76.429634,-67.547874
xtal_5.cif,./U3Si5/__initial__/190/xtal_5.cif,74.70589,8.423058
xtal_50.cif,./U3Si5/__initial__/190/xtal_50.cif,42.234207,60.537296
xtal_51.cif,./U3Si5/__initial__/190/xtal_51.cif,-40.347404,14.851709
xtal_52.cif,./U3Si5/__initial__/190/xtal_52.cif,43.35241,54.475048
xtal_53.cif,./U3Si5/__initial__/190/xtal_53.cif,42.431717,38.96711
xtal_54.cif,./U3Si5/__initial__/190/xtal_54.cif,-5.202802,67.589035
xtal_55.cif,./U3Si5/190/xtal_55.cif,-81.26577,-33.581127
xtal_56.cif,./U3Si5/__initial__/190/xtal_56.cif,-38.09691,-75.817474
xtal_57.cif,./U3Si5/__initial__/190/xtal_57.cif,42.494614,-56.210632
xtal_58.cif,./U3Si5/__initial__/190/xtal_58.cif,94.42077,62.986908
xtal_59.cif,./U3Si5/__initial__/190/xtal_59.cif,17.307535,-65.25182
xtal_6.cif,./U3Si5/__initial__/190/xtal_6.cif,63.54823,-24.099953
xtal_60.cif,./U3Si5/190/xtal_60.cif,-75.47414,62.42889
xtal_61.cif,./U3Si5/__initial__/190/xtal_61.cif,-29.04376,21.30387
xtal_62.cif,./U3Si5/__initial__/190/xtal_62.cif,-107.27593,10.002733
xtal_63.cif,./U3Si5/__initial__/190/xtal_63.cif,-82.85939,55.34066
xtal_64.cif,./U3Si5/__initial__/190/xtal_64.cif,-15.276298,57.830154
xtal_65.cif,./U3Si5/__initial__/190/xtal_65.cif,54.455906,69.7708
xtal_66.cif,./U3Si5/__initial__/190/xtal_66.cif,92.25344,-65.59996
xtal_67.cif,./U3Si5/__initial__/190/xtal_67.cif,-7.681588,-55.17075
xtal_68.cif,./U3Si5/__initial__/190/xtal_68.cif,-44.107132,20.67406
xtal_69.cif,./U3Si5/__initial__/190/xtal_69.cif,-71.90788,10.029307
xtal_7.cif,./U3Si5/__initial__/190/xtal_7.cif,-55.988533,-53.374546
xtal_70.cif,./U3Si5/__initial__/190/xtal_70.cif,-69.691154,-13.698242
xtal_71.cif,./U3Si5/__initial__/190/xtal_71.cif,58.565197,30.146431
xtal_72.cif,./U3Si5/__initial__/190/xtal_72.cif,85.7885,5.169226
xtal_73.cif,./U3Si5/190/xtal_73.cif,-14.288448,29.329687
xtal_74.cif,./U3Si5/__initial__/190/xtal_74.cif,6.2239237,-60.092293
xtal_75.cif,./U3Si5/190/xtal_75.cif,-37.03556,-9.817944
xtal_76.cif,./U3Si5/__initial__/190/xtal_76.cif,-53.806126,-19.271744
xtal_77.cif,./U3Si5/__initial__/190/xtal_77.cif,42.24025,36.670883
xtal_78.cif,./U3Si5/__initial__/190/xtal_78.cif,47.18829,11.206142
xtal_79.cif,./U3Si5/__initial__/190/xtal_79.cif,17.781973,-17.437334
xtal_8.cif,./U3Si5/__initial__/190/xtal_8.cif,94.88962,-22.447943
xtal_80.cif,./U3Si5/__initial__/190/xtal_80.cif,30.915884,21.580608
xtal_81.cif,./U3Si5/__initial__/190/xtal_81.cif,42.852837,-88.26744
xtal_82.cif,./U3Si5/__initial__/190/xtal_82.cif,78.31114,-40.299988
xtal_83.cif,./U3Si5/__initial__/190/xtal_83.cif,43.902824,54.5564
xtal_84.cif,./U3Si5/__initial__/190/xtal_84.cif,29.530891,-0.12109204
xtal_85.cif,./U3Si5/__initial__/190/xtal_85.cif,71.74487,-69.62293
xtal_86.cif,./U3Si5/__initial__/190/xtal_86.cif,-32.242233,-91.58381
xtal_87.cif,./U3Si5/__initial__/190/xtal_87.cif,22.035679,-5.515238
xtal_88.cif,./U3Si5/__initial__/190/xtal_88.cif,54.91189,-16.969625
xtal_89.cif,./U3Si5/__initial__/190/xtal_89.cif,31.119207,52.248
xtal_9.cif,./U3Si5/__initial__/190/xtal_9.cif,36.190098,25.801083
xtal_90.cif,./U3Si5/__initial__/190/xtal_90.cif,29.585535,-31.423872
xtal_91.cif,./U3Si5/__initial__/190/xtal_91.cif,38.251602,39.82627
xtal_92.cif,./U3Si5/__initial__/190/xtal_92.cif,-24.71239,-10.087455
xtal_93.cif,./U3Si5/__initial__/190/xtal_93.cif,61.72164,-26.168844
xtal_94.cif,./U3Si5/__initial__/190/xtal_94.cif,-27.438591,78.4846
xtal_95.cif,./U3Si5/__initial__/190/xtal_95.cif,48.727158,-42.398777
xtal_96.cif,./U3Si5/190/xtal_96.cif,-78.658066,-34.899094
xtal_97.cif,./U3Si5/__initial__/190/xtal_97.cif,39.270523,60.406216
xtal_98.cif,./U3Si5/__initial__/190/xtal_98.cif,-16.786343,-58.24373
xtal_99.cif,./U3Si5/__initial__/190/xtal_99.cif,49.585274,-80.53848
xtal_1.cif,./U3Si5/__initial__/191/xtal_1.cif,79.37784,47.504227
xtal_10.cif,./U3Si5/__initial__/191/xtal_10.cif,-62.954987,30.003462
xtal_100.cif,./U3Si5/__initial__/191/xtal_100.cif,59.182636,50.873375
xtal_11.cif,./U3Si5/191/xtal_11.cif,16.52316,-104.54299
xtal_12.cif,./U3Si5/191/xtal_12.cif,33.040504,-56.18646
xtal_13.cif,./U3Si5/__initial__/191/xtal_13.cif,60.031136,48.55657
xtal_14.cif,./U3Si5/__initial__/191/xtal_14.cif,13.90377,91.69677
xtal_15.cif,./U3Si5/__initial__/191/xtal_15.cif,47.493248,19.911118
xtal_16.cif,./U3Si5/191/xtal_16.cif,81.53205,-49.184273
xtal_17.cif,./U3Si5/__initial__/191/xtal_17.cif,47.909077,14.869794
xtal_18.cif,./U3Si5/__initial__/191/xtal_18.cif,-29.626228,-1.1593297
xtal_19.cif,./U3Si5/191/xtal_19.cif,29.925842,-81.48771
xtal_2.cif,./U3Si5/191/xtal_2.cif,-3.8804662,-70.739075
xtal_20.cif,./U3Si5/__initial__/191/xtal_20.cif,60.6535,50.01962
xtal_21.cif,./U3Si5/__initial__/191/xtal_21.cif,105.09338,29.07204
xtal_22.cif,./U3Si5/__initial__/191/xtal_22.cif,57.19965,-10.397667
xtal_23.cif,./U3Si5/__initial__/191/xtal_23.cif,72.35976,7.1959434
xtal_24.cif,./U3Si5/__initial__/191/xtal_24.cif,-10.304296,16.287779
xtal_25.cif,./U3Si5/__initial__/191/xtal_25.cif,-10.615123,81.20375
xtal_26.cif,./U3Si5/__initial__/191/xtal_26.cif,88.764145,11.754224
xtal_27.cif,./U3Si5/191/xtal_27.cif,32.930748,-50.877174
xtal_28.cif,./U3Si5/__initial__/191/xtal_28.cif,60.987503,-73.61566
xtal_29.cif,./U3Si5/__initial__/191/xtal_29.cif,70.29123,40.288578
xtal_3.cif,./U3Si5/__initial__/191/xtal_3.cif,-46.348778,-40.41477
xtal_30.cif,./U3Si5/__initial__/191/xtal_30.cif,79.89217,-57.032684
xtal_31.cif,./U3Si5/__initial__/191/xtal_31.cif,66.45436,-16.41042
xtal_32.cif,./U3Si5/__initial__/191/xtal_32.cif,68.45436,-77.96063
xtal_33.cif,./U3Si5/__initial__/191/xtal_33.cif,-57.647457,23.077795
xtal_34.cif,./U3Si5/__initial__/191/xtal_34.cif,-13.68881,77.42484
xtal_35.cif,./U3Si5/__initial__/191/xtal_35.cif,-46.90667,-38.470177
xtal_36.cif,./U3Si5/191/xtal_36.cif,-45.258347,6.923845
xtal_37.cif,./U3Si5/__initial__/191/xtal_37.cif,-31.803585,30.328588
xtal_38.cif,./U3Si5/__initial__/191/xtal_38.cif,95.50768,41.329372
xtal_39.cif,./U3Si5/__initial__/191/xtal_39.cif,73.97528,11.426871
xtal_4.cif,./U3Si5/191/xtal_4.cif,-18.486292,70.97678
xtal_40.cif,./U3Si5/__initial__/191/xtal_40.cif,5.9848223,-62.661648
xtal_41.cif,./U3Si5/191/xtal_41.cif,-67.087654,-11.891992
xtal_42.cif,./U3Si5/__initial__/191/xtal_42.cif,-65.429245,31.07441
xtal_43.cif,./U3Si5/191/xtal_43.cif,107.08484,-27.996014
xtal_44.cif,./U3Si5/__initial__/191/xtal_44.cif,48.272263,-31.133932
xtal_45.cif,./U3Si5/191/xtal_45.cif,-34.20368,13.559203
xtal_46.cif,./U3Si5/__initial__/191/xtal_46.cif,-34.21739,-42.067875
xtal_47.cif,./U3Si5/__initial__/191/xtal_47.cif,65.260544,3.4411514
xtal_48.cif,./U3Si5/191/xtal_48.cif,-39.23723,63.06277
xtal_49.cif,./U3Si5/191/xtal_49.cif,58.96206,-59.955883
xtal_5.cif,./U3Si5/__initial__/191/xtal_5.cif,-17.538202,61.8577
xtal_50.cif,./U3Si5/191/xtal_50.cif,-80.42438,-2.3390012
xtal_51.cif,./U3Si5/__initial__/191/xtal_51.cif,76.719666,52.569626
xtal_52.cif,./U3Si5/191/xtal_52.cif,9.988622,-103.54761
xtal_53.cif,./U3Si5/__initial__/191/xtal_53.cif,70.5209,-53.61862
xtal_54.cif,./U3Si5/191/xtal_54.cif,12.459474,-105.55268
xtal_55.cif,./U3Si5/__initial__/191/xtal_55.cif,94.960655,65.01902
xtal_56.cif,./U3Si5/__initial__/191/xtal_56.cif,87.96406,69.332306
xtal_57.cif,./U3Si5/__initial__/191/xtal_57.cif,73.05896,59.27078
xtal_58.cif,./U3Si5/__initial__/191/xtal_58.cif,28.217508,-39.836185
xtal_59.cif,./U3Si5/__initial__/191/xtal_59.cif,-36.97704,40.676537
xtal_6.cif,./U3Si5/191/xtal_6.cif,55.601467,-0.57924545
xtal_60.cif,./U3Si5/__initial__/191/xtal_60.cif,37.84316,-50.1219
xtal_61.cif,./U3Si5/__initial__/191/xtal_61.cif,75.88573,47.911083
xtal_62.cif,./U3Si5/__initial__/191/xtal_62.cif,-65.46841,65.262115
xtal_63.cif,./U3Si5/191/xtal_63.cif,88.39709,-61.93876
xtal_64.cif,./U3Si5/__initial__/191/xtal_64.cif,-8.966076,73.209785
xtal_65.cif,./U3Si5/__initial__/191/xtal_65.cif,71.36821,-38.42558
xtal_66.cif,./U3Si5/__initial__/191/xtal_66.cif,20.954746,27.717512
xtal_67.cif,./U3Si5/__initial__/191/xtal_67.cif,64.89081,-28.249916
xtal_68.cif,./U3Si5/__initial__/191/xtal_68.cif,-43.59532,-58.617996
xtal_69.cif,./U3Si5/__initial__/191/xtal_69.cif,103.646835,-6.597444
xtal_7.cif,./U3Si5/__initial__/191/xtal_7.cif,31.426151,-46.26714
xtal_70.cif,./U3Si5/__initial__/191/xtal_70.cif,-5.7796373,-87.67758
xtal_71.cif,./U3Si5/__initial__/191/xtal_71.cif,105.07612,-32.853542
xtal_72.cif,./U3Si5/__initial__/191/xtal_72.cif,-48.4126,-47.023235
xtal_73.cif,./U3Si5/__initial__/191/xtal_73.cif,80.10918,48.76383
xtal_74.cif,./U3Si5/191/xtal_74.cif,63.066628,-68.51964
xtal_75.cif,./U3Si5/191/xtal_75.cif,-19.374035,-86.12625
xtal_76.cif,./U3Si5/__initial__/191/xtal_76.cif,-45.965794,83.11129
xtal_77.cif,./U3Si5/__initial__/191/xtal_77.cif,-16.004183,66.702
xtal_78.cif,./U3Si5/__initial__/191/xtal_78.cif,-62.355984,65.79294
xtal_79.cif,./U3Si5/__initial__/191/xtal_79.cif,-5.2696695,-47.65329
xtal_8.cif,./U3Si5/__initial__/191/xtal_8.cif,82.79184,-43.96113
xtal_80.cif,./U3Si5/191/xtal_80.cif,-57.673603,53.627064
xtal_81.cif,./U3Si5/__initial__/191/xtal_81.cif,66.05229,23.925274
xtal_82.cif,./U3Si5/191/xtal_82.cif,-50.132915,-6.5550275
xtal_83.cif,./U3Si5/__initial__/191/xtal_83.cif,-91.98798,20.296104
xtal_84.cif,./U3Si5/__initial__/191/xtal_84.cif,-10.0659485,84.18217
xtal_85.cif,./U3Si5/__initial__/191/xtal_85.cif,104.119064,-13.419505
xtal_86.cif,./U3Si5/191/xtal_86.cif,79.22489,-56.998234
xtal_87.cif,./U3Si5/__initial__/191/xtal_87.cif,32.554596,-103.61727
xtal_88.cif,./U3Si5/__initial__/191/xtal_88.cif,53.99534,-3.6443582
xtal_89.cif,./U3Si5/191/xtal_89.cif,-73.981865,58.101208
xtal_9.cif,./U3Si5/191/xtal_9.cif,100.37783,22.993172
xtal_90.cif,./U3Si5/__initial__/191/xtal_90.cif,-10.34891,73.604744
xtal_91.cif,./U3Si5/__initial__/191/xtal_91.cif,29.095627,-39.974712
xtal_92.cif,./U3Si5/__initial__/191/xtal_92.cif,-52.18025,-11.004766
xtal_93.cif,./U3Si5/__initial__/191/xtal_93.cif,-16.094332,62.28369
xtal_94.cif,./U3Si5/__initial__/191/xtal_94.cif,-17.368498,-46.11668
xtal_95.cif,./U3Si5/191/xtal_95.cif,-67.394356,-36.521847
xtal_96.cif,./U3Si5/191/xtal_96.cif,11.527927,-101.84107
xtal_97.cif,./U3Si5/191/xtal_97.cif,-43.853,-72.58786
xtal_98.cif,./U3Si5/__initial__/191/xtal_98.cif,-27.927155,13.714153
xtal_99.cif,./U3Si5/__initial__/191/xtal_99.cif,-4.8143215,-79.60284
xtal_1.cif,./U3Si5/__initial__/192/xtal_1.cif,-24.78407,4.088119
xtal_10.cif,./U3Si5/__initial__/192/xtal_10.cif,-20.421938,-39.874718
xtal_100.cif,./U3Si5/__initial__/192/xtal_100.cif,-45.863457,-2.4385061
xtal_11.cif,./U3Si5/__initial__/192/xtal_11.cif,66.79162,31.972118
xtal_12.cif,./U3Si5/__initial__/192/xtal_12.cif,-18.55245,98.27786
xtal_13.cif,./U3Si5/__initial__/192/xtal_13.cif,-25.273195,42.21791
xtal_14.cif,./U3Si5/192/xtal_14.cif,46.27727,-63.549263
xtal_15.cif,./U3Si5/__initial__/192/xtal_15.cif,-16.81771,54.056053
xtal_16.cif,./U3Si5/__initial__/192/xtal_16.cif,-46.594307,-0.9715264
xtal_17.cif,./U3Si5/192/xtal_17.cif,-6.6824737,-67.11476
xtal_18.cif,./U3Si5/__initial__/192/xtal_18.cif,82.39601,-37.756886
xtal_19.cif,./U3Si5/__initial__/192/xtal_19.cif,33.456566,-26.709318
xtal_2.cif,./U3Si5/192/xtal_2.cif,0.0710676,-53.94885
xtal_20.cif,./U3Si5/192/xtal_20.cif,39.610863,-63.094757
xtal_21.cif,./U3Si5/__initial__/192/xtal_21.cif,78.65724,58.08005
xtal_22.cif,./U3Si5/__initial__/192/xtal_22.cif,54.609425,-87.68984
xtal_23.cif,./U3Si5/192/xtal_23.cif,-12.324211,-103.87756
xtal_24.cif,./U3Si5/__initial__/192/xtal_24.cif,-31.082888,11.075756
xtal_25.cif,./U3Si5/192/xtal_25.cif,22.330435,-71.38257
xtal_26.cif,./U3Si5/__initial__/192/xtal_26.cif,109.3757,-14.817298
xtal_27.cif,./U3Si5/__initial__/192/xtal_27.cif,-1.2007246,90.055084
xtal_28.cif,./U3Si5/__initial__/192/xtal_28.cif,24.985262,-78.62039
xtal_29.cif,./U3Si5/__initial__/192/xtal_29.cif,-45.946255,-1.7245604
xtal_3.cif,./U3Si5/__initial__/192/xtal_3.cif,11.315103,-49.365955
xtal_30.cif,./U3Si5/__initial__/192/xtal_30.cif,43.778362,-46.573063
xtal_31.cif,./U3Si5/192/xtal_31.cif,69.123825,-55.0884
xtal_32.cif,./U3Si5/192/xtal_32.cif,37.563618,-85.541985
xtal_33.cif,./U3Si5/192/xtal_33.cif,54.72955,-60.10391
xtal_34.cif,./U3Si5/__initial__/192/xtal_34.cif,66.99085,23.12822
xtal_35.cif,./U3Si5/__initial__/192/xtal_35.cif,-18.57138,-43.74644
xtal_36.cif,./U3Si5/__initial__/192/xtal_36.cif,113.51975,-12.735322
xtal_37.cif,./U3Si5/192/xtal_37.cif,50.563305,-69.71742
xtal_38.cif,./U3Si5/__initial__/192/xtal_38.cif,-94.708435,6.1053534
xtal_39.cif,./U3Si5/__initial__/192/xtal_39.cif,-53.0085,-61.861103
xtal_4.cif,./U3Si5/__initial__/192/xtal_4.cif,-37.612385,-77.5472
xtal_40.cif,./U3Si5/__initial__/192/xtal_40.cif,-26.057047,82.79787
xtal_41.cif,./U3Si5/__initial__/192/xtal_41.cif,92.87622,-53.707714
xtal_42.cif,./U3Si5/__initial__/192/xtal_42.cif,47.702557,-16.767647
xtal_43.cif,./U3Si5/__initial__/192/xtal_43.cif,-17.166904,61.601757
xtal_44.cif,./U3Si5/__initial__/192/xtal_44.cif,-20.367441,14.415206
xtal_45.cif,./U3Si5/__initial__/192/xtal_45.cif,-68.924545,-10.2569895
xtal_46.cif,./U3Si5/__initial__/192/xtal_46.cif,46.40988,-19.477259
xtal_47.cif,./U3Si5/__initial__/192/xtal_47.cif,80.597984,56.69313
xtal_48.cif,./U3Si5/__initial__/192/xtal_48.cif,52.0396,-70.36271
xtal_49.cif,./U3Si5/192/xtal_49.cif,37.501724,-88.02036
xtal_5.cif,./U3Si5/__initial__/192/xtal_5.cif,-92.569695,4.1373773
xtal_50.cif,./U3Si5/__initial__/192/xtal_50.cif,-0.31073388,-75.563446
xtal_51.cif,./U3Si5/__initial__/192/xtal_51.cif,34.9367,-18.953243
xtal_52.cif,./U3Si5/__initial__/192/xtal_52.cif,74.87446,-77.4485
xtal_53.cif,./U3Si5/__initial__/192/xtal_53.cif,32.2998,-44.575493
xtal_54.cif,./U3Si5/__initial__/192/xtal_54.cif,51.99404,28.484179
xtal_55.cif,./U3Si5/__initial__/192/xtal_55.cif,-72.47479,-16.073225
xtal_56.cif,./U3Si5/__initial__/192/xtal_56.cif,-62.357265,-10.25222
xtal_57.cif,./U3Si5/__initial__/192/xtal_57.cif,-23.299212,-4.7437954
xtal_58.cif,./U3Si5/__initial__/192/xtal_58.cif,84.28567,-65.35631
xtal_59.cif,./U3Si5/__initial__/192/xtal_59.cif,70.16432,-38.075836
xtal_6.cif,./U3Si5/__initial__/192/xtal_6.cif,-75.52611,-57.006813
xtal_60.cif,./U3Si5/__initial__/192/xtal_60.cif,-18.43241,66.93877
xtal_61.cif,./U3Si5/192/xtal_61.cif,40.026947,-56.273952
xtal_62.cif,./U3Si5/__initial__/192/xtal_62.cif,6.3110604,91.012955
xtal_63.cif,./U3Si5/__initial__/192/xtal_63.cif,-57.728935,-70.1072
xtal_64.cif,./U3Si5/__initial__/192/xtal_64.cif,-21.251223,41.243153
xtal_65.cif,./U3Si5/__initial__/192/xtal_65.cif,47.979786,-58.694405
xtal_66.cif,./U3Si5/__initial__/192/xtal_66.cif,48.14999,11.000781
xtal_67.cif,./U3Si5/__initial__/192/xtal_67.cif,-34.857327,-75.566826
xtal_68.cif,./U3Si5/__initial__/192/xtal_68.cif,79.685265,-40.349106
xtal_69.cif,./U3Si5/__initial__/192/xtal_69.cif,88.44218,69.690414
xtal_7.cif,./U3Si5/__initial__/192/xtal_7.cif,52.60815,-69.42503
xtal_70.cif,./U3Si5/__initial__/192/xtal_70.cif,-13.231696,-103.67782
xtal_71.cif,./U3Si5/__initial__/192/xtal_71.cif,-38.838085,-24.128963
xtal_72.cif,./U3Si5/__initial__/192/xtal_72.cif,-82.61252,-24.72643
xtal_73.cif,./U3Si5/__initial__/192/xtal_73.cif,0.010336718,-53.684525
xtal_74.cif,./U3Si5/__initial__/192/xtal_74.cif,-51.059784,-50.511246
xtal_75.cif,./U3Si5/__initial__/192/xtal_75.cif,41.037624,-49.83842
xtal_76.cif,./U3Si5/__initial__/192/xtal_76.cif,-90.22258,4.630926
xtal_77.cif,./U3Si5/__initial__/192/xtal_77.cif,-21.604404,81.145775
xtal_78.cif,./U3Si5/__initial__/192/xtal_78.cif,31.418013,-30.907288
xtal_79.cif,./U3Si5/192/xtal_79.cif,26.654566,-102.50425
xtal_8.cif,./U3Si5/__initial__/192/xtal_8.cif,-40.775154,30.127045
xtal_80.cif,./U3Si5/__initial__/192/xtal_80.cif,73.720695,-46.110252
xtal_81.cif,./U3Si5/__initial__/192/xtal_81.cif,74.304436,-58.48382
xtal_82.cif,./U3Si5/__initial__/192/xtal_82.cif,-73.284676,-17.244411
xtal_83.cif,./U3Si5/__initial__/192/xtal_83.cif,53.151234,28.045223
xtal_84.cif,./U3Si5/__initial__/192/xtal_84.cif,105.323,-11.640141
xtal_85.cif,./U3Si5/__initial__/192/xtal_85.cif,52.03264,6.1039796
xtal_86.cif,./U3Si5/192/xtal_86.cif,-31.54582,-76.01791
xtal_87.cif,./U3Si5/192/xtal_87.cif,36.5549,-65.33981
xtal_88.cif,./U3Si5/__initial__/192/xtal_88.cif,96.31344,13.182694
xtal_89.cif,./U3Si5/__initial__/192/xtal_89.cif,97.28389,63.73908
xtal_9.cif,./U3Si5/__initial__/192/xtal_9.cif,-64.6604,-16.434652
xtal_90.cif,./U3Si5/__initial__/192/xtal_90.cif,-65.362946,56.945187
xtal_91.cif,./U3Si5/__initial__/192/xtal_91.cif,-25.731089,14.928978
xtal_92.cif,./U3Si5/192/xtal_92.cif,-20.317804,-39.528
xtal_93.cif,./U3Si5/__initial__/192/xtal_93.cif,52.398872,-47.985508
xtal_94.cif,./U3Si5/__initial__/192/xtal_94.cif,-48.10271,-20.918705
xtal_95.cif,./U3Si5/__initial__/192/xtal_95.cif,-39.12247,-23.57045
xtal_96.cif,./U3Si5/__initial__/192/xtal_96.cif,1.6452199,86.130104
xtal_97.cif,./U3Si5/__initial__/192/xtal_97.cif,93.08961,-10.54298
xtal_98.cif,./U3Si5/__initial__/192/xtal_98.cif,-89.577385,14.390878
xtal_99.cif,./U3Si5/__initial__/192/xtal_99.cif,-70.55747,-25.785635
xtal_1.cif,./U3Si5/193/xtal_1.cif,-93.58957,0.6615916
xtal_10.cif,./U3Si5/__initial__/193/xtal_10.cif,-52.33148,44.234993
xtal_100.cif,./U3Si5/__initial__/193/xtal_100.cif,7.9888496,94.29391
xtal_11.cif,./U3Si5/193/xtal_11.cif,-11.52398,-99.293564
xtal_12.cif,./U3Si5/193/xtal_12.cif,112.25118,1.2555932
xtal_13.cif,./U3Si5/193/xtal_13.cif,-16.023714,-44.507454
xtal_14.cif,./U3Si5/__initial__/193/xtal_14.cif,-43.719208,14.619085
xtal_15.cif,./U3Si5/193/xtal_15.cif,33.743187,-28.443987
xtal_16.cif,./U3Si5/__initial__/193/xtal_16.cif,22.420519,-71.529
xtal_17.cif,./U3Si5/193/xtal_17.cif,49.966614,-41.756077
xtal_18.cif,./U3Si5/__initial__/193/xtal_18.cif,87.27571,-58.229424
xtal_19.cif,./U3Si5/193/xtal_19.cif,-21.716753,41.435074
xtal_2.cif,./U3Si5/193/xtal_2.cif,-68.19437,-48.345688
xtal_20.cif,./U3Si5/__initial__/193/xtal_20.cif,-84.53479,62.802227
xtal_21.cif,./U3Si5/__initial__/193/xtal_21.cif,34.398552,-47.91935
xtal_22.cif,./U3Si5/__initial__/193/xtal_22.cif,43.78201,-46.410137
xtal_23.cif,./U3Si5/193/xtal_23.cif,17.329422,-70.772484
xtal_24.cif,./U3Si5/__initial__/193/xtal_24.cif,73.35182,6.783214
xtal_25.cif,./U3Si5/193/xtal_25.cif,-7.7897,-86.835846
xtal_26.cif,./U3Si5/__initial__/193/xtal_26.cif,-51.66643,-66.815506
xtal_27.cif,./U3Si5/__initial__/193/xtal_27.cif,40.763096,-58.31692
xtal_28.cif,./U3Si5/__initial__/193/xtal_28.cif,-49.076572,33.25969
xtal_29.cif,./U3Si5/193/xtal_29.cif,49.381813,-84.541794
xtal_3.cif,./U3Si5/193/xtal_3.cif,-78.90006,23.548
xtal_30.cif,./U3Si5/__initial__/193/xtal_30.cif,108.97275,-14.498738
xtal_31.cif,./U3Si5/__initial__/193/xtal_31.cif,49.300846,-41.614384
xtal_32.cif,./U3Si5/__initial__/193/xtal_32.cif,-14.773656,65.18314
xtal_33.cif,./U3Si5/__initial__/193/xtal_33.cif,-40.856735,3.9627476
xtal_34.cif,./U3Si5/__initial__/193/xtal_34.cif,-65.77138,-23.015059
xtal_35.cif,./U3Si5/193/xtal_35.cif,-3.4960525,-12.257414
xtal_36.cif,./U3Si5/193/xtal_36.cif,28.283669,-71.73349
xtal_37.cif,./U3Si5/__initial__/193/xtal_37.cif,-19.645138,-37.421505
xtal_38.cif,./U3Si5/__initial__/193/xtal_38.cif,-74.99072,-6.4963546
xtal_39.cif,./U3Si5/193/xtal_39.cif,-42.06931,-33.508854
xtal_4.cif,./U3Si5/193/xtal_4.cif,-13.437791,-102.915474
xtal_40.cif,./U3Si5/193/xtal_40.cif,-10.17225,32.323414
xtal_41.cif,./U3Si5/__initial__/193/xtal_41.cif,105.58897,-30.451477
xtal_42.cif,./U3Si5/193/xtal_42.cif,-35.571587,-8.928698
xtal_43.cif,./U3Si5/193/xtal_43.cif,15.644381,-68.71596
xtal_44.cif,./U3Si5/193/xtal_44.cif,33.39979,-29.293165
xtal_45.cif,./U3Si5/__initial__/193/xtal_45.cif,-86.04017,61.624447
xtal_46.cif,./U3Si5/193/xtal_46.cif,69.87481,-28.253193
xtal_47.cif,./U3Si5/__initial__/193/xtal_47.cif,-21.408737,-57.83321
xtal_48.cif,./U3Si5/__initial__/193/xtal_48.cif,82.76528,-57.98505
xtal_49.cif,./U3Si5/__initial__/193/xtal_49.cif,66.15529,14.143646
xtal_5.cif,./U3Si5/__initial__/193/xtal_5.cif,-21.192812,104.52899
xtal_50.cif,./U3Si5/193/xtal_50.cif,43.52901,-81.53589
xtal_51.cif,./U3Si5/__initial__/193/xtal_51.cif,-65.10626,-79.33982
xtal_52.cif,./U3Si5/193/xtal_52.cif,-19.707869,43.604885
xtal_53.cif,./U3Si5/__initial__/193/xtal_53.cif,-27.618006,-49.805973
xtal_54.cif,./U3Si5/193/xtal_54.cif,12.224959,-63.22879
xtal_55.cif,./U3Si5/__initial__/193/xtal_55.cif,-69.62784,-23.573133
xtal_56.cif,./U3Si5/193/xtal_56.cif,-19.132174,-35.62254
xtal_57.cif,./U3Si5/__initial__/193/xtal_57.cif,-39.127827,-24.001223
xtal_58.cif,./U3Si5/__initial__/193/xtal_58.cif,88.09173,-1.8361722
xtal_59.cif,./U3Si5/193/xtal_59.cif,48.68724,-37.5823
xtal_6.cif,./U3Si5/__initial__/193/xtal_6.cif,83.70228,3.9476905
xtal_60.cif,./U3Si5/__initial__/193/xtal_60.cif,-37.351204,59.456596
xtal_61.cif,./U3Si5/__initial__/193/xtal_61.cif,81.292366,46.409615
xtal_62.cif,./U3Si5/193/xtal_62.cif,34.241493,-92.544464
xtal_63.cif,./U3Si5/__initial__/193/xtal_63.cif,104.20331,-8.99737
xtal_64.cif,./U3Si5/__initial__/193/xtal_64.cif,-38.163975,-21.23101
xtal_65.cif,./U3Si5/__initial__/193/xtal_65.cif,-38.43942,-76.2869
xtal_66.cif,./U3Si5/193/xtal_66.cif,-17.344778,-72.1398
xtal_67.cif,./U3Si5/__initial__/193/xtal_67.cif,-45.898933,36.555687
xtal_68.cif,./U3Si5/__initial__/193/xtal_68.cif,56.37345,-59.26085
xtal_69.cif,./U3Si5/193/xtal_69.cif,59.11811,-74.43046
xtal_7.cif,./U3Si5/193/xtal_7.cif,-6.2891974,-79.47436
xtal_70.cif,./U3Si5/__initial__/193/xtal_70.cif,-47.425926,-88.90588
xtal_71.cif,./U3Si5/193/xtal_71.cif,105.225685,-33.049152
xtal_72.cif,./U3Si5/__initial__/193/xtal_72.cif,-46.862732,-0.50421125
xtal_73.cif,./U3Si5/193/xtal_73.cif,-31.490084,30.307186
xtal_74.cif,./U3Si5/193/xtal_74.cif,-34.63913,-92.948975
xtal_75.cif,./U3Si5/193/xtal_75.cif,33.32546,-28.524889
xtal_76.cif,./U3Si5/__initial__/193/xtal_76.cif,-42.23153,-3.3875864
xtal_77.cif,./U3Si5/__initial__/193/xtal_77.cif,90.31632,11.9062805
xtal_78.cif,./U3Si5/__initial__/193/xtal_78.cif,-40.492996,29.410181
xtal_79.cif,./U3Si5/193/xtal_79.cif,-18.539316,-42.841457
xtal_8.cif,./U3Si5/__initial__/193/xtal_8.cif,-96.029366,33.609154
xtal_80.cif,./U3Si5/193/xtal_80.cif,-2.7861528,-57.999474
xtal_81.cif,./U3Si5/193/xtal_81.cif,-47.040573,-61.90599
xtal_82.cif,./U3Si5/193/xtal_82.cif,-11.85,-99.8165
xtal_83.cif,./U3Si5/__initial__/193/xtal_83.cif,-10.511732,-83.25116
xtal_84.cif,./U3Si5/193/xtal_84.cif,-28.484324,-77.89259
xtal_85.cif,./U3Si5/193/xtal_85.cif,-19.952183,-58.801918
xtal_86.cif,./U3Si5/193/xtal_86.cif,-18.874409,-38.465538
xtal_87.cif,./U3Si5/__initial__/193/xtal_87.cif,-39.506653,-23.975685
xtal_88.cif,./U3Si5/__initial__/193/xtal_88.cif,-40.68498,36.82625
xtal_89.cif,./U3Si5/__initial__/193/xtal_89.cif,52.76544,28.203777
xtal_9.cif,./U3Si5/193/xtal_9.cif,96.38461,-44.947384
xtal_90.cif,./U3Si5/__initial__/193/xtal_90.cif,95.049095,73.50544
xtal_91.cif,./U3Si5/__initial__/193/xtal_91.cif,85.782364,64.7014
xtal_92.cif,./U3Si5/__initial__/193/xtal_92.cif,-66.59647,-12.277951
xtal_93.cif,./U3Si5/193/xtal_93.cif,43.529137,11.925219
xtal_94.cif,./U3Si5/__initial__/193/xtal_94.cif,83.22996,23.045206
xtal_95.cif,./U3Si5/__initial__/193/xtal_95.cif,12.217949,-63.275658
xtal_96.cif,./U3Si5/193/xtal_96.cif,82.577,-55.426605
xtal_97.cif,./U3Si5/193/xtal_97.cif,-59.25838,-67.44204
xtal_98.cif,./U3Si5/__initial__/193/xtal_98.cif,-57.179028,-16.98266
xtal_99.cif,./U3Si5/__initial__/193/xtal_99.cif,-28.77253,71.03412
xtal_1.cif,./U3Si5/__initial__/194/xtal_1.cif,-91.09004,41.051136
xtal_10.cif,./U3Si5/194/xtal_10.cif,-69.19664,-14.676424
xtal_100.cif,./U3Si5/__initial__/194/xtal_100.cif,-28.938078,90.54578
xtal_11.cif,./U3Si5/__initial__/194/xtal_11.cif,62.532883,44.143703
xtal_12.cif,./U3Si5/__initial__/194/xtal_12.cif,-33.599525,6.3166347
xtal_13.cif,./U3Si5/__initial__/194/xtal_13.cif,85.06722,26.62065
xtal_14.cif,./U3Si5/__initial__/194/xtal_14.cif,112.34391,-10.465759
xtal_15.cif,./U3Si5/194/xtal_15.cif,81.638855,-71.91199
xtal_16.cif,./U3Si5/__initial__/194/xtal_16.cif,-16.98028,54.091587
xtal_17.cif,./U3Si5/194/xtal_17.cif,31.78395,-93.34835
xtal_18.cif,./U3Si5/194/xtal_18.cif,-89.245964,7.272294
xtal_19.cif,./U3Si5/__initial__/194/xtal_19.cif,-30.969912,-45.148872
xtal_2.cif,./U3Si5/194/xtal_2.cif,16.831356,-37.748497
xtal_20.cif,./U3Si5/194/xtal_20.cif,75.22777,-79.380806
xtal_21.cif,./U3Si5/__initial__/194/xtal_21.cif,105.231575,-32.933434
xtal_22.cif,./U3Si5/194/xtal_22.cif,-66.9608,-9.34123
xtal_23.cif,./U3Si5/194/xtal_23.cif,-60.644527,-11.009727
xtal_24.cif,./U3Si5/__initial__/194/xtal_24.cif,-40.898773,10.187387
xtal_25.cif,./U3Si5/__initial__/194/xtal_25.cif,59.512363,19.381823
xtal_26.cif,./U3Si5/194/xtal_26.cif,4.518769,-74.24347
xtal_27.cif,./U3Si5/194/xtal_27.cif,-76.34856,48.6136
xtal_28.cif,./U3Si5/__initial__/194/xtal_28.cif,-55.1963,21.995237
xtal_29.cif,./U3Si5/194/xtal_29.cif,10.8818445,-101.858406
xtal_3.cif,./U3Si5/__initial__/194/xtal_3.cif,106.52317,-28.61709
xtal_30.cif,./U3Si5/__initial__/194/xtal_30.cif,56.968044,-63.15013
xtal_31.cif,./U3Si5/__initial__/194/xtal_31.cif,-44.202377,21.066593
xtal_32.cif,./U3Si5/__initial__/194/xtal_32.cif,-26.202995,54.46094
xtal_33.cif,./U3Si5/194/xtal_33.cif,20.81792,-76.93508
xtal_34.cif,./U3Si5/__initial__/194/xtal_34.cif,-50.651886,47.44704
xtal_35.cif,./U3Si5/194/xtal_35.cif,57.18321,-88.86216
xtal_36.cif,./U3Si5/194/xtal_36.cif,27.771427,-105.12121
xtal_37.cif,./U3Si5/__initial__/194/xtal_37.cif,31.512772,-84.78897
xtal_38.cif,./U3Si5/194/xtal_38.cif,44.918476,-93.598595
xtal_39.cif,./U3Si5/194/xtal_39.cif,44.891666,-63.186985
xtal_4.cif,./U3Si5/__initial__/194/xtal_4.cif,-18.87196,95.03169
xtal_40.cif,./U3Si5/__initial__/194/xtal_40.cif,99.96824,-20.325706
xtal_41.cif,./U3Si5/__initial__/194/xtal_41.cif,-57.371033,2.6197338
xtal_42.cif,./U3Si5/194/xtal_42.cif,27.058287,-85.09659
xtal_43.cif,./U3Si5/__initial__/194/xtal_43.cif,-38.064445,-43.378372
xtal_44.cif,./U3Si5/__initial__/194/xtal_44.cif,-30.455666,-49.72562
xtal_45.cif,./U3Si5/__initial__/194/xtal_45.cif,75.84934,60.147064
xtal_46.cif,./U3Si5/194/xtal_46.cif,-24.984558,-49.006252
xtal_47.cif,./U3Si5/194/xtal_47.cif,27.320585,-72.55306
xtal_48.cif,./U3Si5/194/xtal_48.cif,49.36661,-91.65647
xtal_49.cif,./U3Si5/__initial__/194/xtal_49.cif,-17.100552,54.44071
xtal_5.cif,./U3Si5/194/xtal_5.cif,-18.92781,-72.29514
xtal_50.cif,./U3Si5/194/xtal_50.cif,82.14689,-72.39917
xtal_51.cif,./U3Si5/194/xtal_51.cif,80.2977,-65.17785
xtal_52.cif,./U3Si5/194/xtal_52.cif,-43.295383,-49.911636
xtal_53.cif,./U3Si5/__initial__/194/xtal_53.cif,68.18625,30.216274
xtal_54.cif,./U3Si5/194/xtal_54.cif,-68.78958,-14.683978
xtal_55.cif,./U3Si5/194/xtal_55.cif,-5.9559445,-75.11406
xtal_56.cif,./U3Si5/194/xtal_56.cif,-4.573986,-53.856728
xtal_57.cif,./U3Si5/194/xtal_57.cif,17.930965,-38.105995
xtal_58.cif,./U3Si5/__initial__/194/xtal_58.cif,83.77412,4.655478
xtal_59.cif,./U3Si5/__initial__/194/xtal_59.cif,-88.30315,55.505257
xtal_6.cif,./U3Si5/194/xtal_6.cif,18.714754,-68.24512
xtal_60.cif,./U3Si5/__initial__/194/xtal_60.cif,53.85335,-46.610138
xtal_61.cif,./U3Si5/__initial__/194/xtal_61.cif,-62.28989,-37.380333
xtal_62.cif,./U3Si5/194/xtal_62.cif,-3.1854875,4.456453
xtal_63.cif,./U3Si5/__initial__/194/xtal_63.cif,41.00016,13.279732
xtal_64.cif,./U3Si5/194/xtal_64.cif,9.2412405,-73.690186
xtal_65.cif,./U3Si5/__initial__/194/xtal_65.cif,-51.89748,25.159761
xtal_66.cif,./U3Si5/__initial__/194/xtal_66.cif,-49.326782,19.406075
xtal_67.cif,./U3Si5/194/xtal_67.cif,55.957825,-87.89759
xtal_68.cif,./U3Si5/__initial__/194/xtal_68.cif,-38.418568,2.4753842
xtal_69.cif,./U3Si5/194/xtal_69.cif,-15.153898,-80.858925
xtal_7.cif,./U3Si5/194/xtal_7.cif,-12.405689,-94.56246
xtal_70.cif,./U3Si5/__initial__/194/xtal_70.cif,-69.75367,-9.11885
xtal_71.cif,./U3Si5/__initial__/194/xtal_71.cif,6.3425903,-60.01111
xtal_72.cif,./U3Si5/__initial__/194/xtal_72.cif,-22.868563,93.547264
xtal_73.cif,./U3Si5/__initial__/194/xtal_73.cif,29.215479,-24.831642
xtal_74.cif,./U3Si5/__initial__/194/xtal_74.cif,-1.0290575,88.66089
xtal_75.cif,./U3Si5/194/xtal_75.cif,17.539518,-92.1204
xtal_76.cif,./U3Si5/__initial__/194/xtal_76.cif,-23.80844,47.25945
xtal_77.cif,./U3Si5/__initial__/194/xtal_77.cif,-51.808212,30.746357
xtal_78.cif,./U3Si5/194/xtal_78.cif,-9.716536,-44.560986
xtal_79.cif,./U3Si5/194/xtal_79.cif,-10.994839,1.6983129
xtal_8.cif,./U3Si5/194/xtal_8.cif,36.48969,-64.16586
xtal_80.cif,./U3Si5/194/xtal_80.cif,55.24155,-85.7738
xtal_81.cif,./U3Si5/194/xtal_81.cif,-85.63424,48.1454
xtal_82.cif,./U3Si5/__initial__/194/xtal_82.cif,-4.4157395,75.38548
xtal_83.cif,./U3Si5/194/xtal_83.cif,85.2926,-68.26129
xtal_84.cif,./U3Si5/__initial__/194/xtal_84.cif,31.20878,-44.057087
xtal_85.cif,./U3Si5/__initial__/194/xtal_85.cif,51.539127,-22.519087
xtal_86.cif,./U3Si5/194/xtal_86.cif,-50.61885,-47.320305
xtal_87.cif,./U3Si5/194/xtal_87.cif,7.4759474,-67.578804
xtal_88.cif,./U3Si5/__initial__/194/xtal_88.cif,62.640846,45.22823
xtal_89.cif,./U3Si5/__initial__/194/xtal_89.cif,-17.814365,49.343784
xtal_9.cif,./U3Si5/__initial__/194/xtal_9.cif,30.850653,-77.22499
xtal_90.cif,./U3Si5/__initial__/194/xtal_90.cif,77.49352,53.79996
xtal_91.cif,./U3Si5/194/xtal_91.cif,36.328224,-64.32677
xtal_92.cif,./U3Si5/__initial__/194/xtal_92.cif,81.63765,-61.608925
xtal_93.cif,./U3Si5/__initial__/194/xtal_93.cif,54.558254,-6.7155886
xtal_94.cif,./U3Si5/__initial__/194/xtal_94.cif,66.872185,-12.470588
xtal_95.cif,./U3Si5/194/xtal_95.cif,78.29223,-70.71815
xtal_96.cif,./U3Si5/__initial__/194/xtal_96.cif,-59.87848,-62.602806
xtal_97.cif,./U3Si5/194/xtal_97.cif,-60.30601,23.949999
xtal_98.cif,./U3Si5/194/xtal_98.cif,-25.183363,-67.112976
xtal_99.cif,./U3Si5/__initial__/194/xtal_99.cif,-27.140743,10.884535
xtal_1.cif,./U3Si5/__initial__/195/xtal_1.cif,-31.546207,-23.626564
xtal_10.cif,./U3Si5/__initial__/195/xtal_10.cif,-35.642178,106.63135
xtal_100.cif,./U3Si5/195/xtal_100.cif,6.1654577,-69.14456
xtal_11.cif,./U3Si5/__initial__/195/xtal_11.cif,-50.28043,94.08924
xtal_12.cif,./U3Si5/__initial__/195/xtal_12.cif,5.350211,-64.93026
xtal_13.cif,./U3Si5/__initial__/195/xtal_13.cif,55.92737,9.005775
xtal_14.cif,./U3Si5/__initial__/195/xtal_14.cif,46.371754,-43.298073
xtal_15.cif,./U3Si5/__initial__/195/xtal_15.cif,-31.787668,-13.250519
xtal_16.cif,./U3Si5/__initial__/195/xtal_16.cif,-16.36023,80.61356
xtal_17.cif,./U3Si5/__initial__/195/xtal_17.cif,60.690254,17.798693
xtal_18.cif,./U3Si5/__initial__/195/xtal_18.cif,-59.48292,55.004753
xtal_19.cif,./U3Si5/__initial__/195/xtal_19.cif,-31.389654,-15.624476
xtal_2.cif,./U3Si5/__initial__/195/xtal_2.cif,96.00512,-52.576496
xtal_20.cif,./U3Si5/__initial__/195/xtal_20.cif,-95.51307,-4.4714904
xtal_21.cif,./U3Si5/__initial__/195/xtal_21.cif,-40.968918,60.18843
xtal_22.cif,./U3Si5/__initial__/195/xtal_22.cif,-18.906511,-21.253868
xtal_23.cif,./U3Si5/__initial__/195/xtal_23.cif,94.85011,-53.8944
xtal_24.cif,./U3Si5/195/xtal_24.cif,-50.72258,-15.057694
xtal_25.cif,./U3Si5/__initial__/195/xtal_25.cif,-50.737877,-1.0900933
xtal_26.cif,./U3Si5/__initial__/195/xtal_26.cif,78.976685,-68.09039
xtal_27.cif,./U3Si5/__initial__/195/xtal_27.cif,-32.14718,-12.580095
xtal_28.cif,./U3Si5/__initial__/195/xtal_28.cif,-14.630222,-92.2728
xtal_29.cif,./U3Si5/__initial__/195/xtal_29.cif,-65.180725,59.707306
xtal_3.cif,./U3Si5/195/xtal_3.cif,44.589466,-86.72594
xtal_30.cif,./U3Si5/__initial__/195/xtal_30.cif,-30.323387,-25.840727
xtal_31.cif,./U3Si5/__initial__/195/xtal_31.cif,-31.343811,-23.988918
xtal_32.cif,./U3Si5/195/xtal_32.cif,-16.782055,-27.056486
xtal_33.cif,./U3Si5/__initial__/195/xtal_33.cif,-41.755486,57.376923
xtal_34.cif,./U3Si5/__initial__/195/xtal_34.cif,100.67894,-2.5945563
xtal_35.cif,./U3Si5/__initial__/195/xtal_35.cif,-77.11407,-14.951081
xtal_36.cif,./U3Si5/__initial__/195/xtal_36.cif,64.22014,-79.46986
xtal_37.cif,./U3Si5/__initial__/195/xtal_37.cif,33.905235,16.00224
xtal_38.cif,./U3Si5/__initial__/195/xtal_38.cif,-16.539022,-27.44672
xtal_39.cif,./U3Si5/195/xtal_39.cif,42.94269,-94.53809
xtal_4.cif,./U3Si5/__initial__/195/xtal_4.cif,22.759262,-95.59817
xtal_40.cif,./U3Si5/195/xtal_40.cif,22.171387,-95.82657
xtal_41.cif,./U3Si5/__initial__/195/xtal_41.cif,74.40171,-68.06053
xtal_42.cif,./U3Si5/__initial__/195/xtal_42.cif,-21.171108,85.60695
xtal_43.cif,./U3Si5/__initial__/195/xtal_43.cif,-86.37566,10.667885
xtal_44.cif,./U3Si5/__initial__/195/xtal_44.cif,4.7362857,-70.51241
xtal_45.cif,./U3Si5/__initial__/195/xtal_45.cif,-27.56592,-67.7196
xtal_46.cif,./U3Si5/__initial__/195/xtal_46.cif,12.087737,-24.443672
xtal_47.cif,./U3Si5/__initial__/195/xtal_47.cif,0.04969477,87.61766
xtal_48.cif,./U3Si5/__initial__/195/xtal_48.cif,-29.56961,30.521296
xtal_49.cif,./U3Si5/195/xtal_49.cif,13.228376,-15.34015
xtal_5.cif,./U3Si5/__initial__/195/xtal_5.cif,84.43358,-44.855236
xtal_50.cif,./U3Si5/__initial__/195/xtal_50.cif,33.422436,43.585457
xtal_51.cif,./U3Si5/__initial__/195/xtal_51.cif,59.439877,73.52529
xtal_52.cif,./U3Si5/__initial__/195/xtal_52.cif,4.589598,-68.5084
xtal_53.cif,./U3Si5/__initial__/195/xtal_53.cif,-25.362852,7.56999
xtal_54.cif,./U3Si5/__initial__/195/xtal_54.cif,-37.58487,42.051846
xtal_55.cif,./U3Si5/__initial__/195/xtal_55.cif,112.015495,-1.2364242
xtal_56.cif,./U3Si5/__initial__/195/xtal_56.cif,-43.667652,7.990065
xtal_57.cif,./U3Si5/__initial__/195/xtal_57.cif,94.56735,-15.309363
xtal_58.cif,./U3Si5/__initial__/195/xtal_58.cif,0.3195677,-66.95508
xtal_59.cif,./U3Si5/__initial__/195/xtal_59.cif,53.524708,32.5156
xtal_6.cif,./U3Si5/__initial__/195/xtal_6.cif,75.58523,-30.882984
xtal_60.cif,./U3Si5/__initial__/195/xtal_60.cif,-50.05669,66.25261
xtal_61.cif,./U3Si5/__initial__/195/xtal_61.cif,74.270996,-77.49754
xtal_62.cif,./U3Si5/__initial__/195/xtal_62.cif,-6.546715,-91.5007
xtal_63.cif,./U3Si5/__initial__/195/xtal_63.cif,-49.640755,-79.526596
xtal_64.cif,./U3Si5/195/xtal_64.cif,-15.924651,-28.241137
xtal_65.cif,./U3Si5/__initial__/195/xtal_65.cif,-118.06638,13.415599
xtal_66.cif,./U3Si5/195/xtal_66.cif,-77.20237,-14.775751
xtal_67.cif,./U3Si5/__initial__/195/xtal_67.cif,12.729039,33.199474
xtal_68.cif,./U3Si5/195/xtal_68.cif,49.04745,-92.117195
xtal_69.cif,./U3Si5/__initial__/195/xtal_69.cif,92.541214,18.796577
xtal_7.cif,./U3Si5/__initial__/195/xtal_7.cif,46.61523,-43.52837
xtal_70.cif,./U3Si5/195/xtal_70.cif,32.6737,13.629862
xtal_71.cif,./U3Si5/__initial__/195/xtal_71.cif,19.091616,-99.91974
xtal_72.cif,./U3Si5/__initial__/195/xtal_72.cif,24.04665,13.179617
xtal_73.cif,./U3Si5/195/xtal_73.cif,-89.20401,-27.857334
xtal_74.cif,./U3Si5/__initial__/195/xtal_74.cif,57.008335,27.559351
xtal_75.cif,./U3Si5/__initial__/195/xtal_75.cif,-17.791342,84.08604
xtal_76.cif,./U3Si5/195/xtal_76.cif,-15.1472,-29.762661
xtal_77.cif,./U3Si5/195/xtal_77.cif,23.540703,-93.41484
xtal_78.cif,./U3Si5/__initial__/195/xtal_78.cif,47.28709,-41.513905
xtal_79.cif,./U3Si5/__initial__/195/xtal_79.cif,32.78309,13.98552
xtal_8.cif,./U3Si5/195/xtal_8.cif,-43.55203,-62.90037
xtal_80.cif,./U3Si5/__initial__/195/xtal_80.cif,-41.022274,56.27633
xtal_81.cif,./U3Si5/__initial__/195/xtal_81.cif,-46.495407,26.281393
xtal_82.cif,./U3Si5/__initial__/195/xtal_82.cif,25.219656,-12.288679
xtal_83.cif,./U3Si5/195/xtal_83.cif,-31.534529,-52.99044
xtal_84.cif,./U3Si5/__initial__/195/xtal_84.cif,26.743256,21.812914
xtal_85.cif,./U3Si5/__initial__/195/xtal_85.cif,45.976555,-63.626125
xtal_86.cif,./U3Si5/__initial__/195/xtal_86.cif,-6.0241923,-63.683533
xtal_87.cif,./U3Si5/__initial__/195/xtal_87.cif,-26.828754,-10.41927
xtal_88.cif,./U3Si5/__initial__/195/xtal_88.cif,62.58168,-55.495693
xtal_89.cif,./U3Si5/__initial__/195/xtal_89.cif,94.227264,17.751022
xtal_9.cif,./U3Si5/__initial__/195/xtal_9.cif,0.38856268,46.717735
xtal_90.cif,./U3Si5/__initial__/195/xtal_90.cif,-52.397312,23.365376
xtal_91.cif,./U3Si5/__initial__/195/xtal_91.cif,1.4142996,-27.90698
xtal_92.cif,./U3Si5/__initial__/195/xtal_92.cif,105.773186,-27.339746
xtal_93.cif,./U3Si5/__initial__/195/xtal_93.cif,-29.902605,-26.625118
xtal_94.cif,./U3Si5/__initial__/195/xtal_94.cif,12.822185,39.070538
xtal_95.cif,./U3Si5/__initial__/195/xtal_95.cif,-15.6533165,-28.509558
xtal_96.cif,./U3Si5/__initial__/195/xtal_96.cif,15.96984,-81.41364
xtal_97.cif,./U3Si5/195/xtal_97.cif,46.171097,-94.783554
xtal_98.cif,./U3Si5/__initial__/195/xtal_98.cif,61.07472,-75.1149
xtal_99.cif,./U3Si5/__initial__/195/xtal_99.cif,-1.4361801,-10.353472
xtal_1.cif,./U3Si5/__initial__/197/xtal_1.cif,-8.884209,53.201637
xtal_10.cif,./U3Si5/__initial__/197/xtal_10.cif,-95.27856,52.205864
xtal_100.cif,./U3Si5/__initial__/197/xtal_100.cif,-22.34305,120.98492
xtal_11.cif,./U3Si5/__initial__/197/xtal_11.cif,-115.55311,33.712685
xtal_12.cif,./U3Si5/197/xtal_12.cif,-25.80071,7.625883
xtal_13.cif,./U3Si5/197/xtal_13.cif,-92.40252,-31.281586
xtal_14.cif,./U3Si5/197/xtal_14.cif,81.181114,-18.722525
xtal_15.cif,./U3Si5/197/xtal_15.cif,79.0685,-20.907896
xtal_16.cif,./U3Si5/__initial__/197/xtal_16.cif,-4.828848,57.020077
xtal_17.cif,./U3Si5/197/xtal_17.cif,-53.08711,-89.47051
xtal_18.cif,./U3Si5/__initial__/197/xtal_18.cif,-8.326151,53.13414
xtal_19.cif,./U3Si5/__initial__/197/xtal_19.cif,77.12196,-14.222853
xtal_2.cif,./U3Si5/__initial__/197/xtal_2.cif,-7.933683,53.04066
xtal_20.cif,./U3Si5/197/xtal_20.cif,-24.96848,-65.00249
xtal_21.cif,./U3Si5/__initial__/197/xtal_21.cif,-34.324272,98.48697
xtal_22.cif,./U3Si5/197/xtal_22.cif,-25.738327,-76.737686
xtal_23.cif,./U3Si5/__initial__/197/xtal_23.cif,76.526764,-14.670852
xtal_24.cif,./U3Si5/__initial__/197/xtal_24.cif,-115.65935,7.4087543
xtal_25.cif,./U3Si5/197/xtal_25.cif,-23.145481,-61.23194
xtal_26.cif,./U3Si5/197/xtal_26.cif,-64.49796,-81.27243
xtal_27.cif,./U3Si5/197/xtal_27.cif,-83.457405,-60.892715
xtal_28.cif,./U3Si5/__initial__/197/xtal_28.cif,81.019455,-15.270772
xtal_29.cif,./U3Si5/197/xtal_29.cif,-86.7342,-56.67802
xtal_3.cif,./U3Si5/__initial__/197/xtal_3.cif,-7.8897295,56.902145
xtal_30.cif,./U3Si5/197/xtal_30.cif,-21.141829,-64.57106
xtal_31.cif,./U3Si5/197/xtal_31.cif,-25.68261,-64.86386
xtal_32.cif,./U3Si5/__initial__/197/xtal_32.cif,-66.68188,-55.38207
xtal_33.cif,./U3Si5/__initial__/197/xtal_33.cif,-20.371407,84.31325
xtal_34.cif,./U3Si5/__initial__/197/xtal_34.cif,-58.81994,71.718575
xtal_35.cif,./U3Si5/__initial__/197/xtal_35.cif,83.88327,-15.772371
xtal_36.cif,./U3Si5/__initial__/197/xtal_36.cif,-58.045902,70.69905
xtal_37.cif,./U3Si5/__initial__/197/xtal_37.cif,78.48454,-15.655987
xtal_38.cif,./U3Si5/__initial__/197/xtal_38.cif,-66.2535,-4.8489237
xtal_39.cif,./U3Si5/__initial__/197/xtal_39.cif,-35.295395,98.70296
xtal_4.cif,./U3Si5/197/xtal_4.cif,80.24603,-20.163958
xtal_40.cif,./U3Si5/__initial__/197/xtal_40.cif,-94.23998,53.501297
xtal_41.cif,./U3Si5/197/xtal_41.cif,-91.39839,-52.871616
xtal_42.cif,./U3Si5/__initial__/197/xtal_42.cif,83.451515,-15.257305
xtal_43.cif,./U3Si5/197/xtal_43.cif,-25.736408,-76.80722
xtal_44.cif,./U3Si5/__initial__/197/xtal_44.cif,-71.52666,-77.92527
xtal_45.cif,./U3Si5/__initial__/197/xtal_45.cif,83.5613,-19.942068
xtal_46.cif,./U3Si5/__initial__/197/xtal_46.cif,76.345474,-14.289724
xtal_47.cif,./U3Si5/197/xtal_47.cif,-107.81359,11.586802
xtal_48.cif,./U3Si5/197/xtal_48.cif,-95.03721,-12.230133
xtal_49.cif,./U3Si5/__initial__/197/xtal_49.cif,-68.80159,26.890926
xtal_5.cif,./U3Si5/197/xtal_5.cif,-64.504654,-81.231964
xtal_50.cif,./U3Si5/__initial__/197/xtal_50.cif,78.220924,-26.600014
xtal_51.cif,./U3Si5/197/xtal_51.cif,-53.12931,-16.773134
xtal_52.cif,./U3Si5/__initial__/197/xtal_52.cif,79.9137,-17.308174
xtal_53.cif,./U3Si5/__initial__/197/xtal_53.cif,-59.951878,72.53193
xtal_54.cif,./U3Si5/197/xtal_54.cif,-79.14857,-65.4981
xtal_55.cif,./U3Si5/__initial__/197/xtal_55.cif,-21.739157,23.937956
xtal_56.cif,./U3Si5/197/xtal_56.cif,-98.971985,-21.63509
xtal_57.cif,./U3Si5/__initial__/197/xtal_57.cif,79.78761,-21.056063
xtal_58.cif,./U3Si5/197/xtal_58.cif,-71.58922,-77.6923
xtal_59.cif,./U3Si5/197/xtal_59.cif,-77.139336,-73.17354
xtal_6.cif,./U3Si5/__initial__/197/xtal_6.cif,-7.9370084,52.55391
xtal_60.cif,./U3Si5/__initial__/197/xtal_60.cif,78.452324,-26.801973
xtal_61.cif,./U3Si5/197/xtal_61.cif,-25.14043,-64.03719
xtal_62.cif,./U3Si5/__initial__/197/xtal_62.cif,74.95802,-25.75903
xtal_63.cif,./U3Si5/197/xtal_63.cif,74.67043,-26.475622
xtal_64.cif,./U3Si5/__initial__/197/xtal_64.cif,81.11703,-17.588062
xtal_65.cif,./U3Si5/__initial__/197/xtal_65.cif,-7.0822043,53.531223
xtal_66.cif,./U3Si5/__initial__/197/xtal_66.cif,78.41574,-26.564459
xtal_67.cif,./U3Si5/197/xtal_67.cif,-35.262043,98.772064
xtal_68.cif,./U3Si5/197/xtal_68.cif,-78.369865,73.93686
xtal_69.cif,./U3Si5/197/xtal_69.cif,-22.098566,-63.604202
xtal_7.cif,./U3Si5/__initial__/197/xtal_7.cif,-20.251705,84.53675
xtal_70.cif,./U3Si5/__initial__/197/xtal_70.cif,-84.96063,-56.87772
xtal_71.cif,./U3Si5/__initial__/197/xtal_71.cif,-24.945324,54.690563
xtal_72.cif,./U3Si5/__initial__/197/xtal_72.cif,-16.879602,21.612087
xtal_73.cif,./U3Si5/__initial__/197/xtal_73.cif,-9.9112015,59.663624
xtal_74.cif,./U3Si5/197/xtal_74.cif,62.973774,-59.16328
xtal_75.cif,./U3Si5/__initial__/197/xtal_75.cif,8.14428,108.63525
xtal_76.cif,./U3Si5/197/xtal_76.cif,62.706264,-59.2447
xtal_77.cif,./U3Si5/197/xtal_77.cif,75.25822,-26.396431
xtal_78.cif,./U3Si5/__initial__/197/xtal_78.cif,-8.009591,60.993404
xtal_79.cif,./U3Si5/197/xtal_79.cif,-23.821163,-65.18891
xtal_8.cif,./U3Si5/__initial__/197/xtal_8.cif,-105.37416,9.107635
xtal_80.cif,./U3Si5/__initial__/197/xtal_80.cif,-105.20749,9.4931
xtal_81.cif,./U3Si5/__initial__/197/xtal_81.cif,-53.078323,-16.639374
xtal_82.cif,./U3Si5/197/xtal_82.cif,-28.454185,112.37186
xtal_83.cif,./U3Si5/197/xtal_83.cif,-32.81444,-98.50684
xtal_84.cif,./U3Si5/197/xtal_84.cif,-31.828894,-100.99908
xtal_85.cif,./U3Si5/__initial__/197/xtal_85.cif,79.8971,-14.154273
xtal_86.cif,./U3Si5/197/xtal_86.cif,-115.653656,31.847809
xtal_87.cif,./U3Si5/__initial__/197/xtal_87.cif,-60.59712,69.23857
xtal_88.cif,./U3Si5/__initial__/197/xtal_88.cif,-21.643044,24.24915
xtal_89.cif,./U3Si5/__initial__/197/xtal_89.cif,78.55653,-14.347083
xtal_9.cif,./U3Si5/197/xtal_9.cif,63.36989,-58.526817
xtal_90.cif,./U3Si5/197/xtal_90.cif,-28.125261,-10.393972
xtal_91.cif,./U3Si5/197/xtal_91.cif,63.332764,-59.067562
xtal_92.cif,./U3Si5/197/xtal_92.cif,-25.97524,8.413993
xtal_93.cif,./U3Si5/__initial__/197/xtal_93.cif,-25.048006,55.36746
xtal_94.cif,./U3Si5/197/xtal_94.cif,-26.844015,-62.882633
xtal_95.cif,./U3Si5/__initial__/197/xtal_95.cif,-67.19438,-3.6429336
xtal_96.cif,./U3Si5/__initial__/197/xtal_96.cif,-5.2020397,57.398808
xtal_97.cif,./U3Si5/__initial__/197/xtal_97.cif,-28.403065,112.1883
xtal_98.cif,./U3Si5/197/xtal_98.cif,-23.271152,-78.79341
xtal_99.cif,./U3Si5/__initial__/197/xtal_99.cif,81.424164,-18.30158
xtal_1.cif,./U3Si5/200/xtal_1.cif,-28.149958,-30.521614
xtal_10.cif,./U3Si5/__initial__/200/xtal_10.cif,-89.750885,13.253789
xtal_100.cif,./U3Si5/200/xtal_100.cif,-30.420622,-25.659767
xtal_11.cif,./U3Si5/__initial__/200/xtal_11.cif,81.055115,-16.452438
xtal_12.cif,./U3Si5/__initial__/200/xtal_12.cif,-50.723858,-6.2720823
xtal_13.cif,./U3Si5/__initial__/200/xtal_13.cif,27.589455,-105.18954
xtal_14.cif,./U3Si5/__initial__/200/xtal_14.cif,-94.72761,39.237774
xtal_15.cif,./U3Si5/__initial__/200/xtal_15.cif,2.5406,-62.282806
xtal_16.cif,./U3Si5/__initial__/200/xtal_16.cif,-57.0291,-6.60906
xtal_17.cif,./U3Si5/__initial__/200/xtal_17.cif,25.283587,-72.433304
xtal_18.cif,./U3Si5/__initial__/200/xtal_18.cif,-50.273945,94.15805
xtal_19.cif,./U3Si5/200/xtal_19.cif,4.1503243,-70.70172
xtal_2.cif,./U3Si5/__initial__/200/xtal_2.cif,-6.254614,50.066868
xtal_20.cif,./U3Si5/__initial__/200/xtal_20.cif,-28.045835,22.92911
xtal_21.cif,./U3Si5/__initial__/200/xtal_21.cif,27.123932,-79.57478
xtal_22.cif,./U3Si5/__initial__/200/xtal_22.cif,-30.778908,-24.997202
xtal_23.cif,./U3Si5/200/xtal_23.cif,-78.66292,-41.58381
xtal_24.cif,./U3Si5/__initial__/200/xtal_24.cif,7.930653,95.0529
xtal_25.cif,./U3Si5/__initial__/200/xtal_25.cif,-101.32838,14.700612
xtal_26.cif,./U3Si5/__initial__/200/xtal_26.cif,63.614544,-56.917206
xtal_27.cif,./U3Si5/200/xtal_27.cif,7.1281185,-68.19826
xtal_28.cif,./U3Si5/200/xtal_28.cif,-81.99987,-66.87042
xtal_29.cif,./U3Si5/200/xtal_29.cif,27.746016,-103.92455
xtal_3.cif,./U3Si5/__initial__/200/xtal_3.cif,-7.6435103,-79.40522
xtal_30.cif,./U3Si5/200/xtal_30.cif,75.68867,-50.864964
xtal_31.cif,./U3Si5/__initial__/200/xtal_31.cif,-72.93693,72.09252
xtal_32.cif,./U3Si5/200/xtal_32.cif,-114.76492,32.3694
xtal_33.cif,./U3Si5/__initial__/200/xtal_33.cif,-24.8117,68.41719
xtal_34.cif,./U3Si5/__initial__/200/xtal_34.cif,6.974342,-63.264366
xtal_35.cif,./U3Si5/__initial__/200/xtal_35.cif,-47.54332,98.36642
xtal_36.cif,./U3Si5/200/xtal_36.cif,54.34121,-40.502995
xtal_37.cif,./U3Si5/__initial__/200/xtal_37.cif,-14.595742,-99.277626
xtal_38.cif,./U3Si5/__initial__/200/xtal_38.cif,62.51933,-84.844124
xtal_39.cif,./U3Si5/__initial__/200/xtal_39.cif,-72.2287,-66.818
xtal_4.cif,./U3Si5/__initial__/200/xtal_4.cif,-9.81938,112.927025
xtal_40.cif,./U3Si5/__initial__/200/xtal_40.cif,-38.758472,-31.063122
xtal_41.cif,./U3Si5/200/xtal_41.cif,-15.803606,-90.54376
xtal_42.cif,./U3Si5/__initial__/200/xtal_42.cif,-4.9350104,-47.97915
xtal_43.cif,./U3Si5/__initial__/200/xtal_43.cif,27.795225,-103.81302
xtal_44.cif,./U3Si5/200/xtal_44.cif,-77.61677,-70.641594
xtal_45.cif,./U3Si5/__initial__/200/xtal_45.cif,8.122195,-69.30631
xtal_46.cif,./U3Si5/200/xtal_46.cif,-55.865208,-77.26139
xtal_47.cif,./U3Si5/__initial__/200/xtal_47.cif,-65.82905,81.39887
xtal_48.cif,./U3Si5/__initial__/200/xtal_48.cif,82.84524,-14.573884
xtal_49.cif,./U3Si5/200/xtal_49.cif,-59.971073,-82.3467
xtal_5.cif,./U3Si5/200/xtal_5.cif,-28.272099,-30.141693
xtal_50.cif,./U3Si5/__initial__/200/xtal_50.cif,54.350624,-40.580456
xtal_51.cif,./U3Si5/__initial__/200/xtal_51.cif,4.490629,98.73812
xtal_52.cif,./U3Si5/__initial__/200/xtal_52.cif,-101.882286,19.880264
xtal_53.cif,./U3Si5/__initial__/200/xtal_53.cif,-102.36067,19.932413
xtal_54.cif,./U3Si5/__initial__/200/xtal_54.cif,-55.430294,-17.972462
xtal_55.cif,./U3Si5/200/xtal_55.cif,13.292618,-105.43079
xtal_56.cif,./U3Si5/__initial__/200/xtal_56.cif,-67.43668,81.77911
xtal_57.cif,./U3Si5/200/xtal_57.cif,84.47228,-44.820335
xtal_58.cif,./U3Si5/__initial__/200/xtal_58.cif,-16.413128,-87.429375
xtal_59.cif,./U3Si5/__initial__/200/xtal_59.cif,82.24446,-15.473305
xtal_6.cif,./U3Si5/__initial__/200/xtal_6.cif,-87.92999,51.672707
xtal_60.cif,./U3Si5/__initial__/200/xtal_60.cif,63.31852,-59.35018
xtal_61.cif,./U3Si5/__initial__/200/xtal_61.cif,-12.0249815,-77.32483
xtal_62.cif,./U3Si5/200/xtal_62.cif,-29.083912,-28.247692
xtal_63.cif,./U3Si5/200/xtal_63.cif,-27.850927,-49.066525
xtal_64.cif,./U3Si5/__initial__/200/xtal_64.cif,-71.74948,-66.2307
xtal_65.cif,./U3Si5/__initial__/200/xtal_65.cif,-89.980545,47.77313
xtal_66.cif,./U3Si5/__initial__/200/xtal_66.cif,-95.88873,-4.5730762
xtal_67.cif,./U3Si5/__initial__/200/xtal_67.cif,-51.900017,-11.588448
xtal_68.cif,./U3Si5/200/xtal_68.cif,12.946047,-106.03122
xtal_69.cif,./U3Si5/200/xtal_69.cif,10.569833,-102.33073
xtal_7.cif,./U3Si5/__initial__/200/xtal_7.cif,-34.59006,107.40138
xtal_70.cif,./U3Si5/__initial__/200/xtal_70.cif,10.1376505,-91.56198
xtal_71.cif,./U3Si5/__initial__/200/xtal_71.cif,-57.57984,27.52755
xtal_72.cif,./U3Si5/__initial__/200/xtal_72.cif,77.9354,-12.660648
xtal_73.cif,./U3Si5/200/xtal_73.cif,-36.087967,-92.67509
xtal_74.cif,./U3Si5/__initial__/200/xtal_74.cif,-61.188335,-11.143552
xtal_75.cif,./U3Si5/__initial__/200/xtal_75.cif,86.077484,-43.182854
xtal_76.cif,./U3Si5/200/xtal_76.cif,-63.445824,-64.49196
xtal_77.cif,./U3Si5/__initial__/200/xtal_77.cif,30.887295,-106.249825
xtal_78.cif,./U3Si5/__initial__/200/xtal_78.cif,-94.79472,39.179688
xtal_79.cif,./U3Si5/200/xtal_79.cif,15.830731,-97.055504
xtal_8.cif,./U3Si5/__initial__/200/xtal_8.cif,-22.55772,111.78386
xtal_80.cif,./U3Si5/__initial__/200/xtal_80.cif,95.00598,-16.42227
xtal_81.cif,./U3Si5/__initial__/200/xtal_81.cif,-28.214947,53.41561
xtal_82.cif,./U3Si5/200/xtal_82.cif,-89.393585,12.15557
xtal_83.cif,./U3Si5/__initial__/200/xtal_83.cif,15.233972,-94.03726
xtal_84.cif,./U3Si5/200/xtal_84.cif,77.80855,-52.09224
xtal_85.cif,./U3Si5/__initial__/200/xtal_85.cif,-6.182156,54.3231
xtal_86.cif,./U3Si5/__initial__/200/xtal_86.cif,78.70574,-25.787918
xtal_87.cif,./U3Si5/__initial__/200/xtal_87.cif,-22.04431,27.069685
xtal_88.cif,./U3Si5/__initial__/200/xtal_88.cif,-97.49213,10.446608
xtal_89.cif,./U3Si5/__initial__/200/xtal_89.cif,-40.60043,40.596684
xtal_9.cif,./U3Si5/__initial__/200/xtal_9.cif,5.6217523,-63.06101
xtal_90.cif,./U3Si5/200/xtal_90.cif,-32.97921,-95.4548
xtal_91.cif,./U3Si5/__initial__/200/xtal_91.cif,-65.87076,81.319305
xtal_92.cif,./U3Si5/200/xtal_92.cif,-98.73799,27.492136
xtal_93.cif,./U3Si5/__initial__/200/xtal_93.cif,-17.91841,58.124073
xtal_94.cif,./U3Si5/__initial__/200/xtal_94.cif,-46.15983,-89.567566
xtal_95.cif,./U3Si5/__initial__/200/xtal_95.cif,-50.676895,6.1997666
xtal_96.cif,./U3Si5/__initial__/200/xtal_96.cif,-31.490147,-58.509968
xtal_97.cif,./U3Si5/__initial__/200/xtal_97.cif,-50.179333,94.52308
xtal_98.cif,./U3Si5/__initial__/200/xtal_98.cif,-21.74189,-49.784046
xtal_99.cif,./U3Si5/200/xtal_99.cif,76.72966,-52.066654
xtal_1.cif,./U3Si5/201/xtal_1.cif,-70.081116,-79.47733
xtal_10.cif,./U3Si5/201/xtal_10.cif,-62.82191,-83.63843
xtal_100.cif,./U3Si5/201/xtal_100.cif,-94.038994,-49.45197
xtal_11.cif,./U3Si5/201/xtal_11.cif,77.19651,-28.362127
xtal_12.cif,./U3Si5/201/xtal_12.cif,-80.382675,83.73221
xtal_13.cif,./U3Si5/201/xtal_13.cif,-94.910934,-37.783916
xtal_14.cif,./U3Si5/__initial__/201/xtal_14.cif,73.34341,-27.533638
xtal_15.cif,./U3Si5/201/xtal_15.cif,-85.889305,-57.506588
xtal_16.cif,./U3Si5/201/xtal_16.cif,-21.451353,-70.82089
xtal_17.cif,./U3Si5/201/xtal_17.cif,-20.383904,-62.04554
xtal_18.cif,./U3Si5/201/xtal_18.cif,75.98401,-27.63438
xtal_19.cif,./U3Si5/__initial__/201/xtal_19.cif,80.492935,-21.52419
xtal_2.cif,./U3Si5/__initial__/201/xtal_2.cif,78.72267,-15.33648
xtal_20.cif,./U3Si5/201/xtal_20.cif,-42.07484,-97.147514
xtal_21.cif,./U3Si5/__initial__/201/xtal_21.cif,79.7803,-20.775148
xtal_22.cif,./U3Si5/__initial__/201/xtal_22.cif,81.50217,-18.043701
xtal_23.cif,./U3Si5/201/xtal_23.cif,-94.14606,-32.548004
xtal_24.cif,./U3Si5/__initial__/201/xtal_24.cif,-1.0235008,-56.05341
xtal_25.cif,./U3Si5/__initial__/201/xtal_25.cif,8.494086,109.972084
xtal_26.cif,./U3Si5/201/xtal_26.cif,-102.78253,59.239807
xtal_27.cif,./U3Si5/__initial__/201/xtal_27.cif,-8.971873,58.73311
xtal_28.cif,./U3Si5/201/xtal_28.cif,-31.34428,-101.16214
xtal_29.cif,./U3Si5/201/xtal_29.cif,-38.50879,-98.50145
xtal_3.cif,./U3Si5/201/xtal_3.cif,-32.303566,-100.80016
xtal_30.cif,./U3Si5/__initial__/201/xtal_30.cif,-19.767403,24.353746
xtal_31.cif,./U3Si5/__initial__/201/xtal_31.cif,-104.819954,-12.742013
xtal_32.cif,./U3Si5/__initial__/201/xtal_32.cif,80.960495,-21.709557
xtal_33.cif,./U3Si5/__initial__/201/xtal_33.cif,-53.398144,22.764132
xtal_34.cif,./U3Si5/__initial__/201/xtal_34.cif,-6.8951883,53.555244
xtal_35.cif,./U3Si5/201/xtal_35.cif,-30.017986,-49.191914
xtal_36.cif,./U3Si5/201/xtal_36.cif,74.98805,-26.748981
xtal_37.cif,./U3Si5/201/xtal_37.cif,-104.719345,-13.053273
xtal_38.cif,./U3Si5/__initial__/201/xtal_38.cif,-43.037315,52.817
xtal_39.cif,./U3Si5/201/xtal_39.cif,-18.781857,-63.194332
xtal_4.cif,./U3Si5/__initial__/201/xtal_4.cif,63.26313,-59.042385
xtal_40.cif,./U3Si5/__initial__/201/xtal_40.cif,-18.9505,-67.090416
xtal_41.cif,./U3Si5/201/xtal_41.cif,-18.811182,-62.707893
xtal_42.cif,./U3Si5/201/xtal_42.cif,73.07272,-27.728088
xtal_43.cif,./U3Si5/201/xtal_43.cif,-101.94157,-18.363699
xtal_44.cif,./U3Si5/201/xtal_44.cif,-29.664118,-48.854286
xtal_45.cif,./U3Si5/__initial__/201/xtal_45.cif,0.43566543,78.31215
xtal_46.cif,./U3Si5/201/xtal_46.cif,-97.88081,-23.52706
xtal_47.cif,./U3Si5/201/xtal_47.cif,-97.75434,-23.73315
xtal_48.cif,./U3Si5/201/xtal_48.cif,-115.58285,7.226309
xtal_49.cif,./U3Si5/201/xtal_49.cif,-116.97532,28.336697
xtal_5.cif,./U3Si5/__initial__/201/xtal_5.cif,-26.799545,76.33459
xtal_50.cif,./U3Si5/201/xtal_50.cif,-115.509026,34.547855
xtal_51.cif,./U3Si5/201/xtal_51.cif,-85.66679,-57.701443
xtal_52.cif,./U3Si5/201/xtal_52.cif,-32.8956,-54.384285
xtal_53.cif,./U3Si5/201/xtal_53.cif,-115.23857,35.79651
xtal_54.cif,./U3Si5/201/xtal_54.cif,-117.19946,12.357202
xtal_55.cif,./U3Si5/__initial__/201/xtal_55.cif,-37.698093,111.81238
xtal_56.cif,./U3Si5/__initial__/201/xtal_56.cif,1.8584118,115.936646
xtal_57.cif,./U3Si5/201/xtal_57.cif,-94.02773,-33.56254
xtal_58.cif,./U3Si5/201/xtal_58.cif,-57.24437,-86.511406
xtal_59.cif,./U3Si5/201/xtal_59.cif,-94.54553,-30.649855
xtal_6.cif,./U3Si5/201/xtal_6.cif,-57.072163,-86.63441
xtal_60.cif,./U3Si5/201/xtal_60.cif,-95.45783,-42.86907
xtal_61.cif,./U3Si5/__initial__/201/xtal_61.cif,-19.674427,24.089708
xtal_62.cif,./U3Si5/__initial__/201/xtal_62.cif,-26.235434,-62.326195
xtal_63.cif,./U3Si5/201/xtal_63.cif,-31.941624,-57.022366
xtal_64.cif,./U3Si5/__initial__/201/xtal_64.cif,-32.487366,-55.743614
xtal_65.cif,./U3Si5/__initial__/201/xtal_65.cif,-8.691059,60.61419
xtal_66.cif,./U3Si5/201/xtal_66.cif,-77.958176,-72.17933
xtal_67.cif,./U3Si5/201/xtal_67.cif,-40.577797,-97.70379
xtal_68.cif,./U3Si5/201/xtal_68.cif,-117.76584,15.717889
xtal_69.cif,./U3Si5/__initial__/201/xtal_69.cif,5.7623515,94.964165
xtal_7.cif,./U3Si5/__initial__/201/xtal_7.cif,-68.556145,-80.49677
xtal_70.cif,./U3Si5/201/xtal_70.cif,-60.60306,-84.67601
xtal_71.cif,./U3Si5/__initial__/201/xtal_71.cif,-8.867986,59.975548
xtal_72.cif,./U3Si5/__initial__/201/xtal_72.cif,-24.404081,-61.328896
xtal_73.cif,./U3Si5/__initial__/201/xtal_73.cif,-53.699043,25.080442
xtal_74.cif,./U3Si5/201/xtal_74.cif,-26.480835,118.20673
xtal_75.cif,./U3Si5/__initial__/201/xtal_75.cif,76.70704,-15.069186
xtal_76.cif,./U3Si5/__initial__/201/xtal_76.cif,-42.464664,41.50166
xtal_77.cif,./U3Si5/__initial__/201/xtal_77.cif,-111.51187,0.5971778
xtal_78.cif,./U3Si5/201/xtal_78.cif,-61.816235,-84.09553
xtal_79.cif,./U3Si5/__initial__/201/xtal_79.cif,-104.02507,-14.794849
xtal_8.cif,./U3Si5/__initial__/201/xtal_8.cif,-63.403847,-2.894253
xtal_80.cif,./U3Si5/201/xtal_80.cif,-99.23705,-21.533268
xtal_81.cif,./U3Si5/__initial__/201/xtal_81.cif,-80.338554,83.76304
xtal_82.cif,./U3Si5/201/xtal_82.cif,-90.03003,-54.646515
xtal_83.cif,./U3Si5/201/xtal_83.cif,-115.47686,34.72942
xtal_84.cif,./U3Si5/__initial__/201/xtal_84.cif,-63.15422,-83.470024
xtal_85.cif,./U3Si5/201/xtal_85.cif,-34.096004,-100.14969
xtal_86.cif,./U3Si5/201/xtal_86.cif,-116.13693,31.927511
xtal_87.cif,./U3Si5/__initial__/201/xtal_87.cif,-7.9240403,53.107967
xtal_88.cif,./U3Si5/201/xtal_88.cif,-99.737175,63.809883
xtal_89.cif,./U3Si5/__initial__/201/xtal_89.cif,-50.288113,1.5203459
xtal_9.cif,./U3Si5/201/xtal_9.cif,-68.34756,94.173744
xtal_90.cif,./U3Si5/201/xtal_90.cif,-117.38057,25.739147
xtal_91.cif,./U3Si5/__initial__/201/xtal_91.cif,-20.129063,25.57137
xtal_92.cif,./U3Si5/201/xtal_92.cif,-117.89409,17.425133
xtal_93.cif,./U3Si5/201/xtal_93.cif,-94.71667,-48.04838
xtal_94.cif,./U3Si5/__initial__/201/xtal_94.cif,-28.38523,-47.572838
xtal_95.cif,./U3Si5/__initial__/201/xtal_95.cif,-1.6388599,-55.957493
xtal_96.cif,./U3Si5/201/xtal_96.cif,-109.82712,-1.4038928
xtal_97.cif,./U3Si5/__initial__/201/xtal_97.cif,-62.772034,100.53707
xtal_98.cif,./U3Si5/__initial__/201/xtal_98.cif,83.23438,-15.356034
xtal_99.cif,./U3Si5/201/xtal_99.cif,-77.117775,85.83261
xtal_1.cif,./U3Si5/__initial__/204/xtal_1.cif,-94.09448,-34.91107
xtal_10.cif,./U3Si5/__initial__/204/xtal_10.cif,-99.4384,-21.274057
xtal_100.cif,./U3Si5/__initial__/204/xtal_100.cif,-116.712326,10.335103
xtal_11.cif,./U3Si5/__initial__/204/xtal_11.cif,-100.9505,-19.597683
xtal_12.cif,./U3Si5/__initial__/204/xtal_12.cif,1.7072498,116.13193
xtal_13.cif,./U3Si5/__initial__/204/xtal_13.cif,-42.93818,-96.80251
xtal_14.cif,./U3Si5/204/xtal_14.cif,-94.727196,-29.970509
xtal_15.cif,./U3Si5/204/xtal_15.cif,-61.14963,-84.40962
xtal_16.cif,./U3Si5/__initial__/204/xtal_16.cif,-107.28691,-4.5682454
xtal_17.cif,./U3Si5/204/xtal_17.cif,-50.48606,-92.00667
xtal_18.cif,./U3Si5/__initial__/204/xtal_18.cif,-116.52427,9.745414
xtal_19.cif,./U3Si5/__initial__/204/xtal_19.cif,-61.95548,-84.03502
xtal_2.cif,./U3Si5/__initial__/204/xtal_2.cif,-88.243614,77.328415
xtal_20.cif,./U3Si5/__initial__/204/xtal_20.cif,-49.830746,-92.5169
xtal_21.cif,./U3Si5/__initial__/204/xtal_21.cif,-95.233154,-39.301918
xtal_22.cif,./U3Si5/__initial__/204/xtal_22.cif,-93.29915,-50.4975
xtal_23.cif,./U3Si5/__initial__/204/xtal_23.cif,-81.69791,-67.42582
xtal_24.cif,./U3Si5/__initial__/204/xtal_24.cif,-94.04786,-33.247795
xtal_25.cif,./U3Si5/__initial__/204/xtal_25.cif,-71.15766,90.657684
xtal_26.cif,./U3Si5/__initial__/204/xtal_26.cif,-95.466866,-43.182056
xtal_27.cif,./U3Si5/__initial__/204/xtal_27.cif,-31.490772,-101.12088
xtal_28.cif,./U3Si5/__initial__/204/xtal_28.cif,-94.63446,-48.283768
xtal_29.cif,./U3Si5/__initial__/204/xtal_29.cif,-115.29954,35.535404
xtal_3.cif,./U3Si5/__initial__/204/xtal_3.cif,-46.3329,-94.92367
xtal_30.cif,./U3Si5/204/xtal_30.cif,-115.68524,33.79964
xtal_31.cif,./U3Si5/__initial__/204/xtal_31.cif,-116.079704,8.458913
xtal_32.cif,./U3Si5/__initial__/204/xtal_32.cif,-114.74562,37.709194
xtal_33.cif,./U3Si5/__initial__/204/xtal_33.cif,-66.3485,-81.90298
xtal_34.cif,./U3Si5/__initial__/204/xtal_34.cif,-58.8595,-85.54999
xtal_35.cif,./U3Si5/__initial__/204/xtal_35.cif,-43.136444,-96.716965
xtal_36.cif,./U3Si5/__initial__/204/xtal_36.cif,-83.03939,-61.928467
xtal_37.cif,./U3Si5/__initial__/204/xtal_37.cif,-95.47717,-43.69761
xtal_38.cif,./U3Si5/__initial__/204/xtal_38.cif,-78.34068,-71.6282
xtal_39.cif,./U3Si5/__initial__/204/xtal_39.cif,-33.258907,-100.40689
xtal_4.cif,./U3Si5/__initial__/204/xtal_4.cif,-106.944695,-5.3236036
xtal_40.cif,./U3Si5/__initial__/204/xtal_40.cif,-70.46514,91.51762
xtal_41.cif,./U3Si5/__initial__/204/xtal_41.cif,-100.16329,63.140537
xtal_42.cif,./U3Si5/204/xtal_42.cif,-85.41445,-57.94571
xtal_43.cif,./U3Si5/__initial__/204/xtal_43.cif,-101.17681,-19.34694
xtal_44.cif,./U3Si5/__initial__/204/xtal_44.cif,-77.72938,85.45685
xtal_45.cif,./U3Si5/__initial__/204/xtal_45.cif,-32.842617,-100.57023
xtal_46.cif,./U3Si5/__initial__/204/xtal_46.cif,1.0899796,116.997284
xtal_47.cif,./U3Si5/__initial__/204/xtal_47.cif,-97.155426,-24.767479
xtal_48.cif,./U3Si5/__initial__/204/xtal_48.cif,-109.2401,-2.075256
xtal_49.cif,./U3Si5/__initial__/204/xtal_49.cif,-114.83891,37.320255
xtal_5.cif,./U3Si5/__initial__/204/xtal_5.cif,-106.25434,-7.3908596
xtal_50.cif,./U3Si5/204/xtal_50.cif,-111.616875,0.73523426
xtal_51.cif,./U3Si5/__initial__/204/xtal_51.cif,-85.86623,-57.525375
xtal_52.cif,./U3Si5/__initial__/204/xtal_52.cif,-102.124214,-18.082716
xtal_53.cif,./U3Si5/__initial__/204/xtal_53.cif,-70.40828,91.601074
xtal_54.cif,./U3Si5/__initial__/204/xtal_54.cif,-110.50645,-0.6323249
xtal_55.cif,./U3Si5/__initial__/204/xtal_55.cif,-38.74587,-98.39162
xtal_56.cif,./U3Si5/__initial__/204/xtal_56.cif,-115.806244,33.330948
xtal_57.cif,./U3Si5/__initial__/204/xtal_57.cif,-115.79456,7.7210436
xtal_58.cif,./U3Si5/__initial__/204/xtal_58.cif,-94.943436,-37.89903
xtal_59.cif,./U3Si5/__initial__/204/xtal_59.cif,-51.081165,-91.50686
xtal_6.cif,./U3Si5/__initial__/204/xtal_6.cif,-95.015366,-38.17586
xtal_60.cif,./U3Si5/__initial__/204/xtal_60.cif,-78.521935,-71.4039
xtal_61.cif,./U3Si5/__initial__/204/xtal_61.cif,-63.361233,99.92186
xtal_62.cif,./U3Si5/__initial__/204/xtal_62.cif,-94.40233,-48.863346
xtal_63.cif,./U3Si5/__initial__/204/xtal_63.cif,-108.29404,-3.1719618
xtal_64.cif,./U3Si5/__initial__/204/xtal_64.cif,-68.35894,-80.62093
xtal_65.cif,./U3Si5/__initial__/204/xtal_65.cif,8.582808,109.87402
xtal_66.cif,./U3Si5/__initial__/204/xtal_66.cif,-81.61516,82.87999
xtal_67.cif,./U3Si5/__initial__/204/xtal_67.cif,-81.83423,-67.2346
xtal_68.cif,./U3Si5/__initial__/204/xtal_68.cif,-99.87396,63.607723
xtal_69.cif,./U3Si5/__initial__/204/xtal_69.cif,-37.90869,-98.788994
xtal_7.cif,./U3Si5/__initial__/204/xtal_7.cif,-117.604256,14.356166
xtal_70.cif,./U3Si5/__initial__/204/xtal_70.cif,-62.61113,100.72094
xtal_71.cif,./U3Si5/__initial__/204/xtal_71.cif,-28.42171,117.09705
xtal_72.cif,./U3Si5/__initial__/204/xtal_72.cif,-57.83204,-86.12194
xtal_73.cif,./U3Si5/__initial__/204/xtal_73.cif,-81.115974,-68.17445
xtal_74.cif,./U3Si5/__initial__/204/xtal_74.cif,-53.540146,-89.326836
xtal_75.cif,./U3Si5/__initial__/204/xtal_75.cif,-81.60138,-67.54398
xtal_76.cif,./U3Si5/__initial__/204/xtal_76.cif,-97.17754,-24.727104
xtal_77.cif,./U3Si5/204/xtal_77.cif,-52.987576,-89.82247
xtal_78.cif,./U3Si5/__initial__/204/xtal_78.cif,-73.94232,-76.67663
xtal_79.cif,./U3Si5/__initial__/204/xtal_79.cif,-94.03323,-49.459225
xtal_8.cif,./U3Si5/__initial__/204/xtal_8.cif,-94.89993,-29.42066
xtal_80.cif,./U3Si5/__initial__/204/xtal_80.cif,-25.729115,118.624756
xtal_81.cif,./U3Si5/__initial__/204/xtal_81.cif,-57.271194,-86.48671
xtal_82.cif,./U3Si5/__initial__/204/xtal_82.cif,-33.727997,-100.26702
xtal_83.cif,./U3Si5/204/xtal_83.cif,-117.41748,25.472551
xtal_84.cif,./U3Si5/__initial__/204/xtal_84.cif,-85.688705,-57.685898
xtal_85.cif,./U3Si5/__initial__/204/xtal_85.cif,-86.07271,-57.34916
xtal_86.cif,./U3Si5/__initial__/204/xtal_86.cif,-117.53864,14.076825
xtal_87.cif,./U3Si5/204/xtal_87.cif,-116.77844,10.536729
xtal_88.cif,./U3Si5/204/xtal_88.cif,-48.9831,-93.12682
xtal_89.cif,./U3Si5/__initial__/204/xtal_89.cif,-82.950676,81.88345
xtal_9.cif,./U3Si5/__initial__/204/xtal_9.cif,-43.683815,-96.44874
xtal_90.cif,./U3Si5/__initial__/204/xtal_90.cif,-71.69919,-78.326485
xtal_91.cif,./U3Si5/204/xtal_91.cif,-49.19702,-92.976204
xtal_92.cif,./U3Si5/__initial__/204/xtal_92.cif,-22.920494,120.644905
xtal_93.cif,./U3Si5/204/xtal_93.cif,-62.74928,-83.67272
xtal_94.cif,./U3Si5/204/xtal_94.cif,-57.791492,-86.15049
xtal_95.cif,./U3Si5/__initial__/204/xtal_95.cif,-95.148224,-38.78909
xtal_96.cif,./U3Si5/__initial__/204/xtal_96.cif,-102.47472,59.70113
xtal_97.cif,./U3Si5/__initial__/204/xtal_97.cif,7.815289,110.62493
xtal_98.cif,./U3Si5/__initial__/204/xtal_98.cif,-39.98064,-97.92333
xtal_99.cif,./U3Si5/204/xtal_99.cif,-63.44917,-83.32989
xtal_1.cif,./U3Si5/__initial__/207/xtal_1.cif,-46.353687,26.619184
xtal_10.cif,./U3Si5/__initial__/207/xtal_10.cif,79.08446,-19.551266
xtal_100.cif,./U3Si5/207/xtal_100.cif,-30.19557,-26.075462
xtal_11.cif,./U3Si5/__initial__/207/xtal_11.cif,63.175022,27.840004
xtal_12.cif,./U3Si5/__initial__/207/xtal_12.cif,77.5026,-28.269619
xtal_13.cif,./U3Si5/__initial__/207/xtal_13.cif,-94.12335,33.658726
xtal_14.cif,./U3Si5/__initial__/207/xtal_14.cif,46.729683,-41.91224
xtal_15.cif,./U3Si5/__initial__/207/xtal_15.cif,-28.444155,-29.714373
xtal_16.cif,./U3Si5/__initial__/207/xtal_16.cif,-33.181705,-20.8756
xtal_17.cif,./U3Si5/__initial__/207/xtal_17.cif,-54.125156,-60.848488
xtal_18.cif,./U3Si5/__initial__/207/xtal_18.cif,1.7907878,-61.977245
xtal_19.cif,./U3Si5/__initial__/207/xtal_19.cif,-27.13027,-79.475494
xtal_2.cif,./U3Si5/__initial__/207/xtal_2.cif,-60.991653,35.788242
xtal_20.cif,./U3Si5/__initial__/207/xtal_20.cif,-28.53359,-29.50771
xtal_21.cif,./U3Si5/207/xtal_21.cif,-32.318657,-22.246828
xtal_22.cif,./U3Si5/207/xtal_22.cif,-33.09594,-95.37968
xtal_23.cif,./U3Si5/__initial__/207/xtal_23.cif,-45.258884,87.43231
xtal_24.cif,./U3Si5/__initial__/207/xtal_24.cif,-54.275127,-65.446335
xtal_25.cif,./U3Si5/__initial__/207/xtal_25.cif,81.154816,-15.893307
xtal_26.cif,./U3Si5/207/xtal_26.cif,54.4063,-40.69462
xtal_27.cif,./U3Si5/__initial__/207/xtal_27.cif,10.598278,-101.63749
xtal_28.cif,./U3Si5/__initial__/207/xtal_28.cif,-100.49894,19.777529
xtal_29.cif,./U3Si5/__initial__/207/xtal_29.cif,112.9106,-1.0039086
xtal_3.cif,./U3Si5/__initial__/207/xtal_3.cif,76.802864,-28.309
xtal_30.cif,./U3Si5/__initial__/207/xtal_30.cif,-37.04221,-92.99401
xtal_31.cif,./U3Si5/__initial__/207/xtal_31.cif,-93.10362,22.37746
xtal_32.cif,./U3Si5/__initial__/207/xtal_32.cif,46.661053,-83.779144
xtal_33.cif,./U3Si5/__initial__/207/xtal_33.cif,-30.743618,-25.065025
xtal_34.cif,./U3Si5/__initial__/207/xtal_34.cif,-47.70999,88.04485
xtal_35.cif,./U3Si5/__initial__/207/xtal_35.cif,-49.434837,-77.39418
xtal_36.cif,./U3Si5/__initial__/207/xtal_36.cif,29.312824,-64.363884
xtal_37.cif,./U3Si5/207/xtal_37.cif,84.934616,-44.39647
xtal_38.cif,./U3Si5/207/xtal_38.cif,-76.35238,-67.033226
xtal_39.cif,./U3Si5/__initial__/207/xtal_39.cif,-38.139713,-96.418144
xtal_4.cif,./U3Si5/__initial__/207/xtal_4.cif,-66.941574,48.456795
xtal_40.cif,./U3Si5/__initial__/207/xtal_40.cif,-81.37763,63.25699
xtal_41.cif,./U3Si5/__initial__/207/xtal_41.cif,-1.475516,-65.605865
xtal_42.cif,./U3Si5/__initial__/207/xtal_42.cif,17.808416,-105.50204
xtal_43.cif,./U3Si5/__initial__/207/xtal_43.cif,30.523924,-106.18303
xtal_44.cif,./U3Si5/__initial__/207/xtal_44.cif,-58.072815,-17.549393
xtal_45.cif,./U3Si5/__initial__/207/xtal_45.cif,100.46267,-2.88761
xtal_46.cif,./U3Si5/207/xtal_46.cif,83.20254,-46.448593
xtal_47.cif,./U3Si5/__initial__/207/xtal_47.cif,95.159775,-16.03043
xtal_48.cif,./U3Si5/__initial__/207/xtal_48.cif,-94.946045,-4.2546525
xtal_49.cif,./U3Si5/__initial__/207/xtal_49.cif,-6.724304,113.861465
xtal_5.cif,./U3Si5/__initial__/207/xtal_5.cif,76.45287,-51.84007
xtal_50.cif,./U3Si5/__initial__/207/xtal_50.cif,-100.273605,19.84138
xtal_51.cif,./U3Si5/__initial__/207/xtal_51.cif,-90.20572,47.194717
xtal_52.cif,./U3Si5/__initial__/207/xtal_52.cif,-16.28345,-70.06306
xtal_53.cif,./U3Si5/207/xtal_53.cif,-33.509285,-20.559937
xtal_54.cif,./U3Si5/__initial__/207/xtal_54.cif,-81.378006,-25.080532
xtal_55.cif,./U3Si5/__initial__/207/xtal_55.cif,3.8093505,-65.20598
xtal_56.cif,./U3Si5/__initial__/207/xtal_56.cif,72.53139,-28.39014
xtal_57.cif,./U3Si5/__initial__/207/xtal_57.cif,28.66478,-106.04645
xtal_58.cif,./U3Si5/__initial__/207/xtal_58.cif,-59.550182,-2.1966953
xtal_59.cif,./U3Si5/207/xtal_59.cif,-32.536133,-21.85768
xtal_6.cif,./U3Si5/__initial__/207/xtal_6.cif,20.52121,-75.95874
xtal_60.cif,./U3Si5/__initial__/207/xtal_60.cif,-51.611134,7.434622
xtal_61.cif,./U3Si5/__initial__/207/xtal_61.cif,-50.49187,93.23841
xtal_62.cif,./U3Si5/__initial__/207/xtal_62.cif,-68.04049,-29.438622
xtal_63.cif,./U3Si5/__initial__/207/xtal_63.cif,-102.98457,-3.68785
xtal_64.cif,./U3Si5/__initial__/207/xtal_64.cif,-48.54092,-85.80737
xtal_65.cif,./U3Si5/__initial__/207/xtal_65.cif,75.970604,-51.291157
xtal_66.cif,./U3Si5/207/xtal_66.cif,85.47696,-43.82837
xtal_67.cif,./U3Si5/__initial__/207/xtal_67.cif,24.830336,-74.56624
xtal_68.cif,./U3Si5/__initial__/207/xtal_68.cif,81.55576,-18.509789
xtal_69.cif,./U3Si5/__initial__/207/xtal_69.cif,33.774017,-107.18538
xtal_7.cif,./U3Si5/__initial__/207/xtal_7.cif,30.04197,-105.512215
xtal_70.cif,./U3Si5/__initial__/207/xtal_70.cif,-35.51187,49.230164
xtal_71.cif,./U3Si5/207/xtal_71.cif,-28.241049,-30.231134
xtal_72.cif,./U3Si5/__initial__/207/xtal_72.cif,-23.969881,-100.23973
xtal_73.cif,./U3Si5/__initial__/207/xtal_73.cif,94.907196,-54.025486
xtal_74.cif,./U3Si5/__initial__/207/xtal_74.cif,106.145645,-2.816545
xtal_75.cif,./U3Si5/__initial__/207/xtal_75.cif,13.230689,-106.84744
xtal_76.cif,./U3Si5/207/xtal_76.cif,83.208374,-46.434967
xtal_77.cif,./U3Si5/__initial__/207/xtal_77.cif,-31.327093,-24.013845
xtal_78.cif,./U3Si5/__initial__/207/xtal_78.cif,-91.36145,-47.49773
xtal_79.cif,./U3Si5/__initial__/207/xtal_79.cif,30.948483,-106.31155
xtal_8.cif,./U3Si5/__initial__/207/xtal_8.cif,97.13623,-32.325874
xtal_80.cif,./U3Si5/__initial__/207/xtal_80.cif,-44.48489,-19.160864
xtal_81.cif,./U3Si5/207/xtal_81.cif,-28.321613,-30.010777
xtal_82.cif,./U3Si5/__initial__/207/xtal_82.cif,-52.19246,6.760799
xtal_83.cif,./U3Si5/__initial__/207/xtal_83.cif,4.7661405,-63.68581
xtal_84.cif,./U3Si5/__initial__/207/xtal_84.cif,-42.248775,-20.270144
xtal_85.cif,./U3Si5/__initial__/207/xtal_85.cif,29.180931,-105.64538
xtal_86.cif,./U3Si5/__initial__/207/xtal_86.cif,-28.943718,-28.555973
xtal_87.cif,./U3Si5/__initial__/207/xtal_87.cif,44.655457,-48.35617
xtal_88.cif,./U3Si5/__initial__/207/xtal_88.cif,-43.129135,-30.994055
xtal_89.cif,./U3Si5/__initial__/207/xtal_89.cif,62.407158,-84.80508
xtal_9.cif,./U3Si5/__initial__/207/xtal_9.cif,-95.07365,-4.321587
xtal_90.cif,./U3Si5/207/xtal_90.cif,-46.359684,-94.90631
xtal_91.cif,./U3Si5/__initial__/207/xtal_91.cif,-19.277987,-100.585205
xtal_92.cif,./U3Si5/207/xtal_92.cif,-28.20975,-30.330387
xtal_93.cif,./U3Si5/__initial__/207/xtal_93.cif,-94.635284,39.339645
xtal_94.cif,./U3Si5/__initial__/207/xtal_94.cif,-115.09071,7.636602
xtal_95.cif,./U3Si5/__initial__/207/xtal_95.cif,-95.245384,-10.692909
xtal_96.cif,./U3Si5/__initial__/207/xtal_96.cif,-42.337414,22.315374
xtal_97.cif,./U3Si5/__initial__/207/xtal_97.cif,-99.78203,61.092247
xtal_98.cif,./U3Si5/207/xtal_98.cif,-31.570086,-53.128387
xtal_99.cif,./U3Si5/__initial__/207/xtal_99.cif,-56.558193,36.883583
xtal_1.cif,./U3Si5/208/xtal_1.cif,-61.115253,-55.10042
xtal_10.cif,./U3Si5/__initial__/208/xtal_10.cif,-44.533737,-21.05712
xtal_100.cif,./U3Si5/208/xtal_100.cif,-54.30808,-84.79882
xtal_11.cif,./U3Si5/208/xtal_11.cif,-54.416634,-84.73088
xtal_12.cif,./U3Si5/__initial__/208/xtal_12.cif,12.599431,-105.14184
xtal_13.cif,./U3Si5/208/xtal_13.cif,8.818667,-93.09746
xtal_14.cif,./U3Si5/__initial__/208/xtal_14.cif,-32.250763,102.88314
xtal_15.cif,./U3Si5/208/xtal_15.cif,18.998598,-100.588066
xtal_16.cif,./U3Si5/__initial__/208/xtal_16.cif,-42.03736,59.257862
xtal_17.cif,./U3Si5/__initial__/208/xtal_17.cif,-19.50299,-86.50031
xtal_18.cif,./U3Si5/208/xtal_18.cif,3.1852636,-96.53458
xtal_19.cif,./U3Si5/208/xtal_19.cif,-41.168526,-94.292816
xtal_2.cif,./U3Si5/208/xtal_2.cif,-19.893925,-99.330376
xtal_20.cif,./U3Si5/208/xtal_20.cif,13.859436,-94.85757
xtal_21.cif,./U3Si5/__initial__/208/xtal_21.cif,-21.50601,-62.99668
xtal_22.cif,./U3Si5/__initial__/208/xtal_22.cif,-48.639095,90.64914
xtal_23.cif,./U3Si5/208/xtal_23.cif,-43.58038,-96.50409
xtal_24.cif,./U3Si5/208/xtal_24.cif,-69.90021,-14.541638
xtal_25.cif,./U3Si5/__initial__/208/xtal_25.cif,-3.2237477,-58.97809
xtal_26.cif,./U3Si5/__initial__/208/xtal_26.cif,-44.640835,-21.510881
xtal_27.cif,./U3Si5/__initial__/208/xtal_27.cif,-60.551617,-49.28589
xtal_28.cif,./U3Si5/208/xtal_28.cif,-32.288006,-98.331436
xtal_29.cif,./U3Si5/__initial__/208/xtal_29.cif,-17.681198,-71.184296
xtal_3.cif,./U3Si5/__initial__/208/xtal_3.cif,-57.431602,1.5203096
xtal_30.cif,./U3Si5/208/xtal_30.cif,-54.722694,-84.5785
xtal_31.cif,./U3Si5/__initial__/208/xtal_31.cif,4.4272985,-70.53583
xtal_32.cif,./U3Si5/__initial__/208/xtal_32.cif,-31.104965,70.88917
xtal_33.cif,./U3Si5/208/xtal_33.cif,-49.740265,-92.58694
xtal_34.cif,./U3Si5/__initial__/208/xtal_34.cif,-71.69247,-62.633224
xtal_35.cif,./U3Si5/__initial__/208/xtal_35.cif,-41.87257,59.470547
xtal_36.cif,./U3Si5/208/xtal_36.cif,-13.462465,-102.278694
xtal_37.cif,./U3Si5/208/xtal_37.cif,-27.458961,-79.335045
xtal_38.cif,./U3Si5/208/xtal_38.cif,-17.643503,-99.57025
xtal_39.cif,./U3Si5/208/xtal_39.cif,-50.083767,-92.31551
xtal_4.cif,./U3Si5/__initial__/208/xtal_4.cif,-61.28253,0.31131306
xtal_40.cif,./U3Si5/__initial__/208/xtal_40.cif,-56.80183,-12.686275
xtal_41.cif,./U3Si5/__initial__/208/xtal_41.cif,-21.507286,-61.96902
xtal_42.cif,./U3Si5/__initial__/208/xtal_42.cif,-102.06971,60.30567
xtal_43.cif,./U3Si5/208/xtal_43.cif,-31.659575,-52.80443
xtal_44.cif,./U3Si5/__initial__/208/xtal_44.cif,-53.670696,22.649403
xtal_45.cif,./U3Si5/208/xtal_45.cif,15.515628,-96.402
xtal_46.cif,./U3Si5/__initial__/208/xtal_46.cif,-61.861565,60.71454
xtal_47.cif,./U3Si5/__initial__/208/xtal_47.cif,-16.073647,-57.876255
xtal_48.cif,./U3Si5/__initial__/208/xtal_48.cif,-51.990246,5.6990023
xtal_49.cif,./U3Si5/208/xtal_49.cif,-85.1327,-58.31994
xtal_5.cif,./U3Si5/__initial__/208/xtal_5.cif,-27.38194,-79.42175
xtal_50.cif,./U3Si5/__initial__/208/xtal_50.cif,-41.879017,59.444366
xtal_51.cif,./U3Si5/__initial__/208/xtal_51.cif,-16.019432,-89.61758
xtal_52.cif,./U3Si5/__initial__/208/xtal_52.cif,-35.657856,-64.06852
xtal_53.cif,./U3Si5/__initial__/208/xtal_53.cif,80.04314,-14.163063
xtal_54.cif,./U3Si5/208/xtal_54.cif,-17.502182,-99.62221
xtal_55.cif,./U3Si5/__initial__/208/xtal_55.cif,-19.222883,-86.654305
xtal_56.cif,./U3Si5/__initial__/208/xtal_56.cif,-73.66251,-76.89238
xtal_57.cif,./U3Si5/208/xtal_57.cif,-81.83335,82.72109
xtal_58.cif,./U3Si5/__initial__/208/xtal_58.cif,-24.25085,77.44366
xtal_59.cif,./U3Si5/208/xtal_59.cif,-31.154581,-75.75946
xtal_6.cif,./U3Si5/__initial__/208/xtal_6.cif,-61.22986,-11.136831
xtal_60.cif,./U3Si5/208/xtal_60.cif,-76.91782,-50.385292
xtal_61.cif,./U3Si5/208/xtal_61.cif,-78.3351,-39.423126
xtal_62.cif,./U3Si5/208/xtal_62.cif,19.355862,-100.64433
xtal_63.cif,./U3Si5/208/xtal_63.cif,13.332409,-104.8873
xtal_64.cif,./U3Si5/__initial__/208/xtal_64.cif,-21.95734,25.182196
xtal_65.cif,./U3Si5/__initial__/208/xtal_65.cif,-52.1781,-10.727327
xtal_66.cif,./U3Si5/208/xtal_66.cif,-35.500114,-60.120453
xtal_67.cif,./U3Si5/__initial__/208/xtal_67.cif,-44.29185,58.88007
xtal_68.cif,./U3Si5/208/xtal_68.cif,18.430374,-99.84791
xtal_69.cif,./U3Si5/__initial__/208/xtal_69.cif,-11.976459,108.18365
xtal_7.cif,./U3Si5/__initial__/208/xtal_7.cif,-32.86876,-54.687122
xtal_70.cif,./U3Si5/__initial__/208/xtal_70.cif,-49.849453,1.501327
xtal_71.cif,./U3Si5/208/xtal_71.cif,-67.94114,-73.56526
xtal_72.cif,./U3Si5/208/xtal_72.cif,-99.91148,63.552586
xtal_73.cif,./U3Si5/__initial__/208/xtal_73.cif,-68.18154,-73.79927
xtal_74.cif,./U3Si5/208/xtal_74.cif,-105.50262,-10.43346
xtal_75.cif,./U3Si5/__initial__/208/xtal_75.cif,-51.61008,-84.81518
xtal_76.cif,./U3Si5/208/xtal_76.cif,-71.070816,90.763374
xtal_77.cif,./U3Si5/__initial__/208/xtal_77.cif,-68.56688,48.49618
xtal_78.cif,./U3Si5/208/xtal_78.cif,-66.61707,-81.731674
xtal_79.cif,./U3Si5/__initial__/208/xtal_79.cif,-40.135956,81.544395
xtal_8.cif,./U3Si5/208/xtal_8.cif,14.391235,-95.756546
xtal_80.cif,./U3Si5/__initial__/208/xtal_80.cif,-33.268387,-14.9378395
xtal_81.cif,./U3Si5/__initial__/208/xtal_81.cif,-105.58347,-10.032533
xtal_82.cif,./U3Si5/__initial__/208/xtal_82.cif,-1.2072824,92.70662
xtal_83.cif,./U3Si5/__initial__/208/xtal_83.cif,-28.522175,89.254974
xtal_84.cif,./U3Si5/208/xtal_84.cif,-66.20442,-81.98902
xtal_85.cif,./U3Si5/208/xtal_85.cif,13.711858,-104.78201
xtal_86.cif,./U3Si5/__initial__/208/xtal_86.cif,-14.186507,-103.47974
xtal_87.cif,./U3Si5/208/xtal_87.cif,10.988658,-97.229126
xtal_88.cif,./U3Si5/__initial__/208/xtal_88.cif,-64.881134,-51.901432
xtal_89.cif,./U3Si5/__initial__/208/xtal_89.cif,-17.205343,81.49146
xtal_9.cif,./U3Si5/__initial__/208/xtal_9.cif,-58.35697,32.534542
xtal_90.cif,./U3Si5/__initial__/208/xtal_90.cif,-44.553253,57.091022
xtal_91.cif,./U3Si5/208/xtal_91.cif,13.069009,-104.9734
xtal_92.cif,./U3Si5/__initial__/208/xtal_92.cif,-58.347763,32.54266
xtal_93.cif,./U3Si5/__initial__/208/xtal_93.cif,11.162141,-96.611946
xtal_94.cif,./U3Si5/208/xtal_94.cif,-29.321821,-79.914696
xtal_95.cif,./U3Si5/208/xtal_95.cif,-31.770939,-101.023865
xtal_96.cif,./U3Si5/__initial__/208/xtal_96.cif,8.724959,-92.537
xtal_97.cif,./U3Si5/__initial__/208/xtal_97.cif,-17.16678,-101.341515
xtal_98.cif,./U3Si5/208/xtal_98.cif,-41.315357,-94.277374
xtal_99.cif,./U3Si5/208/xtal_99.cif,-62.348663,-83.84619
xtal_1.cif,./U3Si5/__initial__/211/xtal_1.cif,-83.75752,81.24785
xtal_10.cif,./U3Si5/__initial__/211/xtal_10.cif,-115.34001,35.369015
xtal_100.cif,./U3Si5/__initial__/211/xtal_100.cif,-86.303085,78.76915
xtal_11.cif,./U3Si5/__initial__/211/xtal_11.cif,-116.02044,32.415348
xtal_12.cif,./U3Si5/__initial__/211/xtal_12.cif,-22.999119,120.59489
xtal_13.cif,./U3Si5/__initial__/211/xtal_13.cif,-95.292656,-39.814407
xtal_14.cif,./U3Si5/__initial__/211/xtal_14.cif,-76.98998,85.91146
xtal_15.cif,./U3Si5/211/xtal_15.cif,-105.63217,-9.833406
xtal_16.cif,./U3Si5/__initial__/211/xtal_16.cif,-90.176735,-54.51119
xtal_17.cif,./U3Si5/211/xtal_17.cif,-94.22124,-32.15456
xtal_18.cif,./U3Si5/__initial__/211/xtal_18.cif,-33.689636,-100.27828
xtal_19.cif,./U3Si5/__initial__/211/xtal_19.cif,-94.23306,-32.10008
xtal_2.cif,./U3Si5/211/xtal_2.cif,-50.708122,-91.82431
xtal_20.cif,./U3Si5/__initial__/211/xtal_20.cif,-62.487988,100.867325
xtal_21.cif,./U3Si5/__initial__/211/xtal_21.cif,-33.155178,-100.4449
xtal_22.cif,./U3Si5/__initial__/211/xtal_22.cif,-62.910995,-83.598755
xtal_23.cif,./U3Si5/__initial__/211/xtal_23.cif,-62.091244,-83.96914
xtal_24.cif,./U3Si5/211/xtal_24.cif,-70.077805,-79.480934
xtal_25.cif,./U3Si5/211/xtal_25.cif,-95.43476,-28.176641
xtal_26.cif,./U3Si5/211/xtal_26.cif,-90.11587,-54.57144
xtal_27.cif,./U3Si5/__initial__/211/xtal_27.cif,-39.899235,-97.95311
xtal_28.cif,./U3Si5/__initial__/211/xtal_28.cif,-66.31234,-81.922714
xtal_29.cif,./U3Si5/211/xtal_29.cif,-85.89262,-57.501198
xtal_3.cif,./U3Si5/__initial__/211/xtal_3.cif,-115.237885,6.4217386
xtal_30.cif,./U3Si5/__initial__/211/xtal_30.cif,-101.508,61.11718
xtal_31.cif,./U3Si5/__initial__/211/xtal_31.cif,-115.46314,34.792225
xtal_32.cif,./U3Si5/__initial__/211/xtal_32.cif,-68.61673,-80.45792
xtal_33.cif,./U3Si5/211/xtal_33.cif,-94.76476,-29.850033
xtal_34.cif,./U3Si5/__initial__/211/xtal_34.cif,-68.80537,93.625725
xtal_35.cif,./U3Si5/211/xtal_35.cif,-95.34545,-45.54791
xtal_36.cif,./U3Si5/211/xtal_36.cif,-95.46923,-44.542767
xtal_37.cif,./U3Si5/211/xtal_37.cif,-91.76333,-52.639122
xtal_38.cif,./U3Si5/__initial__/211/xtal_38.cif,-101.528404,61.08982
xtal_39.cif,./U3Si5/211/xtal_39.cif,-57.471375,-86.34986
xtal_4.cif,./U3Si5/__initial__/211/xtal_4.cif,-105.45181,-10.65374
xtal_40.cif,./U3Si5/__initial__/211/xtal_40.cif,-115.17947,6.2907314
xtal_41.cif,./U3Si5/211/xtal_41.cif,-38.636074,-98.440765
xtal_42.cif,./U3Si5/__initial__/211/xtal_42.cif,-94.38398,-48.89936
xtal_43.cif,./U3Si5/211/xtal_43.cif,-92.00105,-52.342335
xtal_44.cif,./U3Si5/__initial__/211/xtal_44.cif,-68.45558,94.04844
xtal_45.cif,./U3Si5/211/xtal_45.cif,-52.303036,-90.43059
xtal_46.cif,./U3Si5/__initial__/211/xtal_46.cif,-83.448166,81.49117
xtal_47.cif,./U3Si5/__initial__/211/xtal_47.cif,-107.65285,-4.0135055
xtal_48.cif,./U3Si5/__initial__/211/xtal_48.cif,-114.4799,4.8947988
xtal_49.cif,./U3Si5/211/xtal_49.cif,-94.01843,-34.10037
xtal_5.cif,./U3Si5/__initial__/211/xtal_5.cif,-58.25426,-85.87998
xtal_50.cif,./U3Si5/__initial__/211/xtal_50.cif,-52.314743,-90.42269
xtal_51.cif,./U3Si5/__initial__/211/xtal_51.cif,-63.683117,99.57905
xtal_52.cif,./U3Si5/__initial__/211/xtal_52.cif,-92.406525,-51.789207
xtal_53.cif,./U3Si5/__initial__/211/xtal_53.cif,-69.672585,92.517654
xtal_54.cif,./U3Si5/__initial__/211/xtal_54.cif,-90.07188,-54.612988
xtal_55.cif,./U3Si5/__initial__/211/xtal_55.cif,0.026453996,118.27834
xtal_56.cif,./U3Si5/__initial__/211/xtal_56.cif,-78.92465,-70.945755
xtal_57.cif,./U3Si5/211/xtal_57.cif,-92.15322,-52.149105
xtal_58.cif,./U3Si5/__initial__/211/xtal_58.cif,-114.84867,37.286697
xtal_59.cif,./U3Si5/__initial__/211/xtal_59.cif,-85.41612,-57.959766
xtal_6.cif,./U3Si5/__initial__/211/xtal_6.cif,-94.877655,-29.4821
xtal_60.cif,./U3Si5/__initial__/211/xtal_60.cif,-95.39933,-41.345177
xtal_61.cif,./U3Si5/__initial__/211/xtal_61.cif,-74.38575,-76.27547
xtal_62.cif,./U3Si5/__initial__/211/xtal_62.cif,-86.541115,78.57811
xtal_63.cif,./U3Si5/211/xtal_63.cif,-52.317524,-90.40737
xtal_64.cif,./U3Si5/__initial__/211/xtal_64.cif,9.32311,108.76843
xtal_65.cif,./U3Si5/__initial__/211/xtal_65.cif,-77.74132,-72.51309
xtal_66.cif,./U3Si5/211/xtal_66.cif,-102.110756,-18.121086
xtal_67.cif,./U3Si5/__initial__/211/xtal_67.cif,-88.05348,77.48113
xtal_68.cif,./U3Si5/__initial__/211/xtal_68.cif,-68.07831,94.502396
xtal_69.cif,./U3Si5/__initial__/211/xtal_69.cif,-117.949715,18.394598
xtal_7.cif,./U3Si5/__initial__/211/xtal_7.cif,-70.05146,92.049774
xtal_70.cif,./U3Si5/211/xtal_70.cif,-96.721,-25.50288
xtal_71.cif,./U3Si5/__initial__/211/xtal_71.cif,-113.67305,3.5296533
xtal_72.cif,./U3Si5/__initial__/211/xtal_72.cif,-83.30306,-61.222645
xtal_73.cif,./U3Si5/__initial__/211/xtal_73.cif,-70.142715,91.928444
xtal_74.cif,./U3Si5/__initial__/211/xtal_74.cif,-52.692646,-90.075195
xtal_75.cif,./U3Si5/__initial__/211/xtal_75.cif,-52.978294,-89.83008
xtal_76.cif,./U3Si5/__initial__/211/xtal_76.cif,-95.356964,-40.559723
xtal_77.cif,./U3Si5/211/xtal_77.cif,-48.332085,-93.56835
xtal_78.cif,./U3Si5/__initial__/211/xtal_78.cif,-92.215164,-52.05747
xtal_79.cif,./U3Si5/211/xtal_79.cif,-104.617256,-13.340568
xtal_8.cif,./U3Si5/__initial__/211/xtal_8.cif,-24.354828,119.564476
xtal_80.cif,./U3Si5/__initial__/211/xtal_80.cif,-101.484924,-18.983107
xtal_81.cif,./U3Si5/211/xtal_81.cif,-94.27368,-49.09497
xtal_82.cif,./U3Si5/__initial__/211/xtal_82.cif,-95.37715,-45.358074
xtal_83.cif,./U3Si5/__initial__/211/xtal_83.cif,-114.594894,5.1020117
xtal_84.cif,./U3Si5/211/xtal_84.cif,-94.059845,-34.70481
xtal_85.cif,./U3Si5/211/xtal_85.cif,-96.65338,-25.612913
xtal_86.cif,./U3Si5/__initial__/211/xtal_86.cif,-115.77828,7.6818604
xtal_87.cif,./U3Si5/__initial__/211/xtal_87.cif,-104.61995,-13.34589
xtal_88.cif,./U3Si5/__initial__/211/xtal_88.cif,-109.37085,-1.9292805
xtal_89.cif,./U3Si5/__initial__/211/xtal_89.cif,-72.18592,-77.955795
xtal_9.cif,./U3Si5/211/xtal_9.cif,-88.87322,-55.520153
xtal_90.cif,./U3Si5/__initial__/211/xtal_90.cif,-117.759735,15.564588
xtal_91.cif,./U3Si5/__initial__/211/xtal_91.cif,-77.655464,-72.61632
xtal_92.cif,./U3Si5/__initial__/211/xtal_92.cif,-86.920425,78.304474
xtal_93.cif,./U3Si5/__initial__/211/xtal_93.cif,-94.066284,-33.07695
xtal_94.cif,./U3Si5/__initial__/211/xtal_94.cif,-94.41325,70.26781
xtal_95.cif,./U3Si5/__initial__/211/xtal_95.cif,-111.22172,0.2366649
xtal_96.cif,./U3Si5/__initial__/211/xtal_96.cif,0.120027296,118.1702
xtal_97.cif,./U3Si5/__initial__/211/xtal_97.cif,-115.03911,36.590347
xtal_98.cif,./U3Si5/211/xtal_98.cif,-96.299644,-26.260574
xtal_99.cif,./U3Si5/211/xtal_99.cif,-97.91084,-23.472404
xtal_1.cif,./U3Si5/215/xtal_1.cif,-53.934513,-10.941938
xtal_10.cif,./U3Si5/215/xtal_10.cif,30.003311,22.645895
xtal_100.cif,./U3Si5/215/xtal_100.cif,44.277264,-78.47451
xtal_11.cif,./U3Si5/215/xtal_11.cif,-15.75756,-3.3780282
xtal_12.cif,./U3Si5/215/xtal_12.cif,-15.73577,-3.3756418
xtal_13.cif,./U3Si5/215/xtal_13.cif,-8.696283,-44.289734
xtal_14.cif,./U3Si5/__initial__/215/xtal_14.cif,79.66709,-69.970436
xtal_15.cif,./U3Si5/__initial__/215/xtal_15.cif,-8.259111,53.238728
xtal_16.cif,./U3Si5/__initial__/215/xtal_16.cif,-11.145882,-4.6644597
xtal_17.cif,./U3Si5/215/xtal_17.cif,16.638515,-91.256355
xtal_18.cif,./U3Si5/__initial__/215/xtal_18.cif,76.900276,-35.816402
xtal_19.cif,./U3Si5/215/xtal_19.cif,-81.306435,63.300842
xtal_2.cif,./U3Si5/__initial__/215/xtal_2.cif,-95.75562,-4.540887
xtal_20.cif,./U3Si5/215/xtal_20.cif,9.476947,-93.11149
xtal_21.cif,./U3Si5/__initial__/215/xtal_21.cif,-45.795494,83.003586
xtal_22.cif,./U3Si5/__initial__/215/xtal_22.cif,-50.48842,93.24676
xtal_23.cif,./U3Si5/215/xtal_23.cif,-71.75969,-51.515457
xtal_24.cif,./U3Si5/__initial__/215/xtal_24.cif,6.040279,-70.46907
xtal_25.cif,./U3Si5/215/xtal_25.cif,9.88384,-24.447634
xtal_26.cif,./U3Si5/__initial__/215/xtal_26.cif,20.971964,44.868412
xtal_27.cif,./U3Si5/215/xtal_27.cif,-33.536892,-20.537289
xtal_28.cif,./U3Si5/215/xtal_28.cif,-82.25334,-36.335213
xtal_29.cif,./U3Si5/215/xtal_29.cif,60.47493,-62.8628
xtal_3.cif,./U3Si5/__initial__/215/xtal_3.cif,-93.339325,40.90949
xtal_30.cif,./U3Si5/215/xtal_30.cif,-25.737978,-71.61529
xtal_31.cif,./U3Si5/215/xtal_31.cif,49.300304,-41.767162
xtal_32.cif,./U3Si5/__initial__/215/xtal_32.cif,110.2562,12.907189
xtal_33.cif,./U3Si5/215/xtal_33.cif,13.588697,-17.981178
xtal_34.cif,./U3Si5/__initial__/215/xtal_34.cif,-101.13636,19.772352
xtal_35.cif,./U3Si5/215/xtal_35.cif,31.062841,-79.42282
xtal_36.cif,./U3Si5/__initial__/215/xtal_36.cif,98.39037,-18.957706
xtal_37.cif,./U3Si5/__initial__/215/xtal_37.cif,63.26251,14.42531
xtal_38.cif,./U3Si5/__initial__/215/xtal_38.cif,-50.08939,94.7646
xtal_39.cif,./U3Si5/__initial__/215/xtal_39.cif,-18.495365,50.247715
xtal_4.cif,./U3Si5/215/xtal_4.cif,64.59809,-79.27731
xtal_40.cif,./U3Si5/__initial__/215/xtal_40.cif,78.909515,-27.48972
xtal_41.cif,./U3Si5/__initial__/215/xtal_41.cif,-50.724613,31.034067
xtal_42.cif,./U3Si5/215/xtal_42.cif,84.06101,-45.209072
xtal_43.cif,./U3Si5/215/xtal_43.cif,-14.479895,-100.71924
xtal_44.cif,./U3Si5/__initial__/215/xtal_44.cif,-6.419176,57.894276
xtal_45.cif,./U3Si5/215/xtal_45.cif,-59.35108,0.849379
xtal_46.cif,./U3Si5/__initial__/215/xtal_46.cif,66.381226,26.324566
xtal_47.cif,./U3Si5/215/xtal_47.cif,-48.143993,28.557835
xtal_48.cif,./U3Si5/215/xtal_48.cif,-21.809183,-60.409775
xtal_49.cif,./U3Si5/__initial__/215/xtal_49.cif,40.55206,-78.53542
xtal_5.cif,./U3Si5/215/xtal_5.cif,-15.751875,-3.3655066
xtal_50.cif,./U3Si5/215/xtal_50.cif,76.911224,-52.16472
xtal_51.cif,./U3Si5/215/xtal_51.cif,-17.384455,-68.55044
xtal_52.cif,./U3Si5/215/xtal_52.cif,-3.2717795,-54.28135
xtal_53.cif,./U3Si5/__initial__/215/xtal_53.cif,-26.002714,48.569813
xtal_54.cif,./U3Si5/__initial__/215/xtal_54.cif,-31.547112,-14.53907
xtal_55.cif,./U3Si5/__initial__/215/xtal_55.cif,9.116306,50.69376
xtal_56.cif,./U3Si5/215/xtal_56.cif,83.49762,-45.8715
xtal_57.cif,./U3Si5/__initial__/215/xtal_57.cif,-69.121826,-25.299162
xtal_58.cif,./U3Si5/__initial__/215/xtal_58.cif,20.39737,-74.572426
xtal_59.cif,./U3Si5/215/xtal_59.cif,-59.88717,0.5382142
xtal_6.cif,./U3Si5/__initial__/215/xtal_6.cif,33.319668,14.839192
xtal_60.cif,./U3Si5/__initial__/215/xtal_60.cif,10.7097645,98.08805
xtal_61.cif,./U3Si5/__initial__/215/xtal_61.cif,-57.694626,-54.858795
xtal_62.cif,./U3Si5/__initial__/215/xtal_62.cif,22.336784,3.6335275
xtal_63.cif,./U3Si5/__initial__/215/xtal_63.cif,31.988558,55.271576
xtal_64.cif,./U3Si5/215/xtal_64.cif,17.719906,-21.111845
xtal_65.cif,./U3Si5/215/xtal_65.cif,-38.841507,0.4706871
xtal_66.cif,./U3Si5/215/xtal_66.cif,-33.524975,-20.546904
xtal_67.cif,./U3Si5/215/xtal_67.cif,-32.34859,-22.193232
xtal_68.cif,./U3Si5/215/xtal_68.cif,16.692501,-15.966168
xtal_69.cif,./U3Si5/__initial__/215/xtal_69.cif,-10.674842,98.26679
xtal_7.cif,./U3Si5/__initial__/215/xtal_7.cif,57.483067,74.78116
xtal_70.cif,./U3Si5/__initial__/215/xtal_70.cif,2.8296452,-66.514114
xtal_71.cif,./U3Si5/__initial__/215/xtal_71.cif,27.06821,13.347507
xtal_72.cif,./U3Si5/__initial__/215/xtal_72.cif,-48.822197,48.490704
xtal_73.cif,./U3Si5/215/xtal_73.cif,15.982604,-91.393585
xtal_74.cif,./U3Si5/215/xtal_74.cif,-15.754483,-3.3667536
xtal_75.cif,./U3Si5/215/xtal_75.cif,12.359133,-6.3031416
xtal_76.cif,./U3Si5/__initial__/215/xtal_76.cif,33.132603,14.522498
xtal_77.cif,./U3Si5/__initial__/215/xtal_77.cif,26.254255,-104.73455
xtal_78.cif,./U3Si5/__initial__/215/xtal_78.cif,56.518314,21.606174
xtal_79.cif,./U3Si5/__initial__/215/xtal_79.cif,-72.45324,72.66795
xtal_8.cif,./U3Si5/__initial__/215/xtal_8.cif,94.368286,-53.33585
xtal_80.cif,./U3Si5/215/xtal_80.cif,0.3018733,-84.656494
xtal_81.cif,./U3Si5/__initial__/215/xtal_81.cif,-27.945528,-7.2467165
xtal_82.cif,./U3Si5/__initial__/215/xtal_82.cif,76.84606,-28.466358
xtal_83.cif,./U3Si5/215/xtal_83.cif,-56.678432,37.29591
xtal_84.cif,./U3Si5/__initial__/215/xtal_84.cif,6.092803,18.73743
xtal_85.cif,./U3Si5/__initial__/215/xtal_85.cif,33.603485,44.013443
xtal_86.cif,./U3Si5/__initial__/215/xtal_86.cif,105.61416,-31.602554
xtal_87.cif,./U3Si5/215/xtal_87.cif,-102.52368,19.940199
xtal_88.cif,./U3Si5/215/xtal_88.cif,26.009834,-69.06819
xtal_89.cif,./U3Si5/__initial__/215/xtal_89.cif,-8.826812,60.284725
xtal_9.cif,./U3Si5/215/xtal_9.cif,32.56367,13.333364
xtal_90.cif,./U3Si5/215/xtal_90.cif,-28.265707,-30.151423
xtal_91.cif,./U3Si5/215/xtal_91.cif,75.856735,-51.123158
xtal_92.cif,./U3Si5/__initial__/215/xtal_92.cif,-45.230976,73.389534
xtal_93.cif,./U3Si5/215/xtal_93.cif,12.911718,-90.94761
xtal_94.cif,./U3Si5/215/xtal_94.cif,-38.58223,-62.440083
xtal_95.cif,./U3Si5/__initial__/215/xtal_95.cif,-19.164999,75.15697
xtal_96.cif,./U3Si5/215/xtal_96.cif,33.858337,15.889884
xtal_97.cif,./U3Si5/__initial__/215/xtal_97.cif,8.706532,41.403984
xtal_98.cif,./U3Si5/__initial__/215/xtal_98.cif,-51.019165,92.50603
xtal_99.cif,./U3Si5/__initial__/215/xtal_99.cif,-53.47195,32.578426
xtal_1.cif,./U3Si5/__initial__/217/xtal_1.cif,0.5135915,78.089134
xtal_10.cif,./U3Si5/217/xtal_10.cif,-69.53481,26.794931
xtal_100.cif,./U3Si5/__initial__/217/xtal_100.cif,-19.496468,24.751825
xtal_11.cif,./U3Si5/217/xtal_11.cif,-42.159103,-94.43989
xtal_12.cif,./U3Si5/__initial__/217/xtal_12.cif,-116.67536,25.967989
xtal_13.cif,./U3Si5/217/xtal_13.cif,-60.118904,-62.79209
xtal_14.cif,./U3Si5/__initial__/217/xtal_14.cif,-94.28965,53.39502
xtal_15.cif,./U3Si5/__initial__/217/xtal_15.cif,-17.889753,20.617311
xtal_16.cif,./U3Si5/217/xtal_16.cif,-103.62433,-0.13871178
xtal_17.cif,./U3Si5/__initial__/217/xtal_17.cif,-61.036247,69.50493
xtal_18.cif,./U3Si5/217/xtal_18.cif,-25.777391,7.5070143
xtal_19.cif,./U3Si5/217/xtal_19.cif,-87.019035,-18.625463
xtal_2.cif,./U3Si5/__initial__/217/xtal_2.cif,-61.462555,69.53092
xtal_20.cif,./U3Si5/217/xtal_20.cif,81.487274,-17.72017
xtal_21.cif,./U3Si5/__initial__/217/xtal_21.cif,-34.471313,94.76991
xtal_22.cif,./U3Si5/217/xtal_22.cif,-46.463753,-94.83355
xtal_23.cif,./U3Si5/__initial__/217/xtal_23.cif,83.7836,-18.889715
xtal_24.cif,./U3Si5/__initial__/217/xtal_24.cif,64.08715,-56.22474
xtal_25.cif,./U3Si5/217/xtal_25.cif,82.91784,-20.749905
xtal_26.cif,./U3Si5/217/xtal_26.cif,-81.583916,-67.14115
xtal_27.cif,./U3Si5/217/xtal_27.cif,-36.112793,-97.9293
xtal_28.cif,./U3Si5/__initial__/217/xtal_28.cif,-7.25024,57.33612
xtal_29.cif,./U3Si5/217/xtal_29.cif,-46.103855,-95.05631
xtal_3.cif,./U3Si5/__initial__/217/xtal_3.cif,-7.459542,61.145275
xtal_30.cif,./U3Si5/__initial__/217/xtal_30.cif,79.18186,-14.995641
xtal_31.cif,./U3Si5/217/xtal_31.cif,-91.29341,-53.208916
xtal_32.cif,./U3Si5/__initial__/217/xtal_32.cif,-8.804976,57.93624
xtal_33.cif,./U3Si5/217/xtal_33.cif,-26.844234,-62.726376
xtal_34.cif,./U3Si5/217/xtal_34.cif,-77.46596,-72.65738
xtal_35.cif,./U3Si5/217/xtal_35.cif,-18.639166,-63.074245
xtal_36.cif,./U3Si5/__initial__/217/xtal_36.cif,-4.4254665,56.41769
xtal_37.cif,./U3Si5/217/xtal_37.cif,77.53981,-27.10114
xtal_38.cif,./U3Si5/__initial__/217/xtal_38.cif,-95.16705,50.66025
xtal_39.cif,./U3Si5/217/xtal_39.cif,79.37858,-21.12845
xtal_4.cif,./U3Si5/217/xtal_4.cif,-21.93366,-63.923553
xtal_40.cif,./U3Si5/__initial__/217/xtal_40.cif,-93.50659,-42.515186
xtal_41.cif,./U3Si5/217/xtal_41.cif,-28.055681,-10.412901
xtal_42.cif,./U3Si5/__initial__/217/xtal_42.cif,-19.996212,84.78694
xtal_43.cif,./U3Si5/__initial__/217/xtal_43.cif,-7.9538355,52.43239
xtal_44.cif,./U3Si5/217/xtal_44.cif,-110.80922,-0.2737538
xtal_45.cif,./U3Si5/__initial__/217/xtal_45.cif,83.22837,-15.222901
xtal_46.cif,./U3Si5/__initial__/217/xtal_46.cif,-4.1746287,55.95059
xtal_47.cif,./U3Si5/217/xtal_47.cif,-28.06752,-10.998812
xtal_48.cif,./U3Si5/217/xtal_48.cif,-93.21299,-42.373253
xtal_49.cif,./U3Si5/217/xtal_49.cif,-51.69377,-77.971016
xtal_5.cif,./U3Si5/217/xtal_5.cif,-92.37184,-31.298077
xtal_50.cif,./U3Si5/217/xtal_50.cif,-66.13139,-55.871433
xtal_51.cif,./U3Si5/217/xtal_51.cif,-103.613464,-0.15522502
xtal_52.cif,./U3Si5/217/xtal_52.cif,-27.208357,-62.603664
xtal_53.cif,./U3Si5/__initial__/217/xtal_53.cif,-25.899591,8.019346
xtal_54.cif,./U3Si5/__initial__/217/xtal_54.cif,83.71243,-15.269379
xtal_55.cif,./U3Si5/__initial__/217/xtal_55.cif,83.07247,-20.550938
xtal_56.cif,./U3Si5/217/xtal_56.cif,-61.378872,69.54851
xtal_57.cif,./U3Si5/217/xtal_57.cif,-36.00429,-98.0124
xtal_58.cif,./U3Si5/217/xtal_58.cif,-28.20135,-62.531147
xtal_59.cif,./U3Si5/__initial__/217/xtal_59.cif,76.60229,-14.543937
xtal_6.cif,./U3Si5/217/xtal_6.cif,-27.816792,-62.652626
xtal_60.cif,./U3Si5/__initial__/217/xtal_60.cif,-69.64025,26.79399
xtal_61.cif,./U3Si5/217/xtal_61.cif,-65.66595,-6.294674
xtal_62.cif,./U3Si5/217/xtal_62.cif,-28.769669,-9.893205
xtal_63.cif,./U3Si5/__initial__/217/xtal_63.cif,76.55011,-15.051703
xtal_64.cif,./U3Si5/__initial__/217/xtal_64.cif,-83.124756,-61.670185
xtal_65.cif,./U3Si5/__initial__/217/xtal_65.cif,77.28717,-28.003471
xtal_66.cif,./U3Si5/217/xtal_66.cif,78.20577,-26.629425
xtal_67.cif,./U3Si5/217/xtal_67.cif,-66.74449,-55.447525
xtal_68.cif,./U3Si5/217/xtal_68.cif,-66.63372,-4.3763027
xtal_69.cif,./U3Si5/217/xtal_69.cif,-23.864676,-79.245575
xtal_7.cif,./U3Si5/__initial__/217/xtal_7.cif,-69.53203,26.797998
xtal_70.cif,./U3Si5/217/xtal_70.cif,-107.89665,11.633768
xtal_71.cif,./U3Si5/__initial__/217/xtal_71.cif,-19.775814,24.890718
xtal_72.cif,./U3Si5/__initial__/217/xtal_72.cif,-87.11246,-18.928186
xtal_73.cif,./U3Si5/__initial__/217/xtal_73.cif,-28.293957,117.08727
xtal_74.cif,./U3Si5/217/xtal_74.cif,-112.71811,2.3600209
xtal_75.cif,./U3Si5/__initial__/217/xtal_75.cif,-59.881958,72.37867
xtal_76.cif,./U3Si5/217/xtal_76.cif,78.011566,-26.331617
xtal_77.cif,./U3Si5/217/xtal_77.cif,-22.420258,-61.186237
xtal_78.cif,./U3Si5/__initial__/217/xtal_78.cif,-26.42317,59.208504
xtal_79.cif,./U3Si5/217/xtal_79.cif,-100.71464,61.026714
xtal_8.cif,./U3Si5/__initial__/217/xtal_8.cif,-23.28259,68.15146
xtal_80.cif,./U3Si5/__initial__/217/xtal_80.cif,-28.409166,112.33572
xtal_81.cif,./U3Si5/217/xtal_81.cif,-25.11049,-64.34179
xtal_82.cif,./U3Si5/217/xtal_82.cif,-94.98674,52.342133
xtal_83.cif,./U3Si5/217/xtal_83.cif,-105.88215,11.003678
xtal_84.cif,./U3Si5/__initial__/217/xtal_84.cif,-4.984355,57.271187
xtal_85.cif,./U3Si5/217/xtal_85.cif,-14.449328,-92.72248
xtal_86.cif,./U3Si5/__initial__/217/xtal_86.cif,-6.7683973,51.94918
xtal_87.cif,./U3Si5/__initial__/217/xtal_87.cif,-35.45068,98.620674
xtal_88.cif,./U3Si5/217/xtal_88.cif,-69.89527,-54.067616
xtal_89.cif,./U3Si5/__initial__/217/xtal_89.cif,-4.291364,55.858147
xtal_9.cif,./U3Si5/217/xtal_9.cif,-83.626205,-60.575726
xtal_90.cif,./U3Si5/217/xtal_90.cif,-59.56644,-64.31535
xtal_91.cif,./U3Si5/217/xtal_91.cif,-39.722244,-98.01434
xtal_92.cif,./U3Si5/217/xtal_92.cif,84.03298,-16.227596
xtal_93.cif,./U3Si5/217/xtal_93.cif,-26.330402,-78.27433
xtal_94.cif,./U3Si5/217/xtal_94.cif,-66.107376,96.16704
xtal_95.cif,./U3Si5/217/xtal_95.cif,-23.185026,-89.79554
xtal_96.cif,./U3Si5/__initial__/217/xtal_96.cif,78.93955,-15.62683
xtal_97.cif,./U3Si5/217/xtal_97.cif,-54.64097,39.72446
xtal_98.cif,./U3Si5/217/xtal_98.cif,-21.91288,-63.94428
xtal_99.cif,./U3Si5/217/xtal_99.cif,-86.649925,78.44355
xtal_1.cif,./U3Si5/218/xtal_1.cif,-27.671648,-78.07247
xtal_10.cif,./U3Si5/__initial__/218/xtal_10.cif,-76.56797,-51.764866
xtal_100.cif,./U3Si5/__initial__/218/xtal_100.cif,-32.80247,96.9927
xtal_11.cif,./U3Si5/__initial__/218/xtal_11.cif,-104.145996,8.910337
xtal_12.cif,./U3Si5/__initial__/218/xtal_12.cif,3.8304274,-68.12838
xtal_13.cif,./U3Si5/__initial__/218/xtal_13.cif,-51.941288,7.3672953
xtal_14.cif,./U3Si5/218/xtal_14.cif,-14.129009,-102.06496
xtal_15.cif,./U3Si5/__initial__/218/xtal_15.cif,-51.92932,5.705593
xtal_16.cif,./U3Si5/218/xtal_16.cif,-16.249899,-58.16914
xtal_17.cif,./U3Si5/__initial__/218/xtal_17.cif,75.176056,-26.686441
xtal_18.cif,./U3Si5/__initial__/218/xtal_18.cif,-32.058727,-58.92218
xtal_19.cif,./U3Si5/__initial__/218/xtal_19.cif,-52.01517,5.784189
xtal_2.cif,./U3Si5/__initial__/218/xtal_2.cif,-58.084686,68.30876
xtal_20.cif,./U3Si5/218/xtal_20.cif,-37.169426,-98.87611
xtal_21.cif,./U3Si5/218/xtal_21.cif,-85.72542,-18.858513
xtal_22.cif,./U3Si5/__initial__/218/xtal_22.cif,-16.770279,22.058516
xtal_23.cif,./U3Si5/218/xtal_23.cif,-71.16821,-53.7412
xtal_24.cif,./U3Si5/218/xtal_24.cif,-103.203156,5.792172
xtal_25.cif,./U3Si5/__initial__/218/xtal_25.cif,-115.30372,32.58024
xtal_26.cif,./U3Si5/__initial__/218/xtal_26.cif,-59.914692,72.80998
xtal_27.cif,./U3Si5/218/xtal_27.cif,-83.8097,-60.233715
xtal_28.cif,./U3Si5/__initial__/218/xtal_28.cif,0.5083294,77.79551
xtal_29.cif,./U3Si5/__initial__/218/xtal_29.cif,-99.14876,2.9141889
xtal_3.cif,./U3Si5/218/xtal_3.cif,-78.5011,-40.997818
xtal_30.cif,./U3Si5/218/xtal_30.cif,-67.136826,-71.53827
xtal_31.cif,./U3Si5/__initial__/218/xtal_31.cif,-57.97255,67.99103
xtal_32.cif,./U3Si5/__initial__/218/xtal_32.cif,-84.87295,-17.244305
xtal_33.cif,./U3Si5/__initial__/218/xtal_33.cif,-73.24145,35.66661
xtal_34.cif,./U3Si5/__initial__/218/xtal_34.cif,83.76301,-19.407028
xtal_35.cif,./U3Si5/__initial__/218/xtal_35.cif,83.62458,-15.524609
xtal_36.cif,./U3Si5/__initial__/218/xtal_36.cif,-25.672321,-78.08076
xtal_37.cif,./U3Si5/218/xtal_37.cif,-36.89902,-97.423836
xtal_38.cif,./U3Si5/218/xtal_38.cif,-61.604694,-53.55928
xtal_39.cif,./U3Si5/__initial__/218/xtal_39.cif,-24.072897,-61.36078
xtal_4.cif,./U3Si5/218/xtal_4.cif,-82.87953,-62.451942
xtal_40.cif,./U3Si5/__initial__/218/xtal_40.cif,-19.798573,84.86027
xtal_41.cif,./U3Si5/__initial__/218/xtal_41.cif,-52.358627,32.900135
xtal_42.cif,./U3Si5/__initial__/218/xtal_42.cif,-79.04884,-65.51303
xtal_43.cif,./U3Si5/__initial__/218/xtal_43.cif,-52.514713,10.240282
xtal_44.cif,./U3Si5/__initial__/218/xtal_44.cif,4.17903,-88.36261
xtal_45.cif,./U3Si5/218/xtal_45.cif,-19.156801,-99.71887
xtal_46.cif,./U3Si5/__initial__/218/xtal_46.cif,-51.852962,-11.58902
xtal_47.cif,./U3Si5/218/xtal_47.cif,-13.645473,-102.1086
xtal_48.cif,./U3Si5/218/xtal_48.cif,-16.271345,-100.7369
xtal_49.cif,./U3Si5/__initial__/218/xtal_49.cif,-26.398657,59.11664
xtal_5.cif,./U3Si5/__initial__/218/xtal_5.cif,-34.138817,96.161194
xtal_50.cif,./U3Si5/__initial__/218/xtal_50.cif,-63.50608,75.573944
xtal_51.cif,./U3Si5/218/xtal_51.cif,-61.7059,-55.22919
xtal_52.cif,./U3Si5/218/xtal_52.cif,12.282269,-105.642044
xtal_53.cif,./U3Si5/218/xtal_53.cif,-18.02473,-100.05218
xtal_54.cif,./U3Si5/__initial__/218/xtal_54.cif,-67.135445,-3.6371198
xtal_55.cif,./U3Si5/218/xtal_55.cif,-68.99819,-11.529055
xtal_56.cif,./U3Si5/__initial__/218/xtal_56.cif,63.798195,-56.662834
xtal_57.cif,./U3Si5/__initial__/218/xtal_57.cif,-42.220673,54.749874
xtal_58.cif,./U3Si5/218/xtal_58.cif,-31.020308,-58.58803
xtal_59.cif,./U3Si5/__initial__/218/xtal_59.cif,-28.619345,-10.014174
xtal_6.cif,./U3Si5/__initial__/218/xtal_6.cif,77.26666,-27.77845
xtal_60.cif,./U3Si5/218/xtal_60.cif,-81.5265,-37.838833
xtal_61.cif,./U3Si5/218/xtal_61.cif,-36.339252,-98.575554
xtal_62.cif,./U3Si5/__initial__/218/xtal_62.cif,-62.61019,75.55521
xtal_63.cif,./U3Si5/218/xtal_63.cif,-69.00443,-11.809497
xtal_64.cif,./U3Si5/218/xtal_64.cif,-19.051582,-99.04384
xtal_65.cif,./U3Si5/218/xtal_65.cif,-97.66673,-23.503212
xtal_66.cif,./U3Si5/218/xtal_66.cif,-97.92349,14.440172
xtal_67.cif,./U3Si5/218/xtal_67.cif,4.3976293,-71.178085
xtal_68.cif,./U3Si5/218/xtal_68.cif,-81.76139,-37.980873
xtal_69.cif,./U3Si5/__initial__/218/xtal_69.cif,-33.102024,-14.974702
xtal_7.cif,./U3Si5/218/xtal_7.cif,-14.155197,-102.03833
xtal_70.cif,./U3Si5/218/xtal_70.cif,-78.297295,-39.761406
xtal_71.cif,./U3Si5/__initial__/218/xtal_71.cif,-32.689907,97.04194
xtal_72.cif,./U3Si5/218/xtal_72.cif,-26.9136,-62.604492
xtal_73.cif,./U3Si5/__initial__/218/xtal_73.cif,-17.428268,101.254875
xtal_74.cif,./U3Si5/__initial__/218/xtal_74.cif,3.7611506,-65.288864
xtal_75.cif,./U3Si5/218/xtal_75.cif,-85.100815,-22.013842
xtal_76.cif,./U3Si5/__initial__/218/xtal_76.cif,-52.62708,10.185388
xtal_77.cif,./U3Si5/218/xtal_77.cif,-67.039444,-74.13696
xtal_78.cif,./U3Si5/218/xtal_78.cif,-36.93609,-97.3986
xtal_79.cif,./U3Si5/__initial__/218/xtal_79.cif,-60.561226,0.4045744
xtal_8.cif,./U3Si5/218/xtal_8.cif,-22.760262,-89.99478
xtal_80.cif,./U3Si5/__initial__/218/xtal_80.cif,-81.41669,83.00956
xtal_81.cif,./U3Si5/218/xtal_81.cif,-76.827515,-49.287666
xtal_82.cif,./U3Si5/__initial__/218/xtal_82.cif,-104.21754,11.016656
xtal_83.cif,./U3Si5/__initial__/218/xtal_83.cif,-18.04394,20.562496
xtal_84.cif,./U3Si5/__initial__/218/xtal_84.cif,-28.470156,76.63239
xtal_85.cif,./U3Si5/218/xtal_85.cif,-94.92941,-29.31133
xtal_86.cif,./U3Si5/__initial__/218/xtal_86.cif,-82.00638,-36.89492
xtal_87.cif,./U3Si5/218/xtal_87.cif,-69.086716,-53.84164
xtal_88.cif,./U3Si5/218/xtal_88.cif,9.923198,-86.4268
xtal_89.cif,./U3Si5/__initial__/218/xtal_89.cif,83.781586,-15.624737
xtal_9.cif,./U3Si5/__initial__/218/xtal_9.cif,-24.960842,55.80161
xtal_90.cif,./U3Si5/__initial__/218/xtal_90.cif,-17.97751,101.356735
xtal_91.cif,./U3Si5/218/xtal_91.cif,-103.58788,8.1311655
xtal_92.cif,./U3Si5/__initial__/218/xtal_92.cif,-62.95112,68.86898
xtal_93.cif,./U3Si5/__initial__/218/xtal_93.cif,-84.56353,77.6935
xtal_94.cif,./U3Si5/218/xtal_94.cif,-24.397568,-61.334827
xtal_95.cif,./U3Si5/__initial__/218/xtal_95.cif,-68.50201,48.581947
xtal_96.cif,./U3Si5/218/xtal_96.cif,-81.43627,-41.560677
xtal_97.cif,./U3Si5/__initial__/218/xtal_97.cif,-84.198135,-18.585835
xtal_98.cif,./U3Si5/__initial__/218/xtal_98.cif,6.566835,103.4911
xtal_99.cif,./U3Si5/218/xtal_99.cif,-81.29784,53.695057
xtal_1.cif,./U3Si5/__initial__/221/xtal_1.cif,-95.09634,-28.839973
xtal_10.cif,./U3Si5/__initial__/221/xtal_10.cif,-29.862028,-26.697008
xtal_100.cif,./U3Si5/__initial__/221/xtal_100.cif,-3.9831991,111.07286
xtal_11.cif,./U3Si5/__initial__/221/xtal_11.cif,-95.329704,-44.470222
xtal_12.cif,./U3Si5/__initial__/221/xtal_12.cif,-30.623386,-74.47341
xtal_13.cif,./U3Si5/__initial__/221/xtal_13.cif,-68.833,82.44836
xtal_14.cif,./U3Si5/__initial__/221/xtal_14.cif,-21.895872,-60.258156
xtal_15.cif,./U3Si5/__initial__/221/xtal_15.cif,83.77852,-45.510555
xtal_16.cif,./U3Si5/__initial__/221/xtal_16.cif,-66.70793,-3.8989508
xtal_17.cif,./U3Si5/__initial__/221/xtal_17.cif,24.03354,-104.91242
xtal_18.cif,./U3Si5/__initial__/221/xtal_18.cif,-23.661352,110.784775
xtal_19.cif,./U3Si5/__initial__/221/xtal_19.cif,2.2761133,-62.158333
xtal_2.cif,./U3Si5/__initial__/221/xtal_2.cif,-117.66597,17.600399
xtal_20.cif,./U3Si5/__initial__/221/xtal_20.cif,83.53126,-45.820942
xtal_21.cif,./U3Si5/__initial__/221/xtal_21.cif,-31.46835,-23.767141
xtal_22.cif,./U3Si5/221/xtal_22.cif,30.61527,-106.13137
xtal_23.cif,./U3Si5/__initial__/221/xtal_23.cif,29.143969,-106.364456
xtal_24.cif,./U3Si5/__initial__/221/xtal_24.cif,48.92621,8.860134
xtal_25.cif,./U3Si5/221/xtal_25.cif,-29.223513,-27.933872
xtal_26.cif,./U3Si5/221/xtal_26.cif,-28.154871,-30.51304
xtal_27.cif,./U3Si5/221/xtal_27.cif,75.76565,-50.988045
xtal_28.cif,./U3Si5/__initial__/221/xtal_28.cif,-56.544437,41.228867
xtal_29.cif,./U3Si5/__initial__/221/xtal_29.cif,-71.35409,70.64907
xtal_3.cif,./U3Si5/__initial__/221/xtal_3.cif,64.366554,-59.931293
xtal_30.cif,./U3Si5/__initial__/221/xtal_30.cif,4.568423,-61.979057
xtal_31.cif,./U3Si5/__initial__/221/xtal_31.cif,-90.65469,29.12705
xtal_32.cif,./U3Si5/221/xtal_32.cif,77.83642,-52.084225
xtal_33.cif,./U3Si5/__initial__/221/xtal_33.cif,85.63058,-43.65816
xtal_34.cif,./U3Si5/__initial__/221/xtal_34.cif,-53.031807,8.003353
xtal_35.cif,./U3Si5/221/xtal_35.cif,-24.262188,-99.87511
xtal_36.cif,./U3Si5/221/xtal_36.cif,27.461985,-103.14143
xtal_37.cif,./U3Si5/__initial__/221/xtal_37.cif,28.378523,-105.256325
xtal_38.cif,./U3Si5/__initial__/221/xtal_38.cif,-32.64275,-21.676058
xtal_39.cif,./U3Si5/__initial__/221/xtal_39.cif,-48.155113,-22.162449
xtal_4.cif,./U3Si5/__initial__/221/xtal_4.cif,-36.882114,-17.63728
xtal_40.cif,./U3Si5/__initial__/221/xtal_40.cif,-35.448452,42.079132
xtal_41.cif,./U3Si5/__initial__/221/xtal_41.cif,75.88958,-27.930466
xtal_42.cif,./U3Si5/__initial__/221/xtal_42.cif,-72.429306,-10.3868475
xtal_43.cif,./U3Si5/__initial__/221/xtal_43.cif,-71.392395,-29.680346
xtal_44.cif,./U3Si5/__initial__/221/xtal_44.cif,-52.83683,31.288645
xtal_45.cif,./U3Si5/221/xtal_45.cif,75.489784,-50.58897
xtal_46.cif,./U3Si5/__initial__/221/xtal_46.cif,-48.234642,-89.62281
xtal_47.cif,./U3Si5/__initial__/221/xtal_47.cif,63.955635,-59.564262
xtal_48.cif,./U3Si5/__initial__/221/xtal_48.cif,79.694824,-19.59906
xtal_49.cif,./U3Si5/221/xtal_49.cif,54.322517,-40.39102
xtal_5.cif,./U3Si5/221/xtal_5.cif,-74.61231,-76.93058
xtal_50.cif,./U3Si5/221/xtal_50.cif,19.041943,-102.17568
xtal_51.cif,./U3Si5/221/xtal_51.cif,-110.775154,-0.30689386
xtal_52.cif,./U3Si5/__initial__/221/xtal_52.cif,-103.14406,-3.5894225
xtal_53.cif,./U3Si5/221/xtal_53.cif,-11.551808,-103.53468
xtal_54.cif,./U3Si5/221/xtal_54.cif,-50.302246,-89.865654
xtal_55.cif,./U3Si5/__initial__/221/xtal_55.cif,-58.903984,-10.718271
xtal_56.cif,./U3Si5/__initial__/221/xtal_56.cif,-50.14562,-1.1644824
xtal_57.cif,./U3Si5/__initial__/221/xtal_57.cif,-56.19499,60.819485
xtal_58.cif,./U3Si5/__initial__/221/xtal_58.cif,-90.51361,46.4763
xtal_59.cif,./U3Si5/221/xtal_59.cif,-19.485106,-93.48921
xtal_6.cif,./U3Si5/__initial__/221/xtal_6.cif,75.43036,-26.809029
xtal_60.cif,./U3Si5/__initial__/221/xtal_60.cif,-101.5719,19.830246
xtal_61.cif,./U3Si5/__initial__/221/xtal_61.cif,45.06233,-85.301994
xtal_62.cif,./U3Si5/221/xtal_62.cif,-28.16815,-30.466663
xtal_63.cif,./U3Si5/221/xtal_63.cif,75.69997,-50.88496
xtal_64.cif,./U3Si5/__initial__/221/xtal_64.cif,77.92205,-12.639497
xtal_65.cif,./U3Si5/221/xtal_65.cif,-90.30843,-54.353367
xtal_66.cif,./U3Si5/221/xtal_66.cif,77.850815,-52.07494
xtal_67.cif,./U3Si5/__initial__/221/xtal_67.cif,54.361763,-40.62703
xtal_68.cif,./U3Si5/__initial__/221/xtal_68.cif,-9.06614,113.226715
xtal_69.cif,./U3Si5/221/xtal_69.cif,54.389,-40.67754
xtal_7.cif,./U3Si5/221/xtal_7.cif,-36.13131,-59.775337
xtal_70.cif,./U3Si5/__initial__/221/xtal_70.cif,7.062022,-68.51193
xtal_71.cif,./U3Si5/__initial__/221/xtal_71.cif,31.49665,-106.375565
xtal_72.cif,./U3Si5/__initial__/221/xtal_72.cif,7.008686,-63.24324
xtal_73.cif,./U3Si5/__initial__/221/xtal_73.cif,-16.917171,-69.75024
xtal_74.cif,./U3Si5/__initial__/221/xtal_74.cif,4.3711786,-92.63262
xtal_75.cif,./U3Si5/__initial__/221/xtal_75.cif,-22.045593,-99.63043
xtal_76.cif,./U3Si5/__initial__/221/xtal_76.cif,29.462019,-105.44629
xtal_77.cif,./U3Si5/__initial__/221/xtal_77.cif,-33.358524,-20.691103
xtal_78.cif,./U3Si5/__initial__/221/xtal_78.cif,12.076287,-73.42426
xtal_79.cif,./U3Si5/__initial__/221/xtal_79.cif,83.25511,-46.33625
xtal_8.cif,./U3Si5/__initial__/221/xtal_8.cif,-17.741484,20.622303
xtal_80.cif,./U3Si5/__initial__/221/xtal_80.cif,-19.806067,74.75822
xtal_81.cif,./U3Si5/__initial__/221/xtal_81.cif,-71.26306,74.39039
xtal_82.cif,./U3Si5/__initial__/221/xtal_82.cif,-10.339174,-88.72071
xtal_83.cif,./U3Si5/__initial__/221/xtal_83.cif,-66.1117,-54.03261
xtal_84.cif,./U3Si5/__initial__/221/xtal_84.cif,-51.958538,7.391952
xtal_85.cif,./U3Si5/__initial__/221/xtal_85.cif,-8.06712,113.53375
xtal_86.cif,./U3Si5/__initial__/221/xtal_86.cif,-44.555317,3.7693694
xtal_87.cif,./U3Si5/__initial__/221/xtal_87.cif,-58.579426,-68.27676
xtal_88.cif,./U3Si5/__initial__/221/xtal_88.cif,-34.82022,107.21769
xtal_89.cif,./U3Si5/__initial__/221/xtal_89.cif,9.585612,-70.51006
xtal_9.cif,./U3Si5/221/xtal_9.cif,84.005516,-45.267834
xtal_90.cif,./U3Si5/__initial__/221/xtal_90.cif,-35.394638,-14.044785
xtal_91.cif,./U3Si5/__initial__/221/xtal_91.cif,-30.579817,-25.36877
xtal_92.cif,./U3Si5/__initial__/221/xtal_92.cif,-100.85749,19.752817
xtal_93.cif,./U3Si5/221/xtal_93.cif,-74.31587,-67.29332
xtal_94.cif,./U3Si5/__initial__/221/xtal_94.cif,-96.43954,-4.7433257
xtal_95.cif,./U3Si5/221/xtal_95.cif,83.46867,-45.914948
xtal_96.cif,./U3Si5/__initial__/221/xtal_96.cif,5.9743843,-62.98665
xtal_97.cif,./U3Si5/__initial__/221/xtal_97.cif,-41.494255,103.275475
xtal_98.cif,./U3Si5/__initial__/221/xtal_98.cif,-23.14898,111.15503
xtal_99.cif,./U3Si5/__initial__/221/xtal_99.cif,-29.402945,15.373866
xtal_1.cif,./U3Si5/__initial__/222/xtal_1.cif,-95.47504,-43.461025
xtal_10.cif,./U3Si5/__initial__/222/xtal_10.cif,-81.92338,-67.06059
xtal_100.cif,./U3Si5/__initial__/222/xtal_100.cif,-89.6502,-54.973835
xtal_11.cif,./U3Si5/__initial__/222/xtal_11.cif,-83.273674,-61.302624
xtal_12.cif,./U3Si5/__initial__/222/xtal_12.cif,-79.41042,-70.36651
xtal_13.cif,./U3Si5/__initial__/222/xtal_13.cif,-95.395065,-45.263336
xtal_14.cif,./U3Si5/__initial__/222/xtal_14.cif,-89.997925,-54.67464
xtal_15.cif,./U3Si5/__initial__/222/xtal_15.cif,-92.200745,-52.077106
xtal_16.cif,./U3Si5/__initial__/222/xtal_16.cif,-110.78691,-0.3027974
xtal_17.cif,./U3Si5/222/xtal_17.cif,-45.68953,-95.30386
xtal_18.cif,./U3Si5/__initial__/222/xtal_18.cif,-103.94327,-14.966521
xtal_19.cif,./U3Si5/__initial__/222/xtal_19.cif,-84.7895,-58.79481
xtal_2.cif,./U3Si5/__initial__/222/xtal_2.cif,-84.34818,80.679474
xtal_20.cif,./U3Si5/__initial__/222/xtal_20.cif,-103.72245,-15.39046
xtal_21.cif,./U3Si5/__initial__/222/xtal_21.cif,-33.08249,-100.47231
xtal_22.cif,./U3Si5/__initial__/222/xtal_22.cif,-85.0097,80.00447
xtal_23.cif,./U3Si5/__initial__/222/xtal_23.cif,-95.86096,68.7992
xtal_24.cif,./U3Si5/__initial__/222/xtal_24.cif,-107.18217,-4.760168
xtal_25.cif,./U3Si5/__initial__/222/xtal_25.cif,-23.10153,120.52368
xtal_26.cif,./U3Si5/__initial__/222/xtal_26.cif,-105.60332,-9.954469
xtal_27.cif,./U3Si5/__initial__/222/xtal_27.cif,-78.89654,-70.96088
xtal_28.cif,./U3Si5/__initial__/222/xtal_28.cif,-54.010616,-88.89683
xtal_29.cif,./U3Si5/__initial__/222/xtal_29.cif,-97.14866,-24.780033
xtal_3.cif,./U3Si5/__initial__/222/xtal_3.cif,0.50930613,117.726234
xtal_30.cif,./U3Si5/__initial__/222/xtal_30.cif,-61.271816,-84.35086
xtal_31.cif,./U3Si5/222/xtal_31.cif,-58.52347,-85.72872
xtal_32.cif,./U3Si5/__initial__/222/xtal_32.cif,-38.356163,-98.570175
xtal_33.cif,./U3Si5/__initial__/222/xtal_33.cif,-62.679108,-83.70315
xtal_34.cif,./U3Si5/__initial__/222/xtal_34.cif,-62.644188,-83.71927
xtal_35.cif,./U3Si5/__initial__/222/xtal_35.cif,-77.94361,-72.20495
xtal_36.cif,./U3Si5/__initial__/222/xtal_36.cif,-97.90313,-23.4849
xtal_37.cif,./U3Si5/222/xtal_37.cif,-39.431103,-98.11775
xtal_38.cif,./U3Si5/__initial__/222/xtal_38.cif,-85.7257,-57.649586
xtal_39.cif,./U3Si5/__initial__/222/xtal_39.cif,-71.91126,-78.165344
xtal_4.cif,./U3Si5/222/xtal_4.cif,-66.069664,-82.067924
xtal_40.cif,./U3Si5/222/xtal_40.cif,-104.18464,-14.398254
xtal_41.cif,./U3Si5/__initial__/222/xtal_41.cif,-117.337494,26.020308
xtal_42.cif,./U3Si5/__initial__/222/xtal_42.cif,-95.37538,-40.8548
xtal_43.cif,./U3Si5/__initial__/222/xtal_43.cif,-101.27406,61.463177
xtal_44.cif,./U3Si5/222/xtal_44.cif,-46.020527,-95.1086
xtal_45.cif,./U3Si5/222/xtal_45.cif,-57.598873,-86.266464
xtal_46.cif,./U3Si5/__initial__/222/xtal_46.cif,-86.4681,78.63548
xtal_47.cif,./U3Si5/222/xtal_47.cif,-94.07797,-32.97921
xtal_48.cif,./U3Si5/__initial__/222/xtal_48.cif,-52.135246,-90.576706
xtal_49.cif,./U3Si5/__initial__/222/xtal_49.cif,-95.76174,68.89259
xtal_5.cif,./U3Si5/222/xtal_5.cif,-97.763275,-23.71798
xtal_50.cif,./U3Si5/222/xtal_50.cif,-95.3928,-45.265835
xtal_51.cif,./U3Si5/__initial__/222/xtal_51.cif,-32.12746,-100.87956
xtal_52.cif,./U3Si5/__initial__/222/xtal_52.cif,-115.42298,6.8603764
xtal_53.cif,./U3Si5/222/xtal_53.cif,-57.940342,-86.06433
xtal_54.cif,./U3Si5/__initial__/222/xtal_54.cif,-53.10329,-89.717865
xtal_55.cif,./U3Si5/__initial__/222/xtal_55.cif,0.14492323,118.14163
xtal_56.cif,./U3Si5/__initial__/222/xtal_56.cif,-94.33761,-35.90108
xtal_57.cif,./U3Si5/__initial__/222/xtal_57.cif,-83.06313,-61.839577
xtal_58.cif,./U3Si5/__initial__/222/xtal_58.cif,-69.894135,-79.61018
xtal_59.cif,./U3Si5/__initial__/222/xtal_59.cif,-101.61633,-18.796337
xtal_6.cif,./U3Si5/__initial__/222/xtal_6.cif,-117.72371,15.173101
xtal_60.cif,./U3Si5/222/xtal_60.cif,-53.426006,-89.4285
xtal_61.cif,./U3Si5/__initial__/222/xtal_61.cif,-79.47156,84.31376
xtal_62.cif,./U3Si5/__initial__/222/xtal_62.cif,-31.567545,-101.09759
xtal_63.cif,./U3Si5/__initial__/222/xtal_63.cif,-83.914925,81.10996
xtal_64.cif,./U3Si5/__initial__/222/xtal_64.cif,-72.35538,-77.832664
xtal_65.cif,./U3Si5/__initial__/222/xtal_65.cif,-116.05915,32.251156
xtal_66.cif,./U3Si5/__initial__/222/xtal_66.cif,-95.17189,-38.914814
xtal_67.cif,./U3Si5/__initial__/222/xtal_67.cif,-101.78821,60.712334
xtal_68.cif,./U3Si5/__initial__/222/xtal_68.cif,-94.53331,-30.702248
xtal_69.cif,./U3Si5/222/xtal_69.cif,-95.44557,-44.858772
xtal_7.cif,./U3Si5/__initial__/222/xtal_7.cif,-97.389114,-24.348257
xtal_70.cif,./U3Si5/222/xtal_70.cif,-94.540535,-30.668373
xtal_71.cif,./U3Si5/__initial__/222/xtal_71.cif,-62.423626,100.95644
xtal_72.cif,./U3Si5/222/xtal_72.cif,-49.722916,-92.599976
xtal_73.cif,./U3Si5/__initial__/222/xtal_73.cif,-70.19044,-79.40064
xtal_74.cif,./U3Si5/__initial__/222/xtal_74.cif,-43.590492,-96.497246
xtal_75.cif,./U3Si5/__initial__/222/xtal_75.cif,-52.01443,-90.68824
xtal_76.cif,./U3Si5/__initial__/222/xtal_76.cif,-93.4836,-50.230568
xtal_77.cif,./U3Si5/__initial__/222/xtal_77.cif,-83.4723,-60.861
xtal_78.cif,./U3Si5/222/xtal_78.cif,-91.43712,-53.043396
xtal_79.cif,./U3Si5/__initial__/222/xtal_79.cif,-49.547146,-92.73329
xtal_8.cif,./U3Si5/__initial__/222/xtal_8.cif,-107.31433,-4.520026
xtal_80.cif,./U3Si5/__initial__/222/xtal_80.cif,-95.46086,-44.67696
xtal_81.cif,./U3Si5/222/xtal_81.cif,-94.24389,-49.14368
xtal_82.cif,./U3Si5/__initial__/222/xtal_82.cif,-105.50394,-10.419006
xtal_83.cif,./U3Si5/__initial__/222/xtal_83.cif,-101.98256,-18.302368
xtal_84.cif,./U3Si5/__initial__/222/xtal_84.cif,-81.6293,-67.510155
xtal_85.cif,./U3Si5/__initial__/222/xtal_85.cif,-85.32867,79.683174
xtal_86.cif,./U3Si5/__initial__/222/xtal_86.cif,10.389155,105.85989
xtal_87.cif,./U3Si5/__initial__/222/xtal_87.cif,-50.263985,-92.18207
xtal_88.cif,./U3Si5/__initial__/222/xtal_88.cif,-22.365234,120.97384
xtal_89.cif,./U3Si5/222/xtal_89.cif,-95.19638,-46.258633
xtal_9.cif,./U3Si5/__initial__/222/xtal_9.cif,-117.59879,24.15809
xtal_90.cif,./U3Si5/__initial__/222/xtal_90.cif,-79.713005,84.16373
xtal_91.cif,./U3Si5/222/xtal_91.cif,-92.277214,-51.974823
xtal_92.cif,./U3Si5/222/xtal_92.cif,-86.29082,-57.179638
xtal_93.cif,./U3Si5/__initial__/222/xtal_93.cif,-115.30339,35.519108
xtal_94.cif,./U3Si5/__initial__/222/xtal_94.cif,-54.44218,-88.55666
xtal_95.cif,./U3Si5/__initial__/222/xtal_95.cif,-73.9894,-76.644165
xtal_96.cif,./U3Si5/__initial__/222/xtal_96.cif,-97.72329,-23.784544
xtal_97.cif,./U3Si5/__initial__/222/xtal_97.cif,-70.94561,90.91503
xtal_98.cif,./U3Si5/__initial__/222/xtal_98.cif,-24.169111,119.70833
xtal_99.cif,./U3Si5/__initial__/222/xtal_99.cif,-102.17234,60.148434
xtal_1.cif,./U3Si5/223/xtal_1.cif,-31.075895,-97.78937
xtal_10.cif,./U3Si5/__initial__/223/xtal_10.cif,-94.66508,70.01231
xtal_100.cif,./U3Si5/__initial__/223/xtal_100.cif,-67.38194,-73.88672
xtal_11.cif,./U3Si5/223/xtal_11.cif,-31.824707,-97.6784
xtal_12.cif,./U3Si5/223/xtal_12.cif,-84.82707,-22.119728
xtal_13.cif,./U3Si5/__initial__/223/xtal_13.cif,-17.814676,-100.09216
xtal_14.cif,./U3Si5/223/xtal_14.cif,-41.83538,-94.164185
xtal_15.cif,./U3Si5/__initial__/223/xtal_15.cif,-83.58805,-60.64644
xtal_16.cif,./U3Si5/__initial__/223/xtal_16.cif,-67.146545,55.04633
xtal_17.cif,./U3Si5/__initial__/223/xtal_17.cif,-39.994297,88.7861
xtal_18.cif,./U3Si5/__initial__/223/xtal_18.cif,-27.264452,100.36452
xtal_19.cif,./U3Si5/__initial__/223/xtal_19.cif,-67.111374,55.213913
xtal_2.cif,./U3Si5/__initial__/223/xtal_2.cif,-78.34631,-40.419384
xtal_20.cif,./U3Si5/__initial__/223/xtal_20.cif,-56.58984,-87.00136
xtal_21.cif,./U3Si5/223/xtal_21.cif,-18.775846,-99.858894
xtal_22.cif,./U3Si5/223/xtal_22.cif,-18.435196,-99.943726
xtal_23.cif,./U3Si5/223/xtal_23.cif,-54.88587,-84.48009
xtal_24.cif,./U3Si5/223/xtal_24.cif,-18.020052,-100.04442
xtal_25.cif,./U3Si5/__initial__/223/xtal_25.cif,-117.28489,26.422894
xtal_26.cif,./U3Si5/223/xtal_26.cif,-31.544708,-97.69468
xtal_27.cif,./U3Si5/__initial__/223/xtal_27.cif,-95.176216,27.292517
xtal_28.cif,./U3Si5/__initial__/223/xtal_28.cif,-67.11237,55.20935
xtal_29.cif,./U3Si5/__initial__/223/xtal_29.cif,-38.727806,93.06945
xtal_3.cif,./U3Si5/__initial__/223/xtal_3.cif,-28.804049,100.04901
xtal_30.cif,./U3Si5/__initial__/223/xtal_30.cif,-101.32484,-19.173042
xtal_31.cif,./U3Si5/223/xtal_31.cif,-54.389923,-84.751396
xtal_32.cif,./U3Si5/223/xtal_32.cif,-41.772568,-94.19733
xtal_33.cif,./U3Si5/__initial__/223/xtal_33.cif,-76.82864,-50.573814
xtal_34.cif,./U3Si5/223/xtal_34.cif,-78.51644,-41.656544
xtal_35.cif,./U3Si5/__initial__/223/xtal_35.cif,-92.36161,-9.333773
xtal_36.cif,./U3Si5/223/xtal_36.cif,-66.340065,-81.90645
xtal_37.cif,./U3Si5/__initial__/223/xtal_37.cif,-68.53933,48.528454
xtal_38.cif,./U3Si5/__initial__/223/xtal_38.cif,-41.424545,-94.272255
xtal_39.cif,./U3Si5/223/xtal_39.cif,-49.463287,-92.79525
xtal_4.cif,./U3Si5/223/xtal_4.cif,-47.711487,84.204994
xtal_40.cif,./U3Si5/__initial__/223/xtal_40.cif,-117.29652,26.32602
xtal_41.cif,./U3Si5/__initial__/223/xtal_41.cif,-38.315388,111.69056
xtal_42.cif,./U3Si5/__initial__/223/xtal_42.cif,-67.197815,54.83228
xtal_43.cif,./U3Si5/__initial__/223/xtal_43.cif,-92.22528,-9.437394
xtal_44.cif,./U3Si5/__initial__/223/xtal_44.cif,-94.7151,28.043243
xtal_45.cif,./U3Si5/__initial__/223/xtal_45.cif,-54.774708,-84.56054
xtal_46.cif,./U3Si5/__initial__/223/xtal_46.cif,-117.48993,13.884134
xtal_47.cif,./U3Si5/223/xtal_47.cif,-76.74115,-49.621086
xtal_48.cif,./U3Si5/223/xtal_48.cif,-17.190096,-100.275085
xtal_49.cif,./U3Si5/223/xtal_49.cif,-78.48431,-41.26593
xtal_5.cif,./U3Si5/223/xtal_5.cif,-95.44766,-42.584785
xtal_50.cif,./U3Si5/223/xtal_50.cif,-93.28004,-50.515987
xtal_51.cif,./U3Si5/223/xtal_51.cif,-41.20314,-94.28676
xtal_52.cif,./U3Si5/__initial__/223/xtal_52.cif,-40.0031,88.619316
xtal_53.cif,./U3Si5/223/xtal_53.cif,-67.36289,-73.89708
xtal_54.cif,./U3Si5/223/xtal_54.cif,-70.02435,-79.518906
xtal_55.cif,./U3Si5/__initial__/223/xtal_55.cif,-67.16178,54.980377
xtal_56.cif,./U3Si5/__initial__/223/xtal_56.cif,-80.34042,83.761536
xtal_57.cif,./U3Si5/__initial__/223/xtal_57.cif,-109.59606,-1.675449
xtal_58.cif,./U3Si5/__initial__/223/xtal_58.cif,-42.79633,-96.86017
xtal_59.cif,./U3Si5/__initial__/223/xtal_59.cif,-76.785194,-49.920975
xtal_6.cif,./U3Si5/223/xtal_6.cif,-98.39842,3.8114321
xtal_60.cif,./U3Si5/223/xtal_60.cif,-92.44257,-9.255904
xtal_61.cif,./U3Si5/__initial__/223/xtal_61.cif,-76.811615,-50.823704
xtal_62.cif,./U3Si5/223/xtal_62.cif,-14.962735,-101.592514
xtal_63.cif,./U3Si5/__initial__/223/xtal_63.cif,1.3183244,105.320854
xtal_64.cif,./U3Si5/223/xtal_64.cif,-43.400574,-96.58619
xtal_65.cif,./U3Si5/__initial__/223/xtal_65.cif,-94.02984,-34.380962
xtal_66.cif,./U3Si5/__initial__/223/xtal_66.cif,-98.4311,3.778916
xtal_67.cif,./U3Si5/223/xtal_67.cif,-31.703411,-97.68493
xtal_68.cif,./U3Si5/223/xtal_68.cif,-45.5704,-95.37207
xtal_69.cif,./U3Si5/__initial__/223/xtal_69.cif,-72.71625,-77.57426
xtal_7.cif,./U3Si5/__initial__/223/xtal_7.cif,-89.314026,38.64081
xtal_70.cif,./U3Si5/__initial__/223/xtal_70.cif,-95.24016,-28.56306
xtal_71.cif,./U3Si5/223/xtal_71.cif,-17.478882,-100.1839
xtal_72.cif,./U3Si5/223/xtal_72.cif,-31.3469,-97.72635
xtal_73.cif,./U3Si5/__initial__/223/xtal_73.cif,-63.531055,99.739815
xtal_74.cif,./U3Si5/__initial__/223/xtal_74.cif,-77.79544,-72.43374
xtal_75.cif,./U3Si5/__initial__/223/xtal_75.cif,-95.8861,68.773575
xtal_76.cif,./U3Si5/__initial__/223/xtal_76.cif,-63.620594,75.52376
xtal_77.cif,./U3Si5/__initial__/223/xtal_77.cif,-69.60865,-79.80319
xtal_78.cif,./U3Si5/223/xtal_78.cif,-81.81099,-67.273346
xtal_79.cif,./U3Si5/223/xtal_79.cif,-97.87668,15.006076
xtal_8.cif,./U3Si5/223/xtal_8.cif,-58.897655,-85.5284
xtal_80.cif,./U3Si5/__initial__/223/xtal_80.cif,-102.8436,-16.915548
xtal_81.cif,./U3Si5/__initial__/223/xtal_81.cif,-100.49677,62.60321
xtal_82.cif,./U3Si5/223/xtal_82.cif,-41.32199,-94.277054
xtal_83.cif,./U3Si5/__initial__/223/xtal_83.cif,-98.44297,3.766183
xtal_84.cif,./U3Si5/223/xtal_84.cif,-84.91053,-22.150593
xtal_85.cif,./U3Si5/223/xtal_85.cif,-28.71959,100.07279
xtal_86.cif,./U3Si5/__initial__/223/xtal_86.cif,-113.76444,3.667026
xtal_87.cif,./U3Si5/__initial__/223/xtal_87.cif,-115.97627,32.614662
xtal_88.cif,./U3Si5/223/xtal_88.cif,-95.218575,-39.19081
xtal_89.cif,./U3Si5/__initial__/223/xtal_89.cif,-55.485703,-87.76897
xtal_9.cif,./U3Si5/__initial__/223/xtal_9.cif,-66.07272,65.748474
xtal_90.cif,./U3Si5/__initial__/223/xtal_90.cif,-67.23521,-73.9733
xtal_91.cif,./U3Si5/__initial__/223/xtal_91.cif,-46.570877,-94.7759
xtal_92.cif,./U3Si5/223/xtal_92.cif,-78.48712,-41.28076
xtal_93.cif,./U3Si5/__initial__/223/xtal_93.cif,-44.055195,-96.24608
xtal_94.cif,./U3Si5/__initial__/223/xtal_94.cif,-74.055756,-76.58846
xtal_95.cif,./U3Si5/__initial__/223/xtal_95.cif,-95.3282,27.052029
xtal_96.cif,./U3Si5/223/xtal_96.cif,-20.209688,-99.54444
xtal_97.cif,./U3Si5/__initial__/223/xtal_97.cif,-4.9206524,105.300934
xtal_98.cif,./U3Si5/__initial__/223/xtal_98.cif,-94.36693,-36.018288
xtal_99.cif,./U3Si5/__initial__/223/xtal_99.cif,-5.338572,105.271774
xtal_1.cif,./U3Si5/224/xtal_1.cif,-21.607412,-62.31885
xtal_10.cif,./U3Si5/__initial__/224/xtal_10.cif,-1.4356693,-55.365704
xtal_100.cif,./U3Si5/224/xtal_100.cif,-94.901344,-29.416422
xtal_11.cif,./U3Si5/224/xtal_11.cif,-94.16699,-32.43307
xtal_12.cif,./U3Si5/224/xtal_12.cif,-24.797993,-63.453526
xtal_13.cif,./U3Si5/__initial__/224/xtal_13.cif,-103.90078,-15.055518
xtal_14.cif,./U3Si5/224/xtal_14.cif,-104.680565,-13.170653
xtal_15.cif,./U3Si5/224/xtal_15.cif,-18.857817,-65.71734
xtal_16.cif,./U3Si5/224/xtal_16.cif,-102.879486,59.06578
xtal_17.cif,./U3Si5/__initial__/224/xtal_17.cif,-27.80512,77.10765
xtal_18.cif,./U3Si5/__initial__/224/xtal_18.cif,-104.601395,-13.396428
xtal_19.cif,./U3Si5/224/xtal_19.cif,-77.39635,-72.948944
xtal_2.cif,./U3Si5/__initial__/224/xtal_2.cif,-49.88101,1.4439145
xtal_20.cif,./U3Si5/__initial__/224/xtal_20.cif,-37.45592,111.93257
xtal_21.cif,./U3Si5/224/xtal_21.cif,-95.44821,-44.8268
xtal_22.cif,./U3Si5/__initial__/224/xtal_22.cif,77.88326,-14.382212
xtal_23.cif,./U3Si5/__initial__/224/xtal_23.cif,64.00202,-56.545547
xtal_24.cif,./U3Si5/224/xtal_24.cif,-26.045624,-62.309658
xtal_25.cif,./U3Si5/224/xtal_25.cif,-79.80707,84.10595
xtal_26.cif,./U3Si5/224/xtal_26.cif,-100.85801,-19.689417
xtal_27.cif,./U3Si5/224/xtal_27.cif,-92.019646,-52.317604
xtal_28.cif,./U3Si5/224/xtal_28.cif,-82.167755,-66.3997
xtal_29.cif,./U3Si5/224/xtal_29.cif,-33.524895,-100.32112
xtal_3.cif,./U3Si5/224/xtal_3.cif,-46.396935,-94.88464
xtal_30.cif,./U3Si5/224/xtal_30.cif,-94.0463,-34.581024
xtal_31.cif,./U3Si5/224/xtal_31.cif,-20.751045,-63.903046
xtal_32.cif,./U3Si5/__initial__/224/xtal_32.cif,-0.0696403,118.38752
xtal_33.cif,./U3Si5/__initial__/224/xtal_33.cif,-17.298386,22.139002
xtal_34.cif,./U3Si5/__initial__/224/xtal_34.cif,-83.73183,81.269135
xtal_35.cif,./U3Si5/__initial__/224/xtal_35.cif,-17.276352,22.499166
xtal_36.cif,./U3Si5/224/xtal_36.cif,-21.379656,-61.799877
xtal_37.cif,./U3Si5/224/xtal_37.cif,-117.91483,17.779047
xtal_38.cif,./U3Si5/__initial__/224/xtal_38.cif,74.33587,-27.07554
xtal_39.cif,./U3Si5/__initial__/224/xtal_39.cif,-18.996834,-63.50253
xtal_4.cif,./U3Si5/224/xtal_4.cif,-108.09446,-3.4274497
xtal_40.cif,./U3Si5/__initial__/224/xtal_40.cif,81.60613,-16.122967
xtal_41.cif,./U3Si5/__initial__/224/xtal_41.cif,-1.6848998,-56.33529
xtal_42.cif,./U3Si5/__initial__/224/xtal_42.cif,-72.017784,-78.08731
xtal_43.cif,./U3Si5/__initial__/224/xtal_43.cif,-24.658352,119.3366
xtal_44.cif,./U3Si5/224/xtal_44.cif,-18.854935,-63.395615
xtal_45.cif,./U3Si5/224/xtal_45.cif,-102.05811,-18.19562
xtal_46.cif,./U3Si5/__initial__/224/xtal_46.cif,79.44385,-20.780407
xtal_47.cif,./U3Si5/__initial__/224/xtal_47.cif,-65.67184,97.23342
xtal_48.cif,./U3Si5/224/xtal_48.cif,-94.406265,-31.251953
xtal_49.cif,./U3Si5/224/xtal_49.cif,-90.565926,-54.069275
xtal_5.cif,./U3Si5/__initial__/224/xtal_5.cif,-60.311012,-12.607419
xtal_50.cif,./U3Si5/__initial__/224/xtal_50.cif,-52.59348,-15.333051
xtal_51.cif,./U3Si5/224/xtal_51.cif,-92.96976,-50.981327
xtal_52.cif,./U3Si5/__initial__/224/xtal_52.cif,-19.899418,-69.359924
xtal_53.cif,./U3Si5/__initial__/224/xtal_53.cif,-83.99368,-59.954544
xtal_54.cif,./U3Si5/224/xtal_54.cif,-94.16441,-35.254013
xtal_55.cif,./U3Si5/__initial__/224/xtal_55.cif,-26.152376,78.95555
xtal_56.cif,./U3Si5/__initial__/224/xtal_56.cif,-94.3338,70.35195
xtal_57.cif,./U3Si5/224/xtal_57.cif,-79.06062,-70.79091
xtal_58.cif,./U3Si5/224/xtal_58.cif,-102.09452,-18.148275
xtal_59.cif,./U3Si5/__initial__/224/xtal_59.cif,-95.24379,69.43615
xtal_6.cif,./U3Si5/224/xtal_6.cif,-54.203415,-88.73909
xtal_60.cif,./U3Si5/224/xtal_60.cif,-93.33377,-50.446777
xtal_61.cif,./U3Si5/__initial__/224/xtal_61.cif,-27.800835,-11.27232
xtal_62.cif,./U3Si5/224/xtal_62.cif,-73.619446,-76.924385
xtal_63.cif,./U3Si5/224/xtal_63.cif,-65.2528,97.72901
xtal_64.cif,./U3Si5/224/xtal_64.cif,-77.91523,85.334045
xtal_65.cif,./U3Si5/224/xtal_65.cif,-99.79185,-20.856104
xtal_66.cif,./U3Si5/224/xtal_66.cif,-113.66382,3.517493
xtal_67.cif,./U3Si5/__initial__/224/xtal_67.cif,79.44637,-20.80578
xtal_68.cif,./U3Si5/224/xtal_68.cif,-78.31613,-71.66381
xtal_69.cif,./U3Si5/__initial__/224/xtal_69.cif,-112.20274,1.5306705
xtal_7.cif,./U3Si5/__initial__/224/xtal_7.cif,-65.43121,97.51925
xtal_70.cif,./U3Si5/__initial__/224/xtal_70.cif,4.3936224,-74.30548
xtal_71.cif,./U3Si5/224/xtal_71.cif,-18.763151,-67.39422
xtal_72.cif,./U3Si5/__initial__/224/xtal_72.cif,-32.911873,-54.27209
xtal_73.cif,./U3Si5/224/xtal_73.cif,-94.49262,-30.868073
xtal_74.cif,./U3Si5/__initial__/224/xtal_74.cif,-54.116768,27.312366
xtal_75.cif,./U3Si5/__initial__/224/xtal_75.cif,-8.824972,58.012375
xtal_76.cif,./U3Si5/224/xtal_76.cif,-94.061325,-33.121975
xtal_77.cif,./U3Si5/224/xtal_77.cif,-100.09022,63.25933
xtal_78.cif,./U3Si5/224/xtal_78.cif,-66.495445,-81.8071
xtal_79.cif,./U3Si5/__initial__/224/xtal_79.cif,78.76952,-15.756488
xtal_8.cif,./U3Si5/__initial__/224/xtal_8.cif,74.763535,-26.956848
xtal_80.cif,./U3Si5/224/xtal_80.cif,-57.220367,-86.52387
xtal_81.cif,./U3Si5/224/xtal_81.cif,-115.89076,33.008015
xtal_82.cif,./U3Si5/__initial__/224/xtal_82.cif,-53.038296,-14.8296385
xtal_83.cif,./U3Si5/__initial__/224/xtal_83.cif,74.85608,-26.725323
xtal_84.cif,./U3Si5/__initial__/224/xtal_84.cif,-18.941637,-64.45722
xtal_85.cif,./U3Si5/224/xtal_85.cif,-95.072586,-38.41775
xtal_86.cif,./U3Si5/__initial__/224/xtal_86.cif,-1.4508619,-55.56092
xtal_87.cif,./U3Si5/224/xtal_87.cif,-79.92704,-69.70002
xtal_88.cif,./U3Si5/__initial__/224/xtal_88.cif,-109.71387,-1.5399203
xtal_89.cif,./U3Si5/__initial__/224/xtal_89.cif,74.56418,-26.840912
xtal_9.cif,./U3Si5/224/xtal_9.cif,-95.050354,-38.316074
xtal_90.cif,./U3Si5/224/xtal_90.cif,-26.22584,-62.25744
xtal_91.cif,./U3Si5/__initial__/224/xtal_91.cif,-78.904106,-70.96491
xtal_92.cif,./U3Si5/__initial__/224/xtal_92.cif,-68.65084,93.816216
xtal_93.cif,./U3Si5/224/xtal_93.cif,-83.975174,-59.97353
xtal_94.cif,./U3Si5/224/xtal_94.cif,-115.05812,36.51193
xtal_95.cif,./U3Si5/224/xtal_95.cif,-57.61194,-86.25839
xtal_96.cif,./U3Si5/__initial__/224/xtal_96.cif,-50.05001,1.5728502
xtal_97.cif,./U3Si5/224/xtal_97.cif,-95.47934,-44.127842
xtal_98.cif,./U3Si5/__initial__/224/xtal_98.cif,-63.549374,-3.057038
xtal_99.cif,./U3Si5/224/xtal_99.cif,-100.774025,62.17855
xtal_1.cif,./U3Si5/__initial__/229/xtal_1.cif,-37.74374,111.79757
xtal_10.cif,./U3Si5/__initial__/229/xtal_10.cif,-116.02768,32.3848
xtal_100.cif,./U3Si5/229/xtal_100.cif,-109.09434,-2.2397354
xtal_11.cif,./U3Si5/__initial__/229/xtal_11.cif,-117.644646,23.810356
xtal_12.cif,./U3Si5/__initial__/229/xtal_12.cif,-105.52676,-10.302009
xtal_13.cif,./U3Si5/229/xtal_13.cif,-95.18291,-38.971584
xtal_14.cif,./U3Si5/229/xtal_14.cif,-92.96543,-50.98565
xtal_15.cif,./U3Si5/229/xtal_15.cif,-91.810394,-52.582623
xtal_16.cif,./U3Si5/__initial__/229/xtal_16.cif,-38.19373,111.706116
xtal_17.cif,./U3Si5/__initial__/229/xtal_17.cif,-112.50769,1.9396461
xtal_18.cif,./U3Si5/__initial__/229/xtal_18.cif,-77.570045,85.55915
xtal_19.cif,./U3Si5/229/xtal_19.cif,-96.75451,-25.445824
xtal_2.cif,./U3Si5/229/xtal_2.cif,-85.39387,-57.976948
xtal_20.cif,./U3Si5/229/xtal_20.cif,-100.43495,62.693592
xtal_21.cif,./U3Si5/__initial__/229/xtal_21.cif,-102.773476,59.254677
xtal_22.cif,./U3Si5/229/xtal_22.cif,-95.4393,-44.916374
xtal_23.cif,./U3Si5/229/xtal_23.cif,-89.23396,-55.279354
xtal_24.cif,./U3Si5/__initial__/229/xtal_24.cif,-68.7556,-80.3646
xtal_25.cif,./U3Si5/229/xtal_25.cif,-95.3677,-40.724434
xtal_26.cif,./U3Si5/__initial__/229/xtal_26.cif,-117.94771,18.385618
xtal_27.cif,./U3Si5/229/xtal_27.cif,-83.51165,-60.78891
xtal_28.cif,./U3Si5/229/xtal_28.cif,-72.90306,-77.429596
xtal_29.cif,./U3Si5/229/xtal_29.cif,-112.24527,1.5919274
xtal_3.cif,./U3Si5/__initial__/229/xtal_3.cif,-27.833908,117.43025
xtal_30.cif,./U3Si5/__initial__/229/xtal_30.cif,-101.826164,60.65842
xtal_31.cif,./U3Si5/229/xtal_31.cif,-90.288216,-54.385956
xtal_32.cif,./U3Si5/229/xtal_32.cif,-89.48446,-55.099266
xtal_33.cif,./U3Si5/229/xtal_33.cif,-49.934513,-92.43663
xtal_34.cif,./U3Si5/229/xtal_34.cif,-42.630764,-96.93086
xtal_35.cif,./U3Si5/__initial__/229/xtal_35.cif,8.0662775,110.40087
xtal_36.cif,./U3Si5/229/xtal_36.cif,-95.01508,-38.173073
xtal_37.cif,./U3Si5/229/xtal_37.cif,-105.47786,-10.539201
xtal_38.cif,./U3Si5/229/xtal_38.cif,-110.50424,-0.63483214
xtal_39.cif,./U3Si5/229/xtal_39.cif,-41.61648,-97.31308
xtal_4.cif,./U3Si5/__initial__/229/xtal_4.cif,1.8272024,115.972374
xtal_40.cif,./U3Si5/229/xtal_40.cif,-94.03465,-34.449715
xtal_41.cif,./U3Si5/229/xtal_41.cif,-117.591225,14.297998
xtal_42.cif,./U3Si5/229/xtal_42.cif,-32.648914,-100.6492
xtal_43.cif,./U3Si5/229/xtal_43.cif,-78.331635,-71.6405
xtal_44.cif,./U3Si5/229/xtal_44.cif,-112.82551,2.340086
xtal_45.cif,./U3Si5/229/xtal_45.cif,-43.005203,-96.773705
xtal_46.cif,./U3Si5/__initial__/229/xtal_46.cif,-50.677094,-91.84935
xtal_47.cif,./U3Si5/229/xtal_47.cif,-90.3743,-54.285072
xtal_48.cif,./U3Si5/__initial__/229/xtal_48.cif,-96.43113,-26.003819
xtal_49.cif,./U3Si5/__initial__/229/xtal_49.cif,-65.31038,97.66099
xtal_5.cif,./U3Si5/__initial__/229/xtal_5.cif,0.080178395,118.21751
xtal_50.cif,./U3Si5/__initial__/229/xtal_50.cif,-94.09054,70.62259
xtal_51.cif,./U3Si5/229/xtal_51.cif,-114.67299,5.2500076
xtal_52.cif,./U3Si5/__initial__/229/xtal_52.cif,-62.126053,101.41515
xtal_53.cif,./U3Si5/__initial__/229/xtal_53.cif,-70.58026,91.386185
xtal_54.cif,./U3Si5/__initial__/229/xtal_54.cif,-50.741455,-91.79443
xtal_55.cif,./U3Si5/__initial__/229/xtal_55.cif,-88.045685,77.486305
xtal_56.cif,./U3Si5/__initial__/229/xtal_56.cif,-66.09224,-82.055145
xtal_57.cif,./U3Si5/229/xtal_57.cif,-57.22935,-86.51723
xtal_58.cif,./U3Si5/229/xtal_58.cif,-68.562874,-80.4922
xtal_59.cif,./U3Si5/__initial__/229/xtal_59.cif,-28.393936,117.11143
xtal_6.cif,./U3Si5/229/xtal_6.cif,-113.22724,2.8945508
xtal_60.cif,./U3Si5/__initial__/229/xtal_60.cif,-25.245293,118.93346
xtal_61.cif,./U3Si5/229/xtal_61.cif,-117.12869,12.007729
xtal_62.cif,./U3Si5/229/xtal_62.cif,-111.65651,0.78898615
xtal_63.cif,./U3Si5/229/xtal_63.cif,-61.768246,-84.11934
xtal_64.cif,./U3Si5/229/xtal_64.cif,-114.85002,37.281284
xtal_65.cif,./U3Si5/__initial__/229/xtal_65.cif,-62.84367,-83.62798
xtal_66.cif,./U3Si5/__initial__/229/xtal_66.cif,-117.35684,25.89596
xtal_67.cif,./U3Si5/229/xtal_67.cif,-96.4053,68.15368
xtal_68.cif,./U3Si5/229/xtal_68.cif,-80.70344,83.51243
xtal_69.cif,./U3Si5/__initial__/229/xtal_69.cif,-100.441734,62.690575
xtal_7.cif,./U3Si5/__initial__/229/xtal_7.cif,-38.52962,-98.491516
xtal_70.cif,./U3Si5/__initial__/229/xtal_70.cif,-116.783104,10.551656
xtal_71.cif,./U3Si5/229/xtal_71.cif,-91.48125,-52.991425
xtal_72.cif,./U3Si5/229/xtal_72.cif,-78.530846,-71.39281
xtal_73.cif,./U3Si5/__initial__/229/xtal_73.cif,-108.140175,-3.3679838
xtal_74.cif,./U3Si5/__initial__/229/xtal_74.cif,-117.644844,23.800163
xtal_75.cif,./U3Si5/__initial__/229/xtal_75.cif,-94.650505,70.02105
xtal_76.cif,./U3Si5/__initial__/229/xtal_76.cif,-25.772692,118.608055
xtal_77.cif,./U3Si5/229/xtal_77.cif,-97.0159,-24.994442
xtal_78.cif,./U3Si5/__initial__/229/xtal_78.cif,-117.85238,16.809998
xtal_79.cif,./U3Si5/__initial__/229/xtal_79.cif,-81.89763,-67.10212
xtal_8.cif,./U3Si5/__initial__/229/xtal_8.cif,-95.18541,-46.305546
xtal_80.cif,./U3Si5/229/xtal_80.cif,-90.74705,-53.852077
xtal_81.cif,./U3Si5/229/xtal_81.cif,-106.75652,-5.8550267
xtal_82.cif,./U3Si5/229/xtal_82.cif,-94.647316,-48.290478
xtal_83.cif,./U3Si5/__initial__/229/xtal_83.cif,-117.16704,27.418259
xtal_84.cif,./U3Si5/__initial__/229/xtal_84.cif,-105.47785,-10.538238
xtal_85.cif,./U3Si5/229/xtal_85.cif,-94.69279,-30.092768
xtal_86.cif,./U3Si5/229/xtal_86.cif,-68.71661,-80.392975
xtal_87.cif,./U3Si5/__initial__/229/xtal_87.cif,-43.565002,-96.50942
xtal_88.cif,./U3Si5/229/xtal_88.cif,-116.877426,10.917638
xtal_89.cif,./U3Si5/229/xtal_89.cif,-65.8958,-82.16619
xtal_9.cif,./U3Si5/__initial__/229/xtal_9.cif,-117.73428,15.283176
xtal_90.cif,./U3Si5/229/xtal_90.cif,-88.4404,77.14448
xtal_91.cif,./U3Si5/__initial__/229/xtal_91.cif,-117.61075,14.386929
xtal_92.cif,./U3Si5/__initial__/229/xtal_92.cif,-81.72149,-67.405396
xtal_93.cif,./U3Si5/229/xtal_93.cif,-40.38761,-97.77606
xtal_94.cif,./U3Si5/229/xtal_94.cif,-82.15185,-66.44326
xtal_95.cif,./U3Si5/229/xtal_95.cif,-117.92634,18.044415
xtal_96.cif,./U3Si5/229/xtal_96.cif,-104.36777,-13.990494
xtal_97.cif,./U3Si5/__initial__/229/xtal_97.cif,-83.92227,81.10333
xtal_98.cif,./U3Si5/__initial__/229/xtal_98.cif,-95.0262,69.64906
xtal_99.cif,./U3Si5/229/xtal_99.cif,-117.90299,17.55206
