filename,filepath,tsne_dim1,tsne_dim2
xtal_1.cif,./Al13Sc3N16/__initial__/2/xtal_1.cif,5.0215254,12.750293
xtal_10.cif,./Al13Sc3N16/__initial__/2/xtal_10.cif,26.136076,91.21499
xtal_13.cif,./Al13Sc3N16/__initial__/2/xtal_13.cif,-3.0262132,-23.812637
xtal_15.cif,./Al13Sc3N16/__initial__/2/xtal_15.cif,27.61272,40.90697
xtal_17.cif,./Al13Sc3N16/__initial__/2/xtal_17.cif,50.266094,33.97793
xtal_18.cif,./Al13Sc3N16/__initial__/2/xtal_18.cif,-28.55245,-29.05705
xtal_22.cif,./Al13Sc3N16/__initial__/2/xtal_22.cif,28.751688,44.232567
xtal_23.cif,./Al13Sc3N16/__initial__/2/xtal_23.cif,-21.811993,-30.605555
xtal_24.cif,./Al13Sc3N16/__initial__/2/xtal_24.cif,13.523909,-8.004574
xtal_29.cif,./Al13Sc3N16/__initial__/2/xtal_29.cif,-48.12751,10.754352
xtal_31.cif,./Al13Sc3N16/__initial__/2/xtal_31.cif,3.7894986,82.793465
xtal_33.cif,./Al13Sc3N16/__initial__/2/xtal_33.cif,1.0845479,23.047651
xtal_35.cif,./Al13Sc3N16/__initial__/2/xtal_35.cif,48.31388,37.932186
xtal_37.cif,./Al13Sc3N16/__initial__/2/xtal_37.cif,-33.098003,5.9354134
xtal_41.cif,./Al13Sc3N16/__initial__/2/xtal_41.cif,-34.247677,10.880354
xtal_42.cif,./Al13Sc3N16/__initial__/2/xtal_42.cif,-47.95882,-23.205076
xtal_44.cif,./Al13Sc3N16/__initial__/2/xtal_44.cif,-58.70575,48.97826
xtal_45.cif,./Al13Sc3N16/__initial__/2/xtal_45.cif,-87.38209,-21.167982
xtal_48.cif,./Al13Sc3N16/__initial__/2/xtal_48.cif,-88.397964,-31.985472
xtal_49.cif,./Al13Sc3N16/__initial__/2/xtal_49.cif,-103.051414,-0.12911963
xtal_51.cif,./Al13Sc3N16/__initial__/2/xtal_51.cif,14.744211,31.64956
xtal_52.cif,./Al13Sc3N16/__initial__/2/xtal_52.cif,-55.83976,-30.877577
xtal_54.cif,./Al13Sc3N16/__initial__/2/xtal_54.cif,6.806764,27.817957
xtal_55.cif,./Al13Sc3N16/__initial__/2/xtal_55.cif,-13.766851,40.95423
xtal_57.cif,./Al13Sc3N16/__initial__/2/xtal_57.cif,5.567186,-8.724644
xtal_58.cif,./Al13Sc3N16/__initial__/2/xtal_58.cif,-31.160688,-37.929817
xtal_59.cif,./Al13Sc3N16/__initial__/2/xtal_59.cif,-38.26477,-63.526413
xtal_6.cif,./Al13Sc3N16/__initial__/2/xtal_6.cif,-31.509613,-33.718853
xtal_61.cif,./Al13Sc3N16/__initial__/2/xtal_61.cif,-31.01923,-29.035166
xtal_62.cif,./Al13Sc3N16/__initial__/2/xtal_62.cif,28.322092,51.917557
xtal_63.cif,./Al13Sc3N16/__initial__/2/xtal_63.cif,44.471252,72.42946
xtal_64.cif,./Al13Sc3N16/__initial__/2/xtal_64.cif,-18.785385,2.3379428
xtal_66.cif,./Al13Sc3N16/__initial__/2/xtal_66.cif,-29.29237,-51.573433
xtal_67.cif,./Al13Sc3N16/__initial__/2/xtal_67.cif,-66.78294,25.82185
xtal_69.cif,./Al13Sc3N16/__initial__/2/xtal_69.cif,55.51191,72.48337
xtal_7.cif,./Al13Sc3N16/__initial__/2/xtal_7.cif,-80.53539,5.1599045
xtal_73.cif,./Al13Sc3N16/__initial__/2/xtal_73.cif,43.20162,28.46079
xtal_75.cif,./Al13Sc3N16/__initial__/2/xtal_75.cif,45.01101,31.635042
xtal_78.cif,./Al13Sc3N16/__initial__/2/xtal_78.cif,0.42691898,69.87231
xtal_79.cif,./Al13Sc3N16/__initial__/2/xtal_79.cif,-7.8498774,31.05695
xtal_8.cif,./Al13Sc3N16/__initial__/2/xtal_8.cif,-34.156242,-22.647104
xtal_80.cif,./Al13Sc3N16/__initial__/2/xtal_80.cif,-30.534584,-42.072983
xtal_81.cif,./Al13Sc3N16/__initial__/2/xtal_81.cif,32.55467,19.355736
xtal_83.cif,./Al13Sc3N16/__initial__/2/xtal_83.cif,26.657375,37.107677
xtal_84.cif,./Al13Sc3N16/__initial__/2/xtal_84.cif,-46.688766,-33.68871
xtal_85.cif,./Al13Sc3N16/__initial__/2/xtal_85.cif,11.169317,45.216904
xtal_87.cif,./Al13Sc3N16/__initial__/2/xtal_87.cif,-10.906761,-30.851822
xtal_90.cif,./Al13Sc3N16/__initial__/2/xtal_90.cif,-43.98171,-44.590504
xtal_97.cif,./Al13Sc3N16/__initial__/2/xtal_97.cif,54.333633,73.42854
xtal_98.cif,./Al13Sc3N16/__initial__/2/xtal_98.cif,42.78235,32.897
xtal_10.cif,./Al13Sc3N16/__initial__/3/xtal_10.cif,51.11393,-14.137881
xtal_100.cif,./Al13Sc3N16/__initial__/3/xtal_100.cif,57.741543,-82.78009
xtal_13.cif,./Al13Sc3N16/__initial__/3/xtal_13.cif,61.32503,-44.604046
xtal_14.cif,./Al13Sc3N16/__initial__/3/xtal_14.cif,81.3785,-54.2389
xtal_16.cif,./Al13Sc3N16/__initial__/3/xtal_16.cif,37.53021,-78.38744
xtal_17.cif,./Al13Sc3N16/__initial__/3/xtal_17.cif,-39.9213,-45.149696
xtal_2.cif,./Al13Sc3N16/__initial__/3/xtal_2.cif,83.45783,-34.533867
xtal_21.cif,./Al13Sc3N16/__initial__/3/xtal_21.cif,8.920971,-57.06896
xtal_23.cif,./Al13Sc3N16/__initial__/3/xtal_23.cif,-85.64237,-15.05407
xtal_25.cif,./Al13Sc3N16/__initial__/3/xtal_25.cif,17.633862,24.653742
xtal_26.cif,./Al13Sc3N16/__initial__/3/xtal_26.cif,-57.27803,-61.152344
xtal_27.cif,./Al13Sc3N16/__initial__/3/xtal_27.cif,7.3158503,-57.426228
xtal_30.cif,./Al13Sc3N16/__initial__/3/xtal_30.cif,83.61438,46.9372
xtal_32.cif,./Al13Sc3N16/__initial__/3/xtal_32.cif,31.407177,43.57186
xtal_33.cif,./Al13Sc3N16/__initial__/3/xtal_33.cif,-53.868782,60.91327
xtal_36.cif,./Al13Sc3N16/__initial__/3/xtal_36.cif,68.86525,42.315002
xtal_38.cif,./Al13Sc3N16/__initial__/3/xtal_38.cif,-66.790985,-12.834609
xtal_41.cif,./Al13Sc3N16/__initial__/3/xtal_41.cif,43.670288,-45.483685
xtal_42.cif,./Al13Sc3N16/__initial__/3/xtal_42.cif,26.273317,-68.53781
xtal_45.cif,./Al13Sc3N16/__initial__/3/xtal_45.cif,-45.94682,-45.597004
xtal_46.cif,./Al13Sc3N16/__initial__/3/xtal_46.cif,70.08212,-32.192833
xtal_48.cif,./Al13Sc3N16/__initial__/3/xtal_48.cif,37.24983,-6.9558463
xtal_49.cif,./Al13Sc3N16/__initial__/3/xtal_49.cif,41.031757,-65.70912
xtal_5.cif,./Al13Sc3N16/__initial__/3/xtal_5.cif,-93.42919,-34.22941
xtal_50.cif,./Al13Sc3N16/__initial__/3/xtal_50.cif,68.9374,-52.334343
xtal_51.cif,./Al13Sc3N16/__initial__/3/xtal_51.cif,70.48802,7.3238645
xtal_52.cif,./Al13Sc3N16/__initial__/3/xtal_52.cif,98.96468,-14.730796
xtal_56.cif,./Al13Sc3N16/__initial__/3/xtal_56.cif,79.26571,22.081264
xtal_57.cif,./Al13Sc3N16/__initial__/3/xtal_57.cif,95.411606,-2.385157
xtal_58.cif,./Al13Sc3N16/__initial__/3/xtal_58.cif,-93.120285,3.6999207
xtal_59.cif,./Al13Sc3N16/__initial__/3/xtal_59.cif,71.723564,26.159044
xtal_6.cif,./Al13Sc3N16/__initial__/3/xtal_6.cif,63.784393,-43.618515
xtal_60.cif,./Al13Sc3N16/__initial__/3/xtal_60.cif,-26.995298,-50.3421
xtal_65.cif,./Al13Sc3N16/__initial__/3/xtal_65.cif,25.80788,71.24112
xtal_66.cif,./Al13Sc3N16/__initial__/3/xtal_66.cif,37.80007,38.54181
xtal_67.cif,./Al13Sc3N16/__initial__/3/xtal_67.cif,-67.14378,-11.488272
xtal_7.cif,./Al13Sc3N16/__initial__/3/xtal_7.cif,-32.252464,0.90850794
xtal_70.cif,./Al13Sc3N16/__initial__/3/xtal_70.cif,16.529938,-42.086826
xtal_72.cif,./Al13Sc3N16/__initial__/3/xtal_72.cif,-22.085968,36.911285
xtal_73.cif,./Al13Sc3N16/__initial__/3/xtal_73.cif,-83.92877,-4.0087414
xtal_8.cif,./Al13Sc3N16/__initial__/3/xtal_8.cif,89.544495,-44.62603
xtal_81.cif,./Al13Sc3N16/__initial__/3/xtal_81.cif,-34.18168,66.40168
xtal_83.cif,./Al13Sc3N16/__initial__/3/xtal_83.cif,17.315142,-91.20075
xtal_85.cif,./Al13Sc3N16/__initial__/3/xtal_85.cif,102.012794,-4.276938
xtal_9.cif,./Al13Sc3N16/__initial__/3/xtal_9.cif,81.13109,13.891484
xtal_92.cif,./Al13Sc3N16/__initial__/3/xtal_92.cif,100.57865,0.99205136
xtal_93.cif,./Al13Sc3N16/__initial__/3/xtal_93.cif,80.338165,-6.82641
xtal_94.cif,./Al13Sc3N16/__initial__/3/xtal_94.cif,9.438725,-64.14862
xtal_96.cif,./Al13Sc3N16/__initial__/3/xtal_96.cif,-43.15187,-0.6423044
xtal_99.cif,./Al13Sc3N16/__initial__/3/xtal_99.cif,64.74029,9.373895
xtal_1.cif,./Al13Sc3N16/__initial__/4/xtal_1.cif,84.31476,-0.6891556
xtal_100.cif,./Al13Sc3N16/__initial__/4/xtal_100.cif,56.703987,-16.337812
xtal_11.cif,./Al13Sc3N16/__initial__/4/xtal_11.cif,57.77504,-70.72835
xtal_14.cif,./Al13Sc3N16/__initial__/4/xtal_14.cif,-64.756905,-57.837925
xtal_15.cif,./Al13Sc3N16/__initial__/4/xtal_15.cif,14.523489,-21.852324
xtal_16.cif,./Al13Sc3N16/__initial__/4/xtal_16.cif,0.9251721,-17.353083
xtal_17.cif,./Al13Sc3N16/__initial__/4/xtal_17.cif,68.45278,51.781803
xtal_20.cif,./Al13Sc3N16/__initial__/4/xtal_20.cif,-37.044533,-54.145466
xtal_21.cif,./Al13Sc3N16/__initial__/4/xtal_21.cif,30.610434,-43.529522
xtal_22.cif,./Al13Sc3N16/__initial__/4/xtal_22.cif,64.50511,-36.93579
xtal_24.cif,./Al13Sc3N16/__initial__/4/xtal_24.cif,-90.71139,-22.843842
xtal_26.cif,./Al13Sc3N16/__initial__/4/xtal_26.cif,91.66043,6.715913
xtal_27.cif,./Al13Sc3N16/__initial__/4/xtal_27.cif,50.62493,-14.358855
xtal_29.cif,./Al13Sc3N16/__initial__/4/xtal_29.cif,-105.79724,4.1869464
xtal_32.cif,./Al13Sc3N16/__initial__/4/xtal_32.cif,51.582657,12.565201
xtal_33.cif,./Al13Sc3N16/__initial__/4/xtal_33.cif,-26.002481,-55.100037
xtal_34.cif,./Al13Sc3N16/__initial__/4/xtal_34.cif,14.587997,-65.42496
xtal_35.cif,./Al13Sc3N16/__initial__/4/xtal_35.cif,36.80322,-8.378584
xtal_37.cif,./Al13Sc3N16/__initial__/4/xtal_37.cif,-35.14122,-56.52624
xtal_38.cif,./Al13Sc3N16/__initial__/4/xtal_38.cif,46.24027,-14.259532
xtal_39.cif,./Al13Sc3N16/__initial__/4/xtal_39.cif,64.092995,27.331375
xtal_40.cif,./Al13Sc3N16/__initial__/4/xtal_40.cif,-45.83361,-58.2012
xtal_44.cif,./Al13Sc3N16/__initial__/4/xtal_44.cif,26.759653,-62.454723
xtal_47.cif,./Al13Sc3N16/__initial__/4/xtal_47.cif,31.710081,-45.85362
xtal_49.cif,./Al13Sc3N16/__initial__/4/xtal_49.cif,67.10513,42.962875
xtal_51.cif,./Al13Sc3N16/__initial__/4/xtal_51.cif,16.173584,-41.25255
xtal_53.cif,./Al13Sc3N16/__initial__/4/xtal_53.cif,46.52282,7.1873507
xtal_56.cif,./Al13Sc3N16/__initial__/4/xtal_56.cif,16.245354,57.55515
xtal_6.cif,./Al13Sc3N16/__initial__/4/xtal_6.cif,52.507584,8.974048
xtal_60.cif,./Al13Sc3N16/__initial__/4/xtal_60.cif,61.36053,29.968344
xtal_62.cif,./Al13Sc3N16/__initial__/4/xtal_62.cif,-59.839626,-47.21389
xtal_63.cif,./Al13Sc3N16/__initial__/4/xtal_63.cif,92.85687,19.216675
xtal_64.cif,./Al13Sc3N16/__initial__/4/xtal_64.cif,27.081814,-61.93652
xtal_65.cif,./Al13Sc3N16/__initial__/4/xtal_65.cif,62.50323,-12.311186
xtal_67.cif,./Al13Sc3N16/__initial__/4/xtal_67.cif,8.683447,-56.028004
xtal_74.cif,./Al13Sc3N16/__initial__/4/xtal_74.cif,26.31464,-63.664455
xtal_75.cif,./Al13Sc3N16/__initial__/4/xtal_75.cif,14.284579,52.595406
xtal_76.cif,./Al13Sc3N16/__initial__/4/xtal_76.cif,30.977282,14.669947
xtal_77.cif,./Al13Sc3N16/__initial__/4/xtal_77.cif,66.48606,25.358715
xtal_81.cif,./Al13Sc3N16/__initial__/4/xtal_81.cif,60.055386,11.354506
xtal_82.cif,./Al13Sc3N16/__initial__/4/xtal_82.cif,48.85543,-52.49601
xtal_88.cif,./Al13Sc3N16/__initial__/4/xtal_88.cif,77.03396,5.465731
xtal_89.cif,./Al13Sc3N16/__initial__/4/xtal_89.cif,23.441015,52.593838
xtal_91.cif,./Al13Sc3N16/__initial__/4/xtal_91.cif,80.97904,46.53728
xtal_93.cif,./Al13Sc3N16/__initial__/4/xtal_93.cif,56.29602,-29.120068
xtal_94.cif,./Al13Sc3N16/__initial__/4/xtal_94.cif,74.232155,39.69236
xtal_95.cif,./Al13Sc3N16/__initial__/4/xtal_95.cif,49.174435,57.289017
xtal_96.cif,./Al13Sc3N16/__initial__/4/xtal_96.cif,-66.16789,-46.88777
xtal_97.cif,./Al13Sc3N16/__initial__/4/xtal_97.cif,55.043316,-16.050383
xtal_99.cif,./Al13Sc3N16/__initial__/4/xtal_99.cif,-46.813137,-47.466278
xtal_10.cif,./Al13Sc3N16/__initial__/5/xtal_10.cif,73.41062,-76.363106
xtal_14.cif,./Al13Sc3N16/__initial__/5/xtal_14.cif,26.627657,-84.71371
xtal_15.cif,./Al13Sc3N16/__initial__/5/xtal_15.cif,90.28338,11.170951
xtal_16.cif,./Al13Sc3N16/__initial__/5/xtal_16.cif,-73.27485,-56.458344
xtal_17.cif,./Al13Sc3N16/__initial__/5/xtal_17.cif,-38.678482,72.986946
xtal_18.cif,./Al13Sc3N16/__initial__/5/xtal_18.cif,62.511524,31.07354
xtal_19.cif,./Al13Sc3N16/__initial__/5/xtal_19.cif,42.090706,-84.70825
xtal_24.cif,./Al13Sc3N16/__initial__/5/xtal_24.cif,88.15222,-3.1700344
xtal_25.cif,./Al13Sc3N16/__initial__/5/xtal_25.cif,37.43514,-87.69019
xtal_26.cif,./Al13Sc3N16/__initial__/5/xtal_26.cif,73.596596,14.0712185
xtal_27.cif,./Al13Sc3N16/__initial__/5/xtal_27.cif,74.62713,6.346251
xtal_28.cif,./Al13Sc3N16/__initial__/5/xtal_28.cif,54.364243,-28.530403
xtal_30.cif,./Al13Sc3N16/__initial__/5/xtal_30.cif,17.01052,55.28384
xtal_31.cif,./Al13Sc3N16/__initial__/5/xtal_31.cif,-12.915725,-81.971436
xtal_33.cif,./Al13Sc3N16/__initial__/5/xtal_33.cif,87.215546,12.120388
xtal_35.cif,./Al13Sc3N16/__initial__/5/xtal_35.cif,80.35017,16.146317
xtal_38.cif,./Al13Sc3N16/__initial__/5/xtal_38.cif,73.90714,2.0953677
xtal_39.cif,./Al13Sc3N16/__initial__/5/xtal_39.cif,10.855702,-75.32906
xtal_44.cif,./Al13Sc3N16/__initial__/5/xtal_44.cif,50.88449,-42.115013
xtal_45.cif,./Al13Sc3N16/__initial__/5/xtal_45.cif,-98.88609,-13.859909
xtal_47.cif,./Al13Sc3N16/__initial__/5/xtal_47.cif,-85.81978,-29.539713
xtal_49.cif,./Al13Sc3N16/__initial__/5/xtal_49.cif,-4.65697,27.70227
xtal_51.cif,./Al13Sc3N16/__initial__/5/xtal_51.cif,73.5953,19.198454
xtal_53.cif,./Al13Sc3N16/__initial__/5/xtal_53.cif,-65.118484,-34.43395
xtal_56.cif,./Al13Sc3N16/__initial__/5/xtal_56.cif,58.67821,-18.894567
xtal_57.cif,./Al13Sc3N16/__initial__/5/xtal_57.cif,78.34188,-1.6250584
xtal_58.cif,./Al13Sc3N16/__initial__/5/xtal_58.cif,-77.44106,-52.77774
xtal_6.cif,./Al13Sc3N16/__initial__/5/xtal_6.cif,15.885977,-65.09374
xtal_60.cif,./Al13Sc3N16/__initial__/5/xtal_60.cif,40.48032,-67.51129
xtal_61.cif,./Al13Sc3N16/__initial__/5/xtal_61.cif,-91.02444,-19.427404
xtal_63.cif,./Al13Sc3N16/__initial__/5/xtal_63.cif,8.758826,44.70121
xtal_66.cif,./Al13Sc3N16/__initial__/5/xtal_66.cif,43.60636,-53.96895
xtal_69.cif,./Al13Sc3N16/__initial__/5/xtal_69.cif,42.0866,-83.19083
xtal_70.cif,./Al13Sc3N16/__initial__/5/xtal_70.cif,84.68573,-13.04068
xtal_72.cif,./Al13Sc3N16/__initial__/5/xtal_72.cif,76.073456,11.266639
xtal_73.cif,./Al13Sc3N16/__initial__/5/xtal_73.cif,53.995743,-60.039177
xtal_74.cif,./Al13Sc3N16/__initial__/5/xtal_74.cif,74.52119,3.1264257
xtal_75.cif,./Al13Sc3N16/__initial__/5/xtal_75.cif,16.087975,45.039
xtal_78.cif,./Al13Sc3N16/__initial__/5/xtal_78.cif,50.456966,-33.234825
xtal_8.cif,./Al13Sc3N16/__initial__/5/xtal_8.cif,88.476555,33.658367
xtal_82.cif,./Al13Sc3N16/__initial__/5/xtal_82.cif,-63.09168,-25.21291
xtal_89.cif,./Al13Sc3N16/__initial__/5/xtal_89.cif,34.94456,-74.05593
xtal_90.cif,./Al13Sc3N16/__initial__/5/xtal_90.cif,57.35807,-26.410393
xtal_92.cif,./Al13Sc3N16/__initial__/5/xtal_92.cif,-96.2962,-28.688421
xtal_94.cif,./Al13Sc3N16/__initial__/5/xtal_94.cif,12.108612,-42.804535
xtal_95.cif,./Al13Sc3N16/__initial__/5/xtal_95.cif,57.325302,-18.679888
xtal_96.cif,./Al13Sc3N16/__initial__/5/xtal_96.cif,61.495174,-54.55996
xtal_97.cif,./Al13Sc3N16/__initial__/5/xtal_97.cif,63.483597,-32.125023
xtal_98.cif,./Al13Sc3N16/__initial__/5/xtal_98.cif,79.74896,11.713184
xtal_99.cif,./Al13Sc3N16/__initial__/5/xtal_99.cif,76.241486,-48.367546
xtal_10.cif,./Al13Sc3N16/__initial__/6/xtal_10.cif,4.9233165,-68.120026
xtal_100.cif,./Al13Sc3N16/__initial__/6/xtal_100.cif,13.966356,-87.96817
xtal_14.cif,./Al13Sc3N16/__initial__/6/xtal_14.cif,72.56329,-18.077307
xtal_15.cif,./Al13Sc3N16/__initial__/6/xtal_15.cif,32.120975,-48.72598
xtal_18.cif,./Al13Sc3N16/__initial__/6/xtal_18.cif,76.26844,-32.44717
xtal_19.cif,./Al13Sc3N16/__initial__/6/xtal_19.cif,-18.750257,47.580086
xtal_2.cif,./Al13Sc3N16/__initial__/6/xtal_2.cif,58.907684,-47.859943
xtal_20.cif,./Al13Sc3N16/__initial__/6/xtal_20.cif,46.162243,-73.247826
xtal_21.cif,./Al13Sc3N16/__initial__/6/xtal_21.cif,14.457057,-84.15595
xtal_24.cif,./Al13Sc3N16/__initial__/6/xtal_24.cif,95.7287,-39.21336
xtal_29.cif,./Al13Sc3N16/__initial__/6/xtal_29.cif,-8.520284,-78.36817
xtal_30.cif,./Al13Sc3N16/__initial__/6/xtal_30.cif,84.0738,-38.179825
xtal_31.cif,./Al13Sc3N16/__initial__/6/xtal_31.cif,59.875362,-33.9741
xtal_35.cif,./Al13Sc3N16/__initial__/6/xtal_35.cif,-52.103096,-61.147556
xtal_36.cif,./Al13Sc3N16/__initial__/6/xtal_36.cif,69.64092,33.021225
xtal_37.cif,./Al13Sc3N16/__initial__/6/xtal_37.cif,61.25454,-52.5334
xtal_38.cif,./Al13Sc3N16/__initial__/6/xtal_38.cif,-74.995,-58.809082
xtal_39.cif,./Al13Sc3N16/__initial__/6/xtal_39.cif,43.506573,-70.76219
xtal_4.cif,./Al13Sc3N16/__initial__/6/xtal_4.cif,65.04127,-18.49934
xtal_45.cif,./Al13Sc3N16/__initial__/6/xtal_45.cif,0.41362268,-70.45831
xtal_48.cif,./Al13Sc3N16/__initial__/6/xtal_48.cif,-65.946785,-67.91145
xtal_49.cif,./Al13Sc3N16/__initial__/6/xtal_49.cif,69.62805,-41.175007
xtal_51.cif,./Al13Sc3N16/__initial__/6/xtal_51.cif,52.6666,-44.96739
xtal_52.cif,./Al13Sc3N16/__initial__/6/xtal_52.cif,50.663418,-27.872791
xtal_54.cif,./Al13Sc3N16/__initial__/6/xtal_54.cif,87.54653,11.332382
xtal_57.cif,./Al13Sc3N16/__initial__/6/xtal_57.cif,43.03415,-33.175396
xtal_58.cif,./Al13Sc3N16/__initial__/6/xtal_58.cif,-76.59745,-58.33443
xtal_6.cif,./Al13Sc3N16/__initial__/6/xtal_6.cif,68.74122,21.915018
xtal_61.cif,./Al13Sc3N16/__initial__/6/xtal_61.cif,49.194675,-17.856556
xtal_62.cif,./Al13Sc3N16/__initial__/6/xtal_62.cif,-29.148546,-11.075665
xtal_63.cif,./Al13Sc3N16/__initial__/6/xtal_63.cif,30.649418,-90.324135
xtal_64.cif,./Al13Sc3N16/__initial__/6/xtal_64.cif,65.752686,-22.246887
xtal_65.cif,./Al13Sc3N16/__initial__/6/xtal_65.cif,14.591001,-84.74369
xtal_68.cif,./Al13Sc3N16/__initial__/6/xtal_68.cif,68.59614,9.742028
xtal_70.cif,./Al13Sc3N16/__initial__/6/xtal_70.cif,20.976158,-70.59793
xtal_72.cif,./Al13Sc3N16/__initial__/6/xtal_72.cif,50.36935,-58.718803
xtal_76.cif,./Al13Sc3N16/__initial__/6/xtal_76.cif,-51.044296,-33.160915
xtal_77.cif,./Al13Sc3N16/__initial__/6/xtal_77.cif,59.4093,-56.43357
xtal_78.cif,./Al13Sc3N16/__initial__/6/xtal_78.cif,50.657055,-61.879025
xtal_79.cif,./Al13Sc3N16/__initial__/6/xtal_79.cif,52.273643,-89.78625
xtal_8.cif,./Al13Sc3N16/__initial__/6/xtal_8.cif,54.140038,9.48858
xtal_80.cif,./Al13Sc3N16/__initial__/6/xtal_80.cif,88.152534,-30.918066
xtal_83.cif,./Al13Sc3N16/__initial__/6/xtal_83.cif,76.70502,9.086438
xtal_84.cif,./Al13Sc3N16/__initial__/6/xtal_84.cif,53.560017,-33.773376
xtal_85.cif,./Al13Sc3N16/__initial__/6/xtal_85.cif,34.16444,-79.29458
xtal_86.cif,./Al13Sc3N16/__initial__/6/xtal_86.cif,-65.12894,-56.99682
xtal_87.cif,./Al13Sc3N16/__initial__/6/xtal_87.cif,-31.807028,-56.39715
xtal_89.cif,./Al13Sc3N16/__initial__/6/xtal_89.cif,33.26625,-51.477108
xtal_94.cif,./Al13Sc3N16/__initial__/6/xtal_94.cif,78.47107,-23.835318
xtal_97.cif,./Al13Sc3N16/__initial__/6/xtal_97.cif,87.32712,-47.859528
xtal_1.cif,./Al13Sc3N16/__initial__/7/xtal_1.cif,-66.90542,-57.681767
xtal_10.cif,./Al13Sc3N16/__initial__/7/xtal_10.cif,49.84127,-14.005368
xtal_11.cif,./Al13Sc3N16/__initial__/7/xtal_11.cif,83.65586,-16.151632
xtal_13.cif,./Al13Sc3N16/__initial__/7/xtal_13.cif,76.64343,23.183622
xtal_14.cif,./Al13Sc3N16/__initial__/7/xtal_14.cif,59.10169,3.3229985
xtal_15.cif,./Al13Sc3N16/__initial__/7/xtal_15.cif,69.65748,-48.186073
xtal_16.cif,./Al13Sc3N16/__initial__/7/xtal_16.cif,92.58933,-20.0961
xtal_18.cif,./Al13Sc3N16/__initial__/7/xtal_18.cif,72.299324,17.369812
xtal_19.cif,./Al13Sc3N16/__initial__/7/xtal_19.cif,-23.849722,-56.617405
xtal_22.cif,./Al13Sc3N16/__initial__/7/xtal_22.cif,24.458494,-50.93956
xtal_28.cif,./Al13Sc3N16/__initial__/7/xtal_28.cif,71.30908,-22.626814
xtal_29.cif,./Al13Sc3N16/__initial__/7/xtal_29.cif,78.46325,-55.762775
xtal_3.cif,./Al13Sc3N16/__initial__/7/xtal_3.cif,-51.30179,50.855305
xtal_30.cif,./Al13Sc3N16/__initial__/7/xtal_30.cif,74.699905,-23.147888
xtal_32.cif,./Al13Sc3N16/__initial__/7/xtal_32.cif,-66.08611,-60.129692
xtal_34.cif,./Al13Sc3N16/__initial__/7/xtal_34.cif,96.506615,7.9450316
xtal_36.cif,./Al13Sc3N16/__initial__/7/xtal_36.cif,43.84179,-39.85322
xtal_37.cif,./Al13Sc3N16/__initial__/7/xtal_37.cif,81.35781,-40.63248
xtal_38.cif,./Al13Sc3N16/__initial__/7/xtal_38.cif,88.200745,13.761244
xtal_4.cif,./Al13Sc3N16/__initial__/7/xtal_4.cif,75.55979,-20.996525
xtal_41.cif,./Al13Sc3N16/__initial__/7/xtal_41.cif,33.79072,-77.43647
xtal_42.cif,./Al13Sc3N16/__initial__/7/xtal_42.cif,19.221554,-71.13106
xtal_44.cif,./Al13Sc3N16/__initial__/7/xtal_44.cif,58.91359,-39.07186
xtal_47.cif,./Al13Sc3N16/__initial__/7/xtal_47.cif,-87.75108,-40.254925
xtal_49.cif,./Al13Sc3N16/__initial__/7/xtal_49.cif,75.5699,17.489359
xtal_5.cif,./Al13Sc3N16/__initial__/7/xtal_5.cif,-92.8504,-24.353949
xtal_54.cif,./Al13Sc3N16/__initial__/7/xtal_54.cif,48.650604,-0.7598812
xtal_58.cif,./Al13Sc3N16/__initial__/7/xtal_58.cif,89.60016,20.323744
xtal_59.cif,./Al13Sc3N16/__initial__/7/xtal_59.cif,54.061035,-14.68611
xtal_60.cif,./Al13Sc3N16/__initial__/7/xtal_60.cif,-33.791454,-55.47946
xtal_62.cif,./Al13Sc3N16/__initial__/7/xtal_62.cif,77.593285,-34.344353
xtal_63.cif,./Al13Sc3N16/__initial__/7/xtal_63.cif,-0.52265537,-74.38834
xtal_64.cif,./Al13Sc3N16/__initial__/7/xtal_64.cif,-61.96073,-52.310448
xtal_65.cif,./Al13Sc3N16/__initial__/7/xtal_65.cif,9.16178,-78.23768
xtal_67.cif,./Al13Sc3N16/__initial__/7/xtal_67.cif,10.976624,-56.84084
xtal_68.cif,./Al13Sc3N16/__initial__/7/xtal_68.cif,-107.619095,-5.8077245
xtal_7.cif,./Al13Sc3N16/__initial__/7/xtal_7.cif,58.545456,22.079393
xtal_72.cif,./Al13Sc3N16/__initial__/7/xtal_72.cif,77.776306,-8.835444
xtal_74.cif,./Al13Sc3N16/__initial__/7/xtal_74.cif,35.27063,-39.576492
xtal_75.cif,./Al13Sc3N16/__initial__/7/xtal_75.cif,12.166803,-62.627174
xtal_78.cif,./Al13Sc3N16/__initial__/7/xtal_78.cif,36.55217,-46.820747
xtal_80.cif,./Al13Sc3N16/__initial__/7/xtal_80.cif,78.26966,4.6038837
xtal_81.cif,./Al13Sc3N16/__initial__/7/xtal_81.cif,97.67767,0.18890631
xtal_82.cif,./Al13Sc3N16/__initial__/7/xtal_82.cif,-12.32829,-79.39821
xtal_83.cif,./Al13Sc3N16/__initial__/7/xtal_83.cif,68.47538,44.580082
xtal_85.cif,./Al13Sc3N16/__initial__/7/xtal_85.cif,78.03132,42.69849
xtal_9.cif,./Al13Sc3N16/__initial__/7/xtal_9.cif,80.75301,8.016645
xtal_90.cif,./Al13Sc3N16/__initial__/7/xtal_90.cif,40.91745,-45.203712
xtal_91.cif,./Al13Sc3N16/__initial__/7/xtal_91.cif,71.09746,-28.544958
xtal_92.cif,./Al13Sc3N16/__initial__/7/xtal_92.cif,-66.21217,-51.124195
xtal_11.cif,./Al13Sc3N16/__initial__/8/xtal_11.cif,87.33536,-36.8799
xtal_13.cif,./Al13Sc3N16/__initial__/8/xtal_13.cif,98.869484,12.955569
xtal_17.cif,./Al13Sc3N16/__initial__/8/xtal_17.cif,13.244653,-75.14192
xtal_2.cif,./Al13Sc3N16/__initial__/8/xtal_2.cif,77.27023,-15.640236
xtal_21.cif,./Al13Sc3N16/__initial__/8/xtal_21.cif,76.59713,-1.019834
xtal_24.cif,./Al13Sc3N16/__initial__/8/xtal_24.cif,75.74792,-9.388251
xtal_28.cif,./Al13Sc3N16/__initial__/8/xtal_28.cif,28.522314,-50.843536
xtal_3.cif,./Al13Sc3N16/__initial__/8/xtal_3.cif,92.858574,-0.69548017
xtal_30.cif,./Al13Sc3N16/__initial__/8/xtal_30.cif,70.32877,-52.801155
xtal_32.cif,./Al13Sc3N16/__initial__/8/xtal_32.cif,48.222454,-58.761845
xtal_33.cif,./Al13Sc3N16/__initial__/8/xtal_33.cif,-60.275486,-59.380203
xtal_34.cif,./Al13Sc3N16/__initial__/8/xtal_34.cif,76.35929,-30.361746
xtal_35.cif,./Al13Sc3N16/__initial__/8/xtal_35.cif,66.062225,-50.254906
xtal_36.cif,./Al13Sc3N16/__initial__/8/xtal_36.cif,-43.41274,55.832214
xtal_4.cif,./Al13Sc3N16/__initial__/8/xtal_4.cif,94.52491,-14.888621
xtal_42.cif,./Al13Sc3N16/__initial__/8/xtal_42.cif,75.16133,-58.6259
xtal_43.cif,./Al13Sc3N16/__initial__/8/xtal_43.cif,38.461525,-60.313152
xtal_44.cif,./Al13Sc3N16/__initial__/8/xtal_44.cif,38.50177,-69.210495
xtal_47.cif,./Al13Sc3N16/__initial__/8/xtal_47.cif,50.609875,-50.19287
xtal_48.cif,./Al13Sc3N16/__initial__/8/xtal_48.cif,76.559814,-58.258617
xtal_49.cif,./Al13Sc3N16/__initial__/8/xtal_49.cif,-63.74866,-57.40193
xtal_5.cif,./Al13Sc3N16/__initial__/8/xtal_5.cif,72.032425,-33.300938
xtal_51.cif,./Al13Sc3N16/__initial__/8/xtal_51.cif,72.53604,-18.183178
xtal_55.cif,./Al13Sc3N16/__initial__/8/xtal_55.cif,-43.75026,-58.106373
xtal_56.cif,./Al13Sc3N16/__initial__/8/xtal_56.cif,88.41129,-39.071426
xtal_57.cif,./Al13Sc3N16/__initial__/8/xtal_57.cif,88.18914,-9.7973585
xtal_58.cif,./Al13Sc3N16/__initial__/8/xtal_58.cif,89.46603,37.40506
xtal_59.cif,./Al13Sc3N16/__initial__/8/xtal_59.cif,37.261257,-25.920946
xtal_61.cif,./Al13Sc3N16/__initial__/8/xtal_61.cif,91.1675,-27.975801
xtal_62.cif,./Al13Sc3N16/__initial__/8/xtal_62.cif,-47.29578,41.02867
xtal_65.cif,./Al13Sc3N16/__initial__/8/xtal_65.cif,-31.578846,-12.653047
xtal_67.cif,./Al13Sc3N16/__initial__/8/xtal_67.cif,78.42941,-32.983143
xtal_68.cif,./Al13Sc3N16/__initial__/8/xtal_68.cif,10.394284,-58.670258
xtal_69.cif,./Al13Sc3N16/__initial__/8/xtal_69.cif,79.16086,-67.50234
xtal_70.cif,./Al13Sc3N16/__initial__/8/xtal_70.cif,66.43491,-48.243286
xtal_72.cif,./Al13Sc3N16/__initial__/8/xtal_72.cif,-54.622227,-56.79597
xtal_76.cif,./Al13Sc3N16/__initial__/8/xtal_76.cif,68.98459,-69.626434
xtal_77.cif,./Al13Sc3N16/__initial__/8/xtal_77.cif,87.98713,5.8297606
xtal_78.cif,./Al13Sc3N16/__initial__/8/xtal_78.cif,-34.057583,67.45574
xtal_8.cif,./Al13Sc3N16/__initial__/8/xtal_8.cif,66.14228,-24.367605
xtal_82.cif,./Al13Sc3N16/__initial__/8/xtal_82.cif,82.82693,-3.406671
xtal_83.cif,./Al13Sc3N16/__initial__/8/xtal_83.cif,7.7559323,-80.64736
xtal_86.cif,./Al13Sc3N16/__initial__/8/xtal_86.cif,6.1366587,-69.82516
xtal_89.cif,./Al13Sc3N16/__initial__/8/xtal_89.cif,-76.00628,-59.13027
xtal_90.cif,./Al13Sc3N16/__initial__/8/xtal_90.cif,70.71726,-24.46649
xtal_91.cif,./Al13Sc3N16/__initial__/8/xtal_91.cif,92.76835,-7.0915914
xtal_92.cif,./Al13Sc3N16/__initial__/8/xtal_92.cif,61.558395,-51.964397
xtal_95.cif,./Al13Sc3N16/__initial__/8/xtal_95.cif,93.38529,-5.459869
xtal_96.cif,./Al13Sc3N16/__initial__/8/xtal_96.cif,17.279594,-72.91075
xtal_97.cif,./Al13Sc3N16/__initial__/8/xtal_97.cif,96.44016,-42.654377
xtal_1.cif,./Al13Sc3N16/__initial__/10/xtal_1.cif,-45.524868,-51.938133
xtal_10.cif,./Al13Sc3N16/__initial__/10/xtal_10.cif,21.09424,43.754505
xtal_100.cif,./Al13Sc3N16/__initial__/10/xtal_100.cif,-31.70315,46.514904
xtal_12.cif,./Al13Sc3N16/__initial__/10/xtal_12.cif,34.084335,86.66638
xtal_14.cif,./Al13Sc3N16/__initial__/10/xtal_14.cif,-66.861534,29.523333
xtal_16.cif,./Al13Sc3N16/__initial__/10/xtal_16.cif,33.418365,41.814754
xtal_20.cif,./Al13Sc3N16/__initial__/10/xtal_20.cif,-22.998707,-49.176838
xtal_23.cif,./Al13Sc3N16/__initial__/10/xtal_23.cif,8.818149,57.199947
xtal_24.cif,./Al13Sc3N16/__initial__/10/xtal_24.cif,-34.75949,-53.1721
xtal_30.cif,./Al13Sc3N16/__initial__/10/xtal_30.cif,-47.17959,-11.135
xtal_32.cif,./Al13Sc3N16/__initial__/10/xtal_32.cif,-37.49536,-6.9627566
xtal_33.cif,./Al13Sc3N16/__initial__/10/xtal_33.cif,-43.453453,51.01548
xtal_34.cif,./Al13Sc3N16/__initial__/10/xtal_34.cif,5.7385635,68.96342
xtal_36.cif,./Al13Sc3N16/__initial__/10/xtal_36.cif,22.571657,44.927807
xtal_39.cif,./Al13Sc3N16/__initial__/10/xtal_39.cif,-52.047184,76.241615
xtal_41.cif,./Al13Sc3N16/__initial__/10/xtal_41.cif,-1.6388193,53.372837
xtal_42.cif,./Al13Sc3N16/__initial__/10/xtal_42.cif,-41.67547,75.18976
xtal_43.cif,./Al13Sc3N16/__initial__/10/xtal_43.cif,-35.104485,-41.90662
xtal_46.cif,./Al13Sc3N16/__initial__/10/xtal_46.cif,20.222372,59.775574
xtal_48.cif,./Al13Sc3N16/__initial__/10/xtal_48.cif,-8.609849,35.037247
xtal_49.cif,./Al13Sc3N16/__initial__/10/xtal_49.cif,-46.02368,-35.015514
xtal_5.cif,./Al13Sc3N16/__initial__/10/xtal_5.cif,-20.386566,-46.832386
xtal_50.cif,./Al13Sc3N16/__initial__/10/xtal_50.cif,-75.20769,-25.153648
xtal_52.cif,./Al13Sc3N16/__initial__/10/xtal_52.cif,-23.44122,-43.62344
xtal_53.cif,./Al13Sc3N16/__initial__/10/xtal_53.cif,-32.398514,5.977892
xtal_54.cif,./Al13Sc3N16/__initial__/10/xtal_54.cif,36.08545,73.78292
xtal_55.cif,./Al13Sc3N16/10/xtal_55.cif,-22.23382,12.067005
xtal_56.cif,./Al13Sc3N16/__initial__/10/xtal_56.cif,-5.184419,4.5706143
xtal_57.cif,./Al13Sc3N16/__initial__/10/xtal_57.cif,-65.13809,-34.47942
xtal_58.cif,./Al13Sc3N16/__initial__/10/xtal_58.cif,-48.660538,-26.27657
xtal_59.cif,./Al13Sc3N16/__initial__/10/xtal_59.cif,-14.303269,8.061142
xtal_60.cif,./Al13Sc3N16/__initial__/10/xtal_60.cif,-19.494465,40.00382
xtal_61.cif,./Al13Sc3N16/__initial__/10/xtal_61.cif,63.576656,62.687584
xtal_62.cif,./Al13Sc3N16/__initial__/10/xtal_62.cif,-39.733875,-21.896044
xtal_64.cif,./Al13Sc3N16/__initial__/10/xtal_64.cif,19.438787,52.6328
xtal_65.cif,./Al13Sc3N16/__initial__/10/xtal_65.cif,-27.136564,-19.434998
xtal_67.cif,./Al13Sc3N16/__initial__/10/xtal_67.cif,-34.252453,-0.54542774
xtal_7.cif,./Al13Sc3N16/__initial__/10/xtal_7.cif,3.8081439,-3.789268
xtal_73.cif,./Al13Sc3N16/__initial__/10/xtal_73.cif,12.3940735,86.395065
xtal_74.cif,./Al13Sc3N16/__initial__/10/xtal_74.cif,23.60932,39.231434
xtal_77.cif,./Al13Sc3N16/__initial__/10/xtal_77.cif,28.62356,18.944738
xtal_79.cif,./Al13Sc3N16/__initial__/10/xtal_79.cif,-34.301643,-13.075094
xtal_8.cif,./Al13Sc3N16/__initial__/10/xtal_8.cif,-89.27239,-28.154844
xtal_81.cif,./Al13Sc3N16/__initial__/10/xtal_81.cif,-39.32691,75.917206
xtal_88.cif,./Al13Sc3N16/__initial__/10/xtal_88.cif,-34.872944,-48.871193
xtal_89.cif,./Al13Sc3N16/__initial__/10/xtal_89.cif,-13.151281,-35.058544
xtal_9.cif,./Al13Sc3N16/__initial__/10/xtal_9.cif,13.087493,26.92386
xtal_90.cif,./Al13Sc3N16/__initial__/10/xtal_90.cif,-48.228794,-28.93444
xtal_92.cif,./Al13Sc3N16/__initial__/10/xtal_92.cif,-69.10099,16.528803
xtal_95.cif,./Al13Sc3N16/__initial__/10/xtal_95.cif,12.0450115,59.86485
xtal_10.cif,./Al13Sc3N16/__initial__/11/xtal_10.cif,35.603535,65.06822
xtal_11.cif,./Al13Sc3N16/__initial__/11/xtal_11.cif,-91.31051,-19.206354
xtal_12.cif,./Al13Sc3N16/__initial__/11/xtal_12.cif,-48.8597,-72.74609
xtal_14.cif,./Al13Sc3N16/__initial__/11/xtal_14.cif,8.927943,-12.776496
xtal_17.cif,./Al13Sc3N16/__initial__/11/xtal_17.cif,-21.39913,32.404545
xtal_18.cif,./Al13Sc3N16/__initial__/11/xtal_18.cif,49.426636,43.292564
xtal_19.cif,./Al13Sc3N16/__initial__/11/xtal_19.cif,-13.1117,-17.61436
xtal_22.cif,./Al13Sc3N16/__initial__/11/xtal_22.cif,22.7097,37.65217
xtal_23.cif,./Al13Sc3N16/__initial__/11/xtal_23.cif,23.16494,41.981544
xtal_24.cif,./Al13Sc3N16/__initial__/11/xtal_24.cif,-89.72768,-19.264587
xtal_25.cif,./Al13Sc3N16/__initial__/11/xtal_25.cif,39.910526,23.951288
xtal_26.cif,./Al13Sc3N16/__initial__/11/xtal_26.cif,-15.198126,-13.224926
xtal_28.cif,./Al13Sc3N16/__initial__/11/xtal_28.cif,38.58327,16.956266
xtal_32.cif,./Al13Sc3N16/__initial__/11/xtal_32.cif,41.72512,37.44101
xtal_33.cif,./Al13Sc3N16/__initial__/11/xtal_33.cif,-67.028076,11.453071
xtal_35.cif,./Al13Sc3N16/__initial__/11/xtal_35.cif,-26.146206,29.708868
xtal_37.cif,./Al13Sc3N16/__initial__/11/xtal_37.cif,9.599693,10.659981
xtal_39.cif,./Al13Sc3N16/__initial__/11/xtal_39.cif,6.569381,19.798084
xtal_4.cif,./Al13Sc3N16/__initial__/11/xtal_4.cif,-8.417092,17.707676
xtal_40.cif,./Al13Sc3N16/__initial__/11/xtal_40.cif,-10.737699,-32.13195
xtal_41.cif,./Al13Sc3N16/__initial__/11/xtal_41.cif,43.569576,39.187813
xtal_43.cif,./Al13Sc3N16/__initial__/11/xtal_43.cif,31.435839,68.27033
xtal_44.cif,./Al13Sc3N16/__initial__/11/xtal_44.cif,-12.256243,-2.665148
xtal_45.cif,./Al13Sc3N16/__initial__/11/xtal_45.cif,-21.787413,-14.231833
xtal_46.cif,./Al13Sc3N16/__initial__/11/xtal_46.cif,38.422077,31.846468
xtal_47.cif,./Al13Sc3N16/__initial__/11/xtal_47.cif,-28.380295,-24.272877
xtal_49.cif,./Al13Sc3N16/__initial__/11/xtal_49.cif,-23.297407,4.2815204
xtal_52.cif,./Al13Sc3N16/__initial__/11/xtal_52.cif,26.858986,83.09159
xtal_54.cif,./Al13Sc3N16/__initial__/11/xtal_54.cif,5.3650775,6.3113866
xtal_58.cif,./Al13Sc3N16/__initial__/11/xtal_58.cif,-51.29266,26.2357
xtal_61.cif,./Al13Sc3N16/__initial__/11/xtal_61.cif,-1.1023993,8.516363
xtal_62.cif,./Al13Sc3N16/__initial__/11/xtal_62.cif,-23.215334,-35.189938
xtal_63.cif,./Al13Sc3N16/__initial__/11/xtal_63.cif,-13.452373,53.1447
xtal_64.cif,./Al13Sc3N16/__initial__/11/xtal_64.cif,-77.99425,44.06408
xtal_66.cif,./Al13Sc3N16/__initial__/11/xtal_66.cif,22.769676,47.852325
xtal_7.cif,./Al13Sc3N16/__initial__/11/xtal_7.cif,-25.969007,-10.444229
xtal_76.cif,./Al13Sc3N16/__initial__/11/xtal_76.cif,-4.6795316,25.137716
xtal_77.cif,./Al13Sc3N16/__initial__/11/xtal_77.cif,65.64798,62.05256
xtal_8.cif,./Al13Sc3N16/__initial__/11/xtal_8.cif,52.13794,59.220505
xtal_80.cif,./Al13Sc3N16/__initial__/11/xtal_80.cif,-13.995194,-47.195766
xtal_81.cif,./Al13Sc3N16/__initial__/11/xtal_81.cif,0.96011573,12.096435
xtal_84.cif,./Al13Sc3N16/__initial__/11/xtal_84.cif,15.0500555,47.70964
xtal_85.cif,./Al13Sc3N16/__initial__/11/xtal_85.cif,45.94305,49.955254
xtal_88.cif,./Al13Sc3N16/__initial__/11/xtal_88.cif,-55.511093,-11.912249
xtal_9.cif,./Al13Sc3N16/__initial__/11/xtal_9.cif,-4.617847,4.7726135
xtal_91.cif,./Al13Sc3N16/__initial__/11/xtal_91.cif,67.482285,63.91462
xtal_92.cif,./Al13Sc3N16/__initial__/11/xtal_92.cif,25.387493,46.71418
xtal_93.cif,./Al13Sc3N16/__initial__/11/xtal_93.cif,-88.05957,-22.384089
xtal_94.cif,./Al13Sc3N16/__initial__/11/xtal_94.cif,63.983074,53.710247
xtal_97.cif,./Al13Sc3N16/__initial__/11/xtal_97.cif,5.149819,2.1470304
xtal_10.cif,./Al13Sc3N16/__initial__/12/xtal_10.cif,20.65156,-20.357372
xtal_100.cif,./Al13Sc3N16/__initial__/12/xtal_100.cif,3.7765467,13.705416
xtal_11.cif,./Al13Sc3N16/__initial__/12/xtal_11.cif,-50.19308,49.35312
xtal_12.cif,./Al13Sc3N16/__initial__/12/xtal_12.cif,4.9512763,36.768375
xtal_15.cif,./Al13Sc3N16/__initial__/12/xtal_15.cif,-24.645033,23.268091
xtal_16.cif,./Al13Sc3N16/__initial__/12/xtal_16.cif,65.921326,72.2594
xtal_18.cif,./Al13Sc3N16/__initial__/12/xtal_18.cif,47.9657,61.859207
xtal_19.cif,./Al13Sc3N16/__initial__/12/xtal_19.cif,-74.35171,-15.236247
xtal_21.cif,./Al13Sc3N16/__initial__/12/xtal_21.cif,22.690092,44.906662
xtal_23.cif,./Al13Sc3N16/__initial__/12/xtal_23.cif,4.59759,6.0695143
xtal_26.cif,./Al13Sc3N16/__initial__/12/xtal_26.cif,-20.978022,-25.603006
xtal_28.cif,./Al13Sc3N16/__initial__/12/xtal_28.cif,-44.270977,-29.678423
xtal_29.cif,./Al13Sc3N16/__initial__/12/xtal_29.cif,-33.175808,-42.09796
xtal_3.cif,./Al13Sc3N16/__initial__/12/xtal_3.cif,7.6056504,38.152283
xtal_30.cif,./Al13Sc3N16/__initial__/12/xtal_30.cif,-62.759266,39.98755
xtal_31.cif,./Al13Sc3N16/__initial__/12/xtal_31.cif,-76.03957,-24.147932
xtal_35.cif,./Al13Sc3N16/__initial__/12/xtal_35.cif,26.80808,37.928707
xtal_40.cif,./Al13Sc3N16/__initial__/12/xtal_40.cif,-40.142033,36.96811
xtal_43.cif,./Al13Sc3N16/__initial__/12/xtal_43.cif,-53.859055,-46.153797
xtal_45.cif,./Al13Sc3N16/__initial__/12/xtal_45.cif,-20.031637,1.7826226
xtal_46.cif,./Al13Sc3N16/__initial__/12/xtal_46.cif,-69.02211,14.423235
xtal_47.cif,./Al13Sc3N16/__initial__/12/xtal_47.cif,-2.916714,52.676567
xtal_48.cif,./Al13Sc3N16/__initial__/12/xtal_48.cif,-17.323488,8.93459
xtal_5.cif,./Al13Sc3N16/__initial__/12/xtal_5.cif,40.34601,63.196182
xtal_50.cif,./Al13Sc3N16/__initial__/12/xtal_50.cif,-83.291046,-17.127182
xtal_51.cif,./Al13Sc3N16/__initial__/12/xtal_51.cif,4.4681077,89.87317
xtal_55.cif,./Al13Sc3N16/__initial__/12/xtal_55.cif,-24.814283,20.65402
xtal_58.cif,./Al13Sc3N16/__initial__/12/xtal_58.cif,1.4313257,-22.13546
xtal_59.cif,./Al13Sc3N16/__initial__/12/xtal_59.cif,41.60909,25.917416
xtal_6.cif,./Al13Sc3N16/__initial__/12/xtal_6.cif,-23.419622,-4.781865
xtal_61.cif,./Al13Sc3N16/__initial__/12/xtal_61.cif,-107.8897,6.393145
xtal_62.cif,./Al13Sc3N16/__initial__/12/xtal_62.cif,-82.88147,-33.311554
xtal_64.cif,./Al13Sc3N16/__initial__/12/xtal_64.cif,-21.148245,87.60101
xtal_66.cif,./Al13Sc3N16/__initial__/12/xtal_66.cif,3.2072995,81.2082
xtal_67.cif,./Al13Sc3N16/__initial__/12/xtal_67.cif,-76.22204,23.325945
xtal_69.cif,./Al13Sc3N16/__initial__/12/xtal_69.cif,-37.96588,83.872215
xtal_71.cif,./Al13Sc3N16/__initial__/12/xtal_71.cif,-30.334358,67.761284
xtal_72.cif,./Al13Sc3N16/__initial__/12/xtal_72.cif,-84.697716,30.783436
xtal_73.cif,./Al13Sc3N16/__initial__/12/xtal_73.cif,-87.25239,-19.36314
xtal_75.cif,./Al13Sc3N16/__initial__/12/xtal_75.cif,3.7195184,-19.565172
xtal_77.cif,./Al13Sc3N16/__initial__/12/xtal_77.cif,-24.632433,36.808086
xtal_79.cif,./Al13Sc3N16/__initial__/12/xtal_79.cif,-56.128094,-47.352547
xtal_83.cif,./Al13Sc3N16/__initial__/12/xtal_83.cif,-37.30787,-47.34648
xtal_86.cif,./Al13Sc3N16/__initial__/12/xtal_86.cif,-1.3432795,16.907461
xtal_9.cif,./Al13Sc3N16/__initial__/12/xtal_9.cif,29.32248,95.085625
xtal_90.cif,./Al13Sc3N16/__initial__/12/xtal_90.cif,27.339098,73.871346
xtal_92.cif,./Al13Sc3N16/__initial__/12/xtal_92.cif,24.506266,93.03011
xtal_94.cif,./Al13Sc3N16/__initial__/12/xtal_94.cif,56.618828,72.00728
xtal_96.cif,./Al13Sc3N16/__initial__/12/xtal_96.cif,-10.462749,-20.84888
xtal_98.cif,./Al13Sc3N16/__initial__/12/xtal_98.cif,7.3588595,49.504456
xtal_11.cif,./Al13Sc3N16/__initial__/13/xtal_11.cif,17.520847,32.02785
xtal_12.cif,./Al13Sc3N16/__initial__/13/xtal_12.cif,-31.329334,-54.507355
xtal_14.cif,./Al13Sc3N16/__initial__/13/xtal_14.cif,-3.4515362,3.72939
xtal_15.cif,./Al13Sc3N16/__initial__/13/xtal_15.cif,-25.043911,-25.480738
xtal_18.cif,./Al13Sc3N16/__initial__/13/xtal_18.cif,43.87076,36.73399
xtal_19.cif,./Al13Sc3N16/__initial__/13/xtal_19.cif,7.775373,89.10582
xtal_2.cif,./Al13Sc3N16/__initial__/13/xtal_2.cif,-34.11016,-49.544365
xtal_21.cif,./Al13Sc3N16/__initial__/13/xtal_21.cif,-51.47561,-33.28796
xtal_24.cif,./Al13Sc3N16/__initial__/13/xtal_24.cif,23.873032,41.579483
xtal_25.cif,./Al13Sc3N16/__initial__/13/xtal_25.cif,-32.30844,-5.2022853
xtal_26.cif,./Al13Sc3N16/__initial__/13/xtal_26.cif,-53.1248,42.535854
xtal_28.cif,./Al13Sc3N16/__initial__/13/xtal_28.cif,6.4040585,65.06607
xtal_3.cif,./Al13Sc3N16/__initial__/13/xtal_3.cif,39.36831,38.800213
xtal_32.cif,./Al13Sc3N16/__initial__/13/xtal_32.cif,-103.22254,-4.3023486
xtal_33.cif,./Al13Sc3N16/__initial__/13/xtal_33.cif,-23.743681,-1.6572161
xtal_35.cif,./Al13Sc3N16/__initial__/13/xtal_35.cif,24.820457,21.910501
xtal_36.cif,./Al13Sc3N16/__initial__/13/xtal_36.cif,-79.75423,19.968466
xtal_37.cif,./Al13Sc3N16/__initial__/13/xtal_37.cif,17.513615,-3.5601685
xtal_38.cif,./Al13Sc3N16/__initial__/13/xtal_38.cif,-56.760883,43.86084
xtal_4.cif,./Al13Sc3N16/__initial__/13/xtal_4.cif,35.792503,79.20089
xtal_40.cif,./Al13Sc3N16/__initial__/13/xtal_40.cif,11.75085,-4.761866
xtal_41.cif,./Al13Sc3N16/__initial__/13/xtal_41.cif,-24.59944,1.5975317
xtal_44.cif,./Al13Sc3N16/__initial__/13/xtal_44.cif,-29.867682,75.03432
xtal_47.cif,./Al13Sc3N16/__initial__/13/xtal_47.cif,33.90729,24.921736
xtal_48.cif,./Al13Sc3N16/__initial__/13/xtal_48.cif,-43.590054,16.69833
xtal_50.cif,./Al13Sc3N16/__initial__/13/xtal_50.cif,-64.94628,-44.71907
xtal_51.cif,./Al13Sc3N16/__initial__/13/xtal_51.cif,-20.863907,0.5631679
xtal_52.cif,./Al13Sc3N16/__initial__/13/xtal_52.cif,31.332497,79.48549
xtal_53.cif,./Al13Sc3N16/__initial__/13/xtal_53.cif,-8.490515,-23.52075
xtal_57.cif,./Al13Sc3N16/__initial__/13/xtal_57.cif,-78.02318,0.8488242
xtal_58.cif,./Al13Sc3N16/__initial__/13/xtal_58.cif,6.625555,3.2427185
xtal_59.cif,./Al13Sc3N16/__initial__/13/xtal_59.cif,-16.488329,23.195196
xtal_61.cif,./Al13Sc3N16/__initial__/13/xtal_61.cif,55.076794,72.74661
xtal_63.cif,./Al13Sc3N16/__initial__/13/xtal_63.cif,-84.6202,-30.706459
xtal_68.cif,./Al13Sc3N16/__initial__/13/xtal_68.cif,25.302103,23.986496
xtal_69.cif,./Al13Sc3N16/__initial__/13/xtal_69.cif,34.33721,84.52335
xtal_7.cif,./Al13Sc3N16/__initial__/13/xtal_7.cif,13.767626,23.796583
xtal_72.cif,./Al13Sc3N16/__initial__/13/xtal_72.cif,45.474384,73.5782
xtal_75.cif,./Al13Sc3N16/__initial__/13/xtal_75.cif,1.6327813,13.065064
xtal_77.cif,./Al13Sc3N16/__initial__/13/xtal_77.cif,-3.343132,-15.100536
xtal_8.cif,./Al13Sc3N16/__initial__/13/xtal_8.cif,-38.791294,-35.670902
xtal_82.cif,./Al13Sc3N16/__initial__/13/xtal_82.cif,-22.540127,-1.1865596
xtal_84.cif,./Al13Sc3N16/__initial__/13/xtal_84.cif,-9.614076,2.824409
xtal_86.cif,./Al13Sc3N16/__initial__/13/xtal_86.cif,-105.43714,-0.11719505
xtal_87.cif,./Al13Sc3N16/__initial__/13/xtal_87.cif,-0.19170955,27.664307
xtal_88.cif,./Al13Sc3N16/__initial__/13/xtal_88.cif,-17.082773,-8.915705
xtal_9.cif,./Al13Sc3N16/__initial__/13/xtal_9.cif,-5.6476398,-7.287041
xtal_90.cif,./Al13Sc3N16/__initial__/13/xtal_90.cif,-54.220253,25.224127
xtal_95.cif,./Al13Sc3N16/__initial__/13/xtal_95.cif,-12.150401,-7.5514402
xtal_96.cif,./Al13Sc3N16/__initial__/13/xtal_96.cif,5.744992,7.722065
xtal_1.cif,./Al13Sc3N16/__initial__/14/xtal_1.cif,-84.77875,-37.05896
xtal_10.cif,./Al13Sc3N16/__initial__/14/xtal_10.cif,-40.583084,-67.68945
xtal_11.cif,./Al13Sc3N16/__initial__/14/xtal_11.cif,-95.21854,-11.914523
xtal_13.cif,./Al13Sc3N16/__initial__/14/xtal_13.cif,7.08855,84.06939
xtal_15.cif,./Al13Sc3N16/__initial__/14/xtal_15.cif,-30.808653,-11.054237
xtal_16.cif,./Al13Sc3N16/__initial__/14/xtal_16.cif,68.444984,61.47945
xtal_20.cif,./Al13Sc3N16/__initial__/14/xtal_20.cif,23.255905,48.937122
xtal_21.cif,./Al13Sc3N16/__initial__/14/xtal_21.cif,-11.993117,-11.685593
xtal_22.cif,./Al13Sc3N16/__initial__/14/xtal_22.cif,30.4855,49.05706
xtal_23.cif,./Al13Sc3N16/__initial__/14/xtal_23.cif,-83.876114,-24.105764
xtal_26.cif,./Al13Sc3N16/__initial__/14/xtal_26.cif,2.959953,-8.553781
xtal_28.cif,./Al13Sc3N16/__initial__/14/xtal_28.cif,-27.971943,-27.980549
xtal_3.cif,./Al13Sc3N16/__initial__/14/xtal_3.cif,21.203205,11.117747
xtal_32.cif,./Al13Sc3N16/__initial__/14/xtal_32.cif,1.2985598,8.89366
xtal_34.cif,./Al13Sc3N16/__initial__/14/xtal_34.cif,25.563072,34.389053
xtal_38.cif,./Al13Sc3N16/__initial__/14/xtal_38.cif,-6.413518,45.16319
xtal_39.cif,./Al13Sc3N16/__initial__/14/xtal_39.cif,30.225666,31.407787
xtal_40.cif,./Al13Sc3N16/__initial__/14/xtal_40.cif,-24.959608,-36.62145
xtal_44.cif,./Al13Sc3N16/__initial__/14/xtal_44.cif,11.61119,40.84289
xtal_45.cif,./Al13Sc3N16/__initial__/14/xtal_45.cif,51.19621,60.10698
xtal_47.cif,./Al13Sc3N16/__initial__/14/xtal_47.cif,49.397602,39.20635
xtal_49.cif,./Al13Sc3N16/__initial__/14/xtal_49.cif,-48.12395,-54.29249
xtal_5.cif,./Al13Sc3N16/__initial__/14/xtal_5.cif,-1.3085858,5.3401403
xtal_50.cif,./Al13Sc3N16/__initial__/14/xtal_50.cif,-37.615177,-40.20848
xtal_51.cif,./Al13Sc3N16/__initial__/14/xtal_51.cif,-0.45617834,-18.41084
xtal_52.cif,./Al13Sc3N16/__initial__/14/xtal_52.cif,-62.83504,-39.25488
xtal_55.cif,./Al13Sc3N16/__initial__/14/xtal_55.cif,25.18478,18.646471
xtal_57.cif,./Al13Sc3N16/__initial__/14/xtal_57.cif,25.202038,19.5334
xtal_6.cif,./Al13Sc3N16/__initial__/14/xtal_6.cif,-3.5152607,-25.502394
xtal_60.cif,./Al13Sc3N16/__initial__/14/xtal_60.cif,23.933453,50.565372
xtal_61.cif,./Al13Sc3N16/__initial__/14/xtal_61.cif,30.140272,40.801685
xtal_62.cif,./Al13Sc3N16/__initial__/14/xtal_62.cif,-43.441383,-0.6973961
xtal_65.cif,./Al13Sc3N16/__initial__/14/xtal_65.cif,-13.135705,-27.352446
xtal_69.cif,./Al13Sc3N16/__initial__/14/xtal_69.cif,-1.2420044,-21.667763
xtal_73.cif,./Al13Sc3N16/__initial__/14/xtal_73.cif,-40.93802,-50.436726
xtal_75.cif,./Al13Sc3N16/__initial__/14/xtal_75.cif,10.553883,38.275047
xtal_82.cif,./Al13Sc3N16/__initial__/14/xtal_82.cif,11.47691,19.374653
xtal_83.cif,./Al13Sc3N16/__initial__/14/xtal_83.cif,-28.318068,-51.616665
xtal_84.cif,./Al13Sc3N16/__initial__/14/xtal_84.cif,2.4128556,-16.130285
xtal_85.cif,./Al13Sc3N16/__initial__/14/xtal_85.cif,-25.070642,-9.569794
xtal_86.cif,./Al13Sc3N16/__initial__/14/xtal_86.cif,52.04183,40.416084
xtal_87.cif,./Al13Sc3N16/__initial__/14/xtal_87.cif,0.4815741,59.30643
xtal_9.cif,./Al13Sc3N16/__initial__/14/xtal_9.cif,19.09057,0.26186672
xtal_90.cif,./Al13Sc3N16/__initial__/14/xtal_90.cif,-97.26721,-23.676847
xtal_92.cif,./Al13Sc3N16/__initial__/14/xtal_92.cif,8.479065,87.68903
xtal_93.cif,./Al13Sc3N16/__initial__/14/xtal_93.cif,54.381718,51.668297
xtal_94.cif,./Al13Sc3N16/__initial__/14/xtal_94.cif,-21.40544,38.867573
xtal_95.cif,./Al13Sc3N16/__initial__/14/xtal_95.cif,26.749262,35.964993
xtal_96.cif,./Al13Sc3N16/__initial__/14/xtal_96.cif,22.429844,4.475771
xtal_97.cif,./Al13Sc3N16/__initial__/14/xtal_97.cif,-66.57953,41.927395
xtal_10.cif,./Al13Sc3N16/__initial__/16/xtal_10.cif,-15.703828,-7.3759866
xtal_12.cif,./Al13Sc3N16/__initial__/16/xtal_12.cif,53.515404,61.64858
xtal_17.cif,./Al13Sc3N16/__initial__/16/xtal_17.cif,11.676233,80.150696
xtal_20.cif,./Al13Sc3N16/__initial__/16/xtal_20.cif,-86.8541,-13.63593
xtal_22.cif,./Al13Sc3N16/__initial__/16/xtal_22.cif,-103.05464,-12.614193
xtal_23.cif,./Al13Sc3N16/__initial__/16/xtal_23.cif,12.189247,56.2142
xtal_25.cif,./Al13Sc3N16/__initial__/16/xtal_25.cif,-0.43997923,39.424484
xtal_27.cif,./Al13Sc3N16/__initial__/16/xtal_27.cif,-24.29961,8.25438
xtal_3.cif,./Al13Sc3N16/__initial__/16/xtal_3.cif,-31.00082,-50.9844
xtal_30.cif,./Al13Sc3N16/__initial__/16/xtal_30.cif,-19.362614,-0.15066522
xtal_32.cif,./Al13Sc3N16/__initial__/16/xtal_32.cif,-102.043365,-0.93267
xtal_33.cif,./Al13Sc3N16/__initial__/16/xtal_33.cif,-24.519442,76.603294
xtal_34.cif,./Al13Sc3N16/__initial__/16/xtal_34.cif,-16.984232,51.83262
xtal_35.cif,./Al13Sc3N16/__initial__/16/xtal_35.cif,40.07738,51.81275
xtal_36.cif,./Al13Sc3N16/__initial__/16/xtal_36.cif,-14.836935,62.971603
xtal_38.cif,./Al13Sc3N16/__initial__/16/xtal_38.cif,-48.245605,-27.912569
xtal_39.cif,./Al13Sc3N16/__initial__/16/xtal_39.cif,-38.941242,81.13731
xtal_4.cif,./Al13Sc3N16/__initial__/16/xtal_4.cif,16.657629,-39.517086
xtal_41.cif,./Al13Sc3N16/__initial__/16/xtal_41.cif,-72.6671,-38.538292
xtal_43.cif,./Al13Sc3N16/__initial__/16/xtal_43.cif,24.886784,-8.456626
xtal_44.cif,./Al13Sc3N16/__initial__/16/xtal_44.cif,-74.9122,46.864506
xtal_45.cif,./Al13Sc3N16/__initial__/16/xtal_45.cif,48.25235,21.684063
xtal_47.cif,./Al13Sc3N16/__initial__/16/xtal_47.cif,36.886036,-57.20614
xtal_49.cif,./Al13Sc3N16/__initial__/16/xtal_49.cif,42.02113,-28.958641
xtal_51.cif,./Al13Sc3N16/__initial__/16/xtal_51.cif,-39.26121,-48.72588
xtal_52.cif,./Al13Sc3N16/__initial__/16/xtal_52.cif,-82.884224,12.500994
xtal_53.cif,./Al13Sc3N16/__initial__/16/xtal_53.cif,27.193298,34.53209
xtal_58.cif,./Al13Sc3N16/__initial__/16/xtal_58.cif,91.97786,-12.3352585
xtal_59.cif,./Al13Sc3N16/__initial__/16/xtal_59.cif,90.86563,18.577364
xtal_6.cif,./Al13Sc3N16/__initial__/16/xtal_6.cif,-13.615894,37.8211
xtal_61.cif,./Al13Sc3N16/__initial__/16/xtal_61.cif,11.696549,29.67974
xtal_63.cif,./Al13Sc3N16/__initial__/16/xtal_63.cif,-4.7494626,-43.204037
xtal_65.cif,./Al13Sc3N16/__initial__/16/xtal_65.cif,2.4113145,48.857105
xtal_70.cif,./Al13Sc3N16/__initial__/16/xtal_70.cif,7.614988,21.205805
xtal_71.cif,./Al13Sc3N16/__initial__/16/xtal_71.cif,-7.023853,-10.183194
xtal_73.cif,./Al13Sc3N16/__initial__/16/xtal_73.cif,-67.869545,21.567324
xtal_76.cif,./Al13Sc3N16/__initial__/16/xtal_76.cif,-11.909224,-1.310028
xtal_79.cif,./Al13Sc3N16/__initial__/16/xtal_79.cif,-24.405914,47.65863
xtal_80.cif,./Al13Sc3N16/__initial__/16/xtal_80.cif,18.084719,16.707235
xtal_81.cif,./Al13Sc3N16/__initial__/16/xtal_81.cif,-37.630825,-56.24682
xtal_82.cif,./Al13Sc3N16/__initial__/16/xtal_82.cif,-82.342064,10.964763
xtal_83.cif,./Al13Sc3N16/__initial__/16/xtal_83.cif,-40.24145,74.24817
xtal_86.cif,./Al13Sc3N16/__initial__/16/xtal_86.cif,-20.621426,-41.171078
xtal_87.cif,./Al13Sc3N16/__initial__/16/xtal_87.cif,43.55696,-25.399931
xtal_88.cif,./Al13Sc3N16/__initial__/16/xtal_88.cif,-62.117577,1.4846172
xtal_91.cif,./Al13Sc3N16/__initial__/16/xtal_91.cif,65.92451,4.1136994
xtal_92.cif,./Al13Sc3N16/__initial__/16/xtal_92.cif,-56.545044,46.880882
xtal_95.cif,./Al13Sc3N16/__initial__/16/xtal_95.cif,-21.098614,57.710934
xtal_97.cif,./Al13Sc3N16/__initial__/16/xtal_97.cif,29.323406,61.556873
xtal_99.cif,./Al13Sc3N16/__initial__/16/xtal_99.cif,41.439167,64.63182
xtal_11.cif,./Al13Sc3N16/__initial__/17/xtal_11.cif,-25.707617,5.790375
xtal_12.cif,./Al13Sc3N16/__initial__/17/xtal_12.cif,84.20659,34.937237
xtal_13.cif,./Al13Sc3N16/__initial__/17/xtal_13.cif,9.069797,1.50223
xtal_14.cif,./Al13Sc3N16/__initial__/17/xtal_14.cif,62.148563,4.679127
xtal_15.cif,./Al13Sc3N16/__initial__/17/xtal_15.cif,-59.192394,-41.042854
xtal_16.cif,./Al13Sc3N16/__initial__/17/xtal_16.cif,37.57148,42.465137
xtal_18.cif,./Al13Sc3N16/__initial__/17/xtal_18.cif,12.44504,72.90033
xtal_19.cif,./Al13Sc3N16/__initial__/17/xtal_19.cif,-72.33412,-44.462337
xtal_2.cif,./Al13Sc3N16/__initial__/17/xtal_2.cif,-90.65459,-29.069826
xtal_20.cif,./Al13Sc3N16/__initial__/17/xtal_20.cif,21.07501,-6.723889
xtal_22.cif,./Al13Sc3N16/__initial__/17/xtal_22.cif,-3.3344939,91.311516
xtal_25.cif,./Al13Sc3N16/__initial__/17/xtal_25.cif,66.7158,58.8474
xtal_28.cif,./Al13Sc3N16/__initial__/17/xtal_28.cif,-22.983133,36.006832
xtal_30.cif,./Al13Sc3N16/__initial__/17/xtal_30.cif,-18.357132,-51.083263
xtal_31.cif,./Al13Sc3N16/__initial__/17/xtal_31.cif,-0.6878215,3.4861841
xtal_33.cif,./Al13Sc3N16/__initial__/17/xtal_33.cif,70.86525,51.05955
xtal_34.cif,./Al13Sc3N16/__initial__/17/xtal_34.cif,-48.958443,-52.543808
xtal_38.cif,./Al13Sc3N16/__initial__/17/xtal_38.cif,-27.003555,8.334645
xtal_4.cif,./Al13Sc3N16/__initial__/17/xtal_4.cif,-68.95569,-49.918736
xtal_40.cif,./Al13Sc3N16/__initial__/17/xtal_40.cif,-15.780697,71.40568
xtal_41.cif,./Al13Sc3N16/__initial__/17/xtal_41.cif,34.882893,43.01564
xtal_46.cif,./Al13Sc3N16/__initial__/17/xtal_46.cif,-54.43757,-52.35478
xtal_47.cif,./Al13Sc3N16/__initial__/17/xtal_47.cif,-31.181585,-52.608562
xtal_48.cif,./Al13Sc3N16/__initial__/17/xtal_48.cif,45.156033,32.541782
xtal_49.cif,./Al13Sc3N16/__initial__/17/xtal_49.cif,-85.18033,-14.712391
xtal_5.cif,./Al13Sc3N16/__initial__/17/xtal_5.cif,37.001167,-64.79238
xtal_52.cif,./Al13Sc3N16/__initial__/17/xtal_52.cif,-6.6324406,-43.225563
xtal_56.cif,./Al13Sc3N16/__initial__/17/xtal_56.cif,-39.236237,-12.411014
xtal_58.cif,./Al13Sc3N16/__initial__/17/xtal_58.cif,17.636002,39.114265
xtal_60.cif,./Al13Sc3N16/__initial__/17/xtal_60.cif,33.323555,-5.8374586
xtal_61.cif,./Al13Sc3N16/__initial__/17/xtal_61.cif,51.570847,57.676903
xtal_62.cif,./Al13Sc3N16/__initial__/17/xtal_62.cif,-52.559017,-59.988907
xtal_63.cif,./Al13Sc3N16/__initial__/17/xtal_63.cif,4.396486,-51.01131
xtal_66.cif,./Al13Sc3N16/__initial__/17/xtal_66.cif,6.242858,-56.691273
xtal_69.cif,./Al13Sc3N16/__initial__/17/xtal_69.cif,3.7684438,-33.586853
xtal_7.cif,./Al13Sc3N16/__initial__/17/xtal_7.cif,32.542465,9.022134
xtal_70.cif,./Al13Sc3N16/__initial__/17/xtal_70.cif,19.990086,45.835705
xtal_74.cif,./Al13Sc3N16/__initial__/17/xtal_74.cif,18.89292,20.408674
xtal_78.cif,./Al13Sc3N16/__initial__/17/xtal_78.cif,-49.887833,47.291454
xtal_8.cif,./Al13Sc3N16/__initial__/17/xtal_8.cif,-53.75845,-53.935265
xtal_80.cif,./Al13Sc3N16/__initial__/17/xtal_80.cif,17.065432,70.47119
xtal_82.cif,./Al13Sc3N16/__initial__/17/xtal_82.cif,96.67248,-7.1586146
xtal_84.cif,./Al13Sc3N16/__initial__/17/xtal_84.cif,64.48984,11.582077
xtal_85.cif,./Al13Sc3N16/__initial__/17/xtal_85.cif,-18.345812,-24.879864
xtal_86.cif,./Al13Sc3N16/__initial__/17/xtal_86.cif,-0.05716976,4.5823007
xtal_88.cif,./Al13Sc3N16/__initial__/17/xtal_88.cif,-71.08178,12.038083
xtal_89.cif,./Al13Sc3N16/__initial__/17/xtal_89.cif,-90.381996,-30.050169
xtal_91.cif,./Al13Sc3N16/__initial__/17/xtal_91.cif,-81.435234,7.2206774
xtal_93.cif,./Al13Sc3N16/__initial__/17/xtal_93.cif,1.1804739,-0.7194669
xtal_99.cif,./Al13Sc3N16/__initial__/17/xtal_99.cif,-67.03894,-34.87874
xtal_11.cif,./Al13Sc3N16/__initial__/18/xtal_11.cif,68.9727,58.979294
xtal_13.cif,./Al13Sc3N16/__initial__/18/xtal_13.cif,-12.932248,48.70224
xtal_14.cif,./Al13Sc3N16/__initial__/18/xtal_14.cif,45.459194,68.02935
xtal_15.cif,./Al13Sc3N16/__initial__/18/xtal_15.cif,13.028082,-4.5793867
xtal_17.cif,./Al13Sc3N16/__initial__/18/xtal_17.cif,-74.19755,48.600327
xtal_2.cif,./Al13Sc3N16/__initial__/18/xtal_2.cif,-18.236475,-54.47679
xtal_20.cif,./Al13Sc3N16/__initial__/18/xtal_20.cif,-0.118820004,2.6765773
xtal_21.cif,./Al13Sc3N16/__initial__/18/xtal_21.cif,-31.625746,-20.095264
xtal_23.cif,./Al13Sc3N16/__initial__/18/xtal_23.cif,26.731318,30.219831
xtal_25.cif,./Al13Sc3N16/__initial__/18/xtal_25.cif,-94.521774,-13.000157
xtal_26.cif,./Al13Sc3N16/__initial__/18/xtal_26.cif,53.260548,-11.283406
xtal_28.cif,./Al13Sc3N16/__initial__/18/xtal_28.cif,-16.844965,-43.68569
xtal_3.cif,./Al13Sc3N16/__initial__/18/xtal_3.cif,-12.6319475,40.203487
xtal_30.cif,./Al13Sc3N16/__initial__/18/xtal_30.cif,-41.71787,-63.991383
xtal_32.cif,./Al13Sc3N16/__initial__/18/xtal_32.cif,12.526958,9.321003
xtal_34.cif,./Al13Sc3N16/__initial__/18/xtal_34.cif,-94.25898,-26.393047
xtal_38.cif,./Al13Sc3N16/__initial__/18/xtal_38.cif,-48.59448,-47.393223
xtal_39.cif,./Al13Sc3N16/__initial__/18/xtal_39.cif,-39.018417,-14.088063
xtal_4.cif,./Al13Sc3N16/__initial__/18/xtal_4.cif,-31.25308,-22.349657
xtal_40.cif,./Al13Sc3N16/__initial__/18/xtal_40.cif,0.6669784,25.387697
xtal_42.cif,./Al13Sc3N16/__initial__/18/xtal_42.cif,53.062653,-32.703037
xtal_47.cif,./Al13Sc3N16/__initial__/18/xtal_47.cif,-13.543097,-3.016786
xtal_48.cif,./Al13Sc3N16/__initial__/18/xtal_48.cif,25.390604,36.34146
xtal_49.cif,./Al13Sc3N16/__initial__/18/xtal_49.cif,29.455482,-12.341116
xtal_50.cif,./Al13Sc3N16/__initial__/18/xtal_50.cif,-19.788797,38.693928
xtal_51.cif,./Al13Sc3N16/__initial__/18/xtal_51.cif,-37.824383,-49.45465
xtal_55.cif,./Al13Sc3N16/__initial__/18/xtal_55.cif,45.781616,-16.307589
xtal_58.cif,./Al13Sc3N16/__initial__/18/xtal_58.cif,-62.38547,44.75925
xtal_59.cif,./Al13Sc3N16/__initial__/18/xtal_59.cif,88.8248,2.5221288
xtal_6.cif,./Al13Sc3N16/__initial__/18/xtal_6.cif,13.394509,35.24298
xtal_60.cif,./Al13Sc3N16/__initial__/18/xtal_60.cif,62.9535,60.57719
xtal_61.cif,./Al13Sc3N16/__initial__/18/xtal_61.cif,-40.239754,-51.64397
xtal_62.cif,./Al13Sc3N16/__initial__/18/xtal_62.cif,-62.83729,-43.546238
xtal_66.cif,./Al13Sc3N16/__initial__/18/xtal_66.cif,67.6249,56.071297
xtal_68.cif,./Al13Sc3N16/__initial__/18/xtal_68.cif,32.895115,17.557034
xtal_69.cif,./Al13Sc3N16/__initial__/18/xtal_69.cif,39.740604,64.01831
xtal_7.cif,./Al13Sc3N16/__initial__/18/xtal_7.cif,6.667207,76.855736
xtal_72.cif,./Al13Sc3N16/__initial__/18/xtal_72.cif,-21.753513,-10.399302
xtal_79.cif,./Al13Sc3N16/__initial__/18/xtal_79.cif,66.46292,63.90387
xtal_8.cif,./Al13Sc3N16/__initial__/18/xtal_8.cif,-32.734818,-51.497772
xtal_80.cif,./Al13Sc3N16/__initial__/18/xtal_80.cif,52.30311,30.613457
xtal_84.cif,./Al13Sc3N16/__initial__/18/xtal_84.cif,-85.88441,-32.513195
xtal_87.cif,./Al13Sc3N16/__initial__/18/xtal_87.cif,-10.081142,75.12383
xtal_88.cif,./Al13Sc3N16/__initial__/18/xtal_88.cif,33.973244,-6.009719
xtal_91.cif,./Al13Sc3N16/__initial__/18/xtal_91.cif,91.702415,1.6263708
xtal_92.cif,./Al13Sc3N16/__initial__/18/xtal_92.cif,-13.785654,-51.933186
xtal_93.cif,./Al13Sc3N16/__initial__/18/xtal_93.cif,-18.029503,75.670334
xtal_96.cif,./Al13Sc3N16/__initial__/18/xtal_96.cif,56.18271,-11.481111
xtal_97.cif,./Al13Sc3N16/__initial__/18/xtal_97.cif,64.93399,54.541992
xtal_98.cif,./Al13Sc3N16/__initial__/18/xtal_98.cif,-46.82981,-58.594803
xtal_1.cif,./Al13Sc3N16/__initial__/21/xtal_1.cif,50.29222,-29.876038
xtal_10.cif,./Al13Sc3N16/__initial__/21/xtal_10.cif,-11.474956,-47.23095
xtal_13.cif,./Al13Sc3N16/__initial__/21/xtal_13.cif,80.12756,-5.852817
xtal_14.cif,./Al13Sc3N16/__initial__/21/xtal_14.cif,-56.46112,-34.57714
xtal_15.cif,./Al13Sc3N16/__initial__/21/xtal_15.cif,-8.707815,15.519949
xtal_16.cif,./Al13Sc3N16/__initial__/21/xtal_16.cif,84.661934,-2.0026202
xtal_17.cif,./Al13Sc3N16/__initial__/21/xtal_17.cif,-75.328316,48.556297
xtal_18.cif,./Al13Sc3N16/__initial__/21/xtal_18.cif,-87.110985,-38.075123
xtal_22.cif,./Al13Sc3N16/__initial__/21/xtal_22.cif,14.431148,-57.109715
xtal_23.cif,./Al13Sc3N16/__initial__/21/xtal_23.cif,6.947306,43.42231
xtal_24.cif,./Al13Sc3N16/__initial__/21/xtal_24.cif,36.811985,-68.17511
xtal_25.cif,./Al13Sc3N16/__initial__/21/xtal_25.cif,-22.06267,-45.654713
xtal_27.cif,./Al13Sc3N16/__initial__/21/xtal_27.cif,3.5426936,59.381844
xtal_29.cif,./Al13Sc3N16/__initial__/21/xtal_29.cif,-62.127064,-62.012833
xtal_35.cif,./Al13Sc3N16/__initial__/21/xtal_35.cif,-47.82845,66.561844
xtal_37.cif,./Al13Sc3N16/__initial__/21/xtal_37.cif,32.171,41.782326
xtal_39.cif,./Al13Sc3N16/__initial__/21/xtal_39.cif,-68.5163,35.754547
xtal_41.cif,./Al13Sc3N16/__initial__/21/xtal_41.cif,-34.695625,81.03582
xtal_43.cif,./Al13Sc3N16/__initial__/21/xtal_43.cif,53.823383,-38.442474
xtal_45.cif,./Al13Sc3N16/__initial__/21/xtal_45.cif,16.12133,27.810839
xtal_47.cif,./Al13Sc3N16/__initial__/21/xtal_47.cif,50.18307,27.907183
xtal_49.cif,./Al13Sc3N16/__initial__/21/xtal_49.cif,-64.58946,53.73056
xtal_50.cif,./Al13Sc3N16/__initial__/21/xtal_50.cif,-32.25347,32.251057
xtal_53.cif,./Al13Sc3N16/__initial__/21/xtal_53.cif,31.174192,-79.35841
xtal_55.cif,./Al13Sc3N16/__initial__/21/xtal_55.cif,0.9184992,40.105877
xtal_56.cif,./Al13Sc3N16/__initial__/21/xtal_56.cif,-91.87811,-23.14771
xtal_58.cif,./Al13Sc3N16/__initial__/21/xtal_58.cif,-54.311943,-33.41434
xtal_59.cif,./Al13Sc3N16/__initial__/21/xtal_59.cif,56.000553,77.91645
xtal_61.cif,./Al13Sc3N16/__initial__/21/xtal_61.cif,-60.00675,64.85926
xtal_63.cif,./Al13Sc3N16/__initial__/21/xtal_63.cif,40.20884,71.147575
xtal_64.cif,./Al13Sc3N16/__initial__/21/xtal_64.cif,-28.897419,40.82072
xtal_65.cif,./Al13Sc3N16/__initial__/21/xtal_65.cif,-77.88175,-6.9742775
xtal_67.cif,./Al13Sc3N16/__initial__/21/xtal_67.cif,6.8937573,63.083397
xtal_68.cif,./Al13Sc3N16/__initial__/21/xtal_68.cif,54.147903,-71.46636
xtal_70.cif,./Al13Sc3N16/__initial__/21/xtal_70.cif,-10.828393,16.269236
xtal_74.cif,./Al13Sc3N16/__initial__/21/xtal_74.cif,-31.122887,44.859795
xtal_75.cif,./Al13Sc3N16/__initial__/21/xtal_75.cif,-53.792118,-44.84113
xtal_78.cif,./Al13Sc3N16/__initial__/21/xtal_78.cif,-83.93866,-23.067652
xtal_82.cif,./Al13Sc3N16/__initial__/21/xtal_82.cif,65.64331,58.80867
xtal_83.cif,./Al13Sc3N16/__initial__/21/xtal_83.cif,59.888786,-0.7764715
xtal_85.cif,./Al13Sc3N16/__initial__/21/xtal_85.cif,-26.436066,-16.820614
xtal_86.cif,./Al13Sc3N16/__initial__/21/xtal_86.cif,65.83665,29.291975
xtal_87.cif,./Al13Sc3N16/__initial__/21/xtal_87.cif,-34.711826,40.53128
xtal_88.cif,./Al13Sc3N16/__initial__/21/xtal_88.cif,-11.6979685,-32.654762
xtal_89.cif,./Al13Sc3N16/__initial__/21/xtal_89.cif,11.027826,-78.25482
xtal_91.cif,./Al13Sc3N16/__initial__/21/xtal_91.cif,86.96656,28.78686
xtal_92.cif,./Al13Sc3N16/__initial__/21/xtal_92.cif,-39.672356,-60.981144
xtal_96.cif,./Al13Sc3N16/__initial__/21/xtal_96.cif,-63.052967,28.443384
xtal_97.cif,./Al13Sc3N16/__initial__/21/xtal_97.cif,7.1002274,70.93145
xtal_99.cif,./Al13Sc3N16/__initial__/21/xtal_99.cif,-47.82867,75.40093
xtal_10.cif,./Al13Sc3N16/__initial__/23/xtal_10.cif,-77.202446,-8.827296
xtal_11.cif,./Al13Sc3N16/__initial__/23/xtal_11.cif,-38.801632,91.40547
xtal_14.cif,./Al13Sc3N16/__initial__/23/xtal_14.cif,49.00762,21.800308
xtal_15.cif,./Al13Sc3N16/__initial__/23/xtal_15.cif,-89.91217,-24.206963
xtal_19.cif,./Al13Sc3N16/__initial__/23/xtal_19.cif,53.33505,70.90615
xtal_20.cif,./Al13Sc3N16/__initial__/23/xtal_20.cif,37.736526,80.1417
xtal_21.cif,./Al13Sc3N16/__initial__/23/xtal_21.cif,-76.27283,71.148186
xtal_23.cif,./Al13Sc3N16/__initial__/23/xtal_23.cif,-24.588348,-6.0954137
xtal_25.cif,./Al13Sc3N16/__initial__/23/xtal_25.cif,-68.14497,-12.470951
xtal_30.cif,./Al13Sc3N16/__initial__/23/xtal_30.cif,13.250617,36.557365
xtal_31.cif,./Al13Sc3N16/__initial__/23/xtal_31.cif,70.64298,16.173182
xtal_32.cif,./Al13Sc3N16/__initial__/23/xtal_32.cif,52.60877,-53.420963
xtal_36.cif,./Al13Sc3N16/__initial__/23/xtal_36.cif,-24.782335,57.992928
xtal_37.cif,./Al13Sc3N16/__initial__/23/xtal_37.cif,-7.3446956,15.701496
xtal_41.cif,./Al13Sc3N16/__initial__/23/xtal_41.cif,8.529336,48.03952
xtal_42.cif,./Al13Sc3N16/__initial__/23/xtal_42.cif,0.5166014,40.350403
xtal_43.cif,./Al13Sc3N16/__initial__/23/xtal_43.cif,-2.7349854,70.16391
xtal_45.cif,./Al13Sc3N16/__initial__/23/xtal_45.cif,-98.89307,-7.160766
xtal_48.cif,./Al13Sc3N16/__initial__/23/xtal_48.cif,-16.921236,7.132123
xtal_5.cif,./Al13Sc3N16/__initial__/23/xtal_5.cif,-68.90463,-26.663061
xtal_50.cif,./Al13Sc3N16/__initial__/23/xtal_50.cif,-62.105385,-23.691477
xtal_53.cif,./Al13Sc3N16/__initial__/23/xtal_53.cif,12.674653,42.705776
xtal_56.cif,./Al13Sc3N16/__initial__/23/xtal_56.cif,57.288025,60.08799
xtal_58.cif,./Al13Sc3N16/__initial__/23/xtal_58.cif,72.199905,15.827131
xtal_59.cif,./Al13Sc3N16/__initial__/23/xtal_59.cif,74.74022,-12.123739
xtal_6.cif,./Al13Sc3N16/__initial__/23/xtal_6.cif,-42.96296,59.862457
xtal_60.cif,./Al13Sc3N16/__initial__/23/xtal_60.cif,73.27818,-8.562175
xtal_62.cif,./Al13Sc3N16/__initial__/23/xtal_62.cif,-6.809726,31.130976
xtal_63.cif,./Al13Sc3N16/__initial__/23/xtal_63.cif,-97.74894,-11.208839
xtal_64.cif,./Al13Sc3N16/__initial__/23/xtal_64.cif,-54.805943,-68.61949
xtal_65.cif,./Al13Sc3N16/__initial__/23/xtal_65.cif,37.598087,-40.296555
xtal_68.cif,./Al13Sc3N16/__initial__/23/xtal_68.cif,-28.589262,90.24485
xtal_7.cif,./Al13Sc3N16/__initial__/23/xtal_7.cif,-58.853916,54.384193
xtal_70.cif,./Al13Sc3N16/__initial__/23/xtal_70.cif,-18.33531,-34.65922
xtal_73.cif,./Al13Sc3N16/__initial__/23/xtal_73.cif,23.334435,-45.836174
xtal_75.cif,./Al13Sc3N16/__initial__/23/xtal_75.cif,25.992327,90.271996
xtal_76.cif,./Al13Sc3N16/__initial__/23/xtal_76.cif,-31.161219,28.574203
xtal_77.cif,./Al13Sc3N16/__initial__/23/xtal_77.cif,63.9247,33.490837
xtal_79.cif,./Al13Sc3N16/__initial__/23/xtal_79.cif,-53.155693,-25.564016
xtal_8.cif,./Al13Sc3N16/__initial__/23/xtal_8.cif,-31.80949,-32.719574
xtal_82.cif,./Al13Sc3N16/__initial__/23/xtal_82.cif,-28.933002,10.64295
xtal_87.cif,./Al13Sc3N16/__initial__/23/xtal_87.cif,66.40028,70.38364
xtal_89.cif,./Al13Sc3N16/__initial__/23/xtal_89.cif,-32.176037,-44.189022
xtal_9.cif,./Al13Sc3N16/__initial__/23/xtal_9.cif,-26.419323,79.23871
xtal_92.cif,./Al13Sc3N16/__initial__/23/xtal_92.cif,-66.878845,41.783882
xtal_94.cif,./Al13Sc3N16/__initial__/23/xtal_94.cif,-31.106546,82.44736
xtal_96.cif,./Al13Sc3N16/__initial__/23/xtal_96.cif,-19.250729,88.16184
xtal_97.cif,./Al13Sc3N16/__initial__/23/xtal_97.cif,-10.047577,-4.316575
xtal_98.cif,./Al13Sc3N16/__initial__/23/xtal_98.cif,34.89166,36.600185
xtal_99.cif,./Al13Sc3N16/__initial__/23/xtal_99.cif,-65.95345,-27.990982
xtal_15.cif,./Al13Sc3N16/__initial__/25/xtal_15.cif,41.328487,-60.296764
xtal_16.cif,./Al13Sc3N16/__initial__/25/xtal_16.cif,-33.877544,-20.476198
xtal_18.cif,./Al13Sc3N16/__initial__/25/xtal_18.cif,39.758408,-42.16846
xtal_19.cif,./Al13Sc3N16/__initial__/25/xtal_19.cif,43.064495,-80.27906
xtal_2.cif,./Al13Sc3N16/__initial__/25/xtal_2.cif,90.15426,30.296873
xtal_20.cif,./Al13Sc3N16/__initial__/25/xtal_20.cif,-29.58917,-68.39995
xtal_21.cif,./Al13Sc3N16/__initial__/25/xtal_21.cif,-74.33227,-58.728123
xtal_23.cif,./Al13Sc3N16/__initial__/25/xtal_23.cif,65.57212,-34.471684
xtal_24.cif,./Al13Sc3N16/__initial__/25/xtal_24.cif,88.25026,-47.102844
xtal_25.cif,./Al13Sc3N16/__initial__/25/xtal_25.cif,44.845387,-34.018166
xtal_26.cif,./Al13Sc3N16/__initial__/25/xtal_26.cif,92.939415,-36.942795
xtal_31.cif,./Al13Sc3N16/__initial__/25/xtal_31.cif,94.411156,-32.719875
xtal_33.cif,./Al13Sc3N16/__initial__/25/xtal_33.cif,9.348819,72.951645
xtal_35.cif,./Al13Sc3N16/__initial__/25/xtal_35.cif,-72.83973,-22.61506
xtal_38.cif,./Al13Sc3N16/__initial__/25/xtal_38.cif,50.995342,-49.079468
xtal_4.cif,./Al13Sc3N16/__initial__/25/xtal_4.cif,-97.590485,-20.093845
xtal_40.cif,./Al13Sc3N16/__initial__/25/xtal_40.cif,103.3915,-7.7171903
xtal_41.cif,./Al13Sc3N16/__initial__/25/xtal_41.cif,79.04026,-23.11757
xtal_42.cif,./Al13Sc3N16/__initial__/25/xtal_42.cif,70.009346,-89.1387
xtal_43.cif,./Al13Sc3N16/__initial__/25/xtal_43.cif,11.108785,-64.4011
xtal_45.cif,./Al13Sc3N16/__initial__/25/xtal_45.cif,63.384235,-26.540684
xtal_46.cif,./Al13Sc3N16/__initial__/25/xtal_46.cif,9.031418,35.30245
xtal_47.cif,./Al13Sc3N16/__initial__/25/xtal_47.cif,-66.257996,-3.8288865
xtal_53.cif,./Al13Sc3N16/__initial__/25/xtal_53.cif,17.677631,-58.497375
xtal_54.cif,./Al13Sc3N16/__initial__/25/xtal_54.cif,49.96782,-41.79573
xtal_56.cif,./Al13Sc3N16/__initial__/25/xtal_56.cif,32.110806,-88.3351
xtal_57.cif,./Al13Sc3N16/__initial__/25/xtal_57.cif,52.425266,-75.463715
xtal_58.cif,./Al13Sc3N16/__initial__/25/xtal_58.cif,-75.77328,19.60766
xtal_59.cif,./Al13Sc3N16/__initial__/25/xtal_59.cif,69.78864,-70.50426
xtal_6.cif,./Al13Sc3N16/__initial__/25/xtal_6.cif,81.63378,-31.352377
xtal_61.cif,./Al13Sc3N16/__initial__/25/xtal_61.cif,-6.2823296,-3.1853507
xtal_64.cif,./Al13Sc3N16/__initial__/25/xtal_64.cif,11.392316,-89.033455
xtal_66.cif,./Al13Sc3N16/__initial__/25/xtal_66.cif,75.56835,-50.18339
xtal_67.cif,./Al13Sc3N16/__initial__/25/xtal_67.cif,65.60934,-37.811523
xtal_70.cif,./Al13Sc3N16/__initial__/25/xtal_70.cif,51.68696,-50.605
xtal_71.cif,./Al13Sc3N16/__initial__/25/xtal_71.cif,90.19681,-19.110865
xtal_73.cif,./Al13Sc3N16/__initial__/25/xtal_73.cif,-63.62982,21.460196
xtal_8.cif,./Al13Sc3N16/__initial__/25/xtal_8.cif,74.50829,-4.811177
xtal_80.cif,./Al13Sc3N16/__initial__/25/xtal_80.cif,-3.6353838,79.0986
xtal_81.cif,./Al13Sc3N16/__initial__/25/xtal_81.cif,15.241601,3.415337
xtal_82.cif,./Al13Sc3N16/__initial__/25/xtal_82.cif,51.011417,-55.723392
xtal_87.cif,./Al13Sc3N16/__initial__/25/xtal_87.cif,-46.23794,-11.668355
xtal_89.cif,./Al13Sc3N16/__initial__/25/xtal_89.cif,10.995326,7.2962947
xtal_91.cif,./Al13Sc3N16/__initial__/25/xtal_91.cif,-70.70881,26.383593
xtal_94.cif,./Al13Sc3N16/__initial__/25/xtal_94.cif,82.151665,62.992416
xtal_95.cif,./Al13Sc3N16/__initial__/25/xtal_95.cif,0.6428689,-25.436163
xtal_96.cif,./Al13Sc3N16/__initial__/25/xtal_96.cif,-94.23913,-18.611427
xtal_97.cif,./Al13Sc3N16/__initial__/25/xtal_97.cif,92.29719,-26.397602
xtal_98.cif,./Al13Sc3N16/__initial__/25/xtal_98.cif,-68.020164,11.618454
xtal_99.cif,./Al13Sc3N16/25/xtal_99.cif,51.40946,14.461364
xtal_1.cif,./Al13Sc3N16/__initial__/26/xtal_1.cif,63.294106,-0.11866729
xtal_10.cif,./Al13Sc3N16/__initial__/26/xtal_10.cif,17.837925,-74.34734
xtal_14.cif,./Al13Sc3N16/__initial__/26/xtal_14.cif,29.682564,3.6941152
xtal_17.cif,./Al13Sc3N16/__initial__/26/xtal_17.cif,-81.87999,4.149509
xtal_2.cif,./Al13Sc3N16/__initial__/26/xtal_2.cif,27.932896,12.754922
xtal_20.cif,./Al13Sc3N16/__initial__/26/xtal_20.cif,33.627983,39.764038
xtal_26.cif,./Al13Sc3N16/__initial__/26/xtal_26.cif,58.759804,-1.5411054
xtal_27.cif,./Al13Sc3N16/__initial__/26/xtal_27.cif,11.154074,-86.08514
xtal_28.cif,./Al13Sc3N16/__initial__/26/xtal_28.cif,29.291708,77.73976
xtal_3.cif,./Al13Sc3N16/__initial__/26/xtal_3.cif,-53.784275,-60.157143
xtal_32.cif,./Al13Sc3N16/__initial__/26/xtal_32.cif,27.756855,84.37425
xtal_35.cif,./Al13Sc3N16/__initial__/26/xtal_35.cif,-100.19604,-6.883928
xtal_36.cif,./Al13Sc3N16/__initial__/26/xtal_36.cif,72.668655,49.310284
xtal_37.cif,./Al13Sc3N16/__initial__/26/xtal_37.cif,86.19887,23.952433
xtal_38.cif,./Al13Sc3N16/__initial__/26/xtal_38.cif,66.680504,-44.57288
xtal_4.cif,./Al13Sc3N16/__initial__/26/xtal_4.cif,66.15828,23.65218
xtal_41.cif,./Al13Sc3N16/__initial__/26/xtal_41.cif,-90.32863,-37.129745
xtal_43.cif,./Al13Sc3N16/__initial__/26/xtal_43.cif,-62.856007,-68.64442
xtal_44.cif,./Al13Sc3N16/__initial__/26/xtal_44.cif,22.372248,-15.583891
xtal_47.cif,./Al13Sc3N16/__initial__/26/xtal_47.cif,-20.237316,41.173634
xtal_49.cif,./Al13Sc3N16/__initial__/26/xtal_49.cif,-86.78423,-42.22015
xtal_5.cif,./Al13Sc3N16/__initial__/26/xtal_5.cif,78.489944,7.450719
xtal_51.cif,./Al13Sc3N16/__initial__/26/xtal_51.cif,54.074562,-5.2720995
xtal_52.cif,./Al13Sc3N16/__initial__/26/xtal_52.cif,36.213173,50.979824
xtal_54.cif,./Al13Sc3N16/__initial__/26/xtal_54.cif,75.68157,38.175163
xtal_55.cif,./Al13Sc3N16/__initial__/26/xtal_55.cif,-106.96299,6.5293612
xtal_57.cif,./Al13Sc3N16/__initial__/26/xtal_57.cif,51.66182,-22.043587
xtal_58.cif,./Al13Sc3N16/__initial__/26/xtal_58.cif,-27.16028,-25.017405
xtal_59.cif,./Al13Sc3N16/__initial__/26/xtal_59.cif,86.4698,-39.52796
xtal_60.cif,./Al13Sc3N16/__initial__/26/xtal_60.cif,-68.263664,-53.396774
xtal_64.cif,./Al13Sc3N16/__initial__/26/xtal_64.cif,-10.764574,-42.25794
xtal_65.cif,./Al13Sc3N16/__initial__/26/xtal_65.cif,48.561512,-70.91706
xtal_69.cif,./Al13Sc3N16/__initial__/26/xtal_69.cif,29.15338,-42.93054
xtal_7.cif,./Al13Sc3N16/__initial__/26/xtal_7.cif,-71.37705,-47.873707
xtal_70.cif,./Al13Sc3N16/__initial__/26/xtal_70.cif,47.995953,-82.439384
xtal_71.cif,./Al13Sc3N16/__initial__/26/xtal_71.cif,14.374809,60.867126
xtal_73.cif,./Al13Sc3N16/__initial__/26/xtal_73.cif,81.221794,11.940141
xtal_75.cif,./Al13Sc3N16/__initial__/26/xtal_75.cif,54.51985,-65.6145
xtal_76.cif,./Al13Sc3N16/__initial__/26/xtal_76.cif,-39.892006,22.032528
xtal_78.cif,./Al13Sc3N16/__initial__/26/xtal_78.cif,21.513472,2.1783154
xtal_79.cif,./Al13Sc3N16/__initial__/26/xtal_79.cif,14.293677,74.64612
xtal_8.cif,./Al13Sc3N16/__initial__/26/xtal_8.cif,58.21846,-10.296338
xtal_80.cif,./Al13Sc3N16/__initial__/26/xtal_80.cif,-76.537796,-23.842613
xtal_82.cif,./Al13Sc3N16/__initial__/26/xtal_82.cif,-73.261925,-56.81967
xtal_83.cif,./Al13Sc3N16/__initial__/26/xtal_83.cif,2.749822,-20.636618
xtal_84.cif,./Al13Sc3N16/__initial__/26/xtal_84.cif,-19.023115,-50.96608
xtal_89.cif,./Al13Sc3N16/__initial__/26/xtal_89.cif,58.598545,-15.782231
xtal_9.cif,./Al13Sc3N16/__initial__/26/xtal_9.cif,-53.613544,47.07206
xtal_90.cif,./Al13Sc3N16/__initial__/26/xtal_90.cif,12.177113,-60.585308
xtal_97.cif,./Al13Sc3N16/__initial__/26/xtal_97.cif,61.03414,-31.921976
xtal_1.cif,./Al13Sc3N16/__initial__/27/xtal_1.cif,-80.72018,-49.370506
xtal_10.cif,./Al13Sc3N16/__initial__/27/xtal_10.cif,90.183754,-7.3645205
xtal_11.cif,./Al13Sc3N16/__initial__/27/xtal_11.cif,3.0926237,-29.572515
xtal_12.cif,./Al13Sc3N16/__initial__/27/xtal_12.cif,40.278755,-81.575195
xtal_13.cif,./Al13Sc3N16/__initial__/27/xtal_13.cif,-70.23992,9.325378
xtal_14.cif,./Al13Sc3N16/__initial__/27/xtal_14.cif,-51.32126,-58.57459
xtal_15.cif,./Al13Sc3N16/__initial__/27/xtal_15.cif,90.77483,27.580877
xtal_16.cif,./Al13Sc3N16/__initial__/27/xtal_16.cif,-64.92294,-38.013443
xtal_17.cif,./Al13Sc3N16/__initial__/27/xtal_17.cif,-59.59054,-49.79926
xtal_18.cif,./Al13Sc3N16/__initial__/27/xtal_18.cif,-59.60773,56.72962
xtal_2.cif,./Al13Sc3N16/__initial__/27/xtal_2.cif,63.44292,-3.9443376
xtal_25.cif,./Al13Sc3N16/__initial__/27/xtal_25.cif,18.964106,-74.0652
xtal_26.cif,./Al13Sc3N16/__initial__/27/xtal_26.cif,-82.54832,-47.279724
xtal_27.cif,./Al13Sc3N16/__initial__/27/xtal_27.cif,-83.09871,-38.473648
xtal_28.cif,./Al13Sc3N16/__initial__/27/xtal_28.cif,-96.32967,-12.042624
xtal_30.cif,./Al13Sc3N16/__initial__/27/xtal_30.cif,16.271942,-90.37168
xtal_34.cif,./Al13Sc3N16/__initial__/27/xtal_34.cif,43.59174,-53.488758
xtal_35.cif,./Al13Sc3N16/__initial__/27/xtal_35.cif,28.910622,84.89217
xtal_36.cif,./Al13Sc3N16/__initial__/27/xtal_36.cif,44.26903,-58.03819
xtal_37.cif,./Al13Sc3N16/__initial__/27/xtal_37.cif,-73.40236,25.93765
xtal_40.cif,./Al13Sc3N16/__initial__/27/xtal_40.cif,-74.69068,-20.795525
xtal_41.cif,./Al13Sc3N16/__initial__/27/xtal_41.cif,-69.65149,-24.876818
xtal_43.cif,./Al13Sc3N16/__initial__/27/xtal_43.cif,23.39118,0.26910916
xtal_47.cif,./Al13Sc3N16/__initial__/27/xtal_47.cif,53.851288,-16.095613
xtal_48.cif,./Al13Sc3N16/__initial__/27/xtal_48.cif,10.760362,-66.44272
xtal_5.cif,./Al13Sc3N16/__initial__/27/xtal_5.cif,54.847343,-17.447676
xtal_51.cif,./Al13Sc3N16/__initial__/27/xtal_51.cif,24.737589,17.132751
xtal_53.cif,./Al13Sc3N16/__initial__/27/xtal_53.cif,78.214325,11.8171015
xtal_54.cif,./Al13Sc3N16/__initial__/27/xtal_54.cif,-38.157635,-43.57546
xtal_55.cif,./Al13Sc3N16/__initial__/27/xtal_55.cif,-23.523903,40.54722
xtal_56.cif,./Al13Sc3N16/__initial__/27/xtal_56.cif,21.787489,-51.908306
xtal_59.cif,./Al13Sc3N16/__initial__/27/xtal_59.cif,-83.67658,0.26144072
xtal_6.cif,./Al13Sc3N16/__initial__/27/xtal_6.cif,58.23334,37.163723
xtal_60.cif,./Al13Sc3N16/__initial__/27/xtal_60.cif,-9.475064,32.007866
xtal_62.cif,./Al13Sc3N16/__initial__/27/xtal_62.cif,-71.449394,-57.24574
xtal_63.cif,./Al13Sc3N16/__initial__/27/xtal_63.cif,45.659683,-57.105965
xtal_65.cif,./Al13Sc3N16/__initial__/27/xtal_65.cif,53.16724,-37.724136
xtal_68.cif,./Al13Sc3N16/__initial__/27/xtal_68.cif,-9.99624,69.03903
xtal_69.cif,./Al13Sc3N16/__initial__/27/xtal_69.cif,-80.49247,1.366662
xtal_7.cif,./Al13Sc3N16/__initial__/27/xtal_7.cif,-9.868498,-37.888535
xtal_70.cif,./Al13Sc3N16/__initial__/27/xtal_70.cif,63.66635,41.571568
xtal_77.cif,./Al13Sc3N16/__initial__/27/xtal_77.cif,26.986359,20.009583
xtal_81.cif,./Al13Sc3N16/__initial__/27/xtal_81.cif,-12.99147,51.38032
xtal_83.cif,./Al13Sc3N16/__initial__/27/xtal_83.cif,-30.742388,37.172714
xtal_85.cif,./Al13Sc3N16/__initial__/27/xtal_85.cif,14.698785,74.18321
xtal_90.cif,./Al13Sc3N16/__initial__/27/xtal_90.cif,58.643333,56.689445
xtal_91.cif,./Al13Sc3N16/__initial__/27/xtal_91.cif,23.633179,-14.730477
xtal_93.cif,./Al13Sc3N16/__initial__/27/xtal_93.cif,-24.078337,-39.568333
xtal_97.cif,./Al13Sc3N16/__initial__/27/xtal_97.cif,15.981017,-4.551824
xtal_98.cif,./Al13Sc3N16/__initial__/27/xtal_98.cif,84.46947,12.587856
xtal_12.cif,./Al13Sc3N16/__initial__/28/xtal_12.cif,49.852386,-15.979004
xtal_14.cif,./Al13Sc3N16/__initial__/28/xtal_14.cif,5.599082,93.50988
xtal_15.cif,./Al13Sc3N16/__initial__/28/xtal_15.cif,-82.05207,-22.320173
xtal_16.cif,./Al13Sc3N16/__initial__/28/xtal_16.cif,-65.6207,-60.18397
xtal_20.cif,./Al13Sc3N16/__initial__/28/xtal_20.cif,31.058525,-49.157898
xtal_26.cif,./Al13Sc3N16/__initial__/28/xtal_26.cif,37.1701,-43.364044
xtal_27.cif,./Al13Sc3N16/__initial__/28/xtal_27.cif,1.2156293,-72.88554
xtal_29.cif,./Al13Sc3N16/__initial__/28/xtal_29.cif,13.751111,74.7212
xtal_3.cif,./Al13Sc3N16/__initial__/28/xtal_3.cif,65.26957,-39.3635
xtal_34.cif,./Al13Sc3N16/__initial__/28/xtal_34.cif,-71.35563,-1.0559391
xtal_35.cif,./Al13Sc3N16/__initial__/28/xtal_35.cif,91.01264,13.662364
xtal_37.cif,./Al13Sc3N16/__initial__/28/xtal_37.cif,77.83631,-46.59085
xtal_38.cif,./Al13Sc3N16/__initial__/28/xtal_38.cif,87.33551,-40.2774
xtal_4.cif,./Al13Sc3N16/__initial__/28/xtal_4.cif,59.904453,23.283564
xtal_40.cif,./Al13Sc3N16/__initial__/28/xtal_40.cif,3.265422,11.818536
xtal_41.cif,./Al13Sc3N16/__initial__/28/xtal_41.cif,-36.792725,1.1012397
xtal_43.cif,./Al13Sc3N16/__initial__/28/xtal_43.cif,-41.66169,-55.68595
xtal_45.cif,./Al13Sc3N16/__initial__/28/xtal_45.cif,85.127525,-38.92831
xtal_47.cif,./Al13Sc3N16/__initial__/28/xtal_47.cif,76.08649,-19.118658
xtal_48.cif,./Al13Sc3N16/__initial__/28/xtal_48.cif,44.643154,-38.366352
xtal_49.cif,./Al13Sc3N16/__initial__/28/xtal_49.cif,51.435818,-89.67809
xtal_5.cif,./Al13Sc3N16/__initial__/28/xtal_5.cif,66.00921,-43.700253
xtal_51.cif,./Al13Sc3N16/__initial__/28/xtal_51.cif,73.399124,-47.31957
xtal_52.cif,./Al13Sc3N16/__initial__/28/xtal_52.cif,48.998306,-34.844696
xtal_53.cif,./Al13Sc3N16/__initial__/28/xtal_53.cif,-5.018271,-69.46851
xtal_54.cif,./Al13Sc3N16/__initial__/28/xtal_54.cif,-56.019592,-59.404842
xtal_55.cif,./Al13Sc3N16/__initial__/28/xtal_55.cif,76.05993,-57.02882
xtal_56.cif,./Al13Sc3N16/__initial__/28/xtal_56.cif,18.526937,69.11964
xtal_59.cif,./Al13Sc3N16/__initial__/28/xtal_59.cif,43.287563,-44.574657
xtal_6.cif,./Al13Sc3N16/__initial__/28/xtal_6.cif,42.40482,-34.28803
xtal_60.cif,./Al13Sc3N16/__initial__/28/xtal_60.cif,36.76156,-70.22935
xtal_61.cif,./Al13Sc3N16/__initial__/28/xtal_61.cif,74.74326,14.673643
xtal_62.cif,./Al13Sc3N16/__initial__/28/xtal_62.cif,71.66264,30.379467
xtal_63.cif,./Al13Sc3N16/__initial__/28/xtal_63.cif,61.37351,-41.657703
xtal_65.cif,./Al13Sc3N16/__initial__/28/xtal_65.cif,-55.999027,-63.52157
xtal_67.cif,./Al13Sc3N16/__initial__/28/xtal_67.cif,36.994293,-36.424496
xtal_69.cif,./Al13Sc3N16/__initial__/28/xtal_69.cif,-42.555847,-58.814278
xtal_7.cif,./Al13Sc3N16/__initial__/28/xtal_7.cif,-80.092094,-7.2722135
xtal_74.cif,./Al13Sc3N16/__initial__/28/xtal_74.cif,86.09962,39.001583
xtal_76.cif,./Al13Sc3N16/__initial__/28/xtal_76.cif,60.31962,10.752648
xtal_78.cif,./Al13Sc3N16/__initial__/28/xtal_78.cif,35.721058,-76.88137
xtal_8.cif,./Al13Sc3N16/__initial__/28/xtal_8.cif,-5.037943,33.99711
xtal_80.cif,./Al13Sc3N16/__initial__/28/xtal_80.cif,-61.945786,-30.417166
xtal_82.cif,./Al13Sc3N16/__initial__/28/xtal_82.cif,64.69493,-29.526611
xtal_83.cif,./Al13Sc3N16/__initial__/28/xtal_83.cif,-53.395275,-64.27043
xtal_91.cif,./Al13Sc3N16/__initial__/28/xtal_91.cif,-18.550447,-45.701397
xtal_92.cif,./Al13Sc3N16/__initial__/28/xtal_92.cif,81.86945,19.443935
xtal_94.cif,./Al13Sc3N16/__initial__/28/xtal_94.cif,71.779495,24.385454
xtal_96.cif,./Al13Sc3N16/__initial__/28/xtal_96.cif,17.323383,-71.7004
xtal_97.cif,./Al13Sc3N16/__initial__/28/xtal_97.cif,20.48681,62.807167
xtal_10.cif,./Al13Sc3N16/__initial__/30/xtal_10.cif,-4.046876,6.951613
xtal_14.cif,./Al13Sc3N16/__initial__/30/xtal_14.cif,73.46634,-44.117844
xtal_15.cif,./Al13Sc3N16/__initial__/30/xtal_15.cif,62.990425,10.956751
xtal_16.cif,./Al13Sc3N16/__initial__/30/xtal_16.cif,-43.607506,-37.166607
xtal_17.cif,./Al13Sc3N16/__initial__/30/xtal_17.cif,-96.08048,-21.988785
xtal_21.cif,./Al13Sc3N16/__initial__/30/xtal_21.cif,-29.814112,-33.675423
xtal_22.cif,./Al13Sc3N16/__initial__/30/xtal_22.cif,-16.265501,85.16075
xtal_25.cif,./Al13Sc3N16/__initial__/30/xtal_25.cif,0.05606483,80.001686
xtal_26.cif,./Al13Sc3N16/__initial__/30/xtal_26.cif,69.85271,-44.685326
xtal_27.cif,./Al13Sc3N16/__initial__/30/xtal_27.cif,50.277714,9.269485
xtal_29.cif,./Al13Sc3N16/__initial__/30/xtal_29.cif,82.133316,-11.876227
xtal_31.cif,./Al13Sc3N16/__initial__/30/xtal_31.cif,71.52677,43.94056
xtal_33.cif,./Al13Sc3N16/__initial__/30/xtal_33.cif,-47.732285,-47.875034
xtal_35.cif,./Al13Sc3N16/__initial__/30/xtal_35.cif,79.356,41.98617
xtal_39.cif,./Al13Sc3N16/__initial__/30/xtal_39.cif,75.206505,41.69504
xtal_40.cif,./Al13Sc3N16/__initial__/30/xtal_40.cif,-61.29621,-46.861008
xtal_41.cif,./Al13Sc3N16/__initial__/30/xtal_41.cif,18.096796,25.468357
xtal_42.cif,./Al13Sc3N16/__initial__/30/xtal_42.cif,-11.463144,41.03402
xtal_44.cif,./Al13Sc3N16/__initial__/30/xtal_44.cif,83.8137,11.286581
xtal_45.cif,./Al13Sc3N16/__initial__/30/xtal_45.cif,105.30346,-14.037271
xtal_46.cif,./Al13Sc3N16/__initial__/30/xtal_46.cif,34.609188,-28.774042
xtal_48.cif,./Al13Sc3N16/__initial__/30/xtal_48.cif,8.200836,-88.07846
xtal_5.cif,./Al13Sc3N16/__initial__/30/xtal_5.cif,77.58387,10.182895
xtal_52.cif,./Al13Sc3N16/__initial__/30/xtal_52.cif,14.244174,-86.354225
xtal_54.cif,./Al13Sc3N16/__initial__/30/xtal_54.cif,-67.66024,-48.89758
xtal_56.cif,./Al13Sc3N16/__initial__/30/xtal_56.cif,-54.591576,-65.44713
xtal_58.cif,./Al13Sc3N16/__initial__/30/xtal_58.cif,35.08058,33.299988
xtal_60.cif,./Al13Sc3N16/__initial__/30/xtal_60.cif,11.083443,-60.369556
xtal_62.cif,./Al13Sc3N16/__initial__/30/xtal_62.cif,11.195215,64.60964
xtal_69.cif,./Al13Sc3N16/__initial__/30/xtal_69.cif,-45.708057,-34.803043
xtal_7.cif,./Al13Sc3N16/__initial__/30/xtal_7.cif,54.883335,24.343073
xtal_71.cif,./Al13Sc3N16/__initial__/30/xtal_71.cif,85.29201,3.0252464
xtal_74.cif,./Al13Sc3N16/__initial__/30/xtal_74.cif,15.996558,-87.41222
xtal_75.cif,./Al13Sc3N16/__initial__/30/xtal_75.cif,68.25723,12.686032
xtal_77.cif,./Al13Sc3N16/__initial__/30/xtal_77.cif,8.777315,25.039852
xtal_8.cif,./Al13Sc3N16/__initial__/30/xtal_8.cif,45.362877,-38.156784
xtal_80.cif,./Al13Sc3N16/__initial__/30/xtal_80.cif,73.0956,24.86856
xtal_81.cif,./Al13Sc3N16/__initial__/30/xtal_81.cif,29.421207,80.98193
xtal_86.cif,./Al13Sc3N16/__initial__/30/xtal_86.cif,-6.021467,-0.7906485
xtal_88.cif,./Al13Sc3N16/__initial__/30/xtal_88.cif,58.976646,8.815769
xtal_89.cif,./Al13Sc3N16/__initial__/30/xtal_89.cif,79.14315,27.316782
xtal_9.cif,./Al13Sc3N16/__initial__/30/xtal_9.cif,44.42968,-92.32833
xtal_91.cif,./Al13Sc3N16/__initial__/30/xtal_91.cif,-6.75446,-18.975801
xtal_92.cif,./Al13Sc3N16/__initial__/30/xtal_92.cif,7.065895,-12.165993
xtal_93.cif,./Al13Sc3N16/__initial__/30/xtal_93.cif,82.01035,54.91447
xtal_94.cif,./Al13Sc3N16/__initial__/30/xtal_94.cif,-9.601283,32.071323
xtal_95.cif,./Al13Sc3N16/__initial__/30/xtal_95.cif,5.6839232,-83.69586
xtal_96.cif,./Al13Sc3N16/__initial__/30/xtal_96.cif,-74.04279,-52.23363
xtal_98.cif,./Al13Sc3N16/__initial__/30/xtal_98.cif,70.6911,18.721907
xtal_99.cif,./Al13Sc3N16/__initial__/30/xtal_99.cif,19.65706,-67.667465
xtal_100.cif,./Al13Sc3N16/__initial__/31/xtal_100.cif,-64.94588,-58.67319
xtal_11.cif,./Al13Sc3N16/__initial__/31/xtal_11.cif,-3.1507466,24.655296
xtal_14.cif,./Al13Sc3N16/__initial__/31/xtal_14.cif,26.726606,-81.8176
xtal_16.cif,./Al13Sc3N16/__initial__/31/xtal_16.cif,-36.93949,-59.121265
xtal_17.cif,./Al13Sc3N16/__initial__/31/xtal_17.cif,3.9052422,-1.3778101
xtal_18.cif,./Al13Sc3N16/__initial__/31/xtal_18.cif,56.310986,10.140969
xtal_19.cif,./Al13Sc3N16/__initial__/31/xtal_19.cif,58.952824,-68.48412
xtal_2.cif,./Al13Sc3N16/__initial__/31/xtal_2.cif,40.328106,-10.65137
xtal_21.cif,./Al13Sc3N16/__initial__/31/xtal_21.cif,69.98536,-66.27157
xtal_22.cif,./Al13Sc3N16/__initial__/31/xtal_22.cif,49.007843,5.9571633
xtal_26.cif,./Al13Sc3N16/__initial__/31/xtal_26.cif,60.166008,-3.9667473
xtal_27.cif,./Al13Sc3N16/__initial__/31/xtal_27.cif,-75.103004,-56.740868
xtal_28.cif,./Al13Sc3N16/__initial__/31/xtal_28.cif,56.017605,-18.08329
xtal_29.cif,./Al13Sc3N16/__initial__/31/xtal_29.cif,16.380083,-59.89936
xtal_3.cif,./Al13Sc3N16/__initial__/31/xtal_3.cif,68.227135,-67.68108
xtal_30.cif,./Al13Sc3N16/__initial__/31/xtal_30.cif,-12.5597725,-41.05957
xtal_32.cif,./Al13Sc3N16/__initial__/31/xtal_32.cif,32.732243,-66.56221
xtal_36.cif,./Al13Sc3N16/__initial__/31/xtal_36.cif,61.951336,-62.686115
xtal_42.cif,./Al13Sc3N16/__initial__/31/xtal_42.cif,91.06572,-9.148398
xtal_43.cif,./Al13Sc3N16/__initial__/31/xtal_43.cif,88.95997,-20.286642
xtal_44.cif,./Al13Sc3N16/__initial__/31/xtal_44.cif,82.46253,-5.2042117
xtal_46.cif,./Al13Sc3N16/__initial__/31/xtal_46.cif,75.50554,6.2314587
xtal_49.cif,./Al13Sc3N16/__initial__/31/xtal_49.cif,5.376919,-72.01184
xtal_5.cif,./Al13Sc3N16/__initial__/31/xtal_5.cif,46.99548,-34.187336
xtal_50.cif,./Al13Sc3N16/__initial__/31/xtal_50.cif,52.945244,-51.614838
xtal_52.cif,./Al13Sc3N16/__initial__/31/xtal_52.cif,8.511042,76.25013
xtal_53.cif,./Al13Sc3N16/__initial__/31/xtal_53.cif,-36.93052,-21.141363
xtal_55.cif,./Al13Sc3N16/__initial__/31/xtal_55.cif,80.86219,12.625966
xtal_60.cif,./Al13Sc3N16/__initial__/31/xtal_60.cif,78.63894,32.832726
xtal_61.cif,./Al13Sc3N16/__initial__/31/xtal_61.cif,-35.923054,-57.761257
xtal_62.cif,./Al13Sc3N16/__initial__/31/xtal_62.cif,-76.60441,45.939117
xtal_63.cif,./Al13Sc3N16/__initial__/31/xtal_63.cif,79.62016,10.591086
xtal_68.cif,./Al13Sc3N16/__initial__/31/xtal_68.cif,-34.180557,-21.030296
xtal_69.cif,./Al13Sc3N16/__initial__/31/xtal_69.cif,34.60751,-74.56096
xtal_70.cif,./Al13Sc3N16/__initial__/31/xtal_70.cif,53.61341,28.980293
xtal_72.cif,./Al13Sc3N16/__initial__/31/xtal_72.cif,-60.2461,-59.185265
xtal_74.cif,./Al13Sc3N16/__initial__/31/xtal_74.cif,75.48032,-79.42883
xtal_79.cif,./Al13Sc3N16/__initial__/31/xtal_79.cif,11.0482435,-61.46305
xtal_8.cif,./Al13Sc3N16/__initial__/31/xtal_8.cif,37.641758,-74.57137
xtal_80.cif,./Al13Sc3N16/__initial__/31/xtal_80.cif,39.312443,-45.627514
xtal_81.cif,./Al13Sc3N16/__initial__/31/xtal_81.cif,39.875546,-33.175507
xtal_86.cif,./Al13Sc3N16/__initial__/31/xtal_86.cif,46.869606,56.822853
xtal_9.cif,./Al13Sc3N16/__initial__/31/xtal_9.cif,50.626446,-51.15465
xtal_90.cif,./Al13Sc3N16/__initial__/31/xtal_90.cif,34.86153,-79.8288
xtal_91.cif,./Al13Sc3N16/__initial__/31/xtal_91.cif,70.75141,-56.641598
xtal_92.cif,./Al13Sc3N16/__initial__/31/xtal_92.cif,95.4375,-14.657286
xtal_93.cif,./Al13Sc3N16/__initial__/31/xtal_93.cif,-68.73047,-55.510822
xtal_94.cif,./Al13Sc3N16/__initial__/31/xtal_94.cif,55.753662,-20.578068
xtal_97.cif,./Al13Sc3N16/__initial__/31/xtal_97.cif,50.81128,-23.629972
xtal_98.cif,./Al13Sc3N16/__initial__/31/xtal_98.cif,56.519012,3.5161324
xtal_1.cif,./Al13Sc3N16/__initial__/32/xtal_1.cif,95.070206,-48.882378
xtal_100.cif,./Al13Sc3N16/__initial__/32/xtal_100.cif,30.223867,-49.690758
xtal_11.cif,./Al13Sc3N16/__initial__/32/xtal_11.cif,100.47428,5.196646
xtal_13.cif,./Al13Sc3N16/__initial__/32/xtal_13.cif,23.235697,-55.011513
xtal_15.cif,./Al13Sc3N16/__initial__/32/xtal_15.cif,63.528378,-55.097588
xtal_16.cif,./Al13Sc3N16/__initial__/32/xtal_16.cif,-61.9329,82.87735
xtal_17.cif,./Al13Sc3N16/__initial__/32/xtal_17.cif,97.756516,-34.144783
xtal_18.cif,./Al13Sc3N16/__initial__/32/xtal_18.cif,-109.88892,-4.973814
xtal_19.cif,./Al13Sc3N16/__initial__/32/xtal_19.cif,49.371864,-42.876347
xtal_20.cif,./Al13Sc3N16/__initial__/32/xtal_20.cif,73.56988,28.489834
xtal_22.cif,./Al13Sc3N16/__initial__/32/xtal_22.cif,69.87491,-29.411945
xtal_24.cif,./Al13Sc3N16/__initial__/32/xtal_24.cif,88.745735,-33.86451
xtal_27.cif,./Al13Sc3N16/__initial__/32/xtal_27.cif,-40.10425,54.50635
xtal_28.cif,./Al13Sc3N16/__initial__/32/xtal_28.cif,64.926834,-82.11343
xtal_3.cif,./Al13Sc3N16/__initial__/32/xtal_3.cif,38.42978,-95.16148
xtal_33.cif,./Al13Sc3N16/__initial__/32/xtal_33.cif,-9.85342,-1.2087919
xtal_34.cif,./Al13Sc3N16/__initial__/32/xtal_34.cif,69.32922,-36.34715
xtal_37.cif,./Al13Sc3N16/__initial__/32/xtal_37.cif,17.429379,-32.359444
xtal_38.cif,./Al13Sc3N16/__initial__/32/xtal_38.cif,18.216833,-55.972805
xtal_39.cif,./Al13Sc3N16/__initial__/32/xtal_39.cif,12.988112,52.032337
xtal_4.cif,./Al13Sc3N16/__initial__/32/xtal_4.cif,-78.67779,-54.481667
xtal_44.cif,./Al13Sc3N16/__initial__/32/xtal_44.cif,-24.450895,55.38657
xtal_46.cif,./Al13Sc3N16/__initial__/32/xtal_46.cif,77.31603,14.000895
xtal_47.cif,./Al13Sc3N16/__initial__/32/xtal_47.cif,73.17917,5.3346553
xtal_48.cif,./Al13Sc3N16/__initial__/32/xtal_48.cif,26.015253,74.51119
xtal_5.cif,./Al13Sc3N16/__initial__/32/xtal_5.cif,-35.827896,-9.365385
xtal_51.cif,./Al13Sc3N16/__initial__/32/xtal_51.cif,65.8498,-20.984863
xtal_52.cif,./Al13Sc3N16/__initial__/32/xtal_52.cif,55.293392,-41.426937
xtal_54.cif,./Al13Sc3N16/__initial__/32/xtal_54.cif,92.34271,-7.569038
xtal_55.cif,./Al13Sc3N16/__initial__/32/xtal_55.cif,37.23388,-86.68738
xtal_56.cif,./Al13Sc3N16/__initial__/32/xtal_56.cif,75.97248,-23.364475
xtal_59.cif,./Al13Sc3N16/__initial__/32/xtal_59.cif,78.00594,-47.44042
xtal_6.cif,./Al13Sc3N16/__initial__/32/xtal_6.cif,81.98009,-43.02223
xtal_60.cif,./Al13Sc3N16/__initial__/32/xtal_60.cif,-92.40429,30.403255
xtal_61.cif,./Al13Sc3N16/__initial__/32/xtal_61.cif,32.791733,-35.887535
xtal_64.cif,./Al13Sc3N16/__initial__/32/xtal_64.cif,31.888363,-59.28345
xtal_65.cif,./Al13Sc3N16/__initial__/32/xtal_65.cif,68.43453,-63.624146
xtal_70.cif,./Al13Sc3N16/__initial__/32/xtal_70.cif,83.80096,44.376816
xtal_71.cif,./Al13Sc3N16/__initial__/32/xtal_71.cif,58.99931,4.794726
xtal_72.cif,./Al13Sc3N16/__initial__/32/xtal_72.cif,38.46334,-53.2829
xtal_76.cif,./Al13Sc3N16/__initial__/32/xtal_76.cif,-8.532427,81.28675
xtal_77.cif,./Al13Sc3N16/__initial__/32/xtal_77.cif,15.581183,0.4022713
xtal_79.cif,./Al13Sc3N16/__initial__/32/xtal_79.cif,37.049965,-84.69212
xtal_83.cif,./Al13Sc3N16/__initial__/32/xtal_83.cif,5.329595,59.18184
xtal_84.cif,./Al13Sc3N16/__initial__/32/xtal_84.cif,81.668205,-15.097953
xtal_89.cif,./Al13Sc3N16/__initial__/32/xtal_89.cif,-0.23983777,-78.71589
xtal_9.cif,./Al13Sc3N16/__initial__/32/xtal_9.cif,-80.758446,-42.36442
xtal_90.cif,./Al13Sc3N16/__initial__/32/xtal_90.cif,67.27185,-45.965054
xtal_92.cif,./Al13Sc3N16/__initial__/32/xtal_92.cif,-103.21818,2.1558783
xtal_95.cif,./Al13Sc3N16/__initial__/32/xtal_95.cif,-98.84343,-28.20428
xtal_1.cif,./Al13Sc3N16/__initial__/34/xtal_1.cif,48.31447,-36.231598
xtal_100.cif,./Al13Sc3N16/__initial__/34/xtal_100.cif,97.08756,-13.164696
xtal_11.cif,./Al13Sc3N16/__initial__/34/xtal_11.cif,-2.294042,4.969099
xtal_13.cif,./Al13Sc3N16/__initial__/34/xtal_13.cif,-76.13206,-22.257849
xtal_14.cif,./Al13Sc3N16/__initial__/34/xtal_14.cif,47.085873,-55.715893
xtal_16.cif,./Al13Sc3N16/__initial__/34/xtal_16.cif,57.574844,-36.139797
xtal_17.cif,./Al13Sc3N16/__initial__/34/xtal_17.cif,50.566395,-16.766745
xtal_2.cif,./Al13Sc3N16/__initial__/34/xtal_2.cif,58.044804,-20.177446
xtal_20.cif,./Al13Sc3N16/__initial__/34/xtal_20.cif,-2.6380439,-21.77337
xtal_22.cif,./Al13Sc3N16/__initial__/34/xtal_22.cif,85.685,29.659584
xtal_24.cif,./Al13Sc3N16/__initial__/34/xtal_24.cif,-59.156124,-61.650604
xtal_25.cif,./Al13Sc3N16/__initial__/34/xtal_25.cif,59.111923,-84.60066
xtal_29.cif,./Al13Sc3N16/__initial__/34/xtal_29.cif,25.597406,-40.458206
xtal_3.cif,./Al13Sc3N16/__initial__/34/xtal_3.cif,-39.815872,-55.572327
xtal_31.cif,./Al13Sc3N16/__initial__/34/xtal_31.cif,70.33558,-43.94319
xtal_33.cif,./Al13Sc3N16/__initial__/34/xtal_33.cif,79.56201,12.791009
xtal_34.cif,./Al13Sc3N16/__initial__/34/xtal_34.cif,12.67045,-73.396286
xtal_36.cif,./Al13Sc3N16/__initial__/34/xtal_36.cif,-65.35568,-13.036075
xtal_39.cif,./Al13Sc3N16/__initial__/34/xtal_39.cif,-67.6495,-2.5932
xtal_4.cif,./Al13Sc3N16/__initial__/34/xtal_4.cif,45.562813,-86.65699
xtal_41.cif,./Al13Sc3N16/__initial__/34/xtal_41.cif,57.193874,-28.442698
xtal_43.cif,./Al13Sc3N16/__initial__/34/xtal_43.cif,73.14239,46.51129
xtal_44.cif,./Al13Sc3N16/__initial__/34/xtal_44.cif,-88.39037,-18.91859
xtal_45.cif,./Al13Sc3N16/__initial__/34/xtal_45.cif,11.643017,-77.567406
xtal_46.cif,./Al13Sc3N16/__initial__/34/xtal_46.cif,21.351105,-34.46191
xtal_49.cif,./Al13Sc3N16/__initial__/34/xtal_49.cif,-6.283281,93.4963
xtal_53.cif,./Al13Sc3N16/__initial__/34/xtal_53.cif,63.028225,2.1536903
xtal_55.cif,./Al13Sc3N16/__initial__/34/xtal_55.cif,18.132761,2.5775955
xtal_56.cif,./Al13Sc3N16/__initial__/34/xtal_56.cif,91.253075,-16.154911
xtal_58.cif,./Al13Sc3N16/__initial__/34/xtal_58.cif,77.53218,41.003963
xtal_59.cif,./Al13Sc3N16/__initial__/34/xtal_59.cif,76.89695,-5.711622
xtal_6.cif,./Al13Sc3N16/__initial__/34/xtal_6.cif,70.85999,13.188054
xtal_60.cif,./Al13Sc3N16/__initial__/34/xtal_60.cif,-70.86663,-62.53318
xtal_62.cif,./Al13Sc3N16/__initial__/34/xtal_62.cif,12.641746,-55.43723
xtal_65.cif,./Al13Sc3N16/__initial__/34/xtal_65.cif,-14.481902,-76.931526
xtal_69.cif,./Al13Sc3N16/__initial__/34/xtal_69.cif,-33.98291,-56.45066
xtal_70.cif,./Al13Sc3N16/__initial__/34/xtal_70.cif,51.46671,-35.18961
xtal_71.cif,./Al13Sc3N16/__initial__/34/xtal_71.cif,9.394084,-61.908463
xtal_72.cif,./Al13Sc3N16/__initial__/34/xtal_72.cif,10.465579,-61.19133
xtal_76.cif,./Al13Sc3N16/__initial__/34/xtal_76.cif,19.215324,-67.94264
xtal_77.cif,./Al13Sc3N16/__initial__/34/xtal_77.cif,-14.125387,-49.648033
xtal_8.cif,./Al13Sc3N16/__initial__/34/xtal_8.cif,50.78302,11.129637
xtal_81.cif,./Al13Sc3N16/__initial__/34/xtal_81.cif,33.709473,-45.683834
xtal_83.cif,./Al13Sc3N16/__initial__/34/xtal_83.cif,35.27964,24.293333
xtal_88.cif,./Al13Sc3N16/__initial__/34/xtal_88.cif,28.42628,-46.959183
xtal_93.cif,./Al13Sc3N16/__initial__/34/xtal_93.cif,-17.590677,13.685301
xtal_95.cif,./Al13Sc3N16/__initial__/34/xtal_95.cif,78.59024,14.492109
xtal_96.cif,./Al13Sc3N16/__initial__/34/xtal_96.cif,76.4738,9.997619
xtal_98.cif,./Al13Sc3N16/__initial__/34/xtal_98.cif,66.06177,-13.097317
xtal_99.cif,./Al13Sc3N16/__initial__/34/xtal_99.cif,-69.082275,-43.10193
xtal_10.cif,./Al13Sc3N16/__initial__/35/xtal_10.cif,-67.69869,-30.070902
xtal_100.cif,./Al13Sc3N16/__initial__/35/xtal_100.cif,73.53222,-22.13187
xtal_18.cif,./Al13Sc3N16/__initial__/35/xtal_18.cif,64.69336,-66.14324
xtal_19.cif,./Al13Sc3N16/__initial__/35/xtal_19.cif,87.492676,-25.39088
xtal_2.cif,./Al13Sc3N16/__initial__/35/xtal_2.cif,-50.97726,-9.533805
xtal_20.cif,./Al13Sc3N16/__initial__/35/xtal_20.cif,-35.899456,48.145897
xtal_22.cif,./Al13Sc3N16/__initial__/35/xtal_22.cif,80.84902,-57.998337
xtal_23.cif,./Al13Sc3N16/__initial__/35/xtal_23.cif,-10.791103,35.539886
xtal_26.cif,./Al13Sc3N16/__initial__/35/xtal_26.cif,-13.052978,71.79364
xtal_27.cif,./Al13Sc3N16/__initial__/35/xtal_27.cif,-71.66397,7.6758065
xtal_32.cif,./Al13Sc3N16/__initial__/35/xtal_32.cif,86.00262,-56.22106
xtal_35.cif,./Al13Sc3N16/__initial__/35/xtal_35.cif,33.572937,-56.7423
xtal_37.cif,./Al13Sc3N16/__initial__/35/xtal_37.cif,44.457592,-47.83602
xtal_38.cif,./Al13Sc3N16/__initial__/35/xtal_38.cif,94.01094,-49.35244
xtal_39.cif,./Al13Sc3N16/__initial__/35/xtal_39.cif,97.6731,-36.415176
xtal_4.cif,./Al13Sc3N16/__initial__/35/xtal_4.cif,78.699234,8.670191
xtal_43.cif,./Al13Sc3N16/__initial__/35/xtal_43.cif,91.48275,-37.45721
xtal_45.cif,./Al13Sc3N16/__initial__/35/xtal_45.cif,42.87104,-81.63472
xtal_46.cif,./Al13Sc3N16/__initial__/35/xtal_46.cif,-28.037249,-14.716643
xtal_47.cif,./Al13Sc3N16/__initial__/35/xtal_47.cif,35.46604,-71.55984
xtal_49.cif,./Al13Sc3N16/__initial__/35/xtal_49.cif,-58.471333,-29.671011
xtal_5.cif,./Al13Sc3N16/__initial__/35/xtal_5.cif,96.05757,-35.268658
xtal_51.cif,./Al13Sc3N16/__initial__/35/xtal_51.cif,20.682566,-92.190125
xtal_53.cif,./Al13Sc3N16/__initial__/35/xtal_53.cif,72.27027,-56.413597
xtal_55.cif,./Al13Sc3N16/__initial__/35/xtal_55.cif,-22.188467,-32.952244
xtal_57.cif,./Al13Sc3N16/__initial__/35/xtal_57.cif,83.12861,-48.739838
xtal_59.cif,./Al13Sc3N16/__initial__/35/xtal_59.cif,-0.28913757,61.956024
xtal_6.cif,./Al13Sc3N16/__initial__/35/xtal_6.cif,11.737563,-77.29159
xtal_60.cif,./Al13Sc3N16/__initial__/35/xtal_60.cif,-52.587296,-65.37505
xtal_61.cif,./Al13Sc3N16/__initial__/35/xtal_61.cif,78.0692,-30.04535
xtal_65.cif,./Al13Sc3N16/__initial__/35/xtal_65.cif,74.79969,-47.839653
xtal_66.cif,./Al13Sc3N16/__initial__/35/xtal_66.cif,-74.06511,-36.119354
xtal_68.cif,./Al13Sc3N16/__initial__/35/xtal_68.cif,41.723064,-94.52261
xtal_69.cif,./Al13Sc3N16/__initial__/35/xtal_69.cif,-42.049324,2.9708252
xtal_7.cif,./Al13Sc3N16/__initial__/35/xtal_7.cif,85.92723,-33.24489
xtal_71.cif,./Al13Sc3N16/__initial__/35/xtal_71.cif,-14.110669,-48.21426
xtal_72.cif,./Al13Sc3N16/__initial__/35/xtal_72.cif,36.32561,-92.53145
xtal_74.cif,./Al13Sc3N16/__initial__/35/xtal_74.cif,40.914356,-84.868904
xtal_77.cif,./Al13Sc3N16/__initial__/35/xtal_77.cif,62.66926,-57.14449
xtal_8.cif,./Al13Sc3N16/__initial__/35/xtal_8.cif,-50.246265,3.9897478
xtal_80.cif,./Al13Sc3N16/__initial__/35/xtal_80.cif,76.37751,-79.796234
xtal_83.cif,./Al13Sc3N16/__initial__/35/xtal_83.cif,69.00677,-35.28189
xtal_84.cif,./Al13Sc3N16/__initial__/35/xtal_84.cif,15.484291,-62.513924
xtal_85.cif,./Al13Sc3N16/__initial__/35/xtal_85.cif,-35.55259,-43.94623
xtal_86.cif,./Al13Sc3N16/__initial__/35/xtal_86.cif,-6.1434364,77.62485
xtal_87.cif,./Al13Sc3N16/__initial__/35/xtal_87.cif,-19.644382,37.121933
xtal_92.cif,./Al13Sc3N16/__initial__/35/xtal_92.cif,54.152325,-84.97588
xtal_95.cif,./Al13Sc3N16/__initial__/35/xtal_95.cif,-89.58448,-32.957844
xtal_96.cif,./Al13Sc3N16/__initial__/35/xtal_96.cif,19.784004,87.719536
xtal_98.cif,./Al13Sc3N16/__initial__/35/xtal_98.cif,69.73812,-15.286078
xtal_1.cif,./Al13Sc3N16/__initial__/38/xtal_1.cif,22.465496,-65.23055
xtal_10.cif,./Al13Sc3N16/__initial__/38/xtal_10.cif,72.23937,10.326079
xtal_100.cif,./Al13Sc3N16/__initial__/38/xtal_100.cif,-15.054594,81.36593
xtal_14.cif,./Al13Sc3N16/__initial__/38/xtal_14.cif,-104.37201,3.346238
xtal_16.cif,./Al13Sc3N16/__initial__/38/xtal_16.cif,-96.508095,-3.9165328
xtal_18.cif,./Al13Sc3N16/__initial__/38/xtal_18.cif,54.924053,-47.039852
xtal_19.cif,./Al13Sc3N16/__initial__/38/xtal_19.cif,63.524475,5.029288
xtal_2.cif,./Al13Sc3N16/__initial__/38/xtal_2.cif,-43.32709,-20.665422
xtal_20.cif,./Al13Sc3N16/__initial__/38/xtal_20.cif,62.59067,12.842484
xtal_21.cif,./Al13Sc3N16/__initial__/38/xtal_21.cif,68.14899,-71.57661
xtal_25.cif,./Al13Sc3N16/__initial__/38/xtal_25.cif,83.76417,-19.667782
xtal_26.cif,./Al13Sc3N16/__initial__/38/xtal_26.cif,-19.394272,50.29604
xtal_27.cif,./Al13Sc3N16/__initial__/38/xtal_27.cif,-41.801712,42.161697
xtal_30.cif,./Al13Sc3N16/__initial__/38/xtal_30.cif,62.27435,-57.913246
xtal_31.cif,./Al13Sc3N16/__initial__/38/xtal_31.cif,8.612872,36.030083
xtal_32.cif,./Al13Sc3N16/__initial__/38/xtal_32.cif,87.14112,-19.566437
xtal_33.cif,./Al13Sc3N16/__initial__/38/xtal_33.cif,65.210976,-49.309734
xtal_34.cif,./Al13Sc3N16/__initial__/38/xtal_34.cif,72.57488,-1.2997327
xtal_36.cif,./Al13Sc3N16/__initial__/38/xtal_36.cif,-64.82377,-52.887024
xtal_38.cif,./Al13Sc3N16/__initial__/38/xtal_38.cif,-40.31448,-37.56747
xtal_39.cif,./Al13Sc3N16/__initial__/38/xtal_39.cif,61.7476,-28.34373
xtal_41.cif,./Al13Sc3N16/__initial__/38/xtal_41.cif,-5.6457977,23.22138
xtal_44.cif,./Al13Sc3N16/__initial__/38/xtal_44.cif,25.176168,73.00782
xtal_45.cif,./Al13Sc3N16/__initial__/38/xtal_45.cif,-64.32387,61.861736
xtal_47.cif,./Al13Sc3N16/__initial__/38/xtal_47.cif,59.978912,-17.932371
xtal_48.cif,./Al13Sc3N16/__initial__/38/xtal_48.cif,13.94419,71.60303
xtal_49.cif,./Al13Sc3N16/__initial__/38/xtal_49.cif,75.641785,-74.30219
xtal_51.cif,./Al13Sc3N16/__initial__/38/xtal_51.cif,50.974247,-47.38722
xtal_52.cif,./Al13Sc3N16/__initial__/38/xtal_52.cif,-2.273482,85.75757
xtal_53.cif,./Al13Sc3N16/__initial__/38/xtal_53.cif,30.335732,-78.257225
xtal_57.cif,./Al13Sc3N16/__initial__/38/xtal_57.cif,-75.279236,-48.565956
xtal_58.cif,./Al13Sc3N16/__initial__/38/xtal_58.cif,92.265785,15.7598095
xtal_61.cif,./Al13Sc3N16/__initial__/38/xtal_61.cif,80.17975,-24.599611
xtal_62.cif,./Al13Sc3N16/__initial__/38/xtal_62.cif,-73.51459,-62.444077
xtal_64.cif,./Al13Sc3N16/__initial__/38/xtal_64.cif,-75.95271,-50.265408
xtal_65.cif,./Al13Sc3N16/__initial__/38/xtal_65.cif,-63.18798,-60.21171
xtal_66.cif,./Al13Sc3N16/__initial__/38/xtal_66.cif,64.44986,20.614052
xtal_68.cif,./Al13Sc3N16/__initial__/38/xtal_68.cif,-34.997154,-48.457428
xtal_7.cif,./Al13Sc3N16/__initial__/38/xtal_7.cif,-4.6357493,71.26832
xtal_71.cif,./Al13Sc3N16/__initial__/38/xtal_71.cif,38.928333,-86.559456
xtal_72.cif,./Al13Sc3N16/__initial__/38/xtal_72.cif,58.954594,-84.98297
xtal_73.cif,./Al13Sc3N16/__initial__/38/xtal_73.cif,-40.414997,-26.28968
xtal_74.cif,./Al13Sc3N16/__initial__/38/xtal_74.cif,57.050755,-88.70305
xtal_79.cif,./Al13Sc3N16/__initial__/38/xtal_79.cif,84.99509,27.449
xtal_81.cif,./Al13Sc3N16/__initial__/38/xtal_81.cif,28.541965,63.359985
xtal_87.cif,./Al13Sc3N16/__initial__/38/xtal_87.cif,72.505356,9.2428
xtal_88.cif,./Al13Sc3N16/__initial__/38/xtal_88.cif,67.59148,-16.668339
xtal_89.cif,./Al13Sc3N16/__initial__/38/xtal_89.cif,-89.46612,-43.4868
xtal_93.cif,./Al13Sc3N16/__initial__/38/xtal_93.cif,-101.16307,-13.77822
xtal_96.cif,./Al13Sc3N16/__initial__/38/xtal_96.cif,-51.04934,-62.1362
xtal_1.cif,./Al13Sc3N16/__initial__/44/xtal_1.cif,7.5417714,-54.321964
xtal_10.cif,./Al13Sc3N16/__initial__/44/xtal_10.cif,3.8737805,-14.067515
xtal_100.cif,./Al13Sc3N16/__initial__/44/xtal_100.cif,70.00972,-82.2246
xtal_12.cif,./Al13Sc3N16/__initial__/44/xtal_12.cif,25.858452,-70.18273
xtal_13.cif,./Al13Sc3N16/__initial__/44/xtal_13.cif,66.29848,-84.28803
xtal_15.cif,./Al13Sc3N16/__initial__/44/xtal_15.cif,63.60138,-79.33368
xtal_16.cif,./Al13Sc3N16/__initial__/44/xtal_16.cif,45.110836,-87.750854
xtal_17.cif,./Al13Sc3N16/__initial__/44/xtal_17.cif,-92.88684,-24.983185
xtal_18.cif,./Al13Sc3N16/__initial__/44/xtal_18.cif,-4.6561513,44.083088
xtal_19.cif,./Al13Sc3N16/__initial__/44/xtal_19.cif,54.774376,-87.996124
xtal_2.cif,./Al13Sc3N16/__initial__/44/xtal_2.cif,68.58571,-63.761757
xtal_23.cif,./Al13Sc3N16/__initial__/44/xtal_23.cif,37.805912,-88.89536
xtal_24.cif,./Al13Sc3N16/__initial__/44/xtal_24.cif,45.822006,-47.029182
xtal_25.cif,./Al13Sc3N16/__initial__/44/xtal_25.cif,51.18921,-75.85632
xtal_27.cif,./Al13Sc3N16/__initial__/44/xtal_27.cif,-29.420118,7.092894
xtal_3.cif,./Al13Sc3N16/__initial__/44/xtal_3.cif,61.069202,7.0694113
xtal_31.cif,./Al13Sc3N16/__initial__/44/xtal_31.cif,-40.555603,59.440918
xtal_32.cif,./Al13Sc3N16/__initial__/44/xtal_32.cif,-74.77433,-19.00771
xtal_33.cif,./Al13Sc3N16/__initial__/44/xtal_33.cif,60.94446,-55.641632
xtal_34.cif,./Al13Sc3N16/__initial__/44/xtal_34.cif,-0.28368953,66.40622
xtal_35.cif,./Al13Sc3N16/__initial__/44/xtal_35.cif,-99.14709,-0.49819988
xtal_37.cif,./Al13Sc3N16/__initial__/44/xtal_37.cif,52.815075,-87.527176
xtal_39.cif,./Al13Sc3N16/__initial__/44/xtal_39.cif,33.01552,-83.25364
xtal_40.cif,./Al13Sc3N16/__initial__/44/xtal_40.cif,98.61189,-18.972054
xtal_44.cif,./Al13Sc3N16/__initial__/44/xtal_44.cif,45.697083,-53.722965
xtal_45.cif,./Al13Sc3N16/__initial__/44/xtal_45.cif,79.81665,50.88105
xtal_46.cif,./Al13Sc3N16/__initial__/44/xtal_46.cif,-0.4140074,10.0633745
xtal_47.cif,./Al13Sc3N16/__initial__/44/xtal_47.cif,53.25481,-73.65621
xtal_48.cif,./Al13Sc3N16/__initial__/44/xtal_48.cif,50.70559,-59.71279
xtal_5.cif,./Al13Sc3N16/__initial__/44/xtal_5.cif,34.80639,-86.91502
xtal_51.cif,./Al13Sc3N16/__initial__/44/xtal_51.cif,-37.909676,88.83511
xtal_57.cif,./Al13Sc3N16/__initial__/44/xtal_57.cif,54.79259,-19.35644
xtal_58.cif,./Al13Sc3N16/__initial__/44/xtal_58.cif,47.13849,-65.94083
xtal_59.cif,./Al13Sc3N16/__initial__/44/xtal_59.cif,9.250984,-73.094536
xtal_6.cif,./Al13Sc3N16/__initial__/44/xtal_6.cif,58.978806,-86.865166
xtal_67.cif,./Al13Sc3N16/__initial__/44/xtal_67.cif,16.972198,14.527673
xtal_70.cif,./Al13Sc3N16/__initial__/44/xtal_70.cif,30.123816,-69.840164
xtal_71.cif,./Al13Sc3N16/44/xtal_71.cif,-94.87685,-53.16094
xtal_76.cif,./Al13Sc3N16/__initial__/44/xtal_76.cif,68.998314,-70.94861
xtal_77.cif,./Al13Sc3N16/__initial__/44/xtal_77.cif,-32.62475,85.22628
xtal_82.cif,./Al13Sc3N16/__initial__/44/xtal_82.cif,40.746906,-85.00047
xtal_83.cif,./Al13Sc3N16/__initial__/44/xtal_83.cif,89.55432,-34.25773
xtal_84.cif,./Al13Sc3N16/__initial__/44/xtal_84.cif,-80.159,-50.864124
xtal_87.cif,./Al13Sc3N16/__initial__/44/xtal_87.cif,62.4093,-52.87394
xtal_88.cif,./Al13Sc3N16/__initial__/44/xtal_88.cif,67.2649,-24.096949
xtal_89.cif,./Al13Sc3N16/__initial__/44/xtal_89.cif,94.5117,-21.599924
xtal_9.cif,./Al13Sc3N16/__initial__/44/xtal_9.cif,62.260536,-81.33527
xtal_90.cif,./Al13Sc3N16/__initial__/44/xtal_90.cif,-72.07926,-59.600212
xtal_93.cif,./Al13Sc3N16/__initial__/44/xtal_93.cif,62.251358,44.056133
xtal_99.cif,./Al13Sc3N16/__initial__/44/xtal_99.cif,91.89597,-4.2558193
xtal_10.cif,./Al13Sc3N16/__initial__/47/xtal_10.cif,-60.955376,-22.41743
xtal_100.cif,./Al13Sc3N16/__initial__/47/xtal_100.cif,-8.396172,91.225006
xtal_11.cif,./Al13Sc3N16/__initial__/47/xtal_11.cif,-5.251484,49.857033
xtal_12.cif,./Al13Sc3N16/__initial__/47/xtal_12.cif,1.9583551,10.499423
xtal_15.cif,./Al13Sc3N16/__initial__/47/xtal_15.cif,-71.95098,32.79259
xtal_17.cif,./Al13Sc3N16/__initial__/47/xtal_17.cif,-28.308388,82.23144
xtal_18.cif,./Al13Sc3N16/__initial__/47/xtal_18.cif,28.558447,20.51089
xtal_24.cif,./Al13Sc3N16/__initial__/47/xtal_24.cif,-71.0014,18.842995
xtal_25.cif,./Al13Sc3N16/__initial__/47/xtal_25.cif,-43.388184,-33.07691
xtal_27.cif,./Al13Sc3N16/__initial__/47/xtal_27.cif,-3.195421,16.843592
xtal_28.cif,./Al13Sc3N16/__initial__/47/xtal_28.cif,-23.930798,76.18137
xtal_29.cif,./Al13Sc3N16/__initial__/47/xtal_29.cif,-71.83358,38.262455
xtal_3.cif,./Al13Sc3N16/__initial__/47/xtal_3.cif,-16.223843,-20.611992
xtal_31.cif,./Al13Sc3N16/__initial__/47/xtal_31.cif,-16.020344,24.069141
xtal_34.cif,./Al13Sc3N16/__initial__/47/xtal_34.cif,-27.607536,-16.101793
xtal_36.cif,./Al13Sc3N16/47/xtal_36.cif,-107.99153,-10.252127
xtal_37.cif,./Al13Sc3N16/__initial__/47/xtal_37.cif,-83.08576,17.710981
xtal_4.cif,./Al13Sc3N16/__initial__/47/xtal_4.cif,-72.95036,-42.782627
xtal_41.cif,./Al13Sc3N16/__initial__/47/xtal_41.cif,12.574902,17.334515
xtal_42.cif,./Al13Sc3N16/__initial__/47/xtal_42.cif,-6.955767,55.674755
xtal_43.cif,./Al13Sc3N16/__initial__/47/xtal_43.cif,-31.833746,-26.521536
xtal_44.cif,./Al13Sc3N16/__initial__/47/xtal_44.cif,-21.324327,80.813446
xtal_46.cif,./Al13Sc3N16/__initial__/47/xtal_46.cif,-9.052112,31.583084
xtal_47.cif,./Al13Sc3N16/__initial__/47/xtal_47.cif,-63.62626,-2.799826
xtal_49.cif,./Al13Sc3N16/__initial__/47/xtal_49.cif,-11.968648,-20.639742
xtal_50.cif,./Al13Sc3N16/__initial__/47/xtal_50.cif,-39.76816,72.917984
xtal_53.cif,./Al13Sc3N16/__initial__/47/xtal_53.cif,-20.209148,77.278595
xtal_57.cif,./Al13Sc3N16/__initial__/47/xtal_57.cif,-44.82414,25.00057
xtal_59.cif,./Al13Sc3N16/__initial__/47/xtal_59.cif,-79.82706,34.203465
xtal_61.cif,./Al13Sc3N16/__initial__/47/xtal_61.cif,-49.05879,47.980816
xtal_62.cif,./Al13Sc3N16/__initial__/47/xtal_62.cif,-50.65386,-23.7474
xtal_64.cif,./Al13Sc3N16/__initial__/47/xtal_64.cif,-16.417469,37.01482
xtal_66.cif,./Al13Sc3N16/__initial__/47/xtal_66.cif,-8.954516,-10.509689
xtal_68.cif,./Al13Sc3N16/__initial__/47/xtal_68.cif,38.138927,69.36854
xtal_69.cif,./Al13Sc3N16/__initial__/47/xtal_69.cif,-84.71945,14.110433
xtal_70.cif,./Al13Sc3N16/__initial__/47/xtal_70.cif,-25.927286,42.855537
xtal_71.cif,./Al13Sc3N16/__initial__/47/xtal_71.cif,-83.51696,-9.822874
xtal_73.cif,./Al13Sc3N16/47/xtal_73.cif,56.127792,12.274887
xtal_76.cif,./Al13Sc3N16/__initial__/47/xtal_76.cif,-73.573784,-45.715794
xtal_77.cif,./Al13Sc3N16/__initial__/47/xtal_77.cif,-56.740902,-30.403463
xtal_79.cif,./Al13Sc3N16/__initial__/47/xtal_79.cif,8.500868,9.08493
xtal_80.cif,./Al13Sc3N16/__initial__/47/xtal_80.cif,-25.26458,-36.751083
xtal_81.cif,./Al13Sc3N16/__initial__/47/xtal_81.cif,41.68378,59.222805
xtal_82.cif,./Al13Sc3N16/__initial__/47/xtal_82.cif,-65.18653,53.752018
xtal_85.cif,./Al13Sc3N16/__initial__/47/xtal_85.cif,-59.340206,-4.3162165
xtal_87.cif,./Al13Sc3N16/__initial__/47/xtal_87.cif,-64.84824,6.065897
xtal_88.cif,./Al13Sc3N16/__initial__/47/xtal_88.cif,-53.06014,5.7419558
xtal_89.cif,./Al13Sc3N16/__initial__/47/xtal_89.cif,9.701966,37.849327
xtal_94.cif,./Al13Sc3N16/__initial__/47/xtal_94.cif,-81.034195,24.274572
xtal_97.cif,./Al13Sc3N16/__initial__/47/xtal_97.cif,-60.8227,19.941422
xtal_1.cif,./Al13Sc3N16/__initial__/48/xtal_1.cif,-72.148315,-34.21838
xtal_10.cif,./Al13Sc3N16/__initial__/48/xtal_10.cif,6.518417,37.88126
xtal_11.cif,./Al13Sc3N16/__initial__/48/xtal_11.cif,2.5469215,32.632095
xtal_14.cif,./Al13Sc3N16/__initial__/48/xtal_14.cif,-48.91198,-10.4913845
xtal_15.cif,./Al13Sc3N16/__initial__/48/xtal_15.cif,-45.289085,-40.561283
xtal_16.cif,./Al13Sc3N16/__initial__/48/xtal_16.cif,-68.173386,12.474439
xtal_2.cif,./Al13Sc3N16/__initial__/48/xtal_2.cif,3.7428997,77.51881
xtal_23.cif,./Al13Sc3N16/__initial__/48/xtal_23.cif,41.84968,86.916214
xtal_24.cif,./Al13Sc3N16/__initial__/48/xtal_24.cif,28.87905,28.368519
xtal_26.cif,./Al13Sc3N16/__initial__/48/xtal_26.cif,10.382057,79.44427
xtal_27.cif,./Al13Sc3N16/__initial__/48/xtal_27.cif,21.048708,83.15898
xtal_29.cif,./Al13Sc3N16/__initial__/48/xtal_29.cif,4.9634933,20.959795
xtal_3.cif,./Al13Sc3N16/__initial__/48/xtal_3.cif,42.586834,71.46939
xtal_30.cif,./Al13Sc3N16/__initial__/48/xtal_30.cif,47.160583,45.556988
xtal_33.cif,./Al13Sc3N16/__initial__/48/xtal_33.cif,-3.7717824,-9.97498
xtal_37.cif,./Al13Sc3N16/__initial__/48/xtal_37.cif,-95.23528,-13.006208
xtal_38.cif,./Al13Sc3N16/__initial__/48/xtal_38.cif,48.047356,38.743202
xtal_39.cif,./Al13Sc3N16/__initial__/48/xtal_39.cif,36.37649,17.811342
xtal_40.cif,./Al13Sc3N16/__initial__/48/xtal_40.cif,7.3349705,30.602268
xtal_41.cif,./Al13Sc3N16/__initial__/48/xtal_41.cif,-46.177364,60.208946
xtal_42.cif,./Al13Sc3N16/__initial__/48/xtal_42.cif,-47.08985,18.744432
xtal_46.cif,./Al13Sc3N16/__initial__/48/xtal_46.cif,-4.3096447,-7.235102
xtal_49.cif,./Al13Sc3N16/__initial__/48/xtal_49.cif,-17.765419,-32.274986
xtal_5.cif,./Al13Sc3N16/__initial__/48/xtal_5.cif,38.501003,59.24629
xtal_50.cif,./Al13Sc3N16/__initial__/48/xtal_50.cif,-98.40607,-10.683556
xtal_51.cif,./Al13Sc3N16/__initial__/48/xtal_51.cif,-3.1636155,-32.552288
xtal_52.cif,./Al13Sc3N16/__initial__/48/xtal_52.cif,-22.067516,-2.1274455
xtal_55.cif,./Al13Sc3N16/__initial__/48/xtal_55.cif,-8.306706,15.820084
xtal_57.cif,./Al13Sc3N16/__initial__/48/xtal_57.cif,13.557375,9.016943
xtal_58.cif,./Al13Sc3N16/__initial__/48/xtal_58.cif,-14.194105,-4.4981437
xtal_6.cif,./Al13Sc3N16/__initial__/48/xtal_6.cif,-36.44692,30.132267
xtal_61.cif,./Al13Sc3N16/__initial__/48/xtal_61.cif,-8.090187,2.094058
xtal_62.cif,./Al13Sc3N16/__initial__/48/xtal_62.cif,49.038933,55.963768
xtal_64.cif,./Al13Sc3N16/__initial__/48/xtal_64.cif,-17.055191,-26.374466
xtal_65.cif,./Al13Sc3N16/__initial__/48/xtal_65.cif,-17.168259,-29.85266
xtal_67.cif,./Al13Sc3N16/__initial__/48/xtal_67.cif,-65.83983,-45.548656
xtal_73.cif,./Al13Sc3N16/__initial__/48/xtal_73.cif,18.574572,5.248754
xtal_74.cif,./Al13Sc3N16/__initial__/48/xtal_74.cif,-62.346115,-15.191805
xtal_75.cif,./Al13Sc3N16/__initial__/48/xtal_75.cif,15.425723,50.293015
xtal_77.cif,./Al13Sc3N16/__initial__/48/xtal_77.cif,-49.92239,-23.364374
xtal_8.cif,./Al13Sc3N16/__initial__/48/xtal_8.cif,-39.354557,31.993174
xtal_82.cif,./Al13Sc3N16/__initial__/48/xtal_82.cif,15.428006,8.57192
xtal_84.cif,./Al13Sc3N16/__initial__/48/xtal_84.cif,17.015692,-6.2293544
xtal_86.cif,./Al13Sc3N16/__initial__/48/xtal_86.cif,-56.073643,-32.783176
xtal_88.cif,./Al13Sc3N16/__initial__/48/xtal_88.cif,-66.02872,42.88602
xtal_92.cif,./Al13Sc3N16/__initial__/48/xtal_92.cif,19.608412,-3.7405093
xtal_95.cif,./Al13Sc3N16/__initial__/48/xtal_95.cif,-14.880486,9.914504
xtal_96.cif,./Al13Sc3N16/__initial__/48/xtal_96.cif,-103.1981,-0.6631386
xtal_97.cif,./Al13Sc3N16/__initial__/48/xtal_97.cif,-7.8115773,19.943903
xtal_98.cif,./Al13Sc3N16/__initial__/48/xtal_98.cif,44.079735,20.962591
xtal_1.cif,./Al13Sc3N16/__initial__/49/xtal_1.cif,-55.99463,56.46999
xtal_10.cif,./Al13Sc3N16/__initial__/49/xtal_10.cif,-71.9762,11.024744
xtal_100.cif,./Al13Sc3N16/__initial__/49/xtal_100.cif,-46.743176,-34.724987
xtal_12.cif,./Al13Sc3N16/__initial__/49/xtal_12.cif,-16.881296,-1.2633097
xtal_13.cif,./Al13Sc3N16/__initial__/49/xtal_13.cif,-23.820309,-22.220146
xtal_14.cif,./Al13Sc3N16/__initial__/49/xtal_14.cif,57.602917,69.06274
xtal_15.cif,./Al13Sc3N16/__initial__/49/xtal_15.cif,40.92241,86.94746
xtal_16.cif,./Al13Sc3N16/__initial__/49/xtal_16.cif,-60.639545,62.83798
xtal_17.cif,./Al13Sc3N16/__initial__/49/xtal_17.cif,42.099926,66.52785
xtal_18.cif,./Al13Sc3N16/__initial__/49/xtal_18.cif,3.910905,7.471444
xtal_2.cif,./Al13Sc3N16/__initial__/49/xtal_2.cif,-9.457495,-31.614605
xtal_21.cif,./Al13Sc3N16/__initial__/49/xtal_21.cif,-48.262386,69.55574
xtal_22.cif,./Al13Sc3N16/__initial__/49/xtal_22.cif,8.051856,64.514145
xtal_25.cif,./Al13Sc3N16/__initial__/49/xtal_25.cif,-64.17365,61.886852
xtal_26.cif,./Al13Sc3N16/__initial__/49/xtal_26.cif,29.494495,57.958027
xtal_27.cif,./Al13Sc3N16/__initial__/49/xtal_27.cif,-27.185661,-0.58883476
xtal_32.cif,./Al13Sc3N16/__initial__/49/xtal_32.cif,-15.367741,71.23578
xtal_33.cif,./Al13Sc3N16/__initial__/49/xtal_33.cif,-64.131065,-42.41533
xtal_34.cif,./Al13Sc3N16/__initial__/49/xtal_34.cif,-54.372948,-24.616537
xtal_35.cif,./Al13Sc3N16/__initial__/49/xtal_35.cif,14.057794,34.011093
xtal_37.cif,./Al13Sc3N16/__initial__/49/xtal_37.cif,8.208061,51.008305
xtal_39.cif,./Al13Sc3N16/__initial__/49/xtal_39.cif,-41.213257,-7.915932
xtal_4.cif,./Al13Sc3N16/__initial__/49/xtal_4.cif,-55.68059,75.374825
xtal_44.cif,./Al13Sc3N16/__initial__/49/xtal_44.cif,-28.130249,-6.203325
xtal_45.cif,./Al13Sc3N16/__initial__/49/xtal_45.cif,-15.191762,-25.755087
xtal_5.cif,./Al13Sc3N16/__initial__/49/xtal_5.cif,-6.080601,-6.4936056
xtal_50.cif,./Al13Sc3N16/__initial__/49/xtal_50.cif,-58.889275,86.41255
xtal_54.cif,./Al13Sc3N16/__initial__/49/xtal_54.cif,-26.354212,36.060753
xtal_57.cif,./Al13Sc3N16/__initial__/49/xtal_57.cif,-51.34299,26.621939
xtal_59.cif,./Al13Sc3N16/__initial__/49/xtal_59.cif,-69.46339,-11.596128
xtal_61.cif,./Al13Sc3N16/__initial__/49/xtal_61.cif,-74.01613,-39.958782
xtal_62.cif,./Al13Sc3N16/__initial__/49/xtal_62.cif,-68.248375,-24.790733
xtal_67.cif,./Al13Sc3N16/__initial__/49/xtal_67.cif,-52.153416,66.2497
xtal_68.cif,./Al13Sc3N16/__initial__/49/xtal_68.cif,-25.11696,7.440185
xtal_72.cif,./Al13Sc3N16/__initial__/49/xtal_72.cif,-58.977398,71.74973
xtal_74.cif,./Al13Sc3N16/__initial__/49/xtal_74.cif,-7.0069685,-29.985998
xtal_75.cif,./Al13Sc3N16/__initial__/49/xtal_75.cif,23.838947,44.551064
xtal_77.cif,./Al13Sc3N16/__initial__/49/xtal_77.cif,-11.49732,66.62072
xtal_79.cif,./Al13Sc3N16/__initial__/49/xtal_79.cif,-29.21282,-7.4431887
xtal_8.cif,./Al13Sc3N16/__initial__/49/xtal_8.cif,-87.511696,37.31913
xtal_81.cif,./Al13Sc3N16/__initial__/49/xtal_81.cif,-2.9183657,-1.1837302
xtal_84.cif,./Al13Sc3N16/__initial__/49/xtal_84.cif,-44.660538,84.51009
xtal_86.cif,./Al13Sc3N16/__initial__/49/xtal_86.cif,-4.31512,77.78205
xtal_87.cif,./Al13Sc3N16/__initial__/49/xtal_87.cif,-6.788523,52.61099
xtal_89.cif,./Al13Sc3N16/__initial__/49/xtal_89.cif,-54.993977,65.803474
xtal_91.cif,./Al13Sc3N16/__initial__/49/xtal_91.cif,-10.882859,50.73398
xtal_93.cif,./Al13Sc3N16/__initial__/49/xtal_93.cif,-19.13975,88.96762
xtal_94.cif,./Al13Sc3N16/__initial__/49/xtal_94.cif,3.8238506,89.84903
xtal_95.cif,./Al13Sc3N16/__initial__/49/xtal_95.cif,-71.23402,-25.840942
xtal_96.cif,./Al13Sc3N16/__initial__/49/xtal_96.cif,-81.24214,-19.230844
xtal_11.cif,./Al13Sc3N16/__initial__/50/xtal_11.cif,-3.731783,58.028286
xtal_12.cif,./Al13Sc3N16/__initial__/50/xtal_12.cif,-90.68921,-24.513332
xtal_15.cif,./Al13Sc3N16/__initial__/50/xtal_15.cif,53.8599,77.603134
xtal_16.cif,./Al13Sc3N16/__initial__/50/xtal_16.cif,-58.69435,48.85462
xtal_17.cif,./Al13Sc3N16/__initial__/50/xtal_17.cif,-54.49759,52.484505
xtal_18.cif,./Al13Sc3N16/__initial__/50/xtal_18.cif,-83.118614,48.70972
xtal_19.cif,./Al13Sc3N16/__initial__/50/xtal_19.cif,-6.433136,36.26134
xtal_20.cif,./Al13Sc3N16/__initial__/50/xtal_20.cif,-5.713423,52.98054
xtal_21.cif,./Al13Sc3N16/__initial__/50/xtal_21.cif,28.223623,23.619947
xtal_22.cif,./Al13Sc3N16/__initial__/50/xtal_22.cif,-25.7841,-9.230704
xtal_25.cif,./Al13Sc3N16/__initial__/50/xtal_25.cif,17.116035,91.58178
xtal_26.cif,./Al13Sc3N16/__initial__/50/xtal_26.cif,32.18573,18.004866
xtal_28.cif,./Al13Sc3N16/__initial__/50/xtal_28.cif,18.873575,38.433094
xtal_3.cif,./Al13Sc3N16/__initial__/50/xtal_3.cif,-35.834347,86.52793
xtal_30.cif,./Al13Sc3N16/__initial__/50/xtal_30.cif,-31.79838,-38.95588
xtal_33.cif,./Al13Sc3N16/__initial__/50/xtal_33.cif,46.547554,41.225624
xtal_37.cif,./Al13Sc3N16/__initial__/50/xtal_37.cif,-30.655539,-43.119442
xtal_40.cif,./Al13Sc3N16/__initial__/50/xtal_40.cif,24.840357,-12.186873
xtal_41.cif,./Al13Sc3N16/__initial__/50/xtal_41.cif,-61.50179,87.35766
xtal_46.cif,./Al13Sc3N16/__initial__/50/xtal_46.cif,-92.06402,4.381243
xtal_48.cif,./Al13Sc3N16/__initial__/50/xtal_48.cif,60.597244,65.39088
xtal_51.cif,./Al13Sc3N16/__initial__/50/xtal_51.cif,-13.581257,7.0822353
xtal_53.cif,./Al13Sc3N16/__initial__/50/xtal_53.cif,-39.350002,34.297134
xtal_54.cif,./Al13Sc3N16/__initial__/50/xtal_54.cif,-76.560875,21.11648
xtal_55.cif,./Al13Sc3N16/__initial__/50/xtal_55.cif,-21.062387,-5.8079925
xtal_58.cif,./Al13Sc3N16/__initial__/50/xtal_58.cif,1.3228608,57.418205
xtal_59.cif,./Al13Sc3N16/__initial__/50/xtal_59.cif,4.754149,0.7029957
xtal_6.cif,./Al13Sc3N16/__initial__/50/xtal_6.cif,25.877077,40.857807
xtal_62.cif,./Al13Sc3N16/__initial__/50/xtal_62.cif,-3.441469,74.061516
xtal_64.cif,./Al13Sc3N16/__initial__/50/xtal_64.cif,-78.64288,-63.37175
xtal_66.cif,./Al13Sc3N16/__initial__/50/xtal_66.cif,-38.408516,-2.0107048
xtal_68.cif,./Al13Sc3N16/__initial__/50/xtal_68.cif,-14.624194,76.241585
xtal_7.cif,./Al13Sc3N16/__initial__/50/xtal_7.cif,15.608844,56.809673
xtal_70.cif,./Al13Sc3N16/__initial__/50/xtal_70.cif,-65.54643,17.972061
xtal_71.cif,./Al13Sc3N16/__initial__/50/xtal_71.cif,46.80847,47.178486
xtal_76.cif,./Al13Sc3N16/__initial__/50/xtal_76.cif,-49.301662,-44.73165
xtal_8.cif,./Al13Sc3N16/__initial__/50/xtal_8.cif,-68.619576,-20.424397
xtal_83.cif,./Al13Sc3N16/__initial__/50/xtal_83.cif,47.76749,65.149086
xtal_84.cif,./Al13Sc3N16/__initial__/50/xtal_84.cif,-49.401863,-11.003393
xtal_85.cif,./Al13Sc3N16/__initial__/50/xtal_85.cif,-0.29094973,81.29961
xtal_86.cif,./Al13Sc3N16/__initial__/50/xtal_86.cif,-25.910213,-47.075726
xtal_87.cif,./Al13Sc3N16/__initial__/50/xtal_87.cif,-3.2520332,55.30104
xtal_88.cif,./Al13Sc3N16/__initial__/50/xtal_88.cif,-94.48121,1.646229
xtal_89.cif,./Al13Sc3N16/__initial__/50/xtal_89.cif,-59.55327,65.67298
xtal_90.cif,./Al13Sc3N16/__initial__/50/xtal_90.cif,-60.778862,67.3721
xtal_91.cif,./Al13Sc3N16/__initial__/50/xtal_91.cif,61.788597,61.74199
xtal_92.cif,./Al13Sc3N16/__initial__/50/xtal_92.cif,6.1376333,61.354168
xtal_94.cif,./Al13Sc3N16/__initial__/50/xtal_94.cif,-76.34074,-32.08233
xtal_96.cif,./Al13Sc3N16/__initial__/50/xtal_96.cif,-17.2848,-11.446187
xtal_98.cif,./Al13Sc3N16/__initial__/50/xtal_98.cif,-9.913691,80.51156
xtal_10.cif,./Al13Sc3N16/__initial__/51/xtal_10.cif,-72.272224,85.75418
xtal_100.cif,./Al13Sc3N16/__initial__/51/xtal_100.cif,49.35968,41.120827
xtal_13.cif,./Al13Sc3N16/__initial__/51/xtal_13.cif,-38.70785,44.447205
xtal_14.cif,./Al13Sc3N16/__initial__/51/xtal_14.cif,39.265823,86.11382
xtal_15.cif,./Al13Sc3N16/__initial__/51/xtal_15.cif,-78.207245,-20.851942
xtal_18.cif,./Al13Sc3N16/__initial__/51/xtal_18.cif,-38.44697,-13.510503
xtal_19.cif,./Al13Sc3N16/__initial__/51/xtal_19.cif,-3.3918025,76.46176
xtal_24.cif,./Al13Sc3N16/__initial__/51/xtal_24.cif,1.4153279,20.620632
xtal_25.cif,./Al13Sc3N16/__initial__/51/xtal_25.cif,-26.626068,-14.056112
xtal_27.cif,./Al13Sc3N16/__initial__/51/xtal_27.cif,-6.8565025,24.532
xtal_29.cif,./Al13Sc3N16/__initial__/51/xtal_29.cif,-30.739744,-64.89006
xtal_3.cif,./Al13Sc3N16/__initial__/51/xtal_3.cif,-77.47004,2.5990064
xtal_31.cif,./Al13Sc3N16/__initial__/51/xtal_31.cif,47.43124,60.451298
xtal_34.cif,./Al13Sc3N16/__initial__/51/xtal_34.cif,-81.50165,17.077854
xtal_35.cif,./Al13Sc3N16/__initial__/51/xtal_35.cif,-33.32494,-7.052147
xtal_36.cif,./Al13Sc3N16/__initial__/51/xtal_36.cif,-53.063026,-10.223338
xtal_4.cif,./Al13Sc3N16/__initial__/51/xtal_4.cif,37.361153,77.88616
xtal_42.cif,./Al13Sc3N16/__initial__/51/xtal_42.cif,2.963796,46.88452
xtal_44.cif,./Al13Sc3N16/__initial__/51/xtal_44.cif,12.064163,70.411
xtal_45.cif,./Al13Sc3N16/__initial__/51/xtal_45.cif,-47.533894,55.903778
xtal_46.cif,./Al13Sc3N16/__initial__/51/xtal_46.cif,-47.120705,15.071063
xtal_47.cif,./Al13Sc3N16/__initial__/51/xtal_47.cif,-16.187622,38.672634
xtal_50.cif,./Al13Sc3N16/__initial__/51/xtal_50.cif,-24.736837,78.895
xtal_55.cif,./Al13Sc3N16/__initial__/51/xtal_55.cif,21.206942,93.33506
xtal_56.cif,./Al13Sc3N16/__initial__/51/xtal_56.cif,10.224821,53.620365
xtal_57.cif,./Al13Sc3N16/__initial__/51/xtal_57.cif,47.001846,63.200577
xtal_58.cif,./Al13Sc3N16/__initial__/51/xtal_58.cif,-67.50304,52.3995
xtal_6.cif,./Al13Sc3N16/__initial__/51/xtal_6.cif,-54.47354,-35.92908
xtal_61.cif,./Al13Sc3N16/__initial__/51/xtal_61.cif,-49.14878,13.16813
xtal_62.cif,./Al13Sc3N16/__initial__/51/xtal_62.cif,-38.933933,71.836266
xtal_64.cif,./Al13Sc3N16/__initial__/51/xtal_64.cif,13.797542,7.926337
xtal_65.cif,./Al13Sc3N16/__initial__/51/xtal_65.cif,-4.1021967,66.95653
xtal_67.cif,./Al13Sc3N16/__initial__/51/xtal_67.cif,-41.609997,-22.160902
xtal_69.cif,./Al13Sc3N16/__initial__/51/xtal_69.cif,58.70211,57.0113
xtal_7.cif,./Al13Sc3N16/__initial__/51/xtal_7.cif,30.452478,46.900787
xtal_71.cif,./Al13Sc3N16/__initial__/51/xtal_71.cif,20.798395,24.41592
xtal_75.cif,./Al13Sc3N16/__initial__/51/xtal_75.cif,-38.657043,80.467514
xtal_8.cif,./Al13Sc3N16/__initial__/51/xtal_8.cif,-10.052138,88.24391
xtal_80.cif,./Al13Sc3N16/__initial__/51/xtal_80.cif,-38.750507,-8.147586
xtal_81.cif,./Al13Sc3N16/__initial__/51/xtal_81.cif,-31.63554,-19.937296
xtal_82.cif,./Al13Sc3N16/__initial__/51/xtal_82.cif,-51.456703,41.093666
xtal_83.cif,./Al13Sc3N16/__initial__/51/xtal_83.cif,49.72241,54.863342
xtal_84.cif,./Al13Sc3N16/__initial__/51/xtal_84.cif,-38.519135,-0.14616212
xtal_88.cif,./Al13Sc3N16/__initial__/51/xtal_88.cif,-71.50952,46.741436
xtal_89.cif,./Al13Sc3N16/__initial__/51/xtal_89.cif,-9.058268,77.59146
xtal_92.cif,./Al13Sc3N16/__initial__/51/xtal_92.cif,-37.11376,29.96012
xtal_93.cif,./Al13Sc3N16/__initial__/51/xtal_93.cif,4.7844143,85.34929
xtal_94.cif,./Al13Sc3N16/__initial__/51/xtal_94.cif,-50.18457,59.32968
xtal_98.cif,./Al13Sc3N16/__initial__/51/xtal_98.cif,-7.9862576,26.613333
xtal_99.cif,./Al13Sc3N16/__initial__/51/xtal_99.cif,-9.416462,54.34351
xtal_1.cif,./Al13Sc3N16/__initial__/53/xtal_1.cif,-9.805173,47.60495
xtal_10.cif,./Al13Sc3N16/__initial__/53/xtal_10.cif,-28.32522,88.07513
xtal_100.cif,./Al13Sc3N16/__initial__/53/xtal_100.cif,-33.739803,-49.683586
xtal_13.cif,./Al13Sc3N16/__initial__/53/xtal_13.cif,-19.841314,-5.5801105
xtal_16.cif,./Al13Sc3N16/__initial__/53/xtal_16.cif,-28.068129,-11.879221
xtal_17.cif,./Al13Sc3N16/__initial__/53/xtal_17.cif,-6.425039,15.990059
xtal_18.cif,./Al13Sc3N16/__initial__/53/xtal_18.cif,-16.883163,-3.839692
xtal_19.cif,./Al13Sc3N16/__initial__/53/xtal_19.cif,-51.52891,-44.699974
xtal_20.cif,./Al13Sc3N16/__initial__/53/xtal_20.cif,-91.10761,-8.767904
xtal_21.cif,./Al13Sc3N16/__initial__/53/xtal_21.cif,31.444395,64.05849
xtal_23.cif,./Al13Sc3N16/__initial__/53/xtal_23.cif,-26.001747,77.430786
xtal_24.cif,./Al13Sc3N16/__initial__/53/xtal_24.cif,-27.97286,-22.976963
xtal_25.cif,./Al13Sc3N16/__initial__/53/xtal_25.cif,42.21168,69.69054
xtal_27.cif,./Al13Sc3N16/__initial__/53/xtal_27.cif,-50.935993,17.472006
xtal_3.cif,./Al13Sc3N16/__initial__/53/xtal_3.cif,-9.48895,19.697979
xtal_30.cif,./Al13Sc3N16/__initial__/53/xtal_30.cif,6.396738,-1.7903163
xtal_31.cif,./Al13Sc3N16/__initial__/53/xtal_31.cif,36.5612,27.7908
xtal_33.cif,./Al13Sc3N16/__initial__/53/xtal_33.cif,29.032425,33.766376
xtal_34.cif,./Al13Sc3N16/__initial__/53/xtal_34.cif,-81.24792,18.98989
xtal_36.cif,./Al13Sc3N16/__initial__/53/xtal_36.cif,14.728577,47.974163
xtal_37.cif,./Al13Sc3N16/__initial__/53/xtal_37.cif,-95.27868,-15.123014
xtal_39.cif,./Al13Sc3N16/__initial__/53/xtal_39.cif,-84.317604,-19.384783
xtal_40.cif,./Al13Sc3N16/__initial__/53/xtal_40.cif,-50.046,35.737415
xtal_42.cif,./Al13Sc3N16/__initial__/53/xtal_42.cif,37.93587,26.46334
xtal_43.cif,./Al13Sc3N16/__initial__/53/xtal_43.cif,-66.16548,35.186825
xtal_44.cif,./Al13Sc3N16/__initial__/53/xtal_44.cif,0.23022738,70.69903
xtal_46.cif,./Al13Sc3N16/__initial__/53/xtal_46.cif,28.350319,62.785484
xtal_52.cif,./Al13Sc3N16/__initial__/53/xtal_52.cif,-25.962702,-44.272087
xtal_53.cif,./Al13Sc3N16/__initial__/53/xtal_53.cif,-15.318636,-22.70981
xtal_54.cif,./Al13Sc3N16/__initial__/53/xtal_54.cif,15.773069,41.62715
xtal_55.cif,./Al13Sc3N16/__initial__/53/xtal_55.cif,-54.93279,-48.68179
xtal_56.cif,./Al13Sc3N16/__initial__/53/xtal_56.cif,27.396074,27.721668
xtal_58.cif,./Al13Sc3N16/__initial__/53/xtal_58.cif,-57.803104,14.284422
xtal_60.cif,./Al13Sc3N16/__initial__/53/xtal_60.cif,-23.904247,-16.169811
xtal_62.cif,./Al13Sc3N16/__initial__/53/xtal_62.cif,28.480244,72.41695
xtal_64.cif,./Al13Sc3N16/__initial__/53/xtal_64.cif,-29.98263,85.771736
xtal_65.cif,./Al13Sc3N16/__initial__/53/xtal_65.cif,-65.35483,24.81757
xtal_68.cif,./Al13Sc3N16/__initial__/53/xtal_68.cif,14.127725,24.585218
xtal_70.cif,./Al13Sc3N16/__initial__/53/xtal_70.cif,-61.50668,41.558918
xtal_71.cif,./Al13Sc3N16/__initial__/53/xtal_71.cif,19.168459,24.017994
xtal_74.cif,./Al13Sc3N16/__initial__/53/xtal_74.cif,-72.84299,-28.78978
xtal_77.cif,./Al13Sc3N16/__initial__/53/xtal_77.cif,12.218119,39.388973
xtal_79.cif,./Al13Sc3N16/__initial__/53/xtal_79.cif,-57.546875,42.21229
xtal_80.cif,./Al13Sc3N16/__initial__/53/xtal_80.cif,-3.113082,80.55211
xtal_91.cif,./Al13Sc3N16/__initial__/53/xtal_91.cif,-29.505123,74.49468
xtal_92.cif,./Al13Sc3N16/__initial__/53/xtal_92.cif,-54.785397,-12.793747
xtal_94.cif,./Al13Sc3N16/__initial__/53/xtal_94.cif,-59.050617,55.30793
xtal_95.cif,./Al13Sc3N16/__initial__/53/xtal_95.cif,0.24473801,7.9636855
xtal_96.cif,./Al13Sc3N16/__initial__/53/xtal_96.cif,68.54219,61.443077
xtal_98.cif,./Al13Sc3N16/__initial__/53/xtal_98.cif,1.4426279,66.835594
xtal_1.cif,./Al13Sc3N16/__initial__/55/xtal_1.cif,-55.01388,-9.471977
xtal_100.cif,./Al13Sc3N16/__initial__/55/xtal_100.cif,-21.451014,82.43983
xtal_11.cif,./Al13Sc3N16/__initial__/55/xtal_11.cif,-99.956276,-9.260391
xtal_12.cif,./Al13Sc3N16/__initial__/55/xtal_12.cif,4.6209817,2.4977446
xtal_13.cif,./Al13Sc3N16/__initial__/55/xtal_13.cif,-81.57675,47.751736
xtal_14.cif,./Al13Sc3N16/__initial__/55/xtal_14.cif,-70.504814,-39.139927
xtal_17.cif,./Al13Sc3N16/__initial__/55/xtal_17.cif,-33.407837,-30.515196
xtal_19.cif,./Al13Sc3N16/__initial__/55/xtal_19.cif,0.53841704,18.277205
xtal_2.cif,./Al13Sc3N16/__initial__/55/xtal_2.cif,-101.81228,-0.9806574
xtal_21.cif,./Al13Sc3N16/__initial__/55/xtal_21.cif,-74.19746,53.183754
xtal_22.cif,./Al13Sc3N16/__initial__/55/xtal_22.cif,-66.5977,46.97438
xtal_23.cif,./Al13Sc3N16/__initial__/55/xtal_23.cif,-61.962105,67.20196
xtal_25.cif,./Al13Sc3N16/__initial__/55/xtal_25.cif,8.794984,3.635735
xtal_28.cif,./Al13Sc3N16/__initial__/55/xtal_28.cif,-18.103514,73.058044
xtal_30.cif,./Al13Sc3N16/__initial__/55/xtal_30.cif,-31.645864,83.126785
xtal_32.cif,./Al13Sc3N16/__initial__/55/xtal_32.cif,17.506052,73.8311
xtal_34.cif,./Al13Sc3N16/__initial__/55/xtal_34.cif,-21.049067,-27.43995
xtal_35.cif,./Al13Sc3N16/__initial__/55/xtal_35.cif,-81.007774,47.839005
xtal_36.cif,./Al13Sc3N16/__initial__/55/xtal_36.cif,20.267546,53.782974
xtal_37.cif,./Al13Sc3N16/__initial__/55/xtal_37.cif,-46.05125,77.632744
xtal_4.cif,./Al13Sc3N16/__initial__/55/xtal_4.cif,15.685819,-13.610543
xtal_40.cif,./Al13Sc3N16/__initial__/55/xtal_40.cif,30.46647,51.16056
xtal_43.cif,./Al13Sc3N16/__initial__/55/xtal_43.cif,-25.67293,45.635048
xtal_44.cif,./Al13Sc3N16/__initial__/55/xtal_44.cif,-67.75458,10.447161
xtal_46.cif,./Al13Sc3N16/__initial__/55/xtal_46.cif,-42.291203,40.52774
xtal_47.cif,./Al13Sc3N16/__initial__/55/xtal_47.cif,-44.951706,83.1738
xtal_48.cif,./Al13Sc3N16/__initial__/55/xtal_48.cif,6.540635,6.567598
xtal_51.cif,./Al13Sc3N16/__initial__/55/xtal_51.cif,-68.60373,-38.001736
xtal_54.cif,./Al13Sc3N16/__initial__/55/xtal_54.cif,-46.860203,51.189663
xtal_55.cif,./Al13Sc3N16/__initial__/55/xtal_55.cif,-6.359006,62.638233
xtal_56.cif,./Al13Sc3N16/__initial__/55/xtal_56.cif,8.619616,63.232605
xtal_57.cif,./Al13Sc3N16/__initial__/55/xtal_57.cif,43.34869,63.884377
xtal_59.cif,./Al13Sc3N16/__initial__/55/xtal_59.cif,-48.279766,-30.094625
xtal_6.cif,./Al13Sc3N16/__initial__/55/xtal_6.cif,-11.704453,89.39245
xtal_60.cif,./Al13Sc3N16/__initial__/55/xtal_60.cif,61.18894,64.0243
xtal_66.cif,./Al13Sc3N16/__initial__/55/xtal_66.cif,-22.21286,41.250656
xtal_68.cif,./Al13Sc3N16/__initial__/55/xtal_68.cif,25.81366,86.409035
xtal_71.cif,./Al13Sc3N16/__initial__/55/xtal_71.cif,35.248528,54.74269
xtal_73.cif,./Al13Sc3N16/__initial__/55/xtal_73.cif,-74.372025,-11.336331
xtal_75.cif,./Al13Sc3N16/__initial__/55/xtal_75.cif,37.749973,65.99309
xtal_8.cif,./Al13Sc3N16/__initial__/55/xtal_8.cif,-8.1160555,-11.831285
xtal_81.cif,./Al13Sc3N16/__initial__/55/xtal_81.cif,-71.504105,26.464924
xtal_84.cif,./Al13Sc3N16/__initial__/55/xtal_84.cif,-22.348932,80.12227
xtal_87.cif,./Al13Sc3N16/__initial__/55/xtal_87.cif,0.54898816,-6.98965
xtal_89.cif,./Al13Sc3N16/__initial__/55/xtal_89.cif,35.206726,29.039661
xtal_9.cif,./Al13Sc3N16/__initial__/55/xtal_9.cif,-8.328864,-35.30473
xtal_92.cif,./Al13Sc3N16/__initial__/55/xtal_92.cif,63.391525,66.38364
xtal_93.cif,./Al13Sc3N16/__initial__/55/xtal_93.cif,-76.74709,10.448684
xtal_95.cif,./Al13Sc3N16/__initial__/55/xtal_95.cif,33.778774,61.990368
xtal_97.cif,./Al13Sc3N16/__initial__/55/xtal_97.cif,-51.08819,-14.64392
xtal_10.cif,./Al13Sc3N16/__initial__/58/xtal_10.cif,-39.145576,19.68502
xtal_12.cif,./Al13Sc3N16/__initial__/58/xtal_12.cif,27.586857,43.68479
xtal_15.cif,./Al13Sc3N16/__initial__/58/xtal_15.cif,-97.58684,-16.063696
xtal_16.cif,./Al13Sc3N16/__initial__/58/xtal_16.cif,2.5805886,28.788141
xtal_18.cif,./Al13Sc3N16/__initial__/58/xtal_18.cif,-15.23031,27.377916
xtal_19.cif,./Al13Sc3N16/__initial__/58/xtal_19.cif,12.921022,1.1617074
xtal_2.cif,./Al13Sc3N16/__initial__/58/xtal_2.cif,-69.10623,50.682434
xtal_20.cif,./Al13Sc3N16/__initial__/58/xtal_20.cif,38.162197,18.77837
xtal_21.cif,./Al13Sc3N16/__initial__/58/xtal_21.cif,-9.695967,-30.125555
xtal_22.cif,./Al13Sc3N16/__initial__/58/xtal_22.cif,-46.54036,78.564
xtal_23.cif,./Al13Sc3N16/__initial__/58/xtal_23.cif,-4.4232364,69.077225
xtal_25.cif,./Al13Sc3N16/__initial__/58/xtal_25.cif,-101.634735,-19.995358
xtal_26.cif,./Al13Sc3N16/__initial__/58/xtal_26.cif,-28.19742,88.87005
xtal_27.cif,./Al13Sc3N16/__initial__/58/xtal_27.cif,-37.566174,-11.619738
xtal_3.cif,./Al13Sc3N16/__initial__/58/xtal_3.cif,-43.70636,-48.96828
xtal_30.cif,./Al13Sc3N16/__initial__/58/xtal_30.cif,-94.49138,-22.427769
xtal_33.cif,./Al13Sc3N16/__initial__/58/xtal_33.cif,-38.726284,77.57947
xtal_34.cif,./Al13Sc3N16/__initial__/58/xtal_34.cif,2.7375166,29.827166
xtal_36.cif,./Al13Sc3N16/__initial__/58/xtal_36.cif,49.858326,66.44
xtal_37.cif,./Al13Sc3N16/__initial__/58/xtal_37.cif,-12.138057,46.61389
xtal_38.cif,./Al13Sc3N16/__initial__/58/xtal_38.cif,-41.810593,-11.690362
xtal_43.cif,./Al13Sc3N16/__initial__/58/xtal_43.cif,-91.44803,-17.520329
xtal_45.cif,./Al13Sc3N16/__initial__/58/xtal_45.cif,-1.7197663,45.352863
xtal_46.cif,./Al13Sc3N16/__initial__/58/xtal_46.cif,34.99165,41.50764
xtal_50.cif,./Al13Sc3N16/__initial__/58/xtal_50.cif,54.535126,65.87391
xtal_51.cif,./Al13Sc3N16/__initial__/58/xtal_51.cif,-73.53323,69.02052
xtal_54.cif,./Al13Sc3N16/__initial__/58/xtal_54.cif,2.635846,28.944477
xtal_55.cif,./Al13Sc3N16/__initial__/58/xtal_55.cif,51.73711,63.1976
xtal_56.cif,./Al13Sc3N16/__initial__/58/xtal_56.cif,-23.077164,9.648731
xtal_6.cif,./Al13Sc3N16/__initial__/58/xtal_6.cif,-1.3692759,-34.836742
xtal_63.cif,./Al13Sc3N16/__initial__/58/xtal_63.cif,-16.90401,-23.1896
xtal_64.cif,./Al13Sc3N16/__initial__/58/xtal_64.cif,-7.5961404,-20.022837
xtal_65.cif,./Al13Sc3N16/__initial__/58/xtal_65.cif,54.554016,70.96744
xtal_66.cif,./Al13Sc3N16/__initial__/58/xtal_66.cif,-31.422691,87.8499
xtal_68.cif,./Al13Sc3N16/__initial__/58/xtal_68.cif,19.10186,4.2318907
xtal_71.cif,./Al13Sc3N16/__initial__/58/xtal_71.cif,-26.79748,-14.932015
xtal_72.cif,./Al13Sc3N16/__initial__/58/xtal_72.cif,-39.81993,-43.433865
xtal_76.cif,./Al13Sc3N16/__initial__/58/xtal_76.cif,-0.9453646,88.635155
xtal_77.cif,./Al13Sc3N16/__initial__/58/xtal_77.cif,13.2466135,24.771854
xtal_78.cif,./Al13Sc3N16/__initial__/58/xtal_78.cif,-81.88189,-38.762707
xtal_79.cif,./Al13Sc3N16/__initial__/58/xtal_79.cif,-4.595359,-7.196836
xtal_80.cif,./Al13Sc3N16/__initial__/58/xtal_80.cif,-13.245243,-60.292747
xtal_83.cif,./Al13Sc3N16/__initial__/58/xtal_83.cif,-52.172787,52.729435
xtal_84.cif,./Al13Sc3N16/__initial__/58/xtal_84.cif,-5.443099,25.947071
xtal_9.cif,./Al13Sc3N16/__initial__/58/xtal_9.cif,-79.38345,-39.412434
xtal_90.cif,./Al13Sc3N16/__initial__/58/xtal_90.cif,-79.088005,-37.30984
xtal_92.cif,./Al13Sc3N16/__initial__/58/xtal_92.cif,6.3887205,37.931442
xtal_93.cif,./Al13Sc3N16/__initial__/58/xtal_93.cif,19.504736,13.615479
xtal_94.cif,./Al13Sc3N16/__initial__/58/xtal_94.cif,-50.450058,14.395125
xtal_98.cif,./Al13Sc3N16/__initial__/58/xtal_98.cif,27.170755,80.43194
xtal_10.cif,./Al13Sc3N16/__initial__/59/xtal_10.cif,-54.619473,-45.562622
xtal_12.cif,./Al13Sc3N16/__initial__/59/xtal_12.cif,-73.50069,29.886347
xtal_13.cif,./Al13Sc3N16/__initial__/59/xtal_13.cif,-79.80917,1.5980033
xtal_15.cif,./Al13Sc3N16/__initial__/59/xtal_15.cif,59.951393,48.022606
xtal_17.cif,./Al13Sc3N16/__initial__/59/xtal_17.cif,20.872139,34.264896
xtal_19.cif,./Al13Sc3N16/__initial__/59/xtal_19.cif,6.7964725,13.43145
xtal_22.cif,./Al13Sc3N16/__initial__/59/xtal_22.cif,33.498432,53.627434
xtal_23.cif,./Al13Sc3N16/__initial__/59/xtal_23.cif,0.26134083,1.9291514
xtal_27.cif,./Al13Sc3N16/__initial__/59/xtal_27.cif,0.80637264,11.639306
xtal_3.cif,./Al13Sc3N16/__initial__/59/xtal_3.cif,20.781933,59.564915
xtal_31.cif,./Al13Sc3N16/__initial__/59/xtal_31.cif,16.482708,36.384743
xtal_33.cif,./Al13Sc3N16/__initial__/59/xtal_33.cif,19.16492,57.060757
xtal_34.cif,./Al13Sc3N16/__initial__/59/xtal_34.cif,-60.28544,-33.413864
xtal_36.cif,./Al13Sc3N16/__initial__/59/xtal_36.cif,-75.84467,33.402702
xtal_4.cif,./Al13Sc3N16/__initial__/59/xtal_4.cif,-17.046778,-26.128977
xtal_40.cif,./Al13Sc3N16/__initial__/59/xtal_40.cif,-69.22959,-0.5215762
xtal_41.cif,./Al13Sc3N16/__initial__/59/xtal_41.cif,27.273155,27.26688
xtal_46.cif,./Al13Sc3N16/__initial__/59/xtal_46.cif,-51.123493,-25.627531
xtal_47.cif,./Al13Sc3N16/__initial__/59/xtal_47.cif,-83.56524,33.86637
xtal_48.cif,./Al13Sc3N16/__initial__/59/xtal_48.cif,2.5824757,25.132574
xtal_49.cif,./Al13Sc3N16/__initial__/59/xtal_49.cif,-63.526302,-45.715855
xtal_5.cif,./Al13Sc3N16/__initial__/59/xtal_5.cif,11.44046,12.681815
xtal_52.cif,./Al13Sc3N16/__initial__/59/xtal_52.cif,-46.97995,-43.15274
xtal_56.cif,./Al13Sc3N16/__initial__/59/xtal_56.cif,39.532135,58.255848
xtal_57.cif,./Al13Sc3N16/__initial__/59/xtal_57.cif,66.744026,62.67776
xtal_61.cif,./Al13Sc3N16/__initial__/59/xtal_61.cif,18.137861,-3.016122
xtal_62.cif,./Al13Sc3N16/__initial__/59/xtal_62.cif,-18.409178,34.003456
xtal_63.cif,./Al13Sc3N16/__initial__/59/xtal_63.cif,0.76683456,33.386414
xtal_66.cif,./Al13Sc3N16/__initial__/59/xtal_66.cif,-41.300922,-48.319607
xtal_68.cif,./Al13Sc3N16/__initial__/59/xtal_68.cif,70.27631,73.16025
xtal_7.cif,./Al13Sc3N16/__initial__/59/xtal_7.cif,33.60247,81.15428
xtal_70.cif,./Al13Sc3N16/__initial__/59/xtal_70.cif,45.181057,77.93406
xtal_71.cif,./Al13Sc3N16/__initial__/59/xtal_71.cif,-46.567673,-49.03675
xtal_72.cif,./Al13Sc3N16/__initial__/59/xtal_72.cif,8.29987,-12.00371
xtal_74.cif,./Al13Sc3N16/__initial__/59/xtal_74.cif,-81.996,0.37223604
xtal_75.cif,./Al13Sc3N16/__initial__/59/xtal_75.cif,-68.20107,-24.75052
xtal_77.cif,./Al13Sc3N16/__initial__/59/xtal_77.cif,-27.513714,-12.106548
xtal_78.cif,./Al13Sc3N16/__initial__/59/xtal_78.cif,24.036688,24.439974
xtal_79.cif,./Al13Sc3N16/__initial__/59/xtal_79.cif,-54.31526,18.031183
xtal_85.cif,./Al13Sc3N16/__initial__/59/xtal_85.cif,-39.490273,-9.766513
xtal_86.cif,./Al13Sc3N16/__initial__/59/xtal_86.cif,-84.62942,-33.02876
xtal_87.cif,./Al13Sc3N16/__initial__/59/xtal_87.cif,-6.4428296,19.879839
xtal_88.cif,./Al13Sc3N16/__initial__/59/xtal_88.cif,53.422512,58.715294
xtal_89.cif,./Al13Sc3N16/__initial__/59/xtal_89.cif,-26.836163,41.722675
xtal_9.cif,./Al13Sc3N16/__initial__/59/xtal_9.cif,-48.858322,-33.50537
xtal_92.cif,./Al13Sc3N16/__initial__/59/xtal_92.cif,-6.3843517,2.057654
xtal_93.cif,./Al13Sc3N16/__initial__/59/xtal_93.cif,42.18648,20.083149
xtal_94.cif,./Al13Sc3N16/__initial__/59/xtal_94.cif,10.213255,1.977241
xtal_97.cif,./Al13Sc3N16/__initial__/59/xtal_97.cif,-29.536009,72.7222
xtal_99.cif,./Al13Sc3N16/__initial__/59/xtal_99.cif,-26.973991,-53.76922
xtal_1.cif,./Al13Sc3N16/__initial__/65/xtal_1.cif,-79.51582,16.977278
xtal_10.cif,./Al13Sc3N16/__initial__/65/xtal_10.cif,-7.6197624,21.43952
xtal_100.cif,./Al13Sc3N16/__initial__/65/xtal_100.cif,-72.98621,53.507046
xtal_11.cif,./Al13Sc3N16/__initial__/65/xtal_11.cif,-6.857366,-35.437794
xtal_12.cif,./Al13Sc3N16/__initial__/65/xtal_12.cif,-74.843895,47.03854
xtal_17.cif,./Al13Sc3N16/__initial__/65/xtal_17.cif,-45.610336,24.690294
xtal_19.cif,./Al13Sc3N16/__initial__/65/xtal_19.cif,-67.723854,42.908283
xtal_20.cif,./Al13Sc3N16/__initial__/65/xtal_20.cif,-77.35179,15.013492
xtal_21.cif,./Al13Sc3N16/__initial__/65/xtal_21.cif,-15.84714,57.992046
xtal_22.cif,./Al13Sc3N16/__initial__/65/xtal_22.cif,-95.57419,0.99168515
xtal_24.cif,./Al13Sc3N16/__initial__/65/xtal_24.cif,8.930231,54.88923
xtal_25.cif,./Al13Sc3N16/__initial__/65/xtal_25.cif,50.142403,74.25998
xtal_28.cif,./Al13Sc3N16/__initial__/65/xtal_28.cif,-48.365635,-19.585312
xtal_32.cif,./Al13Sc3N16/__initial__/65/xtal_32.cif,-8.547833,38.598076
xtal_34.cif,./Al13Sc3N16/__initial__/65/xtal_34.cif,-62.88855,83.13344
xtal_35.cif,./Al13Sc3N16/__initial__/65/xtal_35.cif,-54.60058,12.157534
xtal_37.cif,./Al13Sc3N16/__initial__/65/xtal_37.cif,-49.974495,73.2367
xtal_39.cif,./Al13Sc3N16/__initial__/65/xtal_39.cif,-71.47151,53.342266
xtal_4.cif,./Al13Sc3N16/__initial__/65/xtal_4.cif,-12.860887,5.4210615
xtal_44.cif,./Al13Sc3N16/__initial__/65/xtal_44.cif,39.73826,72.75409
xtal_46.cif,./Al13Sc3N16/__initial__/65/xtal_46.cif,-34.03285,40.103237
xtal_49.cif,./Al13Sc3N16/__initial__/65/xtal_49.cif,-86.796936,26.775616
xtal_5.cif,./Al13Sc3N16/__initial__/65/xtal_5.cif,-67.48048,55.147167
xtal_51.cif,./Al13Sc3N16/__initial__/65/xtal_51.cif,42.61322,55.935795
xtal_53.cif,./Al13Sc3N16/__initial__/65/xtal_53.cif,-14.628934,-24.317196
xtal_54.cif,./Al13Sc3N16/__initial__/65/xtal_54.cif,-90.99265,-13.571418
xtal_55.cif,./Al13Sc3N16/__initial__/65/xtal_55.cif,-32.913704,-16.502094
xtal_56.cif,./Al13Sc3N16/__initial__/65/xtal_56.cif,-77.781,43.00071
xtal_58.cif,./Al13Sc3N16/__initial__/65/xtal_58.cif,-49.87937,56.679314
xtal_6.cif,./Al13Sc3N16/__initial__/65/xtal_6.cif,-90.574814,-15.372676
xtal_60.cif,./Al13Sc3N16/__initial__/65/xtal_60.cif,-81.89595,54.177017
xtal_64.cif,./Al13Sc3N16/__initial__/65/xtal_64.cif,-52.30512,-17.192574
xtal_67.cif,./Al13Sc3N16/__initial__/65/xtal_67.cif,-63.109123,2.809601
xtal_68.cif,./Al13Sc3N16/__initial__/65/xtal_68.cif,2.261607,84.03179
xtal_69.cif,./Al13Sc3N16/__initial__/65/xtal_69.cif,-18.363413,75.17818
xtal_7.cif,./Al13Sc3N16/__initial__/65/xtal_7.cif,-86.575386,33.676987
xtal_74.cif,./Al13Sc3N16/__initial__/65/xtal_74.cif,-50.37038,-40.442024
xtal_75.cif,./Al13Sc3N16/__initial__/65/xtal_75.cif,-20.253819,8.476791
xtal_76.cif,./Al13Sc3N16/__initial__/65/xtal_76.cif,-45.548325,75.31692
xtal_79.cif,./Al13Sc3N16/__initial__/65/xtal_79.cif,-19.023329,79.078316
xtal_8.cif,./Al13Sc3N16/__initial__/65/xtal_8.cif,-48.082195,-36.348747
xtal_81.cif,./Al13Sc3N16/__initial__/65/xtal_81.cif,-69.6062,-7.0270333
xtal_83.cif,./Al13Sc3N16/__initial__/65/xtal_83.cif,15.179381,36.21876
xtal_87.cif,./Al13Sc3N16/__initial__/65/xtal_87.cif,-68.28034,-20.860008
xtal_9.cif,./Al13Sc3N16/__initial__/65/xtal_9.cif,-71.7142,11.036111
xtal_90.cif,./Al13Sc3N16/__initial__/65/xtal_90.cif,-76.356285,33.248825
xtal_92.cif,./Al13Sc3N16/__initial__/65/xtal_92.cif,-55.78971,18.143974
xtal_96.cif,./Al13Sc3N16/__initial__/65/xtal_96.cif,-20.762209,23.108215
xtal_97.cif,./Al13Sc3N16/__initial__/65/xtal_97.cif,-42.259186,28.009632
xtal_98.cif,./Al13Sc3N16/__initial__/65/xtal_98.cif,-31.22901,-9.372959
xtal_1.cif,./Al13Sc3N16/__initial__/71/xtal_1.cif,7.632331,45.81025
xtal_11.cif,./Al13Sc3N16/__initial__/71/xtal_11.cif,29.49023,70.02891
xtal_12.cif,./Al13Sc3N16/__initial__/71/xtal_12.cif,-30.370506,-39.158146
xtal_16.cif,./Al13Sc3N16/__initial__/71/xtal_16.cif,-46.04457,13.919698
xtal_17.cif,./Al13Sc3N16/__initial__/71/xtal_17.cif,-54.818886,-30.35929
xtal_18.cif,./Al13Sc3N16/__initial__/71/xtal_18.cif,-49.64049,65.023796
xtal_2.cif,./Al13Sc3N16/__initial__/71/xtal_2.cif,-79.94651,-30.51201
xtal_24.cif,./Al13Sc3N16/__initial__/71/xtal_24.cif,-46.410797,45.81108
xtal_25.cif,./Al13Sc3N16/__initial__/71/xtal_25.cif,-44.670242,30.711454
xtal_26.cif,./Al13Sc3N16/__initial__/71/xtal_26.cif,-34.07865,11.22008
xtal_28.cif,./Al13Sc3N16/__initial__/71/xtal_28.cif,12.405198,15.199053
xtal_29.cif,./Al13Sc3N16/__initial__/71/xtal_29.cif,-46.073666,62.83652
xtal_30.cif,./Al13Sc3N16/__initial__/71/xtal_30.cif,-0.9724827,77.487366
xtal_31.cif,./Al13Sc3N16/__initial__/71/xtal_31.cif,-22.72245,23.072401
xtal_32.cif,./Al13Sc3N16/__initial__/71/xtal_32.cif,-51.365307,-5.8358617
xtal_33.cif,./Al13Sc3N16/__initial__/71/xtal_33.cif,-50.512123,-37.800175
xtal_34.cif,./Al13Sc3N16/__initial__/71/xtal_34.cif,-81.672676,-44.29462
xtal_37.cif,./Al13Sc3N16/__initial__/71/xtal_37.cif,-23.042412,0.3467246
xtal_38.cif,./Al13Sc3N16/__initial__/71/xtal_38.cif,-71.81774,70.82342
xtal_4.cif,./Al13Sc3N16/__initial__/71/xtal_4.cif,-69.909256,50.130577
xtal_41.cif,./Al13Sc3N16/__initial__/71/xtal_41.cif,-20.845364,-37.825172
xtal_44.cif,./Al13Sc3N16/__initial__/71/xtal_44.cif,-80.753876,68.37617
xtal_45.cif,./Al13Sc3N16/__initial__/71/xtal_45.cif,-45.048214,-74.25863
xtal_47.cif,./Al13Sc3N16/__initial__/71/xtal_47.cif,1.6540695,67.81156
xtal_48.cif,./Al13Sc3N16/__initial__/71/xtal_48.cif,-27.380281,82.8124
xtal_5.cif,./Al13Sc3N16/__initial__/71/xtal_5.cif,-73.8058,-24.415344
xtal_53.cif,./Al13Sc3N16/__initial__/71/xtal_53.cif,-51.41026,3.695996
xtal_56.cif,./Al13Sc3N16/__initial__/71/xtal_56.cif,-67.15517,82.30558
xtal_57.cif,./Al13Sc3N16/__initial__/71/xtal_57.cif,-2.6750576,35.20469
xtal_58.cif,./Al13Sc3N16/__initial__/71/xtal_58.cif,-50.9271,54.793854
xtal_59.cif,./Al13Sc3N16/__initial__/71/xtal_59.cif,-46.957306,69.45002
xtal_64.cif,./Al13Sc3N16/__initial__/71/xtal_64.cif,-60.615814,64.83908
xtal_67.cif,./Al13Sc3N16/__initial__/71/xtal_67.cif,-62.209747,-25.446882
xtal_68.cif,./Al13Sc3N16/__initial__/71/xtal_68.cif,31.626886,84.00104
xtal_69.cif,./Al13Sc3N16/__initial__/71/xtal_69.cif,38.580208,27.599525
xtal_7.cif,./Al13Sc3N16/__initial__/71/xtal_7.cif,68.35343,69.08235
xtal_73.cif,./Al13Sc3N16/__initial__/71/xtal_73.cif,-8.425254,37.03074
xtal_76.cif,./Al13Sc3N16/__initial__/71/xtal_76.cif,-71.78463,-14.006326
xtal_77.cif,./Al13Sc3N16/__initial__/71/xtal_77.cif,-40.333435,91.55581
xtal_78.cif,./Al13Sc3N16/__initial__/71/xtal_78.cif,10.788874,19.545086
xtal_79.cif,./Al13Sc3N16/__initial__/71/xtal_79.cif,-55.87476,-5.310394
xtal_80.cif,./Al13Sc3N16/__initial__/71/xtal_80.cif,-13.4687395,10.910998
xtal_85.cif,./Al13Sc3N16/__initial__/71/xtal_85.cif,1.0256509,46.855057
xtal_86.cif,./Al13Sc3N16/__initial__/71/xtal_86.cif,-72.674614,57.204304
xtal_89.cif,./Al13Sc3N16/__initial__/71/xtal_89.cif,30.741026,56.390865
xtal_90.cif,./Al13Sc3N16/__initial__/71/xtal_90.cif,-63.3159,-16.078615
xtal_92.cif,./Al13Sc3N16/__initial__/71/xtal_92.cif,-58.485535,70.305305
xtal_93.cif,./Al13Sc3N16/__initial__/71/xtal_93.cif,11.291339,68.71781
xtal_95.cif,./Al13Sc3N16/__initial__/71/xtal_95.cif,-60.490017,12.850389
xtal_99.cif,./Al13Sc3N16/__initial__/71/xtal_99.cif,-34.408047,38.982227
xtal_10.cif,./Al13Sc3N16/__initial__/75/xtal_10.cif,59.467926,-54.487225
xtal_11.cif,./Al13Sc3N16/__initial__/75/xtal_11.cif,-21.337276,46.68262
xtal_13.cif,./Al13Sc3N16/__initial__/75/xtal_13.cif,74.30813,34.15794
xtal_14.cif,./Al13Sc3N16/__initial__/75/xtal_14.cif,-85.40276,-0.5812508
xtal_15.cif,./Al13Sc3N16/__initial__/75/xtal_15.cif,-29.464602,-54.731365
xtal_16.cif,./Al13Sc3N16/__initial__/75/xtal_16.cif,94.611244,-50.869724
xtal_17.cif,./Al13Sc3N16/__initial__/75/xtal_17.cif,-34.526527,45.059525
xtal_18.cif,./Al13Sc3N16/__initial__/75/xtal_18.cif,91.98323,-37.07721
xtal_20.cif,./Al13Sc3N16/__initial__/75/xtal_20.cif,12.672974,18.623665
xtal_21.cif,./Al13Sc3N16/__initial__/75/xtal_21.cif,89.23471,-34.404865
xtal_22.cif,./Al13Sc3N16/__initial__/75/xtal_22.cif,85.24945,-58.039078
xtal_23.cif,./Al13Sc3N16/__initial__/75/xtal_23.cif,-31.815853,37.05681
xtal_26.cif,./Al13Sc3N16/__initial__/75/xtal_26.cif,-62.677044,-37.42012
xtal_27.cif,./Al13Sc3N16/__initial__/75/xtal_27.cif,79.06942,-60.924816
xtal_30.cif,./Al13Sc3N16/__initial__/75/xtal_30.cif,-10.816042,66.964066
xtal_32.cif,./Al13Sc3N16/__initial__/75/xtal_32.cif,-95.11496,-31.801077
xtal_36.cif,./Al13Sc3N16/__initial__/75/xtal_36.cif,44.034416,-67.471855
xtal_38.cif,./Al13Sc3N16/__initial__/75/xtal_38.cif,-57.563988,60.218292
xtal_40.cif,./Al13Sc3N16/__initial__/75/xtal_40.cif,70.04193,22.990465
xtal_41.cif,./Al13Sc3N16/__initial__/75/xtal_41.cif,8.210476,25.621742
xtal_42.cif,./Al13Sc3N16/__initial__/75/xtal_42.cif,97.96292,-13.027169
xtal_44.cif,./Al13Sc3N16/__initial__/75/xtal_44.cif,83.709854,-52.593517
xtal_47.cif,./Al13Sc3N16/__initial__/75/xtal_47.cif,90.90435,-32.433834
xtal_50.cif,./Al13Sc3N16/__initial__/75/xtal_50.cif,78.99921,-59.32678
xtal_52.cif,./Al13Sc3N16/__initial__/75/xtal_52.cif,62.867863,-41.629433
xtal_53.cif,./Al13Sc3N16/__initial__/75/xtal_53.cif,37.76992,-3.522993
xtal_58.cif,./Al13Sc3N16/__initial__/75/xtal_58.cif,-27.883127,49.599236
xtal_6.cif,./Al13Sc3N16/__initial__/75/xtal_6.cif,65.689186,-69.579704
xtal_60.cif,./Al13Sc3N16/__initial__/75/xtal_60.cif,-62.096447,-59.160957
xtal_62.cif,./Al13Sc3N16/__initial__/75/xtal_62.cif,-8.430138,-3.3455157
xtal_64.cif,./Al13Sc3N16/__initial__/75/xtal_64.cif,15.474227,-75.24774
xtal_65.cif,./Al13Sc3N16/__initial__/75/xtal_65.cif,94.42675,-49.977505
xtal_66.cif,./Al13Sc3N16/__initial__/75/xtal_66.cif,99.90839,-36.5976
xtal_68.cif,./Al13Sc3N16/__initial__/75/xtal_68.cif,64.238525,-40.75554
xtal_69.cif,./Al13Sc3N16/__initial__/75/xtal_69.cif,88.72952,-5.5923066
xtal_70.cif,./Al13Sc3N16/__initial__/75/xtal_70.cif,89.28834,-51.427605
xtal_73.cif,./Al13Sc3N16/__initial__/75/xtal_73.cif,-62.108936,-65.81694
xtal_74.cif,./Al13Sc3N16/__initial__/75/xtal_74.cif,46.904606,-48.20369
xtal_75.cif,./Al13Sc3N16/__initial__/75/xtal_75.cif,58.84193,-29.529192
xtal_76.cif,./Al13Sc3N16/__initial__/75/xtal_76.cif,40.421085,41.739254
xtal_8.cif,./Al13Sc3N16/__initial__/75/xtal_8.cif,-97.55652,-19.977362
xtal_80.cif,./Al13Sc3N16/__initial__/75/xtal_80.cif,94.303474,-34.053497
xtal_81.cif,./Al13Sc3N16/__initial__/75/xtal_81.cif,-42.152554,45.783295
xtal_83.cif,./Al13Sc3N16/__initial__/75/xtal_83.cif,13.504216,12.784056
xtal_9.cif,./Al13Sc3N16/__initial__/75/xtal_9.cif,87.74293,47.80376
xtal_90.cif,./Al13Sc3N16/__initial__/75/xtal_90.cif,-60.612247,-66.51562
xtal_91.cif,./Al13Sc3N16/__initial__/75/xtal_91.cif,81.71052,-55.221745
xtal_92.cif,./Al13Sc3N16/__initial__/75/xtal_92.cif,-71.62478,-8.556621
xtal_93.cif,./Al13Sc3N16/__initial__/75/xtal_93.cif,79.92059,-51.969704
xtal_97.cif,./Al13Sc3N16/__initial__/75/xtal_97.cif,18.455475,74.53307
xtal_10.cif,./Al13Sc3N16/__initial__/77/xtal_10.cif,93.96864,-22.565765
xtal_100.cif,./Al13Sc3N16/__initial__/77/xtal_100.cif,-24.170483,-7.609776
xtal_16.cif,./Al13Sc3N16/__initial__/77/xtal_16.cif,-74.29519,-58.82218
xtal_17.cif,./Al13Sc3N16/__initial__/77/xtal_17.cif,51.81042,-14.171237
xtal_19.cif,./Al13Sc3N16/__initial__/77/xtal_19.cif,-69.98699,-45.13406
xtal_20.cif,./Al13Sc3N16/__initial__/77/xtal_20.cif,40.10141,43.656986
xtal_21.cif,./Al13Sc3N16/__initial__/77/xtal_21.cif,88.699425,-37.4234
xtal_22.cif,./Al13Sc3N16/__initial__/77/xtal_22.cif,-76.99087,-38.226894
xtal_23.cif,./Al13Sc3N16/__initial__/77/xtal_23.cif,-101.04744,-8.407004
xtal_24.cif,./Al13Sc3N16/__initial__/77/xtal_24.cif,81.51274,15.910812
xtal_25.cif,./Al13Sc3N16/__initial__/77/xtal_25.cif,79.63382,-51.96366
xtal_3.cif,./Al13Sc3N16/__initial__/77/xtal_3.cif,24.233694,-37.01758
xtal_31.cif,./Al13Sc3N16/__initial__/77/xtal_31.cif,47.370693,12.122578
xtal_33.cif,./Al13Sc3N16/__initial__/77/xtal_33.cif,82.45298,12.763696
xtal_34.cif,./Al13Sc3N16/__initial__/77/xtal_34.cif,-37.509415,3.1329496
xtal_35.cif,./Al13Sc3N16/__initial__/77/xtal_35.cif,62.192097,-18.108765
xtal_36.cif,./Al13Sc3N16/__initial__/77/xtal_36.cif,-33.023018,-41.40931
xtal_39.cif,./Al13Sc3N16/__initial__/77/xtal_39.cif,-102.79517,5.6609416
xtal_4.cif,./Al13Sc3N16/__initial__/77/xtal_4.cif,50.181015,58.815445
xtal_40.cif,./Al13Sc3N16/__initial__/77/xtal_40.cif,48.46471,-14.413778
xtal_42.cif,./Al13Sc3N16/__initial__/77/xtal_42.cif,46.62231,-8.018974
xtal_44.cif,./Al13Sc3N16/__initial__/77/xtal_44.cif,50.19007,-52.5803
xtal_45.cif,./Al13Sc3N16/__initial__/77/xtal_45.cif,75.37568,49.713703
xtal_46.cif,./Al13Sc3N16/__initial__/77/xtal_46.cif,-39.89417,-32.68948
xtal_47.cif,./Al13Sc3N16/__initial__/77/xtal_47.cif,65.92802,38.319157
xtal_48.cif,./Al13Sc3N16/__initial__/77/xtal_48.cif,41.45892,-68.92493
xtal_50.cif,./Al13Sc3N16/77/xtal_50.cif,20.043137,31.24616
xtal_52.cif,./Al13Sc3N16/__initial__/77/xtal_52.cif,-81.0374,-18.641098
xtal_53.cif,./Al13Sc3N16/__initial__/77/xtal_53.cif,-11.157423,-13.950134
xtal_55.cif,./Al13Sc3N16/77/xtal_55.cif,-7.9164295,-65.233116
xtal_59.cif,./Al13Sc3N16/__initial__/77/xtal_59.cif,54.992104,-85.7724
xtal_61.cif,./Al13Sc3N16/__initial__/77/xtal_61.cif,59.05921,14.867104
xtal_64.cif,./Al13Sc3N16/__initial__/77/xtal_64.cif,11.049445,-18.306522
xtal_65.cif,./Al13Sc3N16/__initial__/77/xtal_65.cif,-76.972694,-76.07924
xtal_66.cif,./Al13Sc3N16/__initial__/77/xtal_66.cif,-36.460007,26.61554
xtal_68.cif,./Al13Sc3N16/__initial__/77/xtal_68.cif,3.8822536,-71.43422
xtal_7.cif,./Al13Sc3N16/__initial__/77/xtal_7.cif,47.569855,-45.82059
xtal_71.cif,./Al13Sc3N16/__initial__/77/xtal_71.cif,-60.73756,-60.76784
xtal_74.cif,./Al13Sc3N16/__initial__/77/xtal_74.cif,-24.75092,33.151142
xtal_75.cif,./Al13Sc3N16/__initial__/77/xtal_75.cif,68.91032,41.539253
xtal_76.cif,./Al13Sc3N16/__initial__/77/xtal_76.cif,18.695818,-37.271286
xtal_78.cif,./Al13Sc3N16/__initial__/77/xtal_78.cif,93.24134,-35.196255
xtal_79.cif,./Al13Sc3N16/__initial__/77/xtal_79.cif,87.48417,26.828657
xtal_8.cif,./Al13Sc3N16/__initial__/77/xtal_8.cif,-20.749308,-15.628371
xtal_80.cif,./Al13Sc3N16/__initial__/77/xtal_80.cif,62.66872,-4.689933
xtal_84.cif,./Al13Sc3N16/__initial__/77/xtal_84.cif,-93.181656,-16.591024
xtal_85.cif,./Al13Sc3N16/__initial__/77/xtal_85.cif,17.459486,-71.90871
xtal_87.cif,./Al13Sc3N16/__initial__/77/xtal_87.cif,77.574425,8.495877
xtal_92.cif,./Al13Sc3N16/__initial__/77/xtal_92.cif,49.194656,11.288426
xtal_96.cif,./Al13Sc3N16/__initial__/77/xtal_96.cif,-17.02564,49.472404
xtal_10.cif,./Al13Sc3N16/__initial__/79/xtal_10.cif,40.74217,-93.49393
xtal_100.cif,./Al13Sc3N16/__initial__/79/xtal_100.cif,-47.73879,-5.533799
xtal_11.cif,./Al13Sc3N16/__initial__/79/xtal_11.cif,19.52696,-59.931854
xtal_13.cif,./Al13Sc3N16/__initial__/79/xtal_13.cif,-27.160215,75.39102
xtal_14.cif,./Al13Sc3N16/__initial__/79/xtal_14.cif,30.253891,-56.090088
xtal_15.cif,./Al13Sc3N16/__initial__/79/xtal_15.cif,-14.241782,65.05735
xtal_16.cif,./Al13Sc3N16/__initial__/79/xtal_16.cif,18.415861,34.294262
xtal_19.cif,./Al13Sc3N16/__initial__/79/xtal_19.cif,91.35131,14.443578
xtal_2.cif,./Al13Sc3N16/__initial__/79/xtal_2.cif,79.7033,-31.900625
xtal_20.cif,./Al13Sc3N16/__initial__/79/xtal_20.cif,45.6648,-48.169483
xtal_21.cif,./Al13Sc3N16/__initial__/79/xtal_21.cif,14.731444,38.297676
xtal_22.cif,./Al13Sc3N16/__initial__/79/xtal_22.cif,-36.44971,71.85949
xtal_24.cif,./Al13Sc3N16/__initial__/79/xtal_24.cif,74.319016,-25.950226
xtal_26.cif,./Al13Sc3N16/__initial__/79/xtal_26.cif,-59.892445,-52.124992
xtal_28.cif,./Al13Sc3N16/__initial__/79/xtal_28.cif,-52.524933,-7.435566
xtal_29.cif,./Al13Sc3N16/__initial__/79/xtal_29.cif,-51.690907,-20.957083
xtal_3.cif,./Al13Sc3N16/__initial__/79/xtal_3.cif,86.892006,28.093712
xtal_32.cif,./Al13Sc3N16/__initial__/79/xtal_32.cif,-75.858734,-30.92133
xtal_33.cif,./Al13Sc3N16/__initial__/79/xtal_33.cif,-68.625984,-27.185186
xtal_34.cif,./Al13Sc3N16/__initial__/79/xtal_34.cif,-19.620089,-32.92395
xtal_36.cif,./Al13Sc3N16/__initial__/79/xtal_36.cif,-24.073383,44.48403
xtal_39.cif,./Al13Sc3N16/__initial__/79/xtal_39.cif,1.5197368,86.25983
xtal_40.cif,./Al13Sc3N16/__initial__/79/xtal_40.cif,68.07947,-60.92921
xtal_46.cif,./Al13Sc3N16/__initial__/79/xtal_46.cif,74.280914,-41.492683
xtal_47.cif,./Al13Sc3N16/__initial__/79/xtal_47.cif,85.62625,-35.16284
xtal_48.cif,./Al13Sc3N16/__initial__/79/xtal_48.cif,56.62691,34.412308
xtal_49.cif,./Al13Sc3N16/__initial__/79/xtal_49.cif,69.148544,-25.216234
xtal_5.cif,./Al13Sc3N16/__initial__/79/xtal_5.cif,58.02588,-55.07782
xtal_51.cif,./Al13Sc3N16/__initial__/79/xtal_51.cif,79.304184,-47.01043
xtal_52.cif,./Al13Sc3N16/__initial__/79/xtal_52.cif,-92.741196,53.538647
xtal_54.cif,./Al13Sc3N16/__initial__/79/xtal_54.cif,-47.117363,49.025414
xtal_55.cif,./Al13Sc3N16/__initial__/79/xtal_55.cif,82.89897,-68.66434
xtal_6.cif,./Al13Sc3N16/__initial__/79/xtal_6.cif,-52.137035,78.916664
xtal_62.cif,./Al13Sc3N16/__initial__/79/xtal_62.cif,-7.5018573,5.2920356
xtal_64.cif,./Al13Sc3N16/__initial__/79/xtal_64.cif,-10.489556,60.370747
xtal_66.cif,./Al13Sc3N16/__initial__/79/xtal_66.cif,72.384155,-83.22697
xtal_67.cif,./Al13Sc3N16/__initial__/79/xtal_67.cif,74.67305,-68.70551
xtal_69.cif,./Al13Sc3N16/__initial__/79/xtal_69.cif,-62.52708,-21.985899
xtal_70.cif,./Al13Sc3N16/__initial__/79/xtal_70.cif,-30.047113,54.21526
xtal_72.cif,./Al13Sc3N16/__initial__/79/xtal_72.cif,-58.300617,-9.426991
xtal_76.cif,./Al13Sc3N16/__initial__/79/xtal_76.cif,-12.964935,-14.757598
xtal_77.cif,./Al13Sc3N16/__initial__/79/xtal_77.cif,-51.17166,-54.558537
xtal_78.cif,./Al13Sc3N16/__initial__/79/xtal_78.cif,75.148834,13.35247
xtal_8.cif,./Al13Sc3N16/__initial__/79/xtal_8.cif,-62.763794,66.49794
xtal_80.cif,./Al13Sc3N16/__initial__/79/xtal_80.cif,-33.72844,-40.666656
xtal_83.cif,./Al13Sc3N16/__initial__/79/xtal_83.cif,42.437885,-94.64686
xtal_84.cif,./Al13Sc3N16/__initial__/79/xtal_84.cif,81.36371,-37.465736
xtal_88.cif,./Al13Sc3N16/__initial__/79/xtal_88.cif,-0.1945255,92.9152
xtal_93.cif,./Al13Sc3N16/__initial__/79/xtal_93.cif,23.373398,89.228004
xtal_95.cif,./Al13Sc3N16/__initial__/79/xtal_95.cif,80.37062,-34.208206
xtal_10.cif,./Al13Sc3N16/81/xtal_10.cif,22.716942,-10.968175
xtal_100.cif,./Al13Sc3N16/__initial__/81/xtal_100.cif,85.50136,31.139389
xtal_12.cif,./Al13Sc3N16/__initial__/81/xtal_12.cif,89.7508,18.386917
xtal_13.cif,./Al13Sc3N16/__initial__/81/xtal_13.cif,-28.477644,-21.325878
xtal_14.cif,./Al13Sc3N16/__initial__/81/xtal_14.cif,11.097285,27.50778
xtal_15.cif,./Al13Sc3N16/__initial__/81/xtal_15.cif,-25.464668,-51.26888
xtal_16.cif,./Al13Sc3N16/__initial__/81/xtal_16.cif,-38.77686,17.922146
xtal_2.cif,./Al13Sc3N16/__initial__/81/xtal_2.cif,57.200584,58.018623
xtal_21.cif,./Al13Sc3N16/__initial__/81/xtal_21.cif,30.962408,90.13802
xtal_25.cif,./Al13Sc3N16/81/xtal_25.cif,16.19381,-68.85661
xtal_27.cif,./Al13Sc3N16/__initial__/81/xtal_27.cif,18.986603,-66.7609
xtal_29.cif,./Al13Sc3N16/__initial__/81/xtal_29.cif,-34.317947,28.900795
xtal_3.cif,./Al13Sc3N16/__initial__/81/xtal_3.cif,60.74345,-61.743492
xtal_31.cif,./Al13Sc3N16/__initial__/81/xtal_31.cif,30.81512,-87.02097
xtal_33.cif,./Al13Sc3N16/__initial__/81/xtal_33.cif,-77.15584,-64.61055
xtal_34.cif,./Al13Sc3N16/__initial__/81/xtal_34.cif,-27.418367,73.40422
xtal_35.cif,./Al13Sc3N16/__initial__/81/xtal_35.cif,54.233047,-0.9603342
xtal_36.cif,./Al13Sc3N16/__initial__/81/xtal_36.cif,-60.208054,-32.59682
xtal_37.cif,./Al13Sc3N16/__initial__/81/xtal_37.cif,48.56049,-70.43772
xtal_39.cif,./Al13Sc3N16/__initial__/81/xtal_39.cif,96.43651,-12.149512
xtal_40.cif,./Al13Sc3N16/__initial__/81/xtal_40.cif,-30.602818,60.006165
xtal_42.cif,./Al13Sc3N16/__initial__/81/xtal_42.cif,7.560755,93.130646
xtal_43.cif,./Al13Sc3N16/__initial__/81/xtal_43.cif,-6.0154867,3.3562088
xtal_5.cif,./Al13Sc3N16/__initial__/81/xtal_5.cif,57.25314,-31.081629
xtal_51.cif,./Al13Sc3N16/__initial__/81/xtal_51.cif,-21.26318,43.227417
xtal_58.cif,./Al13Sc3N16/__initial__/81/xtal_58.cif,74.86051,21.236895
xtal_62.cif,./Al13Sc3N16/__initial__/81/xtal_62.cif,-3.3123817,32.323307
xtal_63.cif,./Al13Sc3N16/__initial__/81/xtal_63.cif,76.19213,64.02646
xtal_64.cif,./Al13Sc3N16/__initial__/81/xtal_64.cif,10.537662,55.173508
xtal_66.cif,./Al13Sc3N16/__initial__/81/xtal_66.cif,20.609163,85.001785
xtal_68.cif,./Al13Sc3N16/__initial__/81/xtal_68.cif,9.884064,-8.087522
xtal_69.cif,./Al13Sc3N16/__initial__/81/xtal_69.cif,91.41852,-12.677149
xtal_71.cif,./Al13Sc3N16/__initial__/81/xtal_71.cif,-34.29591,6.0050454
xtal_72.cif,./Al13Sc3N16/__initial__/81/xtal_72.cif,87.36947,3.4578035
xtal_74.cif,./Al13Sc3N16/__initial__/81/xtal_74.cif,-81.53901,-25.862694
xtal_78.cif,./Al13Sc3N16/__initial__/81/xtal_78.cif,83.724655,29.407398
xtal_79.cif,./Al13Sc3N16/__initial__/81/xtal_79.cif,-63.151745,50.915047
xtal_80.cif,./Al13Sc3N16/__initial__/81/xtal_80.cif,-21.53504,34.96555
xtal_81.cif,./Al13Sc3N16/__initial__/81/xtal_81.cif,-62.322266,-11.157158
xtal_83.cif,./Al13Sc3N16/__initial__/81/xtal_83.cif,-66.3356,-47.39543
xtal_84.cif,./Al13Sc3N16/__initial__/81/xtal_84.cif,9.678098,-7.128147
xtal_9.cif,./Al13Sc3N16/__initial__/81/xtal_9.cif,12.015935,7.8441696
xtal_90.cif,./Al13Sc3N16/__initial__/81/xtal_90.cif,92.89116,1.8576443
xtal_91.cif,./Al13Sc3N16/__initial__/81/xtal_91.cif,103.03991,-11.023672
xtal_93.cif,./Al13Sc3N16/__initial__/81/xtal_93.cif,47.130623,-43.27455
xtal_94.cif,./Al13Sc3N16/__initial__/81/xtal_94.cif,-31.731846,-69.16923
xtal_96.cif,./Al13Sc3N16/__initial__/81/xtal_96.cif,77.52339,0.3146691
xtal_97.cif,./Al13Sc3N16/__initial__/81/xtal_97.cif,-34.494995,-13.066089
xtal_98.cif,./Al13Sc3N16/__initial__/81/xtal_98.cif,-99.220146,-16.605976
xtal_99.cif,./Al13Sc3N16/__initial__/81/xtal_99.cif,-33.45527,33.579002
xtal_1.cif,./Al13Sc3N16/__initial__/82/xtal_1.cif,39.92656,-25.686861
xtal_10.cif,./Al13Sc3N16/__initial__/82/xtal_10.cif,-14.617392,-9.971688
xtal_13.cif,./Al13Sc3N16/__initial__/82/xtal_13.cif,-50.74689,-35.06562
xtal_14.cif,./Al13Sc3N16/__initial__/82/xtal_14.cif,10.444535,-78.491264
xtal_16.cif,./Al13Sc3N16/__initial__/82/xtal_16.cif,45.65452,-80.00115
xtal_17.cif,./Al13Sc3N16/__initial__/82/xtal_17.cif,16.668081,-87.53134
xtal_2.cif,./Al13Sc3N16/__initial__/82/xtal_2.cif,57.380795,-83.64653
xtal_20.cif,./Al13Sc3N16/__initial__/82/xtal_20.cif,55.78916,-67.30396
xtal_22.cif,./Al13Sc3N16/__initial__/82/xtal_22.cif,-73.71661,-57.842144
xtal_24.cif,./Al13Sc3N16/__initial__/82/xtal_24.cif,37.453247,-41.98185
xtal_25.cif,./Al13Sc3N16/__initial__/82/xtal_25.cif,24.947687,30.609613
xtal_32.cif,./Al13Sc3N16/__initial__/82/xtal_32.cif,65.84772,72.38065
xtal_36.cif,./Al13Sc3N16/__initial__/82/xtal_36.cif,56.146927,7.7439637
xtal_37.cif,./Al13Sc3N16/__initial__/82/xtal_37.cif,-7.8040714,13.053176
xtal_39.cif,./Al13Sc3N16/__initial__/82/xtal_39.cif,52.891586,-66.5043
xtal_40.cif,./Al13Sc3N16/__initial__/82/xtal_40.cif,-69.373375,-59.396214
xtal_41.cif,./Al13Sc3N16/__initial__/82/xtal_41.cif,86.07228,40.529495
xtal_44.cif,./Al13Sc3N16/__initial__/82/xtal_44.cif,95.20433,-19.052877
xtal_45.cif,./Al13Sc3N16/__initial__/82/xtal_45.cif,70.41526,9.710832
xtal_47.cif,./Al13Sc3N16/__initial__/82/xtal_47.cif,-71.247635,-62.85855
xtal_48.cif,./Al13Sc3N16/__initial__/82/xtal_48.cif,87.39955,15.991195
xtal_52.cif,./Al13Sc3N16/__initial__/82/xtal_52.cif,45.98123,-31.486094
xtal_57.cif,./Al13Sc3N16/__initial__/82/xtal_57.cif,52.780678,-47.55587
xtal_59.cif,./Al13Sc3N16/__initial__/82/xtal_59.cif,17.282787,23.065344
xtal_6.cif,./Al13Sc3N16/__initial__/82/xtal_6.cif,-19.881498,-21.522514
xtal_62.cif,./Al13Sc3N16/__initial__/82/xtal_62.cif,32.655796,-70.55687
xtal_64.cif,./Al13Sc3N16/__initial__/82/xtal_64.cif,-58.542778,-9.662864
xtal_65.cif,./Al13Sc3N16/__initial__/82/xtal_65.cif,-54.03563,51.416626
xtal_66.cif,./Al13Sc3N16/__initial__/82/xtal_66.cif,-30.483305,3.341007
xtal_67.cif,./Al13Sc3N16/__initial__/82/xtal_67.cif,-34.302616,68.009636
xtal_68.cif,./Al13Sc3N16/__initial__/82/xtal_68.cif,-4.9982224,40.413296
xtal_7.cif,./Al13Sc3N16/__initial__/82/xtal_7.cif,66.1688,-82.960396
xtal_70.cif,./Al13Sc3N16/__initial__/82/xtal_70.cif,69.14515,-66.043526
xtal_71.cif,./Al13Sc3N16/__initial__/82/xtal_71.cif,-74.956436,-28.54931
xtal_72.cif,./Al13Sc3N16/__initial__/82/xtal_72.cif,-33.098145,-61.10955
xtal_73.cif,./Al13Sc3N16/__initial__/82/xtal_73.cif,-5.2677207,79.513054
xtal_74.cif,./Al13Sc3N16/__initial__/82/xtal_74.cif,39.447426,-70.328064
xtal_8.cif,./Al13Sc3N16/__initial__/82/xtal_8.cif,8.442454,-8.81121
xtal_80.cif,./Al13Sc3N16/__initial__/82/xtal_80.cif,3.5366564,48.6365
xtal_83.cif,./Al13Sc3N16/__initial__/82/xtal_83.cif,106.32088,-1.0145249
xtal_86.cif,./Al13Sc3N16/__initial__/82/xtal_86.cif,-103.8512,-2.476181
xtal_87.cif,./Al13Sc3N16/__initial__/82/xtal_87.cif,68.22592,3.2041643
xtal_89.cif,./Al13Sc3N16/__initial__/82/xtal_89.cif,-44.24155,-60.915375
xtal_90.cif,./Al13Sc3N16/__initial__/82/xtal_90.cif,-21.03172,37.605045
xtal_91.cif,./Al13Sc3N16/__initial__/82/xtal_91.cif,-76.76483,-50.53006
xtal_92.cif,./Al13Sc3N16/__initial__/82/xtal_92.cif,-29.020077,42.001175
xtal_94.cif,./Al13Sc3N16/__initial__/82/xtal_94.cif,-10.904595,-15.430865
xtal_95.cif,./Al13Sc3N16/__initial__/82/xtal_95.cif,34.859676,11.576693
xtal_97.cif,./Al13Sc3N16/__initial__/82/xtal_97.cif,51.24728,-26.26789
xtal_98.cif,./Al13Sc3N16/__initial__/82/xtal_98.cif,40.965878,30.527618
xtal_10.cif,./Al13Sc3N16/__initial__/83/xtal_10.cif,-74.014854,3.3658419
xtal_13.cif,./Al13Sc3N16/__initial__/83/xtal_13.cif,31.7068,35.97671
xtal_14.cif,./Al13Sc3N16/__initial__/83/xtal_14.cif,-36.939625,13.4997425
xtal_15.cif,./Al13Sc3N16/__initial__/83/xtal_15.cif,-13.4629135,85.09723
xtal_17.cif,./Al13Sc3N16/__initial__/83/xtal_17.cif,-4.882129,-13.241091
xtal_18.cif,./Al13Sc3N16/__initial__/83/xtal_18.cif,21.52682,35.379757
xtal_19.cif,./Al13Sc3N16/__initial__/83/xtal_19.cif,-86.43594,-28.46442
xtal_2.cif,./Al13Sc3N16/__initial__/83/xtal_2.cif,-65.79611,-6.3141284
xtal_22.cif,./Al13Sc3N16/__initial__/83/xtal_22.cif,-66.701294,-9.881043
xtal_23.cif,./Al13Sc3N16/__initial__/83/xtal_23.cif,32.87939,91.17276
xtal_24.cif,./Al13Sc3N16/__initial__/83/xtal_24.cif,-79.33705,-14.78507
xtal_27.cif,./Al13Sc3N16/__initial__/83/xtal_27.cif,51.47933,47.226833
xtal_28.cif,./Al13Sc3N16/__initial__/83/xtal_28.cif,-3.8584101,-33.719234
xtal_29.cif,./Al13Sc3N16/__initial__/83/xtal_29.cif,29.250559,93.923935
xtal_30.cif,./Al13Sc3N16/__initial__/83/xtal_30.cif,-10.238246,17.988367
xtal_33.cif,./Al13Sc3N16/__initial__/83/xtal_33.cif,-81.126884,-1.1319878
xtal_34.cif,./Al13Sc3N16/__initial__/83/xtal_34.cif,13.126034,-28.0266
xtal_36.cif,./Al13Sc3N16/__initial__/83/xtal_36.cif,-19.496973,-12.989809
xtal_37.cif,./Al13Sc3N16/__initial__/83/xtal_37.cif,-62.40957,65.62501
xtal_38.cif,./Al13Sc3N16/__initial__/83/xtal_38.cif,-56.173954,75.72787
xtal_4.cif,./Al13Sc3N16/__initial__/83/xtal_4.cif,-55.74934,-32.209305
xtal_41.cif,./Al13Sc3N16/__initial__/83/xtal_41.cif,-28.635063,3.8681905
xtal_42.cif,./Al13Sc3N16/__initial__/83/xtal_42.cif,-29.6219,28.857243
xtal_43.cif,./Al13Sc3N16/__initial__/83/xtal_43.cif,7.851524,-20.31345
xtal_47.cif,./Al13Sc3N16/__initial__/83/xtal_47.cif,-0.17895535,-7.8564463
xtal_50.cif,./Al13Sc3N16/__initial__/83/xtal_50.cif,-42.86866,-41.676086
xtal_52.cif,./Al13Sc3N16/__initial__/83/xtal_52.cif,-30.371622,42.97637
xtal_53.cif,./Al13Sc3N16/__initial__/83/xtal_53.cif,-13.943422,85.18976
xtal_55.cif,./Al13Sc3N16/__initial__/83/xtal_55.cif,-66.72283,-19.076036
xtal_58.cif,./Al13Sc3N16/__initial__/83/xtal_58.cif,-51.40876,-26.506023
xtal_6.cif,./Al13Sc3N16/__initial__/83/xtal_6.cif,37.751575,32.64451
xtal_61.cif,./Al13Sc3N16/__initial__/83/xtal_61.cif,53.531418,65.3873
xtal_62.cif,./Al13Sc3N16/__initial__/83/xtal_62.cif,-14.498753,86.11392
xtal_63.cif,./Al13Sc3N16/__initial__/83/xtal_63.cif,24.652046,28.715746
xtal_64.cif,./Al13Sc3N16/__initial__/83/xtal_64.cif,-37.43334,-10.380551
xtal_68.cif,./Al13Sc3N16/83/xtal_68.cif,-3.2214735,-38.50679
xtal_69.cif,./Al13Sc3N16/__initial__/83/xtal_69.cif,-24.036295,5.739256
xtal_7.cif,./Al13Sc3N16/__initial__/83/xtal_7.cif,-35.411247,21.79686
xtal_74.cif,./Al13Sc3N16/__initial__/83/xtal_74.cif,-65.30505,-39.12726
xtal_75.cif,./Al13Sc3N16/__initial__/83/xtal_75.cif,-62.371975,44.747078
xtal_78.cif,./Al13Sc3N16/__initial__/83/xtal_78.cif,19.272177,19.011688
xtal_79.cif,./Al13Sc3N16/__initial__/83/xtal_79.cif,-33.632446,23.185505
xtal_81.cif,./Al13Sc3N16/__initial__/83/xtal_81.cif,-38.033535,19.430105
xtal_82.cif,./Al13Sc3N16/__initial__/83/xtal_82.cif,54.499382,43.49573
xtal_84.cif,./Al13Sc3N16/__initial__/83/xtal_84.cif,-71.37428,71.08195
xtal_87.cif,./Al13Sc3N16/__initial__/83/xtal_87.cif,61.958023,70.50634
xtal_91.cif,./Al13Sc3N16/__initial__/83/xtal_91.cif,-81.963776,50.97163
xtal_93.cif,./Al13Sc3N16/__initial__/83/xtal_93.cif,-69.173744,25.407902
xtal_94.cif,./Al13Sc3N16/__initial__/83/xtal_94.cif,-48.11824,52.97467
xtal_95.cif,./Al13Sc3N16/__initial__/83/xtal_95.cif,-20.197954,23.37816
xtal_1.cif,./Al13Sc3N16/__initial__/84/xtal_1.cif,-32.487526,-17.46532
xtal_10.cif,./Al13Sc3N16/__initial__/84/xtal_10.cif,-11.01088,93.020294
xtal_100.cif,./Al13Sc3N16/__initial__/84/xtal_100.cif,18.807575,75.073006
xtal_11.cif,./Al13Sc3N16/__initial__/84/xtal_11.cif,-49.44859,-9.880092
xtal_14.cif,./Al13Sc3N16/__initial__/84/xtal_14.cif,-5.384329,91.2719
xtal_15.cif,./Al13Sc3N16/__initial__/84/xtal_15.cif,26.082884,1.4031289
xtal_16.cif,./Al13Sc3N16/__initial__/84/xtal_16.cif,37.398724,59.887856
xtal_18.cif,./Al13Sc3N16/__initial__/84/xtal_18.cif,3.17859,37.124485
xtal_2.cif,./Al13Sc3N16/__initial__/84/xtal_2.cif,-100.011925,-2.7896166
xtal_20.cif,./Al13Sc3N16/__initial__/84/xtal_20.cif,-44.099213,44.640003
xtal_22.cif,./Al13Sc3N16/__initial__/84/xtal_22.cif,-14.273621,40.998985
xtal_23.cif,./Al13Sc3N16/__initial__/84/xtal_23.cif,-79.183395,-29.921679
xtal_26.cif,./Al13Sc3N16/__initial__/84/xtal_26.cif,31.448616,22.64435
xtal_27.cif,./Al13Sc3N16/__initial__/84/xtal_27.cif,-45.516212,75.67834
xtal_28.cif,./Al13Sc3N16/__initial__/84/xtal_28.cif,-77.04829,77.38472
xtal_30.cif,./Al13Sc3N16/__initial__/84/xtal_30.cif,-25.656761,82.81047
xtal_31.cif,./Al13Sc3N16/__initial__/84/xtal_31.cif,49.5589,67.78653
xtal_32.cif,./Al13Sc3N16/__initial__/84/xtal_32.cif,41.1858,13.129516
xtal_33.cif,./Al13Sc3N16/__initial__/84/xtal_33.cif,4.5081153,0.36118627
xtal_34.cif,./Al13Sc3N16/__initial__/84/xtal_34.cif,-32.256096,82.2155
xtal_38.cif,./Al13Sc3N16/__initial__/84/xtal_38.cif,28.720774,16.552986
xtal_41.cif,./Al13Sc3N16/__initial__/84/xtal_41.cif,47.095886,47.835583
xtal_45.cif,./Al13Sc3N16/__initial__/84/xtal_45.cif,27.904057,46.382618
xtal_47.cif,./Al13Sc3N16/__initial__/84/xtal_47.cif,-50.800697,-46.729557
xtal_50.cif,./Al13Sc3N16/__initial__/84/xtal_50.cif,-41.304993,-16.629587
xtal_53.cif,./Al13Sc3N16/__initial__/84/xtal_53.cif,-31.2175,39.002213
xtal_54.cif,./Al13Sc3N16/__initial__/84/xtal_54.cif,-56.075317,82.990265
xtal_55.cif,./Al13Sc3N16/__initial__/84/xtal_55.cif,-9.421258,26.737799
xtal_56.cif,./Al13Sc3N16/__initial__/84/xtal_56.cif,-14.906489,-19.752748
xtal_59.cif,./Al13Sc3N16/__initial__/84/xtal_59.cif,12.438581,63.99588
xtal_6.cif,./Al13Sc3N16/__initial__/84/xtal_6.cif,55.255013,46.312294
xtal_63.cif,./Al13Sc3N16/__initial__/84/xtal_63.cif,11.018367,2.7926228
xtal_65.cif,./Al13Sc3N16/__initial__/84/xtal_65.cif,-86.508934,-12.749301
xtal_67.cif,./Al13Sc3N16/__initial__/84/xtal_67.cif,34.787464,61.043194
xtal_69.cif,./Al13Sc3N16/__initial__/84/xtal_69.cif,24.657644,85.52591
xtal_7.cif,./Al13Sc3N16/__initial__/84/xtal_7.cif,-38.321857,92.22295
xtal_71.cif,./Al13Sc3N16/__initial__/84/xtal_71.cif,-91.897575,-8.662317
xtal_72.cif,./Al13Sc3N16/__initial__/84/xtal_72.cif,-37.852276,-42.91107
xtal_73.cif,./Al13Sc3N16/__initial__/84/xtal_73.cif,-29.944477,4.7629404
xtal_76.cif,./Al13Sc3N16/__initial__/84/xtal_76.cif,-64.57055,43.800095
xtal_77.cif,./Al13Sc3N16/__initial__/84/xtal_77.cif,-14.898948,38.515434
xtal_78.cif,./Al13Sc3N16/__initial__/84/xtal_78.cif,-100.05665,1.4317915
xtal_82.cif,./Al13Sc3N16/__initial__/84/xtal_82.cif,-82.86887,1.2462106
xtal_85.cif,./Al13Sc3N16/__initial__/84/xtal_85.cif,45.230892,51.31572
xtal_86.cif,./Al13Sc3N16/__initial__/84/xtal_86.cif,4.8596935,88.67843
xtal_9.cif,./Al13Sc3N16/__initial__/84/xtal_9.cif,48.8866,53.838932
xtal_90.cif,./Al13Sc3N16/__initial__/84/xtal_90.cif,-100.87761,-11.476791
xtal_97.cif,./Al13Sc3N16/__initial__/84/xtal_97.cif,-44.936832,19.65747
xtal_98.cif,./Al13Sc3N16/__initial__/84/xtal_98.cif,-44.812115,-52.012287
xtal_99.cif,./Al13Sc3N16/__initial__/84/xtal_99.cif,20.833387,83.168564
xtal_1.cif,./Al13Sc3N16/__initial__/85/xtal_1.cif,-4.107154,52.051228
xtal_10.cif,./Al13Sc3N16/__initial__/85/xtal_10.cif,-28.899029,-51.91805
xtal_100.cif,./Al13Sc3N16/__initial__/85/xtal_100.cif,-68.80844,87.13269
xtal_12.cif,./Al13Sc3N16/__initial__/85/xtal_12.cif,-73.9572,-5.1941876
xtal_13.cif,./Al13Sc3N16/__initial__/85/xtal_13.cif,-19.930977,26.325989
xtal_17.cif,./Al13Sc3N16/__initial__/85/xtal_17.cif,-53.24429,5.9421954
xtal_18.cif,./Al13Sc3N16/__initial__/85/xtal_18.cif,-83.086136,2.2593307
xtal_19.cif,./Al13Sc3N16/__initial__/85/xtal_19.cif,-79.09196,-42.298325
xtal_2.cif,./Al13Sc3N16/__initial__/85/xtal_2.cif,-19.023325,31.278904
xtal_23.cif,./Al13Sc3N16/__initial__/85/xtal_23.cif,-42.308884,35.757942
xtal_28.cif,./Al13Sc3N16/__initial__/85/xtal_28.cif,-47.870712,-10.347463
xtal_3.cif,./Al13Sc3N16/__initial__/85/xtal_3.cif,-25.713762,46.360046
xtal_30.cif,./Al13Sc3N16/__initial__/85/xtal_30.cif,-0.566997,-14.535917
xtal_31.cif,./Al13Sc3N16/__initial__/85/xtal_31.cif,-85.5767,-11.533514
xtal_34.cif,./Al13Sc3N16/85/xtal_34.cif,-6.811389,-46.29608
xtal_36.cif,./Al13Sc3N16/__initial__/85/xtal_36.cif,11.410925,52.440327
xtal_37.cif,./Al13Sc3N16/__initial__/85/xtal_37.cif,48.852448,75.981735
xtal_38.cif,./Al13Sc3N16/__initial__/85/xtal_38.cif,49.864544,33.532375
xtal_39.cif,./Al13Sc3N16/__initial__/85/xtal_39.cif,-19.095253,-5.1366014
xtal_44.cif,./Al13Sc3N16/__initial__/85/xtal_44.cif,13.928526,-9.716082
xtal_45.cif,./Al13Sc3N16/__initial__/85/xtal_45.cif,-36.57813,-25.266619
xtal_46.cif,./Al13Sc3N16/__initial__/85/xtal_46.cif,-51.276,40.379536
xtal_47.cif,./Al13Sc3N16/__initial__/85/xtal_47.cif,-45.995827,19.888796
xtal_48.cif,./Al13Sc3N16/__initial__/85/xtal_48.cif,0.069113776,53.624252
xtal_49.cif,./Al13Sc3N16/__initial__/85/xtal_49.cif,55.067673,40.797264
xtal_5.cif,./Al13Sc3N16/__initial__/85/xtal_5.cif,-33.367504,88.21199
xtal_54.cif,./Al13Sc3N16/85/xtal_54.cif,40.380302,-16.234194
xtal_57.cif,./Al13Sc3N16/__initial__/85/xtal_57.cif,-13.912629,-0.2415982
xtal_58.cif,./Al13Sc3N16/__initial__/85/xtal_58.cif,-43.79854,17.074108
xtal_60.cif,./Al13Sc3N16/__initial__/85/xtal_60.cif,-49.958157,42.90179
xtal_61.cif,./Al13Sc3N16/__initial__/85/xtal_61.cif,45.09228,52.961735
xtal_64.cif,./Al13Sc3N16/__initial__/85/xtal_64.cif,-19.87542,58.00401
xtal_68.cif,./Al13Sc3N16/__initial__/85/xtal_68.cif,42.907673,33.050117
xtal_7.cif,./Al13Sc3N16/__initial__/85/xtal_7.cif,-32.808052,-11.222981
xtal_70.cif,./Al13Sc3N16/__initial__/85/xtal_70.cif,-2.6510181,-40.55501
xtal_72.cif,./Al13Sc3N16/__initial__/85/xtal_72.cif,-27.58579,-6.7281775
xtal_74.cif,./Al13Sc3N16/__initial__/85/xtal_74.cif,11.003154,29.56729
xtal_75.cif,./Al13Sc3N16/__initial__/85/xtal_75.cif,26.864164,79.806656
xtal_76.cif,./Al13Sc3N16/__initial__/85/xtal_76.cif,-86.49105,39.21567
xtal_81.cif,./Al13Sc3N16/__initial__/85/xtal_81.cif,-81.37179,-14.586956
xtal_82.cif,./Al13Sc3N16/__initial__/85/xtal_82.cif,-52.03188,46.9266
xtal_85.cif,./Al13Sc3N16/__initial__/85/xtal_85.cif,-20.474823,58.299362
xtal_86.cif,./Al13Sc3N16/__initial__/85/xtal_86.cif,-10.141308,65.096825
xtal_9.cif,./Al13Sc3N16/__initial__/85/xtal_9.cif,5.6158686,-11.4538555
xtal_90.cif,./Al13Sc3N16/__initial__/85/xtal_90.cif,-0.63633394,82.968605
xtal_92.cif,./Al13Sc3N16/__initial__/85/xtal_92.cif,-61.029102,82.02031
xtal_94.cif,./Al13Sc3N16/__initial__/85/xtal_94.cif,-50.123302,-9.491644
xtal_96.cif,./Al13Sc3N16/__initial__/85/xtal_96.cif,-76.207275,11.658754
xtal_97.cif,./Al13Sc3N16/__initial__/85/xtal_97.cif,-90.58209,-8.193363
xtal_99.cif,./Al13Sc3N16/__initial__/85/xtal_99.cif,-56.308193,55.43322
xtal_100.cif,./Al13Sc3N16/__initial__/86/xtal_100.cif,-39.942364,36.908768
xtal_11.cif,./Al13Sc3N16/__initial__/86/xtal_11.cif,-13.189603,53.9296
xtal_12.cif,./Al13Sc3N16/__initial__/86/xtal_12.cif,-98.44748,-25.95393
xtal_14.cif,./Al13Sc3N16/__initial__/86/xtal_14.cif,-25.624496,-53.146343
xtal_16.cif,./Al13Sc3N16/__initial__/86/xtal_16.cif,-25.745186,-50.598724
xtal_17.cif,./Al13Sc3N16/__initial__/86/xtal_17.cif,-39.80084,-43.504932
xtal_18.cif,./Al13Sc3N16/__initial__/86/xtal_18.cif,-40.088932,92.53507
xtal_19.cif,./Al13Sc3N16/__initial__/86/xtal_19.cif,-14.162891,-45.816975
xtal_21.cif,./Al13Sc3N16/__initial__/86/xtal_21.cif,-44.64722,-26.486473
xtal_22.cif,./Al13Sc3N16/__initial__/86/xtal_22.cif,18.719778,82.17048
xtal_24.cif,./Al13Sc3N16/__initial__/86/xtal_24.cif,-71.57215,-31.995447
xtal_28.cif,./Al13Sc3N16/__initial__/86/xtal_28.cif,0.3098867,73.41362
xtal_29.cif,./Al13Sc3N16/__initial__/86/xtal_29.cif,47.718956,27.34817
xtal_3.cif,./Al13Sc3N16/__initial__/86/xtal_3.cif,-22.718931,84.62038
xtal_30.cif,./Al13Sc3N16/__initial__/86/xtal_30.cif,-9.125922,9.140302
xtal_31.cif,./Al13Sc3N16/__initial__/86/xtal_31.cif,-29.315247,73.238205
xtal_32.cif,./Al13Sc3N16/__initial__/86/xtal_32.cif,-33.10148,-66.075874
xtal_33.cif,./Al13Sc3N16/__initial__/86/xtal_33.cif,-11.965687,7.8082848
xtal_35.cif,./Al13Sc3N16/__initial__/86/xtal_35.cif,8.234813,30.773182
xtal_38.cif,./Al13Sc3N16/__initial__/86/xtal_38.cif,-59.199146,-34.493908
xtal_4.cif,./Al13Sc3N16/__initial__/86/xtal_4.cif,10.785792,85.46148
xtal_42.cif,./Al13Sc3N16/__initial__/86/xtal_42.cif,-14.382064,-27.503279
xtal_44.cif,./Al13Sc3N16/__initial__/86/xtal_44.cif,-37.848103,13.205079
xtal_47.cif,./Al13Sc3N16/__initial__/86/xtal_47.cif,-0.428854,-30.26557
xtal_48.cif,./Al13Sc3N16/__initial__/86/xtal_48.cif,36.564415,44.55284
xtal_53.cif,./Al13Sc3N16/__initial__/86/xtal_53.cif,-31.857079,6.450734
xtal_54.cif,./Al13Sc3N16/__initial__/86/xtal_54.cif,-29.03261,-0.9838341
xtal_56.cif,./Al13Sc3N16/__initial__/86/xtal_56.cif,-44.94429,-49.267628
xtal_58.cif,./Al13Sc3N16/__initial__/86/xtal_58.cif,-46.540794,3.6415234
xtal_59.cif,./Al13Sc3N16/__initial__/86/xtal_59.cif,29.670977,25.814192
xtal_6.cif,./Al13Sc3N16/__initial__/86/xtal_6.cif,-30.343828,48.918076
xtal_62.cif,./Al13Sc3N16/__initial__/86/xtal_62.cif,-82.37219,-41.64868
xtal_63.cif,./Al13Sc3N16/__initial__/86/xtal_63.cif,-70.77361,-17.949999
xtal_64.cif,./Al13Sc3N16/__initial__/86/xtal_64.cif,-78.64869,43.39308
xtal_66.cif,./Al13Sc3N16/__initial__/86/xtal_66.cif,-13.655811,-17.378477
xtal_68.cif,./Al13Sc3N16/__initial__/86/xtal_68.cif,26.027964,39.650433
xtal_70.cif,./Al13Sc3N16/__initial__/86/xtal_70.cif,-15.712398,-27.701881
xtal_72.cif,./Al13Sc3N16/__initial__/86/xtal_72.cif,-24.044954,23.925571
xtal_74.cif,./Al13Sc3N16/__initial__/86/xtal_74.cif,-38.09421,30.200134
xtal_76.cif,./Al13Sc3N16/__initial__/86/xtal_76.cif,4.279489,-26.51354
xtal_77.cif,./Al13Sc3N16/__initial__/86/xtal_77.cif,-16.785812,49.165413
xtal_79.cif,./Al13Sc3N16/__initial__/86/xtal_79.cif,-72.659386,-45.669342
xtal_80.cif,./Al13Sc3N16/__initial__/86/xtal_80.cif,-69.0918,-9.979815
xtal_81.cif,./Al13Sc3N16/__initial__/86/xtal_81.cif,39.804688,32.92148
xtal_83.cif,./Al13Sc3N16/__initial__/86/xtal_83.cif,36.077213,81.97593
xtal_9.cif,./Al13Sc3N16/__initial__/86/xtal_9.cif,50.706783,52.16345
xtal_92.cif,./Al13Sc3N16/__initial__/86/xtal_92.cif,-11.950388,3.92657
xtal_96.cif,./Al13Sc3N16/__initial__/86/xtal_96.cif,5.0318933,40.90271
xtal_98.cif,./Al13Sc3N16/__initial__/86/xtal_98.cif,-82.93072,-46.137012
xtal_99.cif,./Al13Sc3N16/__initial__/86/xtal_99.cif,-7.3557997,20.361835
xtal_100.cif,./Al13Sc3N16/__initial__/87/xtal_100.cif,-50.022915,58.53794
xtal_11.cif,./Al13Sc3N16/__initial__/87/xtal_11.cif,6.9428077,29.62214
xtal_14.cif,./Al13Sc3N16/__initial__/87/xtal_14.cif,-17.936626,-2.502024
xtal_15.cif,./Al13Sc3N16/__initial__/87/xtal_15.cif,-27.525705,58.543602
xtal_16.cif,./Al13Sc3N16/__initial__/87/xtal_16.cif,-64.23807,-39.96621
xtal_17.cif,./Al13Sc3N16/__initial__/87/xtal_17.cif,-24.988667,-17.464422
xtal_18.cif,./Al13Sc3N16/__initial__/87/xtal_18.cif,-17.50638,26.345213
xtal_19.cif,./Al13Sc3N16/__initial__/87/xtal_19.cif,-47.28204,9.97429
xtal_2.cif,./Al13Sc3N16/__initial__/87/xtal_2.cif,-39.143223,-12.902296
xtal_21.cif,./Al13Sc3N16/__initial__/87/xtal_21.cif,29.635359,25.835478
xtal_22.cif,./Al13Sc3N16/__initial__/87/xtal_22.cif,-26.251978,43.262424
xtal_24.cif,./Al13Sc3N16/__initial__/87/xtal_24.cif,-17.005188,-29.057476
xtal_25.cif,./Al13Sc3N16/__initial__/87/xtal_25.cif,-32.03868,-24.169159
xtal_26.cif,./Al13Sc3N16/__initial__/87/xtal_26.cif,-61.59527,88.7824
xtal_27.cif,./Al13Sc3N16/__initial__/87/xtal_27.cif,-20.509424,71.50783
xtal_28.cif,./Al13Sc3N16/__initial__/87/xtal_28.cif,-5.886711,6.2953105
xtal_3.cif,./Al13Sc3N16/__initial__/87/xtal_3.cif,7.9590197,-2.63028
xtal_31.cif,./Al13Sc3N16/__initial__/87/xtal_31.cif,21.991455,84.89193
xtal_37.cif,./Al13Sc3N16/__initial__/87/xtal_37.cif,-60.85819,56.186066
xtal_38.cif,./Al13Sc3N16/__initial__/87/xtal_38.cif,-81.13016,5.5673795
xtal_39.cif,./Al13Sc3N16/__initial__/87/xtal_39.cif,-62.299637,5.2027345
xtal_4.cif,./Al13Sc3N16/__initial__/87/xtal_4.cif,-21.080458,63.058147
xtal_42.cif,./Al13Sc3N16/__initial__/87/xtal_42.cif,-0.47254664,-15.465707
xtal_43.cif,./Al13Sc3N16/__initial__/87/xtal_43.cif,-7.5490437,-41.10331
xtal_45.cif,./Al13Sc3N16/__initial__/87/xtal_45.cif,-20.711782,34.78163
xtal_47.cif,./Al13Sc3N16/__initial__/87/xtal_47.cif,-60.225224,6.328009
xtal_48.cif,./Al13Sc3N16/__initial__/87/xtal_48.cif,-38.105846,91.5571
xtal_52.cif,./Al13Sc3N16/__initial__/87/xtal_52.cif,-51.94911,6.2681518
xtal_54.cif,./Al13Sc3N16/__initial__/87/xtal_54.cif,-18.115,84.31448
xtal_56.cif,./Al13Sc3N16/__initial__/87/xtal_56.cif,-58.04237,11.246982
xtal_58.cif,./Al13Sc3N16/__initial__/87/xtal_58.cif,-16.937963,1.0013832
xtal_59.cif,./Al13Sc3N16/__initial__/87/xtal_59.cif,-14.804646,3.9836617
xtal_6.cif,./Al13Sc3N16/__initial__/87/xtal_6.cif,-73.82054,-5.9952593
xtal_61.cif,./Al13Sc3N16/__initial__/87/xtal_61.cif,57.963943,73.61494
xtal_67.cif,./Al13Sc3N16/__initial__/87/xtal_67.cif,-56.108574,66.133
xtal_7.cif,./Al13Sc3N16/__initial__/87/xtal_7.cif,-5.881063,-46.362396
xtal_71.cif,./Al13Sc3N16/__initial__/87/xtal_71.cif,-58.937973,36.357746
xtal_72.cif,./Al13Sc3N16/__initial__/87/xtal_72.cif,-84.77475,22.89517
xtal_74.cif,./Al13Sc3N16/__initial__/87/xtal_74.cif,-2.5280101,-38.283417
xtal_77.cif,./Al13Sc3N16/__initial__/87/xtal_77.cif,46.571743,86.56177
xtal_79.cif,./Al13Sc3N16/__initial__/87/xtal_79.cif,-57.38516,-50.73466
xtal_8.cif,./Al13Sc3N16/__initial__/87/xtal_8.cif,-91.29199,-10.904931
xtal_84.cif,./Al13Sc3N16/__initial__/87/xtal_84.cif,-27.009575,-15.049013
xtal_89.cif,./Al13Sc3N16/__initial__/87/xtal_89.cif,21.289793,6.920739
xtal_9.cif,./Al13Sc3N16/__initial__/87/xtal_9.cif,-8.245623,83.46342
xtal_90.cif,./Al13Sc3N16/__initial__/87/xtal_90.cif,-30.898556,68.13933
xtal_94.cif,./Al13Sc3N16/__initial__/87/xtal_94.cif,-81.06874,55.390545
xtal_95.cif,./Al13Sc3N16/__initial__/87/xtal_95.cif,-89.702965,-24.304815
xtal_96.cif,./Al13Sc3N16/__initial__/87/xtal_96.cif,-43.708282,50.060387
xtal_99.cif,./Al13Sc3N16/__initial__/87/xtal_99.cif,-42.73701,76.94526
xtal_10.cif,./Al13Sc3N16/__initial__/89/xtal_10.cif,-33.656116,3.3692312
xtal_100.cif,./Al13Sc3N16/__initial__/89/xtal_100.cif,38.370728,13.807962
xtal_11.cif,./Al13Sc3N16/__initial__/89/xtal_11.cif,28.99575,68.14283
xtal_13.cif,./Al13Sc3N16/__initial__/89/xtal_13.cif,-21.415216,87.53321
xtal_14.cif,./Al13Sc3N16/__initial__/89/xtal_14.cif,-53.333515,28.472334
xtal_17.cif,./Al13Sc3N16/__initial__/89/xtal_17.cif,-78.575386,55.031193
xtal_18.cif,./Al13Sc3N16/__initial__/89/xtal_18.cif,-90.07134,-0.86277825
xtal_19.cif,./Al13Sc3N16/__initial__/89/xtal_19.cif,11.747126,81.6081
xtal_20.cif,./Al13Sc3N16/__initial__/89/xtal_20.cif,-37.116817,-23.862083
xtal_21.cif,./Al13Sc3N16/__initial__/89/xtal_21.cif,-55.899513,-50.590385
xtal_23.cif,./Al13Sc3N16/__initial__/89/xtal_23.cif,-47.609615,52.098988
xtal_24.cif,./Al13Sc3N16/__initial__/89/xtal_24.cif,-39.73401,28.962404
xtal_28.cif,./Al13Sc3N16/89/xtal_28.cif,-12.027624,-52.76922
xtal_34.cif,./Al13Sc3N16/__initial__/89/xtal_34.cif,-4.5840116,51.911587
xtal_35.cif,./Al13Sc3N16/__initial__/89/xtal_35.cif,-48.154057,-70.713554
xtal_36.cif,./Al13Sc3N16/__initial__/89/xtal_36.cif,-54.52125,79.31479
xtal_39.cif,./Al13Sc3N16/__initial__/89/xtal_39.cif,7.1895566,-0.3426118
xtal_4.cif,./Al13Sc3N16/__initial__/89/xtal_4.cif,-84.67257,28.662119
xtal_41.cif,./Al13Sc3N16/__initial__/89/xtal_41.cif,3.434944,38.882244
xtal_42.cif,./Al13Sc3N16/__initial__/89/xtal_42.cif,-28.153719,29.145151
xtal_48.cif,./Al13Sc3N16/89/xtal_48.cif,6.9377246,-7.0723467
xtal_49.cif,./Al13Sc3N16/__initial__/89/xtal_49.cif,-14.106749,38.28595
xtal_50.cif,./Al13Sc3N16/__initial__/89/xtal_50.cif,-64.29776,76.08722
xtal_51.cif,./Al13Sc3N16/__initial__/89/xtal_51.cif,-48.733864,-13.420101
xtal_52.cif,./Al13Sc3N16/__initial__/89/xtal_52.cif,-81.36226,53.612206
xtal_53.cif,./Al13Sc3N16/__initial__/89/xtal_53.cif,-32.659676,42.43824
xtal_55.cif,./Al13Sc3N16/__initial__/89/xtal_55.cif,-80.62969,30.99674
xtal_57.cif,./Al13Sc3N16/__initial__/89/xtal_57.cif,25.399517,28.189253
xtal_58.cif,./Al13Sc3N16/__initial__/89/xtal_58.cif,-47.565575,4.1125093
xtal_59.cif,./Al13Sc3N16/__initial__/89/xtal_59.cif,-67.033424,14.352257
xtal_6.cif,./Al13Sc3N16/__initial__/89/xtal_6.cif,-35.94464,75.68506
xtal_60.cif,./Al13Sc3N16/__initial__/89/xtal_60.cif,-6.181663,91.55377
xtal_61.cif,./Al13Sc3N16/89/xtal_61.cif,6.205487,40.53963
xtal_67.cif,./Al13Sc3N16/__initial__/89/xtal_67.cif,-88.22679,7.2688212
xtal_68.cif,./Al13Sc3N16/__initial__/89/xtal_68.cif,47.079647,53.74654
xtal_71.cif,./Al13Sc3N16/__initial__/89/xtal_71.cif,9.175048,93.39224
xtal_73.cif,./Al13Sc3N16/__initial__/89/xtal_73.cif,-72.8072,12.351885
xtal_74.cif,./Al13Sc3N16/__initial__/89/xtal_74.cif,-25.200966,8.905631
xtal_75.cif,./Al13Sc3N16/__initial__/89/xtal_75.cif,2.6796138,38.658615
xtal_76.cif,./Al13Sc3N16/__initial__/89/xtal_76.cif,-63.212185,-19.686018
xtal_77.cif,./Al13Sc3N16/__initial__/89/xtal_77.cif,-64.905945,76.99066
xtal_78.cif,./Al13Sc3N16/__initial__/89/xtal_78.cif,-13.557387,81.730064
xtal_81.cif,./Al13Sc3N16/__initial__/89/xtal_81.cif,-36.838123,23.330807
xtal_82.cif,./Al13Sc3N16/__initial__/89/xtal_82.cif,38.264828,54.08291
xtal_83.cif,./Al13Sc3N16/__initial__/89/xtal_83.cif,-24.031355,69.74549
xtal_84.cif,./Al13Sc3N16/__initial__/89/xtal_84.cif,-55.849403,66.67757
xtal_85.cif,./Al13Sc3N16/__initial__/89/xtal_85.cif,-63.833042,30.733683
xtal_87.cif,./Al13Sc3N16/__initial__/89/xtal_87.cif,-77.37984,53.208195
xtal_95.cif,./Al13Sc3N16/__initial__/89/xtal_95.cif,-67.55262,-7.7159114
xtal_96.cif,./Al13Sc3N16/__initial__/89/xtal_96.cif,-48.478203,-68.80572
xtal_1.cif,./Al13Sc3N16/__initial__/90/xtal_1.cif,-0.8669258,87.74264
xtal_10.cif,./Al13Sc3N16/__initial__/90/xtal_10.cif,-33.018482,4.394548
xtal_12.cif,./Al13Sc3N16/__initial__/90/xtal_12.cif,-51.749245,-15.94907
xtal_17.cif,./Al13Sc3N16/__initial__/90/xtal_17.cif,46.145645,20.362417
xtal_2.cif,./Al13Sc3N16/__initial__/90/xtal_2.cif,-59.85451,60.280617
xtal_20.cif,./Al13Sc3N16/__initial__/90/xtal_20.cif,21.155525,83.80546
xtal_22.cif,./Al13Sc3N16/__initial__/90/xtal_22.cif,-40.24934,83.958275
xtal_23.cif,./Al13Sc3N16/__initial__/90/xtal_23.cif,-61.536377,50.69464
xtal_24.cif,./Al13Sc3N16/__initial__/90/xtal_24.cif,-0.8607618,1.4119332
xtal_25.cif,./Al13Sc3N16/__initial__/90/xtal_25.cif,4.6175337,41.07586
xtal_26.cif,./Al13Sc3N16/__initial__/90/xtal_26.cif,47.710785,37.409664
xtal_27.cif,./Al13Sc3N16/__initial__/90/xtal_27.cif,-77.28925,24.191868
xtal_28.cif,./Al13Sc3N16/90/xtal_28.cif,26.282892,69.57216
xtal_3.cif,./Al13Sc3N16/__initial__/90/xtal_3.cif,31.464935,-5.573442
xtal_30.cif,./Al13Sc3N16/__initial__/90/xtal_30.cif,-14.309803,63.49063
xtal_32.cif,./Al13Sc3N16/__initial__/90/xtal_32.cif,-62.626987,-15.628071
xtal_34.cif,./Al13Sc3N16/__initial__/90/xtal_34.cif,-22.977135,30.255413
xtal_36.cif,./Al13Sc3N16/__initial__/90/xtal_36.cif,20.137726,-3.2075148
xtal_37.cif,./Al13Sc3N16/__initial__/90/xtal_37.cif,-49.826008,43.24855
xtal_38.cif,./Al13Sc3N16/__initial__/90/xtal_38.cif,-20.232716,89.88084
xtal_4.cif,./Al13Sc3N16/__initial__/90/xtal_4.cif,9.742879,82.55374
xtal_40.cif,./Al13Sc3N16/90/xtal_40.cif,-6.7468867,-70.407715
xtal_44.cif,./Al13Sc3N16/__initial__/90/xtal_44.cif,-28.809017,-57.308846
xtal_49.cif,./Al13Sc3N16/__initial__/90/xtal_49.cif,-81.18246,27.420834
xtal_53.cif,./Al13Sc3N16/__initial__/90/xtal_53.cif,-81.76984,-2.8738923
xtal_54.cif,./Al13Sc3N16/__initial__/90/xtal_54.cif,26.567493,75.314896
xtal_56.cif,./Al13Sc3N16/__initial__/90/xtal_56.cif,6.6783047,-32.78107
xtal_59.cif,./Al13Sc3N16/__initial__/90/xtal_59.cif,10.15529,-30.479609
xtal_61.cif,./Al13Sc3N16/__initial__/90/xtal_61.cif,-82.33225,10.338868
xtal_63.cif,./Al13Sc3N16/__initial__/90/xtal_63.cif,-30.12911,85.39418
xtal_65.cif,./Al13Sc3N16/__initial__/90/xtal_65.cif,-88.08339,4.402373
xtal_67.cif,./Al13Sc3N16/__initial__/90/xtal_67.cif,-44.819454,-47.00575
xtal_68.cif,./Al13Sc3N16/__initial__/90/xtal_68.cif,15.389382,63.310284
xtal_7.cif,./Al13Sc3N16/__initial__/90/xtal_7.cif,4.940909,88.66873
xtal_73.cif,./Al13Sc3N16/__initial__/90/xtal_73.cif,7.940968,-4.0192432
xtal_74.cif,./Al13Sc3N16/__initial__/90/xtal_74.cif,7.765268,54.934944
xtal_75.cif,./Al13Sc3N16/__initial__/90/xtal_75.cif,-10.888427,37.890457
xtal_76.cif,./Al13Sc3N16/__initial__/90/xtal_76.cif,-62.56569,45.48559
xtal_79.cif,./Al13Sc3N16/__initial__/90/xtal_79.cif,33.407986,87.22564
xtal_81.cif,./Al13Sc3N16/__initial__/90/xtal_81.cif,-55.689713,39.98124
xtal_82.cif,./Al13Sc3N16/__initial__/90/xtal_82.cif,-73.79522,69.5578
xtal_83.cif,./Al13Sc3N16/__initial__/90/xtal_83.cif,-62.517548,-11.185895
xtal_84.cif,./Al13Sc3N16/__initial__/90/xtal_84.cif,13.111555,23.283197
xtal_88.cif,./Al13Sc3N16/__initial__/90/xtal_88.cif,-77.31385,-20.479519
xtal_91.cif,./Al13Sc3N16/__initial__/90/xtal_91.cif,-31.986967,8.123202
xtal_93.cif,./Al13Sc3N16/__initial__/90/xtal_93.cif,-27.76366,-57.35457
xtal_94.cif,./Al13Sc3N16/__initial__/90/xtal_94.cif,-73.7733,-27.774483
xtal_96.cif,./Al13Sc3N16/__initial__/90/xtal_96.cif,-38.03234,80.1458
xtal_98.cif,./Al13Sc3N16/__initial__/90/xtal_98.cif,-57.218967,54.68977
xtal_99.cif,./Al13Sc3N16/__initial__/90/xtal_99.cif,-86.197296,5.612308
xtal_1.cif,./Al13Sc3N16/__initial__/93/xtal_1.cif,-61.614334,55.449757
xtal_12.cif,./Al13Sc3N16/__initial__/93/xtal_12.cif,-66.280655,86.140686
xtal_13.cif,./Al13Sc3N16/__initial__/93/xtal_13.cif,16.76571,49.055347
xtal_14.cif,./Al13Sc3N16/__initial__/93/xtal_14.cif,12.289211,51.063015
xtal_15.cif,./Al13Sc3N16/__initial__/93/xtal_15.cif,-50.131977,-20.75169
xtal_20.cif,./Al13Sc3N16/__initial__/93/xtal_20.cif,44.194138,39.18741
xtal_24.cif,./Al13Sc3N16/__initial__/93/xtal_24.cif,0.29186326,22.92629
xtal_25.cif,./Al13Sc3N16/__initial__/93/xtal_25.cif,-102.307076,-4.0798125
xtal_27.cif,./Al13Sc3N16/__initial__/93/xtal_27.cif,-14.423176,65.780045
xtal_28.cif,./Al13Sc3N16/__initial__/93/xtal_28.cif,-34.00075,-22.700008
xtal_29.cif,./Al13Sc3N16/__initial__/93/xtal_29.cif,39.120502,36.767372
xtal_3.cif,./Al13Sc3N16/__initial__/93/xtal_3.cif,-35.291668,-36.46069
xtal_35.cif,./Al13Sc3N16/__initial__/93/xtal_35.cif,-63.382355,-27.119019
xtal_39.cif,./Al13Sc3N16/__initial__/93/xtal_39.cif,-55.30641,67.20031
xtal_4.cif,./Al13Sc3N16/93/xtal_4.cif,-10.933696,-56.590183
xtal_40.cif,./Al13Sc3N16/__initial__/93/xtal_40.cif,-40.793842,-70.71489
xtal_41.cif,./Al13Sc3N16/__initial__/93/xtal_41.cif,-86.87742,-28.964197
xtal_47.cif,./Al13Sc3N16/__initial__/93/xtal_47.cif,-34.944878,-39.866936
xtal_48.cif,./Al13Sc3N16/__initial__/93/xtal_48.cif,2.7536585,75.98957
xtal_5.cif,./Al13Sc3N16/__initial__/93/xtal_5.cif,32.46236,12.704836
xtal_50.cif,./Al13Sc3N16/__initial__/93/xtal_50.cif,27.173561,51.416027
xtal_51.cif,./Al13Sc3N16/__initial__/93/xtal_51.cif,29.372694,89.853676
xtal_54.cif,./Al13Sc3N16/__initial__/93/xtal_54.cif,-14.4981985,43.775402
xtal_55.cif,./Al13Sc3N16/__initial__/93/xtal_55.cif,-28.630205,-46.022186
xtal_58.cif,./Al13Sc3N16/93/xtal_58.cif,39.72899,2.6484318
xtal_60.cif,./Al13Sc3N16/__initial__/93/xtal_60.cif,-32.703857,42.56918
xtal_61.cif,./Al13Sc3N16/__initial__/93/xtal_61.cif,-50.976116,-27.226517
xtal_63.cif,./Al13Sc3N16/__initial__/93/xtal_63.cif,-33.803726,81.662636
xtal_66.cif,./Al13Sc3N16/__initial__/93/xtal_66.cif,-28.062494,42.55223
xtal_67.cif,./Al13Sc3N16/__initial__/93/xtal_67.cif,12.55375,58.63625
xtal_69.cif,./Al13Sc3N16/__initial__/93/xtal_69.cif,4.9261017,37.519814
xtal_7.cif,./Al13Sc3N16/__initial__/93/xtal_7.cif,-54.268856,60.898285
xtal_73.cif,./Al13Sc3N16/__initial__/93/xtal_73.cif,-45.273254,75.281906
xtal_77.cif,./Al13Sc3N16/__initial__/93/xtal_77.cif,-16.631983,35.641834
xtal_80.cif,./Al13Sc3N16/__initial__/93/xtal_80.cif,48.754833,30.687798
xtal_81.cif,./Al13Sc3N16/__initial__/93/xtal_81.cif,33.356613,16.870361
xtal_82.cif,./Al13Sc3N16/__initial__/93/xtal_82.cif,-16.874409,2.9127936
xtal_83.cif,./Al13Sc3N16/__initial__/93/xtal_83.cif,-47.221653,47.05804
xtal_84.cif,./Al13Sc3N16/__initial__/93/xtal_84.cif,-2.9798899,35.08784
xtal_85.cif,./Al13Sc3N16/__initial__/93/xtal_85.cif,-49.29259,23.501799
xtal_87.cif,./Al13Sc3N16/93/xtal_87.cif,12.284828,22.297523
xtal_88.cif,./Al13Sc3N16/__initial__/93/xtal_88.cif,-53.241478,49.58657
xtal_89.cif,./Al13Sc3N16/__initial__/93/xtal_89.cif,-36.70945,-62.32561
xtal_9.cif,./Al13Sc3N16/__initial__/93/xtal_9.cif,-11.026469,51.544052
xtal_90.cif,./Al13Sc3N16/__initial__/93/xtal_90.cif,4.7584057,-20.152716
xtal_92.cif,./Al13Sc3N16/__initial__/93/xtal_92.cif,50.935528,56.990612
xtal_96.cif,./Al13Sc3N16/__initial__/93/xtal_96.cif,-26.115028,-37.058395
xtal_97.cif,./Al13Sc3N16/__initial__/93/xtal_97.cif,-11.011315,1.8642519
xtal_98.cif,./Al13Sc3N16/__initial__/93/xtal_98.cif,-14.276547,-22.467216
xtal_99.cif,./Al13Sc3N16/__initial__/93/xtal_99.cif,-7.127232,15.249855
xtal_1.cif,./Al13Sc3N16/__initial__/94/xtal_1.cif,52.482697,53.02052
xtal_100.cif,./Al13Sc3N16/__initial__/94/xtal_100.cif,-18.999813,-57.580948
xtal_11.cif,./Al13Sc3N16/__initial__/94/xtal_11.cif,11.666052,56.567116
xtal_12.cif,./Al13Sc3N16/__initial__/94/xtal_12.cif,9.733319,-6.4720874
xtal_13.cif,./Al13Sc3N16/__initial__/94/xtal_13.cif,-81.94086,-2.7181346
xtal_15.cif,./Al13Sc3N16/__initial__/94/xtal_15.cif,-19.623411,87.75069
xtal_17.cif,./Al13Sc3N16/__initial__/94/xtal_17.cif,-33.38027,-39.329185
xtal_19.cif,./Al13Sc3N16/__initial__/94/xtal_19.cif,-32.839005,-45.259815
xtal_2.cif,./Al13Sc3N16/__initial__/94/xtal_2.cif,64.13079,58.22113
xtal_20.cif,./Al13Sc3N16/__initial__/94/xtal_20.cif,-98.685616,-25.88807
xtal_22.cif,./Al13Sc3N16/__initial__/94/xtal_22.cif,-10.054027,57.018333
xtal_23.cif,./Al13Sc3N16/__initial__/94/xtal_23.cif,-14.76078,-2.5029643
xtal_24.cif,./Al13Sc3N16/__initial__/94/xtal_24.cif,-18.773323,-27.85483
xtal_25.cif,./Al13Sc3N16/__initial__/94/xtal_25.cif,7.771948,-32.069073
xtal_26.cif,./Al13Sc3N16/__initial__/94/xtal_26.cif,7.9758615,29.604994
xtal_27.cif,./Al13Sc3N16/__initial__/94/xtal_27.cif,8.64907,67.314224
xtal_28.cif,./Al13Sc3N16/__initial__/94/xtal_28.cif,-3.1009674,91.18132
xtal_29.cif,./Al13Sc3N16/__initial__/94/xtal_29.cif,33.702667,27.071108
xtal_31.cif,./Al13Sc3N16/__initial__/94/xtal_31.cif,20.790781,80.623344
xtal_32.cif,./Al13Sc3N16/__initial__/94/xtal_32.cif,-49.91725,56.413113
xtal_33.cif,./Al13Sc3N16/__initial__/94/xtal_33.cif,-6.422061,74.521095
xtal_34.cif,./Al13Sc3N16/__initial__/94/xtal_34.cif,26.436516,86.3047
xtal_36.cif,./Al13Sc3N16/__initial__/94/xtal_36.cif,44.325966,75.04431
xtal_4.cif,./Al13Sc3N16/__initial__/94/xtal_4.cif,13.77355,-16.879396
xtal_42.cif,./Al13Sc3N16/__initial__/94/xtal_42.cif,-55.59791,-50.744064
xtal_43.cif,./Al13Sc3N16/__initial__/94/xtal_43.cif,-7.7395816,-25.651491
xtal_44.cif,./Al13Sc3N16/__initial__/94/xtal_44.cif,11.897457,67.45237
xtal_46.cif,./Al13Sc3N16/__initial__/94/xtal_46.cif,-38.455452,33.01174
xtal_47.cif,./Al13Sc3N16/__initial__/94/xtal_47.cif,21.552788,32.674595
xtal_5.cif,./Al13Sc3N16/__initial__/94/xtal_5.cif,8.149343,22.780718
xtal_55.cif,./Al13Sc3N16/__initial__/94/xtal_55.cif,-57.206734,-47.216106
xtal_56.cif,./Al13Sc3N16/__initial__/94/xtal_56.cif,-61.01975,63.01086
xtal_57.cif,./Al13Sc3N16/__initial__/94/xtal_57.cif,-6.963525,1.3399152
xtal_59.cif,./Al13Sc3N16/__initial__/94/xtal_59.cif,55.758755,39.92581
xtal_6.cif,./Al13Sc3N16/__initial__/94/xtal_6.cif,-24.404623,-38.735664
xtal_60.cif,./Al13Sc3N16/__initial__/94/xtal_60.cif,-14.747786,-41.84438
xtal_62.cif,./Al13Sc3N16/__initial__/94/xtal_62.cif,23.395378,21.585701
xtal_66.cif,./Al13Sc3N16/__initial__/94/xtal_66.cif,-81.83611,48.185326
xtal_67.cif,./Al13Sc3N16/__initial__/94/xtal_67.cif,-27.395845,-46.677063
xtal_7.cif,./Al13Sc3N16/__initial__/94/xtal_7.cif,-34.006912,-63.879833
xtal_71.cif,./Al13Sc3N16/__initial__/94/xtal_71.cif,6.7653794,22.514132
xtal_73.cif,./Al13Sc3N16/__initial__/94/xtal_73.cif,30.2368,16.200756
xtal_75.cif,./Al13Sc3N16/__initial__/94/xtal_75.cif,-52.09138,-51.53219
xtal_77.cif,./Al13Sc3N16/__initial__/94/xtal_77.cif,35.09897,48.663635
xtal_8.cif,./Al13Sc3N16/__initial__/94/xtal_8.cif,9.429222,82.718155
xtal_86.cif,./Al13Sc3N16/__initial__/94/xtal_86.cif,40.827644,9.832189
xtal_88.cif,./Al13Sc3N16/__initial__/94/xtal_88.cif,-56.2421,-12.861044
xtal_89.cif,./Al13Sc3N16/__initial__/94/xtal_89.cif,-21.585571,44.54131
xtal_93.cif,./Al13Sc3N16/__initial__/94/xtal_93.cif,-44.239326,-69.69614
xtal_98.cif,./Al13Sc3N16/__initial__/94/xtal_98.cif,-66.11019,-40.60623
xtal_1.cif,./Al13Sc3N16/__initial__/97/xtal_1.cif,-33.165604,91.30955
xtal_10.cif,./Al13Sc3N16/__initial__/97/xtal_10.cif,-43.605972,29.686663
xtal_100.cif,./Al13Sc3N16/__initial__/97/xtal_100.cif,55.382217,71.37485
xtal_12.cif,./Al13Sc3N16/__initial__/97/xtal_12.cif,20.445963,21.199282
xtal_13.cif,./Al13Sc3N16/__initial__/97/xtal_13.cif,36.09118,9.071426
xtal_15.cif,./Al13Sc3N16/__initial__/97/xtal_15.cif,-41.320267,74.46056
xtal_17.cif,./Al13Sc3N16/__initial__/97/xtal_17.cif,-102.05211,-3.237234
xtal_18.cif,./Al13Sc3N16/__initial__/97/xtal_18.cif,-28.626314,36.196777
xtal_2.cif,./Al13Sc3N16/__initial__/97/xtal_2.cif,-48.012985,85.496666
xtal_20.cif,./Al13Sc3N16/__initial__/97/xtal_20.cif,-22.661928,58.38638
xtal_22.cif,./Al13Sc3N16/__initial__/97/xtal_22.cif,-50.878155,66.96175
xtal_23.cif,./Al13Sc3N16/__initial__/97/xtal_23.cif,-40.951504,37.602173
xtal_26.cif,./Al13Sc3N16/__initial__/97/xtal_26.cif,-68.75829,45.744755
xtal_27.cif,./Al13Sc3N16/__initial__/97/xtal_27.cif,-12.029057,19.183784
xtal_28.cif,./Al13Sc3N16/__initial__/97/xtal_28.cif,-40.30476,5.3751783
xtal_29.cif,./Al13Sc3N16/__initial__/97/xtal_29.cif,-76.38389,-4.406175
xtal_3.cif,./Al13Sc3N16/__initial__/97/xtal_3.cif,-4.0300694,58.63037
xtal_31.cif,./Al13Sc3N16/__initial__/97/xtal_31.cif,-41.878857,79.51926
xtal_32.cif,./Al13Sc3N16/__initial__/97/xtal_32.cif,-74.49845,18.751057
xtal_33.cif,./Al13Sc3N16/__initial__/97/xtal_33.cif,-63.913635,37.79219
xtal_36.cif,./Al13Sc3N16/__initial__/97/xtal_36.cif,-62.002563,34.980816
xtal_37.cif,./Al13Sc3N16/__initial__/97/xtal_37.cif,-77.97503,71.33735
xtal_41.cif,./Al13Sc3N16/__initial__/97/xtal_41.cif,-21.117445,54.220078
xtal_42.cif,./Al13Sc3N16/__initial__/97/xtal_42.cif,39.166603,81.33438
xtal_44.cif,./Al13Sc3N16/__initial__/97/xtal_44.cif,13.506223,10.969218
xtal_50.cif,./Al13Sc3N16/__initial__/97/xtal_50.cif,-23.120026,-24.225477
xtal_52.cif,./Al13Sc3N16/__initial__/97/xtal_52.cif,20.227692,15.72372
xtal_53.cif,./Al13Sc3N16/__initial__/97/xtal_53.cif,-74.11866,70.45875
xtal_54.cif,./Al13Sc3N16/__initial__/97/xtal_54.cif,-14.528256,70.11747
xtal_55.cif,./Al13Sc3N16/__initial__/97/xtal_55.cif,-41.17283,-17.718521
xtal_56.cif,./Al13Sc3N16/__initial__/97/xtal_56.cif,-30.001083,-73.03722
xtal_57.cif,./Al13Sc3N16/__initial__/97/xtal_57.cif,-28.19444,-5.665215
xtal_59.cif,./Al13Sc3N16/__initial__/97/xtal_59.cif,-48.326904,77.54824
xtal_62.cif,./Al13Sc3N16/__initial__/97/xtal_62.cif,14.502205,78.27381
xtal_63.cif,./Al13Sc3N16/__initial__/97/xtal_63.cif,-76.34465,60.814644
xtal_66.cif,./Al13Sc3N16/__initial__/97/xtal_66.cif,-87.754135,10.450184
xtal_68.cif,./Al13Sc3N16/__initial__/97/xtal_68.cif,21.917646,85.77432
xtal_70.cif,./Al13Sc3N16/__initial__/97/xtal_70.cif,41.49991,33.252815
xtal_72.cif,./Al13Sc3N16/__initial__/97/xtal_72.cif,-56.734695,-15.011572
xtal_73.cif,./Al13Sc3N16/__initial__/97/xtal_73.cif,-81.01434,34.018368
xtal_74.cif,./Al13Sc3N16/__initial__/97/xtal_74.cif,-83.634964,12.551615
xtal_81.cif,./Al13Sc3N16/__initial__/97/xtal_81.cif,-75.12338,-33.630646
xtal_82.cif,./Al13Sc3N16/__initial__/97/xtal_82.cif,-51.76579,9.50702
xtal_88.cif,./Al13Sc3N16/__initial__/97/xtal_88.cif,-83.97802,28.089323
xtal_9.cif,./Al13Sc3N16/__initial__/97/xtal_9.cif,-58.13017,72.05059
xtal_91.cif,./Al13Sc3N16/__initial__/97/xtal_91.cif,-44.585808,-40.43855
xtal_93.cif,./Al13Sc3N16/97/xtal_93.cif,-17.74795,-67.0483
xtal_95.cif,./Al13Sc3N16/__initial__/97/xtal_95.cif,-15.204832,51.817726
xtal_96.cif,./Al13Sc3N16/97/xtal_96.cif,-96.60218,-45.156418
xtal_98.cif,./Al13Sc3N16/__initial__/97/xtal_98.cif,8.912149,89.42763
xtal_100.cif,./Al13Sc3N16/99/xtal_100.cif,24.919748,-42.993626
xtal_11.cif,./Al13Sc3N16/__initial__/99/xtal_11.cif,84.916824,20.246126
xtal_13.cif,./Al13Sc3N16/__initial__/99/xtal_13.cif,52.083622,48.533943
xtal_14.cif,./Al13Sc3N16/__initial__/99/xtal_14.cif,65.14827,-88.3724
xtal_16.cif,./Al13Sc3N16/__initial__/99/xtal_16.cif,23.147688,-1.9778069
xtal_17.cif,./Al13Sc3N16/__initial__/99/xtal_17.cif,87.215546,-55.401333
xtal_20.cif,./Al13Sc3N16/__initial__/99/xtal_20.cif,-69.41536,-4.733142
xtal_21.cif,./Al13Sc3N16/__initial__/99/xtal_21.cif,98.84729,-42.482857
xtal_22.cif,./Al13Sc3N16/99/xtal_22.cif,-37.173588,-84.55577
xtal_23.cif,./Al13Sc3N16/__initial__/99/xtal_23.cif,-37.043526,68.84833
xtal_25.cif,./Al13Sc3N16/__initial__/99/xtal_25.cif,81.83677,-23.548977
xtal_26.cif,./Al13Sc3N16/__initial__/99/xtal_26.cif,99.624,-37.61129
xtal_29.cif,./Al13Sc3N16/__initial__/99/xtal_29.cif,-69.21205,-57.26426
xtal_30.cif,./Al13Sc3N16/__initial__/99/xtal_30.cif,85.14311,-44.367657
xtal_32.cif,./Al13Sc3N16/__initial__/99/xtal_32.cif,-35.834805,33.446156
xtal_33.cif,./Al13Sc3N16/99/xtal_33.cif,-100.06711,-36.026066
xtal_34.cif,./Al13Sc3N16/__initial__/99/xtal_34.cif,89.21313,-54.96729
xtal_35.cif,./Al13Sc3N16/__initial__/99/xtal_35.cif,76.92793,-52.616074
xtal_39.cif,./Al13Sc3N16/__initial__/99/xtal_39.cif,92.23405,45.532444
xtal_40.cif,./Al13Sc3N16/__initial__/99/xtal_40.cif,-86.720215,31.18219
xtal_43.cif,./Al13Sc3N16/__initial__/99/xtal_43.cif,74.64297,-14.492279
xtal_44.cif,./Al13Sc3N16/__initial__/99/xtal_44.cif,80.47454,-29.32222
xtal_46.cif,./Al13Sc3N16/__initial__/99/xtal_46.cif,75.37744,-32.748917
xtal_47.cif,./Al13Sc3N16/__initial__/99/xtal_47.cif,34.562798,-49.46396
xtal_48.cif,./Al13Sc3N16/__initial__/99/xtal_48.cif,21.453362,67.75586
xtal_50.cif,./Al13Sc3N16/__initial__/99/xtal_50.cif,80.48474,-45.55658
xtal_51.cif,./Al13Sc3N16/__initial__/99/xtal_51.cif,-92.095055,30.525848
xtal_52.cif,./Al13Sc3N16/__initial__/99/xtal_52.cif,41.252964,-55.920357
xtal_53.cif,./Al13Sc3N16/__initial__/99/xtal_53.cif,93.718864,-36.7989
xtal_54.cif,./Al13Sc3N16/__initial__/99/xtal_54.cif,-74.87383,-7.45849
xtal_55.cif,./Al13Sc3N16/__initial__/99/xtal_55.cif,58.852585,-12.335032
xtal_56.cif,./Al13Sc3N16/__initial__/99/xtal_56.cif,25.500648,37.896374
xtal_6.cif,./Al13Sc3N16/__initial__/99/xtal_6.cif,90.4748,-15.111481
xtal_60.cif,./Al13Sc3N16/__initial__/99/xtal_60.cif,-36.339134,-36.84388
xtal_62.cif,./Al13Sc3N16/__initial__/99/xtal_62.cif,76.80212,-74.76362
xtal_66.cif,./Al13Sc3N16/__initial__/99/xtal_66.cif,92.99067,-37.57044
xtal_71.cif,./Al13Sc3N16/__initial__/99/xtal_71.cif,27.364277,-70.405
xtal_73.cif,./Al13Sc3N16/__initial__/99/xtal_73.cif,76.53615,-40.2265
xtal_77.cif,./Al13Sc3N16/__initial__/99/xtal_77.cif,-51.159992,78.59942
xtal_78.cif,./Al13Sc3N16/__initial__/99/xtal_78.cif,12.32722,46.408848
xtal_82.cif,./Al13Sc3N16/__initial__/99/xtal_82.cif,62.86063,-92.70166
xtal_83.cif,./Al13Sc3N16/__initial__/99/xtal_83.cif,84.335365,-50.603813
xtal_84.cif,./Al13Sc3N16/__initial__/99/xtal_84.cif,72.83524,-34.60852
xtal_9.cif,./Al13Sc3N16/__initial__/99/xtal_9.cif,84.22171,-52.542934
xtal_91.cif,./Al13Sc3N16/__initial__/99/xtal_91.cif,-77.23885,67.81144
xtal_94.cif,./Al13Sc3N16/__initial__/99/xtal_94.cif,76.74636,-2.9498882
xtal_95.cif,./Al13Sc3N16/__initial__/99/xtal_95.cif,-108.306725,-7.1739335
xtal_96.cif,./Al13Sc3N16/__initial__/99/xtal_96.cif,102.91492,1.4160725
xtal_97.cif,./Al13Sc3N16/__initial__/99/xtal_97.cif,89.03538,-6.362899
xtal_99.cif,./Al13Sc3N16/__initial__/99/xtal_99.cif,81.78214,50.62153
xtal_10.cif,./Al13Sc3N16/__initial__/100/xtal_10.cif,40.941025,-40.72713
xtal_100.cif,./Al13Sc3N16/__initial__/100/xtal_100.cif,42.059723,-86.93333
xtal_12.cif,./Al13Sc3N16/__initial__/100/xtal_12.cif,-37.09007,-18.64526
xtal_24.cif,./Al13Sc3N16/__initial__/100/xtal_24.cif,87.171646,-36.396122
xtal_29.cif,./Al13Sc3N16/__initial__/100/xtal_29.cif,-52.895103,72.20033
xtal_3.cif,./Al13Sc3N16/__initial__/100/xtal_3.cif,92.55988,-49.40934
xtal_31.cif,./Al13Sc3N16/__initial__/100/xtal_31.cif,-76.34223,-17.074682
xtal_32.cif,./Al13Sc3N16/100/xtal_32.cif,-92.0558,-51.973503
xtal_33.cif,./Al13Sc3N16/__initial__/100/xtal_33.cif,-22.558569,84.60612
xtal_36.cif,./Al13Sc3N16/__initial__/100/xtal_36.cif,45.434086,-50.03585
xtal_37.cif,./Al13Sc3N16/__initial__/100/xtal_37.cif,28.598,-52.324165
xtal_38.cif,./Al13Sc3N16/__initial__/100/xtal_38.cif,3.3671308,-78.63806
xtal_39.cif,./Al13Sc3N16/__initial__/100/xtal_39.cif,96.164,-37.51629
xtal_4.cif,./Al13Sc3N16/__initial__/100/xtal_4.cif,79.6514,56.30747
xtal_42.cif,./Al13Sc3N16/__initial__/100/xtal_42.cif,76.121956,-30.352242
xtal_43.cif,./Al13Sc3N16/__initial__/100/xtal_43.cif,80.68539,-21.58149
xtal_44.cif,./Al13Sc3N16/__initial__/100/xtal_44.cif,35.838825,30.640461
xtal_47.cif,./Al13Sc3N16/__initial__/100/xtal_47.cif,70.11856,26.262108
xtal_5.cif,./Al13Sc3N16/__initial__/100/xtal_5.cif,71.84914,-70.95173
xtal_50.cif,./Al13Sc3N16/__initial__/100/xtal_50.cif,87.400764,-52.13894
xtal_52.cif,./Al13Sc3N16/__initial__/100/xtal_52.cif,77.37205,-57.80374
xtal_53.cif,./Al13Sc3N16/__initial__/100/xtal_53.cif,-11.533787,-38.049374
xtal_55.cif,./Al13Sc3N16/__initial__/100/xtal_55.cif,-39.15212,-45.07702
xtal_56.cif,./Al13Sc3N16/__initial__/100/xtal_56.cif,84.86511,-55.059444
xtal_57.cif,./Al13Sc3N16/__initial__/100/xtal_57.cif,26.292166,60.662743
xtal_58.cif,./Al13Sc3N16/__initial__/100/xtal_58.cif,-26.323875,5.9251394
xtal_6.cif,./Al13Sc3N16/__initial__/100/xtal_6.cif,79.03767,-16.538294
xtal_61.cif,./Al13Sc3N16/__initial__/100/xtal_61.cif,-15.22134,66.95606
xtal_63.cif,./Al13Sc3N16/__initial__/100/xtal_63.cif,37.49919,-76.32915
xtal_64.cif,./Al13Sc3N16/__initial__/100/xtal_64.cif,87.33938,-59.640194
xtal_66.cif,./Al13Sc3N16/__initial__/100/xtal_66.cif,55.680622,-87.388084
xtal_67.cif,./Al13Sc3N16/100/xtal_67.cif,23.306065,-19.801216
xtal_68.cif,./Al13Sc3N16/__initial__/100/xtal_68.cif,78.55498,58.074352
xtal_7.cif,./Al13Sc3N16/100/xtal_7.cif,-0.95932823,-37.519794
xtal_70.cif,./Al13Sc3N16/100/xtal_70.cif,22.246433,55.12422
xtal_71.cif,./Al13Sc3N16/__initial__/100/xtal_71.cif,-0.6785493,-83.09766
xtal_72.cif,./Al13Sc3N16/__initial__/100/xtal_72.cif,-98.668365,-23.074741
xtal_77.cif,./Al13Sc3N16/__initial__/100/xtal_77.cif,69.91697,-67.74694
xtal_79.cif,./Al13Sc3N16/__initial__/100/xtal_79.cif,36.46635,-52.371292
xtal_81.cif,./Al13Sc3N16/__initial__/100/xtal_81.cif,92.410904,-41.541485
xtal_86.cif,./Al13Sc3N16/__initial__/100/xtal_86.cif,71.455345,-16.580912
xtal_87.cif,./Al13Sc3N16/__initial__/100/xtal_87.cif,72.89978,-83.1602
xtal_88.cif,./Al13Sc3N16/__initial__/100/xtal_88.cif,-70.808655,-50.246227
xtal_9.cif,./Al13Sc3N16/__initial__/100/xtal_9.cif,87.04828,-43.889782
xtal_91.cif,./Al13Sc3N16/__initial__/100/xtal_91.cif,-7.2914,82.542625
xtal_92.cif,./Al13Sc3N16/__initial__/100/xtal_92.cif,101.82293,-6.2602367
xtal_95.cif,./Al13Sc3N16/__initial__/100/xtal_95.cif,81.99379,-38.610832
xtal_96.cif,./Al13Sc3N16/__initial__/100/xtal_96.cif,83.34044,-36.191055
xtal_97.cif,./Al13Sc3N16/__initial__/100/xtal_97.cif,91.258644,-50.17963
xtal_99.cif,./Al13Sc3N16/__initial__/100/xtal_99.cif,-41.1902,30.949226
xtal_1.cif,./Al13Sc3N16/__initial__/101/xtal_1.cif,70.52853,25.718567
xtal_10.cif,./Al13Sc3N16/__initial__/101/xtal_10.cif,-103.57445,-1.3043796
xtal_11.cif,./Al13Sc3N16/__initial__/101/xtal_11.cif,-59.51586,-27.317871
xtal_12.cif,./Al13Sc3N16/__initial__/101/xtal_12.cif,31.414232,-54.74774
xtal_14.cif,./Al13Sc3N16/__initial__/101/xtal_14.cif,-6.4050074,64.95029
xtal_16.cif,./Al13Sc3N16/__initial__/101/xtal_16.cif,-1.7365848,49.57355
xtal_22.cif,./Al13Sc3N16/__initial__/101/xtal_22.cif,-38.608807,-71.47153
xtal_23.cif,./Al13Sc3N16/__initial__/101/xtal_23.cif,-27.235378,91.581154
xtal_26.cif,./Al13Sc3N16/__initial__/101/xtal_26.cif,-74.98624,-42.74197
xtal_29.cif,./Al13Sc3N16/__initial__/101/xtal_29.cif,-0.18283018,-29.31013
xtal_30.cif,./Al13Sc3N16/__initial__/101/xtal_30.cif,13.284775,61.6628
xtal_31.cif,./Al13Sc3N16/__initial__/101/xtal_31.cif,30.795574,-57.80952
xtal_32.cif,./Al13Sc3N16/__initial__/101/xtal_32.cif,-79.39958,-0.9696191
xtal_33.cif,./Al13Sc3N16/__initial__/101/xtal_33.cif,-12.021451,-50.655724
xtal_34.cif,./Al13Sc3N16/__initial__/101/xtal_34.cif,72.14544,-9.553889
xtal_36.cif,./Al13Sc3N16/__initial__/101/xtal_36.cif,73.503624,-82.15224
xtal_37.cif,./Al13Sc3N16/__initial__/101/xtal_37.cif,38.766476,44.31498
xtal_38.cif,./Al13Sc3N16/__initial__/101/xtal_38.cif,69.92665,2.6440253
xtal_4.cif,./Al13Sc3N16/__initial__/101/xtal_4.cif,18.423756,-63.749664
xtal_42.cif,./Al13Sc3N16/__initial__/101/xtal_42.cif,31.128874,-45.957916
xtal_47.cif,./Al13Sc3N16/__initial__/101/xtal_47.cif,56.160183,43.69022
xtal_5.cif,./Al13Sc3N16/__initial__/101/xtal_5.cif,38.614285,41.437714
xtal_50.cif,./Al13Sc3N16/__initial__/101/xtal_50.cif,59.80892,-89.65986
xtal_51.cif,./Al13Sc3N16/__initial__/101/xtal_51.cif,55.723103,-86.01568
xtal_52.cif,./Al13Sc3N16/__initial__/101/xtal_52.cif,62.98718,39.41426
xtal_53.cif,./Al13Sc3N16/__initial__/101/xtal_53.cif,-17.382828,-44.143417
xtal_56.cif,./Al13Sc3N16/__initial__/101/xtal_56.cif,34.266712,57.33719
xtal_57.cif,./Al13Sc3N16/__initial__/101/xtal_57.cif,63.53911,-75.083786
xtal_58.cif,./Al13Sc3N16/__initial__/101/xtal_58.cif,53.852825,-44.607063
xtal_6.cif,./Al13Sc3N16/__initial__/101/xtal_6.cif,76.44206,33.863304
xtal_60.cif,./Al13Sc3N16/__initial__/101/xtal_60.cif,-51.03581,53.08308
xtal_61.cif,./Al13Sc3N16/__initial__/101/xtal_61.cif,68.607925,-80.18759
xtal_63.cif,./Al13Sc3N16/__initial__/101/xtal_63.cif,-76.68865,-18.808315
xtal_65.cif,./Al13Sc3N16/__initial__/101/xtal_65.cif,89.89629,-46.90174
xtal_68.cif,./Al13Sc3N16/__initial__/101/xtal_68.cif,31.525772,71.78489
xtal_72.cif,./Al13Sc3N16/__initial__/101/xtal_72.cif,-32.863758,50.197872
xtal_74.cif,./Al13Sc3N16/__initial__/101/xtal_74.cif,75.61138,-7.049826
xtal_75.cif,./Al13Sc3N16/__initial__/101/xtal_75.cif,48.438305,-62.420868
xtal_77.cif,./Al13Sc3N16/__initial__/101/xtal_77.cif,-7.3208985,58.223186
xtal_8.cif,./Al13Sc3N16/101/xtal_8.cif,-25.282627,-76.18056
xtal_80.cif,./Al13Sc3N16/__initial__/101/xtal_80.cif,-12.596739,12.953289
xtal_81.cif,./Al13Sc3N16/__initial__/101/xtal_81.cif,-69.416695,25.210442
xtal_84.cif,./Al13Sc3N16/__initial__/101/xtal_84.cif,-3.4831219,-27.779974
xtal_86.cif,./Al13Sc3N16/__initial__/101/xtal_86.cif,-105.9042,1.5356251
xtal_89.cif,./Al13Sc3N16/__initial__/101/xtal_89.cif,48.67558,-81.45736
xtal_94.cif,./Al13Sc3N16/__initial__/101/xtal_94.cif,-33.9036,-60.550343
xtal_95.cif,./Al13Sc3N16/__initial__/101/xtal_95.cif,-68.09926,-10.917872
xtal_96.cif,./Al13Sc3N16/__initial__/101/xtal_96.cif,98.15974,-39.83421
xtal_98.cif,./Al13Sc3N16/__initial__/101/xtal_98.cif,28.786991,-72.25516
xtal_99.cif,./Al13Sc3N16/__initial__/101/xtal_99.cif,38.226524,-53.79156
xtal_1.cif,./Al13Sc3N16/__initial__/102/xtal_1.cif,79.218605,6.602509
xtal_10.cif,./Al13Sc3N16/__initial__/102/xtal_10.cif,42.83804,-68.206406
xtal_11.cif,./Al13Sc3N16/__initial__/102/xtal_11.cif,69.36315,-26.503786
xtal_14.cif,./Al13Sc3N16/__initial__/102/xtal_14.cif,61.28889,9.058842
xtal_16.cif,./Al13Sc3N16/__initial__/102/xtal_16.cif,-42.713932,-65.05187
xtal_20.cif,./Al13Sc3N16/__initial__/102/xtal_20.cif,-38.436623,14.857259
xtal_23.cif,./Al13Sc3N16/__initial__/102/xtal_23.cif,47.673363,-12.269132
xtal_26.cif,./Al13Sc3N16/__initial__/102/xtal_26.cif,36.396297,87.751114
xtal_27.cif,./Al13Sc3N16/__initial__/102/xtal_27.cif,-29.913984,22.19863
xtal_29.cif,./Al13Sc3N16/__initial__/102/xtal_29.cif,86.01867,49.125107
xtal_3.cif,./Al13Sc3N16/__initial__/102/xtal_3.cif,-14.8024,54.617622
xtal_30.cif,./Al13Sc3N16/__initial__/102/xtal_30.cif,-38.230385,4.2156324
xtal_33.cif,./Al13Sc3N16/__initial__/102/xtal_33.cif,18.955763,76.7996
xtal_34.cif,./Al13Sc3N16/__initial__/102/xtal_34.cif,-57.490616,-21.528566
xtal_35.cif,./Al13Sc3N16/__initial__/102/xtal_35.cif,-28.094872,-17.717096
xtal_36.cif,./Al13Sc3N16/__initial__/102/xtal_36.cif,68.60421,-80.19187
xtal_37.cif,./Al13Sc3N16/__initial__/102/xtal_37.cif,-77.54595,-17.849716
xtal_39.cif,./Al13Sc3N16/__initial__/102/xtal_39.cif,-60.772865,-6.966519
xtal_40.cif,./Al13Sc3N16/__initial__/102/xtal_40.cif,-40.89806,68.836525
xtal_41.cif,./Al13Sc3N16/__initial__/102/xtal_41.cif,-16.751112,-45.750774
xtal_42.cif,./Al13Sc3N16/__initial__/102/xtal_42.cif,67.02487,-42.02666
xtal_44.cif,./Al13Sc3N16/__initial__/102/xtal_44.cif,35.57117,-45.163452
xtal_45.cif,./Al13Sc3N16/__initial__/102/xtal_45.cif,-38.077477,-65.945724
xtal_46.cif,./Al13Sc3N16/__initial__/102/xtal_46.cif,-24.437578,-35.145638
xtal_48.cif,./Al13Sc3N16/__initial__/102/xtal_48.cif,18.6342,80.32331
xtal_49.cif,./Al13Sc3N16/__initial__/102/xtal_49.cif,14.615904,4.1870594
xtal_50.cif,./Al13Sc3N16/__initial__/102/xtal_50.cif,36.53017,92.57472
xtal_53.cif,./Al13Sc3N16/102/xtal_53.cif,-47.20183,-79.357956
xtal_55.cif,./Al13Sc3N16/__initial__/102/xtal_55.cif,40.529514,-73.27842
xtal_58.cif,./Al13Sc3N16/__initial__/102/xtal_58.cif,96.057205,-37.77419
xtal_60.cif,./Al13Sc3N16/__initial__/102/xtal_60.cif,73.66409,15.329613
xtal_61.cif,./Al13Sc3N16/__initial__/102/xtal_61.cif,-49.915318,53.665703
xtal_62.cif,./Al13Sc3N16/__initial__/102/xtal_62.cif,-75.27174,-52.055912
xtal_63.cif,./Al13Sc3N16/__initial__/102/xtal_63.cif,91.76991,-18.265587
xtal_64.cif,./Al13Sc3N16/__initial__/102/xtal_64.cif,-28.021288,22.367327
xtal_68.cif,./Al13Sc3N16/__initial__/102/xtal_68.cif,-99.75,-3.2337906
xtal_69.cif,./Al13Sc3N16/__initial__/102/xtal_69.cif,46.197254,-12.23053
xtal_70.cif,./Al13Sc3N16/__initial__/102/xtal_70.cif,56.531727,-85.06559
xtal_78.cif,./Al13Sc3N16/__initial__/102/xtal_78.cif,-27.877869,-9.791055
xtal_79.cif,./Al13Sc3N16/__initial__/102/xtal_79.cif,41.796455,68.489136
xtal_80.cif,./Al13Sc3N16/__initial__/102/xtal_80.cif,-5.829482,-27.33571
xtal_83.cif,./Al13Sc3N16/__initial__/102/xtal_83.cif,29.952087,-47.064007
xtal_86.cif,./Al13Sc3N16/__initial__/102/xtal_86.cif,47.24709,-85.01773
xtal_9.cif,./Al13Sc3N16/__initial__/102/xtal_9.cif,70.121346,-20.877388
xtal_91.cif,./Al13Sc3N16/__initial__/102/xtal_91.cif,61.843456,-24.687517
xtal_92.cif,./Al13Sc3N16/__initial__/102/xtal_92.cif,-8.91886,-38.88396
xtal_94.cif,./Al13Sc3N16/__initial__/102/xtal_94.cif,-56.96967,-58.01497
xtal_95.cif,./Al13Sc3N16/__initial__/102/xtal_95.cif,74.29669,26.133923
xtal_96.cif,./Al13Sc3N16/__initial__/102/xtal_96.cif,28.732498,-21.372774
xtal_98.cif,./Al13Sc3N16/__initial__/102/xtal_98.cif,29.622839,19.347488
xtal_10.cif,./Al13Sc3N16/__initial__/103/xtal_10.cif,-72.09103,0.83734304
xtal_11.cif,./Al13Sc3N16/__initial__/103/xtal_11.cif,21.595636,23.101759
xtal_12.cif,./Al13Sc3N16/__initial__/103/xtal_12.cif,-76.640335,-8.527397
xtal_13.cif,./Al13Sc3N16/__initial__/103/xtal_13.cif,-39.75038,-62.823368
xtal_15.cif,./Al13Sc3N16/__initial__/103/xtal_15.cif,-53.675663,-11.730813
xtal_16.cif,./Al13Sc3N16/__initial__/103/xtal_16.cif,49.797184,-46.70255
xtal_17.cif,./Al13Sc3N16/__initial__/103/xtal_17.cif,82.77809,-52.282635
xtal_18.cif,./Al13Sc3N16/__initial__/103/xtal_18.cif,29.194834,-79.47718
xtal_19.cif,./Al13Sc3N16/__initial__/103/xtal_19.cif,-8.389773,94.04512
xtal_21.cif,./Al13Sc3N16/__initial__/103/xtal_21.cif,47.249603,-86.28599
xtal_22.cif,./Al13Sc3N16/__initial__/103/xtal_22.cif,-40.572426,89.91626
xtal_25.cif,./Al13Sc3N16/__initial__/103/xtal_25.cif,15.293823,-1.1544697
xtal_30.cif,./Al13Sc3N16/__initial__/103/xtal_30.cif,27.016747,73.22121
xtal_31.cif,./Al13Sc3N16/__initial__/103/xtal_31.cif,-14.428735,67.72443
xtal_34.cif,./Al13Sc3N16/__initial__/103/xtal_34.cif,63.933216,-70.61194
xtal_40.cif,./Al13Sc3N16/__initial__/103/xtal_40.cif,-93.286125,-2.0080488
xtal_42.cif,./Al13Sc3N16/__initial__/103/xtal_42.cif,65.53107,-85.61959
xtal_44.cif,./Al13Sc3N16/__initial__/103/xtal_44.cif,-86.004875,-17.511139
xtal_46.cif,./Al13Sc3N16/__initial__/103/xtal_46.cif,74.678986,-74.6521
xtal_47.cif,./Al13Sc3N16/__initial__/103/xtal_47.cif,-83.81377,-30.371933
xtal_50.cif,./Al13Sc3N16/__initial__/103/xtal_50.cif,19.209135,14.071746
xtal_51.cif,./Al13Sc3N16/__initial__/103/xtal_51.cif,-19.757051,-23.685106
xtal_55.cif,./Al13Sc3N16/__initial__/103/xtal_55.cif,98.19111,-34.40488
xtal_56.cif,./Al13Sc3N16/__initial__/103/xtal_56.cif,43.23539,30.499666
xtal_57.cif,./Al13Sc3N16/__initial__/103/xtal_57.cif,-30.80094,-66.982635
xtal_61.cif,./Al13Sc3N16/__initial__/103/xtal_61.cif,-77.66662,-9.146641
xtal_62.cif,./Al13Sc3N16/__initial__/103/xtal_62.cif,-52.24116,75.29127
xtal_64.cif,./Al13Sc3N16/__initial__/103/xtal_64.cif,101.81711,-15.836975
xtal_65.cif,./Al13Sc3N16/__initial__/103/xtal_65.cif,-79.02973,-49.359646
xtal_66.cif,./Al13Sc3N16/__initial__/103/xtal_66.cif,-30.965567,-37.610893
xtal_67.cif,./Al13Sc3N16/__initial__/103/xtal_67.cif,-8.451474,62.759716
xtal_69.cif,./Al13Sc3N16/__initial__/103/xtal_69.cif,-39.745895,-61.99534
xtal_7.cif,./Al13Sc3N16/__initial__/103/xtal_7.cif,20.782066,27.802114
xtal_73.cif,./Al13Sc3N16/__initial__/103/xtal_73.cif,80.91349,-4.984827
xtal_75.cif,./Al13Sc3N16/__initial__/103/xtal_75.cif,-49.628033,-15.269974
xtal_78.cif,./Al13Sc3N16/__initial__/103/xtal_78.cif,-17.289215,78.278595
xtal_8.cif,./Al13Sc3N16/__initial__/103/xtal_8.cif,-33.627937,8.16667
xtal_81.cif,./Al13Sc3N16/__initial__/103/xtal_81.cif,34.13215,-48.20076
xtal_84.cif,./Al13Sc3N16/__initial__/103/xtal_84.cif,-35.281883,-62.486576
xtal_85.cif,./Al13Sc3N16/__initial__/103/xtal_85.cif,-38.95983,69.2193
xtal_86.cif,./Al13Sc3N16/__initial__/103/xtal_86.cif,67.82531,-73.54105
xtal_88.cif,./Al13Sc3N16/__initial__/103/xtal_88.cif,-67.09269,70.022705
xtal_90.cif,./Al13Sc3N16/__initial__/103/xtal_90.cif,61.375683,-64.88094
xtal_91.cif,./Al13Sc3N16/__initial__/103/xtal_91.cif,-44.273136,37.309483
xtal_92.cif,./Al13Sc3N16/__initial__/103/xtal_92.cif,92.73435,-39.18652
xtal_93.cif,./Al13Sc3N16/__initial__/103/xtal_93.cif,-49.063465,83.688385
xtal_94.cif,./Al13Sc3N16/__initial__/103/xtal_94.cif,-31.455559,33.095303
xtal_95.cif,./Al13Sc3N16/__initial__/103/xtal_95.cif,-16.354177,52.644646
xtal_96.cif,./Al13Sc3N16/__initial__/103/xtal_96.cif,-8.068155,-2.492498
xtal_97.cif,./Al13Sc3N16/__initial__/103/xtal_97.cif,-30.40931,-31.321613
xtal_1.cif,./Al13Sc3N16/__initial__/104/xtal_1.cif,-74.34513,-60.918545
xtal_10.cif,./Al13Sc3N16/__initial__/104/xtal_10.cif,-6.9041696,69.97628
xtal_11.cif,./Al13Sc3N16/__initial__/104/xtal_11.cif,-52.18316,-73.713135
xtal_12.cif,./Al13Sc3N16/__initial__/104/xtal_12.cif,33.8172,-39.320904
xtal_14.cif,./Al13Sc3N16/__initial__/104/xtal_14.cif,16.342403,83.53068
xtal_16.cif,./Al13Sc3N16/__initial__/104/xtal_16.cif,-45.216476,-11.171657
xtal_17.cif,./Al13Sc3N16/__initial__/104/xtal_17.cif,34.130726,-71.16899
xtal_18.cif,./Al13Sc3N16/__initial__/104/xtal_18.cif,8.187648,-23.396671
xtal_20.cif,./Al13Sc3N16/__initial__/104/xtal_20.cif,54.072887,-93.787796
xtal_22.cif,./Al13Sc3N16/__initial__/104/xtal_22.cif,-20.030663,16.611958
xtal_23.cif,./Al13Sc3N16/__initial__/104/xtal_23.cif,80.67186,-18.33697
xtal_25.cif,./Al13Sc3N16/__initial__/104/xtal_25.cif,-29.168385,77.906364
xtal_26.cif,./Al13Sc3N16/__initial__/104/xtal_26.cif,24.667707,87.96897
xtal_28.cif,./Al13Sc3N16/__initial__/104/xtal_28.cif,37.644585,-13.807207
xtal_32.cif,./Al13Sc3N16/__initial__/104/xtal_32.cif,-42.041237,60.23756
xtal_33.cif,./Al13Sc3N16/__initial__/104/xtal_33.cif,-68.18284,83.00754
xtal_37.cif,./Al13Sc3N16/__initial__/104/xtal_37.cif,106.75615,-2.9506695
xtal_39.cif,./Al13Sc3N16/__initial__/104/xtal_39.cif,-60.353046,-64.4152
xtal_4.cif,./Al13Sc3N16/__initial__/104/xtal_4.cif,-36.07407,91.77378
xtal_41.cif,./Al13Sc3N16/__initial__/104/xtal_41.cif,63.417088,-87.74398
xtal_42.cif,./Al13Sc3N16/__initial__/104/xtal_42.cif,46.59276,-62.57275
xtal_43.cif,./Al13Sc3N16/__initial__/104/xtal_43.cif,40.964417,-27.236732
xtal_47.cif,./Al13Sc3N16/__initial__/104/xtal_47.cif,-22.495888,70.44066
xtal_5.cif,./Al13Sc3N16/__initial__/104/xtal_5.cif,10.15158,-46.921783
xtal_52.cif,./Al13Sc3N16/__initial__/104/xtal_52.cif,-37.68317,-4.2814527
xtal_53.cif,./Al13Sc3N16/__initial__/104/xtal_53.cif,-20.316982,-59.730675
xtal_54.cif,./Al13Sc3N16/__initial__/104/xtal_54.cif,79.99265,-68.734436
xtal_56.cif,./Al13Sc3N16/__initial__/104/xtal_56.cif,-66.25802,-62.637577
xtal_57.cif,./Al13Sc3N16/__initial__/104/xtal_57.cif,46.621628,31.560606
xtal_58.cif,./Al13Sc3N16/__initial__/104/xtal_58.cif,39.60288,-77.15914
xtal_6.cif,./Al13Sc3N16/__initial__/104/xtal_6.cif,7.115604,-82.995995
xtal_60.cif,./Al13Sc3N16/__initial__/104/xtal_60.cif,-58.173973,30.506498
xtal_61.cif,./Al13Sc3N16/__initial__/104/xtal_61.cif,72.48383,-86.80091
xtal_62.cif,./Al13Sc3N16/__initial__/104/xtal_62.cif,-91.713524,-7.12977
xtal_63.cif,./Al13Sc3N16/__initial__/104/xtal_63.cif,-46.006775,-44.395157
xtal_65.cif,./Al13Sc3N16/__initial__/104/xtal_65.cif,-63.21557,52.320145
xtal_66.cif,./Al13Sc3N16/__initial__/104/xtal_66.cif,68.266304,-85.911575
xtal_69.cif,./Al13Sc3N16/__initial__/104/xtal_69.cif,88.40848,-42.483746
xtal_70.cif,./Al13Sc3N16/__initial__/104/xtal_70.cif,21.78001,-5.6330957
xtal_73.cif,./Al13Sc3N16/__initial__/104/xtal_73.cif,92.68766,-39.420288
xtal_74.cif,./Al13Sc3N16/__initial__/104/xtal_74.cif,-67.93309,-1.5061222
xtal_77.cif,./Al13Sc3N16/__initial__/104/xtal_77.cif,54.84335,-88.0194
xtal_79.cif,./Al13Sc3N16/__initial__/104/xtal_79.cif,74.17401,-6.60611
xtal_81.cif,./Al13Sc3N16/__initial__/104/xtal_81.cif,-10.225116,-17.313704
xtal_85.cif,./Al13Sc3N16/__initial__/104/xtal_85.cif,19.32425,-93.81592
xtal_90.cif,./Al13Sc3N16/__initial__/104/xtal_90.cif,-37.48038,24.393473
xtal_91.cif,./Al13Sc3N16/__initial__/104/xtal_91.cif,33.85805,-26.246584
xtal_92.cif,./Al13Sc3N16/__initial__/104/xtal_92.cif,32.433876,-77.89664
xtal_95.cif,./Al13Sc3N16/__initial__/104/xtal_95.cif,-73.4435,-32.51596
xtal_97.cif,./Al13Sc3N16/__initial__/104/xtal_97.cif,78.12679,-55.655167
xtal_1.cif,./Al13Sc3N16/__initial__/105/xtal_1.cif,0.13271798,30.847967
xtal_10.cif,./Al13Sc3N16/__initial__/105/xtal_10.cif,37.05703,-86.848335
xtal_100.cif,./Al13Sc3N16/__initial__/105/xtal_100.cif,-14.298222,56.269756
xtal_12.cif,./Al13Sc3N16/__initial__/105/xtal_12.cif,65.451866,7.229513
xtal_15.cif,./Al13Sc3N16/__initial__/105/xtal_15.cif,-64.89565,57.923077
xtal_16.cif,./Al13Sc3N16/__initial__/105/xtal_16.cif,-29.814371,-16.221336
xtal_19.cif,./Al13Sc3N16/__initial__/105/xtal_19.cif,-88.263725,-44.263805
xtal_20.cif,./Al13Sc3N16/__initial__/105/xtal_20.cif,28.42217,55.247543
xtal_21.cif,./Al13Sc3N16/__initial__/105/xtal_21.cif,40.514103,27.828669
xtal_22.cif,./Al13Sc3N16/__initial__/105/xtal_22.cif,-55.48235,-38.19033
xtal_26.cif,./Al13Sc3N16/__initial__/105/xtal_26.cif,12.5273695,-80.72431
xtal_27.cif,./Al13Sc3N16/__initial__/105/xtal_27.cif,-97.15308,-13.742509
xtal_28.cif,./Al13Sc3N16/__initial__/105/xtal_28.cif,-25.1772,-42.385757
xtal_29.cif,./Al13Sc3N16/__initial__/105/xtal_29.cif,69.96009,-76.74553
xtal_31.cif,./Al13Sc3N16/__initial__/105/xtal_31.cif,93.67098,23.21243
xtal_32.cif,./Al13Sc3N16/__initial__/105/xtal_32.cif,55.508144,-14.142317
xtal_33.cif,./Al13Sc3N16/__initial__/105/xtal_33.cif,-12.750206,64.603165
xtal_34.cif,./Al13Sc3N16/__initial__/105/xtal_34.cif,66.86351,-0.008705219
xtal_35.cif,./Al13Sc3N16/__initial__/105/xtal_35.cif,37.572643,51.910465
xtal_36.cif,./Al13Sc3N16/__initial__/105/xtal_36.cif,32.337906,-8.322431
xtal_41.cif,./Al13Sc3N16/__initial__/105/xtal_41.cif,53.239048,47.111046
xtal_42.cif,./Al13Sc3N16/__initial__/105/xtal_42.cif,-58.7365,-48.92583
xtal_43.cif,./Al13Sc3N16/__initial__/105/xtal_43.cif,-99.79978,-9.918899
xtal_49.cif,./Al13Sc3N16/__initial__/105/xtal_49.cif,77.998405,-40.01158
xtal_5.cif,./Al13Sc3N16/__initial__/105/xtal_5.cif,91.60322,-41.632263
xtal_54.cif,./Al13Sc3N16/__initial__/105/xtal_54.cif,73.32206,50.829426
xtal_56.cif,./Al13Sc3N16/__initial__/105/xtal_56.cif,79.73818,-48.396183
xtal_58.cif,./Al13Sc3N16/__initial__/105/xtal_58.cif,-76.900024,-29.542093
xtal_60.cif,./Al13Sc3N16/__initial__/105/xtal_60.cif,37.056934,-27.248116
xtal_61.cif,./Al13Sc3N16/__initial__/105/xtal_61.cif,-18.311443,42.374634
xtal_64.cif,./Al13Sc3N16/__initial__/105/xtal_64.cif,-27.652065,11.769284
xtal_65.cif,./Al13Sc3N16/__initial__/105/xtal_65.cif,77.07035,19.325909
xtal_66.cif,./Al13Sc3N16/__initial__/105/xtal_66.cif,93.50195,-43.70224
xtal_69.cif,./Al13Sc3N16/__initial__/105/xtal_69.cif,76.96185,15.682647
xtal_71.cif,./Al13Sc3N16/__initial__/105/xtal_71.cif,-71.128395,-60.96199
xtal_72.cif,./Al13Sc3N16/__initial__/105/xtal_72.cif,-0.64320236,-9.827413
xtal_74.cif,./Al13Sc3N16/__initial__/105/xtal_74.cif,61.561016,55.37407
xtal_80.cif,./Al13Sc3N16/__initial__/105/xtal_80.cif,-11.418038,65.97826
xtal_81.cif,./Al13Sc3N16/__initial__/105/xtal_81.cif,91.29963,-36.681324
xtal_82.cif,./Al13Sc3N16/__initial__/105/xtal_82.cif,84.55766,-25.270828
xtal_83.cif,./Al13Sc3N16/105/xtal_83.cif,24.459854,-21.099197
xtal_84.cif,./Al13Sc3N16/__initial__/105/xtal_84.cif,-22.094185,-55.076843
xtal_86.cif,./Al13Sc3N16/__initial__/105/xtal_86.cif,-30.726229,72.79275
xtal_87.cif,./Al13Sc3N16/__initial__/105/xtal_87.cif,-58.171143,-69.95379
xtal_9.cif,./Al13Sc3N16/__initial__/105/xtal_9.cif,-82.47766,-44.377445
xtal_92.cif,./Al13Sc3N16/__initial__/105/xtal_92.cif,27.869946,-73.224236
xtal_93.cif,./Al13Sc3N16/105/xtal_93.cif,3.4147637,-39.436714
xtal_94.cif,./Al13Sc3N16/__initial__/105/xtal_94.cif,95.28887,-41.04933
xtal_96.cif,./Al13Sc3N16/__initial__/105/xtal_96.cif,87.699455,-40.170773
xtal_97.cif,./Al13Sc3N16/__initial__/105/xtal_97.cif,58.57196,-91.93931
xtal_10.cif,./Al13Sc3N16/__initial__/107/xtal_10.cif,-43.313805,-6.6506653
xtal_100.cif,./Al13Sc3N16/__initial__/107/xtal_100.cif,-26.451324,55.229565
xtal_12.cif,./Al13Sc3N16/__initial__/107/xtal_12.cif,-91.500946,-17.259396
xtal_13.cif,./Al13Sc3N16/__initial__/107/xtal_13.cif,91.01703,-54.27585
xtal_14.cif,./Al13Sc3N16/__initial__/107/xtal_14.cif,69.588,-87.698265
xtal_16.cif,./Al13Sc3N16/__initial__/107/xtal_16.cif,16.16998,81.38043
xtal_19.cif,./Al13Sc3N16/__initial__/107/xtal_19.cif,48.840244,-85.57647
xtal_20.cif,./Al13Sc3N16/__initial__/107/xtal_20.cif,78.6959,-19.462496
xtal_21.cif,./Al13Sc3N16/__initial__/107/xtal_21.cif,92.36948,-39.41744
xtal_22.cif,./Al13Sc3N16/__initial__/107/xtal_22.cif,33.248253,-22.27754
xtal_23.cif,./Al13Sc3N16/__initial__/107/xtal_23.cif,50.804832,-60.047165
xtal_25.cif,./Al13Sc3N16/__initial__/107/xtal_25.cif,74.8223,-52.91616
xtal_26.cif,./Al13Sc3N16/__initial__/107/xtal_26.cif,-19.674387,70.782005
xtal_27.cif,./Al13Sc3N16/__initial__/107/xtal_27.cif,34.81505,-67.538
xtal_29.cif,./Al13Sc3N16/__initial__/107/xtal_29.cif,56.764687,-90.92766
xtal_31.cif,./Al13Sc3N16/__initial__/107/xtal_31.cif,-36.51815,-1.9460826
xtal_32.cif,./Al13Sc3N16/__initial__/107/xtal_32.cif,-94.88288,-28.585716
xtal_33.cif,./Al13Sc3N16/__initial__/107/xtal_33.cif,36.19433,34.52424
xtal_34.cif,./Al13Sc3N16/__initial__/107/xtal_34.cif,-72.590126,-60.826435
xtal_35.cif,./Al13Sc3N16/__initial__/107/xtal_35.cif,11.488694,-48.02571
xtal_37.cif,./Al13Sc3N16/__initial__/107/xtal_37.cif,83.94115,18.539795
xtal_41.cif,./Al13Sc3N16/__initial__/107/xtal_41.cif,53.951992,-89.80612
xtal_45.cif,./Al13Sc3N16/__initial__/107/xtal_45.cif,89.365906,-55.027702
xtal_47.cif,./Al13Sc3N16/__initial__/107/xtal_47.cif,-3.492955,-70.38165
xtal_48.cif,./Al13Sc3N16/__initial__/107/xtal_48.cif,-80.211945,-35.476673
xtal_49.cif,./Al13Sc3N16/__initial__/107/xtal_49.cif,-32.788986,34.869392
xtal_51.cif,./Al13Sc3N16/__initial__/107/xtal_51.cif,29.526255,57.007557
xtal_53.cif,./Al13Sc3N16/__initial__/107/xtal_53.cif,62.670322,-67.54433
xtal_54.cif,./Al13Sc3N16/__initial__/107/xtal_54.cif,90.823006,-47.935104
xtal_56.cif,./Al13Sc3N16/__initial__/107/xtal_56.cif,89.82126,-50.92991
xtal_57.cif,./Al13Sc3N16/__initial__/107/xtal_57.cif,-81.95456,35.139862
xtal_60.cif,./Al13Sc3N16/__initial__/107/xtal_60.cif,28.264406,-87.19217
xtal_61.cif,./Al13Sc3N16/__initial__/107/xtal_61.cif,-3.5480082,1.4131451
xtal_62.cif,./Al13Sc3N16/__initial__/107/xtal_62.cif,-55.604446,54.220203
xtal_63.cif,./Al13Sc3N16/__initial__/107/xtal_63.cif,85.280334,-42.773033
xtal_65.cif,./Al13Sc3N16/__initial__/107/xtal_65.cif,-85.73594,-43.230846
xtal_66.cif,./Al13Sc3N16/__initial__/107/xtal_66.cif,-48.4816,-8.367483
xtal_70.cif,./Al13Sc3N16/__initial__/107/xtal_70.cif,-104.51107,3.2678878
xtal_71.cif,./Al13Sc3N16/__initial__/107/xtal_71.cif,-56.22733,46.043358
xtal_74.cif,./Al13Sc3N16/__initial__/107/xtal_74.cif,30.355795,-40.936623
xtal_8.cif,./Al13Sc3N16/__initial__/107/xtal_8.cif,38.061825,-49.563877
xtal_81.cif,./Al13Sc3N16/__initial__/107/xtal_81.cif,-44.507313,-22.733328
xtal_83.cif,./Al13Sc3N16/__initial__/107/xtal_83.cif,26.4558,-3.2023165
xtal_85.cif,./Al13Sc3N16/__initial__/107/xtal_85.cif,41.268238,-67.49843
xtal_87.cif,./Al13Sc3N16/__initial__/107/xtal_87.cif,2.9801571,85.75446
xtal_9.cif,./Al13Sc3N16/__initial__/107/xtal_9.cif,-73.62847,53.164795
xtal_93.cif,./Al13Sc3N16/__initial__/107/xtal_93.cif,15.938605,-24.115618
xtal_94.cif,./Al13Sc3N16/__initial__/107/xtal_94.cif,41.33157,-96.589035
xtal_95.cif,./Al13Sc3N16/__initial__/107/xtal_95.cif,19.897179,29.19984
xtal_99.cif,./Al13Sc3N16/__initial__/107/xtal_99.cif,88.6554,-49.206467
xtal_1.cif,./Al13Sc3N16/111/xtal_1.cif,-23.383043,31.921738
xtal_11.cif,./Al13Sc3N16/__initial__/111/xtal_11.cif,52.2261,52.43708
xtal_12.cif,./Al13Sc3N16/111/xtal_12.cif,20.094723,-47.585743
xtal_14.cif,./Al13Sc3N16/__initial__/111/xtal_14.cif,-18.66366,-22.743048
xtal_16.cif,./Al13Sc3N16/__initial__/111/xtal_16.cif,-3.5141878,45.817486
xtal_17.cif,./Al13Sc3N16/__initial__/111/xtal_17.cif,-14.761447,55.28372
xtal_19.cif,./Al13Sc3N16/__initial__/111/xtal_19.cif,-83.437645,33.97844
xtal_2.cif,./Al13Sc3N16/__initial__/111/xtal_2.cif,72.92617,-2.298402
xtal_22.cif,./Al13Sc3N16/__initial__/111/xtal_22.cif,57.63442,-4.3256345
xtal_23.cif,./Al13Sc3N16/__initial__/111/xtal_23.cif,33.064518,31.27853
xtal_26.cif,./Al13Sc3N16/__initial__/111/xtal_26.cif,-25.63396,59.606777
xtal_27.cif,./Al13Sc3N16/__initial__/111/xtal_27.cif,-62.686512,-43.65362
xtal_28.cif,./Al13Sc3N16/__initial__/111/xtal_28.cif,-86.08785,36.917683
xtal_3.cif,./Al13Sc3N16/__initial__/111/xtal_3.cif,-84.96644,-3.3995593
xtal_31.cif,./Al13Sc3N16/__initial__/111/xtal_31.cif,-64.39018,-23.026392
xtal_32.cif,./Al13Sc3N16/__initial__/111/xtal_32.cif,7.9291945,55.897964
xtal_33.cif,./Al13Sc3N16/__initial__/111/xtal_33.cif,20.248968,-3.4888062
xtal_38.cif,./Al13Sc3N16/__initial__/111/xtal_38.cif,4.686305,31.90794
xtal_39.cif,./Al13Sc3N16/__initial__/111/xtal_39.cif,7.711829,-77.74114
xtal_41.cif,./Al13Sc3N16/__initial__/111/xtal_41.cif,-20.18515,31.647165
xtal_42.cif,./Al13Sc3N16/__initial__/111/xtal_42.cif,-81.35913,19.260765
xtal_43.cif,./Al13Sc3N16/__initial__/111/xtal_43.cif,92.006004,12.612316
xtal_44.cif,./Al13Sc3N16/__initial__/111/xtal_44.cif,-13.41067,-26.068819
xtal_47.cif,./Al13Sc3N16/__initial__/111/xtal_47.cif,14.303106,-54.595436
xtal_49.cif,./Al13Sc3N16/__initial__/111/xtal_49.cif,-25.526619,85.83675
xtal_51.cif,./Al13Sc3N16/__initial__/111/xtal_51.cif,-32.57533,-32.64432
xtal_52.cif,./Al13Sc3N16/__initial__/111/xtal_52.cif,-79.56103,69.01461
xtal_54.cif,./Al13Sc3N16/__initial__/111/xtal_54.cif,-71.532036,-26.068834
xtal_58.cif,./Al13Sc3N16/__initial__/111/xtal_58.cif,-83.20502,-23.286495
xtal_59.cif,./Al13Sc3N16/__initial__/111/xtal_59.cif,-2.9783688,16.122328
xtal_60.cif,./Al13Sc3N16/__initial__/111/xtal_60.cif,28.553776,-59.91996
xtal_61.cif,./Al13Sc3N16/__initial__/111/xtal_61.cif,-89.64908,-26.150713
xtal_67.cif,./Al13Sc3N16/__initial__/111/xtal_67.cif,-17.216612,81.636734
xtal_68.cif,./Al13Sc3N16/__initial__/111/xtal_68.cif,-73.7136,-18.813478
xtal_7.cif,./Al13Sc3N16/111/xtal_7.cif,-80.52755,-66.40959
xtal_72.cif,./Al13Sc3N16/__initial__/111/xtal_72.cif,-62.844234,52.784805
xtal_75.cif,./Al13Sc3N16/__initial__/111/xtal_75.cif,-63.676445,24.522734
xtal_76.cif,./Al13Sc3N16/__initial__/111/xtal_76.cif,-73.14458,34.138805
xtal_78.cif,./Al13Sc3N16/__initial__/111/xtal_78.cif,-28.387108,78.58854
xtal_79.cif,./Al13Sc3N16/__initial__/111/xtal_79.cif,-35.894547,-26.45953
xtal_81.cif,./Al13Sc3N16/__initial__/111/xtal_81.cif,-2.0811772,-11.78152
xtal_82.cif,./Al13Sc3N16/__initial__/111/xtal_82.cif,-81.77344,54.02158
xtal_85.cif,./Al13Sc3N16/__initial__/111/xtal_85.cif,43.16535,-27.919714
xtal_88.cif,./Al13Sc3N16/__initial__/111/xtal_88.cif,-28.740517,39.638252
xtal_89.cif,./Al13Sc3N16/__initial__/111/xtal_89.cif,-79.35613,-36.40146
xtal_92.cif,./Al13Sc3N16/__initial__/111/xtal_92.cif,-39.923985,33.3537
xtal_93.cif,./Al13Sc3N16/__initial__/111/xtal_93.cif,-11.283271,56.90257
xtal_94.cif,./Al13Sc3N16/__initial__/111/xtal_94.cif,98.406525,-21.78126
xtal_95.cif,./Al13Sc3N16/__initial__/111/xtal_95.cif,-28.920229,73.75433
xtal_96.cif,./Al13Sc3N16/__initial__/111/xtal_96.cif,31.597132,-85.86548
xtal_1.cif,./Al13Sc3N16/__initial__/112/xtal_1.cif,-64.14924,-55.870487
xtal_100.cif,./Al13Sc3N16/__initial__/112/xtal_100.cif,-52.251064,-63.65406
xtal_12.cif,./Al13Sc3N16/__initial__/112/xtal_12.cif,10.230982,5.0977263
xtal_13.cif,./Al13Sc3N16/__initial__/112/xtal_13.cif,-57.552433,-36.670452
xtal_21.cif,./Al13Sc3N16/__initial__/112/xtal_21.cif,23.538183,35.800488
xtal_22.cif,./Al13Sc3N16/__initial__/112/xtal_22.cif,11.550211,51.413696
xtal_23.cif,./Al13Sc3N16/__initial__/112/xtal_23.cif,-2.9395127,48.87892
xtal_25.cif,./Al13Sc3N16/112/xtal_25.cif,-33.824734,-83.02092
xtal_27.cif,./Al13Sc3N16/__initial__/112/xtal_27.cif,3.9303577,34.726917
xtal_28.cif,./Al13Sc3N16/__initial__/112/xtal_28.cif,-70.58989,-6.4933324
xtal_3.cif,./Al13Sc3N16/__initial__/112/xtal_3.cif,-35.05957,23.540476
xtal_30.cif,./Al13Sc3N16/__initial__/112/xtal_30.cif,-11.170583,60.40614
xtal_31.cif,./Al13Sc3N16/__initial__/112/xtal_31.cif,27.369818,17.741259
xtal_32.cif,./Al13Sc3N16/__initial__/112/xtal_32.cif,97.849655,-3.836823
xtal_35.cif,./Al13Sc3N16/__initial__/112/xtal_35.cif,-100.08844,-11.713687
xtal_39.cif,./Al13Sc3N16/__initial__/112/xtal_39.cif,88.63344,31.723946
xtal_40.cif,./Al13Sc3N16/__initial__/112/xtal_40.cif,-35.435295,-70.73367
xtal_42.cif,./Al13Sc3N16/__initial__/112/xtal_42.cif,-69.10561,33.344177
xtal_43.cif,./Al13Sc3N16/__initial__/112/xtal_43.cif,11.452311,60.381527
xtal_50.cif,./Al13Sc3N16/__initial__/112/xtal_50.cif,98.95185,6.55013
xtal_51.cif,./Al13Sc3N16/__initial__/112/xtal_51.cif,40.128372,62.2661
xtal_52.cif,./Al13Sc3N16/__initial__/112/xtal_52.cif,12.874871,7.6638236
xtal_54.cif,./Al13Sc3N16/__initial__/112/xtal_54.cif,31.738842,38.988308
xtal_55.cif,./Al13Sc3N16/__initial__/112/xtal_55.cif,-35.814426,66.650894
xtal_57.cif,./Al13Sc3N16/__initial__/112/xtal_57.cif,72.72069,60.98968
xtal_58.cif,./Al13Sc3N16/__initial__/112/xtal_58.cif,-46.99162,-46.088017
xtal_59.cif,./Al13Sc3N16/112/xtal_59.cif,-6.1896644,-77.63794
xtal_6.cif,./Al13Sc3N16/__initial__/112/xtal_6.cif,19.953663,64.706726
xtal_60.cif,./Al13Sc3N16/__initial__/112/xtal_60.cif,74.44953,-0.058983374
xtal_61.cif,./Al13Sc3N16/__initial__/112/xtal_61.cif,-75.01143,-37.626495
xtal_62.cif,./Al13Sc3N16/__initial__/112/xtal_62.cif,-48.732586,30.718939
xtal_63.cif,./Al13Sc3N16/__initial__/112/xtal_63.cif,19.465477,-6.023187
xtal_66.cif,./Al13Sc3N16/__initial__/112/xtal_66.cif,-4.5560713,-23.938997
xtal_67.cif,./Al13Sc3N16/__initial__/112/xtal_67.cif,-50.783592,25.7388
xtal_69.cif,./Al13Sc3N16/__initial__/112/xtal_69.cif,48.286552,66.19877
xtal_70.cif,./Al13Sc3N16/__initial__/112/xtal_70.cif,42.335274,-0.005257275
xtal_71.cif,./Al13Sc3N16/__initial__/112/xtal_71.cif,20.256248,-58.431263
xtal_72.cif,./Al13Sc3N16/__initial__/112/xtal_72.cif,-61.62491,49.357647
xtal_73.cif,./Al13Sc3N16/__initial__/112/xtal_73.cif,57.81594,10.014545
xtal_74.cif,./Al13Sc3N16/__initial__/112/xtal_74.cif,-36.088802,28.765694
xtal_78.cif,./Al13Sc3N16/__initial__/112/xtal_78.cif,-60.832905,-36.674274
xtal_8.cif,./Al13Sc3N16/__initial__/112/xtal_8.cif,-26.436537,-8.118789
xtal_80.cif,./Al13Sc3N16/__initial__/112/xtal_80.cif,-42.293816,-17.66669
xtal_82.cif,./Al13Sc3N16/__initial__/112/xtal_82.cif,-7.329143,-37.627895
xtal_84.cif,./Al13Sc3N16/__initial__/112/xtal_84.cif,-18.102484,8.576595
xtal_86.cif,./Al13Sc3N16/__initial__/112/xtal_86.cif,-35.21892,3.892494
xtal_90.cif,./Al13Sc3N16/__initial__/112/xtal_90.cif,23.382582,-41.387817
xtal_94.cif,./Al13Sc3N16/__initial__/112/xtal_94.cif,-68.74916,26.749063
xtal_96.cif,./Al13Sc3N16/__initial__/112/xtal_96.cif,68.10982,26.853586
xtal_97.cif,./Al13Sc3N16/__initial__/112/xtal_97.cif,14.900768,-69.56241
xtal_1.cif,./Al13Sc3N16/__initial__/113/xtal_1.cif,-4.043324,62.695534
xtal_100.cif,./Al13Sc3N16/__initial__/113/xtal_100.cif,2.8693514,56.09527
xtal_11.cif,./Al13Sc3N16/__initial__/113/xtal_11.cif,26.69942,14.23478
xtal_13.cif,./Al13Sc3N16/__initial__/113/xtal_13.cif,23.640724,15.918106
xtal_14.cif,./Al13Sc3N16/__initial__/113/xtal_14.cif,-54.365654,83.52038
xtal_15.cif,./Al13Sc3N16/__initial__/113/xtal_15.cif,-16.22299,-43.524883
xtal_16.cif,./Al13Sc3N16/__initial__/113/xtal_16.cif,74.550674,26.062347
xtal_17.cif,./Al13Sc3N16/__initial__/113/xtal_17.cif,93.73098,6.292978
xtal_18.cif,./Al13Sc3N16/__initial__/113/xtal_18.cif,31.71578,-45.67953
xtal_19.cif,./Al13Sc3N16/__initial__/113/xtal_19.cif,-13.695514,71.77265
xtal_2.cif,./Al13Sc3N16/__initial__/113/xtal_2.cif,-81.66539,25.68018
xtal_21.cif,./Al13Sc3N16/__initial__/113/xtal_21.cif,-15.799688,73.50098
xtal_23.cif,./Al13Sc3N16/__initial__/113/xtal_23.cif,31.463182,75.311226
xtal_25.cif,./Al13Sc3N16/__initial__/113/xtal_25.cif,-70.27034,-52.142323
xtal_26.cif,./Al13Sc3N16/__initial__/113/xtal_26.cif,-17.116823,-13.928939
xtal_27.cif,./Al13Sc3N16/__initial__/113/xtal_27.cif,-18.961264,87.03505
xtal_28.cif,./Al13Sc3N16/__initial__/113/xtal_28.cif,24.45923,13.452168
xtal_29.cif,./Al13Sc3N16/__initial__/113/xtal_29.cif,31.91468,45.980988
xtal_33.cif,./Al13Sc3N16/__initial__/113/xtal_33.cif,-19.9936,29.496883
xtal_36.cif,./Al13Sc3N16/__initial__/113/xtal_36.cif,14.6460905,-77.3775
xtal_37.cif,./Al13Sc3N16/__initial__/113/xtal_37.cif,11.121239,-12.6722145
xtal_38.cif,./Al13Sc3N16/__initial__/113/xtal_38.cif,38.811394,-84.96115
xtal_4.cif,./Al13Sc3N16/__initial__/113/xtal_4.cif,-56.578827,-26.407463
xtal_40.cif,./Al13Sc3N16/__initial__/113/xtal_40.cif,6.4108324,45.153717
xtal_43.cif,./Al13Sc3N16/__initial__/113/xtal_43.cif,-8.194704,49.769005
xtal_46.cif,./Al13Sc3N16/__initial__/113/xtal_46.cif,49.67272,-75.31225
xtal_49.cif,./Al13Sc3N16/__initial__/113/xtal_49.cif,-60.076683,-38.6229
xtal_5.cif,./Al13Sc3N16/__initial__/113/xtal_5.cif,-27.278467,-42.063305
xtal_52.cif,./Al13Sc3N16/__initial__/113/xtal_52.cif,90.58139,17.765612
xtal_53.cif,./Al13Sc3N16/__initial__/113/xtal_53.cif,-19.18309,-30.122536
xtal_54.cif,./Al13Sc3N16/__initial__/113/xtal_54.cif,68.13057,-68.50704
xtal_62.cif,./Al13Sc3N16/113/xtal_62.cif,-16.075832,-64.91012
xtal_64.cif,./Al13Sc3N16/__initial__/113/xtal_64.cif,-29.277136,0.5286849
xtal_65.cif,./Al13Sc3N16/__initial__/113/xtal_65.cif,-78.632904,-52.753006
xtal_67.cif,./Al13Sc3N16/__initial__/113/xtal_67.cif,57.78316,-90.46994
xtal_69.cif,./Al13Sc3N16/__initial__/113/xtal_69.cif,11.319158,10.48197
xtal_71.cif,./Al13Sc3N16/__initial__/113/xtal_71.cif,-45.229023,49.388004
xtal_72.cif,./Al13Sc3N16/__initial__/113/xtal_72.cif,25.386799,14.249621
xtal_77.cif,./Al13Sc3N16/__initial__/113/xtal_77.cif,68.016785,-65.398674
xtal_79.cif,./Al13Sc3N16/__initial__/113/xtal_79.cif,31.09895,82.42516
xtal_85.cif,./Al13Sc3N16/__initial__/113/xtal_85.cif,-4.590197,2.6043468
xtal_87.cif,./Al13Sc3N16/__initial__/113/xtal_87.cif,-10.992156,54.620346
xtal_88.cif,./Al13Sc3N16/__initial__/113/xtal_88.cif,-66.639946,-43.90449
xtal_89.cif,./Al13Sc3N16/113/xtal_89.cif,-57.03423,-80.628
xtal_9.cif,./Al13Sc3N16/__initial__/113/xtal_9.cif,-81.74906,-61.37452
xtal_90.cif,./Al13Sc3N16/__initial__/113/xtal_90.cif,-18.954895,-48.548916
xtal_92.cif,./Al13Sc3N16/__initial__/113/xtal_92.cif,-7.185488,82.652565
xtal_93.cif,./Al13Sc3N16/__initial__/113/xtal_93.cif,-25.185186,-32.02574
xtal_96.cif,./Al13Sc3N16/__initial__/113/xtal_96.cif,-28.971989,58.43593
xtal_97.cif,./Al13Sc3N16/__initial__/113/xtal_97.cif,-10.086273,90.83958
xtal_10.cif,./Al13Sc3N16/__initial__/114/xtal_10.cif,42.90375,9.653864
xtal_11.cif,./Al13Sc3N16/__initial__/114/xtal_11.cif,-13.268683,-44.327404
xtal_12.cif,./Al13Sc3N16/__initial__/114/xtal_12.cif,29.93863,-9.549791
xtal_13.cif,./Al13Sc3N16/__initial__/114/xtal_13.cif,-47.477283,90.18
xtal_14.cif,./Al13Sc3N16/__initial__/114/xtal_14.cif,-27.993235,-39.184425
xtal_15.cif,./Al13Sc3N16/114/xtal_15.cif,-94.77968,-44.40052
xtal_16.cif,./Al13Sc3N16/__initial__/114/xtal_16.cif,-56.95583,82.40679
xtal_17.cif,./Al13Sc3N16/__initial__/114/xtal_17.cif,13.001718,-0.7518311
xtal_2.cif,./Al13Sc3N16/__initial__/114/xtal_2.cif,-3.6949003,83.20578
xtal_20.cif,./Al13Sc3N16/__initial__/114/xtal_20.cif,-8.014665,65.341255
xtal_24.cif,./Al13Sc3N16/__initial__/114/xtal_24.cif,-17.224619,-29.851315
xtal_28.cif,./Al13Sc3N16/__initial__/114/xtal_28.cif,-38.65437,27.524618
xtal_29.cif,./Al13Sc3N16/__initial__/114/xtal_29.cif,-47.96436,-24.434608
xtal_3.cif,./Al13Sc3N16/__initial__/114/xtal_3.cif,52.14272,50.138496
xtal_34.cif,./Al13Sc3N16/__initial__/114/xtal_34.cif,-35.92641,-31.043587
xtal_36.cif,./Al13Sc3N16/__initial__/114/xtal_36.cif,47.293465,77.21004
xtal_4.cif,./Al13Sc3N16/__initial__/114/xtal_4.cif,-88.318596,-20.407707
xtal_41.cif,./Al13Sc3N16/__initial__/114/xtal_41.cif,-20.177935,-30.24
xtal_42.cif,./Al13Sc3N16/__initial__/114/xtal_42.cif,1.83266,-5.1557336
xtal_43.cif,./Al13Sc3N16/__initial__/114/xtal_43.cif,-12.965626,78.50586
xtal_44.cif,./Al13Sc3N16/__initial__/114/xtal_44.cif,45.080524,77.09374
xtal_45.cif,./Al13Sc3N16/__initial__/114/xtal_45.cif,16.150988,67.05912
xtal_46.cif,./Al13Sc3N16/__initial__/114/xtal_46.cif,-57.181805,53.55028
xtal_47.cif,./Al13Sc3N16/__initial__/114/xtal_47.cif,-22.638556,-53.211216
xtal_48.cif,./Al13Sc3N16/__initial__/114/xtal_48.cif,-70.07827,-41.666073
xtal_5.cif,./Al13Sc3N16/__initial__/114/xtal_5.cif,-43.074696,-47.852028
xtal_50.cif,./Al13Sc3N16/__initial__/114/xtal_50.cif,-29.240465,91.993965
xtal_51.cif,./Al13Sc3N16/__initial__/114/xtal_51.cif,-31.652859,-29.558838
xtal_53.cif,./Al13Sc3N16/__initial__/114/xtal_53.cif,-30.384161,73.635864
xtal_57.cif,./Al13Sc3N16/__initial__/114/xtal_57.cif,46.437046,15.165421
xtal_58.cif,./Al13Sc3N16/__initial__/114/xtal_58.cif,11.1909685,88.46123
xtal_6.cif,./Al13Sc3N16/__initial__/114/xtal_6.cif,3.1652172,-13.804085
xtal_60.cif,./Al13Sc3N16/__initial__/114/xtal_60.cif,-67.02428,85.83068
xtal_61.cif,./Al13Sc3N16/__initial__/114/xtal_61.cif,18.369816,57.595444
xtal_62.cif,./Al13Sc3N16/__initial__/114/xtal_62.cif,-97.76553,-12.776155
xtal_64.cif,./Al13Sc3N16/__initial__/114/xtal_64.cif,31.26867,92.588646
xtal_66.cif,./Al13Sc3N16/__initial__/114/xtal_66.cif,-14.649036,-3.4786556
xtal_68.cif,./Al13Sc3N16/__initial__/114/xtal_68.cif,-27.869501,14.9000435
xtal_69.cif,./Al13Sc3N16/__initial__/114/xtal_69.cif,-1.3596126,90.21123
xtal_71.cif,./Al13Sc3N16/__initial__/114/xtal_71.cif,-7.252289,-17.115908
xtal_72.cif,./Al13Sc3N16/__initial__/114/xtal_72.cif,-26.3486,-57.91511
xtal_74.cif,./Al13Sc3N16/__initial__/114/xtal_74.cif,-43.924393,89.92239
xtal_82.cif,./Al13Sc3N16/__initial__/114/xtal_82.cif,9.906198,82.158195
xtal_84.cif,./Al13Sc3N16/__initial__/114/xtal_84.cif,53.42959,80.44253
xtal_88.cif,./Al13Sc3N16/__initial__/114/xtal_88.cif,2.0501764,24.484587
xtal_92.cif,./Al13Sc3N16/__initial__/114/xtal_92.cif,-22.172321,-12.042147
xtal_93.cif,./Al13Sc3N16/__initial__/114/xtal_93.cif,14.059318,5.8119097
xtal_95.cif,./Al13Sc3N16/__initial__/114/xtal_95.cif,-8.517495,-9.312404
xtal_98.cif,./Al13Sc3N16/__initial__/114/xtal_98.cif,-10.756368,65.89299
xtal_99.cif,./Al13Sc3N16/__initial__/114/xtal_99.cif,-38.29198,29.24086
xtal_10.cif,./Al13Sc3N16/__initial__/115/xtal_10.cif,-83.29413,-41.858227
xtal_100.cif,./Al13Sc3N16/__initial__/115/xtal_100.cif,-27.88652,43.777557
xtal_11.cif,./Al13Sc3N16/__initial__/115/xtal_11.cif,30.756723,-63.972942
xtal_12.cif,./Al13Sc3N16/__initial__/115/xtal_12.cif,-16.784178,-17.170504
xtal_13.cif,./Al13Sc3N16/__initial__/115/xtal_13.cif,-57.735832,-55.58574
xtal_15.cif,./Al13Sc3N16/__initial__/115/xtal_15.cif,56.833546,-50.360302
xtal_16.cif,./Al13Sc3N16/__initial__/115/xtal_16.cif,64.26279,-77.33217
xtal_17.cif,./Al13Sc3N16/__initial__/115/xtal_17.cif,-52.68118,-13.660104
xtal_18.cif,./Al13Sc3N16/__initial__/115/xtal_18.cif,63.234055,-62.550022
xtal_21.cif,./Al13Sc3N16/__initial__/115/xtal_21.cif,39.34831,-11.701627
xtal_22.cif,./Al13Sc3N16/__initial__/115/xtal_22.cif,2.9988956,1.57929
xtal_26.cif,./Al13Sc3N16/__initial__/115/xtal_26.cif,-67.2109,-33.030983
xtal_28.cif,./Al13Sc3N16/115/xtal_28.cif,24.870228,56.565
xtal_29.cif,./Al13Sc3N16/115/xtal_29.cif,-53.49208,4.9284773
xtal_3.cif,./Al13Sc3N16/__initial__/115/xtal_3.cif,-47.253925,78.04304
xtal_30.cif,./Al13Sc3N16/__initial__/115/xtal_30.cif,-33.22013,49.06718
xtal_33.cif,./Al13Sc3N16/__initial__/115/xtal_33.cif,-63.661465,28.422958
xtal_34.cif,./Al13Sc3N16/__initial__/115/xtal_34.cif,10.312031,76.88326
xtal_35.cif,./Al13Sc3N16/115/xtal_35.cif,-56.11416,-10.82463
xtal_41.cif,./Al13Sc3N16/115/xtal_41.cif,15.999106,-30.93759
xtal_44.cif,./Al13Sc3N16/__initial__/115/xtal_44.cif,53.553864,-81.40024
xtal_45.cif,./Al13Sc3N16/__initial__/115/xtal_45.cif,47.650925,-46.736515
xtal_46.cif,./Al13Sc3N16/__initial__/115/xtal_46.cif,-73.179726,-59.274082
xtal_47.cif,./Al13Sc3N16/__initial__/115/xtal_47.cif,-37.428677,76.24123
xtal_49.cif,./Al13Sc3N16/__initial__/115/xtal_49.cif,53.69563,42.822533
xtal_5.cif,./Al13Sc3N16/__initial__/115/xtal_5.cif,-27.18301,25.013113
xtal_55.cif,./Al13Sc3N16/__initial__/115/xtal_55.cif,-58.345978,46.45615
xtal_56.cif,./Al13Sc3N16/__initial__/115/xtal_56.cif,-65.170135,15.443491
xtal_58.cif,./Al13Sc3N16/__initial__/115/xtal_58.cif,51.117577,-85.03534
xtal_59.cif,./Al13Sc3N16/__initial__/115/xtal_59.cif,60.766983,-7.984118
xtal_6.cif,./Al13Sc3N16/__initial__/115/xtal_6.cif,-37.36587,78.40275
xtal_60.cif,./Al13Sc3N16/115/xtal_60.cif,52.55681,-28.574804
xtal_61.cif,./Al13Sc3N16/__initial__/115/xtal_61.cif,44.397274,-94.819145
xtal_63.cif,./Al13Sc3N16/__initial__/115/xtal_63.cif,-12.521131,-18.455873
xtal_65.cif,./Al13Sc3N16/__initial__/115/xtal_65.cif,40.1426,-79.41637
xtal_66.cif,./Al13Sc3N16/__initial__/115/xtal_66.cif,-35.188923,82.157
xtal_68.cif,./Al13Sc3N16/__initial__/115/xtal_68.cif,-33.768425,2.2903488
xtal_7.cif,./Al13Sc3N16/__initial__/115/xtal_7.cif,-40.774567,39.008167
xtal_74.cif,./Al13Sc3N16/__initial__/115/xtal_74.cif,-55.23416,-40.460938
xtal_76.cif,./Al13Sc3N16/__initial__/115/xtal_76.cif,-69.10554,-19.139606
xtal_8.cif,./Al13Sc3N16/__initial__/115/xtal_8.cif,-17.883701,-49.72378
xtal_80.cif,./Al13Sc3N16/__initial__/115/xtal_80.cif,21.033775,75.404755
xtal_81.cif,./Al13Sc3N16/__initial__/115/xtal_81.cif,-78.98852,29.039616
xtal_84.cif,./Al13Sc3N16/__initial__/115/xtal_84.cif,-64.19107,88.76143
xtal_85.cif,./Al13Sc3N16/__initial__/115/xtal_85.cif,56.306004,-86.95115
xtal_86.cif,./Al13Sc3N16/__initial__/115/xtal_86.cif,61.676785,2.4132645
xtal_9.cif,./Al13Sc3N16/115/xtal_9.cif,56.829967,-10.577946
xtal_92.cif,./Al13Sc3N16/__initial__/115/xtal_92.cif,-23.079422,48.6653
xtal_95.cif,./Al13Sc3N16/__initial__/115/xtal_95.cif,-45.465385,93.11347
xtal_99.cif,./Al13Sc3N16/__initial__/115/xtal_99.cif,-44.40487,26.540623
xtal_1.cif,./Al13Sc3N16/__initial__/116/xtal_1.cif,25.517368,85.17239
xtal_11.cif,./Al13Sc3N16/__initial__/116/xtal_11.cif,-41.50746,-69.24889
xtal_12.cif,./Al13Sc3N16/__initial__/116/xtal_12.cif,-50.88874,-23.493393
xtal_19.cif,./Al13Sc3N16/__initial__/116/xtal_19.cif,39.787712,48.9761
xtal_22.cif,./Al13Sc3N16/__initial__/116/xtal_22.cif,33.372322,77.71825
xtal_24.cif,./Al13Sc3N16/__initial__/116/xtal_24.cif,49.84141,47.15827
xtal_25.cif,./Al13Sc3N16/__initial__/116/xtal_25.cif,1.9607537,56.52355
xtal_27.cif,./Al13Sc3N16/__initial__/116/xtal_27.cif,-60.19915,49.234165
xtal_28.cif,./Al13Sc3N16/__initial__/116/xtal_28.cif,12.749961,-52.22281
xtal_29.cif,./Al13Sc3N16/__initial__/116/xtal_29.cif,-22.686134,42.8976
xtal_3.cif,./Al13Sc3N16/__initial__/116/xtal_3.cif,-34.642216,37.01065
xtal_31.cif,./Al13Sc3N16/__initial__/116/xtal_31.cif,-57.96427,79.88525
xtal_33.cif,./Al13Sc3N16/__initial__/116/xtal_33.cif,51.13759,-68.29549
xtal_34.cif,./Al13Sc3N16/__initial__/116/xtal_34.cif,-3.3297389,-47.65096
xtal_36.cif,./Al13Sc3N16/__initial__/116/xtal_36.cif,-2.3998384,-16.461819
xtal_38.cif,./Al13Sc3N16/__initial__/116/xtal_38.cif,1.3284849,-11.372051
xtal_41.cif,./Al13Sc3N16/__initial__/116/xtal_41.cif,-58.198406,-39.500706
xtal_42.cif,./Al13Sc3N16/__initial__/116/xtal_42.cif,-43.550056,34.792538
xtal_44.cif,./Al13Sc3N16/__initial__/116/xtal_44.cif,-68.32234,-17.923346
xtal_45.cif,./Al13Sc3N16/__initial__/116/xtal_45.cif,-92.34959,-36.7021
xtal_47.cif,./Al13Sc3N16/__initial__/116/xtal_47.cif,44.525555,60.560955
xtal_48.cif,./Al13Sc3N16/__initial__/116/xtal_48.cif,-29.949375,-2.2298315
xtal_49.cif,./Al13Sc3N16/__initial__/116/xtal_49.cif,-65.88783,41.83581
xtal_50.cif,./Al13Sc3N16/__initial__/116/xtal_50.cif,-98.14209,-10.73956
xtal_51.cif,./Al13Sc3N16/__initial__/116/xtal_51.cif,17.50749,-65.79707
xtal_52.cif,./Al13Sc3N16/__initial__/116/xtal_52.cif,27.300713,58.589737
xtal_53.cif,./Al13Sc3N16/__initial__/116/xtal_53.cif,-29.420513,43.645596
xtal_54.cif,./Al13Sc3N16/__initial__/116/xtal_54.cif,6.3825526,27.246534
xtal_55.cif,./Al13Sc3N16/__initial__/116/xtal_55.cif,-87.57194,-26.624119
xtal_58.cif,./Al13Sc3N16/__initial__/116/xtal_58.cif,-48.33683,-53.10293
xtal_6.cif,./Al13Sc3N16/__initial__/116/xtal_6.cif,-86.34718,-20.094543
xtal_62.cif,./Al13Sc3N16/__initial__/116/xtal_62.cif,19.965326,52.108765
xtal_65.cif,./Al13Sc3N16/__initial__/116/xtal_65.cif,-69.10852,-9.370274
xtal_66.cif,./Al13Sc3N16/__initial__/116/xtal_66.cif,15.889406,55.765457
xtal_67.cif,./Al13Sc3N16/__initial__/116/xtal_67.cif,24.6696,-77.66976
xtal_69.cif,./Al13Sc3N16/__initial__/116/xtal_69.cif,-76.645706,77.34935
xtal_7.cif,./Al13Sc3N16/__initial__/116/xtal_7.cif,86.07513,-1.6241457
xtal_70.cif,./Al13Sc3N16/__initial__/116/xtal_70.cif,29.944077,27.868221
xtal_71.cif,./Al13Sc3N16/__initial__/116/xtal_71.cif,54.559284,30.09054
xtal_72.cif,./Al13Sc3N16/__initial__/116/xtal_72.cif,16.365808,79.06996
xtal_73.cif,./Al13Sc3N16/__initial__/116/xtal_73.cif,31.755629,-2.2807963
xtal_74.cif,./Al13Sc3N16/__initial__/116/xtal_74.cif,49.74715,49.837307
xtal_75.cif,./Al13Sc3N16/__initial__/116/xtal_75.cif,45.837326,-52.27378
xtal_79.cif,./Al13Sc3N16/__initial__/116/xtal_79.cif,4.3295093,90.324554
xtal_80.cif,./Al13Sc3N16/__initial__/116/xtal_80.cif,55.12527,-32.640564
xtal_84.cif,./Al13Sc3N16/__initial__/116/xtal_84.cif,-80.566574,25.40169
xtal_89.cif,./Al13Sc3N16/__initial__/116/xtal_89.cif,1.730384,-29.06217
xtal_93.cif,./Al13Sc3N16/__initial__/116/xtal_93.cif,103.78606,13.155721
xtal_94.cif,./Al13Sc3N16/__initial__/116/xtal_94.cif,-86.67011,33.724495
xtal_99.cif,./Al13Sc3N16/__initial__/116/xtal_99.cif,-40.374115,-39.32267
xtal_1.cif,./Al13Sc3N16/__initial__/117/xtal_1.cif,-69.19762,-39.23793
xtal_10.cif,./Al13Sc3N16/__initial__/117/xtal_10.cif,-52.73637,58.85271
xtal_11.cif,./Al13Sc3N16/__initial__/117/xtal_11.cif,8.62236,6.976852
xtal_13.cif,./Al13Sc3N16/__initial__/117/xtal_13.cif,-30.383602,70.54186
xtal_14.cif,./Al13Sc3N16/__initial__/117/xtal_14.cif,-22.125265,77.59444
xtal_16.cif,./Al13Sc3N16/__initial__/117/xtal_16.cif,-35.765705,5.996954
xtal_2.cif,./Al13Sc3N16/__initial__/117/xtal_2.cif,27.0173,88.68681
xtal_21.cif,./Al13Sc3N16/117/xtal_21.cif,-16.858728,-33.308826
xtal_22.cif,./Al13Sc3N16/__initial__/117/xtal_22.cif,63.634968,52.02382
xtal_24.cif,./Al13Sc3N16/__initial__/117/xtal_24.cif,-16.227982,87.12602
xtal_26.cif,./Al13Sc3N16/__initial__/117/xtal_26.cif,-49.45439,78.16976
xtal_27.cif,./Al13Sc3N16/__initial__/117/xtal_27.cif,-20.272057,-55.535625
xtal_28.cif,./Al13Sc3N16/__initial__/117/xtal_28.cif,60.177464,36.51041
xtal_3.cif,./Al13Sc3N16/__initial__/117/xtal_3.cif,1.2948848,47.89868
xtal_30.cif,./Al13Sc3N16/__initial__/117/xtal_30.cif,17.758528,86.944214
xtal_38.cif,./Al13Sc3N16/__initial__/117/xtal_38.cif,-48.32544,-38.56782
xtal_40.cif,./Al13Sc3N16/__initial__/117/xtal_40.cif,-7.5209618,56.552773
xtal_51.cif,./Al13Sc3N16/__initial__/117/xtal_51.cif,-19.247509,27.081573
xtal_52.cif,./Al13Sc3N16/__initial__/117/xtal_52.cif,-33.30962,-31.828953
xtal_53.cif,./Al13Sc3N16/__initial__/117/xtal_53.cif,-88.83341,24.441605
xtal_54.cif,./Al13Sc3N16/__initial__/117/xtal_54.cif,-31.025751,-53.450333
xtal_55.cif,./Al13Sc3N16/__initial__/117/xtal_55.cif,3.852386,47.51999
xtal_56.cif,./Al13Sc3N16/__initial__/117/xtal_56.cif,-51.483665,16.065783
xtal_57.cif,./Al13Sc3N16/__initial__/117/xtal_57.cif,55.657272,63.358253
xtal_59.cif,./Al13Sc3N16/__initial__/117/xtal_59.cif,-58.90817,80.48165
xtal_6.cif,./Al13Sc3N16/__initial__/117/xtal_6.cif,-83.206635,29.634174
xtal_60.cif,./Al13Sc3N16/__initial__/117/xtal_60.cif,-79.00056,43.841286
xtal_62.cif,./Al13Sc3N16/117/xtal_62.cif,1.1983671,-69.60562
xtal_64.cif,./Al13Sc3N16/__initial__/117/xtal_64.cif,-81.79307,55.472416
xtal_65.cif,./Al13Sc3N16/__initial__/117/xtal_65.cif,42.185616,46.836582
xtal_66.cif,./Al13Sc3N16/__initial__/117/xtal_66.cif,-52.67922,-36.044636
xtal_67.cif,./Al13Sc3N16/__initial__/117/xtal_67.cif,-62.929455,-10.206762
xtal_68.cif,./Al13Sc3N16/__initial__/117/xtal_68.cif,9.6550255,-3.9901443
xtal_70.cif,./Al13Sc3N16/__initial__/117/xtal_70.cif,80.88306,20.139063
xtal_71.cif,./Al13Sc3N16/__initial__/117/xtal_71.cif,-49.153984,-40.727024
xtal_72.cif,./Al13Sc3N16/__initial__/117/xtal_72.cif,-27.038656,41.848595
xtal_73.cif,./Al13Sc3N16/__initial__/117/xtal_73.cif,-78.62144,1.0878111
xtal_76.cif,./Al13Sc3N16/__initial__/117/xtal_76.cif,-42.56576,37.475212
xtal_77.cif,./Al13Sc3N16/__initial__/117/xtal_77.cif,-71.38629,33.77301
xtal_8.cif,./Al13Sc3N16/__initial__/117/xtal_8.cif,-24.251822,46.138084
xtal_82.cif,./Al13Sc3N16/__initial__/117/xtal_82.cif,6.328094,68.93682
xtal_84.cif,./Al13Sc3N16/__initial__/117/xtal_84.cif,83.91068,22.61651
xtal_85.cif,./Al13Sc3N16/__initial__/117/xtal_85.cif,-47.501263,90.085144
xtal_9.cif,./Al13Sc3N16/__initial__/117/xtal_9.cif,-8.421075,46.127995
xtal_90.cif,./Al13Sc3N16/__initial__/117/xtal_90.cif,-0.7375985,0.15028596
xtal_91.cif,./Al13Sc3N16/__initial__/117/xtal_91.cif,-30.659798,90.60369
xtal_93.cif,./Al13Sc3N16/__initial__/117/xtal_93.cif,-46.912666,77.396194
xtal_94.cif,./Al13Sc3N16/__initial__/117/xtal_94.cif,-43.03952,22.665424
xtal_96.cif,./Al13Sc3N16/__initial__/117/xtal_96.cif,74.860176,31.549809
xtal_99.cif,./Al13Sc3N16/__initial__/117/xtal_99.cif,-5.1193323,48.00741
xtal_100.cif,./Al13Sc3N16/__initial__/118/xtal_100.cif,83.26773,6.459414
xtal_12.cif,./Al13Sc3N16/__initial__/118/xtal_12.cif,9.196015,26.209557
xtal_14.cif,./Al13Sc3N16/__initial__/118/xtal_14.cif,-15.675646,41.17617
xtal_15.cif,./Al13Sc3N16/118/xtal_15.cif,-10.5127945,-72.72689
xtal_17.cif,./Al13Sc3N16/__initial__/118/xtal_17.cif,102.37053,5.395864
xtal_18.cif,./Al13Sc3N16/__initial__/118/xtal_18.cif,-102.90516,3.928487
xtal_19.cif,./Al13Sc3N16/__initial__/118/xtal_19.cif,-83.323456,3.1781547
xtal_20.cif,./Al13Sc3N16/__initial__/118/xtal_20.cif,57.265938,-90.89627
xtal_24.cif,./Al13Sc3N16/__initial__/118/xtal_24.cif,-48.89991,72.08222
xtal_25.cif,./Al13Sc3N16/__initial__/118/xtal_25.cif,19.809713,35.359646
xtal_28.cif,./Al13Sc3N16/__initial__/118/xtal_28.cif,28.710472,92.45046
xtal_32.cif,./Al13Sc3N16/__initial__/118/xtal_32.cif,55.230442,-6.2565536
xtal_33.cif,./Al13Sc3N16/__initial__/118/xtal_33.cif,29.70938,66.60915
xtal_38.cif,./Al13Sc3N16/118/xtal_38.cif,-84.38076,-60.57629
xtal_39.cif,./Al13Sc3N16/__initial__/118/xtal_39.cif,67.54871,-69.65565
xtal_4.cif,./Al13Sc3N16/__initial__/118/xtal_4.cif,-57.771175,-13.107263
xtal_41.cif,./Al13Sc3N16/__initial__/118/xtal_41.cif,28.717617,-10.16324
xtal_46.cif,./Al13Sc3N16/118/xtal_46.cif,34.948948,19.699287
xtal_47.cif,./Al13Sc3N16/__initial__/118/xtal_47.cif,-58.537273,-1.1539794
xtal_48.cif,./Al13Sc3N16/__initial__/118/xtal_48.cif,23.034084,24.8175
xtal_49.cif,./Al13Sc3N16/__initial__/118/xtal_49.cif,63.680252,-72.70788
xtal_5.cif,./Al13Sc3N16/__initial__/118/xtal_5.cif,-46.366615,-71.17851
xtal_50.cif,./Al13Sc3N16/__initial__/118/xtal_50.cif,12.2502575,-74.46258
xtal_52.cif,./Al13Sc3N16/__initial__/118/xtal_52.cif,-89.1681,-18.432428
xtal_54.cif,./Al13Sc3N16/__initial__/118/xtal_54.cif,-54.7607,-15.766457
xtal_56.cif,./Al13Sc3N16/__initial__/118/xtal_56.cif,12.86726,-50.55466
xtal_57.cif,./Al13Sc3N16/__initial__/118/xtal_57.cif,-38.91146,-33.94233
xtal_58.cif,./Al13Sc3N16/__initial__/118/xtal_58.cif,-35.218086,31.635994
xtal_59.cif,./Al13Sc3N16/__initial__/118/xtal_59.cif,-0.7929067,88.97117
xtal_60.cif,./Al13Sc3N16/__initial__/118/xtal_60.cif,29.361149,53.506916
xtal_61.cif,./Al13Sc3N16/__initial__/118/xtal_61.cif,25.14661,-59.51631
xtal_65.cif,./Al13Sc3N16/__initial__/118/xtal_65.cif,-28.034008,38.298927
xtal_67.cif,./Al13Sc3N16/__initial__/118/xtal_67.cif,10.240638,74.091385
xtal_68.cif,./Al13Sc3N16/__initial__/118/xtal_68.cif,-46.17885,52.200768
xtal_71.cif,./Al13Sc3N16/__initial__/118/xtal_71.cif,36.128353,38.491352
xtal_73.cif,./Al13Sc3N16/__initial__/118/xtal_73.cif,-56.03261,36.96437
xtal_75.cif,./Al13Sc3N16/__initial__/118/xtal_75.cif,-42.26537,-44.377384
xtal_76.cif,./Al13Sc3N16/__initial__/118/xtal_76.cif,-77.99728,-19.315092
xtal_77.cif,./Al13Sc3N16/__initial__/118/xtal_77.cif,4.5586224,-48.990654
xtal_8.cif,./Al13Sc3N16/__initial__/118/xtal_8.cif,55.084,-39.181927
xtal_81.cif,./Al13Sc3N16/__initial__/118/xtal_81.cif,24.53818,-60.34013
xtal_82.cif,./Al13Sc3N16/__initial__/118/xtal_82.cif,-0.49211723,75.36474
xtal_83.cif,./Al13Sc3N16/__initial__/118/xtal_83.cif,-42.356113,-5.427389
xtal_85.cif,./Al13Sc3N16/__initial__/118/xtal_85.cif,-75.89963,13.829144
xtal_86.cif,./Al13Sc3N16/__initial__/118/xtal_86.cif,35.8717,-54.956573
xtal_87.cif,./Al13Sc3N16/__initial__/118/xtal_87.cif,-14.587857,5.3078604
xtal_89.cif,./Al13Sc3N16/__initial__/118/xtal_89.cif,-36.772285,89.95847
xtal_9.cif,./Al13Sc3N16/__initial__/118/xtal_9.cif,10.7214,-2.2756197
xtal_92.cif,./Al13Sc3N16/__initial__/118/xtal_92.cif,10.604146,90.70014
xtal_95.cif,./Al13Sc3N16/__initial__/118/xtal_95.cif,-71.9889,83.74302
xtal_10.cif,./Al13Sc3N16/__initial__/119/xtal_10.cif,-83.5426,-9.766505
xtal_100.cif,./Al13Sc3N16/__initial__/119/xtal_100.cif,-47.65274,-61.633595
xtal_12.cif,./Al13Sc3N16/__initial__/119/xtal_12.cif,96.856476,3.1818326
xtal_13.cif,./Al13Sc3N16/__initial__/119/xtal_13.cif,-3.6678195,95.37876
xtal_15.cif,./Al13Sc3N16/__initial__/119/xtal_15.cif,-75.39016,71.81713
xtal_16.cif,./Al13Sc3N16/__initial__/119/xtal_16.cif,-59.38894,1.8292394
xtal_17.cif,./Al13Sc3N16/__initial__/119/xtal_17.cif,53.967033,-49.536564
xtal_19.cif,./Al13Sc3N16/__initial__/119/xtal_19.cif,-59.578968,81.82452
xtal_2.cif,./Al13Sc3N16/__initial__/119/xtal_2.cif,-81.27591,-37.201
xtal_21.cif,./Al13Sc3N16/__initial__/119/xtal_21.cif,45.40419,-41.36282
xtal_23.cif,./Al13Sc3N16/__initial__/119/xtal_23.cif,-19.3859,60.20772
xtal_24.cif,./Al13Sc3N16/__initial__/119/xtal_24.cif,-1.0710557,44.13258
xtal_25.cif,./Al13Sc3N16/__initial__/119/xtal_25.cif,78.21685,54.79662
xtal_26.cif,./Al13Sc3N16/__initial__/119/xtal_26.cif,-36.319168,-38.45986
xtal_27.cif,./Al13Sc3N16/__initial__/119/xtal_27.cif,-60.97799,46.168827
xtal_29.cif,./Al13Sc3N16/__initial__/119/xtal_29.cif,94.757256,27.992825
xtal_31.cif,./Al13Sc3N16/__initial__/119/xtal_31.cif,44.51555,-62.910778
xtal_33.cif,./Al13Sc3N16/__initial__/119/xtal_33.cif,-16.63566,-50.214516
xtal_36.cif,./Al13Sc3N16/__initial__/119/xtal_36.cif,-6.7146277,-22.778284
xtal_37.cif,./Al13Sc3N16/__initial__/119/xtal_37.cif,-63.1738,-50.676834
xtal_40.cif,./Al13Sc3N16/__initial__/119/xtal_40.cif,9.315594,41.97793
xtal_41.cif,./Al13Sc3N16/__initial__/119/xtal_41.cif,44.944134,-35.943237
xtal_42.cif,./Al13Sc3N16/__initial__/119/xtal_42.cif,46.7843,-34.33349
xtal_44.cif,./Al13Sc3N16/__initial__/119/xtal_44.cif,-67.87633,50.87864
xtal_45.cif,./Al13Sc3N16/__initial__/119/xtal_45.cif,-4.0523367,12.058731
xtal_46.cif,./Al13Sc3N16/__initial__/119/xtal_46.cif,-31.367434,60.317337
xtal_48.cif,./Al13Sc3N16/__initial__/119/xtal_48.cif,-56.205406,50.339733
xtal_5.cif,./Al13Sc3N16/__initial__/119/xtal_5.cif,-54.5666,-62.328327
xtal_52.cif,./Al13Sc3N16/__initial__/119/xtal_52.cif,19.03687,85.13907
xtal_53.cif,./Al13Sc3N16/__initial__/119/xtal_53.cif,-35.564907,52.506565
xtal_55.cif,./Al13Sc3N16/__initial__/119/xtal_55.cif,62.735405,-84.17912
xtal_57.cif,./Al13Sc3N16/__initial__/119/xtal_57.cif,72.02428,14.31305
xtal_58.cif,./Al13Sc3N16/__initial__/119/xtal_58.cif,-19.515902,69.17121
xtal_6.cif,./Al13Sc3N16/__initial__/119/xtal_6.cif,-15.088503,21.25034
xtal_60.cif,./Al13Sc3N16/__initial__/119/xtal_60.cif,-48.76043,30.624918
xtal_62.cif,./Al13Sc3N16/__initial__/119/xtal_62.cif,29.908228,95.51791
xtal_63.cif,./Al13Sc3N16/__initial__/119/xtal_63.cif,100.1927,7.0040855
xtal_67.cif,./Al13Sc3N16/__initial__/119/xtal_67.cif,49.59485,-54.082043
xtal_72.cif,./Al13Sc3N16/__initial__/119/xtal_72.cif,-20.739983,48.458557
xtal_73.cif,./Al13Sc3N16/__initial__/119/xtal_73.cif,-32.33933,37.182915
xtal_76.cif,./Al13Sc3N16/__initial__/119/xtal_76.cif,41.16217,-95.42254
xtal_78.cif,./Al13Sc3N16/__initial__/119/xtal_78.cif,43.39216,40.5572
xtal_8.cif,./Al13Sc3N16/__initial__/119/xtal_8.cif,55.048264,-76.38539
xtal_80.cif,./Al13Sc3N16/__initial__/119/xtal_80.cif,68.05425,71.61973
xtal_86.cif,./Al13Sc3N16/__initial__/119/xtal_86.cif,-2.3708591,25.985226
xtal_89.cif,./Al13Sc3N16/__initial__/119/xtal_89.cif,47.521603,-71.64274
xtal_90.cif,./Al13Sc3N16/__initial__/119/xtal_90.cif,-62.81533,92.72366
xtal_91.cif,./Al13Sc3N16/__initial__/119/xtal_91.cif,37.862984,-92.849846
xtal_93.cif,./Al13Sc3N16/__initial__/119/xtal_93.cif,35.134304,65.42153
xtal_99.cif,./Al13Sc3N16/__initial__/119/xtal_99.cif,61.25904,-92.2761
xtal_1.cif,./Al13Sc3N16/__initial__/121/xtal_1.cif,-82.80376,49.87751
xtal_10.cif,./Al13Sc3N16/__initial__/121/xtal_10.cif,-83.652145,23.348185
xtal_12.cif,./Al13Sc3N16/__initial__/121/xtal_12.cif,-76.01532,-14.066135
xtal_14.cif,./Al13Sc3N16/__initial__/121/xtal_14.cif,-13.004727,79.29771
xtal_17.cif,./Al13Sc3N16/__initial__/121/xtal_17.cif,-16.376421,3.1967683
xtal_18.cif,./Al13Sc3N16/__initial__/121/xtal_18.cif,-44.064014,72.461845
xtal_19.cif,./Al13Sc3N16/__initial__/121/xtal_19.cif,-26.79047,-35.52841
xtal_2.cif,./Al13Sc3N16/__initial__/121/xtal_2.cif,-24.056051,52.454033
xtal_22.cif,./Al13Sc3N16/__initial__/121/xtal_22.cif,-70.68262,-36.475803
xtal_25.cif,./Al13Sc3N16/__initial__/121/xtal_25.cif,-94.99084,-19.864756
xtal_29.cif,./Al13Sc3N16/__initial__/121/xtal_29.cif,-72.44861,51.559967
xtal_3.cif,./Al13Sc3N16/__initial__/121/xtal_3.cif,-62.059937,-20.227297
xtal_31.cif,./Al13Sc3N16/__initial__/121/xtal_31.cif,-1.1825138,58.010468
xtal_32.cif,./Al13Sc3N16/__initial__/121/xtal_32.cif,-6.400442,30.005102
xtal_34.cif,./Al13Sc3N16/__initial__/121/xtal_34.cif,-56.215134,-56.121918
xtal_35.cif,./Al13Sc3N16/__initial__/121/xtal_35.cif,-57.952797,-20.627628
xtal_37.cif,./Al13Sc3N16/__initial__/121/xtal_37.cif,-57.92163,89.14635
xtal_39.cif,./Al13Sc3N16/__initial__/121/xtal_39.cif,-6.773937,-21.193966
xtal_4.cif,./Al13Sc3N16/__initial__/121/xtal_4.cif,-86.2788,8.043218
xtal_42.cif,./Al13Sc3N16/__initial__/121/xtal_42.cif,41.372944,-47.922646
xtal_43.cif,./Al13Sc3N16/__initial__/121/xtal_43.cif,-34.06556,6.3205566
xtal_44.cif,./Al13Sc3N16/__initial__/121/xtal_44.cif,-39.494686,65.01586
xtal_45.cif,./Al13Sc3N16/__initial__/121/xtal_45.cif,-53.83781,2.3270175
xtal_46.cif,./Al13Sc3N16/__initial__/121/xtal_46.cif,41.23452,-52.65557
xtal_47.cif,./Al13Sc3N16/__initial__/121/xtal_47.cif,-60.047443,86.456116
xtal_50.cif,./Al13Sc3N16/__initial__/121/xtal_50.cif,-60.734226,5.383161
xtal_51.cif,./Al13Sc3N16/__initial__/121/xtal_51.cif,-53.50526,9.144103
xtal_52.cif,./Al13Sc3N16/__initial__/121/xtal_52.cif,-24.803207,54.427483
xtal_56.cif,./Al13Sc3N16/__initial__/121/xtal_56.cif,32.291256,-44.238846
xtal_6.cif,./Al13Sc3N16/__initial__/121/xtal_6.cif,77.76839,61.03095
xtal_60.cif,./Al13Sc3N16/__initial__/121/xtal_60.cif,-41.282944,11.236287
xtal_65.cif,./Al13Sc3N16/__initial__/121/xtal_65.cif,-17.26841,69.22762
xtal_66.cif,./Al13Sc3N16/__initial__/121/xtal_66.cif,98.25292,-3.7208984
xtal_67.cif,./Al13Sc3N16/__initial__/121/xtal_67.cif,-88.60897,-18.107937
xtal_68.cif,./Al13Sc3N16/__initial__/121/xtal_68.cif,-68.82601,11.001279
xtal_69.cif,./Al13Sc3N16/__initial__/121/xtal_69.cif,-23.551327,-27.655674
xtal_72.cif,./Al13Sc3N16/__initial__/121/xtal_72.cif,23.370626,21.97635
xtal_73.cif,./Al13Sc3N16/__initial__/121/xtal_73.cif,-85.94967,-21.286203
xtal_76.cif,./Al13Sc3N16/__initial__/121/xtal_76.cif,36.29004,56.521523
xtal_79.cif,./Al13Sc3N16/__initial__/121/xtal_79.cif,-78.03468,63.549965
xtal_8.cif,./Al13Sc3N16/__initial__/121/xtal_8.cif,76.45427,28.366253
xtal_80.cif,./Al13Sc3N16/__initial__/121/xtal_80.cif,-3.8985403,60.798946
xtal_81.cif,./Al13Sc3N16/__initial__/121/xtal_81.cif,-29.20041,60.440228
xtal_88.cif,./Al13Sc3N16/__initial__/121/xtal_88.cif,-54.384712,53.88194
xtal_89.cif,./Al13Sc3N16/__initial__/121/xtal_89.cif,-25.78421,85.84731
xtal_9.cif,./Al13Sc3N16/__initial__/121/xtal_9.cif,-29.288101,70.163445
xtal_90.cif,./Al13Sc3N16/__initial__/121/xtal_90.cif,-79.02625,77.34274
xtal_91.cif,./Al13Sc3N16/__initial__/121/xtal_91.cif,-77.434074,76.290504
xtal_94.cif,./Al13Sc3N16/__initial__/121/xtal_94.cif,11.485476,18.315842
xtal_96.cif,./Al13Sc3N16/__initial__/121/xtal_96.cif,104.441444,-5.3446383
xtal_100.cif,./Al13Sc3N16/123/xtal_100.cif,-87.32852,-59.180653
xtal_11.cif,./Al13Sc3N16/__initial__/123/xtal_11.cif,-62.076244,33.321304
xtal_13.cif,./Al13Sc3N16/__initial__/123/xtal_13.cif,-60.202457,9.6607895
xtal_14.cif,./Al13Sc3N16/__initial__/123/xtal_14.cif,-29.472363,85.496796
xtal_16.cif,./Al13Sc3N16/__initial__/123/xtal_16.cif,-29.463142,-47.8201
xtal_18.cif,./Al13Sc3N16/__initial__/123/xtal_18.cif,-65.57475,53.871662
xtal_19.cif,./Al13Sc3N16/__initial__/123/xtal_19.cif,-78.93056,55.900814
xtal_2.cif,./Al13Sc3N16/__initial__/123/xtal_2.cif,-71.66437,57.04643
xtal_24.cif,./Al13Sc3N16/__initial__/123/xtal_24.cif,-11.820784,32.69554
xtal_26.cif,./Al13Sc3N16/123/xtal_26.cif,-71.06593,-71.69368
xtal_27.cif,./Al13Sc3N16/__initial__/123/xtal_27.cif,34.51713,38.692463
xtal_29.cif,./Al13Sc3N16/__initial__/123/xtal_29.cif,-28.537275,-13.417355
xtal_3.cif,./Al13Sc3N16/__initial__/123/xtal_3.cif,-39.838566,2.3172252
xtal_30.cif,./Al13Sc3N16/__initial__/123/xtal_30.cif,-77.44168,65.967705
xtal_32.cif,./Al13Sc3N16/__initial__/123/xtal_32.cif,-57.845085,8.696859
xtal_33.cif,./Al13Sc3N16/__initial__/123/xtal_33.cif,-80.19475,-12.2079525
xtal_34.cif,./Al13Sc3N16/__initial__/123/xtal_34.cif,-69.1447,-39.137115
xtal_35.cif,./Al13Sc3N16/__initial__/123/xtal_35.cif,-33.261005,71.61498
xtal_37.cif,./Al13Sc3N16/__initial__/123/xtal_37.cif,34.05089,32.24729
xtal_39.cif,./Al13Sc3N16/__initial__/123/xtal_39.cif,-32.83224,-34.42556
xtal_4.cif,./Al13Sc3N16/__initial__/123/xtal_4.cif,-16.75364,53.525993
xtal_47.cif,./Al13Sc3N16/123/xtal_47.cif,-28.312908,-80.31324
xtal_48.cif,./Al13Sc3N16/__initial__/123/xtal_48.cif,-85.847855,42.336727
xtal_52.cif,./Al13Sc3N16/__initial__/123/xtal_52.cif,46.19042,70.28702
xtal_53.cif,./Al13Sc3N16/__initial__/123/xtal_53.cif,-87.717926,9.196416
xtal_54.cif,./Al13Sc3N16/__initial__/123/xtal_54.cif,-50.065735,26.934275
xtal_55.cif,./Al13Sc3N16/__initial__/123/xtal_55.cif,-43.315662,-18.247284
xtal_56.cif,./Al13Sc3N16/__initial__/123/xtal_56.cif,-73.3859,75.86536
xtal_58.cif,./Al13Sc3N16/__initial__/123/xtal_58.cif,-36.276096,19.792625
xtal_60.cif,./Al13Sc3N16/123/xtal_60.cif,22.724638,74.27328
xtal_62.cif,./Al13Sc3N16/__initial__/123/xtal_62.cif,-18.411097,-8.128907
xtal_63.cif,./Al13Sc3N16/__initial__/123/xtal_63.cif,-70.57093,-39.84039
xtal_64.cif,./Al13Sc3N16/__initial__/123/xtal_64.cif,-81.62131,-45.29339
xtal_65.cif,./Al13Sc3N16/__initial__/123/xtal_65.cif,-69.38841,26.027002
xtal_66.cif,./Al13Sc3N16/__initial__/123/xtal_66.cif,-49.24292,45.133976
xtal_68.cif,./Al13Sc3N16/__initial__/123/xtal_68.cif,-60.145752,57.240948
xtal_71.cif,./Al13Sc3N16/__initial__/123/xtal_71.cif,-76.68194,69.44423
xtal_73.cif,./Al13Sc3N16/__initial__/123/xtal_73.cif,7.255406,56.68647
xtal_74.cif,./Al13Sc3N16/__initial__/123/xtal_74.cif,-82.552155,48.562977
xtal_75.cif,./Al13Sc3N16/__initial__/123/xtal_75.cif,-44.90884,-16.989944
xtal_78.cif,./Al13Sc3N16/__initial__/123/xtal_78.cif,-61.442593,-22.223745
xtal_79.cif,./Al13Sc3N16/__initial__/123/xtal_79.cif,33.15738,60.9057
xtal_8.cif,./Al13Sc3N16/__initial__/123/xtal_8.cif,-11.480564,37.41217
xtal_81.cif,./Al13Sc3N16/__initial__/123/xtal_81.cif,19.092983,33.062195
xtal_84.cif,./Al13Sc3N16/__initial__/123/xtal_84.cif,-80.22468,36.975044
xtal_85.cif,./Al13Sc3N16/__initial__/123/xtal_85.cif,-87.72133,38.876644
xtal_86.cif,./Al13Sc3N16/__initial__/123/xtal_86.cif,40.979923,35.652725
xtal_88.cif,./Al13Sc3N16/__initial__/123/xtal_88.cif,-54.422962,67.80765
xtal_90.cif,./Al13Sc3N16/__initial__/123/xtal_90.cif,-91.67157,-9.912265
xtal_97.cif,./Al13Sc3N16/__initial__/123/xtal_97.cif,-89.726814,38.76912
xtal_100.cif,./Al13Sc3N16/__initial__/124/xtal_100.cif,23.343153,91.20224
xtal_11.cif,./Al13Sc3N16/__initial__/124/xtal_11.cif,-61.679947,57.036808
xtal_13.cif,./Al13Sc3N16/__initial__/124/xtal_13.cif,-52.673298,56.489056
xtal_16.cif,./Al13Sc3N16/__initial__/124/xtal_16.cif,-45.87119,32.391994
xtal_17.cif,./Al13Sc3N16/__initial__/124/xtal_17.cif,-21.708786,6.1549754
xtal_18.cif,./Al13Sc3N16/__initial__/124/xtal_18.cif,-41.215416,-51.851128
xtal_19.cif,./Al13Sc3N16/__initial__/124/xtal_19.cif,14.740264,-2.4944546
xtal_2.cif,./Al13Sc3N16/__initial__/124/xtal_2.cif,18.544077,22.175705
xtal_20.cif,./Al13Sc3N16/__initial__/124/xtal_20.cif,-8.334536,43.47895
xtal_21.cif,./Al13Sc3N16/__initial__/124/xtal_21.cif,-53.344685,6.841331
xtal_22.cif,./Al13Sc3N16/__initial__/124/xtal_22.cif,0.6312052,63.252274
xtal_27.cif,./Al13Sc3N16/__initial__/124/xtal_27.cif,-80.11859,26.818644
xtal_28.cif,./Al13Sc3N16/__initial__/124/xtal_28.cif,-44.341076,20.734404
xtal_30.cif,./Al13Sc3N16/__initial__/124/xtal_30.cif,-21.307316,55.12935
xtal_34.cif,./Al13Sc3N16/__initial__/124/xtal_34.cif,-40.32422,74.47752
xtal_35.cif,./Al13Sc3N16/__initial__/124/xtal_35.cif,-70.50504,71.21489
xtal_42.cif,./Al13Sc3N16/__initial__/124/xtal_42.cif,-74.80975,-6.9661627
xtal_43.cif,./Al13Sc3N16/__initial__/124/xtal_43.cif,-44.034924,8.632494
xtal_45.cif,./Al13Sc3N16/__initial__/124/xtal_45.cif,-11.325047,0.9826625
xtal_46.cif,./Al13Sc3N16/__initial__/124/xtal_46.cif,-94.46126,3.2170088
xtal_47.cif,./Al13Sc3N16/__initial__/124/xtal_47.cif,21.044523,72.80736
xtal_48.cif,./Al13Sc3N16/__initial__/124/xtal_48.cif,-29.439617,46.0413
xtal_5.cif,./Al13Sc3N16/__initial__/124/xtal_5.cif,9.558033,-22.4263
xtal_50.cif,./Al13Sc3N16/__initial__/124/xtal_50.cif,-37.50912,19.253588
xtal_51.cif,./Al13Sc3N16/__initial__/124/xtal_51.cif,-56.21448,82.779366
xtal_55.cif,./Al13Sc3N16/__initial__/124/xtal_55.cif,-65.03898,4.2255564
xtal_57.cif,./Al13Sc3N16/__initial__/124/xtal_57.cif,-25.7413,31.323803
xtal_58.cif,./Al13Sc3N16/__initial__/124/xtal_58.cif,39.035282,60.501595
xtal_59.cif,./Al13Sc3N16/__initial__/124/xtal_59.cif,-87.51483,6.594699
xtal_6.cif,./Al13Sc3N16/__initial__/124/xtal_6.cif,46.589626,36.61981
xtal_62.cif,./Al13Sc3N16/__initial__/124/xtal_62.cif,-50.221916,10.636582
xtal_68.cif,./Al13Sc3N16/__initial__/124/xtal_68.cif,8.774217,93.271385
xtal_7.cif,./Al13Sc3N16/__initial__/124/xtal_7.cif,-53.022774,-50.86613
xtal_71.cif,./Al13Sc3N16/__initial__/124/xtal_71.cif,-31.138443,3.1795824
xtal_72.cif,./Al13Sc3N16/__initial__/124/xtal_72.cif,-75.49461,57.610374
xtal_75.cif,./Al13Sc3N16/__initial__/124/xtal_75.cif,-44.46194,46.940914
xtal_77.cif,./Al13Sc3N16/__initial__/124/xtal_77.cif,-41.60943,76.951675
xtal_78.cif,./Al13Sc3N16/__initial__/124/xtal_78.cif,-61.638523,-49.23956
xtal_79.cif,./Al13Sc3N16/__initial__/124/xtal_79.cif,-72.95853,53.099804
xtal_8.cif,./Al13Sc3N16/__initial__/124/xtal_8.cif,-28.829172,45.928715
xtal_83.cif,./Al13Sc3N16/__initial__/124/xtal_83.cif,-38.645313,-24.02643
xtal_84.cif,./Al13Sc3N16/__initial__/124/xtal_84.cif,29.961363,13.384747
xtal_85.cif,./Al13Sc3N16/__initial__/124/xtal_85.cif,-44.15801,72.29177
xtal_86.cif,./Al13Sc3N16/__initial__/124/xtal_86.cif,-14.651608,67.095634
xtal_88.cif,./Al13Sc3N16/__initial__/124/xtal_88.cif,-81.9091,42.060696
xtal_91.cif,./Al13Sc3N16/__initial__/124/xtal_91.cif,-45.4906,23.118385
xtal_93.cif,./Al13Sc3N16/__initial__/124/xtal_93.cif,-68.739815,44.986084
xtal_94.cif,./Al13Sc3N16/__initial__/124/xtal_94.cif,41.92181,69.53611
xtal_96.cif,./Al13Sc3N16/__initial__/124/xtal_96.cif,-59.063026,86.13584
xtal_99.cif,./Al13Sc3N16/__initial__/124/xtal_99.cif,-45.856354,57.996616
xtal_10.cif,./Al13Sc3N16/__initial__/125/xtal_10.cif,54.83126,43.305435
xtal_100.cif,./Al13Sc3N16/__initial__/125/xtal_100.cif,-19.95593,-7.0215592
xtal_11.cif,./Al13Sc3N16/__initial__/125/xtal_11.cif,-20.423681,-35.05653
xtal_14.cif,./Al13Sc3N16/__initial__/125/xtal_14.cif,-30.752205,66.53685
xtal_16.cif,./Al13Sc3N16/__initial__/125/xtal_16.cif,-46.333244,23.191584
xtal_18.cif,./Al13Sc3N16/__initial__/125/xtal_18.cif,-88.21574,3.4519763
xtal_19.cif,./Al13Sc3N16/__initial__/125/xtal_19.cif,-77.92614,70.040886
xtal_20.cif,./Al13Sc3N16/__initial__/125/xtal_20.cif,35.45286,80.01985
xtal_24.cif,./Al13Sc3N16/__initial__/125/xtal_24.cif,37.561882,12.223963
xtal_25.cif,./Al13Sc3N16/__initial__/125/xtal_25.cif,-70.34084,32.65406
xtal_28.cif,./Al13Sc3N16/__initial__/125/xtal_28.cif,-37.302406,93.261696
xtal_31.cif,./Al13Sc3N16/__initial__/125/xtal_31.cif,-23.020504,86.59939
xtal_33.cif,./Al13Sc3N16/125/xtal_33.cif,-21.412148,-78.71604
xtal_36.cif,./Al13Sc3N16/__initial__/125/xtal_36.cif,-53.24723,-50.91199
xtal_38.cif,./Al13Sc3N16/__initial__/125/xtal_38.cif,-78.04375,21.00177
xtal_39.cif,./Al13Sc3N16/__initial__/125/xtal_39.cif,-35.176617,-16.492558
xtal_4.cif,./Al13Sc3N16/__initial__/125/xtal_4.cif,-55.00004,30.007729
xtal_40.cif,./Al13Sc3N16/__initial__/125/xtal_40.cif,-46.27229,75.241234
xtal_41.cif,./Al13Sc3N16/125/xtal_41.cif,-15.700549,-25.683365
xtal_42.cif,./Al13Sc3N16/__initial__/125/xtal_42.cif,53.62676,54.618755
xtal_43.cif,./Al13Sc3N16/__initial__/125/xtal_43.cif,-10.742513,77.46195
xtal_44.cif,./Al13Sc3N16/__initial__/125/xtal_44.cif,-21.10609,50.601276
xtal_47.cif,./Al13Sc3N16/__initial__/125/xtal_47.cif,66.606834,68.217026
xtal_48.cif,./Al13Sc3N16/__initial__/125/xtal_48.cif,-48.8315,4.249729
xtal_49.cif,./Al13Sc3N16/__initial__/125/xtal_49.cif,21.040941,5.080398
xtal_5.cif,./Al13Sc3N16/__initial__/125/xtal_5.cif,-51.28695,61.264946
xtal_50.cif,./Al13Sc3N16/__initial__/125/xtal_50.cif,27.90958,70.33869
xtal_55.cif,./Al13Sc3N16/__initial__/125/xtal_55.cif,-27.131598,7.3089113
xtal_56.cif,./Al13Sc3N16/__initial__/125/xtal_56.cif,8.829055,28.228037
xtal_58.cif,./Al13Sc3N16/__initial__/125/xtal_58.cif,-74.93236,-25.82109
xtal_59.cif,./Al13Sc3N16/__initial__/125/xtal_59.cif,-7.8702455,73.75934
xtal_6.cif,./Al13Sc3N16/__initial__/125/xtal_6.cif,-54.76167,-25.789448
xtal_60.cif,./Al13Sc3N16/__initial__/125/xtal_60.cif,-34.754894,-11.015594
xtal_61.cif,./Al13Sc3N16/__initial__/125/xtal_61.cif,-81.096794,67.02321
xtal_62.cif,./Al13Sc3N16/__initial__/125/xtal_62.cif,-53.978527,-14.746104
xtal_63.cif,./Al13Sc3N16/__initial__/125/xtal_63.cif,-78.703064,33.24994
xtal_64.cif,./Al13Sc3N16/__initial__/125/xtal_64.cif,-22.473679,68.75639
xtal_65.cif,./Al13Sc3N16/__initial__/125/xtal_65.cif,-14.694548,-9.160797
xtal_70.cif,./Al13Sc3N16/__initial__/125/xtal_70.cif,-89.12648,36.364666
xtal_72.cif,./Al13Sc3N16/__initial__/125/xtal_72.cif,-74.74057,19.959898
xtal_76.cif,./Al13Sc3N16/__initial__/125/xtal_76.cif,-80.43567,62.3278
xtal_77.cif,./Al13Sc3N16/__initial__/125/xtal_77.cif,31.807278,66.98423
xtal_79.cif,./Al13Sc3N16/__initial__/125/xtal_79.cif,-15.599804,64.47859
xtal_8.cif,./Al13Sc3N16/__initial__/125/xtal_8.cif,-22.183905,84.78568
xtal_89.cif,./Al13Sc3N16/__initial__/125/xtal_89.cif,-43.4369,51.702957
xtal_9.cif,./Al13Sc3N16/125/xtal_9.cif,-0.73504114,-60.58177
xtal_91.cif,./Al13Sc3N16/__initial__/125/xtal_91.cif,8.686203,49.740505
xtal_93.cif,./Al13Sc3N16/__initial__/125/xtal_93.cif,-87.83506,18.192314
xtal_98.cif,./Al13Sc3N16/__initial__/125/xtal_98.cif,-83.96122,33.04421
xtal_99.cif,./Al13Sc3N16/125/xtal_99.cif,25.633469,-17.117819
xtal_1.cif,./Al13Sc3N16/__initial__/126/xtal_1.cif,-3.1460028,59.04412
xtal_10.cif,./Al13Sc3N16/__initial__/126/xtal_10.cif,-1.9749666,77.11789
xtal_100.cif,./Al13Sc3N16/__initial__/126/xtal_100.cif,-51.288185,-48.206562
xtal_11.cif,./Al13Sc3N16/__initial__/126/xtal_11.cif,37.478287,82.38227
xtal_15.cif,./Al13Sc3N16/__initial__/126/xtal_15.cif,-82.95391,41.250526
xtal_18.cif,./Al13Sc3N16/__initial__/126/xtal_18.cif,41.575,59.213905
xtal_19.cif,./Al13Sc3N16/__initial__/126/xtal_19.cif,1.2530932,14.222263
xtal_24.cif,./Al13Sc3N16/__initial__/126/xtal_24.cif,-2.9836392,2.3924742
xtal_25.cif,./Al13Sc3N16/__initial__/126/xtal_25.cif,-27.59707,-43.266727
xtal_27.cif,./Al13Sc3N16/__initial__/126/xtal_27.cif,-8.937638,93.02011
xtal_29.cif,./Al13Sc3N16/__initial__/126/xtal_29.cif,-21.51346,91.78505
xtal_3.cif,./Al13Sc3N16/__initial__/126/xtal_3.cif,-27.778597,91.04447
xtal_31.cif,./Al13Sc3N16/__initial__/126/xtal_31.cif,-86.806175,26.856588
xtal_32.cif,./Al13Sc3N16/__initial__/126/xtal_32.cif,32.177986,61.09357
xtal_33.cif,./Al13Sc3N16/__initial__/126/xtal_33.cif,28.556723,29.468534
xtal_39.cif,./Al13Sc3N16/__initial__/126/xtal_39.cif,-57.78484,76.6264
xtal_40.cif,./Al13Sc3N16/__initial__/126/xtal_40.cif,-15.095575,14.132765
xtal_42.cif,./Al13Sc3N16/__initial__/126/xtal_42.cif,-91.48211,-31.483053
xtal_43.cif,./Al13Sc3N16/__initial__/126/xtal_43.cif,-60.69082,8.049511
xtal_45.cif,./Al13Sc3N16/__initial__/126/xtal_45.cif,-21.168959,22.002024
xtal_46.cif,./Al13Sc3N16/__initial__/126/xtal_46.cif,-56.392857,-42.000015
xtal_47.cif,./Al13Sc3N16/__initial__/126/xtal_47.cif,70.34762,70.35411
xtal_48.cif,./Al13Sc3N16/__initial__/126/xtal_48.cif,-60.886814,60.927555
xtal_49.cif,./Al13Sc3N16/__initial__/126/xtal_49.cif,-43.91776,-15.061885
xtal_51.cif,./Al13Sc3N16/__initial__/126/xtal_51.cif,-62.464214,4.9883027
xtal_52.cif,./Al13Sc3N16/__initial__/126/xtal_52.cif,-35.62038,35.283195
xtal_54.cif,./Al13Sc3N16/__initial__/126/xtal_54.cif,-14.731122,0.5477473
xtal_55.cif,./Al13Sc3N16/__initial__/126/xtal_55.cif,-29.77681,86.70616
xtal_57.cif,./Al13Sc3N16/__initial__/126/xtal_57.cif,-45.65766,55.757553
xtal_60.cif,./Al13Sc3N16/__initial__/126/xtal_60.cif,-6.46174,48.28329
xtal_63.cif,./Al13Sc3N16/__initial__/126/xtal_63.cif,-22.519789,71.8767
xtal_64.cif,./Al13Sc3N16/__initial__/126/xtal_64.cif,-76.262,76.79237
xtal_65.cif,./Al13Sc3N16/__initial__/126/xtal_65.cif,-56.748028,75.30313
xtal_7.cif,./Al13Sc3N16/__initial__/126/xtal_7.cif,-40.22196,75.286385
xtal_72.cif,./Al13Sc3N16/__initial__/126/xtal_72.cif,-44.62391,60.337273
xtal_74.cif,./Al13Sc3N16/__initial__/126/xtal_74.cif,-51.3007,33.976902
xtal_76.cif,./Al13Sc3N16/__initial__/126/xtal_76.cif,-44.92446,-16.989828
xtal_78.cif,./Al13Sc3N16/__initial__/126/xtal_78.cif,-52.86862,43.048
xtal_8.cif,./Al13Sc3N16/__initial__/126/xtal_8.cif,-12.274051,87.15395
xtal_80.cif,./Al13Sc3N16/__initial__/126/xtal_80.cif,-9.103557,72.33439
xtal_81.cif,./Al13Sc3N16/__initial__/126/xtal_81.cif,-30.276897,2.1284554
xtal_82.cif,./Al13Sc3N16/__initial__/126/xtal_82.cif,-60.671776,52.028023
xtal_86.cif,./Al13Sc3N16/__initial__/126/xtal_86.cif,-49.226177,7.53459
xtal_87.cif,./Al13Sc3N16/__initial__/126/xtal_87.cif,19.780268,-21.186518
xtal_89.cif,./Al13Sc3N16/__initial__/126/xtal_89.cif,35.47256,7.3443556
xtal_9.cif,./Al13Sc3N16/__initial__/126/xtal_9.cif,-64.00508,-46.483105
xtal_90.cif,./Al13Sc3N16/__initial__/126/xtal_90.cif,-34.558743,-71.51719
xtal_91.cif,./Al13Sc3N16/__initial__/126/xtal_91.cif,-61.97783,-21.530287
xtal_94.cif,./Al13Sc3N16/__initial__/126/xtal_94.cif,-14.295826,-29.194633
xtal_98.cif,./Al13Sc3N16/__initial__/126/xtal_98.cif,17.037998,37.647648
xtal_1.cif,./Al13Sc3N16/__initial__/127/xtal_1.cif,-82.13561,54.77229
xtal_10.cif,./Al13Sc3N16/__initial__/127/xtal_10.cif,-9.31628,28.18535
xtal_13.cif,./Al13Sc3N16/__initial__/127/xtal_13.cif,-62.016243,39.41883
xtal_15.cif,./Al13Sc3N16/__initial__/127/xtal_15.cif,-73.15037,-7.726187
xtal_17.cif,./Al13Sc3N16/__initial__/127/xtal_17.cif,-7.1924195,72.441765
xtal_18.cif,./Al13Sc3N16/__initial__/127/xtal_18.cif,-34.991493,-11.030663
xtal_2.cif,./Al13Sc3N16/127/xtal_2.cif,1.8832152,-49.598885
xtal_20.cif,./Al13Sc3N16/__initial__/127/xtal_20.cif,-51.870934,53.81858
xtal_22.cif,./Al13Sc3N16/__initial__/127/xtal_22.cif,-29.076262,16.184729
xtal_24.cif,./Al13Sc3N16/__initial__/127/xtal_24.cif,-68.89344,35.126057
xtal_26.cif,./Al13Sc3N16/__initial__/127/xtal_26.cif,-56.34902,53.005215
xtal_27.cif,./Al13Sc3N16/__initial__/127/xtal_27.cif,-93.72237,-8.119163
xtal_28.cif,./Al13Sc3N16/__initial__/127/xtal_28.cif,-56.913628,54.54947
xtal_29.cif,./Al13Sc3N16/__initial__/127/xtal_29.cif,-95.131966,5.6696086
xtal_30.cif,./Al13Sc3N16/__initial__/127/xtal_30.cif,-92.99246,-20.786688
xtal_32.cif,./Al13Sc3N16/__initial__/127/xtal_32.cif,-60.812695,31.206884
xtal_34.cif,./Al13Sc3N16/__initial__/127/xtal_34.cif,-23.53885,-15.860736
xtal_35.cif,./Al13Sc3N16/__initial__/127/xtal_35.cif,-45.69908,6.533987
xtal_36.cif,./Al13Sc3N16/127/xtal_36.cif,17.30282,53.490036
xtal_4.cif,./Al13Sc3N16/__initial__/127/xtal_4.cif,-77.44818,67.310745
xtal_40.cif,./Al13Sc3N16/__initial__/127/xtal_40.cif,56.153843,74.818954
xtal_45.cif,./Al13Sc3N16/__initial__/127/xtal_45.cif,-25.482834,50.182755
xtal_47.cif,./Al13Sc3N16/__initial__/127/xtal_47.cif,4.049277,54.522984
xtal_49.cif,./Al13Sc3N16/__initial__/127/xtal_49.cif,-55.25537,-21.079924
xtal_52.cif,./Al13Sc3N16/__initial__/127/xtal_52.cif,-15.413158,70.07497
xtal_56.cif,./Al13Sc3N16/__initial__/127/xtal_56.cif,-55.098785,0.7833225
xtal_59.cif,./Al13Sc3N16/127/xtal_59.cif,50.751556,25.054148
xtal_61.cif,./Al13Sc3N16/__initial__/127/xtal_61.cif,-30.135416,49.331646
xtal_62.cif,./Al13Sc3N16/__initial__/127/xtal_62.cif,-87.52342,-36.14245
xtal_66.cif,./Al13Sc3N16/__initial__/127/xtal_66.cif,-55.760025,58.96375
xtal_67.cif,./Al13Sc3N16/__initial__/127/xtal_67.cif,-75.20309,68.947845
xtal_68.cif,./Al13Sc3N16/__initial__/127/xtal_68.cif,30.25388,85.39661
xtal_69.cif,./Al13Sc3N16/__initial__/127/xtal_69.cif,-70.59315,33.49896
xtal_7.cif,./Al13Sc3N16/__initial__/127/xtal_7.cif,40.03064,35.235474
xtal_70.cif,./Al13Sc3N16/__initial__/127/xtal_70.cif,-86.005104,37.415295
xtal_72.cif,./Al13Sc3N16/__initial__/127/xtal_72.cif,-80.06698,67.2789
xtal_73.cif,./Al13Sc3N16/__initial__/127/xtal_73.cif,-44.347893,84.441055
xtal_74.cif,./Al13Sc3N16/__initial__/127/xtal_74.cif,13.912615,66.11272
xtal_76.cif,./Al13Sc3N16/__initial__/127/xtal_76.cif,-41.61165,21.031082
xtal_8.cif,./Al13Sc3N16/__initial__/127/xtal_8.cif,-74.70095,47.053265
xtal_81.cif,./Al13Sc3N16/__initial__/127/xtal_81.cif,-65.24254,50.44865
xtal_88.cif,./Al13Sc3N16/__initial__/127/xtal_88.cif,-20.246744,76.17663
xtal_89.cif,./Al13Sc3N16/__initial__/127/xtal_89.cif,-77.474266,64.5744
xtal_90.cif,./Al13Sc3N16/__initial__/127/xtal_90.cif,-46.603592,63.04877
xtal_91.cif,./Al13Sc3N16/__initial__/127/xtal_91.cif,-54.102276,-10.444992
xtal_92.cif,./Al13Sc3N16/__initial__/127/xtal_92.cif,32.172768,33.923157
xtal_93.cif,./Al13Sc3N16/__initial__/127/xtal_93.cif,7.4144306,17.811785
xtal_94.cif,./Al13Sc3N16/__initial__/127/xtal_94.cif,10.442531,36.325386
xtal_96.cif,./Al13Sc3N16/__initial__/127/xtal_96.cif,-65.66397,-30.519794
xtal_99.cif,./Al13Sc3N16/__initial__/127/xtal_99.cif,-40.02971,13.002962
xtal_13.cif,./Al13Sc3N16/__initial__/128/xtal_13.cif,-38.43524,-21.005848
xtal_15.cif,./Al13Sc3N16/__initial__/128/xtal_15.cif,-44.186478,-33.731308
xtal_16.cif,./Al13Sc3N16/__initial__/128/xtal_16.cif,-5.765437,25.22807
xtal_17.cif,./Al13Sc3N16/__initial__/128/xtal_17.cif,-89.32697,22.47111
xtal_19.cif,./Al13Sc3N16/__initial__/128/xtal_19.cif,-34.82688,26.290926
xtal_2.cif,./Al13Sc3N16/__initial__/128/xtal_2.cif,47.84342,81.942856
xtal_23.cif,./Al13Sc3N16/__initial__/128/xtal_23.cif,-11.397724,4.3871965
xtal_26.cif,./Al13Sc3N16/__initial__/128/xtal_26.cif,45.60377,39.829983
xtal_28.cif,./Al13Sc3N16/__initial__/128/xtal_28.cif,-51.436043,2.692764
xtal_3.cif,./Al13Sc3N16/__initial__/128/xtal_3.cif,37.99198,62.135105
xtal_31.cif,./Al13Sc3N16/__initial__/128/xtal_31.cif,-96.33405,-9.5370035
xtal_32.cif,./Al13Sc3N16/__initial__/128/xtal_32.cif,-64.1863,26.993998
xtal_34.cif,./Al13Sc3N16/__initial__/128/xtal_34.cif,-71.974724,70.541824
xtal_35.cif,./Al13Sc3N16/__initial__/128/xtal_35.cif,-17.671501,-6.5448923
xtal_37.cif,./Al13Sc3N16/__initial__/128/xtal_37.cif,-18.937052,9.090755
xtal_39.cif,./Al13Sc3N16/__initial__/128/xtal_39.cif,-85.00344,15.677078
xtal_40.cif,./Al13Sc3N16/__initial__/128/xtal_40.cif,-85.11998,26.891846
xtal_41.cif,./Al13Sc3N16/__initial__/128/xtal_41.cif,-14.968384,17.05108
xtal_42.cif,./Al13Sc3N16/__initial__/128/xtal_42.cif,-71.108795,15.974569
xtal_43.cif,./Al13Sc3N16/__initial__/128/xtal_43.cif,-17.038801,71.36482
xtal_45.cif,./Al13Sc3N16/__initial__/128/xtal_45.cif,3.9892936,-15.499442
xtal_46.cif,./Al13Sc3N16/__initial__/128/xtal_46.cif,37.29825,48.798664
xtal_47.cif,./Al13Sc3N16/__initial__/128/xtal_47.cif,-38.37097,96.85849
xtal_48.cif,./Al13Sc3N16/__initial__/128/xtal_48.cif,3.6893833,-24.398222
xtal_49.cif,./Al13Sc3N16/__initial__/128/xtal_49.cif,-13.639821,78.58157
xtal_50.cif,./Al13Sc3N16/__initial__/128/xtal_50.cif,-15.852658,-28.1519
xtal_51.cif,./Al13Sc3N16/__initial__/128/xtal_51.cif,-26.06611,25.162294
xtal_52.cif,./Al13Sc3N16/__initial__/128/xtal_52.cif,-66.34267,21.397097
xtal_54.cif,./Al13Sc3N16/__initial__/128/xtal_54.cif,16.74386,91.28864
xtal_58.cif,./Al13Sc3N16/__initial__/128/xtal_58.cif,-66.16882,-38.646763
xtal_6.cif,./Al13Sc3N16/__initial__/128/xtal_6.cif,-81.86503,65.23509
xtal_62.cif,./Al13Sc3N16/__initial__/128/xtal_62.cif,-68.95237,11.043468
xtal_63.cif,./Al13Sc3N16/128/xtal_63.cif,35.554825,2.2642515
xtal_64.cif,./Al13Sc3N16/__initial__/128/xtal_64.cif,-23.958605,78.86064
xtal_66.cif,./Al13Sc3N16/__initial__/128/xtal_66.cif,-50.874954,82.24246
xtal_69.cif,./Al13Sc3N16/__initial__/128/xtal_69.cif,17.592108,77.3664
xtal_7.cif,./Al13Sc3N16/__initial__/128/xtal_7.cif,1.5065697,69.00874
xtal_70.cif,./Al13Sc3N16/__initial__/128/xtal_70.cif,-50.07762,49.393845
xtal_71.cif,./Al13Sc3N16/__initial__/128/xtal_71.cif,31.229439,27.306746
xtal_73.cif,./Al13Sc3N16/__initial__/128/xtal_73.cif,-59.114258,55.925125
xtal_74.cif,./Al13Sc3N16/__initial__/128/xtal_74.cif,-60.386055,73.089195
xtal_77.cif,./Al13Sc3N16/__initial__/128/xtal_77.cif,-80.092316,76.78954
xtal_79.cif,./Al13Sc3N16/__initial__/128/xtal_79.cif,-85.97405,-21.469456
xtal_8.cif,./Al13Sc3N16/__initial__/128/xtal_8.cif,-54.27953,-0.4884529
xtal_80.cif,./Al13Sc3N16/__initial__/128/xtal_80.cif,-47.307976,-52.82904
xtal_87.cif,./Al13Sc3N16/__initial__/128/xtal_87.cif,-13.2951765,-9.595579
xtal_89.cif,./Al13Sc3N16/__initial__/128/xtal_89.cif,36.086025,44.36677
xtal_9.cif,./Al13Sc3N16/__initial__/128/xtal_9.cif,7.4964404,89.99362
xtal_90.cif,./Al13Sc3N16/__initial__/128/xtal_90.cif,-82.95712,60.430725
xtal_95.cif,./Al13Sc3N16/__initial__/128/xtal_95.cif,-53.128338,-1.8424921
xtal_13.cif,./Al13Sc3N16/__initial__/129/xtal_13.cif,-13.062137,26.426126
xtal_14.cif,./Al13Sc3N16/__initial__/129/xtal_14.cif,-55.011463,46.067825
xtal_16.cif,./Al13Sc3N16/__initial__/129/xtal_16.cif,-82.27567,37.36361
xtal_2.cif,./Al13Sc3N16/__initial__/129/xtal_2.cif,37.82953,47.100285
xtal_20.cif,./Al13Sc3N16/__initial__/129/xtal_20.cif,7.0711813,62.921906
xtal_21.cif,./Al13Sc3N16/__initial__/129/xtal_21.cif,27.186108,92.637535
xtal_22.cif,./Al13Sc3N16/129/xtal_22.cif,-0.552351,74.20533
xtal_23.cif,./Al13Sc3N16/__initial__/129/xtal_23.cif,-74.970146,68.253525
xtal_24.cif,./Al13Sc3N16/__initial__/129/xtal_24.cif,16.635666,76.65618
xtal_25.cif,./Al13Sc3N16/__initial__/129/xtal_25.cif,28.099432,57.65763
xtal_27.cif,./Al13Sc3N16/__initial__/129/xtal_27.cif,44.919914,80.45429
xtal_28.cif,./Al13Sc3N16/__initial__/129/xtal_28.cif,44.16029,81.859825
xtal_29.cif,./Al13Sc3N16/__initial__/129/xtal_29.cif,-66.08444,21.67933
xtal_30.cif,./Al13Sc3N16/__initial__/129/xtal_30.cif,-62.836357,-35.323067
xtal_31.cif,./Al13Sc3N16/__initial__/129/xtal_31.cif,-42.634365,62.844532
xtal_34.cif,./Al13Sc3N16/__initial__/129/xtal_34.cif,-55.659893,87.674034
xtal_39.cif,./Al13Sc3N16/__initial__/129/xtal_39.cif,-104.504875,1.7853167
xtal_4.cif,./Al13Sc3N16/__initial__/129/xtal_4.cif,-72.285126,25.732222
xtal_40.cif,./Al13Sc3N16/__initial__/129/xtal_40.cif,-66.47218,-15.396895
xtal_41.cif,./Al13Sc3N16/__initial__/129/xtal_41.cif,-50.327755,7.586448
xtal_42.cif,./Al13Sc3N16/__initial__/129/xtal_42.cif,-76.91701,37.276733
xtal_45.cif,./Al13Sc3N16/__initial__/129/xtal_45.cif,-92.076004,2.9613729
xtal_46.cif,./Al13Sc3N16/__initial__/129/xtal_46.cif,-70.96616,35.37281
xtal_48.cif,./Al13Sc3N16/__initial__/129/xtal_48.cif,14.798475,-1.914267
xtal_49.cif,./Al13Sc3N16/__initial__/129/xtal_49.cif,-50.580666,79.212746
xtal_5.cif,./Al13Sc3N16/__initial__/129/xtal_5.cif,-41.462524,33.67353
xtal_51.cif,./Al13Sc3N16/__initial__/129/xtal_51.cif,42.665077,64.939766
xtal_53.cif,./Al13Sc3N16/__initial__/129/xtal_53.cif,39.392693,45.80069
xtal_54.cif,./Al13Sc3N16/__initial__/129/xtal_54.cif,-28.000078,-44.84559
xtal_55.cif,./Al13Sc3N16/__initial__/129/xtal_55.cif,-65.26747,63.39768
xtal_57.cif,./Al13Sc3N16/__initial__/129/xtal_57.cif,-15.606623,21.01463
xtal_58.cif,./Al13Sc3N16/__initial__/129/xtal_58.cif,-17.945948,34.966316
xtal_6.cif,./Al13Sc3N16/129/xtal_6.cif,3.1283536,65.46803
xtal_60.cif,./Al13Sc3N16/__initial__/129/xtal_60.cif,-21.611357,-30.613771
xtal_63.cif,./Al13Sc3N16/__initial__/129/xtal_63.cif,-6.458077,91.185356
xtal_64.cif,./Al13Sc3N16/__initial__/129/xtal_64.cif,-34.72032,76.20822
xtal_71.cif,./Al13Sc3N16/__initial__/129/xtal_71.cif,-71.55227,25.2634
xtal_74.cif,./Al13Sc3N16/__initial__/129/xtal_74.cif,-48.129482,1.8096929
xtal_77.cif,./Al13Sc3N16/__initial__/129/xtal_77.cif,-45.90286,-14.882342
xtal_8.cif,./Al13Sc3N16/129/xtal_8.cif,2.0935314,41.29327
xtal_80.cif,./Al13Sc3N16/__initial__/129/xtal_80.cif,-89.88014,-9.876436
xtal_83.cif,./Al13Sc3N16/__initial__/129/xtal_83.cif,-9.991822,29.669813
xtal_86.cif,./Al13Sc3N16/__initial__/129/xtal_86.cif,-68.55467,1.1052822
xtal_88.cif,./Al13Sc3N16/__initial__/129/xtal_88.cif,-75.00611,19.716045
xtal_89.cif,./Al13Sc3N16/__initial__/129/xtal_89.cif,-45.378517,-25.093906
xtal_90.cif,./Al13Sc3N16/__initial__/129/xtal_90.cif,42.875103,45.60047
xtal_93.cif,./Al13Sc3N16/__initial__/129/xtal_93.cif,-55.90847,44.877865
xtal_94.cif,./Al13Sc3N16/__initial__/129/xtal_94.cif,-32.628296,-47.005604
xtal_95.cif,./Al13Sc3N16/__initial__/129/xtal_95.cif,-83.50085,29.77565
xtal_98.cif,./Al13Sc3N16/__initial__/129/xtal_98.cif,-11.027576,4.746222
xtal_10.cif,./Al13Sc3N16/__initial__/131/xtal_10.cif,-102.50242,-10.759485
xtal_100.cif,./Al13Sc3N16/__initial__/131/xtal_100.cif,-17.680166,5.560902
xtal_11.cif,./Al13Sc3N16/__initial__/131/xtal_11.cif,-74.69487,-32.72356
xtal_12.cif,./Al13Sc3N16/__initial__/131/xtal_12.cif,-13.462433,32.09212
xtal_14.cif,./Al13Sc3N16/__initial__/131/xtal_14.cif,24.369616,49.387802
xtal_15.cif,./Al13Sc3N16/__initial__/131/xtal_15.cif,-10.114631,37.63444
xtal_16.cif,./Al13Sc3N16/__initial__/131/xtal_16.cif,10.920946,55.542164
xtal_2.cif,./Al13Sc3N16/__initial__/131/xtal_2.cif,-81.13298,39.158154
xtal_22.cif,./Al13Sc3N16/__initial__/131/xtal_22.cif,9.469817,24.791084
xtal_24.cif,./Al13Sc3N16/__initial__/131/xtal_24.cif,-32.135963,44.34514
xtal_27.cif,./Al13Sc3N16/__initial__/131/xtal_27.cif,-34.62481,75.33685
xtal_28.cif,./Al13Sc3N16/__initial__/131/xtal_28.cif,37.235195,24.018602
xtal_30.cif,./Al13Sc3N16/__initial__/131/xtal_30.cif,1.255119,79.17534
xtal_32.cif,./Al13Sc3N16/__initial__/131/xtal_32.cif,-79.16868,10.476467
xtal_33.cif,./Al13Sc3N16/__initial__/131/xtal_33.cif,-65.85783,33.30695
xtal_34.cif,./Al13Sc3N16/__initial__/131/xtal_34.cif,-46.865227,21.941828
xtal_36.cif,./Al13Sc3N16/__initial__/131/xtal_36.cif,-38.946484,-13.19537
xtal_40.cif,./Al13Sc3N16/__initial__/131/xtal_40.cif,-14.890758,16.69753
xtal_41.cif,./Al13Sc3N16/__initial__/131/xtal_41.cif,-35.914066,-16.670738
xtal_42.cif,./Al13Sc3N16/__initial__/131/xtal_42.cif,-82.50354,42.272465
xtal_46.cif,./Al13Sc3N16/__initial__/131/xtal_46.cif,19.019772,55.016903
xtal_48.cif,./Al13Sc3N16/__initial__/131/xtal_48.cif,-56.217083,-1.4341398
xtal_49.cif,./Al13Sc3N16/__initial__/131/xtal_49.cif,-33.188007,-9.120739
xtal_50.cif,./Al13Sc3N16/__initial__/131/xtal_50.cif,-70.51428,-15.43502
xtal_51.cif,./Al13Sc3N16/__initial__/131/xtal_51.cif,-32.395824,88.41448
xtal_52.cif,./Al13Sc3N16/__initial__/131/xtal_52.cif,-32.06912,92.71014
xtal_53.cif,./Al13Sc3N16/__initial__/131/xtal_53.cif,-27.266804,33.80944
xtal_55.cif,./Al13Sc3N16/__initial__/131/xtal_55.cif,-81.59864,-14.283567
xtal_57.cif,./Al13Sc3N16/__initial__/131/xtal_57.cif,20.936277,8.00675
xtal_58.cif,./Al13Sc3N16/__initial__/131/xtal_58.cif,1.8982332,36.296432
xtal_60.cif,./Al13Sc3N16/__initial__/131/xtal_60.cif,-99.63017,-4.5070395
xtal_61.cif,./Al13Sc3N16/__initial__/131/xtal_61.cif,-71.12245,37.27571
xtal_64.cif,./Al13Sc3N16/__initial__/131/xtal_64.cif,-11.856701,-10.230047
xtal_68.cif,./Al13Sc3N16/__initial__/131/xtal_68.cif,-76.794334,-27.392582
xtal_69.cif,./Al13Sc3N16/__initial__/131/xtal_69.cif,-69.34915,-31.902845
xtal_70.cif,./Al13Sc3N16/__initial__/131/xtal_70.cif,-79.6986,25.840088
xtal_72.cif,./Al13Sc3N16/__initial__/131/xtal_72.cif,-93.00801,-14.192376
xtal_73.cif,./Al13Sc3N16/131/xtal_73.cif,26.710388,65.86249
xtal_78.cif,./Al13Sc3N16/__initial__/131/xtal_78.cif,-81.5758,41.97987
xtal_8.cif,./Al13Sc3N16/__initial__/131/xtal_8.cif,-1.3402193,-28.10715
xtal_82.cif,./Al13Sc3N16/__initial__/131/xtal_82.cif,-80.408646,24.69028
xtal_83.cif,./Al13Sc3N16/__initial__/131/xtal_83.cif,-37.237206,-32.372322
xtal_85.cif,./Al13Sc3N16/__initial__/131/xtal_85.cif,-12.955521,19.076254
xtal_9.cif,./Al13Sc3N16/__initial__/131/xtal_9.cif,-79.11326,14.923108
xtal_93.cif,./Al13Sc3N16/__initial__/131/xtal_93.cif,56.188713,55.41023
xtal_94.cif,./Al13Sc3N16/__initial__/131/xtal_94.cif,-0.64362985,73.39592
xtal_95.cif,./Al13Sc3N16/__initial__/131/xtal_95.cif,-77.22095,5.7789187
xtal_96.cif,./Al13Sc3N16/131/xtal_96.cif,-35.93469,-76.80954
xtal_98.cif,./Al13Sc3N16/__initial__/131/xtal_98.cif,-54.503147,64.64422
xtal_99.cif,./Al13Sc3N16/__initial__/131/xtal_99.cif,-38.720142,24.505793
xtal_10.cif,./Al13Sc3N16/__initial__/132/xtal_10.cif,-31.043314,89.551636
xtal_11.cif,./Al13Sc3N16/__initial__/132/xtal_11.cif,-57.840065,57.96177
xtal_13.cif,./Al13Sc3N16/__initial__/132/xtal_13.cif,45.104816,47.360626
xtal_14.cif,./Al13Sc3N16/__initial__/132/xtal_14.cif,-34.711975,55.557243
xtal_15.cif,./Al13Sc3N16/__initial__/132/xtal_15.cif,-68.060684,33.902607
xtal_18.cif,./Al13Sc3N16/__initial__/132/xtal_18.cif,-21.561922,27.88738
xtal_19.cif,./Al13Sc3N16/__initial__/132/xtal_19.cif,-21.415867,-43.989796
xtal_2.cif,./Al13Sc3N16/__initial__/132/xtal_2.cif,-41.07173,47.85105
xtal_22.cif,./Al13Sc3N16/__initial__/132/xtal_22.cif,-62.8069,4.4440956
xtal_23.cif,./Al13Sc3N16/__initial__/132/xtal_23.cif,-23.487232,35.405674
xtal_25.cif,./Al13Sc3N16/__initial__/132/xtal_25.cif,-81.06645,30.197458
xtal_27.cif,./Al13Sc3N16/__initial__/132/xtal_27.cif,-23.284575,-27.246363
xtal_29.cif,./Al13Sc3N16/__initial__/132/xtal_29.cif,23.853174,21.12319
xtal_31.cif,./Al13Sc3N16/__initial__/132/xtal_31.cif,-40.724445,-6.2616925
xtal_33.cif,./Al13Sc3N16/__initial__/132/xtal_33.cif,-26.675041,-30.314728
xtal_34.cif,./Al13Sc3N16/__initial__/132/xtal_34.cif,0.6467497,11.576256
xtal_37.cif,./Al13Sc3N16/__initial__/132/xtal_37.cif,21.519169,37.54375
xtal_38.cif,./Al13Sc3N16/__initial__/132/xtal_38.cif,-46.175926,64.289925
xtal_39.cif,./Al13Sc3N16/__initial__/132/xtal_39.cif,-71.914894,-27.339033
xtal_40.cif,./Al13Sc3N16/__initial__/132/xtal_40.cif,27.912685,38.633514
xtal_49.cif,./Al13Sc3N16/__initial__/132/xtal_49.cif,-37.914318,76.924805
xtal_50.cif,./Al13Sc3N16/__initial__/132/xtal_50.cif,-59.077343,34.822285
xtal_52.cif,./Al13Sc3N16/__initial__/132/xtal_52.cif,-13.384666,59.579006
xtal_53.cif,./Al13Sc3N16/__initial__/132/xtal_53.cif,-7.680726,67.21881
xtal_54.cif,./Al13Sc3N16/__initial__/132/xtal_54.cif,-59.083786,33.34456
xtal_55.cif,./Al13Sc3N16/__initial__/132/xtal_55.cif,-71.73384,-14.074228
xtal_56.cif,./Al13Sc3N16/__initial__/132/xtal_56.cif,20.706903,35.712517
xtal_57.cif,./Al13Sc3N16/__initial__/132/xtal_57.cif,-61.9594,37.718224
xtal_6.cif,./Al13Sc3N16/__initial__/132/xtal_6.cif,1.4872267,76.59229
xtal_60.cif,./Al13Sc3N16/__initial__/132/xtal_60.cif,17.231588,75.04259
xtal_66.cif,./Al13Sc3N16/__initial__/132/xtal_66.cif,-35.0207,-7.3763723
xtal_67.cif,./Al13Sc3N16/__initial__/132/xtal_67.cif,-63.183487,-19.876385
xtal_69.cif,./Al13Sc3N16/__initial__/132/xtal_69.cif,-31.517063,-31.431147
xtal_71.cif,./Al13Sc3N16/__initial__/132/xtal_71.cif,-72.3605,37.144417
xtal_73.cif,./Al13Sc3N16/__initial__/132/xtal_73.cif,23.486988,48.28771
xtal_76.cif,./Al13Sc3N16/__initial__/132/xtal_76.cif,-28.981363,-43.59609
xtal_78.cif,./Al13Sc3N16/__initial__/132/xtal_78.cif,4.961759,65.73812
xtal_79.cif,./Al13Sc3N16/__initial__/132/xtal_79.cif,5.9433436,21.672039
xtal_81.cif,./Al13Sc3N16/__initial__/132/xtal_81.cif,-49.221893,-22.929594
xtal_84.cif,./Al13Sc3N16/__initial__/132/xtal_84.cif,18.309002,54.121727
xtal_85.cif,./Al13Sc3N16/__initial__/132/xtal_85.cif,-43.181126,-36.07304
xtal_86.cif,./Al13Sc3N16/__initial__/132/xtal_86.cif,-83.101746,25.092216
xtal_89.cif,./Al13Sc3N16/__initial__/132/xtal_89.cif,-42.814114,-52.66048
xtal_9.cif,./Al13Sc3N16/__initial__/132/xtal_9.cif,-63.512802,-10.266194
xtal_91.cif,./Al13Sc3N16/__initial__/132/xtal_91.cif,3.6161082,56.13938
xtal_93.cif,./Al13Sc3N16/__initial__/132/xtal_93.cif,-48.139816,2.0455625
xtal_94.cif,./Al13Sc3N16/__initial__/132/xtal_94.cif,-50.085426,50.972607
xtal_95.cif,./Al13Sc3N16/__initial__/132/xtal_95.cif,-42.915565,36.089687
xtal_96.cif,./Al13Sc3N16/__initial__/132/xtal_96.cif,34.82165,7.353803
xtal_97.cif,./Al13Sc3N16/__initial__/132/xtal_97.cif,-2.0887315,-1.625439
xtal_100.cif,./Al13Sc3N16/__initial__/134/xtal_100.cif,-9.727048,83.04029
xtal_11.cif,./Al13Sc3N16/__initial__/134/xtal_11.cif,-2.030761,56.34997
xtal_16.cif,./Al13Sc3N16/__initial__/134/xtal_16.cif,-40.663082,36.782444
xtal_17.cif,./Al13Sc3N16/__initial__/134/xtal_17.cif,38.80091,89.99288
xtal_18.cif,./Al13Sc3N16/__initial__/134/xtal_18.cif,68.7056,57.284992
xtal_19.cif,./Al13Sc3N16/__initial__/134/xtal_19.cif,11.347541,83.28435
xtal_23.cif,./Al13Sc3N16/__initial__/134/xtal_23.cif,-56.18953,-28.827263
xtal_24.cif,./Al13Sc3N16/__initial__/134/xtal_24.cif,-17.036911,28.160616
xtal_26.cif,./Al13Sc3N16/__initial__/134/xtal_26.cif,12.598085,85.51924
xtal_27.cif,./Al13Sc3N16/__initial__/134/xtal_27.cif,-37.65882,36.57399
xtal_28.cif,./Al13Sc3N16/__initial__/134/xtal_28.cif,-89.44696,-16.642496
xtal_3.cif,./Al13Sc3N16/__initial__/134/xtal_3.cif,25.87882,52.947647
xtal_30.cif,./Al13Sc3N16/__initial__/134/xtal_30.cif,-53.894386,23.248003
xtal_32.cif,./Al13Sc3N16/__initial__/134/xtal_32.cif,3.3831778,9.854854
xtal_35.cif,./Al13Sc3N16/__initial__/134/xtal_35.cif,-9.313891,61.332836
xtal_4.cif,./Al13Sc3N16/__initial__/134/xtal_4.cif,-59.576237,-23.260748
xtal_40.cif,./Al13Sc3N16/__initial__/134/xtal_40.cif,-51.934204,6.06943
xtal_41.cif,./Al13Sc3N16/__initial__/134/xtal_41.cif,-93.01191,-6.9496884
xtal_42.cif,./Al13Sc3N16/__initial__/134/xtal_42.cif,-63.328835,89.28471
xtal_43.cif,./Al13Sc3N16/__initial__/134/xtal_43.cif,-79.81556,19.207285
xtal_47.cif,./Al13Sc3N16/__initial__/134/xtal_47.cif,-6.5566063,-22.92887
xtal_51.cif,./Al13Sc3N16/__initial__/134/xtal_51.cif,-64.00075,-19.42415
xtal_53.cif,./Al13Sc3N16/__initial__/134/xtal_53.cif,-35.358955,11.147435
xtal_55.cif,./Al13Sc3N16/__initial__/134/xtal_55.cif,-48.96764,3.421674
xtal_57.cif,./Al13Sc3N16/__initial__/134/xtal_57.cif,-16.77818,-17.118938
xtal_58.cif,./Al13Sc3N16/__initial__/134/xtal_58.cif,-44.278122,-53.166527
xtal_59.cif,./Al13Sc3N16/__initial__/134/xtal_59.cif,2.6578224,59.990128
xtal_60.cif,./Al13Sc3N16/__initial__/134/xtal_60.cif,41.603928,83.17753
xtal_62.cif,./Al13Sc3N16/__initial__/134/xtal_62.cif,-63.708206,48.05086
xtal_63.cif,./Al13Sc3N16/__initial__/134/xtal_63.cif,-33.615734,11.519851
xtal_64.cif,./Al13Sc3N16/__initial__/134/xtal_64.cif,44.21852,44.142105
xtal_66.cif,./Al13Sc3N16/__initial__/134/xtal_66.cif,-71.08939,50.91611
xtal_67.cif,./Al13Sc3N16/__initial__/134/xtal_67.cif,-20.263683,52.726425
xtal_68.cif,./Al13Sc3N16/__initial__/134/xtal_68.cif,-27.14338,-37.64062
xtal_7.cif,./Al13Sc3N16/__initial__/134/xtal_7.cif,1.2021346,34.74414
xtal_73.cif,./Al13Sc3N16/__initial__/134/xtal_73.cif,-53.83852,75.45682
xtal_74.cif,./Al13Sc3N16/__initial__/134/xtal_74.cif,8.793842,86.917755
xtal_75.cif,./Al13Sc3N16/__initial__/134/xtal_75.cif,-16.85492,77.45267
xtal_76.cif,./Al13Sc3N16/__initial__/134/xtal_76.cif,36.614643,57.732025
xtal_77.cif,./Al13Sc3N16/__initial__/134/xtal_77.cif,-66.309814,49.87221
xtal_79.cif,./Al13Sc3N16/__initial__/134/xtal_79.cif,2.5202155,4.9953084
xtal_81.cif,./Al13Sc3N16/__initial__/134/xtal_81.cif,-10.811993,52.05181
xtal_82.cif,./Al13Sc3N16/__initial__/134/xtal_82.cif,-74.04269,57.238956
xtal_85.cif,./Al13Sc3N16/__initial__/134/xtal_85.cif,-6.454947,55.919468
xtal_88.cif,./Al13Sc3N16/__initial__/134/xtal_88.cif,9.571626,48.679966
xtal_89.cif,./Al13Sc3N16/__initial__/134/xtal_89.cif,-44.85452,22.797565
xtal_92.cif,./Al13Sc3N16/__initial__/134/xtal_92.cif,-63.652042,49.81558
xtal_94.cif,./Al13Sc3N16/__initial__/134/xtal_94.cif,5.228527,-3.5064461
xtal_97.cif,./Al13Sc3N16/__initial__/134/xtal_97.cif,-53.58154,40.25388
xtal_98.cif,./Al13Sc3N16/__initial__/134/xtal_98.cif,-7.0382543,56.584927
xtal_1.cif,./Al13Sc3N16/__initial__/136/xtal_1.cif,-60.722717,78.3146
xtal_10.cif,./Al13Sc3N16/__initial__/136/xtal_10.cif,-35.557957,26.276632
xtal_13.cif,./Al13Sc3N16/__initial__/136/xtal_13.cif,-3.7291565,72.40316
xtal_14.cif,./Al13Sc3N16/__initial__/136/xtal_14.cif,8.208708,55.421547
xtal_15.cif,./Al13Sc3N16/__initial__/136/xtal_15.cif,-43.645844,-51.512634
xtal_17.cif,./Al13Sc3N16/__initial__/136/xtal_17.cif,2.3656383,-19.544569
xtal_19.cif,./Al13Sc3N16/__initial__/136/xtal_19.cif,-25.641779,17.12944
xtal_2.cif,./Al13Sc3N16/__initial__/136/xtal_2.cif,12.681493,4.8468843
xtal_22.cif,./Al13Sc3N16/__initial__/136/xtal_22.cif,-85.32283,-34.04732
xtal_23.cif,./Al13Sc3N16/__initial__/136/xtal_23.cif,50.37713,45.055252
xtal_25.cif,./Al13Sc3N16/__initial__/136/xtal_25.cif,-69.66093,-46.67137
xtal_26.cif,./Al13Sc3N16/__initial__/136/xtal_26.cif,38.84383,12.655686
xtal_28.cif,./Al13Sc3N16/__initial__/136/xtal_28.cif,1.8747469,30.150322
xtal_29.cif,./Al13Sc3N16/__initial__/136/xtal_29.cif,-41.95531,82.37413
xtal_30.cif,./Al13Sc3N16/__initial__/136/xtal_30.cif,-26.640358,1.9481815
xtal_31.cif,./Al13Sc3N16/__initial__/136/xtal_31.cif,-2.9273038,-17.823853
xtal_33.cif,./Al13Sc3N16/__initial__/136/xtal_33.cif,-84.08315,-26.689053
xtal_35.cif,./Al13Sc3N16/__initial__/136/xtal_35.cif,-18.867111,73.34017
xtal_36.cif,./Al13Sc3N16/__initial__/136/xtal_36.cif,-43.911644,-42.711895
xtal_39.cif,./Al13Sc3N16/__initial__/136/xtal_39.cif,-74.51965,56.377186
xtal_40.cif,./Al13Sc3N16/__initial__/136/xtal_40.cif,-9.768349,0.9799717
xtal_42.cif,./Al13Sc3N16/__initial__/136/xtal_42.cif,31.88728,-4.6149874
xtal_48.cif,./Al13Sc3N16/__initial__/136/xtal_48.cif,-43.2202,-62.883358
xtal_49.cif,./Al13Sc3N16/__initial__/136/xtal_49.cif,-5.167933,74.30406
xtal_53.cif,./Al13Sc3N16/__initial__/136/xtal_53.cif,37.752743,40.15795
xtal_55.cif,./Al13Sc3N16/__initial__/136/xtal_55.cif,-64.543755,-41.088997
xtal_57.cif,./Al13Sc3N16/__initial__/136/xtal_57.cif,-66.78011,52.250988
xtal_63.cif,./Al13Sc3N16/__initial__/136/xtal_63.cif,35.485664,75.61303
xtal_64.cif,./Al13Sc3N16/__initial__/136/xtal_64.cif,-51.537304,58.529713
xtal_65.cif,./Al13Sc3N16/__initial__/136/xtal_65.cif,-99.67851,-18.141088
xtal_66.cif,./Al13Sc3N16/__initial__/136/xtal_66.cif,-24.40695,26.598358
xtal_67.cif,./Al13Sc3N16/__initial__/136/xtal_67.cif,-27.648668,84.71145
xtal_68.cif,./Al13Sc3N16/__initial__/136/xtal_68.cif,-11.387797,71.023224
xtal_69.cif,./Al13Sc3N16/__initial__/136/xtal_69.cif,-24.823439,80.01181
xtal_70.cif,./Al13Sc3N16/__initial__/136/xtal_70.cif,-74.61015,45.542946
xtal_72.cif,./Al13Sc3N16/__initial__/136/xtal_72.cif,13.4311495,-20.475784
xtal_75.cif,./Al13Sc3N16/__initial__/136/xtal_75.cif,-37.6366,-30.631245
xtal_77.cif,./Al13Sc3N16/__initial__/136/xtal_77.cif,-1.084243,64.39495
xtal_79.cif,./Al13Sc3N16/__initial__/136/xtal_79.cif,28.423653,85.93677
xtal_82.cif,./Al13Sc3N16/__initial__/136/xtal_82.cif,-29.17527,62.806408
xtal_83.cif,./Al13Sc3N16/__initial__/136/xtal_83.cif,-61.385246,-2.6842039
xtal_86.cif,./Al13Sc3N16/__initial__/136/xtal_86.cif,-21.976852,21.100119
xtal_9.cif,./Al13Sc3N16/__initial__/136/xtal_9.cif,-18.952154,73.70926
xtal_91.cif,./Al13Sc3N16/__initial__/136/xtal_91.cif,-4.0999103,42.17428
xtal_92.cif,./Al13Sc3N16/__initial__/136/xtal_92.cif,15.842394,72.376656
xtal_93.cif,./Al13Sc3N16/__initial__/136/xtal_93.cif,-16.1704,33.246582
xtal_95.cif,./Al13Sc3N16/__initial__/136/xtal_95.cif,-53.28449,60.87455
xtal_96.cif,./Al13Sc3N16/__initial__/136/xtal_96.cif,64.21642,64.143845
xtal_98.cif,./Al13Sc3N16/__initial__/136/xtal_98.cif,57.616947,73.9545
xtal_99.cif,./Al13Sc3N16/__initial__/136/xtal_99.cif,6.3416805,-15.752542
xtal_10.cif,./Al13Sc3N16/__initial__/137/xtal_10.cif,-41.334686,-34.80976
xtal_12.cif,./Al13Sc3N16/__initial__/137/xtal_12.cif,7.2330823,56.729378
xtal_13.cif,./Al13Sc3N16/__initial__/137/xtal_13.cif,-59.530888,89.480225
xtal_15.cif,./Al13Sc3N16/__initial__/137/xtal_15.cif,2.9623842,74.64695
xtal_16.cif,./Al13Sc3N16/__initial__/137/xtal_16.cif,-59.335342,-8.144551
xtal_18.cif,./Al13Sc3N16/__initial__/137/xtal_18.cif,-2.1837003,21.82262
xtal_19.cif,./Al13Sc3N16/__initial__/137/xtal_19.cif,7.958134,-13.871324
xtal_2.cif,./Al13Sc3N16/__initial__/137/xtal_2.cif,-60.591797,-17.991867
xtal_21.cif,./Al13Sc3N16/__initial__/137/xtal_21.cif,-77.77898,65.22875
xtal_23.cif,./Al13Sc3N16/__initial__/137/xtal_23.cif,-44.55093,52.456303
xtal_24.cif,./Al13Sc3N16/__initial__/137/xtal_24.cif,37.502884,70.89545
xtal_25.cif,./Al13Sc3N16/__initial__/137/xtal_25.cif,1.0866654,89.42055
xtal_27.cif,./Al13Sc3N16/__initial__/137/xtal_27.cif,-24.53595,26.97777
xtal_29.cif,./Al13Sc3N16/__initial__/137/xtal_29.cif,-86.632744,41.6403
xtal_30.cif,./Al13Sc3N16/__initial__/137/xtal_30.cif,-42.02568,18.553936
xtal_31.cif,./Al13Sc3N16/__initial__/137/xtal_31.cif,-41.418858,-13.504014
xtal_34.cif,./Al13Sc3N16/__initial__/137/xtal_34.cif,22.596237,84.39232
xtal_36.cif,./Al13Sc3N16/__initial__/137/xtal_36.cif,-13.941332,87.59315
xtal_37.cif,./Al13Sc3N16/__initial__/137/xtal_37.cif,0.51808333,51.921337
xtal_4.cif,./Al13Sc3N16/__initial__/137/xtal_4.cif,26.136675,-4.9987926
xtal_40.cif,./Al13Sc3N16/__initial__/137/xtal_40.cif,-12.414414,62.86698
xtal_43.cif,./Al13Sc3N16/__initial__/137/xtal_43.cif,-68.81032,-34.8924
xtal_45.cif,./Al13Sc3N16/__initial__/137/xtal_45.cif,-42.47136,7.203992
xtal_50.cif,./Al13Sc3N16/__initial__/137/xtal_50.cif,22.951635,9.407381
xtal_51.cif,./Al13Sc3N16/__initial__/137/xtal_51.cif,-83.594696,-30.296757
xtal_52.cif,./Al13Sc3N16/__initial__/137/xtal_52.cif,-23.359148,2.4588234
xtal_54.cif,./Al13Sc3N16/__initial__/137/xtal_54.cif,-43.05333,-15.2244625
xtal_60.cif,./Al13Sc3N16/__initial__/137/xtal_60.cif,-7.3083854,80.693726
xtal_63.cif,./Al13Sc3N16/__initial__/137/xtal_63.cif,-41.35701,91.14743
xtal_65.cif,./Al13Sc3N16/__initial__/137/xtal_65.cif,-11.790392,-6.926056
xtal_66.cif,./Al13Sc3N16/__initial__/137/xtal_66.cif,30.187227,29.50533
xtal_68.cif,./Al13Sc3N16/__initial__/137/xtal_68.cif,-20.377834,-12.045086
xtal_70.cif,./Al13Sc3N16/__initial__/137/xtal_70.cif,-27.946548,-64.03034
xtal_73.cif,./Al13Sc3N16/__initial__/137/xtal_73.cif,-12.304383,4.9618487
xtal_75.cif,./Al13Sc3N16/__initial__/137/xtal_75.cif,-102.23512,-17.253254
xtal_76.cif,./Al13Sc3N16/__initial__/137/xtal_76.cif,-75.90266,-10.959548
xtal_78.cif,./Al13Sc3N16/__initial__/137/xtal_78.cif,-26.117996,-40.035873
xtal_8.cif,./Al13Sc3N16/__initial__/137/xtal_8.cif,1.5913767,58.40155
xtal_82.cif,./Al13Sc3N16/__initial__/137/xtal_82.cif,56.14239,47.792007
xtal_85.cif,./Al13Sc3N16/__initial__/137/xtal_85.cif,48.68722,49.54763
xtal_87.cif,./Al13Sc3N16/__initial__/137/xtal_87.cif,-46.022484,1.3888963
xtal_88.cif,./Al13Sc3N16/__initial__/137/xtal_88.cif,-43.716442,-64.45644
xtal_9.cif,./Al13Sc3N16/__initial__/137/xtal_9.cif,-76.38453,58.782436
xtal_90.cif,./Al13Sc3N16/__initial__/137/xtal_90.cif,13.936334,24.204903
xtal_91.cif,./Al13Sc3N16/__initial__/137/xtal_91.cif,-53.25077,60.97319
xtal_93.cif,./Al13Sc3N16/__initial__/137/xtal_93.cif,5.986705,32.126076
xtal_94.cif,./Al13Sc3N16/__initial__/137/xtal_94.cif,28.419937,32.011925
xtal_96.cif,./Al13Sc3N16/__initial__/137/xtal_96.cif,-24.95536,-61.987244
xtal_97.cif,./Al13Sc3N16/__initial__/137/xtal_97.cif,49.291927,61.998196
xtal_99.cif,./Al13Sc3N16/__initial__/137/xtal_99.cif,-6.222374,61.141823
xtal_10.cif,./Al13Sc3N16/__initial__/139/xtal_10.cif,-74.212944,-3.786774
xtal_100.cif,./Al13Sc3N16/__initial__/139/xtal_100.cif,-79.15692,-9.428723
xtal_12.cif,./Al13Sc3N16/__initial__/139/xtal_12.cif,-59.619797,87.341125
xtal_13.cif,./Al13Sc3N16/__initial__/139/xtal_13.cif,-25.592245,79.18248
xtal_14.cif,./Al13Sc3N16/__initial__/139/xtal_14.cif,-22.393236,55.908745
xtal_19.cif,./Al13Sc3N16/__initial__/139/xtal_19.cif,-63.753426,51.639675
xtal_2.cif,./Al13Sc3N16/__initial__/139/xtal_2.cif,-72.44233,37.985867
xtal_20.cif,./Al13Sc3N16/__initial__/139/xtal_20.cif,-106.176155,5.8131084
xtal_22.cif,./Al13Sc3N16/__initial__/139/xtal_22.cif,-25.06058,24.633512
xtal_23.cif,./Al13Sc3N16/__initial__/139/xtal_23.cif,-0.6998903,90.255646
xtal_26.cif,./Al13Sc3N16/__initial__/139/xtal_26.cif,-5.329109,-32.99555
xtal_28.cif,./Al13Sc3N16/__initial__/139/xtal_28.cif,-57.949528,73.728065
xtal_3.cif,./Al13Sc3N16/__initial__/139/xtal_3.cif,13.723358,59.631138
xtal_30.cif,./Al13Sc3N16/__initial__/139/xtal_30.cif,-67.28829,51.83724
xtal_31.cif,./Al13Sc3N16/__initial__/139/xtal_31.cif,-75.56844,-68.81142
xtal_33.cif,./Al13Sc3N16/__initial__/139/xtal_33.cif,-44.607006,-13.222664
xtal_34.cif,./Al13Sc3N16/__initial__/139/xtal_34.cif,-57.48786,76.18476
xtal_35.cif,./Al13Sc3N16/__initial__/139/xtal_35.cif,-86.562645,37.270996
xtal_36.cif,./Al13Sc3N16/__initial__/139/xtal_36.cif,-16.3903,32.54236
xtal_39.cif,./Al13Sc3N16/__initial__/139/xtal_39.cif,-77.973206,-36.926205
xtal_42.cif,./Al13Sc3N16/__initial__/139/xtal_42.cif,43.37222,84.62398
xtal_43.cif,./Al13Sc3N16/__initial__/139/xtal_43.cif,2.3512666,34.932713
xtal_44.cif,./Al13Sc3N16/__initial__/139/xtal_44.cif,-24.578157,77.98168
xtal_45.cif,./Al13Sc3N16/__initial__/139/xtal_45.cif,-31.947687,-3.0459566
xtal_46.cif,./Al13Sc3N16/__initial__/139/xtal_46.cif,-29.956072,56.0074
xtal_47.cif,./Al13Sc3N16/__initial__/139/xtal_47.cif,12.880546,78.62453
xtal_49.cif,./Al13Sc3N16/__initial__/139/xtal_49.cif,-52.992626,-12.3652935
xtal_50.cif,./Al13Sc3N16/__initial__/139/xtal_50.cif,-83.50848,61.628967
xtal_55.cif,./Al13Sc3N16/__initial__/139/xtal_55.cif,-48.872128,66.65981
xtal_56.cif,./Al13Sc3N16/139/xtal_56.cif,49.0966,14.246046
xtal_57.cif,./Al13Sc3N16/__initial__/139/xtal_57.cif,-62.190094,-19.480064
xtal_6.cif,./Al13Sc3N16/__initial__/139/xtal_6.cif,-71.195335,36.781555
xtal_61.cif,./Al13Sc3N16/__initial__/139/xtal_61.cif,-79.15345,-36.023937
xtal_62.cif,./Al13Sc3N16/__initial__/139/xtal_62.cif,-4.8439684,58.767975
xtal_63.cif,./Al13Sc3N16/__initial__/139/xtal_63.cif,-29.960691,54.208157
xtal_64.cif,./Al13Sc3N16/__initial__/139/xtal_64.cif,-44.82707,34.157806
xtal_68.cif,./Al13Sc3N16/__initial__/139/xtal_68.cif,20.782742,-20.813095
xtal_69.cif,./Al13Sc3N16/__initial__/139/xtal_69.cif,-53.03346,-22.626024
xtal_70.cif,./Al13Sc3N16/__initial__/139/xtal_70.cif,-81.342125,62.265236
xtal_72.cif,./Al13Sc3N16/__initial__/139/xtal_72.cif,-43.268974,47.949768
xtal_74.cif,./Al13Sc3N16/__initial__/139/xtal_74.cif,-43.301125,92.45084
xtal_78.cif,./Al13Sc3N16/__initial__/139/xtal_78.cif,-28.222263,-39.866833
xtal_82.cif,./Al13Sc3N16/__initial__/139/xtal_82.cif,-62.987473,-47.821663
xtal_83.cif,./Al13Sc3N16/__initial__/139/xtal_83.cif,-41.43408,36.753483
xtal_84.cif,./Al13Sc3N16/__initial__/139/xtal_84.cif,-60.196342,42.361847
xtal_90.cif,./Al13Sc3N16/__initial__/139/xtal_90.cif,30.819122,30.665089
xtal_91.cif,./Al13Sc3N16/__initial__/139/xtal_91.cif,-75.0867,28.103596
xtal_94.cif,./Al13Sc3N16/__initial__/139/xtal_94.cif,-76.32599,60.011013
xtal_95.cif,./Al13Sc3N16/__initial__/139/xtal_95.cif,4.9221654,36.806175
xtal_98.cif,./Al13Sc3N16/__initial__/139/xtal_98.cif,-101.36702,-21.015253
xtal_10.cif,./Al13Sc3N16/__initial__/143/xtal_10.cif,26.043201,-59.078854
xtal_100.cif,./Al13Sc3N16/__initial__/143/xtal_100.cif,77.97323,1.7169307
xtal_11.cif,./Al13Sc3N16/__initial__/143/xtal_11.cif,13.515088,-81.08501
xtal_13.cif,./Al13Sc3N16/__initial__/143/xtal_13.cif,67.6642,40.930782
xtal_14.cif,./Al13Sc3N16/__initial__/143/xtal_14.cif,-75.43878,-60.219578
xtal_15.cif,./Al13Sc3N16/__initial__/143/xtal_15.cif,4.802125,-5.6746764
xtal_16.cif,./Al13Sc3N16/__initial__/143/xtal_16.cif,62.186535,-64.36025
xtal_17.cif,./Al13Sc3N16/__initial__/143/xtal_17.cif,80.9901,-67.72052
xtal_18.cif,./Al13Sc3N16/__initial__/143/xtal_18.cif,90.35707,-17.329172
xtal_21.cif,./Al13Sc3N16/__initial__/143/xtal_21.cif,22.301073,-73.33777
xtal_25.cif,./Al13Sc3N16/__initial__/143/xtal_25.cif,13.837808,-66.76002
xtal_31.cif,./Al13Sc3N16/__initial__/143/xtal_31.cif,87.95379,-12.476713
xtal_32.cif,./Al13Sc3N16/__initial__/143/xtal_32.cif,59.590782,-38.964237
xtal_33.cif,./Al13Sc3N16/__initial__/143/xtal_33.cif,52.873146,-6.893902
xtal_35.cif,./Al13Sc3N16/__initial__/143/xtal_35.cif,79.42927,-58.65947
xtal_36.cif,./Al13Sc3N16/__initial__/143/xtal_36.cif,86.055954,-53.302284
xtal_39.cif,./Al13Sc3N16/__initial__/143/xtal_39.cif,15.7634735,-77.90324
xtal_4.cif,./Al13Sc3N16/__initial__/143/xtal_4.cif,-0.2022322,-9.605693
xtal_40.cif,./Al13Sc3N16/__initial__/143/xtal_40.cif,-42.303436,-38.808685
xtal_41.cif,./Al13Sc3N16/__initial__/143/xtal_41.cif,89.0419,-14.839363
xtal_42.cif,./Al13Sc3N16/__initial__/143/xtal_42.cif,36.673584,37.04767
xtal_43.cif,./Al13Sc3N16/__initial__/143/xtal_43.cif,31.655283,-41.290127
xtal_44.cif,./Al13Sc3N16/__initial__/143/xtal_44.cif,54.30063,-22.411991
xtal_51.cif,./Al13Sc3N16/__initial__/143/xtal_51.cif,72.11537,-10.777433
xtal_55.cif,./Al13Sc3N16/__initial__/143/xtal_55.cif,31.250536,-68.6864
xtal_57.cif,./Al13Sc3N16/__initial__/143/xtal_57.cif,92.64594,-42.770645
xtal_59.cif,./Al13Sc3N16/__initial__/143/xtal_59.cif,29.607395,-48.50268
xtal_62.cif,./Al13Sc3N16/__initial__/143/xtal_62.cif,-24.415354,12.391133
xtal_63.cif,./Al13Sc3N16/143/xtal_63.cif,-104.406906,-23.56792
xtal_64.cif,./Al13Sc3N16/__initial__/143/xtal_64.cif,96.586075,-47.519672
xtal_65.cif,./Al13Sc3N16/__initial__/143/xtal_65.cif,85.825485,-53.259277
xtal_66.cif,./Al13Sc3N16/143/xtal_66.cif,-9.647208,-51.166508
xtal_67.cif,./Al13Sc3N16/__initial__/143/xtal_67.cif,85.84722,-57.69478
xtal_68.cif,./Al13Sc3N16/__initial__/143/xtal_68.cif,-52.345936,-58.12149
xtal_71.cif,./Al13Sc3N16/__initial__/143/xtal_71.cif,80.81173,8.643185
xtal_75.cif,./Al13Sc3N16/__initial__/143/xtal_75.cif,95.404396,6.5037146
xtal_77.cif,./Al13Sc3N16/__initial__/143/xtal_77.cif,-70.45292,-55.358208
xtal_80.cif,./Al13Sc3N16/__initial__/143/xtal_80.cif,36.178936,-72.261505
xtal_81.cif,./Al13Sc3N16/__initial__/143/xtal_81.cif,29.82083,-87.69837
xtal_84.cif,./Al13Sc3N16/__initial__/143/xtal_84.cif,93.097374,-16.37753
xtal_85.cif,./Al13Sc3N16/__initial__/143/xtal_85.cif,89.41053,-27.165827
xtal_86.cif,./Al13Sc3N16/__initial__/143/xtal_86.cif,-61.00501,-52.22571
xtal_87.cif,./Al13Sc3N16/__initial__/143/xtal_87.cif,-65.665474,-58.76573
xtal_89.cif,./Al13Sc3N16/143/xtal_89.cif,-40.595905,-82.8472
xtal_90.cif,./Al13Sc3N16/__initial__/143/xtal_90.cif,45.800926,-44.582664
xtal_91.cif,./Al13Sc3N16/__initial__/143/xtal_91.cif,34.252625,-46.75001
xtal_92.cif,./Al13Sc3N16/__initial__/143/xtal_92.cif,49.178684,-84.578285
xtal_96.cif,./Al13Sc3N16/__initial__/143/xtal_96.cif,81.29405,-6.8829694
xtal_97.cif,./Al13Sc3N16/__initial__/143/xtal_97.cif,38.05035,-55.516148
xtal_98.cif,./Al13Sc3N16/__initial__/143/xtal_98.cif,65.30115,-12.140421
xtal_1.cif,./Al13Sc3N16/__initial__/147/xtal_1.cif,-0.48842248,41.2879
xtal_100.cif,./Al13Sc3N16/__initial__/147/xtal_100.cif,-40.02521,89.34803
xtal_12.cif,./Al13Sc3N16/__initial__/147/xtal_12.cif,7.7423887,39.8766
xtal_15.cif,./Al13Sc3N16/__initial__/147/xtal_15.cif,45.904728,69.75555
xtal_19.cif,./Al13Sc3N16/__initial__/147/xtal_19.cif,-44.126568,-35.07063
xtal_20.cif,./Al13Sc3N16/__initial__/147/xtal_20.cif,-55.336254,65.46062
xtal_22.cif,./Al13Sc3N16/__initial__/147/xtal_22.cif,-3.8575523,-19.464884
xtal_23.cif,./Al13Sc3N16/__initial__/147/xtal_23.cif,-32.94058,-44.249245
xtal_25.cif,./Al13Sc3N16/__initial__/147/xtal_25.cif,50.012436,31.7272
xtal_27.cif,./Al13Sc3N16/147/xtal_27.cif,25.173534,67.16733
xtal_29.cif,./Al13Sc3N16/__initial__/147/xtal_29.cif,-62.970013,62.705162
xtal_30.cif,./Al13Sc3N16/__initial__/147/xtal_30.cif,-52.808407,60.1017
xtal_32.cif,./Al13Sc3N16/__initial__/147/xtal_32.cif,42.007164,15.129386
xtal_34.cif,./Al13Sc3N16/__initial__/147/xtal_34.cif,37.640896,30.173645
xtal_38.cif,./Al13Sc3N16/__initial__/147/xtal_38.cif,-22.792171,-18.139156
xtal_40.cif,./Al13Sc3N16/__initial__/147/xtal_40.cif,-46.140553,-51.04964
xtal_42.cif,./Al13Sc3N16/__initial__/147/xtal_42.cif,-72.8953,53.525238
xtal_43.cif,./Al13Sc3N16/147/xtal_43.cif,4.556376,19.21272
xtal_46.cif,./Al13Sc3N16/__initial__/147/xtal_46.cif,-70.612495,-27.445917
xtal_47.cif,./Al13Sc3N16/__initial__/147/xtal_47.cif,-61.50249,7.0351005
xtal_49.cif,./Al13Sc3N16/__initial__/147/xtal_49.cif,-21.83851,70.485535
xtal_51.cif,./Al13Sc3N16/__initial__/147/xtal_51.cif,-82.02969,-16.129305
xtal_52.cif,./Al13Sc3N16/__initial__/147/xtal_52.cif,20.153366,4.4440274
xtal_55.cif,./Al13Sc3N16/__initial__/147/xtal_55.cif,-28.269012,-54.217148
xtal_57.cif,./Al13Sc3N16/__initial__/147/xtal_57.cif,29.525005,-9.631205
xtal_58.cif,./Al13Sc3N16/__initial__/147/xtal_58.cif,20.366634,-2.2027109
xtal_6.cif,./Al13Sc3N16/__initial__/147/xtal_6.cif,27.56958,-6.8605304
xtal_61.cif,./Al13Sc3N16/__initial__/147/xtal_61.cif,-9.081172,59.634396
xtal_63.cif,./Al13Sc3N16/__initial__/147/xtal_63.cif,12.531277,40.57003
xtal_65.cif,./Al13Sc3N16/__initial__/147/xtal_65.cif,-5.526884,-41.088474
xtal_67.cif,./Al13Sc3N16/__initial__/147/xtal_67.cif,-13.46839,1.8505654
xtal_68.cif,./Al13Sc3N16/__initial__/147/xtal_68.cif,-82.39534,-27.112011
xtal_7.cif,./Al13Sc3N16/__initial__/147/xtal_7.cif,-87.72482,-29.935823
xtal_73.cif,./Al13Sc3N16/__initial__/147/xtal_73.cif,43.102554,29.824518
xtal_75.cif,./Al13Sc3N16/__initial__/147/xtal_75.cif,-75.873024,69.86115
xtal_77.cif,./Al13Sc3N16/__initial__/147/xtal_77.cif,-99.52576,-4.0071144
xtal_79.cif,./Al13Sc3N16/__initial__/147/xtal_79.cif,-27.766201,39.741093
xtal_8.cif,./Al13Sc3N16/__initial__/147/xtal_8.cif,16.495966,1.8566736
xtal_80.cif,./Al13Sc3N16/__initial__/147/xtal_80.cif,30.162312,48.49889
xtal_83.cif,./Al13Sc3N16/__initial__/147/xtal_83.cif,-87.09971,-23.557566
xtal_86.cif,./Al13Sc3N16/__initial__/147/xtal_86.cif,-88.24441,2.2416759
xtal_88.cif,./Al13Sc3N16/147/xtal_88.cif,-74.636795,-75.26036
xtal_89.cif,./Al13Sc3N16/__initial__/147/xtal_89.cif,-0.4715765,-21.881445
xtal_91.cif,./Al13Sc3N16/__initial__/147/xtal_91.cif,-10.110753,8.666301
xtal_92.cif,./Al13Sc3N16/__initial__/147/xtal_92.cif,-78.196106,-66.82253
xtal_93.cif,./Al13Sc3N16/__initial__/147/xtal_93.cif,-26.12994,-19.202452
xtal_94.cif,./Al13Sc3N16/__initial__/147/xtal_94.cif,-65.43336,18.754902
xtal_95.cif,./Al13Sc3N16/__initial__/147/xtal_95.cif,-57.097893,-42.687923
xtal_97.cif,./Al13Sc3N16/__initial__/147/xtal_97.cif,-72.02037,15.497328
xtal_98.cif,./Al13Sc3N16/__initial__/147/xtal_98.cif,29.337215,21.956642
xtal_10.cif,./Al13Sc3N16/__initial__/149/xtal_10.cif,66.29345,-89.838905
xtal_11.cif,./Al13Sc3N16/__initial__/149/xtal_11.cif,28.718992,-74.84944
xtal_12.cif,./Al13Sc3N16/__initial__/149/xtal_12.cif,37.943035,-42.27368
xtal_13.cif,./Al13Sc3N16/__initial__/149/xtal_13.cif,-49.894005,42.13325
xtal_14.cif,./Al13Sc3N16/__initial__/149/xtal_14.cif,52.379055,-23.73938
xtal_16.cif,./Al13Sc3N16/__initial__/149/xtal_16.cif,-27.285473,-62.991375
xtal_18.cif,./Al13Sc3N16/__initial__/149/xtal_18.cif,-10.772558,24.600838
xtal_2.cif,./Al13Sc3N16/__initial__/149/xtal_2.cif,-71.927734,-58.439995
xtal_20.cif,./Al13Sc3N16/__initial__/149/xtal_20.cif,-69.2482,-58.935905
xtal_22.cif,./Al13Sc3N16/__initial__/149/xtal_22.cif,-38.641693,7.3166018
xtal_23.cif,./Al13Sc3N16/__initial__/149/xtal_23.cif,47.780907,-72.257195
xtal_24.cif,./Al13Sc3N16/149/xtal_24.cif,-10.602404,-76.770966
xtal_26.cif,./Al13Sc3N16/__initial__/149/xtal_26.cif,37.85243,-31.896175
xtal_27.cif,./Al13Sc3N16/__initial__/149/xtal_27.cif,-54.674927,56.956566
xtal_28.cif,./Al13Sc3N16/__initial__/149/xtal_28.cif,15.831673,-72.99887
xtal_29.cif,./Al13Sc3N16/__initial__/149/xtal_29.cif,-8.05875,-5.621619
xtal_3.cif,./Al13Sc3N16/__initial__/149/xtal_3.cif,51.677254,-82.550644
xtal_30.cif,./Al13Sc3N16/149/xtal_30.cif,56.357746,-22.413387
xtal_31.cif,./Al13Sc3N16/__initial__/149/xtal_31.cif,-49.34057,15.325496
xtal_34.cif,./Al13Sc3N16/__initial__/149/xtal_34.cif,-18.218025,36.00151
xtal_37.cif,./Al13Sc3N16/__initial__/149/xtal_37.cif,72.81333,-5.821251
xtal_38.cif,./Al13Sc3N16/__initial__/149/xtal_38.cif,41.765293,39.046055
xtal_4.cif,./Al13Sc3N16/__initial__/149/xtal_4.cif,18.318562,-89.73691
xtal_40.cif,./Al13Sc3N16/__initial__/149/xtal_40.cif,84.38705,29.487778
xtal_41.cif,./Al13Sc3N16/__initial__/149/xtal_41.cif,-83.72928,36.540745
xtal_43.cif,./Al13Sc3N16/__initial__/149/xtal_43.cif,86.63121,31.62987
xtal_49.cif,./Al13Sc3N16/__initial__/149/xtal_49.cif,83.70988,30.336084
xtal_5.cif,./Al13Sc3N16/__initial__/149/xtal_5.cif,62.581528,-74.90626
xtal_55.cif,./Al13Sc3N16/__initial__/149/xtal_55.cif,67.39094,28.745163
xtal_60.cif,./Al13Sc3N16/__initial__/149/xtal_60.cif,7.617359,-80.09522
xtal_61.cif,./Al13Sc3N16/__initial__/149/xtal_61.cif,-19.048332,23.359861
xtal_62.cif,./Al13Sc3N16/__initial__/149/xtal_62.cif,-75.16263,6.614612
xtal_63.cif,./Al13Sc3N16/__initial__/149/xtal_63.cif,92.69635,-18.99943
xtal_64.cif,./Al13Sc3N16/__initial__/149/xtal_64.cif,44.880993,-80.74246
xtal_65.cif,./Al13Sc3N16/__initial__/149/xtal_65.cif,19.89841,84.11663
xtal_66.cif,./Al13Sc3N16/__initial__/149/xtal_66.cif,1.7162257,26.729048
xtal_68.cif,./Al13Sc3N16/__initial__/149/xtal_68.cif,48.28274,-85.329216
xtal_69.cif,./Al13Sc3N16/__initial__/149/xtal_69.cif,60.120174,-74.31797
xtal_7.cif,./Al13Sc3N16/__initial__/149/xtal_7.cif,-34.009415,-27.579967
xtal_74.cif,./Al13Sc3N16/__initial__/149/xtal_74.cif,63.971203,-81.0018
xtal_75.cif,./Al13Sc3N16/__initial__/149/xtal_75.cif,-49.130127,55.225708
xtal_78.cif,./Al13Sc3N16/__initial__/149/xtal_78.cif,27.4281,53.541744
xtal_81.cif,./Al13Sc3N16/__initial__/149/xtal_81.cif,-28.803844,-8.730267
xtal_86.cif,./Al13Sc3N16/__initial__/149/xtal_86.cif,-15.865969,82.78496
xtal_87.cif,./Al13Sc3N16/__initial__/149/xtal_87.cif,-65.531876,47.17202
xtal_90.cif,./Al13Sc3N16/__initial__/149/xtal_90.cif,-11.64031,73.22085
xtal_91.cif,./Al13Sc3N16/__initial__/149/xtal_91.cif,39.882603,-83.70816
xtal_92.cif,./Al13Sc3N16/__initial__/149/xtal_92.cif,56.1945,-88.2446
xtal_97.cif,./Al13Sc3N16/149/xtal_97.cif,83.44022,9.284486
xtal_99.cif,./Al13Sc3N16/__initial__/149/xtal_99.cif,93.89393,-9.771609
xtal_10.cif,./Al13Sc3N16/150/xtal_10.cif,-91.43589,-48.94521
xtal_100.cif,./Al13Sc3N16/__initial__/150/xtal_100.cif,-84.24158,-8.567584
xtal_11.cif,./Al13Sc3N16/__initial__/150/xtal_11.cif,-69.34499,-0.6302419
xtal_12.cif,./Al13Sc3N16/__initial__/150/xtal_12.cif,34.326916,-66.00755
xtal_15.cif,./Al13Sc3N16/__initial__/150/xtal_15.cif,-26.53695,53.45193
xtal_16.cif,./Al13Sc3N16/__initial__/150/xtal_16.cif,72.02271,-7.077118
xtal_17.cif,./Al13Sc3N16/__initial__/150/xtal_17.cif,-10.754964,48.79047
xtal_2.cif,./Al13Sc3N16/__initial__/150/xtal_2.cif,14.540731,76.71131
xtal_22.cif,./Al13Sc3N16/__initial__/150/xtal_22.cif,-55.05433,14.226689
xtal_23.cif,./Al13Sc3N16/__initial__/150/xtal_23.cif,69.20235,-66.336525
xtal_25.cif,./Al13Sc3N16/__initial__/150/xtal_25.cif,95.94662,22.5488
xtal_29.cif,./Al13Sc3N16/__initial__/150/xtal_29.cif,37.463078,-92.95982
xtal_32.cif,./Al13Sc3N16/__initial__/150/xtal_32.cif,14.248062,66.9294
xtal_34.cif,./Al13Sc3N16/__initial__/150/xtal_34.cif,-84.4549,31.173117
xtal_36.cif,./Al13Sc3N16/__initial__/150/xtal_36.cif,-68.2869,8.935829
xtal_40.cif,./Al13Sc3N16/__initial__/150/xtal_40.cif,10.376952,8.988413
xtal_42.cif,./Al13Sc3N16/__initial__/150/xtal_42.cif,70.48891,31.391273
xtal_44.cif,./Al13Sc3N16/__initial__/150/xtal_44.cif,33.18806,15.459984
xtal_45.cif,./Al13Sc3N16/__initial__/150/xtal_45.cif,-55.87455,-36.358673
xtal_46.cif,./Al13Sc3N16/__initial__/150/xtal_46.cif,-50.13131,-63.11637
xtal_47.cif,./Al13Sc3N16/__initial__/150/xtal_47.cif,-59.263912,-55.431084
xtal_49.cif,./Al13Sc3N16/__initial__/150/xtal_49.cif,62.348083,-73.45746
xtal_52.cif,./Al13Sc3N16/__initial__/150/xtal_52.cif,-81.79793,56.813976
xtal_53.cif,./Al13Sc3N16/__initial__/150/xtal_53.cif,-21.184795,81.388176
xtal_55.cif,./Al13Sc3N16/__initial__/150/xtal_55.cif,13.005702,-43.520435
xtal_56.cif,./Al13Sc3N16/__initial__/150/xtal_56.cif,-68.94444,-0.10370166
xtal_57.cif,./Al13Sc3N16/__initial__/150/xtal_57.cif,-26.229546,-60.224365
xtal_58.cif,./Al13Sc3N16/__initial__/150/xtal_58.cif,101.425354,-9.208469
xtal_61.cif,./Al13Sc3N16/__initial__/150/xtal_61.cif,-49.582344,74.31183
xtal_62.cif,./Al13Sc3N16/__initial__/150/xtal_62.cif,-40.54243,-58.97345
xtal_65.cif,./Al13Sc3N16/__initial__/150/xtal_65.cif,-6.175714,-18.745924
xtal_67.cif,./Al13Sc3N16/__initial__/150/xtal_67.cif,-55.248596,-73.99355
xtal_7.cif,./Al13Sc3N16/150/xtal_7.cif,56.879326,-69.71353
xtal_71.cif,./Al13Sc3N16/__initial__/150/xtal_71.cif,19.424372,10.44079
xtal_74.cif,./Al13Sc3N16/__initial__/150/xtal_74.cif,-44.951157,-50.698875
xtal_75.cif,./Al13Sc3N16/__initial__/150/xtal_75.cif,-3.2349837,88.57463
xtal_77.cif,./Al13Sc3N16/__initial__/150/xtal_77.cif,31.378616,-63.98923
xtal_78.cif,./Al13Sc3N16/__initial__/150/xtal_78.cif,42.090405,-54.271477
xtal_79.cif,./Al13Sc3N16/__initial__/150/xtal_79.cif,-15.255834,-36.01627
xtal_8.cif,./Al13Sc3N16/__initial__/150/xtal_8.cif,-4.48213,37.691635
xtal_84.cif,./Al13Sc3N16/__initial__/150/xtal_84.cif,4.7273483,64.51256
xtal_85.cif,./Al13Sc3N16/__initial__/150/xtal_85.cif,70.47977,28.906572
xtal_86.cif,./Al13Sc3N16/__initial__/150/xtal_86.cif,65.48123,-79.40522
xtal_87.cif,./Al13Sc3N16/__initial__/150/xtal_87.cif,-4.9666348,56.048477
xtal_88.cif,./Al13Sc3N16/__initial__/150/xtal_88.cif,-43.472794,35.82654
xtal_89.cif,./Al13Sc3N16/__initial__/150/xtal_89.cif,-59.184525,61.214767
xtal_90.cif,./Al13Sc3N16/__initial__/150/xtal_90.cif,7.093683,50.237125
xtal_93.cif,./Al13Sc3N16/__initial__/150/xtal_93.cif,5.3765335,17.8466
xtal_94.cif,./Al13Sc3N16/__initial__/150/xtal_94.cif,37.767124,65.31278
xtal_99.cif,./Al13Sc3N16/__initial__/150/xtal_99.cif,24.132248,-65.85436
xtal_1.cif,./Al13Sc3N16/__initial__/156/xtal_1.cif,39.661045,-91.171135
xtal_10.cif,./Al13Sc3N16/156/xtal_10.cif,49.326775,-72.70173
xtal_100.cif,./Al13Sc3N16/__initial__/156/xtal_100.cif,-68.232544,-63.866673
xtal_14.cif,./Al13Sc3N16/__initial__/156/xtal_14.cif,7.8197765,-82.61536
xtal_16.cif,./Al13Sc3N16/__initial__/156/xtal_16.cif,-74.56034,-57.128075
xtal_17.cif,./Al13Sc3N16/__initial__/156/xtal_17.cif,75.996735,-77.38941
xtal_18.cif,./Al13Sc3N16/__initial__/156/xtal_18.cif,-65.7593,-0.20543306
xtal_20.cif,./Al13Sc3N16/__initial__/156/xtal_20.cif,69.42209,-44.359352
xtal_21.cif,./Al13Sc3N16/__initial__/156/xtal_21.cif,87.011444,-24.259462
xtal_22.cif,./Al13Sc3N16/__initial__/156/xtal_22.cif,-70.71973,-65.29334
xtal_25.cif,./Al13Sc3N16/__initial__/156/xtal_25.cif,83.32763,-47.035378
xtal_27.cif,./Al13Sc3N16/__initial__/156/xtal_27.cif,74.53987,-54.110207
xtal_28.cif,./Al13Sc3N16/__initial__/156/xtal_28.cif,55.45118,-89.89294
xtal_29.cif,./Al13Sc3N16/__initial__/156/xtal_29.cif,77.26065,-40.680447
xtal_3.cif,./Al13Sc3N16/__initial__/156/xtal_3.cif,89.988846,-13.653157
xtal_32.cif,./Al13Sc3N16/__initial__/156/xtal_32.cif,27.46322,-41.254803
xtal_33.cif,./Al13Sc3N16/__initial__/156/xtal_33.cif,77.910065,-21.428741
xtal_34.cif,./Al13Sc3N16/__initial__/156/xtal_34.cif,-76.40543,-54.957813
xtal_35.cif,./Al13Sc3N16/__initial__/156/xtal_35.cif,50.26781,-73.005714
xtal_38.cif,./Al13Sc3N16/__initial__/156/xtal_38.cif,38.607265,-83.731026
xtal_4.cif,./Al13Sc3N16/__initial__/156/xtal_4.cif,48.45344,-43.435196
xtal_40.cif,./Al13Sc3N16/__initial__/156/xtal_40.cif,61.849667,-93.442894
xtal_42.cif,./Al13Sc3N16/__initial__/156/xtal_42.cif,93.156525,-49.45759
xtal_45.cif,./Al13Sc3N16/__initial__/156/xtal_45.cif,-47.832306,-18.95338
xtal_47.cif,./Al13Sc3N16/__initial__/156/xtal_47.cif,79.208725,20.85177
xtal_48.cif,./Al13Sc3N16/__initial__/156/xtal_48.cif,64.33336,-87.28392
xtal_50.cif,./Al13Sc3N16/__initial__/156/xtal_50.cif,56.486427,-91.41581
xtal_51.cif,./Al13Sc3N16/__initial__/156/xtal_51.cif,42.578007,-59.10248
xtal_54.cif,./Al13Sc3N16/__initial__/156/xtal_54.cif,6.562851,-55.844643
xtal_55.cif,./Al13Sc3N16/156/xtal_55.cif,-87.663376,-58.48211
xtal_58.cif,./Al13Sc3N16/156/xtal_58.cif,-107.52664,-1.4283379
xtal_60.cif,./Al13Sc3N16/__initial__/156/xtal_60.cif,64.22219,-84.33069
xtal_61.cif,./Al13Sc3N16/__initial__/156/xtal_61.cif,45.726173,-85.87748
xtal_62.cif,./Al13Sc3N16/__initial__/156/xtal_62.cif,65.38938,-76.53129
xtal_64.cif,./Al13Sc3N16/__initial__/156/xtal_64.cif,67.63978,-27.936855
xtal_75.cif,./Al13Sc3N16/__initial__/156/xtal_75.cif,20.070026,-53.854294
xtal_77.cif,./Al13Sc3N16/__initial__/156/xtal_77.cif,74.90138,-76.34689
xtal_82.cif,./Al13Sc3N16/__initial__/156/xtal_82.cif,-20.47762,-3.169309
xtal_83.cif,./Al13Sc3N16/__initial__/156/xtal_83.cif,85.29153,-57.256237
xtal_84.cif,./Al13Sc3N16/__initial__/156/xtal_84.cif,57.178135,-67.02366
xtal_86.cif,./Al13Sc3N16/__initial__/156/xtal_86.cif,33.898342,-41.54627
xtal_88.cif,./Al13Sc3N16/__initial__/156/xtal_88.cif,-10.79014,-49.426834
xtal_89.cif,./Al13Sc3N16/__initial__/156/xtal_89.cif,75.16645,32.85685
xtal_9.cif,./Al13Sc3N16/__initial__/156/xtal_9.cif,65.04579,-66.33319
xtal_91.cif,./Al13Sc3N16/__initial__/156/xtal_91.cif,55.160194,-43.14437
xtal_92.cif,./Al13Sc3N16/__initial__/156/xtal_92.cif,63.449684,-70.2025
xtal_93.cif,./Al13Sc3N16/__initial__/156/xtal_93.cif,85.2321,-40.43208
xtal_94.cif,./Al13Sc3N16/__initial__/156/xtal_94.cif,40.316895,-95.39396
xtal_95.cif,./Al13Sc3N16/__initial__/156/xtal_95.cif,86.76281,-10.537184
xtal_97.cif,./Al13Sc3N16/__initial__/156/xtal_97.cif,73.71665,-15.047417
xtal_10.cif,./Al13Sc3N16/__initial__/157/xtal_10.cif,73.47885,-82.99873
xtal_100.cif,./Al13Sc3N16/__initial__/157/xtal_100.cif,81.23743,-56.944824
xtal_11.cif,./Al13Sc3N16/__initial__/157/xtal_11.cif,75.351006,-82.91869
xtal_12.cif,./Al13Sc3N16/__initial__/157/xtal_12.cif,87.70051,-61.67518
xtal_15.cif,./Al13Sc3N16/__initial__/157/xtal_15.cif,-88.83,-38.840244
xtal_17.cif,./Al13Sc3N16/__initial__/157/xtal_17.cif,30.616272,-76.36298
xtal_19.cif,./Al13Sc3N16/157/xtal_19.cif,91.36788,-22.480614
xtal_23.cif,./Al13Sc3N16/__initial__/157/xtal_23.cif,6.2880692,-13.516152
xtal_26.cif,./Al13Sc3N16/__initial__/157/xtal_26.cif,37.415405,-83.02534
xtal_29.cif,./Al13Sc3N16/__initial__/157/xtal_29.cif,-41.026886,51.549385
xtal_31.cif,./Al13Sc3N16/__initial__/157/xtal_31.cif,60.972435,-74.5562
xtal_33.cif,./Al13Sc3N16/__initial__/157/xtal_33.cif,-63.28367,-62.152756
xtal_34.cif,./Al13Sc3N16/__initial__/157/xtal_34.cif,-68.89122,-61.66782
xtal_35.cif,./Al13Sc3N16/__initial__/157/xtal_35.cif,72.05767,-84.65109
xtal_36.cif,./Al13Sc3N16/__initial__/157/xtal_36.cif,52.348133,-88.00991
xtal_37.cif,./Al13Sc3N16/__initial__/157/xtal_37.cif,42.120975,-85.76991
xtal_39.cif,./Al13Sc3N16/__initial__/157/xtal_39.cif,58.902782,-83.75758
xtal_4.cif,./Al13Sc3N16/__initial__/157/xtal_4.cif,-81.43754,-56.623646
xtal_40.cif,./Al13Sc3N16/157/xtal_40.cif,21.742811,-37.961006
xtal_42.cif,./Al13Sc3N16/157/xtal_42.cif,84.665825,-3.2765157
xtal_43.cif,./Al13Sc3N16/__initial__/157/xtal_43.cif,64.59599,-57.511765
xtal_48.cif,./Al13Sc3N16/__initial__/157/xtal_48.cif,33.797707,-59.170887
xtal_51.cif,./Al13Sc3N16/__initial__/157/xtal_51.cif,36.759327,-84.67191
xtal_52.cif,./Al13Sc3N16/__initial__/157/xtal_52.cif,-70.35593,-60.548008
xtal_54.cif,./Al13Sc3N16/__initial__/157/xtal_54.cif,76.20393,-60.225624
xtal_56.cif,./Al13Sc3N16/__initial__/157/xtal_56.cif,90.96995,-39.759342
xtal_57.cif,./Al13Sc3N16/__initial__/157/xtal_57.cif,-83.781334,-12.173532
xtal_58.cif,./Al13Sc3N16/__initial__/157/xtal_58.cif,85.69671,-36.25403
xtal_59.cif,./Al13Sc3N16/__initial__/157/xtal_59.cif,20.689411,-72.89121
xtal_6.cif,./Al13Sc3N16/__initial__/157/xtal_6.cif,38.263454,-92.71023
xtal_61.cif,./Al13Sc3N16/__initial__/157/xtal_61.cif,95.200386,-44.15837
xtal_63.cif,./Al13Sc3N16/__initial__/157/xtal_63.cif,56.50761,-71.04708
xtal_64.cif,./Al13Sc3N16/__initial__/157/xtal_64.cif,62.486694,-76.19781
xtal_66.cif,./Al13Sc3N16/__initial__/157/xtal_66.cif,88.632744,-57.509773
xtal_67.cif,./Al13Sc3N16/__initial__/157/xtal_67.cif,91.68484,-51.905354
xtal_69.cif,./Al13Sc3N16/157/xtal_69.cif,-91.00525,-41.564095
xtal_7.cif,./Al13Sc3N16/__initial__/157/xtal_7.cif,-33.785088,-57.98425
xtal_70.cif,./Al13Sc3N16/__initial__/157/xtal_70.cif,90.71017,-2.2390573
xtal_73.cif,./Al13Sc3N16/__initial__/157/xtal_73.cif,-37.06185,65.10341
xtal_74.cif,./Al13Sc3N16/__initial__/157/xtal_74.cif,-37.65892,50.7826
xtal_78.cif,./Al13Sc3N16/157/xtal_78.cif,57.304325,-75.14463
xtal_8.cif,./Al13Sc3N16/__initial__/157/xtal_8.cif,74.17067,-78.48559
xtal_81.cif,./Al13Sc3N16/__initial__/157/xtal_81.cif,73.98136,-30.85192
xtal_82.cif,./Al13Sc3N16/__initial__/157/xtal_82.cif,-37.27696,66.43219
xtal_84.cif,./Al13Sc3N16/__initial__/157/xtal_84.cif,40.123276,-65.46643
xtal_87.cif,./Al13Sc3N16/__initial__/157/xtal_87.cif,36.275734,-81.748695
xtal_88.cif,./Al13Sc3N16/__initial__/157/xtal_88.cif,32.756737,-86.80452
xtal_89.cif,./Al13Sc3N16/__initial__/157/xtal_89.cif,54.132816,-55.4179
xtal_95.cif,./Al13Sc3N16/__initial__/157/xtal_95.cif,-57.200497,-15.870417
xtal_99.cif,./Al13Sc3N16/__initial__/157/xtal_99.cif,60.13823,-58.244633
xtal_11.cif,./Al13Sc3N16/__initial__/158/xtal_11.cif,41.077534,-67.80574
xtal_13.cif,./Al13Sc3N16/__initial__/158/xtal_13.cif,-41.60134,-62.20152
xtal_14.cif,./Al13Sc3N16/__initial__/158/xtal_14.cif,-66.17341,45.0792
xtal_15.cif,./Al13Sc3N16/__initial__/158/xtal_15.cif,61.33885,-56.270363
xtal_16.cif,./Al13Sc3N16/__initial__/158/xtal_16.cif,65.0806,-75.708145
xtal_17.cif,./Al13Sc3N16/__initial__/158/xtal_17.cif,-86.94917,-42.20379
xtal_18.cif,./Al13Sc3N16/__initial__/158/xtal_18.cif,81.529686,22.492125
xtal_20.cif,./Al13Sc3N16/__initial__/158/xtal_20.cif,96.60337,-38.18604
xtal_22.cif,./Al13Sc3N16/__initial__/158/xtal_22.cif,71.657394,0.67798454
xtal_23.cif,./Al13Sc3N16/__initial__/158/xtal_23.cif,13.796175,55.011993
xtal_24.cif,./Al13Sc3N16/__initial__/158/xtal_24.cif,86.65687,52.353302
xtal_25.cif,./Al13Sc3N16/__initial__/158/xtal_25.cif,57.673973,14.400438
xtal_27.cif,./Al13Sc3N16/158/xtal_27.cif,18.815378,-24.57193
xtal_28.cif,./Al13Sc3N16/__initial__/158/xtal_28.cif,49.067444,-29.061577
xtal_29.cif,./Al13Sc3N16/__initial__/158/xtal_29.cif,27.928406,-66.93486
xtal_3.cif,./Al13Sc3N16/__initial__/158/xtal_3.cif,51.87284,-32.33776
xtal_30.cif,./Al13Sc3N16/__initial__/158/xtal_30.cif,76.76379,-12.313113
xtal_31.cif,./Al13Sc3N16/__initial__/158/xtal_31.cif,4.747854,44.615192
xtal_32.cif,./Al13Sc3N16/__initial__/158/xtal_32.cif,-8.21905,70.61116
xtal_33.cif,./Al13Sc3N16/__initial__/158/xtal_33.cif,36.209827,-66.48059
xtal_34.cif,./Al13Sc3N16/__initial__/158/xtal_34.cif,-73.02362,-57.772438
xtal_36.cif,./Al13Sc3N16/__initial__/158/xtal_36.cif,39.72688,-51.22051
xtal_38.cif,./Al13Sc3N16/__initial__/158/xtal_38.cif,29.201855,-19.614653
xtal_39.cif,./Al13Sc3N16/__initial__/158/xtal_39.cif,10.47797,-70.924034
xtal_41.cif,./Al13Sc3N16/__initial__/158/xtal_41.cif,47.348515,-45.090195
xtal_44.cif,./Al13Sc3N16/__initial__/158/xtal_44.cif,85.83785,34.00897
xtal_45.cif,./Al13Sc3N16/__initial__/158/xtal_45.cif,79.304955,18.143547
xtal_46.cif,./Al13Sc3N16/__initial__/158/xtal_46.cif,24.351053,76.31234
xtal_47.cif,./Al13Sc3N16/__initial__/158/xtal_47.cif,43.036427,-48.842262
xtal_5.cif,./Al13Sc3N16/__initial__/158/xtal_5.cif,13.171409,6.2309885
xtal_50.cif,./Al13Sc3N16/158/xtal_50.cif,53.354614,-68.32046
xtal_51.cif,./Al13Sc3N16/__initial__/158/xtal_51.cif,79.34225,-31.166239
xtal_52.cif,./Al13Sc3N16/__initial__/158/xtal_52.cif,67.07617,-36.453312
xtal_53.cif,./Al13Sc3N16/__initial__/158/xtal_53.cif,-56.86875,-63.61354
xtal_56.cif,./Al13Sc3N16/__initial__/158/xtal_56.cif,-62.245316,43.921043
xtal_6.cif,./Al13Sc3N16/__initial__/158/xtal_6.cif,-96.19563,-18.297468
xtal_62.cif,./Al13Sc3N16/__initial__/158/xtal_62.cif,102.61746,-12.065874
xtal_64.cif,./Al13Sc3N16/__initial__/158/xtal_64.cif,75.31298,22.099611
xtal_68.cif,./Al13Sc3N16/__initial__/158/xtal_68.cif,66.56714,-74.283035
xtal_72.cif,./Al13Sc3N16/__initial__/158/xtal_72.cif,63.18384,7.5635724
xtal_79.cif,./Al13Sc3N16/__initial__/158/xtal_79.cif,36.243183,-62.641617
xtal_8.cif,./Al13Sc3N16/__initial__/158/xtal_8.cif,-8.16501,-31.040464
xtal_81.cif,./Al13Sc3N16/__initial__/158/xtal_81.cif,81.7883,17.703129
xtal_83.cif,./Al13Sc3N16/__initial__/158/xtal_83.cif,71.45671,45.349747
xtal_85.cif,./Al13Sc3N16/__initial__/158/xtal_85.cif,37.77566,-40.688053
xtal_87.cif,./Al13Sc3N16/__initial__/158/xtal_87.cif,18.67957,-68.93292
xtal_91.cif,./Al13Sc3N16/__initial__/158/xtal_91.cif,92.68602,-45.30949
xtal_95.cif,./Al13Sc3N16/__initial__/158/xtal_95.cif,9.647355,-90.50531
xtal_97.cif,./Al13Sc3N16/__initial__/158/xtal_97.cif,-50.922493,-57.207916
xtal_98.cif,./Al13Sc3N16/__initial__/158/xtal_98.cif,88.08538,11.92019
xtal_1.cif,./Al13Sc3N16/__initial__/159/xtal_1.cif,65.401024,6.043158
xtal_10.cif,./Al13Sc3N16/__initial__/159/xtal_10.cif,-85.816025,-45.652767
xtal_11.cif,./Al13Sc3N16/__initial__/159/xtal_11.cif,32.834442,-89.74627
xtal_14.cif,./Al13Sc3N16/__initial__/159/xtal_14.cif,52.734344,-74.00934
xtal_17.cif,./Al13Sc3N16/__initial__/159/xtal_17.cif,-3.9626088,-66.07073
xtal_18.cif,./Al13Sc3N16/__initial__/159/xtal_18.cif,-61.506416,-53.372547
xtal_2.cif,./Al13Sc3N16/__initial__/159/xtal_2.cif,69.68497,-84.844864
xtal_20.cif,./Al13Sc3N16/__initial__/159/xtal_20.cif,28.5315,-86.69818
xtal_21.cif,./Al13Sc3N16/__initial__/159/xtal_21.cif,61.695667,24.783566
xtal_22.cif,./Al13Sc3N16/__initial__/159/xtal_22.cif,84.17315,-6.20601
xtal_23.cif,./Al13Sc3N16/__initial__/159/xtal_23.cif,86.62569,-59.719574
xtal_24.cif,./Al13Sc3N16/__initial__/159/xtal_24.cif,91.679016,-5.5371046
xtal_25.cif,./Al13Sc3N16/__initial__/159/xtal_25.cif,41.792217,-44.237007
xtal_26.cif,./Al13Sc3N16/159/xtal_26.cif,68.22442,6.1903324
xtal_27.cif,./Al13Sc3N16/__initial__/159/xtal_27.cif,53.34032,10.688584
xtal_30.cif,./Al13Sc3N16/__initial__/159/xtal_30.cif,86.005745,-51.78311
xtal_33.cif,./Al13Sc3N16/__initial__/159/xtal_33.cif,20.492815,-66.65974
xtal_34.cif,./Al13Sc3N16/__initial__/159/xtal_34.cif,77.149925,21.419018
xtal_35.cif,./Al13Sc3N16/__initial__/159/xtal_35.cif,-95.78358,-27.506844
xtal_37.cif,./Al13Sc3N16/__initial__/159/xtal_37.cif,-9.601826,-36.078896
xtal_38.cif,./Al13Sc3N16/__initial__/159/xtal_38.cif,25.070475,-68.705444
xtal_4.cif,./Al13Sc3N16/__initial__/159/xtal_4.cif,82.04398,-30.835642
xtal_41.cif,./Al13Sc3N16/__initial__/159/xtal_41.cif,39.642654,-14.360744
xtal_42.cif,./Al13Sc3N16/__initial__/159/xtal_42.cif,80.70103,5.106548
xtal_43.cif,./Al13Sc3N16/__initial__/159/xtal_43.cif,66.0482,2.4221773
xtal_45.cif,./Al13Sc3N16/__initial__/159/xtal_45.cif,-61.264412,-55.102146
xtal_46.cif,./Al13Sc3N16/__initial__/159/xtal_46.cif,23.095257,-68.46025
xtal_47.cif,./Al13Sc3N16/__initial__/159/xtal_47.cif,64.087395,-72.71254
xtal_55.cif,./Al13Sc3N16/__initial__/159/xtal_55.cif,75.40364,-73.24002
xtal_59.cif,./Al13Sc3N16/__initial__/159/xtal_59.cif,71.80025,-37.735294
xtal_61.cif,./Al13Sc3N16/__initial__/159/xtal_61.cif,22.057602,-50.814373
xtal_62.cif,./Al13Sc3N16/__initial__/159/xtal_62.cif,-61.962204,-65.81474
xtal_63.cif,./Al13Sc3N16/__initial__/159/xtal_63.cif,76.475586,-14.960222
xtal_65.cif,./Al13Sc3N16/__initial__/159/xtal_65.cif,-56.31891,60.8296
xtal_68.cif,./Al13Sc3N16/__initial__/159/xtal_68.cif,-9.631914,13.042348
xtal_69.cif,./Al13Sc3N16/__initial__/159/xtal_69.cif,76.116005,8.244414
xtal_70.cif,./Al13Sc3N16/__initial__/159/xtal_70.cif,50.66012,-28.445393
xtal_72.cif,./Al13Sc3N16/__initial__/159/xtal_72.cif,84.02808,-10.130129
xtal_73.cif,./Al13Sc3N16/__initial__/159/xtal_73.cif,-24.5539,-57.648666
xtal_75.cif,./Al13Sc3N16/__initial__/159/xtal_75.cif,73.50218,-0.7538186
xtal_76.cif,./Al13Sc3N16/__initial__/159/xtal_76.cif,52.060608,-59.83456
xtal_79.cif,./Al13Sc3N16/__initial__/159/xtal_79.cif,63.005066,52.175102
xtal_80.cif,./Al13Sc3N16/159/xtal_80.cif,-75.83517,-71.96369
xtal_81.cif,./Al13Sc3N16/__initial__/159/xtal_81.cif,-20.832281,-52.65437
xtal_83.cif,./Al13Sc3N16/__initial__/159/xtal_83.cif,66.37623,-85.576454
xtal_86.cif,./Al13Sc3N16/__initial__/159/xtal_86.cif,-80.244576,16.775288
xtal_93.cif,./Al13Sc3N16/__initial__/159/xtal_93.cif,-53.675884,54.92152
xtal_96.cif,./Al13Sc3N16/__initial__/159/xtal_96.cif,27.453587,-38.772137
xtal_98.cif,./Al13Sc3N16/__initial__/159/xtal_98.cif,33.357124,-23.94957
xtal_99.cif,./Al13Sc3N16/__initial__/159/xtal_99.cif,64.474236,-71.51304
xtal_12.cif,./Al13Sc3N16/__initial__/162/xtal_12.cif,-83.42804,50.291
xtal_15.cif,./Al13Sc3N16/__initial__/162/xtal_15.cif,-61.99845,7.898296
xtal_18.cif,./Al13Sc3N16/__initial__/162/xtal_18.cif,-53.884552,-24.049784
xtal_19.cif,./Al13Sc3N16/__initial__/162/xtal_19.cif,19.391361,-8.476852
xtal_20.cif,./Al13Sc3N16/__initial__/162/xtal_20.cif,-46.123234,53.865383
xtal_24.cif,./Al13Sc3N16/__initial__/162/xtal_24.cif,5.0166926,42.774803
xtal_28.cif,./Al13Sc3N16/162/xtal_28.cif,25.726679,-0.44542694
xtal_29.cif,./Al13Sc3N16/__initial__/162/xtal_29.cif,-105.01481,-11.539541
xtal_30.cif,./Al13Sc3N16/__initial__/162/xtal_30.cif,-35.739098,86.75854
xtal_31.cif,./Al13Sc3N16/162/xtal_31.cif,35.218727,-7.564823
xtal_32.cif,./Al13Sc3N16/__initial__/162/xtal_32.cif,-72.2505,14.244998
xtal_34.cif,./Al13Sc3N16/__initial__/162/xtal_34.cif,14.0741825,15.222458
xtal_35.cif,./Al13Sc3N16/__initial__/162/xtal_35.cif,1.5669434,52.75024
xtal_36.cif,./Al13Sc3N16/__initial__/162/xtal_36.cif,-78.49265,54.892605
xtal_37.cif,./Al13Sc3N16/__initial__/162/xtal_37.cif,10.947492,48.174217
xtal_39.cif,./Al13Sc3N16/__initial__/162/xtal_39.cif,-39.289085,34.050835
xtal_44.cif,./Al13Sc3N16/__initial__/162/xtal_44.cif,-65.21721,51.55491
xtal_47.cif,./Al13Sc3N16/__initial__/162/xtal_47.cif,-53.39401,11.669418
xtal_48.cif,./Al13Sc3N16/__initial__/162/xtal_48.cif,-74.98253,-35.48093
xtal_5.cif,./Al13Sc3N16/__initial__/162/xtal_5.cif,-7.6888103,10.187484
xtal_50.cif,./Al13Sc3N16/__initial__/162/xtal_50.cif,-78.26375,-47.023518
xtal_53.cif,./Al13Sc3N16/__initial__/162/xtal_53.cif,-46.19912,84.18624
xtal_54.cif,./Al13Sc3N16/__initial__/162/xtal_54.cif,42.38311,72.13026
xtal_58.cif,./Al13Sc3N16/__initial__/162/xtal_58.cif,-31.496847,-3.8020482
xtal_59.cif,./Al13Sc3N16/__initial__/162/xtal_59.cif,-60.120075,32.03887
xtal_6.cif,./Al13Sc3N16/162/xtal_6.cif,-23.302155,-63.464996
xtal_60.cif,./Al13Sc3N16/__initial__/162/xtal_60.cif,-31.22632,80.660706
xtal_61.cif,./Al13Sc3N16/__initial__/162/xtal_61.cif,-71.085526,34.670315
xtal_62.cif,./Al13Sc3N16/__initial__/162/xtal_62.cif,-53.448242,29.62909
xtal_64.cif,./Al13Sc3N16/162/xtal_64.cif,4.7075677,51.059143
xtal_65.cif,./Al13Sc3N16/__initial__/162/xtal_65.cif,20.794935,-19.177149
xtal_69.cif,./Al13Sc3N16/__initial__/162/xtal_69.cif,-27.505215,32.087585
xtal_7.cif,./Al13Sc3N16/__initial__/162/xtal_7.cif,-79.03066,50.031464
xtal_70.cif,./Al13Sc3N16/__initial__/162/xtal_70.cif,19.780401,44.996483
xtal_71.cif,./Al13Sc3N16/__initial__/162/xtal_71.cif,-46.51972,79.00482
xtal_72.cif,./Al13Sc3N16/__initial__/162/xtal_72.cif,41.967915,43.617874
xtal_77.cif,./Al13Sc3N16/__initial__/162/xtal_77.cif,20.989775,17.112543
xtal_80.cif,./Al13Sc3N16/__initial__/162/xtal_80.cif,-60.915726,-32.188076
xtal_81.cif,./Al13Sc3N16/162/xtal_81.cif,89.68857,-18.651562
xtal_83.cif,./Al13Sc3N16/__initial__/162/xtal_83.cif,-20.745422,-4.624549
xtal_85.cif,./Al13Sc3N16/__initial__/162/xtal_85.cif,-46.860516,69.60761
xtal_87.cif,./Al13Sc3N16/162/xtal_87.cif,-95.20888,-37.908913
xtal_88.cif,./Al13Sc3N16/__initial__/162/xtal_88.cif,-25.871677,-27.459097
xtal_89.cif,./Al13Sc3N16/__initial__/162/xtal_89.cif,58.3303,73.23177
xtal_9.cif,./Al13Sc3N16/__initial__/162/xtal_9.cif,-24.231997,24.579988
xtal_92.cif,./Al13Sc3N16/__initial__/162/xtal_92.cif,2.0669754,-37.478218
xtal_94.cif,./Al13Sc3N16/162/xtal_94.cif,-96.93791,-46.45672
xtal_96.cif,./Al13Sc3N16/__initial__/162/xtal_96.cif,-16.989141,43.86555
xtal_97.cif,./Al13Sc3N16/__initial__/162/xtal_97.cif,47.117073,28.647402
xtal_98.cif,./Al13Sc3N16/__initial__/162/xtal_98.cif,-56.651,-25.49118
xtal_1.cif,./Al13Sc3N16/__initial__/163/xtal_1.cif,-56.383408,-44.927723
xtal_10.cif,./Al13Sc3N16/__initial__/163/xtal_10.cif,-78.56961,-42.860348
xtal_12.cif,./Al13Sc3N16/__initial__/163/xtal_12.cif,32.29104,70.900055
xtal_13.cif,./Al13Sc3N16/__initial__/163/xtal_13.cif,6.95632,-19.857841
xtal_14.cif,./Al13Sc3N16/__initial__/163/xtal_14.cif,-101.092995,1.9902158
xtal_15.cif,./Al13Sc3N16/163/xtal_15.cif,22.503721,60.523773
xtal_17.cif,./Al13Sc3N16/__initial__/163/xtal_17.cif,-77.50479,35.212955
xtal_18.cif,./Al13Sc3N16/__initial__/163/xtal_18.cif,7.555713,84.702255
xtal_20.cif,./Al13Sc3N16/__initial__/163/xtal_20.cif,3.1027782,22.598032
xtal_21.cif,./Al13Sc3N16/__initial__/163/xtal_21.cif,-2.8634436,65.997856
xtal_23.cif,./Al13Sc3N16/__initial__/163/xtal_23.cif,-35.483562,-19.874784
xtal_24.cif,./Al13Sc3N16/__initial__/163/xtal_24.cif,23.42981,5.3815002
xtal_27.cif,./Al13Sc3N16/__initial__/163/xtal_27.cif,-25.208815,-38.60489
xtal_28.cif,./Al13Sc3N16/__initial__/163/xtal_28.cif,35.808926,7.4141483
xtal_29.cif,./Al13Sc3N16/__initial__/163/xtal_29.cif,12.301899,82.71574
xtal_3.cif,./Al13Sc3N16/__initial__/163/xtal_3.cif,43.704937,71.42843
xtal_30.cif,./Al13Sc3N16/__initial__/163/xtal_30.cif,49.438118,59.95909
xtal_33.cif,./Al13Sc3N16/__initial__/163/xtal_33.cif,-59.762844,59.656338
xtal_36.cif,./Al13Sc3N16/__initial__/163/xtal_36.cif,-49.440205,40.331474
xtal_39.cif,./Al13Sc3N16/__initial__/163/xtal_39.cif,-11.152637,91.97752
xtal_40.cif,./Al13Sc3N16/__initial__/163/xtal_40.cif,25.93343,85.34022
xtal_42.cif,./Al13Sc3N16/__initial__/163/xtal_42.cif,-27.88713,-64.1264
xtal_44.cif,./Al13Sc3N16/__initial__/163/xtal_44.cif,-43.795166,5.5421977
xtal_46.cif,./Al13Sc3N16/__initial__/163/xtal_46.cif,40.57767,49.84034
xtal_48.cif,./Al13Sc3N16/__initial__/163/xtal_48.cif,22.822065,33.2396
xtal_50.cif,./Al13Sc3N16/__initial__/163/xtal_50.cif,13.604454,30.642002
xtal_51.cif,./Al13Sc3N16/__initial__/163/xtal_51.cif,-68.0736,18.349693
xtal_52.cif,./Al13Sc3N16/__initial__/163/xtal_52.cif,25.625835,21.670757
xtal_53.cif,./Al13Sc3N16/__initial__/163/xtal_53.cif,7.7113724,-11.633314
xtal_55.cif,./Al13Sc3N16/__initial__/163/xtal_55.cif,-11.019588,6.107617
xtal_57.cif,./Al13Sc3N16/163/xtal_57.cif,-75.09258,-69.31206
xtal_59.cif,./Al13Sc3N16/__initial__/163/xtal_59.cif,-9.116637,55.344585
xtal_60.cif,./Al13Sc3N16/__initial__/163/xtal_60.cif,14.67379,27.157907
xtal_62.cif,./Al13Sc3N16/__initial__/163/xtal_62.cif,13.241304,40.724487
xtal_66.cif,./Al13Sc3N16/__initial__/163/xtal_66.cif,0.084905475,20.604952
xtal_69.cif,./Al13Sc3N16/__initial__/163/xtal_69.cif,-51.54452,51.825607
xtal_70.cif,./Al13Sc3N16/__initial__/163/xtal_70.cif,2.5883691,49.874626
xtal_73.cif,./Al13Sc3N16/__initial__/163/xtal_73.cif,-43.576424,-3.7234929
xtal_74.cif,./Al13Sc3N16/__initial__/163/xtal_74.cif,13.484357,24.55343
xtal_75.cif,./Al13Sc3N16/__initial__/163/xtal_75.cif,-21.360214,67.68198
xtal_79.cif,./Al13Sc3N16/__initial__/163/xtal_79.cif,-36.979424,-50.729897
xtal_81.cif,./Al13Sc3N16/__initial__/163/xtal_81.cif,-31.460997,-53.543167
xtal_82.cif,./Al13Sc3N16/__initial__/163/xtal_82.cif,-95.51023,2.7816591
xtal_83.cif,./Al13Sc3N16/__initial__/163/xtal_83.cif,-78.36905,-15.418019
xtal_85.cif,./Al13Sc3N16/__initial__/163/xtal_85.cif,-55.985363,-53.336044
xtal_86.cif,./Al13Sc3N16/__initial__/163/xtal_86.cif,-49.30027,46.82933
xtal_89.cif,./Al13Sc3N16/__initial__/163/xtal_89.cif,-61.414387,19.39256
xtal_9.cif,./Al13Sc3N16/__initial__/163/xtal_9.cif,59.601845,63.44415
xtal_98.cif,./Al13Sc3N16/__initial__/163/xtal_98.cif,-51.61564,25.715902
xtal_99.cif,./Al13Sc3N16/__initial__/163/xtal_99.cif,6.544094,41.02841
xtal_1.cif,./Al13Sc3N16/__initial__/164/xtal_1.cif,-76.65513,14.323479
xtal_13.cif,./Al13Sc3N16/__initial__/164/xtal_13.cif,15.476798,4.7883925
xtal_14.cif,./Al13Sc3N16/__initial__/164/xtal_14.cif,-77.39159,72.44703
xtal_16.cif,./Al13Sc3N16/__initial__/164/xtal_16.cif,18.42686,7.3257184
xtal_17.cif,./Al13Sc3N16/__initial__/164/xtal_17.cif,-46.406082,-36.367664
xtal_18.cif,./Al13Sc3N16/__initial__/164/xtal_18.cif,-82.15748,64.97572
xtal_19.cif,./Al13Sc3N16/__initial__/164/xtal_19.cif,50.850895,54.184696
xtal_22.cif,./Al13Sc3N16/__initial__/164/xtal_22.cif,-52.3821,58.69318
xtal_24.cif,./Al13Sc3N16/__initial__/164/xtal_24.cif,-28.828945,9.13147
xtal_25.cif,./Al13Sc3N16/__initial__/164/xtal_25.cif,47.922073,71.60565
xtal_27.cif,./Al13Sc3N16/__initial__/164/xtal_27.cif,42.38454,24.10304
xtal_3.cif,./Al13Sc3N16/__initial__/164/xtal_3.cif,-24.9748,39.548546
xtal_31.cif,./Al13Sc3N16/__initial__/164/xtal_31.cif,-66.10459,28.32642
xtal_32.cif,./Al13Sc3N16/__initial__/164/xtal_32.cif,-55.594234,14.024315
xtal_34.cif,./Al13Sc3N16/__initial__/164/xtal_34.cif,-29.287903,-13.639085
xtal_36.cif,./Al13Sc3N16/164/xtal_36.cif,13.087839,62.899822
xtal_37.cif,./Al13Sc3N16/__initial__/164/xtal_37.cif,3.324515,21.591768
xtal_38.cif,./Al13Sc3N16/__initial__/164/xtal_38.cif,-22.469992,69.31082
xtal_43.cif,./Al13Sc3N16/__initial__/164/xtal_43.cif,-49.875072,38.725903
xtal_44.cif,./Al13Sc3N16/__initial__/164/xtal_44.cif,14.021797,89.16345
xtal_48.cif,./Al13Sc3N16/__initial__/164/xtal_48.cif,-41.10719,9.826587
xtal_49.cif,./Al13Sc3N16/__initial__/164/xtal_49.cif,-103.584435,-10.032933
xtal_50.cif,./Al13Sc3N16/__initial__/164/xtal_50.cif,-62.29496,5.2046804
xtal_53.cif,./Al13Sc3N16/__initial__/164/xtal_53.cif,10.879781,21.699474
xtal_54.cif,./Al13Sc3N16/__initial__/164/xtal_54.cif,-12.062312,70.715645
xtal_56.cif,./Al13Sc3N16/__initial__/164/xtal_56.cif,-44.435966,-5.013957
xtal_57.cif,./Al13Sc3N16/__initial__/164/xtal_57.cif,-15.899707,42.92566
xtal_63.cif,./Al13Sc3N16/__initial__/164/xtal_63.cif,-34.197754,43.504227
xtal_64.cif,./Al13Sc3N16/164/xtal_64.cif,-5.012807,81.49633
xtal_65.cif,./Al13Sc3N16/__initial__/164/xtal_65.cif,-31.570227,29.963167
xtal_67.cif,./Al13Sc3N16/__initial__/164/xtal_67.cif,-82.82801,25.218748
xtal_68.cif,./Al13Sc3N16/__initial__/164/xtal_68.cif,-89.28142,35.97322
xtal_69.cif,./Al13Sc3N16/__initial__/164/xtal_69.cif,39.391476,44.707436
xtal_70.cif,./Al13Sc3N16/__initial__/164/xtal_70.cif,-65.85837,-39.685345
xtal_73.cif,./Al13Sc3N16/__initial__/164/xtal_73.cif,-83.43606,19.166378
xtal_74.cif,./Al13Sc3N16/164/xtal_74.cif,-81.669815,-68.88738
xtal_76.cif,./Al13Sc3N16/__initial__/164/xtal_76.cif,-80.79721,-0.6558126
xtal_79.cif,./Al13Sc3N16/__initial__/164/xtal_79.cif,-74.31333,72.08198
xtal_83.cif,./Al13Sc3N16/__initial__/164/xtal_83.cif,-53.212963,52.05178
xtal_84.cif,./Al13Sc3N16/__initial__/164/xtal_84.cif,-15.348557,-8.275902
xtal_86.cif,./Al13Sc3N16/164/xtal_86.cif,70.134254,-12.787396
xtal_87.cif,./Al13Sc3N16/__initial__/164/xtal_87.cif,-48.55146,9.624192
xtal_88.cif,./Al13Sc3N16/__initial__/164/xtal_88.cif,-42.49444,69.998436
xtal_89.cif,./Al13Sc3N16/__initial__/164/xtal_89.cif,28.42211,48.097836
xtal_9.cif,./Al13Sc3N16/__initial__/164/xtal_9.cif,-36.12829,-45.919773
xtal_92.cif,./Al13Sc3N16/__initial__/164/xtal_92.cif,-76.637,16.115385
xtal_93.cif,./Al13Sc3N16/__initial__/164/xtal_93.cif,20.00671,7.312518
xtal_95.cif,./Al13Sc3N16/__initial__/164/xtal_95.cif,9.163598,56.866974
xtal_98.cif,./Al13Sc3N16/__initial__/164/xtal_98.cif,-3.0882115,-8.570832
xtal_99.cif,./Al13Sc3N16/__initial__/164/xtal_99.cif,11.962574,-9.506526
xtal_10.cif,./Al13Sc3N16/165/xtal_10.cif,-46.30064,-76.14822
xtal_12.cif,./Al13Sc3N16/__initial__/165/xtal_12.cif,-23.861143,35.092064
xtal_13.cif,./Al13Sc3N16/__initial__/165/xtal_13.cif,-33.22467,47.061348
xtal_15.cif,./Al13Sc3N16/__initial__/165/xtal_15.cif,-43.640766,-53.15542
xtal_18.cif,./Al13Sc3N16/__initial__/165/xtal_18.cif,-66.53162,-40.994026
xtal_2.cif,./Al13Sc3N16/__initial__/165/xtal_2.cif,-8.591521,-52.636692
xtal_20.cif,./Al13Sc3N16/__initial__/165/xtal_20.cif,-68.287285,21.633984
xtal_21.cif,./Al13Sc3N16/__initial__/165/xtal_21.cif,-47.34343,1.9265432
xtal_23.cif,./Al13Sc3N16/__initial__/165/xtal_23.cif,34.999016,81.72498
xtal_26.cif,./Al13Sc3N16/__initial__/165/xtal_26.cif,-22.789145,-8.751627
xtal_27.cif,./Al13Sc3N16/__initial__/165/xtal_27.cif,-58.346634,-16.635923
xtal_30.cif,./Al13Sc3N16/__initial__/165/xtal_30.cif,-102.195786,0.22043401
xtal_31.cif,./Al13Sc3N16/__initial__/165/xtal_31.cif,48.438747,46.32411
xtal_33.cif,./Al13Sc3N16/__initial__/165/xtal_33.cif,-80.967705,-27.995125
xtal_35.cif,./Al13Sc3N16/__initial__/165/xtal_35.cif,42.30375,30.749449
xtal_36.cif,./Al13Sc3N16/__initial__/165/xtal_36.cif,-16.616198,-47.491158
xtal_37.cif,./Al13Sc3N16/__initial__/165/xtal_37.cif,-31.76247,-19.106754
xtal_38.cif,./Al13Sc3N16/__initial__/165/xtal_38.cif,-41.61415,-44.92438
xtal_40.cif,./Al13Sc3N16/__initial__/165/xtal_40.cif,-78.194984,70.87041
xtal_43.cif,./Al13Sc3N16/__initial__/165/xtal_43.cif,-76.84002,1.6004812
xtal_45.cif,./Al13Sc3N16/__initial__/165/xtal_45.cif,10.4166,57.41286
xtal_46.cif,./Al13Sc3N16/__initial__/165/xtal_46.cif,-5.130655,64.17618
xtal_48.cif,./Al13Sc3N16/__initial__/165/xtal_48.cif,-1.0194014,68.92486
xtal_49.cif,./Al13Sc3N16/__initial__/165/xtal_49.cif,-34.01287,-45.36192
xtal_5.cif,./Al13Sc3N16/__initial__/165/xtal_5.cif,6.775466,15.236224
xtal_50.cif,./Al13Sc3N16/__initial__/165/xtal_50.cif,36.85356,50.087013
xtal_51.cif,./Al13Sc3N16/__initial__/165/xtal_51.cif,-70.74338,16.90637
xtal_52.cif,./Al13Sc3N16/__initial__/165/xtal_52.cif,-2.130922,-31.009998
xtal_54.cif,./Al13Sc3N16/__initial__/165/xtal_54.cif,12.13147,-3.8897796
xtal_57.cif,./Al13Sc3N16/__initial__/165/xtal_57.cif,-54.31971,8.991558
xtal_6.cif,./Al13Sc3N16/__initial__/165/xtal_6.cif,-75.79146,28.166203
xtal_60.cif,./Al13Sc3N16/__initial__/165/xtal_60.cif,-73.13757,9.750576
xtal_61.cif,./Al13Sc3N16/__initial__/165/xtal_61.cif,24.524473,62.757446
xtal_62.cif,./Al13Sc3N16/__initial__/165/xtal_62.cif,-5.08619,-4.762078
xtal_63.cif,./Al13Sc3N16/__initial__/165/xtal_63.cif,7.048885,4.973437
xtal_64.cif,./Al13Sc3N16/__initial__/165/xtal_64.cif,24.618822,44.69583
xtal_72.cif,./Al13Sc3N16/__initial__/165/xtal_72.cif,-107.02817,3.992215
xtal_74.cif,./Al13Sc3N16/__initial__/165/xtal_74.cif,21.16255,49.003956
xtal_77.cif,./Al13Sc3N16/__initial__/165/xtal_77.cif,-24.197777,36.8062
xtal_79.cif,./Al13Sc3N16/__initial__/165/xtal_79.cif,47.054996,27.054165
xtal_80.cif,./Al13Sc3N16/__initial__/165/xtal_80.cif,49.079758,41.410065
xtal_82.cif,./Al13Sc3N16/__initial__/165/xtal_82.cif,-43.750603,63.46231
xtal_83.cif,./Al13Sc3N16/__initial__/165/xtal_83.cif,-13.982329,-36.071102
xtal_85.cif,./Al13Sc3N16/__initial__/165/xtal_85.cif,-41.34449,-65.98042
xtal_91.cif,./Al13Sc3N16/__initial__/165/xtal_91.cif,25.105938,42.78777
xtal_92.cif,./Al13Sc3N16/__initial__/165/xtal_92.cif,-81.892105,5.6784153
xtal_95.cif,./Al13Sc3N16/__initial__/165/xtal_95.cif,2.7783613,-15.540828
xtal_96.cif,./Al13Sc3N16/__initial__/165/xtal_96.cif,-68.896255,-20.63282
xtal_98.cif,./Al13Sc3N16/__initial__/165/xtal_98.cif,-0.030844007,-5.444573
xtal_99.cif,./Al13Sc3N16/__initial__/165/xtal_99.cif,-56.862267,54.4878
xtal_10.cif,./Al13Sc3N16/__initial__/168/xtal_10.cif,-9.978051,39.70802
xtal_100.cif,./Al13Sc3N16/__initial__/168/xtal_100.cif,38.128315,-63.954075
xtal_12.cif,./Al13Sc3N16/__initial__/168/xtal_12.cif,91.18328,-35.362026
xtal_13.cif,./Al13Sc3N16/__initial__/168/xtal_13.cif,59.558292,-72.32165
xtal_14.cif,./Al13Sc3N16/__initial__/168/xtal_14.cif,-68.49163,-9.916422
xtal_17.cif,./Al13Sc3N16/__initial__/168/xtal_17.cif,70.279495,-87.59827
xtal_2.cif,./Al13Sc3N16/__initial__/168/xtal_2.cif,95.808395,-45.535473
xtal_21.cif,./Al13Sc3N16/__initial__/168/xtal_21.cif,73.14661,-57.4448
xtal_22.cif,./Al13Sc3N16/__initial__/168/xtal_22.cif,69.06251,-56.204987
xtal_23.cif,./Al13Sc3N16/__initial__/168/xtal_23.cif,87.67119,-61.546776
xtal_25.cif,./Al13Sc3N16/__initial__/168/xtal_25.cif,75.572044,-57.172512
xtal_26.cif,./Al13Sc3N16/__initial__/168/xtal_26.cif,43.585186,-51.25382
xtal_28.cif,./Al13Sc3N16/__initial__/168/xtal_28.cif,68.61191,-49.283703
xtal_29.cif,./Al13Sc3N16/__initial__/168/xtal_29.cif,58.375694,12.578475
xtal_3.cif,./Al13Sc3N16/168/xtal_3.cif,73.5056,-29.093054
xtal_31.cif,./Al13Sc3N16/__initial__/168/xtal_31.cif,-79.103195,-25.833782
xtal_33.cif,./Al13Sc3N16/__initial__/168/xtal_33.cif,-4.895066,16.864738
xtal_34.cif,./Al13Sc3N16/__initial__/168/xtal_34.cif,-68.91731,-61.228924
xtal_38.cif,./Al13Sc3N16/__initial__/168/xtal_38.cif,84.35168,-39.394897
xtal_4.cif,./Al13Sc3N16/__initial__/168/xtal_4.cif,87.68199,-28.758669
xtal_41.cif,./Al13Sc3N16/__initial__/168/xtal_41.cif,-65.7462,48.711758
xtal_42.cif,./Al13Sc3N16/__initial__/168/xtal_42.cif,-96.533646,-31.45224
xtal_46.cif,./Al13Sc3N16/__initial__/168/xtal_46.cif,73.26515,-20.675144
xtal_49.cif,./Al13Sc3N16/__initial__/168/xtal_49.cif,27.332193,-89.451675
xtal_5.cif,./Al13Sc3N16/__initial__/168/xtal_5.cif,92.0461,-33.806034
xtal_51.cif,./Al13Sc3N16/__initial__/168/xtal_51.cif,98.10029,-39.67515
xtal_52.cif,./Al13Sc3N16/__initial__/168/xtal_52.cif,16.390873,67.77188
xtal_54.cif,./Al13Sc3N16/__initial__/168/xtal_54.cif,38.669834,-95.8399
xtal_57.cif,./Al13Sc3N16/__initial__/168/xtal_57.cif,65.35927,-88.420456
xtal_58.cif,./Al13Sc3N16/__initial__/168/xtal_58.cif,81.61823,-51.98298
xtal_6.cif,./Al13Sc3N16/__initial__/168/xtal_6.cif,72.491905,-30.84349
xtal_63.cif,./Al13Sc3N16/__initial__/168/xtal_63.cif,25.206408,-73.7843
xtal_64.cif,./Al13Sc3N16/__initial__/168/xtal_64.cif,66.376785,-12.053816
xtal_65.cif,./Al13Sc3N16/__initial__/168/xtal_65.cif,50.518444,-98.21822
xtal_69.cif,./Al13Sc3N16/__initial__/168/xtal_69.cif,25.336468,79.6562
xtal_7.cif,./Al13Sc3N16/__initial__/168/xtal_7.cif,97.25054,-43.152706
xtal_70.cif,./Al13Sc3N16/__initial__/168/xtal_70.cif,84.10314,-58.959988
xtal_71.cif,./Al13Sc3N16/__initial__/168/xtal_71.cif,95.77011,-47.279457
xtal_72.cif,./Al13Sc3N16/168/xtal_72.cif,50.210953,-36.154747
xtal_75.cif,./Al13Sc3N16/__initial__/168/xtal_75.cif,39.45465,-94.45831
xtal_8.cif,./Al13Sc3N16/__initial__/168/xtal_8.cif,57.224327,-7.750139
xtal_80.cif,./Al13Sc3N16/__initial__/168/xtal_80.cif,90.672615,-52.125805
xtal_81.cif,./Al13Sc3N16/__initial__/168/xtal_81.cif,-54.310333,69.55186
xtal_82.cif,./Al13Sc3N16/__initial__/168/xtal_82.cif,62.844032,-56.918762
xtal_84.cif,./Al13Sc3N16/__initial__/168/xtal_84.cif,-32.77357,19.780714
xtal_87.cif,./Al13Sc3N16/__initial__/168/xtal_87.cif,26.029875,-53.897926
xtal_88.cif,./Al13Sc3N16/__initial__/168/xtal_88.cif,68.29903,-80.60007
xtal_90.cif,./Al13Sc3N16/__initial__/168/xtal_90.cif,80.69169,-32.27161
xtal_95.cif,./Al13Sc3N16/168/xtal_95.cif,-3.8814092,-76.07493
xtal_99.cif,./Al13Sc3N16/__initial__/168/xtal_99.cif,76.581604,38.877556
xtal_11.cif,./Al13Sc3N16/__initial__/173/xtal_11.cif,-50.144238,50.944283
xtal_13.cif,./Al13Sc3N16/__initial__/173/xtal_13.cif,85.79397,15.211802
xtal_14.cif,./Al13Sc3N16/__initial__/173/xtal_14.cif,-31.374544,-41.521553
xtal_16.cif,./Al13Sc3N16/__initial__/173/xtal_16.cif,-50.002995,-62.307144
xtal_17.cif,./Al13Sc3N16/__initial__/173/xtal_17.cif,60.85104,-70.71986
xtal_18.cif,./Al13Sc3N16/__initial__/173/xtal_18.cif,-17.158432,-51.955536
xtal_19.cif,./Al13Sc3N16/__initial__/173/xtal_19.cif,61.78138,-74.39823
xtal_21.cif,./Al13Sc3N16/__initial__/173/xtal_21.cif,70.32347,-81.51476
xtal_22.cif,./Al13Sc3N16/__initial__/173/xtal_22.cif,-31.767511,-56.426853
xtal_26.cif,./Al13Sc3N16/__initial__/173/xtal_26.cif,66.95905,-20.664959
xtal_27.cif,./Al13Sc3N16/__initial__/173/xtal_27.cif,78.76834,-28.42404
xtal_28.cif,./Al13Sc3N16/__initial__/173/xtal_28.cif,105.76676,-2.8637085
xtal_3.cif,./Al13Sc3N16/__initial__/173/xtal_3.cif,-0.17716731,-43.385303
xtal_31.cif,./Al13Sc3N16/__initial__/173/xtal_31.cif,62.400158,15.155404
xtal_33.cif,./Al13Sc3N16/173/xtal_33.cif,27.969553,10.896377
xtal_35.cif,./Al13Sc3N16/__initial__/173/xtal_35.cif,-13.647775,44.203434
xtal_36.cif,./Al13Sc3N16/__initial__/173/xtal_36.cif,-20.647423,-25.518293
xtal_42.cif,./Al13Sc3N16/__initial__/173/xtal_42.cif,18.227083,-62.663757
xtal_43.cif,./Al13Sc3N16/__initial__/173/xtal_43.cif,-63.463543,-21.800522
xtal_45.cif,./Al13Sc3N16/__initial__/173/xtal_45.cif,-2.762983,-78.24606
xtal_49.cif,./Al13Sc3N16/__initial__/173/xtal_49.cif,48.817265,-49.556866
xtal_52.cif,./Al13Sc3N16/__initial__/173/xtal_52.cif,-29.565414,88.60601
xtal_53.cif,./Al13Sc3N16/__initial__/173/xtal_53.cif,99.026306,-22.698065
xtal_54.cif,./Al13Sc3N16/__initial__/173/xtal_54.cif,-74.05867,-37.38165
xtal_55.cif,./Al13Sc3N16/__initial__/173/xtal_55.cif,76.53846,-3.473198
xtal_56.cif,./Al13Sc3N16/__initial__/173/xtal_56.cif,75.04354,-56.168827
xtal_57.cif,./Al13Sc3N16/__initial__/173/xtal_57.cif,-80.0117,-30.608543
xtal_58.cif,./Al13Sc3N16/__initial__/173/xtal_58.cif,68.472275,15.198334
xtal_60.cif,./Al13Sc3N16/__initial__/173/xtal_60.cif,86.87872,-59.10586
xtal_62.cif,./Al13Sc3N16/__initial__/173/xtal_62.cif,1.4591744,-76.65395
xtal_63.cif,./Al13Sc3N16/__initial__/173/xtal_63.cif,66.1235,-66.77707
xtal_65.cif,./Al13Sc3N16/__initial__/173/xtal_65.cif,-12.430301,-27.9109
xtal_67.cif,./Al13Sc3N16/__initial__/173/xtal_67.cif,77.31164,-29.094507
xtal_69.cif,./Al13Sc3N16/__initial__/173/xtal_69.cif,37.55951,-76.31429
xtal_71.cif,./Al13Sc3N16/__initial__/173/xtal_71.cif,-19.713062,-44.991066
xtal_72.cif,./Al13Sc3N16/__initial__/173/xtal_72.cif,42.027214,-92.31288
xtal_74.cif,./Al13Sc3N16/__initial__/173/xtal_74.cif,78.90955,-27.694624
xtal_78.cif,./Al13Sc3N16/__initial__/173/xtal_78.cif,71.63287,-18.72373
xtal_79.cif,./Al13Sc3N16/__initial__/173/xtal_79.cif,83.676796,50.807148
xtal_8.cif,./Al13Sc3N16/__initial__/173/xtal_8.cif,77.889534,-33.533527
xtal_80.cif,./Al13Sc3N16/__initial__/173/xtal_80.cif,-84.481705,-41.599438
xtal_82.cif,./Al13Sc3N16/__initial__/173/xtal_82.cif,30.307549,-79.26842
xtal_83.cif,./Al13Sc3N16/__initial__/173/xtal_83.cif,85.65466,-7.9918094
xtal_84.cif,./Al13Sc3N16/__initial__/173/xtal_84.cif,49.631416,-8.238344
xtal_86.cif,./Al13Sc3N16/__initial__/173/xtal_86.cif,-24.820477,-20.158627
xtal_87.cif,./Al13Sc3N16/__initial__/173/xtal_87.cif,77.184204,-44.71548
xtal_9.cif,./Al13Sc3N16/__initial__/173/xtal_9.cif,86.58886,-37.655148
xtal_91.cif,./Al13Sc3N16/__initial__/173/xtal_91.cif,16.115164,-9.124563
xtal_93.cif,./Al13Sc3N16/173/xtal_93.cif,-9.859472,-54.348667
xtal_99.cif,./Al13Sc3N16/__initial__/173/xtal_99.cif,77.372345,-60.1752
xtal_1.cif,./Al13Sc3N16/__initial__/174/xtal_1.cif,-72.8432,57.586308
xtal_100.cif,./Al13Sc3N16/__initial__/174/xtal_100.cif,44.507435,-52.291782
xtal_12.cif,./Al13Sc3N16/__initial__/174/xtal_12.cif,17.794127,-89.59701
xtal_14.cif,./Al13Sc3N16/__initial__/174/xtal_14.cif,40.6809,56.17543
xtal_15.cif,./Al13Sc3N16/__initial__/174/xtal_15.cif,37.706562,61.60298
xtal_19.cif,./Al13Sc3N16/__initial__/174/xtal_19.cif,35.735325,16.511446
xtal_20.cif,./Al13Sc3N16/__initial__/174/xtal_20.cif,-9.8384075,-80.61859
xtal_21.cif,./Al13Sc3N16/__initial__/174/xtal_21.cif,17.238136,-86.23756
xtal_22.cif,./Al13Sc3N16/__initial__/174/xtal_22.cif,-61.364662,-22.478579
xtal_23.cif,./Al13Sc3N16/__initial__/174/xtal_23.cif,-95.208855,-17.15534
xtal_24.cif,./Al13Sc3N16/__initial__/174/xtal_24.cif,22.50932,-49.190067
xtal_27.cif,./Al13Sc3N16/__initial__/174/xtal_27.cif,37.822834,-29.99928
xtal_28.cif,./Al13Sc3N16/__initial__/174/xtal_28.cif,41.1716,-87.91996
xtal_29.cif,./Al13Sc3N16/__initial__/174/xtal_29.cif,51.16226,-39.880074
xtal_32.cif,./Al13Sc3N16/__initial__/174/xtal_32.cif,-92.96301,-32.86749
xtal_34.cif,./Al13Sc3N16/__initial__/174/xtal_34.cif,41.854904,-90.609955
xtal_35.cif,./Al13Sc3N16/__initial__/174/xtal_35.cif,43.72182,28.619896
xtal_37.cif,./Al13Sc3N16/__initial__/174/xtal_37.cif,52.636063,42.552826
xtal_38.cif,./Al13Sc3N16/__initial__/174/xtal_38.cif,48.32797,-55.250668
xtal_41.cif,./Al13Sc3N16/__initial__/174/xtal_41.cif,57.511677,-72.04789
xtal_42.cif,./Al13Sc3N16/__initial__/174/xtal_42.cif,37.272175,-70.71043
xtal_44.cif,./Al13Sc3N16/__initial__/174/xtal_44.cif,28.262152,24.341475
xtal_45.cif,./Al13Sc3N16/__initial__/174/xtal_45.cif,-10.9036455,-25.977598
xtal_46.cif,./Al13Sc3N16/174/xtal_46.cif,22.640715,-57.31044
xtal_48.cif,./Al13Sc3N16/__initial__/174/xtal_48.cif,-105.76293,6.9992194
xtal_49.cif,./Al13Sc3N16/__initial__/174/xtal_49.cif,-60.638233,26.139313
xtal_5.cif,./Al13Sc3N16/__initial__/174/xtal_5.cif,-79.0495,16.130554
xtal_53.cif,./Al13Sc3N16/__initial__/174/xtal_53.cif,-11.065209,14.395238
xtal_55.cif,./Al13Sc3N16/__initial__/174/xtal_55.cif,65.76443,-78.99987
xtal_56.cif,./Al13Sc3N16/__initial__/174/xtal_56.cif,12.60305,-0.4777246
xtal_57.cif,./Al13Sc3N16/__initial__/174/xtal_57.cif,53.703785,62.280937
xtal_6.cif,./Al13Sc3N16/__initial__/174/xtal_6.cif,103.536964,6.351132
xtal_60.cif,./Al13Sc3N16/__initial__/174/xtal_60.cif,29.723913,-82.89531
xtal_63.cif,./Al13Sc3N16/__initial__/174/xtal_63.cif,-78.21198,47.598396
xtal_65.cif,./Al13Sc3N16/__initial__/174/xtal_65.cif,98.69946,8.808046
xtal_66.cif,./Al13Sc3N16/174/xtal_66.cif,73.61032,-4.6809077
xtal_68.cif,./Al13Sc3N16/__initial__/174/xtal_68.cif,71.785835,11.853883
xtal_7.cif,./Al13Sc3N16/__initial__/174/xtal_7.cif,67.65279,-80.60818
xtal_71.cif,./Al13Sc3N16/__initial__/174/xtal_71.cif,33.700275,-75.21057
xtal_76.cif,./Al13Sc3N16/__initial__/174/xtal_76.cif,27.13564,-86.71377
xtal_77.cif,./Al13Sc3N16/__initial__/174/xtal_77.cif,56.542133,-91.21962
xtal_8.cif,./Al13Sc3N16/__initial__/174/xtal_8.cif,83.68945,16.565014
xtal_80.cif,./Al13Sc3N16/__initial__/174/xtal_80.cif,27.392996,-80.85359
xtal_87.cif,./Al13Sc3N16/__initial__/174/xtal_87.cif,104.4106,-2.1845007
xtal_88.cif,./Al13Sc3N16/__initial__/174/xtal_88.cif,-92.68019,-38.290703
xtal_90.cif,./Al13Sc3N16/__initial__/174/xtal_90.cif,-67.28919,-26.001764
xtal_92.cif,./Al13Sc3N16/__initial__/174/xtal_92.cif,17.954151,-76.60526
xtal_96.cif,./Al13Sc3N16/__initial__/174/xtal_96.cif,-32.27276,-26.048248
xtal_97.cif,./Al13Sc3N16/__initial__/174/xtal_97.cif,-93.23403,-41.685802
xtal_99.cif,./Al13Sc3N16/__initial__/174/xtal_99.cif,42.354225,-42.70411
xtal_10.cif,./Al13Sc3N16/__initial__/175/xtal_10.cif,-19.18461,-65.75442
xtal_11.cif,./Al13Sc3N16/__initial__/175/xtal_11.cif,-28.078693,-23.685444
xtal_12.cif,./Al13Sc3N16/__initial__/175/xtal_12.cif,-17.896528,-36.73959
xtal_15.cif,./Al13Sc3N16/__initial__/175/xtal_15.cif,6.732118,-10.782881
xtal_16.cif,./Al13Sc3N16/__initial__/175/xtal_16.cif,35.57641,67.12098
xtal_17.cif,./Al13Sc3N16/__initial__/175/xtal_17.cif,-82.07483,53.68827
xtal_18.cif,./Al13Sc3N16/__initial__/175/xtal_18.cif,-25.818346,-1.3834581
xtal_2.cif,./Al13Sc3N16/__initial__/175/xtal_2.cif,-15.62991,-63.840534
xtal_21.cif,./Al13Sc3N16/__initial__/175/xtal_21.cif,9.748719,33.3571
xtal_22.cif,./Al13Sc3N16/__initial__/175/xtal_22.cif,-9.720625,24.482616
xtal_24.cif,./Al13Sc3N16/__initial__/175/xtal_24.cif,-69.8195,-43.607647
xtal_25.cif,./Al13Sc3N16/__initial__/175/xtal_25.cif,-8.084785,73.83807
xtal_28.cif,./Al13Sc3N16/__initial__/175/xtal_28.cif,1.0240571,-29.132454
xtal_3.cif,./Al13Sc3N16/__initial__/175/xtal_3.cif,51.314312,48.650524
xtal_30.cif,./Al13Sc3N16/__initial__/175/xtal_30.cif,-65.343506,38.054333
xtal_31.cif,./Al13Sc3N16/175/xtal_31.cif,14.497278,-29.765244
xtal_33.cif,./Al13Sc3N16/__initial__/175/xtal_33.cif,15.497596,10.509867
xtal_35.cif,./Al13Sc3N16/__initial__/175/xtal_35.cif,31.912487,73.436264
xtal_37.cif,./Al13Sc3N16/__initial__/175/xtal_37.cif,71.20979,63.0686
xtal_39.cif,./Al13Sc3N16/__initial__/175/xtal_39.cif,-80.35307,62.389095
xtal_40.cif,./Al13Sc3N16/__initial__/175/xtal_40.cif,-69.78765,-37.910576
xtal_41.cif,./Al13Sc3N16/__initial__/175/xtal_41.cif,-2.148215,12.382706
xtal_42.cif,./Al13Sc3N16/__initial__/175/xtal_42.cif,-70.619736,1.2810248
xtal_43.cif,./Al13Sc3N16/__initial__/175/xtal_43.cif,-93.1537,-49.25551
xtal_47.cif,./Al13Sc3N16/__initial__/175/xtal_47.cif,27.9723,8.30518
xtal_49.cif,./Al13Sc3N16/__initial__/175/xtal_49.cif,-73.03396,35.86224
xtal_51.cif,./Al13Sc3N16/__initial__/175/xtal_51.cif,33.88713,17.934162
xtal_52.cif,./Al13Sc3N16/__initial__/175/xtal_52.cif,-58.82129,-3.7357807
xtal_53.cif,./Al13Sc3N16/__initial__/175/xtal_53.cif,52.63716,34.740562
xtal_55.cif,./Al13Sc3N16/175/xtal_55.cif,-105.95973,-19.20374
xtal_58.cif,./Al13Sc3N16/__initial__/175/xtal_58.cif,-47.346485,86.233185
xtal_60.cif,./Al13Sc3N16/__initial__/175/xtal_60.cif,-70.424324,16.012886
xtal_61.cif,./Al13Sc3N16/__initial__/175/xtal_61.cif,9.99085,51.18065
xtal_62.cif,./Al13Sc3N16/__initial__/175/xtal_62.cif,-24.810057,6.67191
xtal_63.cif,./Al13Sc3N16/__initial__/175/xtal_63.cif,-7.3855305,-32.737835
xtal_66.cif,./Al13Sc3N16/__initial__/175/xtal_66.cif,-2.0239327,51.254593
xtal_67.cif,./Al13Sc3N16/__initial__/175/xtal_67.cif,1.8555303,44.68031
xtal_68.cif,./Al13Sc3N16/__initial__/175/xtal_68.cif,-69.72262,52.49951
xtal_69.cif,./Al13Sc3N16/__initial__/175/xtal_69.cif,-93.42572,-8.628069
xtal_78.cif,./Al13Sc3N16/__initial__/175/xtal_78.cif,-85.08248,-29.103792
xtal_81.cif,./Al13Sc3N16/__initial__/175/xtal_81.cif,-47.40545,62.988377
xtal_82.cif,./Al13Sc3N16/175/xtal_82.cif,29.183365,-35.63681
xtal_83.cif,./Al13Sc3N16/__initial__/175/xtal_83.cif,30.014162,-5.08138
xtal_87.cif,./Al13Sc3N16/__initial__/175/xtal_87.cif,-74.33522,21.95045
xtal_89.cif,./Al13Sc3N16/__initial__/175/xtal_89.cif,-34.70806,38.150837
xtal_9.cif,./Al13Sc3N16/__initial__/175/xtal_9.cif,-34.48647,89.30345
xtal_90.cif,./Al13Sc3N16/__initial__/175/xtal_90.cif,-78.37174,19.306837
xtal_91.cif,./Al13Sc3N16/__initial__/175/xtal_91.cif,-71.93462,23.496103
xtal_93.cif,./Al13Sc3N16/__initial__/175/xtal_93.cif,-10.626753,83.22013
xtal_97.cif,./Al13Sc3N16/__initial__/175/xtal_97.cif,-78.417534,53.995117
xtal_10.cif,./Al13Sc3N16/__initial__/176/xtal_10.cif,21.093689,8.969449
xtal_100.cif,./Al13Sc3N16/__initial__/176/xtal_100.cif,-85.51755,18.125235
xtal_13.cif,./Al13Sc3N16/__initial__/176/xtal_13.cif,-80.632706,39.415665
xtal_14.cif,./Al13Sc3N16/__initial__/176/xtal_14.cif,-46.479813,-14.855588
xtal_16.cif,./Al13Sc3N16/__initial__/176/xtal_16.cif,-50.4845,-8.077956
xtal_17.cif,./Al13Sc3N16/__initial__/176/xtal_17.cif,32.217022,7.9510846
xtal_19.cif,./Al13Sc3N16/__initial__/176/xtal_19.cif,8.018389,13.040011
xtal_20.cif,./Al13Sc3N16/__initial__/176/xtal_20.cif,-27.94188,6.865183
xtal_27.cif,./Al13Sc3N16/__initial__/176/xtal_27.cif,50.688053,59.904682
xtal_30.cif,./Al13Sc3N16/__initial__/176/xtal_30.cif,30.282051,19.438639
xtal_31.cif,./Al13Sc3N16/__initial__/176/xtal_31.cif,-47.12327,-68.74003
xtal_32.cif,./Al13Sc3N16/__initial__/176/xtal_32.cif,-6.393237,50.77945
xtal_33.cif,./Al13Sc3N16/__initial__/176/xtal_33.cif,-29.202105,26.189484
xtal_34.cif,./Al13Sc3N16/__initial__/176/xtal_34.cif,7.1841407,-4.5309067
xtal_35.cif,./Al13Sc3N16/__initial__/176/xtal_35.cif,41.86492,82.88466
xtal_36.cif,./Al13Sc3N16/__initial__/176/xtal_36.cif,45.44089,28.862953
xtal_4.cif,./Al13Sc3N16/__initial__/176/xtal_4.cif,-51.641914,37.44138
xtal_40.cif,./Al13Sc3N16/__initial__/176/xtal_40.cif,15.817532,-11.364981
xtal_41.cif,./Al13Sc3N16/__initial__/176/xtal_41.cif,32.982224,68.7005
xtal_42.cif,./Al13Sc3N16/__initial__/176/xtal_42.cif,37.544987,23.181515
xtal_43.cif,./Al13Sc3N16/__initial__/176/xtal_43.cif,-83.48665,13.600183
xtal_45.cif,./Al13Sc3N16/__initial__/176/xtal_45.cif,10.108596,0.25143945
xtal_46.cif,./Al13Sc3N16/__initial__/176/xtal_46.cif,-67.130356,-38.101677
xtal_48.cif,./Al13Sc3N16/__initial__/176/xtal_48.cif,-21.47894,-20.547981
xtal_5.cif,./Al13Sc3N16/__initial__/176/xtal_5.cif,12.575326,50.083225
xtal_50.cif,./Al13Sc3N16/__initial__/176/xtal_50.cif,-10.849608,44.99496
xtal_56.cif,./Al13Sc3N16/__initial__/176/xtal_56.cif,-23.73394,69.51437
xtal_57.cif,./Al13Sc3N16/__initial__/176/xtal_57.cif,23.979448,7.0668845
xtal_6.cif,./Al13Sc3N16/__initial__/176/xtal_6.cif,31.77463,16.582535
xtal_65.cif,./Al13Sc3N16/__initial__/176/xtal_65.cif,-28.438738,-51.975723
xtal_66.cif,./Al13Sc3N16/__initial__/176/xtal_66.cif,-4.3193803,-32.48446
xtal_67.cif,./Al13Sc3N16/__initial__/176/xtal_67.cif,-100.27215,1.5587485
xtal_68.cif,./Al13Sc3N16/__initial__/176/xtal_68.cif,-8.48042,-23.436079
xtal_69.cif,./Al13Sc3N16/__initial__/176/xtal_69.cif,-8.906458,12.822499
xtal_7.cif,./Al13Sc3N16/__initial__/176/xtal_7.cif,6.9033093,5.232601
xtal_70.cif,./Al13Sc3N16/__initial__/176/xtal_70.cif,-15.352916,78.71101
xtal_72.cif,./Al13Sc3N16/__initial__/176/xtal_72.cif,-53.285496,-41.17025
xtal_74.cif,./Al13Sc3N16/__initial__/176/xtal_74.cif,-84.98226,17.05962
xtal_75.cif,./Al13Sc3N16/__initial__/176/xtal_75.cif,-55.67787,48.12192
xtal_77.cif,./Al13Sc3N16/__initial__/176/xtal_77.cif,49.98199,35.878178
xtal_78.cif,./Al13Sc3N16/__initial__/176/xtal_78.cif,49.975765,73.02037
xtal_79.cif,./Al13Sc3N16/__initial__/176/xtal_79.cif,-71.7453,-29.617424
xtal_81.cif,./Al13Sc3N16/__initial__/176/xtal_81.cif,-78.844955,26.81273
xtal_83.cif,./Al13Sc3N16/__initial__/176/xtal_83.cif,-77.257034,12.106432
xtal_84.cif,./Al13Sc3N16/__initial__/176/xtal_84.cif,29.713028,84.47463
xtal_89.cif,./Al13Sc3N16/__initial__/176/xtal_89.cif,-54.264862,19.259136
xtal_91.cif,./Al13Sc3N16/__initial__/176/xtal_91.cif,-14.809445,-65.601074
xtal_94.cif,./Al13Sc3N16/__initial__/176/xtal_94.cif,47.412685,60.77355
xtal_95.cif,./Al13Sc3N16/__initial__/176/xtal_95.cif,-82.9019,31.345179
xtal_96.cif,./Al13Sc3N16/__initial__/176/xtal_96.cif,-43.74398,50.063736
xtal_15.cif,./Al13Sc3N16/__initial__/177/xtal_15.cif,-26.397762,91.9406
xtal_18.cif,./Al13Sc3N16/__initial__/177/xtal_18.cif,-61.644547,-33.492455
xtal_23.cif,./Al13Sc3N16/__initial__/177/xtal_23.cif,-83.60424,41.62999
xtal_24.cif,./Al13Sc3N16/__initial__/177/xtal_24.cif,-63.833652,41.287994
xtal_25.cif,./Al13Sc3N16/__initial__/177/xtal_25.cif,-73.69215,3.717773
xtal_29.cif,./Al13Sc3N16/__initial__/177/xtal_29.cif,11.54699,62.18816
xtal_3.cif,./Al13Sc3N16/__initial__/177/xtal_3.cif,-82.25339,51.585686
xtal_30.cif,./Al13Sc3N16/__initial__/177/xtal_30.cif,-78.18434,4.184
xtal_32.cif,./Al13Sc3N16/__initial__/177/xtal_32.cif,-80.28182,23.830482
xtal_33.cif,./Al13Sc3N16/__initial__/177/xtal_33.cif,-82.03024,37.836365
xtal_34.cif,./Al13Sc3N16/__initial__/177/xtal_34.cif,-43.69087,70.743515
xtal_35.cif,./Al13Sc3N16/__initial__/177/xtal_35.cif,-70.761826,17.616632
xtal_36.cif,./Al13Sc3N16/__initial__/177/xtal_36.cif,-95.06724,-26.044874
xtal_4.cif,./Al13Sc3N16/__initial__/177/xtal_4.cif,-54.797867,30.167934
xtal_41.cif,./Al13Sc3N16/__initial__/177/xtal_41.cif,24.818943,6.562009
xtal_45.cif,./Al13Sc3N16/__initial__/177/xtal_45.cif,-89.57987,36.150337
xtal_48.cif,./Al13Sc3N16/177/xtal_48.cif,4.7338843,68.16355
xtal_5.cif,./Al13Sc3N16/__initial__/177/xtal_5.cif,9.636806,18.176235
xtal_50.cif,./Al13Sc3N16/__initial__/177/xtal_50.cif,36.34924,63.145645
xtal_51.cif,./Al13Sc3N16/__initial__/177/xtal_51.cif,-44.627228,-63.40456
xtal_53.cif,./Al13Sc3N16/__initial__/177/xtal_53.cif,32.61608,69.1321
xtal_55.cif,./Al13Sc3N16/__initial__/177/xtal_55.cif,-92.86772,-29.487238
xtal_56.cif,./Al13Sc3N16/__initial__/177/xtal_56.cif,-56.529297,11.528905
xtal_59.cif,./Al13Sc3N16/177/xtal_59.cif,56.00534,-27.62333
xtal_61.cif,./Al13Sc3N16/__initial__/177/xtal_61.cif,-84.18486,59.263287
xtal_62.cif,./Al13Sc3N16/__initial__/177/xtal_62.cif,15.188856,-7.0812736
xtal_65.cif,./Al13Sc3N16/__initial__/177/xtal_65.cif,-77.63693,4.557764
xtal_66.cif,./Al13Sc3N16/__initial__/177/xtal_66.cif,-15.6017885,2.136288
xtal_67.cif,./Al13Sc3N16/__initial__/177/xtal_67.cif,-1.246603,41.649433
xtal_68.cif,./Al13Sc3N16/__initial__/177/xtal_68.cif,-80.72086,55.74364
xtal_71.cif,./Al13Sc3N16/__initial__/177/xtal_71.cif,-3.0269077,13.567845
xtal_73.cif,./Al13Sc3N16/__initial__/177/xtal_73.cif,-30.888195,38.892223
xtal_74.cif,./Al13Sc3N16/__initial__/177/xtal_74.cif,60.048492,58.788944
xtal_76.cif,./Al13Sc3N16/__initial__/177/xtal_76.cif,-62.90647,-32.60056
xtal_77.cif,./Al13Sc3N16/__initial__/177/xtal_77.cif,-73.83999,18.24764
xtal_78.cif,./Al13Sc3N16/__initial__/177/xtal_78.cif,-75.01242,12.363558
xtal_79.cif,./Al13Sc3N16/__initial__/177/xtal_79.cif,-83.77852,56.097202
xtal_80.cif,./Al13Sc3N16/__initial__/177/xtal_80.cif,-87.45389,38.47522
xtal_82.cif,./Al13Sc3N16/__initial__/177/xtal_82.cif,-44.19909,-63.757587
xtal_83.cif,./Al13Sc3N16/__initial__/177/xtal_83.cif,-80.73991,49.096584
xtal_85.cif,./Al13Sc3N16/__initial__/177/xtal_85.cif,-77.77529,26.108381
xtal_86.cif,./Al13Sc3N16/__initial__/177/xtal_86.cif,59.690372,43.79156
xtal_88.cif,./Al13Sc3N16/__initial__/177/xtal_88.cif,17.446213,88.22139
xtal_90.cif,./Al13Sc3N16/__initial__/177/xtal_90.cif,-86.33275,24.45484
xtal_91.cif,./Al13Sc3N16/__initial__/177/xtal_91.cif,-63.10062,6.531877
xtal_92.cif,./Al13Sc3N16/__initial__/177/xtal_92.cif,-39.76223,-34.96451
xtal_93.cif,./Al13Sc3N16/__initial__/177/xtal_93.cif,-67.52903,27.365875
xtal_96.cif,./Al13Sc3N16/__initial__/177/xtal_96.cif,-63.706787,47.998978
xtal_97.cif,./Al13Sc3N16/__initial__/177/xtal_97.cif,-21.634699,-17.125357
xtal_98.cif,./Al13Sc3N16/__initial__/177/xtal_98.cif,-40.1159,25.974865
xtal_1.cif,./Al13Sc3N16/__initial__/182/xtal_1.cif,-52.596043,-50.067924
xtal_100.cif,./Al13Sc3N16/__initial__/182/xtal_100.cif,-81.02767,1.3395891
xtal_18.cif,./Al13Sc3N16/__initial__/182/xtal_18.cif,-68.4335,-39.743546
xtal_2.cif,./Al13Sc3N16/__initial__/182/xtal_2.cif,61.466503,76.891624
xtal_21.cif,./Al13Sc3N16/__initial__/182/xtal_21.cif,-71.31731,46.722866
xtal_25.cif,./Al13Sc3N16/__initial__/182/xtal_25.cif,-27.020565,-5.9492397
xtal_27.cif,./Al13Sc3N16/__initial__/182/xtal_27.cif,54.260895,55.33228
xtal_30.cif,./Al13Sc3N16/__initial__/182/xtal_30.cif,13.162697,-17.726177
xtal_31.cif,./Al13Sc3N16/__initial__/182/xtal_31.cif,-74.11577,18.297838
xtal_32.cif,./Al13Sc3N16/__initial__/182/xtal_32.cif,-79.51038,66.50604
xtal_33.cif,./Al13Sc3N16/__initial__/182/xtal_33.cif,-22.931396,-41.95675
xtal_35.cif,./Al13Sc3N16/__initial__/182/xtal_35.cif,-7.7281947,46.103104
xtal_37.cif,./Al13Sc3N16/__initial__/182/xtal_37.cif,16.211306,6.585972
xtal_38.cif,./Al13Sc3N16/__initial__/182/xtal_38.cif,4.9727807,29.048204
xtal_4.cif,./Al13Sc3N16/__initial__/182/xtal_4.cif,-87.0769,-14.785788
xtal_40.cif,./Al13Sc3N16/__initial__/182/xtal_40.cif,37.695744,87.15167
xtal_42.cif,./Al13Sc3N16/__initial__/182/xtal_42.cif,-6.357225,-9.694961
xtal_43.cif,./Al13Sc3N16/__initial__/182/xtal_43.cif,-85.25669,-39.177864
xtal_46.cif,./Al13Sc3N16/__initial__/182/xtal_46.cif,-52.67093,-38.168167
xtal_49.cif,./Al13Sc3N16/__initial__/182/xtal_49.cif,-62.444862,-8.359313
xtal_5.cif,./Al13Sc3N16/__initial__/182/xtal_5.cif,-8.456694,35.754086
xtal_50.cif,./Al13Sc3N16/__initial__/182/xtal_50.cif,-2.2115312,-7.174616
xtal_51.cif,./Al13Sc3N16/__initial__/182/xtal_51.cif,-76.88564,-45.07716
xtal_52.cif,./Al13Sc3N16/__initial__/182/xtal_52.cif,24.061274,58.969635
xtal_54.cif,./Al13Sc3N16/__initial__/182/xtal_54.cif,23.994621,69.75127
xtal_55.cif,./Al13Sc3N16/182/xtal_55.cif,-88.54927,-50.853485
xtal_56.cif,./Al13Sc3N16/__initial__/182/xtal_56.cif,0.5257257,15.5143
xtal_57.cif,./Al13Sc3N16/__initial__/182/xtal_57.cif,-26.159698,10.083023
xtal_58.cif,./Al13Sc3N16/__initial__/182/xtal_58.cif,-76.66934,-33.084614
xtal_59.cif,./Al13Sc3N16/__initial__/182/xtal_59.cif,-31.200127,-58.793724
xtal_62.cif,./Al13Sc3N16/__initial__/182/xtal_62.cif,69.93814,69.590996
xtal_65.cif,./Al13Sc3N16/__initial__/182/xtal_65.cif,11.3312435,-13.930582
xtal_69.cif,./Al13Sc3N16/__initial__/182/xtal_69.cif,43.206444,33.284977
xtal_71.cif,./Al13Sc3N16/__initial__/182/xtal_71.cif,-47.841656,-67.1373
xtal_72.cif,./Al13Sc3N16/__initial__/182/xtal_72.cif,27.786182,86.955765
xtal_75.cif,./Al13Sc3N16/__initial__/182/xtal_75.cif,39.30382,12.4634
xtal_76.cif,./Al13Sc3N16/__initial__/182/xtal_76.cif,-19.952042,-37.41436
xtal_78.cif,./Al13Sc3N16/__initial__/182/xtal_78.cif,-28.612844,11.334908
xtal_80.cif,./Al13Sc3N16/__initial__/182/xtal_80.cif,-77.899185,22.523422
xtal_81.cif,./Al13Sc3N16/__initial__/182/xtal_81.cif,-31.246874,11.837707
xtal_83.cif,./Al13Sc3N16/__initial__/182/xtal_83.cif,29.012201,49.609524
xtal_85.cif,./Al13Sc3N16/__initial__/182/xtal_85.cif,-1.9253383,22.416145
xtal_86.cif,./Al13Sc3N16/__initial__/182/xtal_86.cif,1.7530096,0.9042233
xtal_87.cif,./Al13Sc3N16/__initial__/182/xtal_87.cif,54.197014,43.649868
xtal_88.cif,./Al13Sc3N16/__initial__/182/xtal_88.cif,9.814326,-14.516634
xtal_9.cif,./Al13Sc3N16/__initial__/182/xtal_9.cif,44.564762,25.107843
xtal_90.cif,./Al13Sc3N16/__initial__/182/xtal_90.cif,9.906765,44.907898
xtal_91.cif,./Al13Sc3N16/__initial__/182/xtal_91.cif,-86.83524,25.81916
xtal_95.cif,./Al13Sc3N16/__initial__/182/xtal_95.cif,31.993599,86.1114
xtal_98.cif,./Al13Sc3N16/__initial__/182/xtal_98.cif,53.22868,38.50557
xtal_1.cif,./Al13Sc3N16/__initial__/183/xtal_1.cif,84.54352,-45.928307
xtal_10.cif,./Al13Sc3N16/__initial__/183/xtal_10.cif,-63.543087,-66.47734
xtal_100.cif,./Al13Sc3N16/__initial__/183/xtal_100.cif,87.7556,-32.668213
xtal_12.cif,./Al13Sc3N16/__initial__/183/xtal_12.cif,83.480835,-57.25458
xtal_13.cif,./Al13Sc3N16/__initial__/183/xtal_13.cif,94.7605,-51.142166
xtal_14.cif,./Al13Sc3N16/__initial__/183/xtal_14.cif,42.66048,-71.87316
xtal_15.cif,./Al13Sc3N16/__initial__/183/xtal_15.cif,69.94097,-89.021416
xtal_17.cif,./Al13Sc3N16/__initial__/183/xtal_17.cif,89.46105,-45.39353
xtal_19.cif,./Al13Sc3N16/__initial__/183/xtal_19.cif,32.933754,-90.135414
xtal_2.cif,./Al13Sc3N16/__initial__/183/xtal_2.cif,-75.485275,26.342888
xtal_27.cif,./Al13Sc3N16/183/xtal_27.cif,4.8913774,-7.896566
xtal_29.cif,./Al13Sc3N16/__initial__/183/xtal_29.cif,-18.608427,-17.012093
xtal_3.cif,./Al13Sc3N16/__initial__/183/xtal_3.cif,-67.76299,58.26286
xtal_30.cif,./Al13Sc3N16/__initial__/183/xtal_30.cif,56.80777,-43.696503
xtal_31.cif,./Al13Sc3N16/__initial__/183/xtal_31.cif,-74.440094,24.10268
xtal_33.cif,./Al13Sc3N16/__initial__/183/xtal_33.cif,92.00417,-52.859
xtal_36.cif,./Al13Sc3N16/__initial__/183/xtal_36.cif,-54.46453,19.393888
xtal_39.cif,./Al13Sc3N16/__initial__/183/xtal_39.cif,41.374054,-13.812643
xtal_4.cif,./Al13Sc3N16/__initial__/183/xtal_4.cif,82.364265,-66.37968
xtal_43.cif,./Al13Sc3N16/__initial__/183/xtal_43.cif,-56.14781,-8.998363
xtal_46.cif,./Al13Sc3N16/__initial__/183/xtal_46.cif,44.930767,-82.36764
xtal_49.cif,./Al13Sc3N16/183/xtal_49.cif,-75.998955,-68.80389
xtal_5.cif,./Al13Sc3N16/183/xtal_5.cif,79.122025,-1.1958642
xtal_53.cif,./Al13Sc3N16/__initial__/183/xtal_53.cif,-71.35056,-54.17754
xtal_54.cif,./Al13Sc3N16/__initial__/183/xtal_54.cif,79.32292,-70.06125
xtal_57.cif,./Al13Sc3N16/__initial__/183/xtal_57.cif,88.978874,-24.626606
xtal_59.cif,./Al13Sc3N16/__initial__/183/xtal_59.cif,53.59993,-92.79375
xtal_6.cif,./Al13Sc3N16/__initial__/183/xtal_6.cif,79.55598,-51.567024
xtal_60.cif,./Al13Sc3N16/__initial__/183/xtal_60.cif,56.351414,-59.063137
xtal_62.cif,./Al13Sc3N16/__initial__/183/xtal_62.cif,81.43736,-37.935726
xtal_64.cif,./Al13Sc3N16/__initial__/183/xtal_64.cif,89.66448,-43.33858
xtal_65.cif,./Al13Sc3N16/__initial__/183/xtal_65.cif,69.973175,-75.064606
xtal_68.cif,./Al13Sc3N16/183/xtal_68.cif,-8.525476,-73.294975
xtal_70.cif,./Al13Sc3N16/__initial__/183/xtal_70.cif,-31.754938,-16.830591
xtal_72.cif,./Al13Sc3N16/183/xtal_72.cif,-4.8738756,-72.273994
xtal_73.cif,./Al13Sc3N16/__initial__/183/xtal_73.cif,71.1675,-21.72587
xtal_74.cif,./Al13Sc3N16/__initial__/183/xtal_74.cif,91.69238,34.80844
xtal_75.cif,./Al13Sc3N16/__initial__/183/xtal_75.cif,-91.20678,-10.085161
xtal_78.cif,./Al13Sc3N16/__initial__/183/xtal_78.cif,-68.110695,-47.30475
xtal_81.cif,./Al13Sc3N16/__initial__/183/xtal_81.cif,20.678896,-75.49692
xtal_83.cif,./Al13Sc3N16/__initial__/183/xtal_83.cif,-2.909811,18.775928
xtal_85.cif,./Al13Sc3N16/__initial__/183/xtal_85.cif,-36.182266,-5.4774528
xtal_86.cif,./Al13Sc3N16/__initial__/183/xtal_86.cif,91.31442,-57.26147
xtal_88.cif,./Al13Sc3N16/__initial__/183/xtal_88.cif,71.25067,-83.6166
xtal_9.cif,./Al13Sc3N16/__initial__/183/xtal_9.cif,66.95762,-85.104774
xtal_90.cif,./Al13Sc3N16/__initial__/183/xtal_90.cif,38.089886,-72.96138
xtal_92.cif,./Al13Sc3N16/__initial__/183/xtal_92.cif,-56.503395,50.41969
xtal_93.cif,./Al13Sc3N16/183/xtal_93.cif,-3.6117887,-45.451855
xtal_97.cif,./Al13Sc3N16/__initial__/183/xtal_97.cif,38.96779,-96.226654
xtal_98.cif,./Al13Sc3N16/__initial__/183/xtal_98.cif,28.758568,-69.140686
xtal_1.cif,./Al13Sc3N16/__initial__/184/xtal_1.cif,91.29184,-13.576314
xtal_10.cif,./Al13Sc3N16/__initial__/184/xtal_10.cif,-101.40972,-5.8524685
xtal_11.cif,./Al13Sc3N16/__initial__/184/xtal_11.cif,40.465332,-75.40375
xtal_12.cif,./Al13Sc3N16/__initial__/184/xtal_12.cif,73.53613,-48.724777
xtal_13.cif,./Al13Sc3N16/__initial__/184/xtal_13.cif,59.638756,60.794983
xtal_14.cif,./Al13Sc3N16/__initial__/184/xtal_14.cif,-52.01922,66.54322
xtal_16.cif,./Al13Sc3N16/__initial__/184/xtal_16.cif,-2.519111,-22.620993
xtal_17.cif,./Al13Sc3N16/__initial__/184/xtal_17.cif,90.8075,-45.719673
xtal_2.cif,./Al13Sc3N16/__initial__/184/xtal_2.cif,-12.696886,83.28478
xtal_20.cif,./Al13Sc3N16/__initial__/184/xtal_20.cif,27.492151,-55.316593
xtal_21.cif,./Al13Sc3N16/__initial__/184/xtal_21.cif,-9.830004,77.49826
xtal_24.cif,./Al13Sc3N16/__initial__/184/xtal_24.cif,35.306618,-97.73222
xtal_25.cif,./Al13Sc3N16/__initial__/184/xtal_25.cif,38.749176,-81.67355
xtal_27.cif,./Al13Sc3N16/__initial__/184/xtal_27.cif,10.542871,-73.02855
xtal_29.cif,./Al13Sc3N16/__initial__/184/xtal_29.cif,81.272835,-67.455574
xtal_31.cif,./Al13Sc3N16/__initial__/184/xtal_31.cif,94.91974,-7.646187
xtal_33.cif,./Al13Sc3N16/__initial__/184/xtal_33.cif,3.0398748,33.271057
xtal_37.cif,./Al13Sc3N16/__initial__/184/xtal_37.cif,69.13656,-69.77216
xtal_4.cif,./Al13Sc3N16/__initial__/184/xtal_4.cif,83.60678,-58.390297
xtal_40.cif,./Al13Sc3N16/__initial__/184/xtal_40.cif,90.12563,-58.261482
xtal_41.cif,./Al13Sc3N16/__initial__/184/xtal_41.cif,41.125336,21.4874
xtal_42.cif,./Al13Sc3N16/__initial__/184/xtal_42.cif,16.018532,-92.31512
xtal_44.cif,./Al13Sc3N16/__initial__/184/xtal_44.cif,-3.4475284,51.09094
xtal_45.cif,./Al13Sc3N16/__initial__/184/xtal_45.cif,-59.167053,50.565475
xtal_48.cif,./Al13Sc3N16/__initial__/184/xtal_48.cif,-37.99643,-33.934624
xtal_49.cif,./Al13Sc3N16/__initial__/184/xtal_49.cif,96.40907,-34.90002
xtal_5.cif,./Al13Sc3N16/__initial__/184/xtal_5.cif,98.58189,-45.478546
xtal_50.cif,./Al13Sc3N16/__initial__/184/xtal_50.cif,-33.527966,-22.819887
xtal_51.cif,./Al13Sc3N16/__initial__/184/xtal_51.cif,33.037876,29.233044
xtal_55.cif,./Al13Sc3N16/__initial__/184/xtal_55.cif,86.55736,-57.196384
xtal_58.cif,./Al13Sc3N16/__initial__/184/xtal_58.cif,-43.223,-57.309784
xtal_60.cif,./Al13Sc3N16/__initial__/184/xtal_60.cif,3.4438934,-28.274847
xtal_61.cif,./Al13Sc3N16/__initial__/184/xtal_61.cif,-103.305016,2.3351116
xtal_63.cif,./Al13Sc3N16/__initial__/184/xtal_63.cif,-64.951195,30.121027
xtal_66.cif,./Al13Sc3N16/__initial__/184/xtal_66.cif,63.636555,-63.275894
xtal_68.cif,./Al13Sc3N16/__initial__/184/xtal_68.cif,19.398113,89.21291
xtal_7.cif,./Al13Sc3N16/__initial__/184/xtal_7.cif,89.08574,-48.487076
xtal_71.cif,./Al13Sc3N16/__initial__/184/xtal_71.cif,69.14337,-56.35895
xtal_74.cif,./Al13Sc3N16/__initial__/184/xtal_74.cif,19.636824,-88.36386
xtal_75.cif,./Al13Sc3N16/__initial__/184/xtal_75.cif,42.120106,-74.46249
xtal_76.cif,./Al13Sc3N16/__initial__/184/xtal_76.cif,-41.14863,61.681103
xtal_77.cif,./Al13Sc3N16/__initial__/184/xtal_77.cif,-23.102274,45.45807
xtal_79.cif,./Al13Sc3N16/__initial__/184/xtal_79.cif,35.728336,-90.4938
xtal_8.cif,./Al13Sc3N16/__initial__/184/xtal_8.cif,78.4525,-76.139694
xtal_81.cif,./Al13Sc3N16/__initial__/184/xtal_81.cif,35.340187,-95.42815
xtal_85.cif,./Al13Sc3N16/__initial__/184/xtal_85.cif,-69.38489,-13.7880945
xtal_86.cif,./Al13Sc3N16/__initial__/184/xtal_86.cif,80.54345,-51.201958
xtal_9.cif,./Al13Sc3N16/__initial__/184/xtal_9.cif,49.11832,-63.701954
xtal_92.cif,./Al13Sc3N16/__initial__/184/xtal_92.cif,61.434242,-85.36891
xtal_99.cif,./Al13Sc3N16/__initial__/184/xtal_99.cif,-44.734226,68.50088
xtal_10.cif,./Al13Sc3N16/__initial__/185/xtal_10.cif,-87.56342,22.469568
xtal_13.cif,./Al13Sc3N16/__initial__/185/xtal_13.cif,2.1622612,-25.718168
xtal_16.cif,./Al13Sc3N16/__initial__/185/xtal_16.cif,70.32427,-88.05546
xtal_17.cif,./Al13Sc3N16/__initial__/185/xtal_17.cif,47.13949,-58.713223
xtal_19.cif,./Al13Sc3N16/__initial__/185/xtal_19.cif,-42.88979,-46.54532
xtal_20.cif,./Al13Sc3N16/__initial__/185/xtal_20.cif,66.43067,-79.36573
xtal_21.cif,./Al13Sc3N16/__initial__/185/xtal_21.cif,-96.15456,-7.1324778
xtal_22.cif,./Al13Sc3N16/__initial__/185/xtal_22.cif,87.618126,-61.374393
xtal_24.cif,./Al13Sc3N16/__initial__/185/xtal_24.cif,37.67554,-35.309307
xtal_25.cif,./Al13Sc3N16/__initial__/185/xtal_25.cif,98.86131,-36.11324
xtal_28.cif,./Al13Sc3N16/__initial__/185/xtal_28.cif,95.37084,-39.13487
xtal_29.cif,./Al13Sc3N16/__initial__/185/xtal_29.cif,10.744246,16.982826
xtal_3.cif,./Al13Sc3N16/__initial__/185/xtal_3.cif,-52.11651,-47.50988
xtal_30.cif,./Al13Sc3N16/__initial__/185/xtal_30.cif,-51.89488,43.072178
xtal_31.cif,./Al13Sc3N16/__initial__/185/xtal_31.cif,-100.512245,-12.093085
xtal_32.cif,./Al13Sc3N16/__initial__/185/xtal_32.cif,-88.97281,31.011744
xtal_33.cif,./Al13Sc3N16/__initial__/185/xtal_33.cif,24.783356,-1.6489133
xtal_34.cif,./Al13Sc3N16/__initial__/185/xtal_34.cif,-44.48633,-37.529373
xtal_35.cif,./Al13Sc3N16/__initial__/185/xtal_35.cif,4.7255135,-21.202564
xtal_37.cif,./Al13Sc3N16/__initial__/185/xtal_37.cif,95.38239,-41.17262
xtal_4.cif,./Al13Sc3N16/__initial__/185/xtal_4.cif,-108.606285,-7.807084
xtal_42.cif,./Al13Sc3N16/__initial__/185/xtal_42.cif,67.992485,-56.17933
xtal_44.cif,./Al13Sc3N16/__initial__/185/xtal_44.cif,44.179638,-85.90675
xtal_45.cif,./Al13Sc3N16/__initial__/185/xtal_45.cif,-38.76684,-57.60468
xtal_46.cif,./Al13Sc3N16/__initial__/185/xtal_46.cif,29.380524,-91.81459
xtal_47.cif,./Al13Sc3N16/__initial__/185/xtal_47.cif,-70.98442,-42.669884
xtal_51.cif,./Al13Sc3N16/__initial__/185/xtal_51.cif,77.74423,-26.318241
xtal_53.cif,./Al13Sc3N16/__initial__/185/xtal_53.cif,81.84629,-57.63254
xtal_55.cif,./Al13Sc3N16/__initial__/185/xtal_55.cif,60.293613,-76.832
xtal_57.cif,./Al13Sc3N16/__initial__/185/xtal_57.cif,-5.6530747,18.693935
xtal_58.cif,./Al13Sc3N16/__initial__/185/xtal_58.cif,2.930753,62.39843
xtal_59.cif,./Al13Sc3N16/__initial__/185/xtal_59.cif,-56.25537,34.134697
xtal_6.cif,./Al13Sc3N16/__initial__/185/xtal_6.cif,80.07672,-11.820507
xtal_65.cif,./Al13Sc3N16/__initial__/185/xtal_65.cif,32.420273,-73.06437
xtal_66.cif,./Al13Sc3N16/__initial__/185/xtal_66.cif,21.412645,-8.690557
xtal_67.cif,./Al13Sc3N16/__initial__/185/xtal_67.cif,4.917017,-7.060067
xtal_68.cif,./Al13Sc3N16/__initial__/185/xtal_68.cif,45.147537,16.785583
xtal_73.cif,./Al13Sc3N16/__initial__/185/xtal_73.cif,-79.28765,-28.832695
xtal_76.cif,./Al13Sc3N16/__initial__/185/xtal_76.cif,97.608955,-40.68001
xtal_83.cif,./Al13Sc3N16/__initial__/185/xtal_83.cif,2.7228167,-74.59341
xtal_84.cif,./Al13Sc3N16/__initial__/185/xtal_84.cif,23.131985,52.203857
xtal_89.cif,./Al13Sc3N16/__initial__/185/xtal_89.cif,-0.3535654,37.088123
xtal_9.cif,./Al13Sc3N16/__initial__/185/xtal_9.cif,15.911038,42.42468
xtal_90.cif,./Al13Sc3N16/__initial__/185/xtal_90.cif,-64.33339,8.242843
xtal_91.cif,./Al13Sc3N16/__initial__/185/xtal_91.cif,45.29459,65.35497
xtal_93.cif,./Al13Sc3N16/__initial__/185/xtal_93.cif,-78.283226,12.307973
xtal_94.cif,./Al13Sc3N16/__initial__/185/xtal_94.cif,-71.26465,38.134487
xtal_95.cif,./Al13Sc3N16/__initial__/185/xtal_95.cif,90.46503,-24.919088
xtal_96.cif,./Al13Sc3N16/__initial__/185/xtal_96.cif,80.81837,-57.137646
xtal_97.cif,./Al13Sc3N16/__initial__/185/xtal_97.cif,-21.408562,-22.55311
xtal_100.cif,./Al13Sc3N16/__initial__/186/xtal_100.cif,-69.5931,-29.25802
xtal_12.cif,./Al13Sc3N16/__initial__/186/xtal_12.cif,38.636566,-80.10674
xtal_14.cif,./Al13Sc3N16/__initial__/186/xtal_14.cif,56.492477,-81.34845
xtal_16.cif,./Al13Sc3N16/__initial__/186/xtal_16.cif,25.60908,-51.69841
xtal_17.cif,./Al13Sc3N16/__initial__/186/xtal_17.cif,55.06484,-72.38548
xtal_18.cif,./Al13Sc3N16/__initial__/186/xtal_18.cif,10.172702,16.222103
xtal_20.cif,./Al13Sc3N16/__initial__/186/xtal_20.cif,44.1737,-55.929016
xtal_22.cif,./Al13Sc3N16/__initial__/186/xtal_22.cif,15.456405,13.40185
xtal_23.cif,./Al13Sc3N16/__initial__/186/xtal_23.cif,0.2914071,-82.90579
xtal_24.cif,./Al13Sc3N16/__initial__/186/xtal_24.cif,80.27399,-43.479507
xtal_26.cif,./Al13Sc3N16/__initial__/186/xtal_26.cif,-31.215094,-1.9422772
xtal_3.cif,./Al13Sc3N16/__initial__/186/xtal_3.cif,31.685139,53.26051
xtal_31.cif,./Al13Sc3N16/__initial__/186/xtal_31.cif,44.431805,-89.96806
xtal_32.cif,./Al13Sc3N16/__initial__/186/xtal_32.cif,84.3861,-42.685356
xtal_34.cif,./Al13Sc3N16/__initial__/186/xtal_34.cif,76.45371,-38.88752
xtal_35.cif,./Al13Sc3N16/__initial__/186/xtal_35.cif,80.59734,24.864538
xtal_36.cif,./Al13Sc3N16/__initial__/186/xtal_36.cif,89.57743,-53.909157
xtal_37.cif,./Al13Sc3N16/__initial__/186/xtal_37.cif,-1.0728636,72.690865
xtal_38.cif,./Al13Sc3N16/__initial__/186/xtal_38.cif,80.468124,-60.05931
xtal_39.cif,./Al13Sc3N16/__initial__/186/xtal_39.cif,77.0208,48.138573
xtal_4.cif,./Al13Sc3N16/__initial__/186/xtal_4.cif,54.472023,-56.788296
xtal_40.cif,./Al13Sc3N16/__initial__/186/xtal_40.cif,-92.07276,-53.227676
xtal_41.cif,./Al13Sc3N16/__initial__/186/xtal_41.cif,32.46058,-54.78575
xtal_42.cif,./Al13Sc3N16/__initial__/186/xtal_42.cif,63.51909,-46.464867
xtal_43.cif,./Al13Sc3N16/__initial__/186/xtal_43.cif,91.62612,-54.027466
xtal_47.cif,./Al13Sc3N16/__initial__/186/xtal_47.cif,74.32045,7.462086
xtal_49.cif,./Al13Sc3N16/__initial__/186/xtal_49.cif,50.220543,-5.3304152
xtal_52.cif,./Al13Sc3N16/__initial__/186/xtal_52.cif,-54.70398,-52.841663
xtal_53.cif,./Al13Sc3N16/__initial__/186/xtal_53.cif,77.53208,-52.89209
xtal_56.cif,./Al13Sc3N16/186/xtal_56.cif,35.241558,21.31062
xtal_57.cif,./Al13Sc3N16/__initial__/186/xtal_57.cif,83.985825,55.554928
xtal_58.cif,./Al13Sc3N16/__initial__/186/xtal_58.cif,-84.006996,-40.147316
xtal_59.cif,./Al13Sc3N16/__initial__/186/xtal_59.cif,-29.665985,-5.821891
xtal_62.cif,./Al13Sc3N16/__initial__/186/xtal_62.cif,30.277905,-51.192932
xtal_65.cif,./Al13Sc3N16/__initial__/186/xtal_65.cif,67.67234,-66.58238
xtal_67.cif,./Al13Sc3N16/__initial__/186/xtal_67.cif,-30.249811,38.947468
xtal_68.cif,./Al13Sc3N16/__initial__/186/xtal_68.cif,-24.880117,-13.666938
xtal_69.cif,./Al13Sc3N16/__initial__/186/xtal_69.cif,36.304314,10.757765
xtal_7.cif,./Al13Sc3N16/__initial__/186/xtal_7.cif,-94.6482,-32.229782
xtal_74.cif,./Al13Sc3N16/__initial__/186/xtal_74.cif,93.32864,-31.331121
xtal_75.cif,./Al13Sc3N16/__initial__/186/xtal_75.cif,42.488365,-79.83647
xtal_76.cif,./Al13Sc3N16/__initial__/186/xtal_76.cif,-24.910217,3.3125765
xtal_77.cif,./Al13Sc3N16/__initial__/186/xtal_77.cif,57.218597,-45.45126
xtal_80.cif,./Al13Sc3N16/__initial__/186/xtal_80.cif,51.80755,-44.18364
xtal_81.cif,./Al13Sc3N16/__initial__/186/xtal_81.cif,57.938015,-44.358067
xtal_91.cif,./Al13Sc3N16/__initial__/186/xtal_91.cif,85.95411,21.567745
xtal_92.cif,./Al13Sc3N16/__initial__/186/xtal_92.cif,79.08097,18.059177
xtal_93.cif,./Al13Sc3N16/__initial__/186/xtal_93.cif,-98.67987,-10.313079
xtal_95.cif,./Al13Sc3N16/__initial__/186/xtal_95.cif,44.078773,-79.50777
xtal_97.cif,./Al13Sc3N16/__initial__/186/xtal_97.cif,-70.021324,-37.405178
xtal_1.cif,./Al13Sc3N16/__initial__/187/xtal_1.cif,25.72817,-86.294624
xtal_10.cif,./Al13Sc3N16/__initial__/187/xtal_10.cif,64.245514,-74.92834
xtal_11.cif,./Al13Sc3N16/__initial__/187/xtal_11.cif,-1.2967588,-47.645344
xtal_13.cif,./Al13Sc3N16/__initial__/187/xtal_13.cif,-77.73462,8.277237
xtal_14.cif,./Al13Sc3N16/__initial__/187/xtal_14.cif,86.432076,36.398598
xtal_16.cif,./Al13Sc3N16/__initial__/187/xtal_16.cif,60.908615,-87.50482
xtal_17.cif,./Al13Sc3N16/187/xtal_17.cif,-101.15118,-38.470978
xtal_18.cif,./Al13Sc3N16/__initial__/187/xtal_18.cif,41.72374,53.583344
xtal_19.cif,./Al13Sc3N16/__initial__/187/xtal_19.cif,47.609806,-85.07664
xtal_22.cif,./Al13Sc3N16/__initial__/187/xtal_22.cif,52.2802,56.31838
xtal_23.cif,./Al13Sc3N16/__initial__/187/xtal_23.cif,21.071936,-66.326
xtal_27.cif,./Al13Sc3N16/__initial__/187/xtal_27.cif,-77.90259,-9.273462
xtal_28.cif,./Al13Sc3N16/__initial__/187/xtal_28.cif,96.13178,31.301939
xtal_3.cif,./Al13Sc3N16/__initial__/187/xtal_3.cif,-57.340614,43.98486
xtal_30.cif,./Al13Sc3N16/__initial__/187/xtal_30.cif,-54.211628,46.989056
xtal_32.cif,./Al13Sc3N16/__initial__/187/xtal_32.cif,-5.572694,85.901665
xtal_33.cif,./Al13Sc3N16/__initial__/187/xtal_33.cif,31.657887,-78.74128
xtal_36.cif,./Al13Sc3N16/__initial__/187/xtal_36.cif,65.379974,-87.70421
xtal_37.cif,./Al13Sc3N16/__initial__/187/xtal_37.cif,33.405815,-90.685905
xtal_38.cif,./Al13Sc3N16/__initial__/187/xtal_38.cif,-29.78925,-18.400114
xtal_39.cif,./Al13Sc3N16/__initial__/187/xtal_39.cif,-63.793476,67.587296
xtal_4.cif,./Al13Sc3N16/__initial__/187/xtal_4.cif,17.01265,7.7582765
xtal_43.cif,./Al13Sc3N16/187/xtal_43.cif,48.8811,-37.075592
xtal_44.cif,./Al13Sc3N16/__initial__/187/xtal_44.cif,-87.696175,40.678165
xtal_47.cif,./Al13Sc3N16/187/xtal_47.cif,-41.492474,-80.04344
xtal_50.cif,./Al13Sc3N16/__initial__/187/xtal_50.cif,-7.3956385,-5.0024624
xtal_51.cif,./Al13Sc3N16/__initial__/187/xtal_51.cif,-77.47171,17.255323
xtal_52.cif,./Al13Sc3N16/__initial__/187/xtal_52.cif,33.511543,-78.44886
xtal_54.cif,./Al13Sc3N16/__initial__/187/xtal_54.cif,-37.981606,42.140034
xtal_57.cif,./Al13Sc3N16/__initial__/187/xtal_57.cif,18.894318,-91.84343
xtal_60.cif,./Al13Sc3N16/__initial__/187/xtal_60.cif,51.821632,-42.80009
xtal_61.cif,./Al13Sc3N16/__initial__/187/xtal_61.cif,-14.748066,83.24592
xtal_62.cif,./Al13Sc3N16/__initial__/187/xtal_62.cif,105.11037,-1.6693496
xtal_63.cif,./Al13Sc3N16/__initial__/187/xtal_63.cif,-17.079197,97.61021
xtal_69.cif,./Al13Sc3N16/__initial__/187/xtal_69.cif,18.29002,-65.80789
xtal_7.cif,./Al13Sc3N16/__initial__/187/xtal_7.cif,-53.186398,-34.45615
xtal_71.cif,./Al13Sc3N16/__initial__/187/xtal_71.cif,-68.08722,24.541054
xtal_72.cif,./Al13Sc3N16/__initial__/187/xtal_72.cif,24.278496,-69.660484
xtal_74.cif,./Al13Sc3N16/__initial__/187/xtal_74.cif,51.197777,-73.942924
xtal_75.cif,./Al13Sc3N16/__initial__/187/xtal_75.cif,50.439083,-44.948986
xtal_78.cif,./Al13Sc3N16/__initial__/187/xtal_78.cif,-1.9435972,30.922037
xtal_82.cif,./Al13Sc3N16/__initial__/187/xtal_82.cif,11.39099,-89.13538
xtal_83.cif,./Al13Sc3N16/__initial__/187/xtal_83.cif,-76.525894,-56.97401
xtal_86.cif,./Al13Sc3N16/__initial__/187/xtal_86.cif,-83.24151,37.923416
xtal_87.cif,./Al13Sc3N16/__initial__/187/xtal_87.cif,-84.73439,32.582005
xtal_88.cif,./Al13Sc3N16/__initial__/187/xtal_88.cif,-57.74372,19.843567
xtal_9.cif,./Al13Sc3N16/__initial__/187/xtal_9.cif,-102.288025,-14.369213
xtal_92.cif,./Al13Sc3N16/__initial__/187/xtal_92.cif,94.06386,16.637512
xtal_95.cif,./Al13Sc3N16/__initial__/187/xtal_95.cif,-41.76942,45.291668
xtal_96.cif,./Al13Sc3N16/__initial__/187/xtal_96.cif,-26.192532,75.663704
xtal_1.cif,./Al13Sc3N16/__initial__/188/xtal_1.cif,84.38812,16.070198
xtal_10.cif,./Al13Sc3N16/__initial__/188/xtal_10.cif,-3.0157902,35.606747
xtal_100.cif,./Al13Sc3N16/__initial__/188/xtal_100.cif,-74.24652,57.334858
xtal_13.cif,./Al13Sc3N16/__initial__/188/xtal_13.cif,-68.264496,-55.16858
xtal_15.cif,./Al13Sc3N16/__initial__/188/xtal_15.cif,55.505585,-76.56304
xtal_16.cif,./Al13Sc3N16/__initial__/188/xtal_16.cif,39.802814,-69.10793
xtal_17.cif,./Al13Sc3N16/__initial__/188/xtal_17.cif,44.41385,-84.11497
xtal_2.cif,./Al13Sc3N16/__initial__/188/xtal_2.cif,-1.2087393,25.78593
xtal_20.cif,./Al13Sc3N16/__initial__/188/xtal_20.cif,41.46022,-88.60257
xtal_21.cif,./Al13Sc3N16/__initial__/188/xtal_21.cif,39.9865,-73.02743
xtal_26.cif,./Al13Sc3N16/188/xtal_26.cif,-45.784275,-75.93702
xtal_27.cif,./Al13Sc3N16/__initial__/188/xtal_27.cif,-66.072105,-56.57832
xtal_29.cif,./Al13Sc3N16/__initial__/188/xtal_29.cif,9.227293,11.564061
xtal_3.cif,./Al13Sc3N16/__initial__/188/xtal_3.cif,68.53196,-85.5086
xtal_30.cif,./Al13Sc3N16/__initial__/188/xtal_30.cif,24.7773,-77.77279
xtal_32.cif,./Al13Sc3N16/__initial__/188/xtal_32.cif,-7.4689937,-12.470867
xtal_35.cif,./Al13Sc3N16/__initial__/188/xtal_35.cif,19.012878,-89.687416
xtal_36.cif,./Al13Sc3N16/__initial__/188/xtal_36.cif,93.30255,-16.472092
xtal_37.cif,./Al13Sc3N16/__initial__/188/xtal_37.cif,28.894554,-77.7653
xtal_40.cif,./Al13Sc3N16/__initial__/188/xtal_40.cif,57.48717,-75.689865
xtal_41.cif,./Al13Sc3N16/__initial__/188/xtal_41.cif,36.2245,-62.055214
xtal_43.cif,./Al13Sc3N16/__initial__/188/xtal_43.cif,-54.34153,56.11252
xtal_44.cif,./Al13Sc3N16/__initial__/188/xtal_44.cif,58.560055,-91.78301
xtal_46.cif,./Al13Sc3N16/__initial__/188/xtal_46.cif,-60.801174,-44.56524
xtal_47.cif,./Al13Sc3N16/__initial__/188/xtal_47.cif,45.305557,-59.878082
xtal_49.cif,./Al13Sc3N16/__initial__/188/xtal_49.cif,12.121876,-90.77064
xtal_50.cif,./Al13Sc3N16/__initial__/188/xtal_50.cif,-70.44046,66.0161
xtal_53.cif,./Al13Sc3N16/__initial__/188/xtal_53.cif,82.80427,34.861336
xtal_57.cif,./Al13Sc3N16/__initial__/188/xtal_57.cif,62.641228,-84.4451
xtal_59.cif,./Al13Sc3N16/__initial__/188/xtal_59.cif,98.06131,-16.934147
xtal_6.cif,./Al13Sc3N16/188/xtal_6.cif,24.20213,55.599953
xtal_62.cif,./Al13Sc3N16/__initial__/188/xtal_62.cif,47.759857,-18.177523
xtal_63.cif,./Al13Sc3N16/__initial__/188/xtal_63.cif,79.59068,9.719672
xtal_64.cif,./Al13Sc3N16/__initial__/188/xtal_64.cif,-52.770615,15.220122
xtal_65.cif,./Al13Sc3N16/__initial__/188/xtal_65.cif,72.60709,12.957862
xtal_66.cif,./Al13Sc3N16/__initial__/188/xtal_66.cif,25.654821,59.3033
xtal_72.cif,./Al13Sc3N16/__initial__/188/xtal_72.cif,50.16151,-44.892075
xtal_75.cif,./Al13Sc3N16/__initial__/188/xtal_75.cif,62.822697,-77.298096
xtal_76.cif,./Al13Sc3N16/__initial__/188/xtal_76.cif,60.21349,-77.72726
xtal_77.cif,./Al13Sc3N16/__initial__/188/xtal_77.cif,18.18804,-93.49552
xtal_79.cif,./Al13Sc3N16/__initial__/188/xtal_79.cif,34.34433,89.69811
xtal_81.cif,./Al13Sc3N16/__initial__/188/xtal_81.cif,1.0470719,-23.299541
xtal_82.cif,./Al13Sc3N16/__initial__/188/xtal_82.cif,-70.54317,-51.591064
xtal_90.cif,./Al13Sc3N16/__initial__/188/xtal_90.cif,95.332054,32.241848
xtal_91.cif,./Al13Sc3N16/__initial__/188/xtal_91.cif,47.952427,58.98766
xtal_92.cif,./Al13Sc3N16/__initial__/188/xtal_92.cif,37.710407,-71.64513
xtal_94.cif,./Al13Sc3N16/__initial__/188/xtal_94.cif,98.67693,-6.856432
xtal_96.cif,./Al13Sc3N16/__initial__/188/xtal_96.cif,-9.920607,29.375374
xtal_97.cif,./Al13Sc3N16/__initial__/188/xtal_97.cif,38.417038,-66.73738
xtal_98.cif,./Al13Sc3N16/__initial__/188/xtal_98.cif,-65.71984,66.47886
xtal_1.cif,./Al13Sc3N16/__initial__/189/xtal_1.cif,-79.70741,-33.079243
xtal_100.cif,./Al13Sc3N16/__initial__/189/xtal_100.cif,-79.500725,49.506992
xtal_11.cif,./Al13Sc3N16/__initial__/189/xtal_11.cif,-82.04508,40.139538
xtal_12.cif,./Al13Sc3N16/189/xtal_12.cif,42.0324,-9.444442
xtal_13.cif,./Al13Sc3N16/__initial__/189/xtal_13.cif,-21.584267,74.49965
xtal_14.cif,./Al13Sc3N16/__initial__/189/xtal_14.cif,43.246258,-88.79563
xtal_15.cif,./Al13Sc3N16/__initial__/189/xtal_15.cif,-79.30304,10.592671
xtal_19.cif,./Al13Sc3N16/__initial__/189/xtal_19.cif,-57.578236,32.74877
xtal_21.cif,./Al13Sc3N16/__initial__/189/xtal_21.cif,-52.286427,68.771996
xtal_22.cif,./Al13Sc3N16/__initial__/189/xtal_22.cif,38.04175,-96.700836
xtal_23.cif,./Al13Sc3N16/__initial__/189/xtal_23.cif,-61.877033,11.62056
xtal_24.cif,./Al13Sc3N16/__initial__/189/xtal_24.cif,36.690525,-70.06199
xtal_26.cif,./Al13Sc3N16/__initial__/189/xtal_26.cif,48.44473,-56.206406
xtal_28.cif,./Al13Sc3N16/__initial__/189/xtal_28.cif,-74.72929,54.89151
xtal_29.cif,./Al13Sc3N16/__initial__/189/xtal_29.cif,65.70116,-80.86012
xtal_3.cif,./Al13Sc3N16/__initial__/189/xtal_3.cif,42.96862,-64.18701
xtal_30.cif,./Al13Sc3N16/__initial__/189/xtal_30.cif,-11.128167,29.824923
xtal_31.cif,./Al13Sc3N16/189/xtal_31.cif,-58.9344,-74.100426
xtal_32.cif,./Al13Sc3N16/__initial__/189/xtal_32.cif,62.572636,75.30106
xtal_4.cif,./Al13Sc3N16/__initial__/189/xtal_4.cif,45.255802,-59.97696
xtal_40.cif,./Al13Sc3N16/__initial__/189/xtal_40.cif,-54.84719,-43.649982
xtal_47.cif,./Al13Sc3N16/__initial__/189/xtal_47.cif,15.64322,-77.403275
xtal_48.cif,./Al13Sc3N16/__initial__/189/xtal_48.cif,11.554074,37.77691
xtal_49.cif,./Al13Sc3N16/__initial__/189/xtal_49.cif,35.867832,-87.023544
xtal_50.cif,./Al13Sc3N16/__initial__/189/xtal_50.cif,-46.20007,1.3992585
xtal_53.cif,./Al13Sc3N16/__initial__/189/xtal_53.cif,-10.250415,-19.140331
xtal_57.cif,./Al13Sc3N16/__initial__/189/xtal_57.cif,-1.1337845,70.22264
xtal_58.cif,./Al13Sc3N16/__initial__/189/xtal_58.cif,55.545525,-87.75474
xtal_6.cif,./Al13Sc3N16/__initial__/189/xtal_6.cif,-38.847206,48.751236
xtal_60.cif,./Al13Sc3N16/__initial__/189/xtal_60.cif,-65.09076,-53.896038
xtal_62.cif,./Al13Sc3N16/__initial__/189/xtal_62.cif,41.67668,-50.65486
xtal_64.cif,./Al13Sc3N16/__initial__/189/xtal_64.cif,-75.652756,53.18556
xtal_66.cif,./Al13Sc3N16/__initial__/189/xtal_66.cif,-62.53861,68.26196
xtal_69.cif,./Al13Sc3N16/__initial__/189/xtal_69.cif,7.328739,-61.519188
xtal_71.cif,./Al13Sc3N16/__initial__/189/xtal_71.cif,-79.563126,62.990128
xtal_72.cif,./Al13Sc3N16/__initial__/189/xtal_72.cif,9.282867,-76.44167
xtal_74.cif,./Al13Sc3N16/__initial__/189/xtal_74.cif,-88.42922,40.51028
xtal_76.cif,./Al13Sc3N16/__initial__/189/xtal_76.cif,37.231293,51.504787
xtal_77.cif,./Al13Sc3N16/__initial__/189/xtal_77.cif,81.75245,10.61389
xtal_78.cif,./Al13Sc3N16/__initial__/189/xtal_78.cif,-63.741886,-63.111897
xtal_79.cif,./Al13Sc3N16/__initial__/189/xtal_79.cif,3.7182362,-35.518234
xtal_8.cif,./Al13Sc3N16/__initial__/189/xtal_8.cif,-27.810257,-2.7864912
xtal_80.cif,./Al13Sc3N16/__initial__/189/xtal_80.cif,-87.64225,41.43506
xtal_82.cif,./Al13Sc3N16/__initial__/189/xtal_82.cif,34.308353,-88.186226
xtal_85.cif,./Al13Sc3N16/__initial__/189/xtal_85.cif,-6.394415,20.039978
xtal_86.cif,./Al13Sc3N16/__initial__/189/xtal_86.cif,32.94879,-75.16567
xtal_9.cif,./Al13Sc3N16/__initial__/189/xtal_9.cif,56.23716,-76.651955
xtal_90.cif,./Al13Sc3N16/__initial__/189/xtal_90.cif,-56.3373,-27.230356
xtal_97.cif,./Al13Sc3N16/__initial__/189/xtal_97.cif,41.657944,71.99511
xtal_99.cif,./Al13Sc3N16/__initial__/189/xtal_99.cif,-64.19267,40.052074
xtal_1.cif,./Al13Sc3N16/__initial__/190/xtal_1.cif,70.571724,-66.105965
xtal_10.cif,./Al13Sc3N16/__initial__/190/xtal_10.cif,-35.51274,-20.412947
xtal_100.cif,./Al13Sc3N16/__initial__/190/xtal_100.cif,12.878481,-86.94465
xtal_11.cif,./Al13Sc3N16/__initial__/190/xtal_11.cif,-14.279292,-18.266455
xtal_13.cif,./Al13Sc3N16/__initial__/190/xtal_13.cif,19.447226,54.24447
xtal_14.cif,./Al13Sc3N16/__initial__/190/xtal_14.cif,30.703531,-87.04564
xtal_15.cif,./Al13Sc3N16/__initial__/190/xtal_15.cif,17.281273,-90.46582
xtal_17.cif,./Al13Sc3N16/__initial__/190/xtal_17.cif,-43.545536,15.668799
xtal_18.cif,./Al13Sc3N16/__initial__/190/xtal_18.cif,50.049374,-71.38615
xtal_2.cif,./Al13Sc3N16/__initial__/190/xtal_2.cif,-50.856712,-17.360323
xtal_21.cif,./Al13Sc3N16/__initial__/190/xtal_21.cif,-77.25064,-52.149292
xtal_25.cif,./Al13Sc3N16/__initial__/190/xtal_25.cif,-20.54558,-18.14761
xtal_27.cif,./Al13Sc3N16/__initial__/190/xtal_27.cif,55.85162,53.864815
xtal_28.cif,./Al13Sc3N16/__initial__/190/xtal_28.cif,-46.51332,-38.701653
xtal_29.cif,./Al13Sc3N16/__initial__/190/xtal_29.cif,90.530685,14.759609
xtal_31.cif,./Al13Sc3N16/__initial__/190/xtal_31.cif,6.7348666,72.28146
xtal_33.cif,./Al13Sc3N16/__initial__/190/xtal_33.cif,15.14224,34.831173
xtal_37.cif,./Al13Sc3N16/__initial__/190/xtal_37.cif,39.493298,-67.09704
xtal_38.cif,./Al13Sc3N16/__initial__/190/xtal_38.cif,-81.12571,50.20101
xtal_39.cif,./Al13Sc3N16/190/xtal_39.cif,26.836332,-44.42906
xtal_40.cif,./Al13Sc3N16/__initial__/190/xtal_40.cif,71.08827,-78.51748
xtal_41.cif,./Al13Sc3N16/__initial__/190/xtal_41.cif,15.297043,-56.699192
xtal_47.cif,./Al13Sc3N16/__initial__/190/xtal_47.cif,43.406975,-12.683672
xtal_5.cif,./Al13Sc3N16/__initial__/190/xtal_5.cif,-11.382487,34.37277
xtal_50.cif,./Al13Sc3N16/__initial__/190/xtal_50.cif,17.530535,10.762326
xtal_51.cif,./Al13Sc3N16/__initial__/190/xtal_51.cif,56.487137,-62.072334
xtal_52.cif,./Al13Sc3N16/__initial__/190/xtal_52.cif,-49.89474,45.01002
xtal_53.cif,./Al13Sc3N16/__initial__/190/xtal_53.cif,25.57561,-82.5201
xtal_55.cif,./Al13Sc3N16/__initial__/190/xtal_55.cif,18.257387,63.779743
xtal_56.cif,./Al13Sc3N16/__initial__/190/xtal_56.cif,35.777504,-0.034427263
xtal_57.cif,./Al13Sc3N16/__initial__/190/xtal_57.cif,-14.801199,75.36573
xtal_59.cif,./Al13Sc3N16/__initial__/190/xtal_59.cif,-75.38822,-57.085663
xtal_60.cif,./Al13Sc3N16/__initial__/190/xtal_60.cif,94.19894,2.47037
xtal_63.cif,./Al13Sc3N16/__initial__/190/xtal_63.cif,8.234885,-20.023424
xtal_68.cif,./Al13Sc3N16/__initial__/190/xtal_68.cif,50.534492,-75.558945
xtal_7.cif,./Al13Sc3N16/__initial__/190/xtal_7.cif,-9.509003,33.857468
xtal_70.cif,./Al13Sc3N16/__initial__/190/xtal_70.cif,34.679634,-62.95684
xtal_71.cif,./Al13Sc3N16/__initial__/190/xtal_71.cif,47.68001,-74.74021
xtal_74.cif,./Al13Sc3N16/__initial__/190/xtal_74.cif,58.62287,-75.64104
xtal_75.cif,./Al13Sc3N16/__initial__/190/xtal_75.cif,50.95717,-74.15666
xtal_76.cif,./Al13Sc3N16/__initial__/190/xtal_76.cif,49.63316,-74.83703
xtal_77.cif,./Al13Sc3N16/__initial__/190/xtal_77.cif,25.58956,-86.307915
xtal_8.cif,./Al13Sc3N16/__initial__/190/xtal_8.cif,47.036785,-57.629597
xtal_82.cif,./Al13Sc3N16/__initial__/190/xtal_82.cif,105.15679,-9.932538
xtal_85.cif,./Al13Sc3N16/__initial__/190/xtal_85.cif,83.39484,24.4271
xtal_87.cif,./Al13Sc3N16/__initial__/190/xtal_87.cif,-55.75978,26.755886
xtal_91.cif,./Al13Sc3N16/__initial__/190/xtal_91.cif,51.945057,-84.46844
xtal_93.cif,./Al13Sc3N16/__initial__/190/xtal_93.cif,-6.4233227,38.418266
xtal_94.cif,./Al13Sc3N16/__initial__/190/xtal_94.cif,-82.96601,-7.3552637
xtal_95.cif,./Al13Sc3N16/__initial__/190/xtal_95.cif,-69.38198,43.033077
xtal_10.cif,./Al13Sc3N16/__initial__/191/xtal_10.cif,18.954224,39.43358
xtal_12.cif,./Al13Sc3N16/__initial__/191/xtal_12.cif,1.7770791,30.24222
xtal_13.cif,./Al13Sc3N16/__initial__/191/xtal_13.cif,7.626441,40.244183
xtal_14.cif,./Al13Sc3N16/__initial__/191/xtal_14.cif,-30.976357,-8.396345
xtal_17.cif,./Al13Sc3N16/__initial__/191/xtal_17.cif,-3.209562,9.267395
xtal_19.cif,./Al13Sc3N16/__initial__/191/xtal_19.cif,-37.929897,97.25126
xtal_21.cif,./Al13Sc3N16/__initial__/191/xtal_21.cif,-11.548896,34.419144
xtal_22.cif,./Al13Sc3N16/__initial__/191/xtal_22.cif,-45.82524,27.191868
xtal_23.cif,./Al13Sc3N16/__initial__/191/xtal_23.cif,-49.941193,-21.287071
xtal_25.cif,./Al13Sc3N16/__initial__/191/xtal_25.cif,-55.787712,34.488144
xtal_3.cif,./Al13Sc3N16/__initial__/191/xtal_3.cif,-25.077908,-81.205536
xtal_30.cif,./Al13Sc3N16/__initial__/191/xtal_30.cif,-50.305122,-6.2963166
xtal_32.cif,./Al13Sc3N16/__initial__/191/xtal_32.cif,-31.128304,3.7149105
xtal_33.cif,./Al13Sc3N16/__initial__/191/xtal_33.cif,-13.501499,77.43082
xtal_34.cif,./Al13Sc3N16/__initial__/191/xtal_34.cif,-88.34825,19.80055
xtal_35.cif,./Al13Sc3N16/__initial__/191/xtal_35.cif,-83.1966,-40.518402
xtal_37.cif,./Al13Sc3N16/__initial__/191/xtal_37.cif,-56.97786,46.2122
xtal_38.cif,./Al13Sc3N16/191/xtal_38.cif,1.8012152,-30.308886
xtal_4.cif,./Al13Sc3N16/__initial__/191/xtal_4.cif,-65.20716,6.5810256
xtal_46.cif,./Al13Sc3N16/__initial__/191/xtal_46.cif,-68.232376,61.227848
xtal_47.cif,./Al13Sc3N16/__initial__/191/xtal_47.cif,-82.11545,55.60558
xtal_5.cif,./Al13Sc3N16/__initial__/191/xtal_5.cif,-84.9604,19.960922
xtal_50.cif,./Al13Sc3N16/__initial__/191/xtal_50.cif,-77.12406,40.066933
xtal_51.cif,./Al13Sc3N16/__initial__/191/xtal_51.cif,48.6714,43.71279
xtal_52.cif,./Al13Sc3N16/__initial__/191/xtal_52.cif,-47.781002,72.82199
xtal_53.cif,./Al13Sc3N16/__initial__/191/xtal_53.cif,-39.461636,79.32133
xtal_54.cif,./Al13Sc3N16/__initial__/191/xtal_54.cif,-53.63544,53.324715
xtal_55.cif,./Al13Sc3N16/191/xtal_55.cif,24.311182,-17.722061
xtal_57.cif,./Al13Sc3N16/__initial__/191/xtal_57.cif,-89.525635,23.823763
xtal_58.cif,./Al13Sc3N16/__initial__/191/xtal_58.cif,48.15458,28.876701
xtal_59.cif,./Al13Sc3N16/__initial__/191/xtal_59.cif,-85.36115,24.287935
xtal_6.cif,./Al13Sc3N16/__initial__/191/xtal_6.cif,-70.027916,22.806744
xtal_64.cif,./Al13Sc3N16/__initial__/191/xtal_64.cif,-91.197754,-28.260378
xtal_66.cif,./Al13Sc3N16/__initial__/191/xtal_66.cif,-61.66019,-31.016788
xtal_67.cif,./Al13Sc3N16/__initial__/191/xtal_67.cif,59.294216,78.02162
xtal_68.cif,./Al13Sc3N16/__initial__/191/xtal_68.cif,-44.456615,-48.98618
xtal_69.cif,./Al13Sc3N16/__initial__/191/xtal_69.cif,-77.958435,65.179886
xtal_70.cif,./Al13Sc3N16/__initial__/191/xtal_70.cif,-39.529484,93.59424
xtal_74.cif,./Al13Sc3N16/__initial__/191/xtal_74.cif,-85.409424,-7.904048
xtal_75.cif,./Al13Sc3N16/__initial__/191/xtal_75.cif,-77.12506,13.27916
xtal_76.cif,./Al13Sc3N16/__initial__/191/xtal_76.cif,28.55908,56.304222
xtal_79.cif,./Al13Sc3N16/__initial__/191/xtal_79.cif,-57.757973,58.816372
xtal_8.cif,./Al13Sc3N16/__initial__/191/xtal_8.cif,-62.910187,87.39749
xtal_81.cif,./Al13Sc3N16/__initial__/191/xtal_81.cif,-29.148651,-48.128777
xtal_84.cif,./Al13Sc3N16/__initial__/191/xtal_84.cif,-28.097748,29.774923
xtal_85.cif,./Al13Sc3N16/191/xtal_85.cif,19.14684,73.137474
xtal_88.cif,./Al13Sc3N16/__initial__/191/xtal_88.cif,-60.805927,-1.327802
xtal_89.cif,./Al13Sc3N16/__initial__/191/xtal_89.cif,-1.9021473,35.25439
xtal_92.cif,./Al13Sc3N16/__initial__/191/xtal_92.cif,-75.98525,67.762825
xtal_97.cif,./Al13Sc3N16/__initial__/191/xtal_97.cif,-104.50929,-0.92353845
xtal_10.cif,./Al13Sc3N16/__initial__/192/xtal_10.cif,64.24384,69.096725
xtal_100.cif,./Al13Sc3N16/__initial__/192/xtal_100.cif,-2.4987178,38.845497
xtal_11.cif,./Al13Sc3N16/__initial__/192/xtal_11.cif,-48.684975,62.07365
xtal_12.cif,./Al13Sc3N16/__initial__/192/xtal_12.cif,-20.715715,91.12619
xtal_13.cif,./Al13Sc3N16/__initial__/192/xtal_13.cif,21.180174,73.53639
xtal_14.cif,./Al13Sc3N16/__initial__/192/xtal_14.cif,-81.950455,48.61193
xtal_18.cif,./Al13Sc3N16/__initial__/192/xtal_18.cif,-38.193825,29.119688
xtal_19.cif,./Al13Sc3N16/__initial__/192/xtal_19.cif,2.3759246,92.05541
xtal_2.cif,./Al13Sc3N16/__initial__/192/xtal_2.cif,58.3217,62.387123
xtal_20.cif,./Al13Sc3N16/__initial__/192/xtal_20.cif,-61.947014,29.062445
xtal_21.cif,./Al13Sc3N16/__initial__/192/xtal_21.cif,-46.95463,-26.723707
xtal_22.cif,./Al13Sc3N16/__initial__/192/xtal_22.cif,-27.603817,42.67149
xtal_23.cif,./Al13Sc3N16/__initial__/192/xtal_23.cif,-56.925915,12.436825
xtal_24.cif,./Al13Sc3N16/__initial__/192/xtal_24.cif,-57.010494,14.163718
xtal_25.cif,./Al13Sc3N16/__initial__/192/xtal_25.cif,-27.264555,82.89223
xtal_29.cif,./Al13Sc3N16/__initial__/192/xtal_29.cif,-61.22115,72.75217
xtal_3.cif,./Al13Sc3N16/__initial__/192/xtal_3.cif,-49.57888,-22.778994
xtal_31.cif,./Al13Sc3N16/__initial__/192/xtal_31.cif,-49.804314,79.209984
xtal_32.cif,./Al13Sc3N16/__initial__/192/xtal_32.cif,-22.08106,44.230087
xtal_35.cif,./Al13Sc3N16/__initial__/192/xtal_35.cif,-53.722713,43.34682
xtal_36.cif,./Al13Sc3N16/__initial__/192/xtal_36.cif,-29.801918,-48.6738
xtal_39.cif,./Al13Sc3N16/__initial__/192/xtal_39.cif,-78.89828,34.400974
xtal_43.cif,./Al13Sc3N16/__initial__/192/xtal_43.cif,26.767399,25.82222
xtal_44.cif,./Al13Sc3N16/__initial__/192/xtal_44.cif,-80.53291,53.86364
xtal_46.cif,./Al13Sc3N16/__initial__/192/xtal_46.cif,-42.661068,70.01668
xtal_47.cif,./Al13Sc3N16/__initial__/192/xtal_47.cif,-37.339344,44.933834
xtal_5.cif,./Al13Sc3N16/__initial__/192/xtal_5.cif,-26.373978,38.420654
xtal_51.cif,./Al13Sc3N16/__initial__/192/xtal_51.cif,2.0258996,-44.03835
xtal_52.cif,./Al13Sc3N16/__initial__/192/xtal_52.cif,-59.97647,75.12383
xtal_53.cif,./Al13Sc3N16/__initial__/192/xtal_53.cif,-76.36003,57.454422
xtal_55.cif,./Al13Sc3N16/__initial__/192/xtal_55.cif,-75.75751,-35.532253
xtal_6.cif,./Al13Sc3N16/__initial__/192/xtal_6.cif,-88.18595,6.2957444
xtal_62.cif,./Al13Sc3N16/__initial__/192/xtal_62.cif,1.800944,44.952633
xtal_65.cif,./Al13Sc3N16/__initial__/192/xtal_65.cif,-88.448425,9.558219
xtal_69.cif,./Al13Sc3N16/__initial__/192/xtal_69.cif,-87.39545,26.544327
xtal_73.cif,./Al13Sc3N16/__initial__/192/xtal_73.cif,-74.690414,34.245895
xtal_74.cif,./Al13Sc3N16/__initial__/192/xtal_74.cif,-98.68806,-15.43726
xtal_75.cif,./Al13Sc3N16/__initial__/192/xtal_75.cif,-25.17794,2.8547897
xtal_77.cif,./Al13Sc3N16/__initial__/192/xtal_77.cif,-60.15352,51.7425
xtal_79.cif,./Al13Sc3N16/__initial__/192/xtal_79.cif,-86.00412,-14.658818
xtal_8.cif,./Al13Sc3N16/__initial__/192/xtal_8.cif,21.45539,48.15509
xtal_81.cif,./Al13Sc3N16/__initial__/192/xtal_81.cif,35.951862,31.609833
xtal_82.cif,./Al13Sc3N16/__initial__/192/xtal_82.cif,-70.61269,54.34308
xtal_84.cif,./Al13Sc3N16/__initial__/192/xtal_84.cif,-53.502007,53.30095
xtal_87.cif,./Al13Sc3N16/__initial__/192/xtal_87.cif,-46.877308,-15.032217
xtal_89.cif,./Al13Sc3N16/__initial__/192/xtal_89.cif,-85.365036,18.186121
xtal_92.cif,./Al13Sc3N16/__initial__/192/xtal_92.cif,-52.766262,81.053154
xtal_93.cif,./Al13Sc3N16/__initial__/192/xtal_93.cif,-25.22689,-24.569311
xtal_95.cif,./Al13Sc3N16/__initial__/192/xtal_95.cif,-1.2320105,34.15743
xtal_96.cif,./Al13Sc3N16/__initial__/192/xtal_96.cif,25.686932,48.48882
xtal_1.cif,./Al13Sc3N16/__initial__/193/xtal_1.cif,72.9751,68.39014
xtal_100.cif,./Al13Sc3N16/__initial__/193/xtal_100.cif,-73.921776,66.63711
xtal_11.cif,./Al13Sc3N16/__initial__/193/xtal_11.cif,-49.57843,-22.11157
xtal_12.cif,./Al13Sc3N16/__initial__/193/xtal_12.cif,-59.77922,40.576767
xtal_20.cif,./Al13Sc3N16/__initial__/193/xtal_20.cif,-74.93445,10.204449
xtal_21.cif,./Al13Sc3N16/__initial__/193/xtal_21.cif,-56.729202,75.330956
xtal_22.cif,./Al13Sc3N16/__initial__/193/xtal_22.cif,-56.14704,57.733253
xtal_23.cif,./Al13Sc3N16/__initial__/193/xtal_23.cif,-62.387695,-1.9790281
xtal_25.cif,./Al13Sc3N16/__initial__/193/xtal_25.cif,-77.27276,62.899654
xtal_26.cif,./Al13Sc3N16/__initial__/193/xtal_26.cif,-55.875847,35.89291
xtal_28.cif,./Al13Sc3N16/__initial__/193/xtal_28.cif,-69.2117,-8.550974
xtal_3.cif,./Al13Sc3N16/__initial__/193/xtal_3.cif,70.07969,64.91879
xtal_30.cif,./Al13Sc3N16/__initial__/193/xtal_30.cif,-84.29015,-55.05921
xtal_34.cif,./Al13Sc3N16/__initial__/193/xtal_34.cif,-35.847534,-26.339558
xtal_35.cif,./Al13Sc3N16/__initial__/193/xtal_35.cif,-76.85839,10.1211405
xtal_36.cif,./Al13Sc3N16/__initial__/193/xtal_36.cif,-68.55942,48.853073
xtal_37.cif,./Al13Sc3N16/__initial__/193/xtal_37.cif,-74.68719,33.00651
xtal_4.cif,./Al13Sc3N16/__initial__/193/xtal_4.cif,-27.703936,-1.7337348
xtal_40.cif,./Al13Sc3N16/__initial__/193/xtal_40.cif,10.334055,14.539223
xtal_42.cif,./Al13Sc3N16/__initial__/193/xtal_42.cif,-50.45562,-33.70527
xtal_45.cif,./Al13Sc3N16/__initial__/193/xtal_45.cif,-19.61848,-18.697145
xtal_48.cif,./Al13Sc3N16/__initial__/193/xtal_48.cif,-83.338524,25.323185
xtal_49.cif,./Al13Sc3N16/__initial__/193/xtal_49.cif,-50.12068,56.50384
xtal_50.cif,./Al13Sc3N16/__initial__/193/xtal_50.cif,-33.0039,40.965096
xtal_51.cif,./Al13Sc3N16/193/xtal_51.cif,-63.754623,-76.60552
xtal_55.cif,./Al13Sc3N16/__initial__/193/xtal_55.cif,-85.26127,17.51645
xtal_56.cif,./Al13Sc3N16/__initial__/193/xtal_56.cif,-79.03655,-20.673866
xtal_57.cif,./Al13Sc3N16/__initial__/193/xtal_57.cif,-61.255554,56.76324
xtal_6.cif,./Al13Sc3N16/__initial__/193/xtal_6.cif,46.260334,25.198456
xtal_61.cif,./Al13Sc3N16/__initial__/193/xtal_61.cif,-39.850353,-53.27403
xtal_62.cif,./Al13Sc3N16/__initial__/193/xtal_62.cif,-80.53249,20.275255
xtal_64.cif,./Al13Sc3N16/__initial__/193/xtal_64.cif,-78.660934,69.74793
xtal_66.cif,./Al13Sc3N16/__initial__/193/xtal_66.cif,50.905968,79.94072
xtal_69.cif,./Al13Sc3N16/__initial__/193/xtal_69.cif,-24.160515,22.247929
xtal_73.cif,./Al13Sc3N16/__initial__/193/xtal_73.cif,-61.65787,30.313707
xtal_74.cif,./Al13Sc3N16/__initial__/193/xtal_74.cif,-1.1973729,29.176332
xtal_75.cif,./Al13Sc3N16/__initial__/193/xtal_75.cif,-64.29054,27.437836
xtal_79.cif,./Al13Sc3N16/__initial__/193/xtal_79.cif,-31.151104,9.250748
xtal_81.cif,./Al13Sc3N16/__initial__/193/xtal_81.cif,-78.08414,70.52072
xtal_82.cif,./Al13Sc3N16/__initial__/193/xtal_82.cif,-1.0325166,47.94464
xtal_85.cif,./Al13Sc3N16/__initial__/193/xtal_85.cif,-58.49965,7.270802
xtal_86.cif,./Al13Sc3N16/__initial__/193/xtal_86.cif,-9.716449,-11.626851
xtal_88.cif,./Al13Sc3N16/__initial__/193/xtal_88.cif,-84.23138,38.8804
xtal_89.cif,./Al13Sc3N16/__initial__/193/xtal_89.cif,-83.01186,1.5387084
xtal_9.cif,./Al13Sc3N16/__initial__/193/xtal_9.cif,-42.828312,-15.123222
xtal_90.cif,./Al13Sc3N16/__initial__/193/xtal_90.cif,-86.11088,25.315714
xtal_93.cif,./Al13Sc3N16/__initial__/193/xtal_93.cif,-19.4079,33.514824
xtal_94.cif,./Al13Sc3N16/__initial__/193/xtal_94.cif,-75.6499,52.061466
xtal_97.cif,./Al13Sc3N16/__initial__/193/xtal_97.cif,-5.225348,31.440924
xtal_99.cif,./Al13Sc3N16/__initial__/193/xtal_99.cif,63.347317,51.216923
xtal_1.cif,./Al13Sc3N16/__initial__/194/xtal_1.cif,13.388187,-27.686167
xtal_10.cif,./Al13Sc3N16/__initial__/194/xtal_10.cif,-72.378044,56.14507
xtal_100.cif,./Al13Sc3N16/__initial__/194/xtal_100.cif,29.75767,88.04839
xtal_11.cif,./Al13Sc3N16/__initial__/194/xtal_11.cif,-48.39258,-44.330517
xtal_12.cif,./Al13Sc3N16/__initial__/194/xtal_12.cif,-33.19692,79.60106
xtal_13.cif,./Al13Sc3N16/__initial__/194/xtal_13.cif,-61.847427,47.70371
xtal_15.cif,./Al13Sc3N16/__initial__/194/xtal_15.cif,-50.504333,73.06876
xtal_17.cif,./Al13Sc3N16/__initial__/194/xtal_17.cif,-71.483116,45.64093
xtal_19.cif,./Al13Sc3N16/__initial__/194/xtal_19.cif,-20.714916,13.784106
xtal_2.cif,./Al13Sc3N16/__initial__/194/xtal_2.cif,-69.75924,13.113809
xtal_21.cif,./Al13Sc3N16/__initial__/194/xtal_21.cif,25.057512,77.66282
xtal_22.cif,./Al13Sc3N16/__initial__/194/xtal_22.cif,39.4787,56.85994
xtal_23.cif,./Al13Sc3N16/194/xtal_23.cif,-5.5843463,-56.411232
xtal_27.cif,./Al13Sc3N16/__initial__/194/xtal_27.cif,-34.20987,-1.8383082
xtal_28.cif,./Al13Sc3N16/__initial__/194/xtal_28.cif,63.37644,66.6289
xtal_30.cif,./Al13Sc3N16/__initial__/194/xtal_30.cif,-59.83438,-43.59735
xtal_34.cif,./Al13Sc3N16/__initial__/194/xtal_34.cif,-23.575397,5.895533
xtal_36.cif,./Al13Sc3N16/__initial__/194/xtal_36.cif,1.1553745,63.985455
xtal_38.cif,./Al13Sc3N16/__initial__/194/xtal_38.cif,12.228845,69.754585
xtal_39.cif,./Al13Sc3N16/194/xtal_39.cif,31.11627,70.1232
xtal_4.cif,./Al13Sc3N16/__initial__/194/xtal_4.cif,3.3105536,3.9822872
xtal_40.cif,./Al13Sc3N16/__initial__/194/xtal_40.cif,-59.854103,12.424549
xtal_41.cif,./Al13Sc3N16/__initial__/194/xtal_41.cif,-1.5091423,13.808107
xtal_43.cif,./Al13Sc3N16/194/xtal_43.cif,-105.23231,-27.53429
xtal_48.cif,./Al13Sc3N16/__initial__/194/xtal_48.cif,-48.472385,58.680977
xtal_49.cif,./Al13Sc3N16/__initial__/194/xtal_49.cif,-22.638721,-18.241365
xtal_5.cif,./Al13Sc3N16/__initial__/194/xtal_5.cif,-40.4789,80.56039
xtal_50.cif,./Al13Sc3N16/__initial__/194/xtal_50.cif,-53.24357,-41.220158
xtal_51.cif,./Al13Sc3N16/__initial__/194/xtal_51.cif,-61.1605,69.9424
xtal_57.cif,./Al13Sc3N16/__initial__/194/xtal_57.cif,-12.562688,-5.7940598
xtal_58.cif,./Al13Sc3N16/__initial__/194/xtal_58.cif,-64.05414,45.748688
xtal_6.cif,./Al13Sc3N16/__initial__/194/xtal_6.cif,-34.882114,80.50004
xtal_60.cif,./Al13Sc3N16/__initial__/194/xtal_60.cif,-61.553837,7.548486
xtal_63.cif,./Al13Sc3N16/__initial__/194/xtal_63.cif,-52.692524,37.51304
xtal_64.cif,./Al13Sc3N16/__initial__/194/xtal_64.cif,63.230927,57.812893
xtal_65.cif,./Al13Sc3N16/__initial__/194/xtal_65.cif,-0.018534075,-0.26598734
xtal_66.cif,./Al13Sc3N16/__initial__/194/xtal_66.cif,-0.37233445,-34.74139
xtal_70.cif,./Al13Sc3N16/__initial__/194/xtal_70.cif,32.68595,50.128487
xtal_80.cif,./Al13Sc3N16/__initial__/194/xtal_80.cif,-18.038412,32.644127
xtal_81.cif,./Al13Sc3N16/__initial__/194/xtal_81.cif,-78.111015,14.695626
xtal_84.cif,./Al13Sc3N16/__initial__/194/xtal_84.cif,14.305433,15.253308
xtal_86.cif,./Al13Sc3N16/194/xtal_86.cif,-94.991936,-46.3035
xtal_87.cif,./Al13Sc3N16/__initial__/194/xtal_87.cif,-2.0530803,21.929943
xtal_88.cif,./Al13Sc3N16/__initial__/194/xtal_88.cif,-20.545753,90.91708
xtal_89.cif,./Al13Sc3N16/__initial__/194/xtal_89.cif,-38.301567,-27.11641
xtal_9.cif,./Al13Sc3N16/__initial__/194/xtal_9.cif,-87.93337,24.798155
xtal_91.cif,./Al13Sc3N16/__initial__/194/xtal_91.cif,-33.00029,-51.833824
xtal_93.cif,./Al13Sc3N16/__initial__/194/xtal_93.cif,-50.324112,-16.474903
xtal_94.cif,./Al13Sc3N16/__initial__/194/xtal_94.cif,-80.07877,18.69928
xtal_96.cif,./Al13Sc3N16/__initial__/194/xtal_96.cif,-105.86932,4.130892
xtal_10.cif,./Al13Sc3N16/__initial__/195/xtal_10.cif,50.80008,-71.43035
xtal_12.cif,./Al13Sc3N16/__initial__/195/xtal_12.cif,-36.890102,80.353096
xtal_13.cif,./Al13Sc3N16/__initial__/195/xtal_13.cif,6.8663144,80.27757
xtal_14.cif,./Al13Sc3N16/__initial__/195/xtal_14.cif,36.778713,-81.7521
xtal_16.cif,./Al13Sc3N16/__initial__/195/xtal_16.cif,55.190403,-8.546935
xtal_18.cif,./Al13Sc3N16/__initial__/195/xtal_18.cif,15.668724,-77.892685
xtal_2.cif,./Al13Sc3N16/__initial__/195/xtal_2.cif,66.302475,-81.18988
xtal_20.cif,./Al13Sc3N16/__initial__/195/xtal_20.cif,-2.1842997,22.036024
xtal_21.cif,./Al13Sc3N16/__initial__/195/xtal_21.cif,-50.096695,76.172325
xtal_22.cif,./Al13Sc3N16/__initial__/195/xtal_22.cif,37.122856,-80.693855
xtal_23.cif,./Al13Sc3N16/__initial__/195/xtal_23.cif,95.71682,22.909166
xtal_24.cif,./Al13Sc3N16/__initial__/195/xtal_24.cif,-55.083157,76.15468
xtal_25.cif,./Al13Sc3N16/__initial__/195/xtal_25.cif,54.247356,-69.89429
xtal_27.cif,./Al13Sc3N16/__initial__/195/xtal_27.cif,-35.560066,11.284898
xtal_31.cif,./Al13Sc3N16/__initial__/195/xtal_31.cif,-70.4473,-6.462741
xtal_34.cif,./Al13Sc3N16/__initial__/195/xtal_34.cif,95.51728,-18.46185
xtal_35.cif,./Al13Sc3N16/__initial__/195/xtal_35.cif,47.151913,-56.488655
xtal_38.cif,./Al13Sc3N16/__initial__/195/xtal_38.cif,-73.02603,-61.752823
xtal_4.cif,./Al13Sc3N16/__initial__/195/xtal_4.cif,45.737175,-59.3575
xtal_40.cif,./Al13Sc3N16/__initial__/195/xtal_40.cif,70.48398,-88.23025
xtal_41.cif,./Al13Sc3N16/__initial__/195/xtal_41.cif,-49.109657,17.484034
xtal_44.cif,./Al13Sc3N16/__initial__/195/xtal_44.cif,66.517815,-81.4539
xtal_46.cif,./Al13Sc3N16/__initial__/195/xtal_46.cif,-92.77767,-43.86669
xtal_47.cif,./Al13Sc3N16/__initial__/195/xtal_47.cif,17.604055,75.189156
xtal_51.cif,./Al13Sc3N16/__initial__/195/xtal_51.cif,40.08376,-86.50142
xtal_55.cif,./Al13Sc3N16/__initial__/195/xtal_55.cif,74.89526,15.651412
xtal_56.cif,./Al13Sc3N16/__initial__/195/xtal_56.cif,93.70608,7.554725
xtal_57.cif,./Al13Sc3N16/__initial__/195/xtal_57.cif,75.437004,14.609487
xtal_58.cif,./Al13Sc3N16/__initial__/195/xtal_58.cif,74.57131,54.582985
xtal_6.cif,./Al13Sc3N16/__initial__/195/xtal_6.cif,-56.517933,-24.456783
xtal_60.cif,./Al13Sc3N16/__initial__/195/xtal_60.cif,62.445873,53.157036
xtal_64.cif,./Al13Sc3N16/__initial__/195/xtal_64.cif,-40.78829,-6.046321
xtal_66.cif,./Al13Sc3N16/__initial__/195/xtal_66.cif,82.638756,18.430267
xtal_67.cif,./Al13Sc3N16/__initial__/195/xtal_67.cif,51.252144,-73.57706
xtal_68.cif,./Al13Sc3N16/__initial__/195/xtal_68.cif,-98.69675,-2.3045442
xtal_75.cif,./Al13Sc3N16/__initial__/195/xtal_75.cif,37.808598,-81.06649
xtal_77.cif,./Al13Sc3N16/__initial__/195/xtal_77.cif,-20.60285,-62.55501
xtal_78.cif,./Al13Sc3N16/__initial__/195/xtal_78.cif,38.429245,-81.80637
xtal_79.cif,./Al13Sc3N16/__initial__/195/xtal_79.cif,-34.224728,14.22362
xtal_8.cif,./Al13Sc3N16/__initial__/195/xtal_8.cif,4.0954075,95.5761
xtal_83.cif,./Al13Sc3N16/__initial__/195/xtal_83.cif,-65.90455,80.33024
xtal_84.cif,./Al13Sc3N16/__initial__/195/xtal_84.cif,-60.963417,-13.290551
xtal_85.cif,./Al13Sc3N16/__initial__/195/xtal_85.cif,2.968675,19.650604
xtal_86.cif,./Al13Sc3N16/__initial__/195/xtal_86.cif,-66.79117,80.61068
xtal_88.cif,./Al13Sc3N16/__initial__/195/xtal_88.cif,28.592062,-8.644683
xtal_91.cif,./Al13Sc3N16/__initial__/195/xtal_91.cif,-59.465237,84.62907
xtal_94.cif,./Al13Sc3N16/__initial__/195/xtal_94.cif,55.250397,-68.71776
xtal_97.cif,./Al13Sc3N16/__initial__/195/xtal_97.cif,-40.164562,88.43122
xtal_98.cif,./Al13Sc3N16/__initial__/195/xtal_98.cif,90.05497,12.582931
xtal_99.cif,./Al13Sc3N16/__initial__/195/xtal_99.cif,-47.525406,-58.709568
xtal_1.cif,./Al13Sc3N16/__initial__/197/xtal_1.cif,-43.40664,-66.76968
xtal_10.cif,./Al13Sc3N16/__initial__/197/xtal_10.cif,43.672855,81.37494
xtal_100.cif,./Al13Sc3N16/__initial__/197/xtal_100.cif,85.36091,20.048958
xtal_13.cif,./Al13Sc3N16/__initial__/197/xtal_13.cif,-62.677044,87.783936
xtal_15.cif,./Al13Sc3N16/__initial__/197/xtal_15.cif,-33.62676,16.513191
xtal_19.cif,./Al13Sc3N16/__initial__/197/xtal_19.cif,-14.190075,16.14995
xtal_20.cif,./Al13Sc3N16/__initial__/197/xtal_20.cif,-56.02816,82.63084
xtal_24.cif,./Al13Sc3N16/__initial__/197/xtal_24.cif,43.78099,-29.286556
xtal_25.cif,./Al13Sc3N16/__initial__/197/xtal_25.cif,-55.519154,81.94414
xtal_29.cif,./Al13Sc3N16/__initial__/197/xtal_29.cif,22.732538,11.5908985
xtal_3.cif,./Al13Sc3N16/__initial__/197/xtal_3.cif,65.705605,-72.993164
xtal_40.cif,./Al13Sc3N16/__initial__/197/xtal_40.cif,-57.973846,2.49756
xtal_41.cif,./Al13Sc3N16/__initial__/197/xtal_41.cif,-55.833973,-44.393642
xtal_42.cif,./Al13Sc3N16/__initial__/197/xtal_42.cif,-39.802284,11.554311
xtal_43.cif,./Al13Sc3N16/__initial__/197/xtal_43.cif,66.426765,-72.612854
xtal_45.cif,./Al13Sc3N16/__initial__/197/xtal_45.cif,55.554504,-2.8484437
xtal_48.cif,./Al13Sc3N16/__initial__/197/xtal_48.cif,-21.685614,-52.742455
xtal_49.cif,./Al13Sc3N16/__initial__/197/xtal_49.cif,-9.04514,60.563
xtal_5.cif,./Al13Sc3N16/__initial__/197/xtal_5.cif,-49.021404,-30.041893
xtal_52.cif,./Al13Sc3N16/__initial__/197/xtal_52.cif,-104.717514,6.6457906
xtal_53.cif,./Al13Sc3N16/__initial__/197/xtal_53.cif,-59.702732,9.363499
xtal_56.cif,./Al13Sc3N16/__initial__/197/xtal_56.cif,60.382465,33.79105
xtal_57.cif,./Al13Sc3N16/__initial__/197/xtal_57.cif,57.798965,42.82427
xtal_6.cif,./Al13Sc3N16/__initial__/197/xtal_6.cif,-73.09701,76.11878
xtal_60.cif,./Al13Sc3N16/__initial__/197/xtal_60.cif,-16.261072,18.263157
xtal_63.cif,./Al13Sc3N16/__initial__/197/xtal_63.cif,-13.302176,59.68962
xtal_64.cif,./Al13Sc3N16/__initial__/197/xtal_64.cif,-50.256893,80.21437
xtal_65.cif,./Al13Sc3N16/__initial__/197/xtal_65.cif,-78.63141,75.875786
xtal_67.cif,./Al13Sc3N16/__initial__/197/xtal_67.cif,-13.832712,-30.786211
xtal_69.cif,./Al13Sc3N16/__initial__/197/xtal_69.cif,-50.495853,-7.8617253
xtal_7.cif,./Al13Sc3N16/__initial__/197/xtal_7.cif,-44.33785,-11.65044
xtal_70.cif,./Al13Sc3N16/__initial__/197/xtal_70.cif,-16.205347,-18.205986
xtal_71.cif,./Al13Sc3N16/__initial__/197/xtal_71.cif,-97.39865,-26.006178
xtal_73.cif,./Al13Sc3N16/__initial__/197/xtal_73.cif,-57.62408,5.101271
xtal_75.cif,./Al13Sc3N16/__initial__/197/xtal_75.cif,-39.72708,37.583595
xtal_79.cif,./Al13Sc3N16/__initial__/197/xtal_79.cif,41.787636,-50.70301
xtal_80.cif,./Al13Sc3N16/__initial__/197/xtal_80.cif,65.153854,-6.1680293
xtal_81.cif,./Al13Sc3N16/__initial__/197/xtal_81.cif,52.482563,38.052235
xtal_84.cif,./Al13Sc3N16/__initial__/197/xtal_84.cif,-33.450245,91.579185
xtal_85.cif,./Al13Sc3N16/__initial__/197/xtal_85.cif,19.614902,-14.76827
xtal_86.cif,./Al13Sc3N16/__initial__/197/xtal_86.cif,71.131256,65.9703
xtal_9.cif,./Al13Sc3N16/__initial__/197/xtal_9.cif,-2.1485593,6.714909
xtal_90.cif,./Al13Sc3N16/__initial__/197/xtal_90.cif,-49.699703,8.331664
xtal_91.cif,./Al13Sc3N16/__initial__/197/xtal_91.cif,-59.539505,-22.219349
xtal_92.cif,./Al13Sc3N16/__initial__/197/xtal_92.cif,-14.457298,59.185528
xtal_93.cif,./Al13Sc3N16/__initial__/197/xtal_93.cif,-101.818825,-16.479843
xtal_94.cif,./Al13Sc3N16/__initial__/197/xtal_94.cif,-50.03781,9.995711
xtal_95.cif,./Al13Sc3N16/__initial__/197/xtal_95.cif,-15.636123,-11.572236
xtal_97.cif,./Al13Sc3N16/__initial__/197/xtal_97.cif,-100.565216,-18.990168
xtal_99.cif,./Al13Sc3N16/__initial__/197/xtal_99.cif,-68.53085,82.52396
xtal_100.cif,./Al13Sc3N16/__initial__/200/xtal_100.cif,20.775032,76.98162
xtal_14.cif,./Al13Sc3N16/__initial__/200/xtal_14.cif,42.385612,52.203457
xtal_15.cif,./Al13Sc3N16/__initial__/200/xtal_15.cif,60.05407,55.027157
xtal_19.cif,./Al13Sc3N16/__initial__/200/xtal_19.cif,-18.827917,-47.26948
xtal_20.cif,./Al13Sc3N16/__initial__/200/xtal_20.cif,-34.412712,59.92912
xtal_22.cif,./Al13Sc3N16/__initial__/200/xtal_22.cif,33.538857,35.6359
xtal_23.cif,./Al13Sc3N16/__initial__/200/xtal_23.cif,-45.487053,-65.33152
xtal_24.cif,./Al13Sc3N16/__initial__/200/xtal_24.cif,-33.351597,-72.097244
xtal_26.cif,./Al13Sc3N16/__initial__/200/xtal_26.cif,9.329599,-10.845182
xtal_27.cif,./Al13Sc3N16/__initial__/200/xtal_27.cif,-33.944603,12.822721
xtal_28.cif,./Al13Sc3N16/__initial__/200/xtal_28.cif,-65.74651,75.79989
xtal_29.cif,./Al13Sc3N16/__initial__/200/xtal_29.cif,-59.594685,4.411066
xtal_3.cif,./Al13Sc3N16/__initial__/200/xtal_3.cif,-9.667112,93.37426
xtal_30.cif,./Al13Sc3N16/__initial__/200/xtal_30.cif,44.438686,26.727747
xtal_32.cif,./Al13Sc3N16/__initial__/200/xtal_32.cif,-57.308254,-19.795305
xtal_35.cif,./Al13Sc3N16/__initial__/200/xtal_35.cif,-95.99275,-25.23015
xtal_36.cif,./Al13Sc3N16/__initial__/200/xtal_36.cif,-71.91961,-6.142519
xtal_37.cif,./Al13Sc3N16/__initial__/200/xtal_37.cif,-21.573421,74.20272
xtal_39.cif,./Al13Sc3N16/__initial__/200/xtal_39.cif,-58.238247,81.1615
xtal_4.cif,./Al13Sc3N16/__initial__/200/xtal_4.cif,-68.54533,76.62942
xtal_40.cif,./Al13Sc3N16/__initial__/200/xtal_40.cif,12.447768,-29.906488
xtal_41.cif,./Al13Sc3N16/__initial__/200/xtal_41.cif,-74.24123,75.5343
xtal_42.cif,./Al13Sc3N16/__initial__/200/xtal_42.cif,-49.507523,75.591866
xtal_44.cif,./Al13Sc3N16/__initial__/200/xtal_44.cif,18.943302,18.568344
xtal_45.cif,./Al13Sc3N16/__initial__/200/xtal_45.cif,-31.927187,57.462967
xtal_47.cif,./Al13Sc3N16/__initial__/200/xtal_47.cif,-73.19634,-5.2547135
xtal_48.cif,./Al13Sc3N16/__initial__/200/xtal_48.cif,-100.86806,-2.3431602
xtal_49.cif,./Al13Sc3N16/__initial__/200/xtal_49.cif,-57.589985,83.029205
xtal_53.cif,./Al13Sc3N16/__initial__/200/xtal_53.cif,5.9649477,-34.808735
xtal_54.cif,./Al13Sc3N16/__initial__/200/xtal_54.cif,-15.9625635,79.3666
xtal_55.cif,./Al13Sc3N16/__initial__/200/xtal_55.cif,-56.520706,24.798687
xtal_56.cif,./Al13Sc3N16/__initial__/200/xtal_56.cif,-19.880402,82.53332
xtal_62.cif,./Al13Sc3N16/__initial__/200/xtal_62.cif,-79.67416,-62.272934
xtal_63.cif,./Al13Sc3N16/__initial__/200/xtal_63.cif,-14.429626,59.167015
xtal_67.cif,./Al13Sc3N16/__initial__/200/xtal_67.cif,-69.51142,86.13662
xtal_70.cif,./Al13Sc3N16/__initial__/200/xtal_70.cif,12.5322695,85.624725
xtal_72.cif,./Al13Sc3N16/__initial__/200/xtal_72.cif,-59.53461,9.24341
xtal_76.cif,./Al13Sc3N16/__initial__/200/xtal_76.cif,-59.843555,-33.67515
xtal_77.cif,./Al13Sc3N16/__initial__/200/xtal_77.cif,-87.004616,-35.37077
xtal_79.cif,./Al13Sc3N16/__initial__/200/xtal_79.cif,-68.85891,79.077545
xtal_80.cif,./Al13Sc3N16/__initial__/200/xtal_80.cif,10.89584,82.79795
xtal_81.cif,./Al13Sc3N16/__initial__/200/xtal_81.cif,-18.900036,-27.420969
xtal_82.cif,./Al13Sc3N16/__initial__/200/xtal_82.cif,31.405727,85.88937
xtal_83.cif,./Al13Sc3N16/__initial__/200/xtal_83.cif,-56.162212,84.14315
xtal_85.cif,./Al13Sc3N16/__initial__/200/xtal_85.cif,-56.30376,78.54769
xtal_86.cif,./Al13Sc3N16/__initial__/200/xtal_86.cif,-16.685276,5.9049416
xtal_88.cif,./Al13Sc3N16/__initial__/200/xtal_88.cif,-19.534595,39.39257
xtal_95.cif,./Al13Sc3N16/__initial__/200/xtal_95.cif,-38.792645,28.935211
xtal_96.cif,./Al13Sc3N16/__initial__/200/xtal_96.cif,-67.08211,81.443275
xtal_99.cif,./Al13Sc3N16/__initial__/200/xtal_99.cif,57.80379,42.3108
xtal_1.cif,./Al13Sc3N16/__initial__/201/xtal_1.cif,-16.012625,-11.185081
xtal_100.cif,./Al13Sc3N16/__initial__/201/xtal_100.cif,-35.58044,-37.409286
xtal_11.cif,./Al13Sc3N16/__initial__/201/xtal_11.cif,-20.369448,45.233013
xtal_13.cif,./Al13Sc3N16/__initial__/201/xtal_13.cif,-40.883247,92.58029
xtal_14.cif,./Al13Sc3N16/__initial__/201/xtal_14.cif,6.0899253,81.61825
xtal_15.cif,./Al13Sc3N16/__initial__/201/xtal_15.cif,61.838474,50.662186
xtal_16.cif,./Al13Sc3N16/__initial__/201/xtal_16.cif,57.09826,53.254715
xtal_17.cif,./Al13Sc3N16/__initial__/201/xtal_17.cif,-51.730164,-24.517773
xtal_18.cif,./Al13Sc3N16/__initial__/201/xtal_18.cif,-6.65406,6.9558187
xtal_19.cif,./Al13Sc3N16/__initial__/201/xtal_19.cif,-64.4247,91.41171
xtal_2.cif,./Al13Sc3N16/__initial__/201/xtal_2.cif,-73.498055,71.90761
xtal_20.cif,./Al13Sc3N16/__initial__/201/xtal_20.cif,-1.528259,60.52241
xtal_22.cif,./Al13Sc3N16/__initial__/201/xtal_22.cif,-7.356435,34.528522
xtal_24.cif,./Al13Sc3N16/__initial__/201/xtal_24.cif,-31.279987,61.949596
xtal_27.cif,./Al13Sc3N16/__initial__/201/xtal_27.cif,29.80197,89.84481
xtal_29.cif,./Al13Sc3N16/__initial__/201/xtal_29.cif,11.581945,75.690025
xtal_32.cif,./Al13Sc3N16/__initial__/201/xtal_32.cif,7.6706376,85.32888
xtal_34.cif,./Al13Sc3N16/__initial__/201/xtal_34.cif,-75.14092,-32.65451
xtal_35.cif,./Al13Sc3N16/__initial__/201/xtal_35.cif,-8.049067,-45.97025
xtal_36.cif,./Al13Sc3N16/__initial__/201/xtal_36.cif,-21.352343,55.70834
xtal_38.cif,./Al13Sc3N16/__initial__/201/xtal_38.cif,58.678104,66.52095
xtal_40.cif,./Al13Sc3N16/__initial__/201/xtal_40.cif,-10.061374,34.699867
xtal_42.cif,./Al13Sc3N16/__initial__/201/xtal_42.cif,-63.521538,79.69751
xtal_43.cif,./Al13Sc3N16/__initial__/201/xtal_43.cif,-61.50906,-20.012527
xtal_44.cif,./Al13Sc3N16/__initial__/201/xtal_44.cif,19.265291,-4.779845
xtal_45.cif,./Al13Sc3N16/__initial__/201/xtal_45.cif,62.17914,51.186726
xtal_5.cif,./Al13Sc3N16/__initial__/201/xtal_5.cif,57.989765,46.800293
xtal_51.cif,./Al13Sc3N16/__initial__/201/xtal_51.cif,-8.847541,-17.657854
xtal_54.cif,./Al13Sc3N16/__initial__/201/xtal_54.cif,-40.91615,12.567459
xtal_55.cif,./Al13Sc3N16/__initial__/201/xtal_55.cif,-14.41455,-62.0626
xtal_59.cif,./Al13Sc3N16/__initial__/201/xtal_59.cif,40.12282,57.395863
xtal_61.cif,./Al13Sc3N16/__initial__/201/xtal_61.cif,38.482147,89.529106
xtal_62.cif,./Al13Sc3N16/__initial__/201/xtal_62.cif,-53.224316,4.144998
xtal_63.cif,./Al13Sc3N16/__initial__/201/xtal_63.cif,15.307635,11.4322
xtal_66.cif,./Al13Sc3N16/__initial__/201/xtal_66.cif,-58.00482,-46.221577
xtal_68.cif,./Al13Sc3N16/__initial__/201/xtal_68.cif,-47.712666,6.4634876
xtal_69.cif,./Al13Sc3N16/__initial__/201/xtal_69.cif,-70.12709,-18.561821
xtal_7.cif,./Al13Sc3N16/__initial__/201/xtal_7.cif,-24.2922,-30.141445
xtal_70.cif,./Al13Sc3N16/__initial__/201/xtal_70.cif,67.59665,66.837906
xtal_74.cif,./Al13Sc3N16/__initial__/201/xtal_74.cif,26.421204,28.314377
xtal_77.cif,./Al13Sc3N16/__initial__/201/xtal_77.cif,-25.712029,48.344116
xtal_81.cif,./Al13Sc3N16/__initial__/201/xtal_81.cif,-56.879192,88.874374
xtal_82.cif,./Al13Sc3N16/__initial__/201/xtal_82.cif,21.266394,72.36781
xtal_84.cif,./Al13Sc3N16/__initial__/201/xtal_84.cif,4.26622,-10.621069
xtal_85.cif,./Al13Sc3N16/__initial__/201/xtal_85.cif,-88.925735,-20.368776
xtal_86.cif,./Al13Sc3N16/__initial__/201/xtal_86.cif,-72.794624,-19.69711
xtal_88.cif,./Al13Sc3N16/__initial__/201/xtal_88.cif,48.10664,72.096596
xtal_93.cif,./Al13Sc3N16/__initial__/201/xtal_93.cif,-3.2925818,20.805222
xtal_94.cif,./Al13Sc3N16/__initial__/201/xtal_94.cif,-7.1714535,33.01753
xtal_98.cif,./Al13Sc3N16/__initial__/201/xtal_98.cif,-26.206154,48.625385
xtal_1.cif,./Al13Sc3N16/__initial__/204/xtal_1.cif,-70.19667,86.06317
xtal_12.cif,./Al13Sc3N16/__initial__/204/xtal_12.cif,54.00108,37.626217
xtal_13.cif,./Al13Sc3N16/__initial__/204/xtal_13.cif,-19.721743,54.630665
xtal_14.cif,./Al13Sc3N16/__initial__/204/xtal_14.cif,-60.637527,-26.916758
xtal_16.cif,./Al13Sc3N16/__initial__/204/xtal_16.cif,-37.446686,-29.49958
xtal_17.cif,./Al13Sc3N16/__initial__/204/xtal_17.cif,37.290035,89.65344
xtal_18.cif,./Al13Sc3N16/__initial__/204/xtal_18.cif,-49.00508,-66.061134
xtal_19.cif,./Al13Sc3N16/__initial__/204/xtal_19.cif,8.286446,-16.235868
xtal_2.cif,./Al13Sc3N16/__initial__/204/xtal_2.cif,-31.29724,55.27869
xtal_24.cif,./Al13Sc3N16/__initial__/204/xtal_24.cif,-36.31712,-29.51311
xtal_25.cif,./Al13Sc3N16/__initial__/204/xtal_25.cif,-68.741325,-74.45559
xtal_29.cif,./Al13Sc3N16/__initial__/204/xtal_29.cif,18.311304,-20.79647
xtal_3.cif,./Al13Sc3N16/__initial__/204/xtal_3.cif,-62.720512,-11.948709
xtal_30.cif,./Al13Sc3N16/__initial__/204/xtal_30.cif,-57.394123,-23.941837
xtal_31.cif,./Al13Sc3N16/__initial__/204/xtal_31.cif,-98.30125,-8.928844
xtal_32.cif,./Al13Sc3N16/__initial__/204/xtal_32.cif,-10.578521,-59.52259
xtal_33.cif,./Al13Sc3N16/__initial__/204/xtal_33.cif,56.523235,38.423923
xtal_34.cif,./Al13Sc3N16/__initial__/204/xtal_34.cif,-30.03767,17.761656
xtal_35.cif,./Al13Sc3N16/__initial__/204/xtal_35.cif,35.55203,86.08552
xtal_37.cif,./Al13Sc3N16/__initial__/204/xtal_37.cif,13.392433,-18.224579
xtal_46.cif,./Al13Sc3N16/__initial__/204/xtal_46.cif,-31.815277,13.798631
xtal_47.cif,./Al13Sc3N16/__initial__/204/xtal_47.cif,62.268448,50.54349
xtal_49.cif,./Al13Sc3N16/__initial__/204/xtal_49.cif,-88.9529,-35.907757
xtal_53.cif,./Al13Sc3N16/__initial__/204/xtal_53.cif,44.030594,21.622494
xtal_54.cif,./Al13Sc3N16/__initial__/204/xtal_54.cif,53.337368,38.115562
xtal_56.cif,./Al13Sc3N16/__initial__/204/xtal_56.cif,51.707783,43.825104
xtal_57.cif,./Al13Sc3N16/__initial__/204/xtal_57.cif,-26.15811,22.373203
xtal_58.cif,./Al13Sc3N16/__initial__/204/xtal_58.cif,59.880806,54.91401
xtal_6.cif,./Al13Sc3N16/__initial__/204/xtal_6.cif,-50.39401,-52.330063
xtal_64.cif,./Al13Sc3N16/__initial__/204/xtal_64.cif,32.28425,35.22565
xtal_65.cif,./Al13Sc3N16/__initial__/204/xtal_65.cif,-35.849007,9.028667
xtal_66.cif,./Al13Sc3N16/__initial__/204/xtal_66.cif,-39.07553,-30.87307
xtal_69.cif,./Al13Sc3N16/__initial__/204/xtal_69.cif,-30.677053,14.604081
xtal_70.cif,./Al13Sc3N16/__initial__/204/xtal_70.cif,-20.628183,16.526197
xtal_71.cif,./Al13Sc3N16/__initial__/204/xtal_71.cif,34.18813,-1.6530584
xtal_72.cif,./Al13Sc3N16/__initial__/204/xtal_72.cif,-27.357887,-51.8233
xtal_74.cif,./Al13Sc3N16/__initial__/204/xtal_74.cif,2.2044103,91.06938
xtal_78.cif,./Al13Sc3N16/__initial__/204/xtal_78.cif,26.445831,-10.519451
xtal_8.cif,./Al13Sc3N16/__initial__/204/xtal_8.cif,18.078913,-22.113388
xtal_83.cif,./Al13Sc3N16/__initial__/204/xtal_83.cif,-30.867039,62.811676
xtal_84.cif,./Al13Sc3N16/__initial__/204/xtal_84.cif,-72.50383,-10.43702
xtal_88.cif,./Al13Sc3N16/__initial__/204/xtal_88.cif,21.22002,-18.691854
xtal_89.cif,./Al13Sc3N16/__initial__/204/xtal_89.cif,-36.957367,-29.589872
xtal_9.cif,./Al13Sc3N16/__initial__/204/xtal_9.cif,-33.8213,94.06262
xtal_90.cif,./Al13Sc3N16/__initial__/204/xtal_90.cif,33.919525,91.95599
xtal_91.cif,./Al13Sc3N16/__initial__/204/xtal_91.cif,25.24068,10.942838
xtal_93.cif,./Al13Sc3N16/__initial__/204/xtal_93.cif,-45.843155,-65.86724
xtal_96.cif,./Al13Sc3N16/__initial__/204/xtal_96.cif,58.983234,63.89526
xtal_98.cif,./Al13Sc3N16/__initial__/204/xtal_98.cif,23.571611,10.719698
xtal_99.cif,./Al13Sc3N16/__initial__/204/xtal_99.cif,-92.849106,-11.044633
xtal_10.cif,./Al13Sc3N16/__initial__/207/xtal_10.cif,-35.317085,-40.20374
xtal_13.cif,./Al13Sc3N16/__initial__/207/xtal_13.cif,-35.108227,31.462076
xtal_14.cif,./Al13Sc3N16/__initial__/207/xtal_14.cif,60.32459,52.25301
xtal_15.cif,./Al13Sc3N16/__initial__/207/xtal_15.cif,-43.622387,5.2927976
xtal_16.cif,./Al13Sc3N16/__initial__/207/xtal_16.cif,-43.507713,-26.298037
xtal_18.cif,./Al13Sc3N16/__initial__/207/xtal_18.cif,-17.267282,-69.315346
xtal_2.cif,./Al13Sc3N16/__initial__/207/xtal_2.cif,-77.10175,75.791756
xtal_23.cif,./Al13Sc3N16/__initial__/207/xtal_23.cif,-32.791084,56.17955
xtal_24.cif,./Al13Sc3N16/__initial__/207/xtal_24.cif,43.826645,67.90327
xtal_27.cif,./Al13Sc3N16/__initial__/207/xtal_27.cif,-38.750015,10.3134
xtal_30.cif,./Al13Sc3N16/__initial__/207/xtal_30.cif,-65.62297,76.2844
xtal_32.cif,./Al13Sc3N16/__initial__/207/xtal_32.cif,-34.040867,57.943573
xtal_33.cif,./Al13Sc3N16/__initial__/207/xtal_33.cif,42.410767,71.00728
xtal_36.cif,./Al13Sc3N16/__initial__/207/xtal_36.cif,-33.00266,59.187637
xtal_37.cif,./Al13Sc3N16/__initial__/207/xtal_37.cif,-34.721832,59.059692
xtal_43.cif,./Al13Sc3N16/__initial__/207/xtal_43.cif,30.874224,25.56575
xtal_44.cif,./Al13Sc3N16/__initial__/207/xtal_44.cif,-66.11964,77.936455
xtal_45.cif,./Al13Sc3N16/__initial__/207/xtal_45.cif,-55.602146,-49.921196
xtal_46.cif,./Al13Sc3N16/__initial__/207/xtal_46.cif,-6.53798,59.866413
xtal_47.cif,./Al13Sc3N16/__initial__/207/xtal_47.cif,-16.993647,77.48976
xtal_5.cif,./Al13Sc3N16/__initial__/207/xtal_5.cif,52.357773,76.51624
xtal_52.cif,./Al13Sc3N16/__initial__/207/xtal_52.cif,-54.02215,-43.79008
xtal_53.cif,./Al13Sc3N16/__initial__/207/xtal_53.cif,-6.9007993,-14.633098
xtal_54.cif,./Al13Sc3N16/__initial__/207/xtal_54.cif,-82.98814,-33.45272
xtal_56.cif,./Al13Sc3N16/__initial__/207/xtal_56.cif,-52.143585,-46.460075
xtal_58.cif,./Al13Sc3N16/__initial__/207/xtal_58.cif,-8.285246,-11.764601
xtal_59.cif,./Al13Sc3N16/__initial__/207/xtal_59.cif,47.955303,40.049786
xtal_6.cif,./Al13Sc3N16/__initial__/207/xtal_6.cif,-9.126334,-46.61558
xtal_60.cif,./Al13Sc3N16/__initial__/207/xtal_60.cif,-8.222561,-11.752801
xtal_61.cif,./Al13Sc3N16/__initial__/207/xtal_61.cif,19.966858,9.123487
xtal_62.cif,./Al13Sc3N16/__initial__/207/xtal_62.cif,-11.964121,-44.542618
xtal_63.cif,./Al13Sc3N16/__initial__/207/xtal_63.cif,-17.067692,-40.988323
xtal_66.cif,./Al13Sc3N16/__initial__/207/xtal_66.cif,71.373436,65.43468
xtal_7.cif,./Al13Sc3N16/__initial__/207/xtal_7.cif,9.753728,88.04603
xtal_71.cif,./Al13Sc3N16/__initial__/207/xtal_71.cif,-58.336025,4.751709
xtal_73.cif,./Al13Sc3N16/__initial__/207/xtal_73.cif,4.902154,-11.730317
xtal_74.cif,./Al13Sc3N16/__initial__/207/xtal_74.cif,-93.72197,-9.517545
xtal_76.cif,./Al13Sc3N16/__initial__/207/xtal_76.cif,22.224972,10.039516
xtal_79.cif,./Al13Sc3N16/__initial__/207/xtal_79.cif,-57.718758,8.218719
xtal_8.cif,./Al13Sc3N16/__initial__/207/xtal_8.cif,-61.197964,5.677105
xtal_83.cif,./Al13Sc3N16/__initial__/207/xtal_83.cif,-2.9847496,61.599495
xtal_84.cif,./Al13Sc3N16/__initial__/207/xtal_84.cif,41.514053,17.018215
xtal_86.cif,./Al13Sc3N16/__initial__/207/xtal_86.cif,-65.354095,81.47488
xtal_88.cif,./Al13Sc3N16/__initial__/207/xtal_88.cif,38.51733,55.424656
xtal_89.cif,./Al13Sc3N16/__initial__/207/xtal_89.cif,36.800323,34.98931
xtal_93.cif,./Al13Sc3N16/__initial__/207/xtal_93.cif,-44.087933,-10.330972
xtal_94.cif,./Al13Sc3N16/__initial__/207/xtal_94.cif,-75.91216,77.940895
xtal_96.cif,./Al13Sc3N16/__initial__/207/xtal_96.cif,-71.4323,85.25965
xtal_98.cif,./Al13Sc3N16/__initial__/207/xtal_98.cif,-100.32139,-2.6096737
xtal_99.cif,./Al13Sc3N16/__initial__/207/xtal_99.cif,-11.309608,-6.4227962
xtal_1.cif,./Al13Sc3N16/__initial__/208/xtal_1.cif,39.249847,48.27826
xtal_10.cif,./Al13Sc3N16/__initial__/208/xtal_10.cif,-102.84592,-10.850627
xtal_12.cif,./Al13Sc3N16/__initial__/208/xtal_12.cif,-16.527168,23.66676
xtal_13.cif,./Al13Sc3N16/__initial__/208/xtal_13.cif,-70.67347,-39.10476
xtal_15.cif,./Al13Sc3N16/__initial__/208/xtal_15.cif,-14.816261,-28.442621
xtal_16.cif,./Al13Sc3N16/__initial__/208/xtal_16.cif,58.110184,63.846455
xtal_17.cif,./Al13Sc3N16/__initial__/208/xtal_17.cif,-17.519648,6.411513
xtal_19.cif,./Al13Sc3N16/__initial__/208/xtal_19.cif,44.53998,69.65329
xtal_20.cif,./Al13Sc3N16/__initial__/208/xtal_20.cif,-98.00567,-9.869766
xtal_28.cif,./Al13Sc3N16/__initial__/208/xtal_28.cif,-66.0082,-80.40942
xtal_29.cif,./Al13Sc3N16/__initial__/208/xtal_29.cif,-54.93315,-11.079075
xtal_30.cif,./Al13Sc3N16/__initial__/208/xtal_30.cif,-17.015636,85.91072
xtal_31.cif,./Al13Sc3N16/__initial__/208/xtal_31.cif,58.16031,63.685345
xtal_35.cif,./Al13Sc3N16/__initial__/208/xtal_35.cif,29.28656,86.582436
xtal_37.cif,./Al13Sc3N16/__initial__/208/xtal_37.cif,-24.437496,-49.29674
xtal_38.cif,./Al13Sc3N16/__initial__/208/xtal_38.cif,11.537737,-11.014231
xtal_39.cif,./Al13Sc3N16/__initial__/208/xtal_39.cif,-20.052668,26.645632
xtal_41.cif,./Al13Sc3N16/__initial__/208/xtal_41.cif,-79.24053,-36.843296
xtal_44.cif,./Al13Sc3N16/__initial__/208/xtal_44.cif,-45.404976,24.862125
xtal_46.cif,./Al13Sc3N16/__initial__/208/xtal_46.cif,4.5279627,-13.384218
xtal_48.cif,./Al13Sc3N16/__initial__/208/xtal_48.cif,26.13547,32.93073
xtal_49.cif,./Al13Sc3N16/__initial__/208/xtal_49.cif,65.73275,60.925095
xtal_5.cif,./Al13Sc3N16/__initial__/208/xtal_5.cif,-12.722982,27.692358
xtal_51.cif,./Al13Sc3N16/__initial__/208/xtal_51.cif,25.40263,32.737503
xtal_53.cif,./Al13Sc3N16/__initial__/208/xtal_53.cif,68.530685,64.17982
xtal_62.cif,./Al13Sc3N16/__initial__/208/xtal_62.cif,43.896423,42.28423
xtal_63.cif,./Al13Sc3N16/__initial__/208/xtal_63.cif,44.247356,52.663303
xtal_65.cif,./Al13Sc3N16/__initial__/208/xtal_65.cif,66.38018,65.71135
xtal_66.cif,./Al13Sc3N16/__initial__/208/xtal_66.cif,-40.756462,-29.59179
xtal_67.cif,./Al13Sc3N16/__initial__/208/xtal_67.cif,-13.652295,47.588825
xtal_7.cif,./Al13Sc3N16/__initial__/208/xtal_7.cif,-16.83243,-40.936844
xtal_70.cif,./Al13Sc3N16/__initial__/208/xtal_70.cif,17.143938,-7.3265195
xtal_71.cif,./Al13Sc3N16/__initial__/208/xtal_71.cif,-11.303616,-22.695013
xtal_72.cif,./Al13Sc3N16/__initial__/208/xtal_72.cif,-83.29719,-29.397547
xtal_76.cif,./Al13Sc3N16/__initial__/208/xtal_76.cif,54.037277,48.920044
xtal_79.cif,./Al13Sc3N16/__initial__/208/xtal_79.cif,-48.012127,88.884224
xtal_81.cif,./Al13Sc3N16/__initial__/208/xtal_81.cif,58.326824,53.14215
xtal_82.cif,./Al13Sc3N16/__initial__/208/xtal_82.cif,-37.064598,75.8543
xtal_83.cif,./Al13Sc3N16/__initial__/208/xtal_83.cif,-15.563328,46.375267
xtal_85.cif,./Al13Sc3N16/__initial__/208/xtal_85.cif,60.07304,53.04697
xtal_87.cif,./Al13Sc3N16/__initial__/208/xtal_87.cif,-18.801456,1.3089494
xtal_89.cif,./Al13Sc3N16/__initial__/208/xtal_89.cif,-16.62701,6.477349
xtal_9.cif,./Al13Sc3N16/__initial__/208/xtal_9.cif,-84.279625,-34.673237
xtal_90.cif,./Al13Sc3N16/__initial__/208/xtal_90.cif,36.066734,8.329071
xtal_91.cif,./Al13Sc3N16/__initial__/208/xtal_91.cif,57.28887,62.753292
xtal_92.cif,./Al13Sc3N16/__initial__/208/xtal_92.cif,5.12549,26.355946
xtal_94.cif,./Al13Sc3N16/__initial__/208/xtal_94.cif,56.839855,51.308914
xtal_95.cif,./Al13Sc3N16/__initial__/208/xtal_95.cif,-17.303375,29.710606
xtal_98.cif,./Al13Sc3N16/__initial__/208/xtal_98.cif,7.5024104,-34.51122
xtal_99.cif,./Al13Sc3N16/__initial__/208/xtal_99.cif,-103.350365,-4.6981463
xtal_1.cif,./Al13Sc3N16/__initial__/211/xtal_1.cif,36.513783,33.067554
xtal_10.cif,./Al13Sc3N16/__initial__/211/xtal_10.cif,-16.23212,-32.072613
xtal_100.cif,./Al13Sc3N16/__initial__/211/xtal_100.cif,-52.537617,0.1765671
xtal_11.cif,./Al13Sc3N16/__initial__/211/xtal_11.cif,-28.905125,19.387903
xtal_12.cif,./Al13Sc3N16/__initial__/211/xtal_12.cif,41.207172,74.082664
xtal_14.cif,./Al13Sc3N16/__initial__/211/xtal_14.cif,-41.27483,-53.072666
xtal_17.cif,./Al13Sc3N16/__initial__/211/xtal_17.cif,55.684673,47.82359
xtal_20.cif,./Al13Sc3N16/__initial__/211/xtal_20.cif,-9.0258665,-13.377646
xtal_21.cif,./Al13Sc3N16/__initial__/211/xtal_21.cif,-25.63469,15.959397
xtal_23.cif,./Al13Sc3N16/__initial__/211/xtal_23.cif,-90.77509,-18.770481
xtal_24.cif,./Al13Sc3N16/__initial__/211/xtal_24.cif,-55.303707,1.0287976
xtal_26.cif,./Al13Sc3N16/__initial__/211/xtal_26.cif,-26.85208,-34.45025
xtal_27.cif,./Al13Sc3N16/__initial__/211/xtal_27.cif,39.61669,67.19382
xtal_30.cif,./Al13Sc3N16/__initial__/211/xtal_30.cif,-56.322758,-48.985306
xtal_33.cif,./Al13Sc3N16/__initial__/211/xtal_33.cif,-101.675766,-17.95433
xtal_34.cif,./Al13Sc3N16/__initial__/211/xtal_34.cif,63.692364,51.00471
xtal_35.cif,./Al13Sc3N16/__initial__/211/xtal_35.cif,-25.528975,48.218094
xtal_38.cif,./Al13Sc3N16/__initial__/211/xtal_38.cif,8.406172,-27.292406
xtal_4.cif,./Al13Sc3N16/__initial__/211/xtal_4.cif,29.08391,37.67369
xtal_40.cif,./Al13Sc3N16/__initial__/211/xtal_40.cif,-46.519794,-8.334824
xtal_43.cif,./Al13Sc3N16/__initial__/211/xtal_43.cif,-64.57324,-47.774044
xtal_44.cif,./Al13Sc3N16/__initial__/211/xtal_44.cif,-7.37954,-26.122917
xtal_45.cif,./Al13Sc3N16/__initial__/211/xtal_45.cif,39.080597,19.353079
xtal_47.cif,./Al13Sc3N16/__initial__/211/xtal_47.cif,25.116053,11.113261
xtal_48.cif,./Al13Sc3N16/__initial__/211/xtal_48.cif,-68.58119,86.49732
xtal_49.cif,./Al13Sc3N16/__initial__/211/xtal_49.cif,-80.674835,-46.12627
xtal_51.cif,./Al13Sc3N16/__initial__/211/xtal_51.cif,13.1216345,92.10517
xtal_52.cif,./Al13Sc3N16/__initial__/211/xtal_52.cif,-71.199036,87.51172
xtal_57.cif,./Al13Sc3N16/__initial__/211/xtal_57.cif,-18.515182,10.580329
xtal_58.cif,./Al13Sc3N16/__initial__/211/xtal_58.cif,24.630919,28.744143
xtal_59.cif,./Al13Sc3N16/__initial__/211/xtal_59.cif,-35.706394,94.74306
xtal_61.cif,./Al13Sc3N16/__initial__/211/xtal_61.cif,-27.911066,18.974546
xtal_63.cif,./Al13Sc3N16/__initial__/211/xtal_63.cif,-53.146465,4.0394735
xtal_68.cif,./Al13Sc3N16/__initial__/211/xtal_68.cif,20.585485,-0.40898836
xtal_7.cif,./Al13Sc3N16/__initial__/211/xtal_7.cif,13.249361,-18.733173
xtal_74.cif,./Al13Sc3N16/__initial__/211/xtal_74.cif,-27.478989,14.81353
xtal_77.cif,./Al13Sc3N16/__initial__/211/xtal_77.cif,-18.313515,-39.827488
xtal_80.cif,./Al13Sc3N16/__initial__/211/xtal_80.cif,-15.586169,78.51493
xtal_81.cif,./Al13Sc3N16/__initial__/211/xtal_81.cif,-55.795544,4.826971
xtal_83.cif,./Al13Sc3N16/__initial__/211/xtal_83.cif,-27.773031,60.57501
xtal_84.cif,./Al13Sc3N16/__initial__/211/xtal_84.cif,29.18744,-8.827954
xtal_85.cif,./Al13Sc3N16/__initial__/211/xtal_85.cif,-54.56256,8.849585
xtal_88.cif,./Al13Sc3N16/__initial__/211/xtal_88.cif,-24.954811,-39.41457
xtal_89.cif,./Al13Sc3N16/__initial__/211/xtal_89.cif,-99.41076,4.5055947
xtal_94.cif,./Al13Sc3N16/__initial__/211/xtal_94.cif,-89.36474,-63.594776
xtal_95.cif,./Al13Sc3N16/__initial__/211/xtal_95.cif,-18.28569,24.532215
xtal_96.cif,./Al13Sc3N16/__initial__/211/xtal_96.cif,-54.16791,2.2443273
xtal_97.cif,./Al13Sc3N16/__initial__/211/xtal_97.cif,42.97582,78.69983
xtal_98.cif,./Al13Sc3N16/__initial__/211/xtal_98.cif,-50.780743,-43.329323
xtal_99.cif,./Al13Sc3N16/__initial__/211/xtal_99.cif,-47.466747,-75.421776
xtal_1.cif,./Al13Sc3N16/__initial__/215/xtal_1.cif,-70.34532,-10.14414
xtal_10.cif,./Al13Sc3N16/__initial__/215/xtal_10.cif,-68.12126,79.7059
xtal_11.cif,./Al13Sc3N16/__initial__/215/xtal_11.cif,-75.45044,-8.688314
xtal_12.cif,./Al13Sc3N16/__initial__/215/xtal_12.cif,-65.89473,79.14824
xtal_13.cif,./Al13Sc3N16/__initial__/215/xtal_13.cif,-59.85836,90.05173
xtal_15.cif,./Al13Sc3N16/__initial__/215/xtal_15.cif,-46.23698,27.104378
xtal_16.cif,./Al13Sc3N16/__initial__/215/xtal_16.cif,45.8116,-51.351013
xtal_17.cif,./Al13Sc3N16/__initial__/215/xtal_17.cif,38.112053,-65.32852
xtal_19.cif,./Al13Sc3N16/__initial__/215/xtal_19.cif,92.174126,-12.166249
xtal_2.cif,./Al13Sc3N16/__initial__/215/xtal_2.cif,-68.28799,78.91058
xtal_21.cif,./Al13Sc3N16/__initial__/215/xtal_21.cif,-36.52619,57.245785
xtal_24.cif,./Al13Sc3N16/__initial__/215/xtal_24.cif,-47.416782,-29.819275
xtal_27.cif,./Al13Sc3N16/__initial__/215/xtal_27.cif,-86.38108,-33.178566
xtal_29.cif,./Al13Sc3N16/__initial__/215/xtal_29.cif,70.14353,-87.87152
xtal_31.cif,./Al13Sc3N16/__initial__/215/xtal_31.cif,74.76465,60.832478
xtal_32.cif,./Al13Sc3N16/__initial__/215/xtal_32.cif,-25.380947,-66.280975
xtal_33.cif,./Al13Sc3N16/__initial__/215/xtal_33.cif,-36.325817,78.230934
xtal_35.cif,./Al13Sc3N16/__initial__/215/xtal_35.cif,67.44445,-75.96289
xtal_37.cif,./Al13Sc3N16/__initial__/215/xtal_37.cif,48.831055,-45.54548
xtal_4.cif,./Al13Sc3N16/__initial__/215/xtal_4.cif,43.238842,41.266808
xtal_42.cif,./Al13Sc3N16/__initial__/215/xtal_42.cif,-67.14232,79.4291
xtal_43.cif,./Al13Sc3N16/__initial__/215/xtal_43.cif,-23.297405,-54.857094
xtal_44.cif,./Al13Sc3N16/__initial__/215/xtal_44.cif,29.577934,-88.05619
xtal_46.cif,./Al13Sc3N16/__initial__/215/xtal_46.cif,-58.44527,1.895813
xtal_49.cif,./Al13Sc3N16/__initial__/215/xtal_49.cif,-68.55973,-43.038452
xtal_50.cif,./Al13Sc3N16/__initial__/215/xtal_50.cif,-10.194886,94.13916
xtal_51.cif,./Al13Sc3N16/__initial__/215/xtal_51.cif,85.6909,8.35227
xtal_53.cif,./Al13Sc3N16/__initial__/215/xtal_53.cif,-34.15348,53.559166
xtal_58.cif,./Al13Sc3N16/__initial__/215/xtal_58.cif,40.123146,42.438248
xtal_6.cif,./Al13Sc3N16/__initial__/215/xtal_6.cif,52.81596,-69.82737
xtal_60.cif,./Al13Sc3N16/__initial__/215/xtal_60.cif,-34.14981,58.351696
xtal_65.cif,./Al13Sc3N16/__initial__/215/xtal_65.cif,-52.64403,72.52377
xtal_66.cif,./Al13Sc3N16/__initial__/215/xtal_66.cif,65.149185,-73.172844
xtal_68.cif,./Al13Sc3N16/__initial__/215/xtal_68.cif,62.466015,-71.88192
xtal_75.cif,./Al13Sc3N16/__initial__/215/xtal_75.cif,-63.255722,-58.727524
xtal_76.cif,./Al13Sc3N16/__initial__/215/xtal_76.cif,88.65099,21.5623
xtal_77.cif,./Al13Sc3N16/__initial__/215/xtal_77.cif,-48.368294,88.05283
xtal_80.cif,./Al13Sc3N16/__initial__/215/xtal_80.cif,-27.041817,-35.825844
xtal_81.cif,./Al13Sc3N16/__initial__/215/xtal_81.cif,24.532333,-77.35379
xtal_83.cif,./Al13Sc3N16/__initial__/215/xtal_83.cif,59.17443,-75.54004
xtal_84.cif,./Al13Sc3N16/__initial__/215/xtal_84.cif,-78.213646,76.26589
xtal_86.cif,./Al13Sc3N16/__initial__/215/xtal_86.cif,-66.65326,83.17079
xtal_87.cif,./Al13Sc3N16/__initial__/215/xtal_87.cif,-31.890026,15.442735
xtal_88.cif,./Al13Sc3N16/__initial__/215/xtal_88.cif,41.961422,-66.395096
xtal_89.cif,./Al13Sc3N16/__initial__/215/xtal_89.cif,-102.064384,-11.008898
xtal_9.cif,./Al13Sc3N16/__initial__/215/xtal_9.cif,-46.19425,11.982038
xtal_90.cif,./Al13Sc3N16/__initial__/215/xtal_90.cif,43.02418,-60.240276
xtal_93.cif,./Al13Sc3N16/__initial__/215/xtal_93.cif,93.47387,-2.930055
xtal_96.cif,./Al13Sc3N16/__initial__/215/xtal_96.cif,-42.71147,-10.728605
xtal_99.cif,./Al13Sc3N16/__initial__/215/xtal_99.cif,-89.261986,-10.75908
xtal_100.cif,./Al13Sc3N16/__initial__/217/xtal_100.cif,-10.723456,59.047527
xtal_11.cif,./Al13Sc3N16/__initial__/217/xtal_11.cif,-60.52149,81.515915
xtal_12.cif,./Al13Sc3N16/__initial__/217/xtal_12.cif,88.392914,25.797836
xtal_13.cif,./Al13Sc3N16/__initial__/217/xtal_13.cif,-22.985693,16.483755
xtal_14.cif,./Al13Sc3N16/__initial__/217/xtal_14.cif,42.45732,31.714708
xtal_17.cif,./Al13Sc3N16/__initial__/217/xtal_17.cif,58.49127,71.16899
xtal_18.cif,./Al13Sc3N16/__initial__/217/xtal_18.cif,-72.73428,86.857124
xtal_19.cif,./Al13Sc3N16/__initial__/217/xtal_19.cif,-21.04583,25.772692
xtal_2.cif,./Al13Sc3N16/__initial__/217/xtal_2.cif,-73.66161,75.519455
xtal_21.cif,./Al13Sc3N16/__initial__/217/xtal_21.cif,-91.199844,-18.55429
xtal_22.cif,./Al13Sc3N16/__initial__/217/xtal_22.cif,-78.97623,76.42916
xtal_23.cif,./Al13Sc3N16/__initial__/217/xtal_23.cif,-20.510748,71.35862
xtal_26.cif,./Al13Sc3N16/__initial__/217/xtal_26.cif,-78.95893,76.31465
xtal_28.cif,./Al13Sc3N16/__initial__/217/xtal_28.cif,-58.010838,3.7395477
xtal_29.cif,./Al13Sc3N16/__initial__/217/xtal_29.cif,45.879154,-36.510277
xtal_33.cif,./Al13Sc3N16/__initial__/217/xtal_33.cif,-24.460632,59.2044
xtal_34.cif,./Al13Sc3N16/__initial__/217/xtal_34.cif,29.922174,-45.09999
xtal_35.cif,./Al13Sc3N16/__initial__/217/xtal_35.cif,-55.356567,81.4066
xtal_38.cif,./Al13Sc3N16/__initial__/217/xtal_38.cif,-7.7618403,-47.3546
xtal_43.cif,./Al13Sc3N16/__initial__/217/xtal_43.cif,-32.328163,-38.02354
xtal_44.cif,./Al13Sc3N16/__initial__/217/xtal_44.cif,-73.22097,86.10071
xtal_46.cif,./Al13Sc3N16/__initial__/217/xtal_46.cif,-51.615246,84.34102
xtal_47.cif,./Al13Sc3N16/__initial__/217/xtal_47.cif,-31.276527,94.18012
xtal_48.cif,./Al13Sc3N16/__initial__/217/xtal_48.cif,-33.688507,-33.25717
xtal_5.cif,./Al13Sc3N16/__initial__/217/xtal_5.cif,-74.22506,-30.3284
xtal_50.cif,./Al13Sc3N16/__initial__/217/xtal_50.cif,-66.37942,83.92604
xtal_51.cif,./Al13Sc3N16/__initial__/217/xtal_51.cif,-68.7157,86.36359
xtal_52.cif,./Al13Sc3N16/__initial__/217/xtal_52.cif,-19.33667,10.3695345
xtal_54.cif,./Al13Sc3N16/__initial__/217/xtal_54.cif,-68.84811,81.76667
xtal_56.cif,./Al13Sc3N16/__initial__/217/xtal_56.cif,-81.916985,-35.262196
xtal_61.cif,./Al13Sc3N16/__initial__/217/xtal_61.cif,-55.025757,2.101687
xtal_63.cif,./Al13Sc3N16/__initial__/217/xtal_63.cif,96.37869,-12.714514
xtal_65.cif,./Al13Sc3N16/__initial__/217/xtal_65.cif,-44.872505,-17.030142
xtal_66.cif,./Al13Sc3N16/__initial__/217/xtal_66.cif,49.864815,75.138565
xtal_67.cif,./Al13Sc3N16/__initial__/217/xtal_67.cif,-50.549156,-5.6756043
xtal_69.cif,./Al13Sc3N16/__initial__/217/xtal_69.cif,-59.324276,81.30542
xtal_7.cif,./Al13Sc3N16/__initial__/217/xtal_7.cif,-24.618723,67.97469
xtal_70.cif,./Al13Sc3N16/__initial__/217/xtal_70.cif,-64.2457,83.133194
xtal_71.cif,./Al13Sc3N16/__initial__/217/xtal_71.cif,-107.961044,6.3031716
xtal_73.cif,./Al13Sc3N16/__initial__/217/xtal_73.cif,66.23282,28.990505
xtal_74.cif,./Al13Sc3N16/__initial__/217/xtal_74.cif,-55.821545,-42.944016
xtal_77.cif,./Al13Sc3N16/__initial__/217/xtal_77.cif,-52.914467,-81.9328
xtal_78.cif,./Al13Sc3N16/__initial__/217/xtal_78.cif,17.948658,84.98643
xtal_8.cif,./Al13Sc3N16/__initial__/217/xtal_8.cif,72.48516,66.31443
xtal_83.cif,./Al13Sc3N16/__initial__/217/xtal_83.cif,-96.86692,-37.379963
xtal_86.cif,./Al13Sc3N16/__initial__/217/xtal_86.cif,-45.667267,11.2674
xtal_87.cif,./Al13Sc3N16/__initial__/217/xtal_87.cif,-80.007614,76.71707
xtal_89.cif,./Al13Sc3N16/__initial__/217/xtal_89.cif,-57.397232,3.0182538
xtal_9.cif,./Al13Sc3N16/__initial__/217/xtal_9.cif,-55.825127,-18.693293
xtal_91.cif,./Al13Sc3N16/__initial__/217/xtal_91.cif,-8.672314,7.3978405
xtal_1.cif,./Al13Sc3N16/__initial__/218/xtal_1.cif,-20.034071,60.07066
xtal_100.cif,./Al13Sc3N16/__initial__/218/xtal_100.cif,8.266565,16.210182
xtal_11.cif,./Al13Sc3N16/__initial__/218/xtal_11.cif,-89.380714,-24.855553
xtal_13.cif,./Al13Sc3N16/__initial__/218/xtal_13.cif,-49.03727,88.43456
xtal_14.cif,./Al13Sc3N16/__initial__/218/xtal_14.cif,-33.47321,81.32563
xtal_15.cif,./Al13Sc3N16/__initial__/218/xtal_15.cif,-41.624035,36.19408
xtal_2.cif,./Al13Sc3N16/__initial__/218/xtal_2.cif,-56.964157,82.3123
xtal_20.cif,./Al13Sc3N16/__initial__/218/xtal_20.cif,-42.821598,37.74443
xtal_21.cif,./Al13Sc3N16/__initial__/218/xtal_21.cif,-22.421593,16.476263
xtal_22.cif,./Al13Sc3N16/__initial__/218/xtal_22.cif,-74.06485,-6.2324185
xtal_26.cif,./Al13Sc3N16/__initial__/218/xtal_26.cif,39.471485,-4.436526
xtal_27.cif,./Al13Sc3N16/__initial__/218/xtal_27.cif,-8.351378,33.74285
xtal_28.cif,./Al13Sc3N16/__initial__/218/xtal_28.cif,-71.34225,36.339493
xtal_30.cif,./Al13Sc3N16/__initial__/218/xtal_30.cif,-25.804813,-35.20774
xtal_33.cif,./Al13Sc3N16/__initial__/218/xtal_33.cif,-40.464367,35.557465
xtal_34.cif,./Al13Sc3N16/__initial__/218/xtal_34.cif,-26.162685,21.508606
xtal_37.cif,./Al13Sc3N16/__initial__/218/xtal_37.cif,-79.09457,69.3414
xtal_39.cif,./Al13Sc3N16/__initial__/218/xtal_39.cif,-6.015061,26.138264
xtal_41.cif,./Al13Sc3N16/__initial__/218/xtal_41.cif,-59.117485,-25.458033
xtal_42.cif,./Al13Sc3N16/__initial__/218/xtal_42.cif,69.952705,-66.729744
xtal_44.cif,./Al13Sc3N16/__initial__/218/xtal_44.cif,-19.509132,-61.493996
xtal_47.cif,./Al13Sc3N16/__initial__/218/xtal_47.cif,20.72482,77.75222
xtal_51.cif,./Al13Sc3N16/__initial__/218/xtal_51.cif,15.986482,5.3694363
xtal_56.cif,./Al13Sc3N16/__initial__/218/xtal_56.cif,70.833626,19.442581
xtal_57.cif,./Al13Sc3N16/__initial__/218/xtal_57.cif,-47.571342,82.57253
xtal_58.cif,./Al13Sc3N16/__initial__/218/xtal_58.cif,47.589157,16.904472
xtal_59.cif,./Al13Sc3N16/__initial__/218/xtal_59.cif,21.153337,30.708288
xtal_60.cif,./Al13Sc3N16/__initial__/218/xtal_60.cif,39.884872,-25.582647
xtal_67.cif,./Al13Sc3N16/__initial__/218/xtal_67.cif,64.59896,73.60026
xtal_69.cif,./Al13Sc3N16/__initial__/218/xtal_69.cif,75.69702,0.7824668
xtal_7.cif,./Al13Sc3N16/__initial__/218/xtal_7.cif,-50.53357,-42.89607
xtal_72.cif,./Al13Sc3N16/__initial__/218/xtal_72.cif,-47.72812,82.548294
xtal_73.cif,./Al13Sc3N16/__initial__/218/xtal_73.cif,59.291183,-20.121063
xtal_74.cif,./Al13Sc3N16/__initial__/218/xtal_74.cif,-60.529644,8.282564
xtal_75.cif,./Al13Sc3N16/__initial__/218/xtal_75.cif,-48.700695,-68.774864
xtal_77.cif,./Al13Sc3N16/__initial__/218/xtal_77.cif,5.2958345,-56.50136
xtal_79.cif,./Al13Sc3N16/__initial__/218/xtal_79.cif,52.931873,37.289394
xtal_8.cif,./Al13Sc3N16/__initial__/218/xtal_8.cif,14.434619,-28.770775
xtal_82.cif,./Al13Sc3N16/__initial__/218/xtal_82.cif,-37.742344,77.598946
xtal_84.cif,./Al13Sc3N16/__initial__/218/xtal_84.cif,-16.280518,79.56015
xtal_86.cif,./Al13Sc3N16/__initial__/218/xtal_86.cif,-79.144684,68.78317
xtal_87.cif,./Al13Sc3N16/__initial__/218/xtal_87.cif,26.565804,-10.421564
xtal_88.cif,./Al13Sc3N16/__initial__/218/xtal_88.cif,36.40634,93.22111
xtal_89.cif,./Al13Sc3N16/__initial__/218/xtal_89.cif,-56.321907,14.093915
xtal_9.cif,./Al13Sc3N16/__initial__/218/xtal_9.cif,-9.406998,-61.422104
xtal_90.cif,./Al13Sc3N16/__initial__/218/xtal_90.cif,-23.763855,94.01657
xtal_91.cif,./Al13Sc3N16/__initial__/218/xtal_91.cif,-55.19423,-2.0667622
xtal_94.cif,./Al13Sc3N16/__initial__/218/xtal_94.cif,-25.467096,62.471264
xtal_96.cif,./Al13Sc3N16/__initial__/218/xtal_96.cif,96.34172,-19.901484
xtal_97.cif,./Al13Sc3N16/__initial__/218/xtal_97.cif,-47.708626,87.64944
xtal_10.cif,./Al13Sc3N16/__initial__/221/xtal_10.cif,-73.28639,-31.542885
xtal_11.cif,./Al13Sc3N16/__initial__/221/xtal_11.cif,-34.702957,55.524364
xtal_13.cif,./Al13Sc3N16/__initial__/221/xtal_13.cif,-17.985853,-65.87284
xtal_14.cif,./Al13Sc3N16/__initial__/221/xtal_14.cif,-3.057817,61.653034
xtal_17.cif,./Al13Sc3N16/__initial__/221/xtal_17.cif,-67.36549,78.3847
xtal_18.cif,./Al13Sc3N16/__initial__/221/xtal_18.cif,-34.708725,-34.703236
xtal_20.cif,./Al13Sc3N16/__initial__/221/xtal_20.cif,10.971506,-27.796682
xtal_24.cif,./Al13Sc3N16/__initial__/221/xtal_24.cif,-68.55173,76.03615
xtal_25.cif,./Al13Sc3N16/__initial__/221/xtal_25.cif,-67.638054,75.88782
xtal_26.cif,./Al13Sc3N16/__initial__/221/xtal_26.cif,-71.01856,-6.7682514
xtal_27.cif,./Al13Sc3N16/__initial__/221/xtal_27.cif,-66.81848,83.72226
xtal_3.cif,./Al13Sc3N16/__initial__/221/xtal_3.cif,30.013693,8.282161
xtal_30.cif,./Al13Sc3N16/__initial__/221/xtal_30.cif,-23.192627,-76.68626
xtal_32.cif,./Al13Sc3N16/__initial__/221/xtal_32.cif,-36.39452,54.58249
xtal_36.cif,./Al13Sc3N16/__initial__/221/xtal_36.cif,-7.240013,-14.468359
xtal_38.cif,./Al13Sc3N16/__initial__/221/xtal_38.cif,-21.606543,83.79421
xtal_39.cif,./Al13Sc3N16/__initial__/221/xtal_39.cif,48.724815,67.4732
xtal_4.cif,./Al13Sc3N16/__initial__/221/xtal_4.cif,10.86468,-6.050548
xtal_40.cif,./Al13Sc3N16/__initial__/221/xtal_40.cif,38.568275,45.30687
xtal_42.cif,./Al13Sc3N16/__initial__/221/xtal_42.cif,-21.360165,72.58635
xtal_43.cif,./Al13Sc3N16/__initial__/221/xtal_43.cif,-19.20137,20.123642
xtal_44.cif,./Al13Sc3N16/__initial__/221/xtal_44.cif,-92.525406,-10.250028
xtal_47.cif,./Al13Sc3N16/__initial__/221/xtal_47.cif,-58.309998,-7.49428
xtal_48.cif,./Al13Sc3N16/__initial__/221/xtal_48.cif,-56.603565,81.44233
xtal_49.cif,./Al13Sc3N16/__initial__/221/xtal_49.cif,41.683144,28.236176
xtal_5.cif,./Al13Sc3N16/__initial__/221/xtal_5.cif,-43.69247,-50.120922
xtal_51.cif,./Al13Sc3N16/__initial__/221/xtal_51.cif,-67.03637,78.86702
xtal_54.cif,./Al13Sc3N16/__initial__/221/xtal_54.cif,27.704485,92.23158
xtal_55.cif,./Al13Sc3N16/__initial__/221/xtal_55.cif,-89.93695,-53.123444
xtal_57.cif,./Al13Sc3N16/__initial__/221/xtal_57.cif,13.53207,2.548755
xtal_59.cif,./Al13Sc3N16/__initial__/221/xtal_59.cif,-59.07657,85.91155
xtal_6.cif,./Al13Sc3N16/__initial__/221/xtal_6.cif,33.32191,44.457428
xtal_60.cif,./Al13Sc3N16/__initial__/221/xtal_60.cif,-18.923931,19.54057
xtal_61.cif,./Al13Sc3N16/__initial__/221/xtal_61.cif,18.970621,22.420713
xtal_63.cif,./Al13Sc3N16/__initial__/221/xtal_63.cif,-76.52511,76.080025
xtal_64.cif,./Al13Sc3N16/__initial__/221/xtal_64.cif,-28.259153,-65.87587
xtal_66.cif,./Al13Sc3N16/__initial__/221/xtal_66.cif,-16.33612,75.00694
xtal_67.cif,./Al13Sc3N16/__initial__/221/xtal_67.cif,-8.749457,-14.308515
xtal_69.cif,./Al13Sc3N16/__initial__/221/xtal_69.cif,-84.39332,-20.416136
xtal_7.cif,./Al13Sc3N16/__initial__/221/xtal_7.cif,54.938007,48.50599
xtal_71.cif,./Al13Sc3N16/__initial__/221/xtal_71.cif,-6.427067,-28.271444
xtal_75.cif,./Al13Sc3N16/__initial__/221/xtal_75.cif,33.643284,30.738258
xtal_77.cif,./Al13Sc3N16/__initial__/221/xtal_77.cif,-24.7434,18.746002
xtal_8.cif,./Al13Sc3N16/__initial__/221/xtal_8.cif,-86.79326,-10.050706
xtal_82.cif,./Al13Sc3N16/__initial__/221/xtal_82.cif,-49.101173,-52.639843
xtal_84.cif,./Al13Sc3N16/__initial__/221/xtal_84.cif,-33.771248,57.834568
xtal_87.cif,./Al13Sc3N16/__initial__/221/xtal_87.cif,41.244244,75.68606
xtal_88.cif,./Al13Sc3N16/__initial__/221/xtal_88.cif,-10.105182,38.844643
xtal_89.cif,./Al13Sc3N16/__initial__/221/xtal_89.cif,4.0810924,-30.897667
xtal_93.cif,./Al13Sc3N16/__initial__/221/xtal_93.cif,-21.039913,67.551125
xtal_10.cif,./Al13Sc3N16/__initial__/222/xtal_10.cif,-29.247637,68.1847
xtal_11.cif,./Al13Sc3N16/__initial__/222/xtal_11.cif,-39.674297,-28.805862
xtal_13.cif,./Al13Sc3N16/__initial__/222/xtal_13.cif,-65.4036,-41.28622
xtal_14.cif,./Al13Sc3N16/__initial__/222/xtal_14.cif,-29.334068,62.96271
xtal_18.cif,./Al13Sc3N16/__initial__/222/xtal_18.cif,-29.331629,62.849857
xtal_19.cif,./Al13Sc3N16/__initial__/222/xtal_19.cif,39.41851,13.636609
xtal_2.cif,./Al13Sc3N16/__initial__/222/xtal_2.cif,-23.8572,20.917625
xtal_20.cif,./Al13Sc3N16/__initial__/222/xtal_20.cif,-40.68787,92.64615
xtal_21.cif,./Al13Sc3N16/__initial__/222/xtal_21.cif,2.1225061,-40.602806
xtal_22.cif,./Al13Sc3N16/__initial__/222/xtal_22.cif,-43.226536,92.56007
xtal_25.cif,./Al13Sc3N16/__initial__/222/xtal_25.cif,-90.61643,-3.945859
xtal_29.cif,./Al13Sc3N16/__initial__/222/xtal_29.cif,-22.930315,57.404427
xtal_3.cif,./Al13Sc3N16/__initial__/222/xtal_3.cif,-9.084532,3.7548113
xtal_34.cif,./Al13Sc3N16/__initial__/222/xtal_34.cif,44.277416,75.61665
xtal_36.cif,./Al13Sc3N16/__initial__/222/xtal_36.cif,-27.939762,60.474693
xtal_37.cif,./Al13Sc3N16/__initial__/222/xtal_37.cif,11.521045,-19.921793
xtal_4.cif,./Al13Sc3N16/__initial__/222/xtal_4.cif,-28.149422,17.994572
xtal_41.cif,./Al13Sc3N16/__initial__/222/xtal_41.cif,-54.477306,-42.444954
xtal_44.cif,./Al13Sc3N16/__initial__/222/xtal_44.cif,22.641336,8.190442
xtal_45.cif,./Al13Sc3N16/__initial__/222/xtal_45.cif,-41.555904,94.09898
xtal_47.cif,./Al13Sc3N16/__initial__/222/xtal_47.cif,45.974815,28.186209
xtal_49.cif,./Al13Sc3N16/__initial__/222/xtal_49.cif,-28.133312,16.936916
xtal_5.cif,./Al13Sc3N16/__initial__/222/xtal_5.cif,-70.01529,-37.763977
xtal_53.cif,./Al13Sc3N16/__initial__/222/xtal_53.cif,27.279737,86.843124
xtal_56.cif,./Al13Sc3N16/__initial__/222/xtal_56.cif,42.682655,18.646551
xtal_58.cif,./Al13Sc3N16/__initial__/222/xtal_58.cif,46.122234,83.95798
xtal_59.cif,./Al13Sc3N16/__initial__/222/xtal_59.cif,-5.5926886,-51.077164
xtal_6.cif,./Al13Sc3N16/__initial__/222/xtal_6.cif,-68.216545,86.19974
xtal_60.cif,./Al13Sc3N16/__initial__/222/xtal_60.cif,-102.27014,-28.22293
xtal_61.cif,./Al13Sc3N16/__initial__/222/xtal_61.cif,-22.65263,53.749264
xtal_62.cif,./Al13Sc3N16/__initial__/222/xtal_62.cif,-16.493837,-4.244266
xtal_64.cif,./Al13Sc3N16/__initial__/222/xtal_64.cif,-59.936974,80.36053
xtal_65.cif,./Al13Sc3N16/__initial__/222/xtal_65.cif,-34.565826,94.24713
xtal_68.cif,./Al13Sc3N16/__initial__/222/xtal_68.cif,25.58522,8.785143
xtal_7.cif,./Al13Sc3N16/__initial__/222/xtal_7.cif,-57.869553,-46.690845
xtal_70.cif,./Al13Sc3N16/__initial__/222/xtal_70.cif,20.82302,20.987211
xtal_71.cif,./Al13Sc3N16/__initial__/222/xtal_71.cif,-61.032524,80.423195
xtal_73.cif,./Al13Sc3N16/__initial__/222/xtal_73.cif,-35.11114,94.43685
xtal_74.cif,./Al13Sc3N16/__initial__/222/xtal_74.cif,-71.01661,87.60369
xtal_76.cif,./Al13Sc3N16/__initial__/222/xtal_76.cif,-5.2112126,-21.36516
xtal_77.cif,./Al13Sc3N16/__initial__/222/xtal_77.cif,-31.61427,93.595474
xtal_8.cif,./Al13Sc3N16/__initial__/222/xtal_8.cif,-42.68582,-26.462456
xtal_81.cif,./Al13Sc3N16/__initial__/222/xtal_81.cif,6.09062,80.23603
xtal_82.cif,./Al13Sc3N16/__initial__/222/xtal_82.cif,33.984688,2.1918662
xtal_87.cif,./Al13Sc3N16/__initial__/222/xtal_87.cif,1.7495414,91.13034
xtal_89.cif,./Al13Sc3N16/__initial__/222/xtal_89.cif,7.2183423,86.47607
xtal_90.cif,./Al13Sc3N16/__initial__/222/xtal_90.cif,54.35787,39.53221
xtal_93.cif,./Al13Sc3N16/__initial__/222/xtal_93.cif,-17.324833,18.641977
xtal_95.cif,./Al13Sc3N16/__initial__/222/xtal_95.cif,-34.552505,94.25964
xtal_96.cif,./Al13Sc3N16/__initial__/222/xtal_96.cif,7.8787174,-27.578552
xtal_1.cif,./Al13Sc3N16/__initial__/223/xtal_1.cif,65.74851,64.24952
xtal_10.cif,./Al13Sc3N16/__initial__/223/xtal_10.cif,22.968412,13.830973
xtal_100.cif,./Al13Sc3N16/__initial__/223/xtal_100.cif,-13.122722,7.7088585
xtal_12.cif,./Al13Sc3N16/__initial__/223/xtal_12.cif,6.1303988,25.64912
xtal_16.cif,./Al13Sc3N16/__initial__/223/xtal_16.cif,-54.99248,2.1665606
xtal_19.cif,./Al13Sc3N16/__initial__/223/xtal_19.cif,11.585798,-23.809483
xtal_2.cif,./Al13Sc3N16/__initial__/223/xtal_2.cif,-23.1138,59.541565
xtal_20.cif,./Al13Sc3N16/__initial__/223/xtal_20.cif,-37.899586,-33.038094
xtal_21.cif,./Al13Sc3N16/__initial__/223/xtal_21.cif,-25.745401,37.46967
xtal_22.cif,./Al13Sc3N16/__initial__/223/xtal_22.cif,-90.74373,-4.0563726
xtal_23.cif,./Al13Sc3N16/__initial__/223/xtal_23.cif,-21.96803,33.585865
xtal_24.cif,./Al13Sc3N16/__initial__/223/xtal_24.cif,5.780061,-16.07226
xtal_25.cif,./Al13Sc3N16/__initial__/223/xtal_25.cif,-61.68571,-39.54376
xtal_30.cif,./Al13Sc3N16/__initial__/223/xtal_30.cif,18.15103,-23.426033
xtal_31.cif,./Al13Sc3N16/__initial__/223/xtal_31.cif,48.570816,22.739243
xtal_36.cif,./Al13Sc3N16/__initial__/223/xtal_36.cif,60.233585,54.580135
xtal_37.cif,./Al13Sc3N16/__initial__/223/xtal_37.cif,34.565037,8.645716
xtal_39.cif,./Al13Sc3N16/__initial__/223/xtal_39.cif,-57.771,14.151518
xtal_41.cif,./Al13Sc3N16/__initial__/223/xtal_41.cif,-4.007746,29.534716
xtal_42.cif,./Al13Sc3N16/__initial__/223/xtal_42.cif,-18.70871,-28.173714
xtal_44.cif,./Al13Sc3N16/__initial__/223/xtal_44.cif,-55.95001,25.91121
xtal_47.cif,./Al13Sc3N16/__initial__/223/xtal_47.cif,-79.684296,-39.38757
xtal_48.cif,./Al13Sc3N16/__initial__/223/xtal_48.cif,-17.939049,-30.187744
xtal_49.cif,./Al13Sc3N16/__initial__/223/xtal_49.cif,-106.25298,4.290282
xtal_5.cif,./Al13Sc3N16/__initial__/223/xtal_5.cif,-82.5126,68.685524
xtal_50.cif,./Al13Sc3N16/__initial__/223/xtal_50.cif,27.484135,-12.630657
xtal_52.cif,./Al13Sc3N16/__initial__/223/xtal_52.cif,1.5041295,-28.042963
xtal_53.cif,./Al13Sc3N16/__initial__/223/xtal_53.cif,39.469387,13.545541
xtal_55.cif,./Al13Sc3N16/__initial__/223/xtal_55.cif,-15.5098095,-40.521603
xtal_56.cif,./Al13Sc3N16/__initial__/223/xtal_56.cif,-105.41005,-3.9840903
xtal_57.cif,./Al13Sc3N16/__initial__/223/xtal_57.cif,-104.99759,-13.070007
xtal_61.cif,./Al13Sc3N16/__initial__/223/xtal_61.cif,-21.735804,16.89259
xtal_62.cif,./Al13Sc3N16/__initial__/223/xtal_62.cif,72.33307,64.504814
xtal_64.cif,./Al13Sc3N16/__initial__/223/xtal_64.cif,43.428776,41.499443
xtal_65.cif,./Al13Sc3N16/__initial__/223/xtal_65.cif,70.29143,66.90362
xtal_69.cif,./Al13Sc3N16/__initial__/223/xtal_69.cif,-51.668262,-43.05192
xtal_78.cif,./Al13Sc3N16/__initial__/223/xtal_78.cif,37.889683,72.813385
xtal_79.cif,./Al13Sc3N16/__initial__/223/xtal_79.cif,-23.625694,94.03932
xtal_81.cif,./Al13Sc3N16/__initial__/223/xtal_81.cif,43.112946,51.392567
xtal_82.cif,./Al13Sc3N16/__initial__/223/xtal_82.cif,45.43394,42.647846
xtal_83.cif,./Al13Sc3N16/__initial__/223/xtal_83.cif,20.148008,-22.251905
xtal_84.cif,./Al13Sc3N16/__initial__/223/xtal_84.cif,-55.504395,-1.4992514
xtal_85.cif,./Al13Sc3N16/__initial__/223/xtal_85.cif,-36.398655,-71.718895
xtal_88.cif,./Al13Sc3N16/__initial__/223/xtal_88.cif,-63.1884,-79.8451
xtal_89.cif,./Al13Sc3N16/__initial__/223/xtal_89.cif,-44.459423,27.795128
xtal_90.cif,./Al13Sc3N16/__initial__/223/xtal_90.cif,8.267043,-17.01366
xtal_92.cif,./Al13Sc3N16/__initial__/223/xtal_92.cif,55.891212,42.46483
xtal_93.cif,./Al13Sc3N16/__initial__/223/xtal_93.cif,-25.703367,17.884722
xtal_96.cif,./Al13Sc3N16/__initial__/223/xtal_96.cif,24.973028,11.46449
xtal_97.cif,./Al13Sc3N16/__initial__/223/xtal_97.cif,-27.577698,18.507982
xtal_10.cif,./Al13Sc3N16/__initial__/224/xtal_10.cif,-61.164116,-26.10985
xtal_12.cif,./Al13Sc3N16/__initial__/224/xtal_12.cif,-18.727472,-39.324123
xtal_13.cif,./Al13Sc3N16/__initial__/224/xtal_13.cif,-21.415874,54.132107
xtal_14.cif,./Al13Sc3N16/__initial__/224/xtal_14.cif,-12.9102745,21.703842
xtal_19.cif,./Al13Sc3N16/__initial__/224/xtal_19.cif,-33.512424,26.727123
xtal_2.cif,./Al13Sc3N16/__initial__/224/xtal_2.cif,-10.111781,91.1035
xtal_20.cif,./Al13Sc3N16/__initial__/224/xtal_20.cif,51.36135,78.65127
xtal_23.cif,./Al13Sc3N16/__initial__/224/xtal_23.cif,28.216553,-9.262968
xtal_25.cif,./Al13Sc3N16/__initial__/224/xtal_25.cif,-57.344753,0.16177523
xtal_26.cif,./Al13Sc3N16/__initial__/224/xtal_26.cif,-6.606892,-50.2856
xtal_28.cif,./Al13Sc3N16/__initial__/224/xtal_28.cif,-16.37428,18.499287
xtal_29.cif,./Al13Sc3N16/__initial__/224/xtal_29.cif,-36.33201,81.7794
xtal_32.cif,./Al13Sc3N16/__initial__/224/xtal_32.cif,-26.301916,57.393658
xtal_33.cif,./Al13Sc3N16/__initial__/224/xtal_33.cif,-60.835365,-9.084694
xtal_36.cif,./Al13Sc3N16/__initial__/224/xtal_36.cif,-25.124702,61.094543
xtal_37.cif,./Al13Sc3N16/__initial__/224/xtal_37.cif,29.288734,11.927706
xtal_38.cif,./Al13Sc3N16/__initial__/224/xtal_38.cif,29.530682,73.76779
xtal_39.cif,./Al13Sc3N16/__initial__/224/xtal_39.cif,-99.162224,-18.24072
xtal_4.cif,./Al13Sc3N16/__initial__/224/xtal_4.cif,48.8812,76.71968
xtal_40.cif,./Al13Sc3N16/__initial__/224/xtal_40.cif,-71.72826,72.22553
xtal_44.cif,./Al13Sc3N16/__initial__/224/xtal_44.cif,31.433697,27.55793
xtal_45.cif,./Al13Sc3N16/__initial__/224/xtal_45.cif,-63.17111,92.17648
xtal_46.cif,./Al13Sc3N16/__initial__/224/xtal_46.cif,-18.347403,24.519512
xtal_47.cif,./Al13Sc3N16/__initial__/224/xtal_47.cif,-61.8226,-9.939849
xtal_48.cif,./Al13Sc3N16/__initial__/224/xtal_48.cif,-59.24685,6.739848
xtal_51.cif,./Al13Sc3N16/__initial__/224/xtal_51.cif,-8.645717,40.650414
xtal_52.cif,./Al13Sc3N16/__initial__/224/xtal_52.cif,-64.37508,91.409645
xtal_54.cif,./Al13Sc3N16/__initial__/224/xtal_54.cif,29.34872,74.508484
xtal_56.cif,./Al13Sc3N16/__initial__/224/xtal_56.cif,-47.66642,7.346288
xtal_57.cif,./Al13Sc3N16/__initial__/224/xtal_57.cif,-31.820637,-48.90931
xtal_58.cif,./Al13Sc3N16/__initial__/224/xtal_58.cif,-44.062786,5.9575996
xtal_60.cif,./Al13Sc3N16/__initial__/224/xtal_60.cif,-48.395676,7.2944555
xtal_67.cif,./Al13Sc3N16/__initial__/224/xtal_67.cif,-67.35265,-38.417603
xtal_69.cif,./Al13Sc3N16/__initial__/224/xtal_69.cif,-23.378925,65.01559
xtal_72.cif,./Al13Sc3N16/__initial__/224/xtal_72.cif,-58.33443,8.958236
xtal_75.cif,./Al13Sc3N16/__initial__/224/xtal_75.cif,-78.28739,76.16507
xtal_77.cif,./Al13Sc3N16/__initial__/224/xtal_77.cif,-59.95695,-25.244713
xtal_79.cif,./Al13Sc3N16/__initial__/224/xtal_79.cif,-25.04911,18.121574
xtal_80.cif,./Al13Sc3N16/__initial__/224/xtal_80.cif,-26.077978,22.367334
xtal_81.cif,./Al13Sc3N16/__initial__/224/xtal_81.cif,-38.987686,-42.26454
xtal_83.cif,./Al13Sc3N16/__initial__/224/xtal_83.cif,-36.868927,32.109703
xtal_84.cif,./Al13Sc3N16/__initial__/224/xtal_84.cif,41.49388,45.50437
xtal_86.cif,./Al13Sc3N16/__initial__/224/xtal_86.cif,13.0716,68.57225
xtal_91.cif,./Al13Sc3N16/__initial__/224/xtal_91.cif,-24.084084,69.69947
xtal_92.cif,./Al13Sc3N16/__initial__/224/xtal_92.cif,-31.06757,93.300964
xtal_93.cif,./Al13Sc3N16/__initial__/224/xtal_93.cif,-37.35159,35.5062
xtal_94.cif,./Al13Sc3N16/__initial__/224/xtal_94.cif,-55.82312,-18.455137
xtal_95.cif,./Al13Sc3N16/__initial__/224/xtal_95.cif,-49.805378,9.823785
xtal_96.cif,./Al13Sc3N16/__initial__/224/xtal_96.cif,-26.948496,64.96113
xtal_97.cif,./Al13Sc3N16/__initial__/224/xtal_97.cif,16.269363,-20.682049
xtal_1.cif,./Al13Sc3N16/__initial__/229/xtal_1.cif,-26.709332,17.380455
xtal_100.cif,./Al13Sc3N16/__initial__/229/xtal_100.cif,-30.938782,93.24887
xtal_12.cif,./Al13Sc3N16/__initial__/229/xtal_12.cif,-61.083557,-9.271558
xtal_13.cif,./Al13Sc3N16/__initial__/229/xtal_13.cif,58.75119,66.616035
xtal_14.cif,./Al13Sc3N16/__initial__/229/xtal_14.cif,-89.25564,-63.468132
xtal_15.cif,./Al13Sc3N16/__initial__/229/xtal_15.cif,-49.880207,-75.33082
xtal_17.cif,./Al13Sc3N16/__initial__/229/xtal_17.cif,51.08764,33.966465
xtal_18.cif,./Al13Sc3N16/__initial__/229/xtal_18.cif,43.63244,53.643417
xtal_19.cif,./Al13Sc3N16/__initial__/229/xtal_19.cif,-34.65419,94.25478
xtal_20.cif,./Al13Sc3N16/__initial__/229/xtal_20.cif,-8.8951025,-54.771854
xtal_22.cif,./Al13Sc3N16/__initial__/229/xtal_22.cif,-81.79589,-39.68615
xtal_25.cif,./Al13Sc3N16/__initial__/229/xtal_25.cif,-90.59665,-19.060417
xtal_29.cif,./Al13Sc3N16/__initial__/229/xtal_29.cif,3.4106572,-11.421071
xtal_30.cif,./Al13Sc3N16/__initial__/229/xtal_30.cif,-10.752115,-58.96154
xtal_31.cif,./Al13Sc3N16/__initial__/229/xtal_31.cif,-60.989967,80.59924
xtal_32.cif,./Al13Sc3N16/__initial__/229/xtal_32.cif,-48.384487,91.817604
xtal_35.cif,./Al13Sc3N16/__initial__/229/xtal_35.cif,45.956093,43.07569
xtal_39.cif,./Al13Sc3N16/__initial__/229/xtal_39.cif,48.57903,34.16164
xtal_40.cif,./Al13Sc3N16/__initial__/229/xtal_40.cif,36.02326,43.764793
xtal_41.cif,./Al13Sc3N16/__initial__/229/xtal_41.cif,-39.045193,-30.751234
xtal_45.cif,./Al13Sc3N16/__initial__/229/xtal_45.cif,-21.525372,60.94183
xtal_46.cif,./Al13Sc3N16/__initial__/229/xtal_46.cif,-26.460876,-34.06177
xtal_47.cif,./Al13Sc3N16/__initial__/229/xtal_47.cif,62.529778,55.274204
xtal_48.cif,./Al13Sc3N16/__initial__/229/xtal_48.cif,-24.710531,73.52766
xtal_50.cif,./Al13Sc3N16/__initial__/229/xtal_50.cif,-27.41134,57.977
xtal_51.cif,./Al13Sc3N16/__initial__/229/xtal_51.cif,42.367462,19.006552
xtal_52.cif,./Al13Sc3N16/__initial__/229/xtal_52.cif,-21.677914,57.79322
xtal_55.cif,./Al13Sc3N16/__initial__/229/xtal_55.cif,28.823116,15.373408
xtal_66.cif,./Al13Sc3N16/__initial__/229/xtal_66.cif,7.1766877,86.33724
xtal_68.cif,./Al13Sc3N16/__initial__/229/xtal_68.cif,-39.163094,11.50585
xtal_7.cif,./Al13Sc3N16/__initial__/229/xtal_7.cif,-26.269293,61.98456
xtal_71.cif,./Al13Sc3N16/__initial__/229/xtal_71.cif,-69.78532,85.78714
xtal_72.cif,./Al13Sc3N16/__initial__/229/xtal_72.cif,-72.73939,86.86358
xtal_73.cif,./Al13Sc3N16/__initial__/229/xtal_73.cif,11.467191,-15.398034
xtal_74.cif,./Al13Sc3N16/__initial__/229/xtal_74.cif,65.94227,56.412083
xtal_75.cif,./Al13Sc3N16/__initial__/229/xtal_75.cif,34.22734,7.926306
xtal_80.cif,./Al13Sc3N16/__initial__/229/xtal_80.cif,-48.781883,-66.16534
xtal_81.cif,./Al13Sc3N16/__initial__/229/xtal_81.cif,-41.025906,92.67931
xtal_82.cif,./Al13Sc3N16/__initial__/229/xtal_82.cif,-51.44418,-1.4420372
xtal_83.cif,./Al13Sc3N16/__initial__/229/xtal_83.cif,-24.467947,-61.347424
xtal_84.cif,./Al13Sc3N16/__initial__/229/xtal_84.cif,30.504913,9.593375
xtal_85.cif,./Al13Sc3N16/__initial__/229/xtal_85.cif,-30.323107,63.416218
xtal_86.cif,./Al13Sc3N16/__initial__/229/xtal_86.cif,-5.4124303,-15.892189
xtal_87.cif,./Al13Sc3N16/__initial__/229/xtal_87.cif,-14.3298,-23.892017
xtal_9.cif,./Al13Sc3N16/__initial__/229/xtal_9.cif,-30.296116,59.996353
xtal_90.cif,./Al13Sc3N16/__initial__/229/xtal_90.cif,-27.356792,20.535856
xtal_91.cif,./Al13Sc3N16/__initial__/229/xtal_91.cif,33.310654,34.44514
xtal_93.cif,./Al13Sc3N16/__initial__/229/xtal_93.cif,22.426935,-18.779428
xtal_95.cif,./Al13Sc3N16/__initial__/229/xtal_95.cif,-37.73009,9.15432
xtal_98.cif,./Al13Sc3N16/__initial__/229/xtal_98.cif,-41.1425,94.6873
