filename,filepath,tsne_dim1,tsne_dim2
xtal_1.cif,./Al13Sc3N16/2/xtal_1.cif,32.97181,-3.972467
xtal_10.cif,./Al13Sc3N16/2/xtal_10.cif,95.950874,7.0918145
xtal_13.cif,./Al13Sc3N16/2/xtal_13.cif,9.240085,-35.861954
xtal_15.cif,./Al13Sc3N16/2/xtal_15.cif,76.108345,10.644695
xtal_17.cif,./Al13Sc3N16/2/xtal_17.cif,58.398212,31.507542
xtal_18.cif,./Al13Sc3N16/2/xtal_18.cif,-7.6203647,-70.77699
xtal_22.cif,./Al13Sc3N16/2/xtal_22.cif,57.837013,26.697723
xtal_23.cif,./Al13Sc3N16/2/xtal_23.cif,-35.156494,-71.92325
xtal_24.cif,./Al13Sc3N16/2/xtal_24.cif,30.303896,-16.045557
xtal_29.cif,./Al13Sc3N16/2/xtal_29.cif,27.92754,0.20442966
xtal_31.cif,./Al13Sc3N16/2/xtal_31.cif,50.50431,-2.2396061
xtal_33.cif,./Al13Sc3N16/2/xtal_33.cif,33.53327,-6.219088
xtal_35.cif,./Al13Sc3N16/2/xtal_35.cif,64.672295,46.182045
xtal_37.cif,./Al13Sc3N16/2/xtal_37.cif,-14.044455,-55.90611
xtal_41.cif,./Al13Sc3N16/2/xtal_41.cif,17.536753,-53.493797
xtal_42.cif,./Al13Sc3N16/2/xtal_42.cif,-38.294918,-77.74864
xtal_44.cif,./Al13Sc3N16/2/xtal_44.cif,20.17291,-12.797904
xtal_45.cif,./Al13Sc3N16/2/xtal_45.cif,-101.31951,-32.86192
xtal_48.cif,./Al13Sc3N16/2/xtal_48.cif,-97.56906,-41.558704
xtal_49.cif,./Al13Sc3N16/2/xtal_49.cif,-107.2927,-0.049205106
xtal_51.cif,./Al13Sc3N16/2/xtal_51.cif,53.81959,7.9698668
xtal_52.cif,./Al13Sc3N16/2/xtal_52.cif,-50.041615,-79.28264
xtal_54.cif,./Al13Sc3N16/2/xtal_54.cif,38.757713,6.993293
xtal_55.cif,./Al13Sc3N16/2/xtal_55.cif,44.935192,-24.35038
xtal_57.cif,./Al13Sc3N16/2/xtal_57.cif,17.4515,-27.74845
xtal_58.cif,./Al13Sc3N16/2/xtal_58.cif,-9.846654,-66.81631
xtal_59.cif,./Al13Sc3N16/2/xtal_59.cif,-16.818983,-77.82924
xtal_6.cif,./Al13Sc3N16/2/xtal_6.cif,-10.565006,-64.4235
xtal_61.cif,./Al13Sc3N16/2/xtal_61.cif,-9.652392,-58.089058
xtal_62.cif,./Al13Sc3N16/2/xtal_62.cif,49.35447,1.2330759
xtal_63.cif,./Al13Sc3N16/2/xtal_63.cif,85.56964,-0.95131457
xtal_64.cif,./Al13Sc3N16/2/xtal_64.cif,19.933228,-41.754147
xtal_66.cif,./Al13Sc3N16/2/xtal_66.cif,-20.161688,-68.435005
xtal_67.cif,./Al13Sc3N16/2/xtal_67.cif,19.928144,-41.84787
xtal_69.cif,./Al13Sc3N16/2/xtal_69.cif,66.25103,46.334484
xtal_7.cif,./Al13Sc3N16/2/xtal_7.cif,-72.29964,-73.357315
xtal_73.cif,./Al13Sc3N16/2/xtal_73.cif,49.580643,30.51317
xtal_75.cif,./Al13Sc3N16/2/xtal_75.cif,19.340275,44.911858
xtal_78.cif,./Al13Sc3N16/2/xtal_78.cif,46.54982,18.371273
xtal_79.cif,./Al13Sc3N16/2/xtal_79.cif,20.397478,48.6334
xtal_8.cif,./Al13Sc3N16/2/xtal_8.cif,-4.324803,-53.195515
xtal_80.cif,./Al13Sc3N16/2/xtal_80.cif,-10.769515,-38.852585
xtal_81.cif,./Al13Sc3N16/2/xtal_81.cif,34.16898,11.287423
xtal_83.cif,./Al13Sc3N16/2/xtal_83.cif,44.907692,21.349113
xtal_84.cif,./Al13Sc3N16/2/xtal_84.cif,-82.78209,-65.45118
xtal_85.cif,./Al13Sc3N16/2/xtal_85.cif,75.38158,21.2273
xtal_87.cif,./Al13Sc3N16/2/xtal_87.cif,6.2150464,-41.94393
xtal_90.cif,./Al13Sc3N16/2/xtal_90.cif,-37.261303,-76.49123
xtal_97.cif,./Al13Sc3N16/2/xtal_97.cif,48.66187,67.10204
xtal_98.cif,./Al13Sc3N16/2/xtal_98.cif,57.13704,30.779268
xtal_10.cif,./Al13Sc3N16/3/xtal_10.cif,44.756557,-20.41843
xtal_100.cif,./Al13Sc3N16/3/xtal_100.cif,19.47598,-13.967225
xtal_13.cif,./Al13Sc3N16/3/xtal_13.cif,29.44011,-17.2773
xtal_14.cif,./Al13Sc3N16/3/xtal_14.cif,-62.10792,-71.2202
xtal_16.cif,./Al13Sc3N16/3/xtal_16.cif,70.684235,21.349714
xtal_17.cif,./Al13Sc3N16/3/xtal_17.cif,-38.960842,-78.47693
xtal_2.cif,./Al13Sc3N16/3/xtal_2.cif,81.945946,15.821749
xtal_21.cif,./Al13Sc3N16/3/xtal_21.cif,2.6130397,-53.23876
xtal_23.cif,./Al13Sc3N16/3/xtal_23.cif,-106.93272,-14.975003
xtal_25.cif,./Al13Sc3N16/3/xtal_25.cif,47.5511,5.2222447
xtal_26.cif,./Al13Sc3N16/3/xtal_26.cif,-60.44419,-78.01074
xtal_27.cif,./Al13Sc3N16/3/xtal_27.cif,-8.708614,-59.05883
xtal_30.cif,./Al13Sc3N16/3/xtal_30.cif,72.123344,-42.534164
xtal_32.cif,./Al13Sc3N16/3/xtal_32.cif,51.684322,19.987068
xtal_33.cif,./Al13Sc3N16/3/xtal_33.cif,-27.255169,-75.90488
xtal_36.cif,./Al13Sc3N16/3/xtal_36.cif,68.773636,41.639397
xtal_38.cif,./Al13Sc3N16/3/xtal_38.cif,-78.06937,-73.50702
xtal_41.cif,./Al13Sc3N16/3/xtal_41.cif,14.0765915,-46.74105
xtal_42.cif,./Al13Sc3N16/3/xtal_42.cif,-11.392439,-57.681046
xtal_45.cif,./Al13Sc3N16/3/xtal_45.cif,-52.026096,-77.89311
xtal_46.cif,./Al13Sc3N16/3/xtal_46.cif,13.575237,-49.054596
xtal_48.cif,./Al13Sc3N16/3/xtal_48.cif,43.564888,-7.2136025
xtal_49.cif,./Al13Sc3N16/3/xtal_49.cif,40.351562,-2.9108913
xtal_5.cif,./Al13Sc3N16/3/xtal_5.cif,-98.45629,-36.54595
xtal_50.cif,./Al13Sc3N16/3/xtal_50.cif,85.81462,-6.209226
xtal_51.cif,./Al13Sc3N16/3/xtal_51.cif,87.91433,-8.485561
xtal_52.cif,./Al13Sc3N16/3/xtal_52.cif,66.58286,17.424467
xtal_56.cif,./Al13Sc3N16/3/xtal_56.cif,84.77447,42.439137
xtal_57.cif,./Al13Sc3N16/3/xtal_57.cif,83.18798,39.465794
xtal_58.cif,./Al13Sc3N16/3/xtal_58.cif,-108.27452,-11.113396
xtal_59.cif,./Al13Sc3N16/3/xtal_59.cif,66.88602,31.727602
xtal_6.cif,./Al13Sc3N16/3/xtal_6.cif,14.619958,-34.761795
xtal_60.cif,./Al13Sc3N16/3/xtal_60.cif,-18.9345,-64.32431
xtal_65.cif,./Al13Sc3N16/3/xtal_65.cif,80.48795,35.50144
xtal_66.cif,./Al13Sc3N16/3/xtal_66.cif,57.628056,17.027485
xtal_67.cif,./Al13Sc3N16/3/xtal_67.cif,-76.75432,-71.538185
xtal_7.cif,./Al13Sc3N16/3/xtal_7.cif,9.053831,-43.72305
xtal_70.cif,./Al13Sc3N16/3/xtal_70.cif,14.798633,-35.66209
xtal_72.cif,./Al13Sc3N16/3/xtal_72.cif,52.27502,-18.667643
xtal_73.cif,./Al13Sc3N16/3/xtal_73.cif,-93.59609,-51.444885
xtal_8.cif,./Al13Sc3N16/3/xtal_8.cif,77.91098,-43.535362
xtal_81.cif,./Al13Sc3N16/3/xtal_81.cif,68.91208,-3.029588
xtal_83.cif,./Al13Sc3N16/3/xtal_83.cif,-79.782486,-69.77799
xtal_85.cif,./Al13Sc3N16/3/xtal_85.cif,52.378532,5.6798534
xtal_9.cif,./Al13Sc3N16/3/xtal_9.cif,76.75702,39.896534
xtal_92.cif,./Al13Sc3N16/3/xtal_92.cif,84.27549,-0.44698834
xtal_93.cif,./Al13Sc3N16/3/xtal_93.cif,91.435646,6.5884204
xtal_94.cif,./Al13Sc3N16/3/xtal_94.cif,-14.848222,-69.309715
xtal_96.cif,./Al13Sc3N16/3/xtal_96.cif,-11.275884,-36.508587
xtal_99.cif,./Al13Sc3N16/3/xtal_99.cif,74.64398,39.9844
xtal_1.cif,./Al13Sc3N16/4/xtal_1.cif,68.31468,38.32232
xtal_100.cif,./Al13Sc3N16/4/xtal_100.cif,47.826527,-6.4996357
xtal_11.cif,./Al13Sc3N16/4/xtal_11.cif,65.92437,-4.750521
xtal_14.cif,./Al13Sc3N16/4/xtal_14.cif,-84.67466,-63.15275
xtal_15.cif,./Al13Sc3N16/4/xtal_15.cif,11.889808,-24.038008
xtal_16.cif,./Al13Sc3N16/4/xtal_16.cif,7.0616226,-25.969204
xtal_17.cif,./Al13Sc3N16/4/xtal_17.cif,68.99778,57.30094
xtal_20.cif,./Al13Sc3N16/4/xtal_20.cif,-17.462542,-60.989136
xtal_21.cif,./Al13Sc3N16/4/xtal_21.cif,18.911478,-27.51487
xtal_22.cif,./Al13Sc3N16/4/xtal_22.cif,32.178226,-18.145811
xtal_24.cif,./Al13Sc3N16/4/xtal_24.cif,-101.364105,-30.59829
xtal_26.cif,./Al13Sc3N16/4/xtal_26.cif,86.850555,2.5900443
xtal_27.cif,./Al13Sc3N16/4/xtal_27.cif,22.032944,-22.291267
xtal_29.cif,./Al13Sc3N16/4/xtal_29.cif,-107.14691,3.4818735
xtal_32.cif,./Al13Sc3N16/4/xtal_32.cif,47.60862,21.604319
xtal_33.cif,./Al13Sc3N16/4/xtal_33.cif,-19.543259,-68.44725
xtal_34.cif,./Al13Sc3N16/4/xtal_34.cif,-7.9228573,-59.52509
xtal_35.cif,./Al13Sc3N16/4/xtal_35.cif,41.35262,1.0639639
xtal_37.cif,./Al13Sc3N16/4/xtal_37.cif,-24.638151,-73.52014
xtal_38.cif,./Al13Sc3N16/4/xtal_38.cif,51.290676,1.9097549
xtal_39.cif,./Al13Sc3N16/4/xtal_39.cif,60.022816,22.586145
xtal_40.cif,./Al13Sc3N16/4/xtal_40.cif,-29.140114,-75.16547
xtal_44.cif,./Al13Sc3N16/4/xtal_44.cif,-10.804803,-62.92595
xtal_47.cif,./Al13Sc3N16/4/xtal_47.cif,26.904917,-33.297123
xtal_49.cif,./Al13Sc3N16/4/xtal_49.cif,82.94506,41.246567
xtal_51.cif,./Al13Sc3N16/4/xtal_51.cif,20.950449,-32.752747
xtal_53.cif,./Al13Sc3N16/4/xtal_53.cif,45.294224,2.7195961
xtal_56.cif,./Al13Sc3N16/4/xtal_56.cif,89.953026,5.234563
xtal_6.cif,./Al13Sc3N16/4/xtal_6.cif,61.54336,-6.5871387
xtal_60.cif,./Al13Sc3N16/4/xtal_60.cif,65.10894,28.753548
xtal_62.cif,./Al13Sc3N16/4/xtal_62.cif,-78.08261,-71.707596
xtal_63.cif,./Al13Sc3N16/4/xtal_63.cif,80.728516,13.466384
xtal_64.cif,./Al13Sc3N16/4/xtal_64.cif,-10.265553,-57.498936
xtal_65.cif,./Al13Sc3N16/4/xtal_65.cif,62.84524,-5.4470544
xtal_67.cif,./Al13Sc3N16/4/xtal_67.cif,3.4741392,-44.88651
xtal_74.cif,./Al13Sc3N16/4/xtal_74.cif,-6.667434,-60.810356
xtal_75.cif,./Al13Sc3N16/4/xtal_75.cif,38.006123,-4.759678
xtal_76.cif,./Al13Sc3N16/4/xtal_76.cif,49.917374,-10.420032
xtal_77.cif,./Al13Sc3N16/4/xtal_77.cif,56.033173,15.462875
xtal_81.cif,./Al13Sc3N16/4/xtal_81.cif,69.8654,-39.972946
xtal_82.cif,./Al13Sc3N16/4/xtal_82.cif,27.139643,-24.618984
xtal_88.cif,./Al13Sc3N16/4/xtal_88.cif,61.83632,22.54852
xtal_89.cif,./Al13Sc3N16/4/xtal_89.cif,73.48184,32.057182
xtal_91.cif,./Al13Sc3N16/4/xtal_91.cif,81.46435,46.1596
xtal_93.cif,./Al13Sc3N16/4/xtal_93.cif,34.864414,-14.1033325
xtal_94.cif,./Al13Sc3N16/4/xtal_94.cif,81.33587,40.011147
xtal_95.cif,./Al13Sc3N16/4/xtal_95.cif,56.76285,20.629705
xtal_96.cif,./Al13Sc3N16/4/xtal_96.cif,-77.93559,-71.18104
xtal_97.cif,./Al13Sc3N16/4/xtal_97.cif,30.912611,-20.958155
xtal_99.cif,./Al13Sc3N16/4/xtal_99.cif,-40.505264,-77.23934
xtal_10.cif,./Al13Sc3N16/5/xtal_10.cif,64.95728,-12.177335
xtal_14.cif,./Al13Sc3N16/5/xtal_14.cif,-106.8855,-15.279797
xtal_15.cif,./Al13Sc3N16/5/xtal_15.cif,13.886146,22.537886
xtal_16.cif,./Al13Sc3N16/5/xtal_16.cif,-104.99652,-21.883327
xtal_17.cif,./Al13Sc3N16/5/xtal_17.cif,26.709253,-19.45601
xtal_18.cif,./Al13Sc3N16/5/xtal_18.cif,50.415432,-69.67034
xtal_19.cif,./Al13Sc3N16/5/xtal_19.cif,76.73633,21.334309
xtal_24.cif,./Al13Sc3N16/5/xtal_24.cif,97.34534,-11.502885
xtal_25.cif,./Al13Sc3N16/5/xtal_25.cif,-57.298103,-76.35492
xtal_26.cif,./Al13Sc3N16/5/xtal_26.cif,53.53291,26.233913
xtal_27.cif,./Al13Sc3N16/5/xtal_27.cif,86.43582,-13.050066
xtal_28.cif,./Al13Sc3N16/5/xtal_28.cif,21.054522,-33.252083
xtal_30.cif,./Al13Sc3N16/5/xtal_30.cif,42.55392,2.5370886
xtal_31.cif,./Al13Sc3N16/5/xtal_31.cif,-7.5303197,-72.563995
xtal_33.cif,./Al13Sc3N16/5/xtal_33.cif,84.48205,10.759624
xtal_35.cif,./Al13Sc3N16/5/xtal_35.cif,69.22089,30.423271
xtal_38.cif,./Al13Sc3N16/5/xtal_38.cif,72.85497,20.974009
xtal_39.cif,./Al13Sc3N16/5/xtal_39.cif,-57.52362,-70.7177
xtal_44.cif,./Al13Sc3N16/5/xtal_44.cif,27.784647,-32.23181
xtal_45.cif,./Al13Sc3N16/5/xtal_45.cif,-105.5656,-19.237965
xtal_47.cif,./Al13Sc3N16/5/xtal_47.cif,-97.78544,-39.983166
xtal_49.cif,./Al13Sc3N16/5/xtal_49.cif,51.466503,5.6713114
xtal_51.cif,./Al13Sc3N16/5/xtal_51.cif,93.255554,-16.779177
xtal_53.cif,./Al13Sc3N16/5/xtal_53.cif,-82.74967,-63.135124
xtal_56.cif,./Al13Sc3N16/5/xtal_56.cif,38.89913,-1.0025302
xtal_57.cif,./Al13Sc3N16/5/xtal_57.cif,72.29082,37.100437
xtal_58.cif,./Al13Sc3N16/5/xtal_58.cif,-94.77396,-47.710655
xtal_6.cif,./Al13Sc3N16/5/xtal_6.cif,-9.406819,-67.63038
xtal_60.cif,./Al13Sc3N16/5/xtal_60.cif,73.187195,22.891857
xtal_61.cif,./Al13Sc3N16/5/xtal_61.cif,-103.28515,-29.52345
xtal_63.cif,./Al13Sc3N16/5/xtal_63.cif,89.722855,-4.280452
xtal_66.cif,./Al13Sc3N16/5/xtal_66.cif,17.5403,-51.88505
xtal_69.cif,./Al13Sc3N16/5/xtal_69.cif,49.824368,2.5828142
xtal_70.cif,./Al13Sc3N16/5/xtal_70.cif,94.30203,2.535166
xtal_72.cif,./Al13Sc3N16/5/xtal_72.cif,75.41527,12.851338
xtal_73.cif,./Al13Sc3N16/5/xtal_73.cif,6.5526247,-7.9010396
xtal_74.cif,./Al13Sc3N16/5/xtal_74.cif,84.333755,-0.7792942
xtal_75.cif,./Al13Sc3N16/5/xtal_75.cif,63.390553,-9.125831
xtal_78.cif,./Al13Sc3N16/5/xtal_78.cif,37.384663,-21.177357
xtal_8.cif,./Al13Sc3N16/5/xtal_8.cif,96.65087,7.929876
xtal_82.cif,./Al13Sc3N16/5/xtal_82.cif,-88.509834,-57.777996
xtal_89.cif,./Al13Sc3N16/5/xtal_89.cif,58.109432,27.467867
xtal_90.cif,./Al13Sc3N16/5/xtal_90.cif,43.510723,-36.197517
xtal_92.cif,./Al13Sc3N16/5/xtal_92.cif,-101.17259,-33.68194
xtal_94.cif,./Al13Sc3N16/5/xtal_94.cif,4.9345574,-44.198032
xtal_95.cif,./Al13Sc3N16/5/xtal_95.cif,58.197617,2.540502
xtal_96.cif,./Al13Sc3N16/5/xtal_96.cif,75.08719,-24.882566
xtal_97.cif,./Al13Sc3N16/5/xtal_97.cif,67.342766,-3.8662043
xtal_98.cif,./Al13Sc3N16/5/xtal_98.cif,80.417534,39.8948
xtal_99.cif,./Al13Sc3N16/5/xtal_99.cif,60.92886,12.957426
xtal_10.cif,./Al13Sc3N16/6/xtal_10.cif,-2.6153738,-62.41116
xtal_100.cif,./Al13Sc3N16/6/xtal_100.cif,-45.533405,-79.95278
xtal_14.cif,./Al13Sc3N16/6/xtal_14.cif,68.476105,19.303251
xtal_15.cif,./Al13Sc3N16/6/xtal_15.cif,35.209076,-14.485611
xtal_18.cif,./Al13Sc3N16/6/xtal_18.cif,64.53017,-39.443275
xtal_19.cif,./Al13Sc3N16/6/xtal_19.cif,47.683346,-20.194504
xtal_2.cif,./Al13Sc3N16/6/xtal_2.cif,72.72971,-26.461393
xtal_20.cif,./Al13Sc3N16/6/xtal_20.cif,7.4309797,-47.7144
xtal_21.cif,./Al13Sc3N16/6/xtal_21.cif,-33.83611,-74.226295
xtal_24.cif,./Al13Sc3N16/6/xtal_24.cif,48.116516,-22.008537
xtal_29.cif,./Al13Sc3N16/6/xtal_29.cif,-26.75236,-74.76643
xtal_30.cif,./Al13Sc3N16/6/xtal_30.cif,84.34959,11.170332
xtal_31.cif,./Al13Sc3N16/6/xtal_31.cif,31.234123,-27.440739
xtal_35.cif,./Al13Sc3N16/6/xtal_35.cif,-62.389835,-74.23922
xtal_36.cif,./Al13Sc3N16/6/xtal_36.cif,80.525635,34.73571
xtal_37.cif,./Al13Sc3N16/6/xtal_37.cif,32.83447,-29.622522
xtal_38.cif,./Al13Sc3N16/6/xtal_38.cif,-106.47831,-9.087176
xtal_39.cif,./Al13Sc3N16/6/xtal_39.cif,99.59702,-13.838098
xtal_4.cif,./Al13Sc3N16/6/xtal_4.cif,50.14894,-18.968122
xtal_45.cif,./Al13Sc3N16/6/xtal_45.cif,7.328245,-48.459797
xtal_48.cif,./Al13Sc3N16/6/xtal_48.cif,-81.79877,-64.36412
xtal_49.cif,./Al13Sc3N16/6/xtal_49.cif,57.78477,16.527174
xtal_51.cif,./Al13Sc3N16/6/xtal_51.cif,48.86125,-31.367758
xtal_52.cif,./Al13Sc3N16/6/xtal_52.cif,42.194633,-18.419199
xtal_54.cif,./Al13Sc3N16/6/xtal_54.cif,78.86745,3.0037181
xtal_57.cif,./Al13Sc3N16/6/xtal_57.cif,42.11048,-22.033947
xtal_58.cif,./Al13Sc3N16/6/xtal_58.cif,-107.65587,-2.3716602
xtal_6.cif,./Al13Sc3N16/6/xtal_6.cif,65.38147,18.360842
xtal_61.cif,./Al13Sc3N16/6/xtal_61.cif,38.959503,1.3006381
xtal_62.cif,./Al13Sc3N16/6/xtal_62.cif,28.942858,-22.965193
xtal_63.cif,./Al13Sc3N16/6/xtal_63.cif,75.23896,-28.79064
xtal_64.cif,./Al13Sc3N16/6/xtal_64.cif,87.640144,-28.614933
xtal_65.cif,./Al13Sc3N16/6/xtal_65.cif,-13.596479,-69.81455
xtal_68.cif,./Al13Sc3N16/6/xtal_68.cif,53.17979,21.152962
xtal_70.cif,./Al13Sc3N16/6/xtal_70.cif,-44.03959,-81.34758
xtal_72.cif,./Al13Sc3N16/6/xtal_72.cif,49.141277,-6.5278945
xtal_76.cif,./Al13Sc3N16/6/xtal_76.cif,-43.259296,-78.65215
xtal_77.cif,./Al13Sc3N16/6/xtal_77.cif,86.55988,-4.964768
xtal_78.cif,./Al13Sc3N16/6/xtal_78.cif,60.074944,75.7262
xtal_79.cif,./Al13Sc3N16/6/xtal_79.cif,7.3933687,-46.953598
xtal_8.cif,./Al13Sc3N16/6/xtal_8.cif,38.741108,16.608498
xtal_80.cif,./Al13Sc3N16/6/xtal_80.cif,72.12915,-52.114777
xtal_83.cif,./Al13Sc3N16/6/xtal_83.cif,67.17861,22.198841
xtal_84.cif,./Al13Sc3N16/6/xtal_84.cif,62.146763,-35.328293
xtal_85.cif,./Al13Sc3N16/6/xtal_85.cif,30.729164,-14.3567295
xtal_86.cif,./Al13Sc3N16/6/xtal_86.cif,-86.30502,-51.62016
xtal_87.cif,./Al13Sc3N16/6/xtal_87.cif,-33.177696,-74.54614
xtal_89.cif,./Al13Sc3N16/6/xtal_89.cif,52.388023,-18.772894
xtal_94.cif,./Al13Sc3N16/6/xtal_94.cif,65.292496,17.696938
xtal_97.cif,./Al13Sc3N16/6/xtal_97.cif,42.341522,-18.742096
xtal_1.cif,./Al13Sc3N16/7/xtal_1.cif,-93.97593,-51.760986
xtal_10.cif,./Al13Sc3N16/7/xtal_10.cif,37.82254,-23.399673
xtal_11.cif,./Al13Sc3N16/7/xtal_11.cif,29.503523,-11.654065
xtal_13.cif,./Al13Sc3N16/7/xtal_13.cif,74.17925,40.089504
xtal_14.cif,./Al13Sc3N16/7/xtal_14.cif,40.435738,-5.32031
xtal_15.cif,./Al13Sc3N16/7/xtal_15.cif,43.666584,0.70497686
xtal_16.cif,./Al13Sc3N16/7/xtal_16.cif,47.858585,-19.809834
xtal_18.cif,./Al13Sc3N16/7/xtal_18.cif,85.461555,-6.7900653
xtal_19.cif,./Al13Sc3N16/7/xtal_19.cif,-19.733799,-69.52958
xtal_22.cif,./Al13Sc3N16/7/xtal_22.cif,17.656282,-30.299564
xtal_28.cif,./Al13Sc3N16/7/xtal_28.cif,72.39402,-25.331348
xtal_29.cif,./Al13Sc3N16/7/xtal_29.cif,0.18296519,-75.52901
xtal_3.cif,./Al13Sc3N16/7/xtal_3.cif,60.774803,13.548551
xtal_30.cif,./Al13Sc3N16/7/xtal_30.cif,63.374516,17.319242
xtal_32.cif,./Al13Sc3N16/7/xtal_32.cif,-88.818344,-54.75791
xtal_34.cif,./Al13Sc3N16/7/xtal_34.cif,89.67856,-3.049791
xtal_36.cif,./Al13Sc3N16/7/xtal_36.cif,47.065365,-29.706072
xtal_37.cif,./Al13Sc3N16/7/xtal_37.cif,8.446755,-44.802082
xtal_38.cif,./Al13Sc3N16/7/xtal_38.cif,67.03868,34.872868
xtal_4.cif,./Al13Sc3N16/7/xtal_4.cif,36.088127,-4.7444296
xtal_41.cif,./Al13Sc3N16/7/xtal_41.cif,70.52659,-5.772891
xtal_42.cif,./Al13Sc3N16/7/xtal_42.cif,-19.278656,-63.342003
xtal_44.cif,./Al13Sc3N16/7/xtal_44.cif,7.441001,-41.526737
xtal_47.cif,./Al13Sc3N16/7/xtal_47.cif,-96.45108,-44.79486
xtal_49.cif,./Al13Sc3N16/7/xtal_49.cif,68.80026,19.667902
xtal_5.cif,./Al13Sc3N16/7/xtal_5.cif,-103.03163,-26.545393
xtal_54.cif,./Al13Sc3N16/7/xtal_54.cif,41.765533,6.609855
xtal_58.cif,./Al13Sc3N16/7/xtal_58.cif,75.7683,23.964922
xtal_59.cif,./Al13Sc3N16/7/xtal_59.cif,43.68043,-15.68472
xtal_60.cif,./Al13Sc3N16/7/xtal_60.cif,-30.252663,-76.96177
xtal_62.cif,./Al13Sc3N16/7/xtal_62.cif,69.58315,56.085434
xtal_63.cif,./Al13Sc3N16/7/xtal_63.cif,-4.8429527,-76.20844
xtal_64.cif,./Al13Sc3N16/7/xtal_64.cif,-88.749306,-57.668736
xtal_65.cif,./Al13Sc3N16/7/xtal_65.cif,-60.22345,-79.47658
xtal_67.cif,./Al13Sc3N16/7/xtal_67.cif,21.09406,-53.32659
xtal_68.cif,./Al13Sc3N16/7/xtal_68.cif,-107.643486,-10.326443
xtal_7.cif,./Al13Sc3N16/7/xtal_7.cif,61.413673,21.058874
xtal_72.cif,./Al13Sc3N16/7/xtal_72.cif,64.60536,-2.271998
xtal_74.cif,./Al13Sc3N16/7/xtal_74.cif,20.760178,-33.18222
xtal_75.cif,./Al13Sc3N16/7/xtal_75.cif,-2.0406353,-64.80843
xtal_78.cif,./Al13Sc3N16/7/xtal_78.cif,29.789549,-27.925467
xtal_80.cif,./Al13Sc3N16/7/xtal_80.cif,77.5562,-25.457115
xtal_81.cif,./Al13Sc3N16/7/xtal_81.cif,79.53088,30.288088
xtal_82.cif,./Al13Sc3N16/7/xtal_82.cif,-8.112279,-61.13351
xtal_83.cif,./Al13Sc3N16/7/xtal_83.cif,93.58981,-17.21062
xtal_85.cif,./Al13Sc3N16/7/xtal_85.cif,71.44814,48.6452
xtal_9.cif,./Al13Sc3N16/7/xtal_9.cif,85.505226,43.369564
xtal_90.cif,./Al13Sc3N16/7/xtal_90.cif,7.7221136,-40.4845
xtal_91.cif,./Al13Sc3N16/7/xtal_91.cif,22.403723,-34.94802
xtal_92.cif,./Al13Sc3N16/7/xtal_92.cif,-83.06888,-64.89767
xtal_11.cif,./Al13Sc3N16/8/xtal_11.cif,47.37798,-23.763271
xtal_13.cif,./Al13Sc3N16/8/xtal_13.cif,88.497765,19.34109
xtal_17.cif,./Al13Sc3N16/8/xtal_17.cif,-7.045196,-71.581535
xtal_2.cif,./Al13Sc3N16/8/xtal_2.cif,87.39895,-32.534534
xtal_21.cif,./Al13Sc3N16/8/xtal_21.cif,36.224464,-76.547165
xtal_24.cif,./Al13Sc3N16/8/xtal_24.cif,69.59182,-45.399986
xtal_28.cif,./Al13Sc3N16/8/xtal_28.cif,18.374714,-55.526974
xtal_3.cif,./Al13Sc3N16/8/xtal_3.cif,71.55984,-42.84473
xtal_30.cif,./Al13Sc3N16/8/xtal_30.cif,37.943546,-19.523266
xtal_32.cif,./Al13Sc3N16/8/xtal_32.cif,57.97092,22.265615
xtal_33.cif,./Al13Sc3N16/8/xtal_33.cif,-51.821507,-77.56974
xtal_34.cif,./Al13Sc3N16/8/xtal_34.cif,66.8099,16.985666
xtal_35.cif,./Al13Sc3N16/8/xtal_35.cif,1.8146446,-69.875984
xtal_36.cif,./Al13Sc3N16/8/xtal_36.cif,62.56485,-36.254593
xtal_4.cif,./Al13Sc3N16/8/xtal_4.cif,89.572495,-4.1283207
xtal_42.cif,./Al13Sc3N16/8/xtal_42.cif,41.20915,-45.99748
xtal_43.cif,./Al13Sc3N16/8/xtal_43.cif,23.114408,-63.251266
xtal_44.cif,./Al13Sc3N16/8/xtal_44.cif,91.371185,-10.845323
xtal_47.cif,./Al13Sc3N16/8/xtal_47.cif,31.74829,-45.173313
xtal_48.cif,./Al13Sc3N16/8/xtal_48.cif,-2.7376544,-53.5105
xtal_49.cif,./Al13Sc3N16/8/xtal_49.cif,-91.554985,-50.781643
xtal_5.cif,./Al13Sc3N16/8/xtal_5.cif,-1.1050439,-66.51558
xtal_51.cif,./Al13Sc3N16/8/xtal_51.cif,19.102543,50.884457
xtal_55.cif,./Al13Sc3N16/8/xtal_55.cif,-57.527348,-77.97487
xtal_56.cif,./Al13Sc3N16/8/xtal_56.cif,39.830463,-22.81909
xtal_57.cif,./Al13Sc3N16/8/xtal_57.cif,69.29396,13.195533
xtal_58.cif,./Al13Sc3N16/8/xtal_58.cif,70.41793,-43.620323
xtal_59.cif,./Al13Sc3N16/8/xtal_59.cif,54.41561,-26.782497
xtal_61.cif,./Al13Sc3N16/8/xtal_61.cif,35.43199,-42.79873
xtal_62.cif,./Al13Sc3N16/8/xtal_62.cif,69.237015,-22.66641
xtal_65.cif,./Al13Sc3N16/8/xtal_65.cif,6.05379,-62.9605
xtal_67.cif,./Al13Sc3N16/8/xtal_67.cif,71.27372,-46.38543
xtal_68.cif,./Al13Sc3N16/8/xtal_68.cif,16.541298,-69.74448
xtal_69.cif,./Al13Sc3N16/8/xtal_69.cif,56.556248,-34.289886
xtal_70.cif,./Al13Sc3N16/8/xtal_70.cif,65.72558,-7.831832
xtal_72.cif,./Al13Sc3N16/8/xtal_72.cif,-53.47388,-76.54521
xtal_76.cif,./Al13Sc3N16/8/xtal_76.cif,55.121574,-30.403349
xtal_77.cif,./Al13Sc3N16/8/xtal_77.cif,76.81705,-27.48617
xtal_78.cif,./Al13Sc3N16/8/xtal_78.cif,57.42111,-28.26742
xtal_8.cif,./Al13Sc3N16/8/xtal_8.cif,30.46805,-39.763126
xtal_82.cif,./Al13Sc3N16/8/xtal_82.cif,79.04804,30.764679
xtal_83.cif,./Al13Sc3N16/8/xtal_83.cif,-57.64511,-70.543915
xtal_86.cif,./Al13Sc3N16/8/xtal_86.cif,-15.608913,-68.75147
xtal_89.cif,./Al13Sc3N16/8/xtal_89.cif,-107.50746,-1.310337
xtal_90.cif,./Al13Sc3N16/8/xtal_90.cif,45.886845,-28.986776
xtal_91.cif,./Al13Sc3N16/8/xtal_91.cif,67.996086,32.150127
xtal_92.cif,./Al13Sc3N16/8/xtal_92.cif,34.245888,-18.825893
xtal_95.cif,./Al13Sc3N16/8/xtal_95.cif,77.02017,52.55878
xtal_96.cif,./Al13Sc3N16/8/xtal_96.cif,14.5130625,-47.467285
xtal_97.cif,./Al13Sc3N16/8/xtal_97.cif,-57.82987,-70.29933
xtal_1.cif,./Al13Sc3N16/10/xtal_1.cif,-42.1917,-76.6876
xtal_10.cif,./Al13Sc3N16/10/xtal_10.cif,40.74311,1.0144498
xtal_100.cif,./Al13Sc3N16/10/xtal_100.cif,49.144016,-23.15601
xtal_12.cif,./Al13Sc3N16/10/xtal_12.cif,76.97843,44.448936
xtal_14.cif,./Al13Sc3N16/10/xtal_14.cif,16.615805,-37.17633
xtal_16.cif,./Al13Sc3N16/10/xtal_16.cif,44.845707,20.549103
xtal_20.cif,./Al13Sc3N16/10/xtal_20.cif,-13.4912815,-69.683716
xtal_23.cif,./Al13Sc3N16/10/xtal_23.cif,23.95982,69.75168
xtal_24.cif,./Al13Sc3N16/10/xtal_24.cif,-12.48232,-55.956615
xtal_30.cif,./Al13Sc3N16/10/xtal_30.cif,-36.902294,-75.98615
xtal_32.cif,./Al13Sc3N16/10/xtal_32.cif,3.0703256,-42.371475
xtal_33.cif,./Al13Sc3N16/10/xtal_33.cif,4.175403,49.4465
xtal_34.cif,./Al13Sc3N16/10/xtal_34.cif,69.77378,54.40194
xtal_36.cif,./Al13Sc3N16/10/xtal_36.cif,81.350624,35.18157
xtal_39.cif,./Al13Sc3N16/10/xtal_39.cif,33.286606,-0.3728577
xtal_41.cif,./Al13Sc3N16/10/xtal_41.cif,6.7958384,35.324627
xtal_42.cif,./Al13Sc3N16/10/xtal_42.cif,67.216515,1.9636933
xtal_43.cif,./Al13Sc3N16/10/xtal_43.cif,-33.478626,-68.72382
xtal_46.cif,./Al13Sc3N16/10/xtal_46.cif,67.384636,49.926296
xtal_48.cif,./Al13Sc3N16/10/xtal_48.cif,85.61463,-3.1657152
xtal_49.cif,./Al13Sc3N16/10/xtal_49.cif,-61.0866,-76.58976
xtal_5.cif,./Al13Sc3N16/10/xtal_5.cif,-21.590872,-64.642494
xtal_50.cif,./Al13Sc3N16/10/xtal_50.cif,-90.56253,-60.105263
xtal_52.cif,./Al13Sc3N16/10/xtal_52.cif,-17.635,-62.48052
xtal_53.cif,./Al13Sc3N16/10/xtal_53.cif,-18.635347,-24.24743
xtal_54.cif,./Al13Sc3N16/10/xtal_54.cif,82.636375,42.557568
xtal_56.cif,./Al13Sc3N16/10/xtal_56.cif,22.952133,2.8354154
xtal_57.cif,./Al13Sc3N16/10/xtal_57.cif,-85.660515,-64.193855
xtal_58.cif,./Al13Sc3N16/10/xtal_58.cif,-22.47399,-79.53398
xtal_59.cif,./Al13Sc3N16/10/xtal_59.cif,7.2529225,-0.21232621
xtal_60.cif,./Al13Sc3N16/10/xtal_60.cif,-15.6319475,-20.366432
xtal_61.cif,./Al13Sc3N16/10/xtal_61.cif,52.19987,68.276955
xtal_62.cif,./Al13Sc3N16/10/xtal_62.cif,9.678081,-69.99036
xtal_64.cif,./Al13Sc3N16/10/xtal_64.cif,59.14347,19.624435
xtal_65.cif,./Al13Sc3N16/10/xtal_65.cif,-19.002794,-59.410236
xtal_67.cif,./Al13Sc3N16/10/xtal_67.cif,-26.994274,-79.59312
xtal_7.cif,./Al13Sc3N16/10/xtal_7.cif,20.420708,-26.29725
xtal_73.cif,./Al13Sc3N16/10/xtal_73.cif,58.73027,33.32416
xtal_74.cif,./Al13Sc3N16/10/xtal_74.cif,44.1359,13.983856
xtal_77.cif,./Al13Sc3N16/10/xtal_77.cif,25.427435,-5.107943
xtal_79.cif,./Al13Sc3N16/10/xtal_79.cif,-9.089233,-57.99501
xtal_8.cif,./Al13Sc3N16/10/xtal_8.cif,-99.12839,-39.264717
xtal_81.cif,./Al13Sc3N16/10/xtal_81.cif,49.882164,13.675601
xtal_88.cif,./Al13Sc3N16/10/xtal_88.cif,-13.054023,-63.388573
xtal_89.cif,./Al13Sc3N16/10/xtal_89.cif,15.117478,-51.158207
xtal_9.cif,./Al13Sc3N16/10/xtal_9.cif,40.51512,4.264329
xtal_90.cif,./Al13Sc3N16/10/xtal_90.cif,-32.044254,-82.55656
xtal_92.cif,./Al13Sc3N16/10/xtal_92.cif,51.607784,21.617807
xtal_95.cif,./Al13Sc3N16/10/xtal_95.cif,70.679955,28.905386
xtal_10.cif,./Al13Sc3N16/11/xtal_10.cif,66.6347,62.303207
xtal_11.cif,./Al13Sc3N16/11/xtal_11.cif,-102.6927,-26.286701
xtal_12.cif,./Al13Sc3N16/11/xtal_12.cif,-55.050056,-78.09733
xtal_14.cif,./Al13Sc3N16/11/xtal_14.cif,12.55094,-22.07195
xtal_17.cif,./Al13Sc3N16/11/xtal_17.cif,23.588129,-8.4471
xtal_18.cif,./Al13Sc3N16/11/xtal_18.cif,51.02715,40.403885
xtal_19.cif,./Al13Sc3N16/11/xtal_19.cif,9.767292,-28.603949
xtal_22.cif,./Al13Sc3N16/11/xtal_22.cif,20.958445,40.841454
xtal_23.cif,./Al13Sc3N16/11/xtal_23.cif,21.028917,48.165726
xtal_24.cif,./Al13Sc3N16/11/xtal_24.cif,-105.736725,-19.723862
xtal_25.cif,./Al13Sc3N16/11/xtal_25.cif,57.81583,26.722977
xtal_26.cif,./Al13Sc3N16/11/xtal_26.cif,4.54358,-41.302242
xtal_28.cif,./Al13Sc3N16/11/xtal_28.cif,48.32162,8.282816
xtal_32.cif,./Al13Sc3N16/11/xtal_32.cif,32.509174,67.84329
xtal_33.cif,./Al13Sc3N16/11/xtal_33.cif,16.917711,-25.511688
xtal_35.cif,./Al13Sc3N16/11/xtal_35.cif,32.47347,-11.220875
xtal_37.cif,./Al13Sc3N16/11/xtal_37.cif,40.251232,-18.546213
xtal_39.cif,./Al13Sc3N16/11/xtal_39.cif,25.44627,-4.793816
xtal_4.cif,./Al13Sc3N16/11/xtal_4.cif,21.094982,31.496824
xtal_40.cif,./Al13Sc3N16/11/xtal_40.cif,-1.3381895,-44.245018
xtal_41.cif,./Al13Sc3N16/11/xtal_41.cif,27.37904,52.734768
xtal_43.cif,./Al13Sc3N16/11/xtal_43.cif,64.72248,51.54331
xtal_44.cif,./Al13Sc3N16/11/xtal_44.cif,11.003565,-41.89264
xtal_45.cif,./Al13Sc3N16/11/xtal_45.cif,-0.078364246,-40.153847
xtal_46.cif,./Al13Sc3N16/11/xtal_46.cif,42.47345,19.76523
xtal_47.cif,./Al13Sc3N16/11/xtal_47.cif,-3.6905832,-53.999863
xtal_49.cif,./Al13Sc3N16/11/xtal_49.cif,15.38141,51.907894
xtal_52.cif,./Al13Sc3N16/11/xtal_52.cif,28.3814,73.633446
xtal_54.cif,./Al13Sc3N16/11/xtal_54.cif,9.055151,-0.007674936
xtal_58.cif,./Al13Sc3N16/11/xtal_58.cif,-14.28129,-63.721645
xtal_61.cif,./Al13Sc3N16/11/xtal_61.cif,15.137652,-36.824863
xtal_62.cif,./Al13Sc3N16/11/xtal_62.cif,-17.189892,-66.98806
xtal_63.cif,./Al13Sc3N16/11/xtal_63.cif,29.789886,4.602848
xtal_64.cif,./Al13Sc3N16/11/xtal_64.cif,-101.107,-32.677887
xtal_66.cif,./Al13Sc3N16/11/xtal_66.cif,59.27797,39.427246
xtal_7.cif,./Al13Sc3N16/11/xtal_7.cif,13.037969,-24.53663
xtal_76.cif,./Al13Sc3N16/11/xtal_76.cif,18.885653,-10.861188
xtal_77.cif,./Al13Sc3N16/11/xtal_77.cif,66.177185,62.305843
xtal_8.cif,./Al13Sc3N16/11/xtal_8.cif,44.550594,45.785645
xtal_80.cif,./Al13Sc3N16/11/xtal_80.cif,-4.214803,-59.28764
xtal_81.cif,./Al13Sc3N16/11/xtal_81.cif,29.472456,-2.1951125
xtal_84.cif,./Al13Sc3N16/11/xtal_84.cif,14.07696,19.011166
xtal_85.cif,./Al13Sc3N16/11/xtal_85.cif,53.60028,73.46946
xtal_88.cif,./Al13Sc3N16/11/xtal_88.cif,-16.706081,-65.40146
xtal_9.cif,./Al13Sc3N16/11/xtal_9.cif,24.522789,-25.374392
xtal_91.cif,./Al13Sc3N16/11/xtal_91.cif,82.80896,43.198685
xtal_92.cif,./Al13Sc3N16/11/xtal_92.cif,47.551525,36.425037
xtal_93.cif,./Al13Sc3N16/11/xtal_93.cif,-102.88504,-25.533995
xtal_94.cif,./Al13Sc3N16/11/xtal_94.cif,59.315388,67.40815
xtal_97.cif,./Al13Sc3N16/11/xtal_97.cif,23.134108,-21.975555
xtal_10.cif,./Al13Sc3N16/12/xtal_10.cif,12.431446,-21.053923
xtal_100.cif,./Al13Sc3N16/12/xtal_100.cif,54.164486,6.564731
xtal_11.cif,./Al13Sc3N16/12/xtal_11.cif,26.648312,53.548393
xtal_12.cif,./Al13Sc3N16/12/xtal_12.cif,29.361029,23.649973
xtal_15.cif,./Al13Sc3N16/12/xtal_15.cif,42.94105,68.6224
xtal_16.cif,./Al13Sc3N16/12/xtal_16.cif,81.70237,45.523968
xtal_18.cif,./Al13Sc3N16/12/xtal_18.cif,3.9888005,70.97485
xtal_19.cif,./Al13Sc3N16/12/xtal_19.cif,-85.738754,-58.584244
xtal_21.cif,./Al13Sc3N16/12/xtal_21.cif,66.8136,36.879818
xtal_23.cif,./Al13Sc3N16/12/xtal_23.cif,-0.7579497,27.711735
xtal_26.cif,./Al13Sc3N16/12/xtal_26.cif,8.933331,-38.394142
xtal_28.cif,./Al13Sc3N16/12/xtal_28.cif,-37.70449,-76.40698
xtal_29.cif,./Al13Sc3N16/12/xtal_29.cif,-25.412052,-62.829094
xtal_3.cif,./Al13Sc3N16/12/xtal_3.cif,7.1745086,42.3605
xtal_30.cif,./Al13Sc3N16/12/xtal_30.cif,22.274815,60.431385
xtal_31.cif,./Al13Sc3N16/12/xtal_31.cif,-82.600494,-68.45172
xtal_35.cif,./Al13Sc3N16/12/xtal_35.cif,56.786457,74.33281
xtal_40.cif,./Al13Sc3N16/12/xtal_40.cif,38.355152,-20.730383
xtal_43.cif,./Al13Sc3N16/12/xtal_43.cif,-35.58551,-79.208694
xtal_45.cif,./Al13Sc3N16/12/xtal_45.cif,17.343273,-54.326378
xtal_46.cif,./Al13Sc3N16/12/xtal_46.cif,5.807278,-37.333138
xtal_47.cif,./Al13Sc3N16/12/xtal_47.cif,18.956472,15.608219
xtal_48.cif,./Al13Sc3N16/12/xtal_48.cif,-14.961476,-28.083849
xtal_5.cif,./Al13Sc3N16/12/xtal_5.cif,30.644194,72.73178
xtal_50.cif,./Al13Sc3N16/12/xtal_50.cif,-100.48527,-30.041977
xtal_51.cif,./Al13Sc3N16/12/xtal_51.cif,47.22195,35.067093
xtal_55.cif,./Al13Sc3N16/12/xtal_55.cif,39.01938,70.95626
xtal_58.cif,./Al13Sc3N16/12/xtal_58.cif,1.4349194,-22.220007
xtal_59.cif,./Al13Sc3N16/12/xtal_59.cif,58.50029,18.306656
xtal_6.cif,./Al13Sc3N16/12/xtal_6.cif,27.580462,-25.436783
xtal_61.cif,./Al13Sc3N16/12/xtal_61.cif,-107.82613,6.0849075
xtal_62.cif,./Al13Sc3N16/12/xtal_62.cif,-100.020584,-36.861523
xtal_64.cif,./Al13Sc3N16/12/xtal_64.cif,-0.84403044,52.18297
xtal_66.cif,./Al13Sc3N16/12/xtal_66.cif,74.23616,23.318043
xtal_67.cif,./Al13Sc3N16/12/xtal_67.cif,-26.21971,-76.56922
xtal_69.cif,./Al13Sc3N16/12/xtal_69.cif,31.857721,0.54403776
xtal_71.cif,./Al13Sc3N16/12/xtal_71.cif,22.558077,-20.845812
xtal_72.cif,./Al13Sc3N16/12/xtal_72.cif,61.154434,39.953068
xtal_73.cif,./Al13Sc3N16/12/xtal_73.cif,-98.61365,-39.813705
xtal_75.cif,./Al13Sc3N16/12/xtal_75.cif,31.648584,-10.024417
xtal_77.cif,./Al13Sc3N16/12/xtal_77.cif,-10.687299,-33.974792
xtal_79.cif,./Al13Sc3N16/12/xtal_79.cif,-58.369003,-76.30332
xtal_83.cif,./Al13Sc3N16/12/xtal_83.cif,-34.206852,-64.1443
xtal_86.cif,./Al13Sc3N16/12/xtal_86.cif,15.365891,-19.279968
xtal_9.cif,./Al13Sc3N16/12/xtal_9.cif,53.521477,67.28452
xtal_90.cif,./Al13Sc3N16/12/xtal_90.cif,82.11142,-5.2391357
xtal_92.cif,./Al13Sc3N16/12/xtal_92.cif,73.24775,45.678814
xtal_94.cif,./Al13Sc3N16/12/xtal_94.cif,57.287777,66.68485
xtal_96.cif,./Al13Sc3N16/12/xtal_96.cif,-12.496588,-54.393322
xtal_98.cif,./Al13Sc3N16/12/xtal_98.cif,22.969715,62.388947
xtal_11.cif,./Al13Sc3N16/13/xtal_11.cif,18.89945,15.690826
xtal_12.cif,./Al13Sc3N16/13/xtal_12.cif,-20.941076,-68.01336
xtal_14.cif,./Al13Sc3N16/13/xtal_14.cif,29.278275,-12.476121
xtal_15.cif,./Al13Sc3N16/13/xtal_15.cif,8.450315,-34.344788
xtal_18.cif,./Al13Sc3N16/13/xtal_18.cif,50.812054,65.29821
xtal_19.cif,./Al13Sc3N16/13/xtal_19.cif,65.21308,46.863613
xtal_2.cif,./Al13Sc3N16/13/xtal_2.cif,-14.4885845,-64.56595
xtal_21.cif,./Al13Sc3N16/13/xtal_21.cif,-41.3262,-76.79697
xtal_24.cif,./Al13Sc3N16/13/xtal_24.cif,39.37532,25.404455
xtal_25.cif,./Al13Sc3N16/13/xtal_25.cif,28.602077,-13.457079
xtal_26.cif,./Al13Sc3N16/13/xtal_26.cif,-4.9196434,-54.299656
xtal_28.cif,./Al13Sc3N16/13/xtal_28.cif,68.32464,48.90761
xtal_3.cif,./Al13Sc3N16/13/xtal_3.cif,59.440228,40.55827
xtal_32.cif,./Al13Sc3N16/13/xtal_32.cif,-107.44435,-0.7710086
xtal_33.cif,./Al13Sc3N16/13/xtal_33.cif,-2.8846214,-56.161583
xtal_35.cif,./Al13Sc3N16/13/xtal_35.cif,62.774628,29.766197
xtal_36.cif,./Al13Sc3N16/13/xtal_36.cif,2.4839232,-49.120125
xtal_37.cif,./Al13Sc3N16/13/xtal_37.cif,41.829628,-0.9235995
xtal_38.cif,./Al13Sc3N16/13/xtal_38.cif,52.659176,19.494846
xtal_4.cif,./Al13Sc3N16/13/xtal_4.cif,70.47868,61.346813
xtal_40.cif,./Al13Sc3N16/13/xtal_40.cif,30.28577,-11.5746975
xtal_41.cif,./Al13Sc3N16/13/xtal_41.cif,32.70393,-20.664974
xtal_44.cif,./Al13Sc3N16/13/xtal_44.cif,14.8606615,-39.49775
xtal_47.cif,./Al13Sc3N16/13/xtal_47.cif,50.65589,4.670746
xtal_48.cif,./Al13Sc3N16/13/xtal_48.cif,10.569372,-32.98981
xtal_50.cif,./Al13Sc3N16/13/xtal_50.cif,-77.13494,-70.929535
xtal_51.cif,./Al13Sc3N16/13/xtal_51.cif,10.945675,-31.337212
xtal_52.cif,./Al13Sc3N16/13/xtal_52.cif,68.70278,65.3845
xtal_53.cif,./Al13Sc3N16/13/xtal_53.cif,19.63099,-26.885395
xtal_57.cif,./Al13Sc3N16/13/xtal_57.cif,-12.829067,-65.09195
xtal_58.cif,./Al13Sc3N16/13/xtal_58.cif,31.411457,-30.810476
xtal_59.cif,./Al13Sc3N16/13/xtal_59.cif,34.2832,-17.187504
xtal_61.cif,./Al13Sc3N16/13/xtal_61.cif,59.69292,41.78732
xtal_63.cif,./Al13Sc3N16/13/xtal_63.cif,-90.50394,-57.4511
xtal_68.cif,./Al13Sc3N16/13/xtal_68.cif,37.614418,1.9946307
xtal_69.cif,./Al13Sc3N16/13/xtal_69.cif,61.241497,49.90322
xtal_7.cif,./Al13Sc3N16/13/xtal_7.cif,38.469456,-1.3674369
xtal_72.cif,./Al13Sc3N16/13/xtal_72.cif,69.41862,53.842815
xtal_75.cif,./Al13Sc3N16/13/xtal_75.cif,9.677116,1.0732707
xtal_77.cif,./Al13Sc3N16/13/xtal_77.cif,20.111269,-12.396046
xtal_8.cif,./Al13Sc3N16/13/xtal_8.cif,-13.721151,-65.38355
xtal_82.cif,./Al13Sc3N16/13/xtal_82.cif,8.221714,-36.656902
xtal_84.cif,./Al13Sc3N16/13/xtal_84.cif,11.940913,-34.82591
xtal_86.cif,./Al13Sc3N16/13/xtal_86.cif,-107.17921,0.40898892
xtal_87.cif,./Al13Sc3N16/13/xtal_87.cif,31.254578,-2.5460773
xtal_88.cif,./Al13Sc3N16/13/xtal_88.cif,7.90326,-41.05311
xtal_9.cif,./Al13Sc3N16/13/xtal_9.cif,11.699308,-38.600414
xtal_90.cif,./Al13Sc3N16/13/xtal_90.cif,-63.88094,-77.72445
xtal_95.cif,./Al13Sc3N16/13/xtal_95.cif,27.066648,-31.799866
xtal_96.cif,./Al13Sc3N16/13/xtal_96.cif,13.62309,-33.056137
xtal_1.cif,./Al13Sc3N16/14/xtal_1.cif,-93.80986,-53.26893
xtal_10.cif,./Al13Sc3N16/14/xtal_10.cif,-39.6959,-76.20163
xtal_11.cif,./Al13Sc3N16/14/xtal_11.cif,-104.81843,-21.799597
xtal_13.cif,./Al13Sc3N16/14/xtal_13.cif,47.84275,4.777076
xtal_15.cif,./Al13Sc3N16/14/xtal_15.cif,-7.0450263,-57.870083
xtal_16.cif,./Al13Sc3N16/14/xtal_16.cif,81.45044,42.660683
xtal_20.cif,./Al13Sc3N16/14/xtal_20.cif,64.599724,28.534822
xtal_21.cif,./Al13Sc3N16/14/xtal_21.cif,29.943764,-31.459497
xtal_22.cif,./Al13Sc3N16/14/xtal_22.cif,90.74734,3.480254
xtal_23.cif,./Al13Sc3N16/14/xtal_23.cif,-98.69797,-39.36558
xtal_26.cif,./Al13Sc3N16/14/xtal_26.cif,11.698503,-32.137882
xtal_28.cif,./Al13Sc3N16/14/xtal_28.cif,3.3452144,-40.48619
xtal_3.cif,./Al13Sc3N16/14/xtal_3.cif,28.513985,1.1601324
xtal_32.cif,./Al13Sc3N16/14/xtal_32.cif,32.441227,-20.29468
xtal_34.cif,./Al13Sc3N16/14/xtal_34.cif,51.805695,18.177767
xtal_38.cif,./Al13Sc3N16/14/xtal_38.cif,26.999905,5.6340895
xtal_39.cif,./Al13Sc3N16/14/xtal_39.cif,38.38102,27.06218
xtal_40.cif,./Al13Sc3N16/14/xtal_40.cif,-10.308753,-70.18025
xtal_44.cif,./Al13Sc3N16/14/xtal_44.cif,52.369778,64.84618
xtal_45.cif,./Al13Sc3N16/14/xtal_45.cif,63.814945,61.715057
xtal_47.cif,./Al13Sc3N16/14/xtal_47.cif,71.644936,39.949005
xtal_49.cif,./Al13Sc3N16/14/xtal_49.cif,-48.271877,-77.669235
xtal_5.cif,./Al13Sc3N16/14/xtal_5.cif,29.919771,-11.495921
xtal_50.cif,./Al13Sc3N16/14/xtal_50.cif,-33.62191,-74.92894
xtal_51.cif,./Al13Sc3N16/14/xtal_51.cif,13.843107,-29.905678
xtal_52.cif,./Al13Sc3N16/14/xtal_52.cif,-55.096138,-77.55777
xtal_55.cif,./Al13Sc3N16/14/xtal_55.cif,46.09135,9.004138
xtal_57.cif,./Al13Sc3N16/14/xtal_57.cif,47.476223,33.1946
xtal_6.cif,./Al13Sc3N16/14/xtal_6.cif,5.5173864,-39.81955
xtal_60.cif,./Al13Sc3N16/14/xtal_60.cif,55.60217,28.768257
xtal_61.cif,./Al13Sc3N16/14/xtal_61.cif,59.089993,40.619183
xtal_62.cif,./Al13Sc3N16/14/xtal_62.cif,-12.51187,-54.391468
xtal_65.cif,./Al13Sc3N16/14/xtal_65.cif,10.611512,-33.385857
xtal_69.cif,./Al13Sc3N16/14/xtal_69.cif,9.222575,-25.258633
xtal_73.cif,./Al13Sc3N16/14/xtal_73.cif,-38.914608,-76.796776
xtal_75.cif,./Al13Sc3N16/14/xtal_75.cif,43.424007,18.785088
xtal_82.cif,./Al13Sc3N16/14/xtal_82.cif,39.39965,5.721147
xtal_83.cif,./Al13Sc3N16/14/xtal_83.cif,-31.667961,-61.129887
xtal_84.cif,./Al13Sc3N16/14/xtal_84.cif,25.059372,-23.174437
xtal_85.cif,./Al13Sc3N16/14/xtal_85.cif,6.197636,-33.353138
xtal_86.cif,./Al13Sc3N16/14/xtal_86.cif,68.39028,50.882656
xtal_87.cif,./Al13Sc3N16/14/xtal_87.cif,20.914448,55.061203
xtal_9.cif,./Al13Sc3N16/14/xtal_9.cif,37.336,-9.7698555
xtal_90.cif,./Al13Sc3N16/14/xtal_90.cif,-106.09372,-18.132284
xtal_92.cif,./Al13Sc3N16/14/xtal_92.cif,64.76001,55.13822
xtal_93.cif,./Al13Sc3N16/14/xtal_93.cif,88.74663,19.480532
xtal_94.cif,./Al13Sc3N16/14/xtal_94.cif,7.032477,-39.166264
xtal_95.cif,./Al13Sc3N16/14/xtal_95.cif,42.456787,7.098246
xtal_96.cif,./Al13Sc3N16/14/xtal_96.cif,32.997406,13.92522
xtal_97.cif,./Al13Sc3N16/14/xtal_97.cif,-13.5799885,-56.99986
xtal_10.cif,./Al13Sc3N16/16/xtal_10.cif,6.4933543,-41.836945
xtal_12.cif,./Al13Sc3N16/16/xtal_12.cif,76.26199,55.95432
xtal_17.cif,./Al13Sc3N16/16/xtal_17.cif,64.1083,46.93898
xtal_20.cif,./Al13Sc3N16/16/xtal_20.cif,-107.00421,-17.572687
xtal_22.cif,./Al13Sc3N16/16/xtal_22.cif,-107.08487,-17.120228
xtal_23.cif,./Al13Sc3N16/16/xtal_23.cif,37.191,22.321215
xtal_25.cif,./Al13Sc3N16/16/xtal_25.cif,14.1522665,21.225069
xtal_27.cif,./Al13Sc3N16/16/xtal_27.cif,30.056042,2.0551531
xtal_3.cif,./Al13Sc3N16/16/xtal_3.cif,-15.045681,-69.01966
xtal_30.cif,./Al13Sc3N16/16/xtal_30.cif,18.364416,-45.028774
xtal_32.cif,./Al13Sc3N16/16/xtal_32.cif,-107.610695,-2.2525604
xtal_33.cif,./Al13Sc3N16/16/xtal_33.cif,59.455505,16.195282
xtal_34.cif,./Al13Sc3N16/16/xtal_34.cif,16.057854,74.65893
xtal_35.cif,./Al13Sc3N16/16/xtal_35.cif,61.595753,21.282707
xtal_36.cif,./Al13Sc3N16/16/xtal_36.cif,70.43224,-5.4618325
xtal_38.cif,./Al13Sc3N16/16/xtal_38.cif,-35.162983,-79.51211
xtal_39.cif,./Al13Sc3N16/16/xtal_39.cif,84.97668,-3.4987597
xtal_4.cif,./Al13Sc3N16/16/xtal_4.cif,14.117523,-30.0462
xtal_41.cif,./Al13Sc3N16/16/xtal_41.cif,-93.494804,-51.84777
xtal_43.cif,./Al13Sc3N16/16/xtal_43.cif,43.879307,-10.793691
xtal_44.cif,./Al13Sc3N16/16/xtal_44.cif,-49.757195,-82.32511
xtal_45.cif,./Al13Sc3N16/16/xtal_45.cif,55.937534,26.559875
xtal_47.cif,./Al13Sc3N16/16/xtal_47.cif,28.321701,-16.482885
xtal_49.cif,./Al13Sc3N16/16/xtal_49.cif,34.27583,-15.930118
xtal_51.cif,./Al13Sc3N16/16/xtal_51.cif,-22.361616,-71.87652
xtal_52.cif,./Al13Sc3N16/16/xtal_52.cif,-35.78389,-73.31232
xtal_53.cif,./Al13Sc3N16/16/xtal_53.cif,63.73393,46.994328
xtal_58.cif,./Al13Sc3N16/16/xtal_58.cif,44.873528,2.4920335
xtal_59.cif,./Al13Sc3N16/16/xtal_59.cif,68.67131,34.97358
xtal_6.cif,./Al13Sc3N16/16/xtal_6.cif,62.439037,-36.034668
xtal_61.cif,./Al13Sc3N16/16/xtal_61.cif,43.24006,16.927023
xtal_63.cif,./Al13Sc3N16/16/xtal_63.cif,7.9610667,-41.831703
xtal_65.cif,./Al13Sc3N16/16/xtal_65.cif,57.114086,30.1429
xtal_70.cif,./Al13Sc3N16/16/xtal_70.cif,36.845436,-4.3054066
xtal_71.cif,./Al13Sc3N16/16/xtal_71.cif,30.197872,-26.259455
xtal_73.cif,./Al13Sc3N16/16/xtal_73.cif,54.998676,58.634216
xtal_76.cif,./Al13Sc3N16/16/xtal_76.cif,46.085255,-23.720366
xtal_79.cif,./Al13Sc3N16/16/xtal_79.cif,40.11073,-20.048283
xtal_80.cif,./Al13Sc3N16/16/xtal_80.cif,91.01875,-11.251934
xtal_81.cif,./Al13Sc3N16/16/xtal_81.cif,-35.8728,-79.66529
xtal_82.cif,./Al13Sc3N16/16/xtal_82.cif,-24.65309,-75.19387
xtal_83.cif,./Al13Sc3N16/16/xtal_83.cif,31.10525,-33.434135
xtal_86.cif,./Al13Sc3N16/16/xtal_86.cif,-13.180071,-70.1938
xtal_87.cif,./Al13Sc3N16/16/xtal_87.cif,23.528322,-24.779963
xtal_88.cif,./Al13Sc3N16/16/xtal_88.cif,-59.37533,-76.31569
xtal_91.cif,./Al13Sc3N16/16/xtal_91.cif,59.382877,3.6738377
xtal_92.cif,./Al13Sc3N16/16/xtal_92.cif,15.575123,52.690037
xtal_95.cif,./Al13Sc3N16/16/xtal_95.cif,58.950977,21.785433
xtal_97.cif,./Al13Sc3N16/16/xtal_97.cif,77.7785,42.768173
xtal_99.cif,./Al13Sc3N16/16/xtal_99.cif,19.334867,83.59353
xtal_11.cif,./Al13Sc3N16/17/xtal_11.cif,28.528496,-9.913401
xtal_12.cif,./Al13Sc3N16/17/xtal_12.cif,73.833435,56.52302
xtal_13.cif,./Al13Sc3N16/17/xtal_13.cif,9.200455,1.5346868
xtal_14.cif,./Al13Sc3N16/17/xtal_14.cif,48.302113,2.4130125
xtal_15.cif,./Al13Sc3N16/17/xtal_15.cif,-64.515,-76.983574
xtal_16.cif,./Al13Sc3N16/17/xtal_16.cif,55.039692,19.09825
xtal_18.cif,./Al13Sc3N16/17/xtal_18.cif,50.85524,19.963936
xtal_19.cif,./Al13Sc3N16/17/xtal_19.cif,-77.400116,-69.34104
xtal_2.cif,./Al13Sc3N16/17/xtal_2.cif,-101.38295,-31.660109
xtal_20.cif,./Al13Sc3N16/17/xtal_20.cif,35.774284,-5.548913
xtal_22.cif,./Al13Sc3N16/17/xtal_22.cif,68.95283,30.499264
xtal_25.cif,./Al13Sc3N16/17/xtal_25.cif,70.37712,49.456825
xtal_28.cif,./Al13Sc3N16/17/xtal_28.cif,30.272436,4.851677
xtal_30.cif,./Al13Sc3N16/17/xtal_30.cif,-18.901005,-68.23826
xtal_31.cif,./Al13Sc3N16/17/xtal_31.cif,17.454447,-12.350612
xtal_33.cif,./Al13Sc3N16/17/xtal_33.cif,72.899666,54.74651
xtal_34.cif,./Al13Sc3N16/17/xtal_34.cif,-39.676777,-79.33718
xtal_38.cif,./Al13Sc3N16/17/xtal_38.cif,20.077534,-27.65239
xtal_4.cif,./Al13Sc3N16/17/xtal_4.cif,-79.85602,-70.594604
xtal_40.cif,./Al13Sc3N16/17/xtal_40.cif,50.409786,30.074318
xtal_41.cif,./Al13Sc3N16/17/xtal_41.cif,72.37869,20.463318
xtal_46.cif,./Al13Sc3N16/17/xtal_46.cif,-65.449455,-74.47773
xtal_47.cif,./Al13Sc3N16/17/xtal_47.cif,-14.896931,-62.20549
xtal_48.cif,./Al13Sc3N16/17/xtal_48.cif,52.328255,16.223312
xtal_49.cif,./Al13Sc3N16/17/xtal_49.cif,-106.653145,-16.057848
xtal_5.cif,./Al13Sc3N16/17/xtal_5.cif,35.062195,13.122364
xtal_52.cif,./Al13Sc3N16/17/xtal_52.cif,7.2967596,-42.691235
xtal_56.cif,./Al13Sc3N16/17/xtal_56.cif,-5.0910316,-57.57225
xtal_58.cif,./Al13Sc3N16/17/xtal_58.cif,53.012005,24.160686
xtal_60.cif,./Al13Sc3N16/17/xtal_60.cif,37.56645,-1.1372117
xtal_61.cif,./Al13Sc3N16/17/xtal_61.cif,67.53631,61.317562
xtal_62.cif,./Al13Sc3N16/17/xtal_62.cif,-53.08719,-78.182945
xtal_63.cif,./Al13Sc3N16/17/xtal_63.cif,3.5955873,-42.649883
xtal_66.cif,./Al13Sc3N16/17/xtal_66.cif,-2.6695943,-54.372307
xtal_69.cif,./Al13Sc3N16/17/xtal_69.cif,11.244734,-31.40165
xtal_7.cif,./Al13Sc3N16/17/xtal_7.cif,64.63745,-2.2762132
xtal_70.cif,./Al13Sc3N16/17/xtal_70.cif,6.327552,66.746994
xtal_74.cif,./Al13Sc3N16/17/xtal_74.cif,39.91065,-9.179678
xtal_78.cif,./Al13Sc3N16/17/xtal_78.cif,49.20997,-1.8433225
xtal_8.cif,./Al13Sc3N16/17/xtal_8.cif,-55.923492,-79.91348
xtal_80.cif,./Al13Sc3N16/17/xtal_80.cif,52.033333,20.300415
xtal_82.cif,./Al13Sc3N16/17/xtal_82.cif,68.681595,34.526016
xtal_84.cif,./Al13Sc3N16/17/xtal_84.cif,52.858147,24.650866
xtal_85.cif,./Al13Sc3N16/17/xtal_85.cif,1.8776019,-54.86854
xtal_86.cif,./Al13Sc3N16/17/xtal_86.cif,30.872913,-11.364598
xtal_88.cif,./Al13Sc3N16/17/xtal_88.cif,5.5550714,-33.60286
xtal_89.cif,./Al13Sc3N16/17/xtal_89.cif,-97.710365,-43.46803
xtal_91.cif,./Al13Sc3N16/17/xtal_91.cif,-12.252454,-54.531784
xtal_93.cif,./Al13Sc3N16/17/xtal_93.cif,27.706911,-15.12123
xtal_99.cif,./Al13Sc3N16/17/xtal_99.cif,-39.515648,-77.60609
xtal_11.cif,./Al13Sc3N16/18/xtal_11.cif,59.170124,68.672226
xtal_13.cif,./Al13Sc3N16/18/xtal_13.cif,42.577812,1.6287948
xtal_14.cif,./Al13Sc3N16/18/xtal_14.cif,72.85443,55.81119
xtal_15.cif,./Al13Sc3N16/18/xtal_15.cif,18.115824,-12.836659
xtal_17.cif,./Al13Sc3N16/18/xtal_17.cif,-93.087364,-52.100994
xtal_2.cif,./Al13Sc3N16/18/xtal_2.cif,-17.28831,-60.029243
xtal_20.cif,./Al13Sc3N16/18/xtal_20.cif,33.189648,-0.21552876
xtal_21.cif,./Al13Sc3N16/18/xtal_21.cif,-3.6240304,-55.582382
xtal_23.cif,./Al13Sc3N16/18/xtal_23.cif,72.53654,2.530535
xtal_25.cif,./Al13Sc3N16/18/xtal_25.cif,-103.102585,-27.773905
xtal_26.cif,./Al13Sc3N16/18/xtal_26.cif,37.483017,-11.095589
xtal_28.cif,./Al13Sc3N16/18/xtal_28.cif,-7.873758,-58.434208
xtal_3.cif,./Al13Sc3N16/18/xtal_3.cif,33.198997,-7.7535987
xtal_30.cif,./Al13Sc3N16/18/xtal_30.cif,-30.57223,-76.431656
xtal_32.cif,./Al13Sc3N16/18/xtal_32.cif,38.295155,-1.5368105
xtal_34.cif,./Al13Sc3N16/18/xtal_34.cif,-98.259705,-37.81702
xtal_38.cif,./Al13Sc3N16/18/xtal_38.cif,-56.137226,-77.881615
xtal_39.cif,./Al13Sc3N16/18/xtal_39.cif,-9.9962,-68.55477
xtal_4.cif,./Al13Sc3N16/18/xtal_4.cif,-0.98700637,-43.457905
xtal_40.cif,./Al13Sc3N16/18/xtal_40.cif,47.92923,1.8025302
xtal_42.cif,./Al13Sc3N16/18/xtal_42.cif,-0.7097526,23.51575
xtal_47.cif,./Al13Sc3N16/18/xtal_47.cif,0.18713841,-34.454132
xtal_48.cif,./Al13Sc3N16/18/xtal_48.cif,51.026485,29.465744
xtal_49.cif,./Al13Sc3N16/18/xtal_49.cif,33.49768,-7.054392
xtal_50.cif,./Al13Sc3N16/18/xtal_50.cif,33.75083,-9.203881
xtal_51.cif,./Al13Sc3N16/18/xtal_51.cif,-28.196842,-75.09827
xtal_55.cif,./Al13Sc3N16/18/xtal_55.cif,38.541195,-17.905891
xtal_58.cif,./Al13Sc3N16/18/xtal_58.cif,-23.28554,32.592754
xtal_59.cif,./Al13Sc3N16/18/xtal_59.cif,39.111526,64.040726
xtal_6.cif,./Al13Sc3N16/18/xtal_6.cif,15.130978,34.786896
xtal_60.cif,./Al13Sc3N16/18/xtal_60.cif,69.823,61.427265
xtal_61.cif,./Al13Sc3N16/18/xtal_61.cif,-26.204763,-73.21976
xtal_62.cif,./Al13Sc3N16/18/xtal_62.cif,-63.61324,-77.58275
xtal_66.cif,./Al13Sc3N16/18/xtal_66.cif,81.783035,42.51478
xtal_68.cif,./Al13Sc3N16/18/xtal_68.cif,55.992287,17.93626
xtal_69.cif,./Al13Sc3N16/18/xtal_69.cif,55.993282,20.109505
xtal_7.cif,./Al13Sc3N16/18/xtal_7.cif,22.16302,72.17976
xtal_72.cif,./Al13Sc3N16/18/xtal_72.cif,19.420732,-26.771114
xtal_79.cif,./Al13Sc3N16/18/xtal_79.cif,67.02967,56.0058
xtal_8.cif,./Al13Sc3N16/18/xtal_8.cif,-35.03202,-73.73603
xtal_80.cif,./Al13Sc3N16/18/xtal_80.cif,7.0769005,42.61421
xtal_84.cif,./Al13Sc3N16/18/xtal_84.cif,-97.929596,-44.61777
xtal_87.cif,./Al13Sc3N16/18/xtal_87.cif,29.252468,67.888535
xtal_88.cif,./Al13Sc3N16/18/xtal_88.cif,34.250336,-14.378181
xtal_91.cif,./Al13Sc3N16/18/xtal_91.cif,70.10246,-2.1994035
xtal_92.cif,./Al13Sc3N16/18/xtal_92.cif,0.05893276,-58.310825
xtal_93.cif,./Al13Sc3N16/18/xtal_93.cif,77.59972,31.51305
xtal_96.cif,./Al13Sc3N16/18/xtal_96.cif,36.518948,-1.6946734
xtal_97.cif,./Al13Sc3N16/18/xtal_97.cif,60.44869,74.58692
xtal_98.cif,./Al13Sc3N16/18/xtal_98.cif,-30.323805,-75.47026
xtal_1.cif,./Al13Sc3N16/21/xtal_1.cif,37.405758,1.8615277
xtal_10.cif,./Al13Sc3N16/21/xtal_10.cif,-0.30080947,-47.333565
xtal_13.cif,./Al13Sc3N16/21/xtal_13.cif,47.654034,39.954
xtal_14.cif,./Al13Sc3N16/21/xtal_14.cif,-58.183964,-77.953384
xtal_15.cif,./Al13Sc3N16/21/xtal_15.cif,11.55241,-35.003128
xtal_16.cif,./Al13Sc3N16/21/xtal_16.cif,77.59196,51.988255
xtal_17.cif,./Al13Sc3N16/21/xtal_17.cif,-93.9722,-53.27398
xtal_18.cif,./Al13Sc3N16/21/xtal_18.cif,-95.37009,-46.271847
xtal_22.cif,./Al13Sc3N16/21/xtal_22.cif,-6.91841,-60.39936
xtal_23.cif,./Al13Sc3N16/21/xtal_23.cif,77.81285,-26.27303
xtal_24.cif,./Al13Sc3N16/21/xtal_24.cif,36.72627,69.06291
xtal_25.cif,./Al13Sc3N16/21/xtal_25.cif,-2.8655741,-56.262802
xtal_27.cif,./Al13Sc3N16/21/xtal_27.cif,67.64824,-2.2279184
xtal_29.cif,./Al13Sc3N16/21/xtal_29.cif,-46.785183,-73.80773
xtal_35.cif,./Al13Sc3N16/21/xtal_35.cif,29.148184,68.07312
xtal_37.cif,./Al13Sc3N16/21/xtal_37.cif,53.853188,-10.086371
xtal_39.cif,./Al13Sc3N16/21/xtal_39.cif,-8.905303,-66.751945
xtal_41.cif,./Al13Sc3N16/21/xtal_41.cif,45.32497,-22.631622
xtal_43.cif,./Al13Sc3N16/21/xtal_43.cif,12.170729,-9.3393345
xtal_45.cif,./Al13Sc3N16/21/xtal_45.cif,54.63827,17.436914
xtal_47.cif,./Al13Sc3N16/21/xtal_47.cif,25.210318,56.75972
xtal_49.cif,./Al13Sc3N16/21/xtal_49.cif,-59.39485,54.40837
xtal_50.cif,./Al13Sc3N16/21/xtal_50.cif,19.434967,-51.51538
xtal_53.cif,./Al13Sc3N16/21/xtal_53.cif,-1.149931,-57.224735
xtal_55.cif,./Al13Sc3N16/21/xtal_55.cif,55.976326,17.70657
xtal_56.cif,./Al13Sc3N16/21/xtal_56.cif,-104.59099,-22.771729
xtal_58.cif,./Al13Sc3N16/21/xtal_58.cif,-35.376247,-73.04011
xtal_59.cif,./Al13Sc3N16/21/xtal_59.cif,89.05253,-2.4772224
xtal_61.cif,./Al13Sc3N16/21/xtal_61.cif,42.79426,-16.021797
xtal_63.cif,./Al13Sc3N16/21/xtal_63.cif,92.73219,17.577957
xtal_64.cif,./Al13Sc3N16/21/xtal_64.cif,32.86434,0.02232527
xtal_65.cif,./Al13Sc3N16/21/xtal_65.cif,-107.00685,-12.628899
xtal_67.cif,./Al13Sc3N16/21/xtal_67.cif,25.405302,54.80656
xtal_68.cif,./Al13Sc3N16/21/xtal_68.cif,28.38996,-16.450533
xtal_70.cif,./Al13Sc3N16/21/xtal_70.cif,9.598787,-49.959473
xtal_74.cif,./Al13Sc3N16/21/xtal_74.cif,33.50184,-12.175822
xtal_75.cif,./Al13Sc3N16/21/xtal_75.cif,-35.514847,-75.90035
xtal_78.cif,./Al13Sc3N16/21/xtal_78.cif,-96.306465,-39.603024
xtal_82.cif,./Al13Sc3N16/21/xtal_82.cif,93.029205,19.750881
xtal_83.cif,./Al13Sc3N16/21/xtal_83.cif,49.625267,-54.092594
xtal_85.cif,./Al13Sc3N16/21/xtal_85.cif,-4.505881,-59.37184
xtal_86.cif,./Al13Sc3N16/21/xtal_86.cif,75.70696,8.738522
xtal_87.cif,./Al13Sc3N16/21/xtal_87.cif,39.33287,-21.538181
xtal_88.cif,./Al13Sc3N16/21/xtal_88.cif,3.8699179,-42.79009
xtal_89.cif,./Al13Sc3N16/21/xtal_89.cif,-61.04289,-74.2179
xtal_91.cif,./Al13Sc3N16/21/xtal_91.cif,-14.565298,78.86956
xtal_92.cif,./Al13Sc3N16/21/xtal_92.cif,-44.983055,-78.61564
xtal_96.cif,./Al13Sc3N16/21/xtal_96.cif,12.652419,-21.763855
xtal_97.cif,./Al13Sc3N16/21/xtal_97.cif,54.967922,28.081936
xtal_99.cif,./Al13Sc3N16/21/xtal_99.cif,61.376457,-8.97654
xtal_10.cif,./Al13Sc3N16/23/xtal_10.cif,-100.55387,-36.196213
xtal_11.cif,./Al13Sc3N16/23/xtal_11.cif,47.50999,0.78679216
xtal_14.cif,./Al13Sc3N16/23/xtal_14.cif,59.42041,29.805994
xtal_15.cif,./Al13Sc3N16/23/xtal_15.cif,-102.89597,-26.391762
xtal_19.cif,./Al13Sc3N16/23/xtal_19.cif,75.90451,2.2632084
xtal_20.cif,./Al13Sc3N16/23/xtal_20.cif,-57.37454,54.612415
xtal_21.cif,./Al13Sc3N16/23/xtal_21.cif,-27.144478,-75.51523
xtal_23.cif,./Al13Sc3N16/23/xtal_23.cif,25.134632,-22.962467
xtal_25.cif,./Al13Sc3N16/23/xtal_25.cif,-90.12299,-52.993855
xtal_30.cif,./Al13Sc3N16/23/xtal_30.cif,14.281853,31.42926
xtal_31.cif,./Al13Sc3N16/23/xtal_31.cif,54.653854,66.01168
xtal_32.cif,./Al13Sc3N16/23/xtal_32.cif,3.3136108,-39.560024
xtal_36.cif,./Al13Sc3N16/23/xtal_36.cif,44.915726,3.4921765
xtal_37.cif,./Al13Sc3N16/23/xtal_37.cif,9.136466,-22.340635
xtal_41.cif,./Al13Sc3N16/23/xtal_41.cif,53.54104,-3.3213534
xtal_42.cif,./Al13Sc3N16/23/xtal_42.cif,62.9276,17.460564
xtal_43.cif,./Al13Sc3N16/23/xtal_43.cif,42.88601,5.286894
xtal_45.cif,./Al13Sc3N16/23/xtal_45.cif,-106.67506,-11.147972
xtal_48.cif,./Al13Sc3N16/23/xtal_48.cif,10.673822,-31.157013
xtal_5.cif,./Al13Sc3N16/23/xtal_5.cif,-79.635956,-70.99907
xtal_50.cif,./Al13Sc3N16/23/xtal_50.cif,-78.20821,-66.37286
xtal_53.cif,./Al13Sc3N16/23/xtal_53.cif,73.73524,36.004295
xtal_56.cif,./Al13Sc3N16/23/xtal_56.cif,25.629671,50.8808
xtal_58.cif,./Al13Sc3N16/23/xtal_58.cif,68.5806,37.539257
xtal_59.cif,./Al13Sc3N16/23/xtal_59.cif,38.130386,-22.43709
xtal_6.cif,./Al13Sc3N16/23/xtal_6.cif,80.0692,43.40969
xtal_60.cif,./Al13Sc3N16/23/xtal_60.cif,88.01185,-0.28612524
xtal_62.cif,./Al13Sc3N16/23/xtal_62.cif,75.21553,2.7125943
xtal_63.cif,./Al13Sc3N16/23/xtal_63.cif,-105.12642,-21.3967
xtal_64.cif,./Al13Sc3N16/23/xtal_64.cif,-46.360188,-79.87574
xtal_65.cif,./Al13Sc3N16/23/xtal_65.cif,32.730766,-10.172279
xtal_68.cif,./Al13Sc3N16/23/xtal_68.cif,50.797657,0.12425935
xtal_7.cif,./Al13Sc3N16/23/xtal_7.cif,22.415453,64.97653
xtal_70.cif,./Al13Sc3N16/23/xtal_70.cif,-9.57383,-58.00013
xtal_73.cif,./Al13Sc3N16/23/xtal_73.cif,21.579565,-33.328106
xtal_75.cif,./Al13Sc3N16/23/xtal_75.cif,79.324455,33.251705
xtal_76.cif,./Al13Sc3N16/23/xtal_76.cif,23.030106,-31.95802
xtal_77.cif,./Al13Sc3N16/23/xtal_77.cif,46.185837,38.72224
xtal_79.cif,./Al13Sc3N16/23/xtal_79.cif,-34.896416,-74.45665
xtal_8.cif,./Al13Sc3N16/23/xtal_8.cif,-21.046854,-65.633575
xtal_82.cif,./Al13Sc3N16/23/xtal_82.cif,-2.2975116,-56.917625
xtal_87.cif,./Al13Sc3N16/23/xtal_87.cif,70.10584,59.471664
xtal_89.cif,./Al13Sc3N16/23/xtal_89.cif,-19.587284,-63.769745
xtal_9.cif,./Al13Sc3N16/23/xtal_9.cif,39.953316,-6.179176
xtal_92.cif,./Al13Sc3N16/23/xtal_92.cif,2.2240264,-52.206657
xtal_94.cif,./Al13Sc3N16/23/xtal_94.cif,50.722412,20.02106
xtal_96.cif,./Al13Sc3N16/23/xtal_96.cif,61.86282,22.729006
xtal_97.cif,./Al13Sc3N16/23/xtal_97.cif,-16.226444,-31.144865
xtal_98.cif,./Al13Sc3N16/23/xtal_98.cif,42.656208,47.27816
xtal_99.cif,./Al13Sc3N16/23/xtal_99.cif,-60.824795,-76.61645
xtal_15.cif,./Al13Sc3N16/25/xtal_15.cif,44.687683,-1.2545377
xtal_16.cif,./Al13Sc3N16/25/xtal_16.cif,-34.41434,-80.20736
xtal_18.cif,./Al13Sc3N16/25/xtal_18.cif,31.01487,-30.511341
xtal_19.cif,./Al13Sc3N16/25/xtal_19.cif,7.7564034,-68.775345
xtal_2.cif,./Al13Sc3N16/25/xtal_2.cif,82.94914,41.72661
xtal_20.cif,./Al13Sc3N16/25/xtal_20.cif,-23.94579,-77.66687
xtal_21.cif,./Al13Sc3N16/25/xtal_21.cif,-106.97973,-16.704441
xtal_23.cif,./Al13Sc3N16/25/xtal_23.cif,66.14213,-39.298386
xtal_24.cif,./Al13Sc3N16/25/xtal_24.cif,9.674048,-50.071415
xtal_25.cif,./Al13Sc3N16/25/xtal_25.cif,35.542816,-43.201603
xtal_26.cif,./Al13Sc3N16/25/xtal_26.cif,86.25172,-43.81345
xtal_31.cif,./Al13Sc3N16/25/xtal_31.cif,69.882645,-70.86005
xtal_33.cif,./Al13Sc3N16/25/xtal_33.cif,47.52266,9.928157
xtal_35.cif,./Al13Sc3N16/25/xtal_35.cif,-75.37223,-73.35407
xtal_38.cif,./Al13Sc3N16/25/xtal_38.cif,43.729378,-18.761576
xtal_4.cif,./Al13Sc3N16/25/xtal_4.cif,-101.70719,-26.380646
xtal_40.cif,./Al13Sc3N16/25/xtal_40.cif,88.557976,-6.037916
xtal_41.cif,./Al13Sc3N16/25/xtal_41.cif,74.33211,39.700607
xtal_42.cif,./Al13Sc3N16/25/xtal_42.cif,-107.462166,-0.96880484
xtal_43.cif,./Al13Sc3N16/25/xtal_43.cif,-17.70623,-54.95778
xtal_45.cif,./Al13Sc3N16/25/xtal_45.cif,70.07976,-23.239868
xtal_46.cif,./Al13Sc3N16/25/xtal_46.cif,84.328316,-16.337404
xtal_47.cif,./Al13Sc3N16/25/xtal_47.cif,-98.30371,-37.727806
xtal_53.cif,./Al13Sc3N16/25/xtal_53.cif,18.500732,-53.066753
xtal_54.cif,./Al13Sc3N16/25/xtal_54.cif,17.40085,-54.554966
xtal_56.cif,./Al13Sc3N16/25/xtal_56.cif,76.86538,52.827545
xtal_57.cif,./Al13Sc3N16/25/xtal_57.cif,65.89016,31.317045
xtal_58.cif,./Al13Sc3N16/25/xtal_58.cif,-0.5606871,-48.96841
xtal_59.cif,./Al13Sc3N16/25/xtal_59.cif,90.38151,-25.27422
xtal_6.cif,./Al13Sc3N16/25/xtal_6.cif,81.45139,-57.82218
xtal_61.cif,./Al13Sc3N16/25/xtal_61.cif,63.20538,-43.07945
xtal_64.cif,./Al13Sc3N16/25/xtal_64.cif,-27.214413,-79.55201
xtal_66.cif,./Al13Sc3N16/25/xtal_66.cif,63.095165,30.69847
xtal_67.cif,./Al13Sc3N16/25/xtal_67.cif,54.00121,4.13282
xtal_70.cif,./Al13Sc3N16/25/xtal_70.cif,53.51933,-6.9215865
xtal_71.cif,./Al13Sc3N16/25/xtal_71.cif,65.0942,-9.853021
xtal_73.cif,./Al13Sc3N16/25/xtal_73.cif,77.08855,-54.599766
xtal_8.cif,./Al13Sc3N16/25/xtal_8.cif,60.65706,2.0988185
xtal_80.cif,./Al13Sc3N16/25/xtal_80.cif,23.301266,60.572342
xtal_81.cif,./Al13Sc3N16/25/xtal_81.cif,33.726738,-7.263868
xtal_82.cif,./Al13Sc3N16/25/xtal_82.cif,51.075542,-10.170083
xtal_87.cif,./Al13Sc3N16/25/xtal_87.cif,-33.09619,-67.71674
xtal_89.cif,./Al13Sc3N16/25/xtal_89.cif,39.008873,-6.5485106
xtal_91.cif,./Al13Sc3N16/25/xtal_91.cif,16.49412,16.007046
xtal_94.cif,./Al13Sc3N16/25/xtal_94.cif,71.74006,57.864296
xtal_95.cif,./Al13Sc3N16/25/xtal_95.cif,15.132817,-15.063139
xtal_96.cif,./Al13Sc3N16/25/xtal_96.cif,-105.789764,-19.500713
xtal_97.cif,./Al13Sc3N16/25/xtal_97.cif,53.72404,79.03223
xtal_98.cif,./Al13Sc3N16/25/xtal_98.cif,9.9249115,-28.924253
xtal_1.cif,./Al13Sc3N16/26/xtal_1.cif,50.60543,18.838337
xtal_10.cif,./Al13Sc3N16/26/xtal_10.cif,12.131254,-52.146595
xtal_14.cif,./Al13Sc3N16/26/xtal_14.cif,41.569664,0.82313937
xtal_17.cif,./Al13Sc3N16/26/xtal_17.cif,-62.798378,-75.62704
xtal_2.cif,./Al13Sc3N16/26/xtal_2.cif,47.726555,-9.703489
xtal_20.cif,./Al13Sc3N16/26/xtal_20.cif,44.187912,19.00987
xtal_26.cif,./Al13Sc3N16/26/xtal_26.cif,10.643319,35.307537
xtal_27.cif,./Al13Sc3N16/26/xtal_27.cif,-46.186035,-74.80341
xtal_28.cif,./Al13Sc3N16/26/xtal_28.cif,86.050644,36.134415
xtal_3.cif,./Al13Sc3N16/26/xtal_3.cif,-56.67721,-76.84496
xtal_32.cif,./Al13Sc3N16/26/xtal_32.cif,76.84633,24.085659
xtal_35.cif,./Al13Sc3N16/26/xtal_35.cif,-107.66107,-2.4934478
xtal_36.cif,./Al13Sc3N16/26/xtal_36.cif,22.504444,60.613663
xtal_37.cif,./Al13Sc3N16/26/xtal_37.cif,54.93913,30.979836
xtal_38.cif,./Al13Sc3N16/26/xtal_38.cif,52.672024,61.708927
xtal_4.cif,./Al13Sc3N16/26/xtal_4.cif,22.63716,72.53062
xtal_41.cif,./Al13Sc3N16/26/xtal_41.cif,-90.662544,-49.94965
xtal_43.cif,./Al13Sc3N16/26/xtal_43.cif,-94.15272,-54.354168
xtal_44.cif,./Al13Sc3N16/26/xtal_44.cif,26.352505,-21.188536
xtal_47.cif,./Al13Sc3N16/26/xtal_47.cif,22.147724,-27.781433
xtal_49.cif,./Al13Sc3N16/26/xtal_49.cif,-95.970406,-41.95381
xtal_5.cif,./Al13Sc3N16/26/xtal_5.cif,80.03971,-4.752894
xtal_51.cif,./Al13Sc3N16/26/xtal_51.cif,53.73967,-8.739416
xtal_52.cif,./Al13Sc3N16/26/xtal_52.cif,63.127583,37.651825
xtal_54.cif,./Al13Sc3N16/26/xtal_54.cif,74.87872,48.418736
xtal_55.cif,./Al13Sc3N16/26/xtal_55.cif,-107.66179,5.757269
xtal_57.cif,./Al13Sc3N16/26/xtal_57.cif,38.021282,-5.7022543
xtal_58.cif,./Al13Sc3N16/26/xtal_58.cif,-10.5545435,-56.18338
xtal_59.cif,./Al13Sc3N16/26/xtal_59.cif,73.52284,-26.859203
xtal_60.cif,./Al13Sc3N16/26/xtal_60.cif,-77.33063,-70.137314
xtal_64.cif,./Al13Sc3N16/26/xtal_64.cif,3.2313006,-44.667362
xtal_65.cif,./Al13Sc3N16/26/xtal_65.cif,47.850094,-31.133116
xtal_69.cif,./Al13Sc3N16/26/xtal_69.cif,28.633528,-44.18532
xtal_7.cif,./Al13Sc3N16/26/xtal_7.cif,-86.92192,-57.724205
xtal_70.cif,./Al13Sc3N16/26/xtal_70.cif,6.906832,-38.363808
xtal_71.cif,./Al13Sc3N16/26/xtal_71.cif,15.1944475,61.351025
xtal_73.cif,./Al13Sc3N16/26/xtal_73.cif,32.245354,70.03373
xtal_75.cif,./Al13Sc3N16/26/xtal_75.cif,2.881622,-7.273059
xtal_76.cif,./Al13Sc3N16/26/xtal_76.cif,-1.5045545,-39.3932
xtal_78.cif,./Al13Sc3N16/26/xtal_78.cif,28.790264,-13.879444
xtal_79.cif,./Al13Sc3N16/26/xtal_79.cif,51.302155,30.856329
xtal_8.cif,./Al13Sc3N16/26/xtal_8.cif,72.00269,20.31972
xtal_80.cif,./Al13Sc3N16/26/xtal_80.cif,-94.83365,-44.035664
xtal_82.cif,./Al13Sc3N16/26/xtal_82.cif,-106.78415,-18.479092
xtal_83.cif,./Al13Sc3N16/26/xtal_83.cif,28.584295,-18.16605
xtal_84.cif,./Al13Sc3N16/26/xtal_84.cif,-9.609719,-69.893776
xtal_89.cif,./Al13Sc3N16/26/xtal_89.cif,30.147247,3.7292895
xtal_9.cif,./Al13Sc3N16/26/xtal_9.cif,52.109665,50.246964
xtal_90.cif,./Al13Sc3N16/26/xtal_90.cif,-8.038085,-53.76048
xtal_97.cif,./Al13Sc3N16/26/xtal_97.cif,33.566597,1.4718397
xtal_1.cif,./Al13Sc3N16/27/xtal_1.cif,-83.23163,-68.11974
xtal_10.cif,./Al13Sc3N16/27/xtal_10.cif,5.339598,42.861088
xtal_11.cif,./Al13Sc3N16/27/xtal_11.cif,13.149697,-35.167137
xtal_12.cif,./Al13Sc3N16/27/xtal_12.cif,67.209885,-38.84869
xtal_13.cif,./Al13Sc3N16/27/xtal_13.cif,8.875144,-37.960213
xtal_14.cif,./Al13Sc3N16/27/xtal_14.cif,-52.79852,-76.11939
xtal_15.cif,./Al13Sc3N16/27/xtal_15.cif,75.49206,58.448143
xtal_16.cif,./Al13Sc3N16/27/xtal_16.cif,-76.53432,-71.62517
xtal_17.cif,./Al13Sc3N16/27/xtal_17.cif,-48.438362,-79.59661
xtal_18.cif,./Al13Sc3N16/27/xtal_18.cif,63.328327,-7.5306726
xtal_2.cif,./Al13Sc3N16/27/xtal_2.cif,44.92435,2.5162532
xtal_25.cif,./Al13Sc3N16/27/xtal_25.cif,-0.6945547,-57.72507
xtal_26.cif,./Al13Sc3N16/27/xtal_26.cif,-84.90725,-64.0399
xtal_27.cif,./Al13Sc3N16/27/xtal_27.cif,-94.8691,-47.32238
xtal_28.cif,./Al13Sc3N16/27/xtal_28.cif,-106.14799,-19.035242
xtal_30.cif,./Al13Sc3N16/27/xtal_30.cif,-64.81706,-79.29898
xtal_34.cif,./Al13Sc3N16/27/xtal_34.cif,0.12989338,-58.609684
xtal_35.cif,./Al13Sc3N16/27/xtal_35.cif,84.64258,42.889072
xtal_36.cif,./Al13Sc3N16/27/xtal_36.cif,61.887005,-35.149612
xtal_37.cif,./Al13Sc3N16/27/xtal_37.cif,25.10373,-34.623615
xtal_40.cif,./Al13Sc3N16/27/xtal_40.cif,-85.38953,-62.649662
xtal_41.cif,./Al13Sc3N16/27/xtal_41.cif,-63.47293,-78.640816
xtal_43.cif,./Al13Sc3N16/27/xtal_43.cif,35.90975,-4.833122
xtal_47.cif,./Al13Sc3N16/27/xtal_47.cif,52.511375,-25.91721
xtal_48.cif,./Al13Sc3N16/27/xtal_48.cif,-4.758589,-55.643005
xtal_5.cif,./Al13Sc3N16/27/xtal_5.cif,31.622854,2.0827787
xtal_51.cif,./Al13Sc3N16/27/xtal_51.cif,14.112905,22.224977
xtal_53.cif,./Al13Sc3N16/27/xtal_53.cif,74.467384,52.627872
xtal_54.cif,./Al13Sc3N16/27/xtal_54.cif,-25.271046,-72.257454
xtal_55.cif,./Al13Sc3N16/27/xtal_55.cif,43.725754,-36.20582
xtal_56.cif,./Al13Sc3N16/27/xtal_56.cif,7.058798,-39.62892
xtal_59.cif,./Al13Sc3N16/27/xtal_59.cif,-101.11148,-32.068104
xtal_6.cif,./Al13Sc3N16/27/xtal_6.cif,69.56093,39.088345
xtal_60.cif,./Al13Sc3N16/27/xtal_60.cif,24.229256,54.964382
xtal_62.cif,./Al13Sc3N16/27/xtal_62.cif,-96.93942,-41.365887
xtal_63.cif,./Al13Sc3N16/27/xtal_63.cif,45.875637,-23.040464
xtal_65.cif,./Al13Sc3N16/27/xtal_65.cif,14.63127,-37.58058
xtal_68.cif,./Al13Sc3N16/27/xtal_68.cif,42.907017,48.044796
xtal_69.cif,./Al13Sc3N16/27/xtal_69.cif,-75.54919,-70.56455
xtal_7.cif,./Al13Sc3N16/27/xtal_7.cif,-4.6411276,-60.472275
xtal_70.cif,./Al13Sc3N16/27/xtal_70.cif,52.173965,42.573254
xtal_77.cif,./Al13Sc3N16/27/xtal_77.cif,22.241486,54.969475
xtal_81.cif,./Al13Sc3N16/27/xtal_81.cif,40.895798,-21.921408
xtal_83.cif,./Al13Sc3N16/27/xtal_83.cif,21.88023,-21.808384
xtal_85.cif,./Al13Sc3N16/27/xtal_85.cif,63.568634,34.488045
xtal_90.cif,./Al13Sc3N16/27/xtal_90.cif,90.14153,20.415749
xtal_91.cif,./Al13Sc3N16/27/xtal_91.cif,9.030626,1.4073156
xtal_93.cif,./Al13Sc3N16/27/xtal_93.cif,3.1275938,-44.224033
xtal_97.cif,./Al13Sc3N16/27/xtal_97.cif,46.004044,-21.554789
xtal_98.cif,./Al13Sc3N16/27/xtal_98.cif,85.75164,-0.86884797
xtal_12.cif,./Al13Sc3N16/28/xtal_12.cif,34.828415,-15.169832
xtal_14.cif,./Al13Sc3N16/28/xtal_14.cif,84.886826,39.154636
xtal_15.cif,./Al13Sc3N16/28/xtal_15.cif,-91.5929,-49.139366
xtal_16.cif,./Al13Sc3N16/28/xtal_16.cif,-88.95721,-56.697113
xtal_20.cif,./Al13Sc3N16/28/xtal_20.cif,48.43434,-31.545055
xtal_26.cif,./Al13Sc3N16/28/xtal_26.cif,33.088547,-32.345623
xtal_27.cif,./Al13Sc3N16/28/xtal_27.cif,-30.96225,-81.647644
xtal_29.cif,./Al13Sc3N16/28/xtal_29.cif,63.17286,16.827047
xtal_3.cif,./Al13Sc3N16/28/xtal_3.cif,42.463657,-19.871376
xtal_34.cif,./Al13Sc3N16/28/xtal_34.cif,-86.595436,-60.60536
xtal_35.cif,./Al13Sc3N16/28/xtal_35.cif,86.817696,25.829517
xtal_37.cif,./Al13Sc3N16/28/xtal_37.cif,-0.73265857,-60.994835
xtal_38.cif,./Al13Sc3N16/28/xtal_38.cif,69.80984,-22.815456
xtal_4.cif,./Al13Sc3N16/28/xtal_4.cif,71.22218,-41.84743
xtal_40.cif,./Al13Sc3N16/28/xtal_40.cif,27.47969,-32.25295
xtal_41.cif,./Al13Sc3N16/28/xtal_41.cif,-5.4312496,-75.82102
xtal_43.cif,./Al13Sc3N16/28/xtal_43.cif,-34.021004,-79.313194
xtal_45.cif,./Al13Sc3N16/28/xtal_45.cif,32.18634,70.08646
xtal_47.cif,./Al13Sc3N16/28/xtal_47.cif,59.97283,24.536575
xtal_48.cif,./Al13Sc3N16/28/xtal_48.cif,20.626678,-27.56515
xtal_49.cif,./Al13Sc3N16/28/xtal_49.cif,78.92839,-53.141956
xtal_5.cif,./Al13Sc3N16/28/xtal_5.cif,49.18236,-11.12036
xtal_51.cif,./Al13Sc3N16/28/xtal_51.cif,87.15769,-13.507799
xtal_52.cif,./Al13Sc3N16/28/xtal_52.cif,26.430096,-28.775303
xtal_53.cif,./Al13Sc3N16/28/xtal_53.cif,-10.724465,-67.78395
xtal_54.cif,./Al13Sc3N16/28/xtal_54.cif,-45.903957,-76.932106
xtal_55.cif,./Al13Sc3N16/28/xtal_55.cif,71.18741,-41.949303
xtal_56.cif,./Al13Sc3N16/28/xtal_56.cif,46.63494,29.845026
xtal_59.cif,./Al13Sc3N16/28/xtal_59.cif,15.503726,-51.43691
xtal_6.cif,./Al13Sc3N16/28/xtal_6.cif,36.366833,-16.241035
xtal_60.cif,./Al13Sc3N16/28/xtal_60.cif,60.787323,21.650335
xtal_61.cif,./Al13Sc3N16/28/xtal_61.cif,55.517,2.4140744
xtal_62.cif,./Al13Sc3N16/28/xtal_62.cif,74.90258,30.694376
xtal_63.cif,./Al13Sc3N16/28/xtal_63.cif,20.565845,-32.205894
xtal_65.cif,./Al13Sc3N16/28/xtal_65.cif,-47.35699,-78.40435
xtal_67.cif,./Al13Sc3N16/28/xtal_67.cif,3.2013817,-44.31576
xtal_69.cif,./Al13Sc3N16/28/xtal_69.cif,-29.838026,-76.479675
xtal_7.cif,./Al13Sc3N16/28/xtal_7.cif,-105.24151,-21.025911
xtal_74.cif,./Al13Sc3N16/28/xtal_74.cif,81.56706,45.750874
xtal_76.cif,./Al13Sc3N16/28/xtal_76.cif,68.53841,13.697007
xtal_78.cif,./Al13Sc3N16/28/xtal_78.cif,67.65711,-23.772106
xtal_8.cif,./Al13Sc3N16/28/xtal_8.cif,29.333307,66.50241
xtal_80.cif,./Al13Sc3N16/28/xtal_80.cif,-64.23701,-77.11519
xtal_82.cif,./Al13Sc3N16/28/xtal_82.cif,39.334015,0.33524027
xtal_83.cif,./Al13Sc3N16/28/xtal_83.cif,-35.42294,-69.155716
xtal_91.cif,./Al13Sc3N16/28/xtal_91.cif,-4.950765,-54.80397
xtal_92.cif,./Al13Sc3N16/28/xtal_92.cif,72.4497,-42.99003
xtal_94.cif,./Al13Sc3N16/28/xtal_94.cif,63.063786,32.220703
xtal_96.cif,./Al13Sc3N16/28/xtal_96.cif,-21.434916,-65.11402
xtal_97.cif,./Al13Sc3N16/28/xtal_97.cif,74.02453,45.965168
xtal_10.cif,./Al13Sc3N16/30/xtal_10.cif,38.506615,-23.328127
xtal_14.cif,./Al13Sc3N16/30/xtal_14.cif,90.67634,-4.7820582
xtal_15.cif,./Al13Sc3N16/30/xtal_15.cif,56.380516,17.512066
xtal_16.cif,./Al13Sc3N16/30/xtal_16.cif,-42.165936,-76.527985
xtal_17.cif,./Al13Sc3N16/30/xtal_17.cif,-102.984436,-25.60175
xtal_21.cif,./Al13Sc3N16/30/xtal_21.cif,-12.103783,-63.729862
xtal_22.cif,./Al13Sc3N16/30/xtal_22.cif,58.57163,33.67736
xtal_25.cif,./Al13Sc3N16/30/xtal_25.cif,79.28289,41.989517
xtal_26.cif,./Al13Sc3N16/30/xtal_26.cif,75.410866,40.795254
xtal_27.cif,./Al13Sc3N16/30/xtal_27.cif,51.823105,1.3954735
xtal_29.cif,./Al13Sc3N16/30/xtal_29.cif,35.859974,-9.395047
xtal_31.cif,./Al13Sc3N16/30/xtal_31.cif,68.35876,48.856163
xtal_33.cif,./Al13Sc3N16/30/xtal_33.cif,-39.55193,-79.469925
xtal_35.cif,./Al13Sc3N16/30/xtal_35.cif,86.58469,18.829737
xtal_39.cif,./Al13Sc3N16/30/xtal_39.cif,81.22874,40.16933
xtal_40.cif,./Al13Sc3N16/30/xtal_40.cif,-64.28254,-76.32828
xtal_41.cif,./Al13Sc3N16/30/xtal_41.cif,56.806137,17.743471
xtal_42.cif,./Al13Sc3N16/30/xtal_42.cif,3.470922,18.850677
xtal_44.cif,./Al13Sc3N16/30/xtal_44.cif,71.94264,47.949287
xtal_45.cif,./Al13Sc3N16/30/xtal_45.cif,98.183655,17.91606
xtal_46.cif,./Al13Sc3N16/30/xtal_46.cif,32.657967,-27.914057
xtal_48.cif,./Al13Sc3N16/30/xtal_48.cif,-28.416346,-75.53257
xtal_5.cif,./Al13Sc3N16/30/xtal_5.cif,95.319855,-14.626126
xtal_52.cif,./Al13Sc3N16/30/xtal_52.cif,-11.407946,-75.785164
xtal_54.cif,./Al13Sc3N16/30/xtal_54.cif,-65.53511,-75.91525
xtal_56.cif,./Al13Sc3N16/30/xtal_56.cif,-16.276236,-76.71495
xtal_58.cif,./Al13Sc3N16/30/xtal_58.cif,64.94283,-3.971287
xtal_60.cif,./Al13Sc3N16/30/xtal_60.cif,-12.518529,-70.023636
xtal_62.cif,./Al13Sc3N16/30/xtal_62.cif,44.177555,11.940831
xtal_69.cif,./Al13Sc3N16/30/xtal_69.cif,-33.981586,-75.33277
xtal_7.cif,./Al13Sc3N16/30/xtal_7.cif,55.48937,19.811592
xtal_71.cif,./Al13Sc3N16/30/xtal_71.cif,69.788025,54.08727
xtal_74.cif,./Al13Sc3N16/30/xtal_74.cif,-59.853817,-81.03148
xtal_75.cif,./Al13Sc3N16/30/xtal_75.cif,62.96713,-2.6262176
xtal_77.cif,./Al13Sc3N16/30/xtal_77.cif,33.84605,-16.113916
xtal_8.cif,./Al13Sc3N16/30/xtal_8.cif,28.70308,-33.03589
xtal_80.cif,./Al13Sc3N16/30/xtal_80.cif,95.86258,-0.18754919
xtal_81.cif,./Al13Sc3N16/30/xtal_81.cif,86.09809,33.9554
xtal_86.cif,./Al13Sc3N16/30/xtal_86.cif,47.80256,-30.145521
xtal_88.cif,./Al13Sc3N16/30/xtal_88.cif,15.087934,34.87907
xtal_89.cif,./Al13Sc3N16/30/xtal_89.cif,58.948853,19.418009
xtal_9.cif,./Al13Sc3N16/30/xtal_9.cif,-32.178745,-80.29376
xtal_91.cif,./Al13Sc3N16/30/xtal_91.cif,-16.08672,-54.137604
xtal_92.cif,./Al13Sc3N16/30/xtal_92.cif,38.75959,-23.700842
xtal_93.cif,./Al13Sc3N16/30/xtal_93.cif,71.76774,34.36204
xtal_94.cif,./Al13Sc3N16/30/xtal_94.cif,73.28093,21.087215
xtal_95.cif,./Al13Sc3N16/30/xtal_95.cif,-75.84378,-70.739586
xtal_96.cif,./Al13Sc3N16/30/xtal_96.cif,-90.272835,-51.407745
xtal_98.cif,./Al13Sc3N16/30/xtal_98.cif,92.93498,19.108154
xtal_99.cif,./Al13Sc3N16/30/xtal_99.cif,-25.264795,-72.593925
xtal_100.cif,./Al13Sc3N16/31/xtal_100.cif,-94.077965,-52.77343
xtal_11.cif,./Al13Sc3N16/31/xtal_11.cif,51.694733,7.0658
xtal_14.cif,./Al13Sc3N16/31/xtal_14.cif,-97.56053,-43.71191
xtal_16.cif,./Al13Sc3N16/31/xtal_16.cif,-10.532325,-70.79139
xtal_17.cif,./Al13Sc3N16/31/xtal_17.cif,27.00953,-27.891153
xtal_18.cif,./Al13Sc3N16/31/xtal_18.cif,40.583035,-5.449095
xtal_19.cif,./Al13Sc3N16/31/xtal_19.cif,86.867905,-15.056378
xtal_2.cif,./Al13Sc3N16/31/xtal_2.cif,46.499554,-22.60987
xtal_21.cif,./Al13Sc3N16/31/xtal_21.cif,89.167915,18.804062
xtal_22.cif,./Al13Sc3N16/31/xtal_22.cif,37.192455,-63.814163
xtal_26.cif,./Al13Sc3N16/31/xtal_26.cif,43.373352,16.925972
xtal_27.cif,./Al13Sc3N16/31/xtal_27.cif,-98.4469,-36.90766
xtal_28.cif,./Al13Sc3N16/31/xtal_28.cif,7.5993614,2.9879856
xtal_29.cif,./Al13Sc3N16/31/xtal_29.cif,-5.569563,-61.57248
xtal_3.cif,./Al13Sc3N16/31/xtal_3.cif,20.6567,14.145377
xtal_30.cif,./Al13Sc3N16/31/xtal_30.cif,1.16987,-61.55486
xtal_32.cif,./Al13Sc3N16/31/xtal_32.cif,1.2592536,-43.05815
xtal_36.cif,./Al13Sc3N16/31/xtal_36.cif,27.85068,-5.0399513
xtal_42.cif,./Al13Sc3N16/31/xtal_42.cif,86.42909,-5.399775
xtal_43.cif,./Al13Sc3N16/31/xtal_43.cif,67.92431,38.16999
xtal_44.cif,./Al13Sc3N16/31/xtal_44.cif,77.59802,1.4293768
xtal_46.cif,./Al13Sc3N16/31/xtal_46.cif,63.63727,24.8801
xtal_49.cif,./Al13Sc3N16/31/xtal_49.cif,-5.629333,-62.543137
xtal_5.cif,./Al13Sc3N16/31/xtal_5.cif,26.97327,-27.968151
xtal_50.cif,./Al13Sc3N16/31/xtal_50.cif,50.415485,-20.17455
xtal_52.cif,./Al13Sc3N16/31/xtal_52.cif,69.3257,12.445429
xtal_53.cif,./Al13Sc3N16/31/xtal_53.cif,-5.354314,-52.93544
xtal_55.cif,./Al13Sc3N16/31/xtal_55.cif,82.77304,35.174805
xtal_60.cif,./Al13Sc3N16/31/xtal_60.cif,70.11075,41.095253
xtal_61.cif,./Al13Sc3N16/31/xtal_61.cif,-31.183075,-78.285065
xtal_62.cif,./Al13Sc3N16/31/xtal_62.cif,-86.23655,-57.881752
xtal_63.cif,./Al13Sc3N16/31/xtal_63.cif,70.03662,46.18707
xtal_68.cif,./Al13Sc3N16/31/xtal_68.cif,-17.063406,-57.398636
xtal_69.cif,./Al13Sc3N16/31/xtal_69.cif,58.14851,17.596655
xtal_70.cif,./Al13Sc3N16/31/xtal_70.cif,71.17977,-42.06862
xtal_72.cif,./Al13Sc3N16/31/xtal_72.cif,-76.941,-72.892586
xtal_74.cif,./Al13Sc3N16/31/xtal_74.cif,-33.779022,-82.11536
xtal_79.cif,./Al13Sc3N16/31/xtal_79.cif,0.20909305,-55.97824
xtal_8.cif,./Al13Sc3N16/31/xtal_8.cif,55.801434,-5.7094164
xtal_80.cif,./Al13Sc3N16/31/xtal_80.cif,-3.0528073,-55.14294
xtal_81.cif,./Al13Sc3N16/31/xtal_81.cif,33.24651,5.7957454
xtal_86.cif,./Al13Sc3N16/31/xtal_86.cif,57.39442,31.679626
xtal_9.cif,./Al13Sc3N16/31/xtal_9.cif,65.330246,-6.408285
xtal_90.cif,./Al13Sc3N16/31/xtal_90.cif,53.679314,13.7052965
xtal_91.cif,./Al13Sc3N16/31/xtal_91.cif,-7.7728224,-66.59951
xtal_92.cif,./Al13Sc3N16/31/xtal_92.cif,68.1519,18.493032
xtal_93.cif,./Al13Sc3N16/31/xtal_93.cif,-79.923256,-70.55179
xtal_94.cif,./Al13Sc3N16/31/xtal_94.cif,45.118935,1.3053919
xtal_97.cif,./Al13Sc3N16/31/xtal_97.cif,9.882703,-28.256338
xtal_98.cif,./Al13Sc3N16/31/xtal_98.cif,44.32619,2.76556
xtal_1.cif,./Al13Sc3N16/32/xtal_1.cif,-104.152214,-32.0795
xtal_100.cif,./Al13Sc3N16/32/xtal_100.cif,9.448523,-25.162214
xtal_11.cif,./Al13Sc3N16/32/xtal_11.cif,73.24101,43.779808
xtal_13.cif,./Al13Sc3N16/32/xtal_13.cif,3.5980358,-43.9259
xtal_15.cif,./Al13Sc3N16/32/xtal_15.cif,69.03447,-25.407469
xtal_16.cif,./Al13Sc3N16/32/xtal_16.cif,-76.158455,-72.42082
xtal_17.cif,./Al13Sc3N16/32/xtal_17.cif,78.635216,-31.03437
xtal_18.cif,./Al13Sc3N16/32/xtal_18.cif,-107.13743,1.0611153
xtal_19.cif,./Al13Sc3N16/32/xtal_19.cif,2.7781856,-54.74988
xtal_20.cif,./Al13Sc3N16/32/xtal_20.cif,67.07065,36.668774
xtal_22.cif,./Al13Sc3N16/32/xtal_22.cif,10.897293,-34.765366
xtal_24.cif,./Al13Sc3N16/32/xtal_24.cif,78.01082,-26.199444
xtal_27.cif,./Al13Sc3N16/32/xtal_27.cif,43.49853,0.75039
xtal_28.cif,./Al13Sc3N16/32/xtal_28.cif,33.952126,-28.993917
xtal_3.cif,./Al13Sc3N16/32/xtal_3.cif,-102.32008,-27.061954
xtal_33.cif,./Al13Sc3N16/32/xtal_33.cif,11.206977,-35.445637
xtal_34.cif,./Al13Sc3N16/32/xtal_34.cif,37.45372,-10.64008
xtal_37.cif,./Al13Sc3N16/32/xtal_37.cif,30.104126,-39.708294
xtal_38.cif,./Al13Sc3N16/32/xtal_38.cif,17.201012,-52.068855
xtal_39.cif,./Al13Sc3N16/32/xtal_39.cif,8.076073,66.93848
xtal_4.cif,./Al13Sc3N16/32/xtal_4.cif,-95.100555,-49.982014
xtal_44.cif,./Al13Sc3N16/32/xtal_44.cif,63.17678,-9.990333
xtal_46.cif,./Al13Sc3N16/32/xtal_46.cif,53.078644,57.1274
xtal_47.cif,./Al13Sc3N16/32/xtal_47.cif,20.16347,47.75945
xtal_48.cif,./Al13Sc3N16/32/xtal_48.cif,19.510345,62.878124
xtal_5.cif,./Al13Sc3N16/32/xtal_5.cif,-8.654272,-68.287964
xtal_51.cif,./Al13Sc3N16/32/xtal_51.cif,74.41667,-24.689066
xtal_52.cif,./Al13Sc3N16/32/xtal_52.cif,28.748459,-25.73497
xtal_54.cif,./Al13Sc3N16/32/xtal_54.cif,66.68126,41.94371
xtal_55.cif,./Al13Sc3N16/32/xtal_55.cif,17.162209,-71.10733
xtal_56.cif,./Al13Sc3N16/32/xtal_56.cif,8.518985,74.30485
xtal_59.cif,./Al13Sc3N16/32/xtal_59.cif,-6.268613,-74.68059
xtal_6.cif,./Al13Sc3N16/32/xtal_6.cif,16.723663,-45.580437
xtal_60.cif,./Al13Sc3N16/32/xtal_60.cif,-104.51829,-32.347126
xtal_61.cif,./Al13Sc3N16/32/xtal_61.cif,19.999622,-35.262833
xtal_64.cif,./Al13Sc3N16/32/xtal_64.cif,-17.786676,-74.35644
xtal_65.cif,./Al13Sc3N16/32/xtal_65.cif,93.424965,-16.569902
xtal_70.cif,./Al13Sc3N16/32/xtal_70.cif,53.60692,59.847546
xtal_71.cif,./Al13Sc3N16/32/xtal_71.cif,44.139256,13.453442
xtal_72.cif,./Al13Sc3N16/32/xtal_72.cif,-15.06264,-69.38296
xtal_76.cif,./Al13Sc3N16/32/xtal_76.cif,50.776836,-1.8031908
xtal_77.cif,./Al13Sc3N16/32/xtal_77.cif,40.80267,-8.98424
xtal_79.cif,./Al13Sc3N16/32/xtal_79.cif,-21.491034,-57.825333
xtal_83.cif,./Al13Sc3N16/32/xtal_83.cif,29.030148,-4.1861544
xtal_84.cif,./Al13Sc3N16/32/xtal_84.cif,38.768856,1.3600894
xtal_89.cif,./Al13Sc3N16/32/xtal_89.cif,-4.685082,-76.43303
xtal_9.cif,./Al13Sc3N16/32/xtal_9.cif,-88.687454,-60.514317
xtal_90.cif,./Al13Sc3N16/32/xtal_90.cif,51.751667,-18.29138
xtal_92.cif,./Al13Sc3N16/32/xtal_92.cif,-107.23083,0.4002101
xtal_95.cif,./Al13Sc3N16/32/xtal_95.cif,-101.47658,-28.674507
xtal_1.cif,./Al13Sc3N16/34/xtal_1.cif,13.953327,-12.707296
xtal_100.cif,./Al13Sc3N16/34/xtal_100.cif,92.16956,3.1228032
xtal_11.cif,./Al13Sc3N16/34/xtal_11.cif,38.19663,-8.578548
xtal_13.cif,./Al13Sc3N16/34/xtal_13.cif,-90.19929,-50.636917
xtal_14.cif,./Al13Sc3N16/34/xtal_14.cif,50.468006,-21.769047
xtal_16.cif,./Al13Sc3N16/34/xtal_16.cif,63.30892,-9.67643
xtal_17.cif,./Al13Sc3N16/34/xtal_17.cif,53.15461,-17.00006
xtal_2.cif,./Al13Sc3N16/34/xtal_2.cif,26.54981,-31.054459
xtal_20.cif,./Al13Sc3N16/34/xtal_20.cif,18.037457,-44.621223
xtal_22.cif,./Al13Sc3N16/34/xtal_22.cif,91.09074,18.334482
xtal_24.cif,./Al13Sc3N16/34/xtal_24.cif,-72.507744,-73.12644
xtal_25.cif,./Al13Sc3N16/34/xtal_25.cif,46.98102,-2.0965567
xtal_29.cif,./Al13Sc3N16/34/xtal_29.cif,14.803043,-47.37525
xtal_3.cif,./Al13Sc3N16/34/xtal_3.cif,-16.551311,-77.136795
xtal_31.cif,./Al13Sc3N16/34/xtal_31.cif,60.7762,13.717668
xtal_33.cif,./Al13Sc3N16/34/xtal_33.cif,98.18619,17.907969
xtal_34.cif,./Al13Sc3N16/34/xtal_34.cif,-16.978092,-67.214005
xtal_36.cif,./Al13Sc3N16/34/xtal_36.cif,-88.39671,-60.167503
xtal_39.cif,./Al13Sc3N16/34/xtal_39.cif,-85.8359,-59.773148
xtal_4.cif,./Al13Sc3N16/34/xtal_4.cif,77.09244,-53.60882
xtal_41.cif,./Al13Sc3N16/34/xtal_41.cif,53.989613,-31.631357
xtal_43.cif,./Al13Sc3N16/34/xtal_43.cif,22.296923,65.02235
xtal_44.cif,./Al13Sc3N16/34/xtal_44.cif,-103.597885,-25.187096
xtal_45.cif,./Al13Sc3N16/34/xtal_45.cif,-79.73805,-70.717285
xtal_46.cif,./Al13Sc3N16/34/xtal_46.cif,50.071293,-26.557758
xtal_49.cif,./Al13Sc3N16/34/xtal_49.cif,70.971146,48.353672
xtal_53.cif,./Al13Sc3N16/34/xtal_53.cif,69.48824,-4.6836333
xtal_55.cif,./Al13Sc3N16/34/xtal_55.cif,31.367151,-14.471629
xtal_56.cif,./Al13Sc3N16/34/xtal_56.cif,52.40017,5.803237
xtal_58.cif,./Al13Sc3N16/34/xtal_58.cif,77.56311,45.656704
xtal_59.cif,./Al13Sc3N16/34/xtal_59.cif,50.83566,20.676134
xtal_6.cif,./Al13Sc3N16/34/xtal_6.cif,70.877716,14.784729
xtal_60.cif,./Al13Sc3N16/34/xtal_60.cif,-102.0603,-28.622234
xtal_62.cif,./Al13Sc3N16/34/xtal_62.cif,15.227396,-51.24727
xtal_65.cif,./Al13Sc3N16/34/xtal_65.cif,-18.082975,-78.41571
xtal_69.cif,./Al13Sc3N16/34/xtal_69.cif,-25.558525,-71.72712
xtal_70.cif,./Al13Sc3N16/34/xtal_70.cif,19.066837,-50.975567
xtal_71.cif,./Al13Sc3N16/34/xtal_71.cif,-9.243347,-66.642876
xtal_72.cif,./Al13Sc3N16/34/xtal_72.cif,6.680949,-63.649582
xtal_76.cif,./Al13Sc3N16/34/xtal_76.cif,-26.606468,-76.27603
xtal_77.cif,./Al13Sc3N16/34/xtal_77.cif,-2.2399268,-45.8442
xtal_8.cif,./Al13Sc3N16/34/xtal_8.cif,65.79589,13.416371
xtal_81.cif,./Al13Sc3N16/34/xtal_81.cif,19.061882,-51.06007
xtal_83.cif,./Al13Sc3N16/34/xtal_83.cif,56.77361,6.1556706
xtal_88.cif,./Al13Sc3N16/34/xtal_88.cif,-23.09522,7.9667907
xtal_93.cif,./Al13Sc3N16/34/xtal_93.cif,17.803802,-18.311197
xtal_95.cif,./Al13Sc3N16/34/xtal_95.cif,59.440773,34.519962
xtal_96.cif,./Al13Sc3N16/34/xtal_96.cif,70.5557,-42.644356
xtal_98.cif,./Al13Sc3N16/34/xtal_98.cif,68.386765,31.287916
xtal_99.cif,./Al13Sc3N16/34/xtal_99.cif,-88.36495,-58.579315
xtal_10.cif,./Al13Sc3N16/35/xtal_10.cif,-85.968414,-63.578686
xtal_100.cif,./Al13Sc3N16/35/xtal_100.cif,90.97582,-25.143368
xtal_18.cif,./Al13Sc3N16/35/xtal_18.cif,74.96673,-27.998693
xtal_19.cif,./Al13Sc3N16/35/xtal_19.cif,71.67373,22.164059
xtal_2.cif,./Al13Sc3N16/35/xtal_2.cif,-59.69565,-52.479053
xtal_20.cif,./Al13Sc3N16/35/xtal_20.cif,10.34509,-44.209305
xtal_22.cif,./Al13Sc3N16/35/xtal_22.cif,58.844887,4.917044
xtal_23.cif,./Al13Sc3N16/35/xtal_23.cif,50.832176,29.637041
xtal_26.cif,./Al13Sc3N16/35/xtal_26.cif,89.000534,-4.334936
xtal_27.cif,./Al13Sc3N16/35/xtal_27.cif,30.71682,-49.454113
xtal_32.cif,./Al13Sc3N16/35/xtal_32.cif,-31.88559,-82.4468
xtal_35.cif,./Al13Sc3N16/35/xtal_35.cif,-14.675431,-28.893938
xtal_37.cif,./Al13Sc3N16/35/xtal_37.cif,6.7247257,-63.977425
xtal_38.cif,./Al13Sc3N16/35/xtal_38.cif,17.78121,-26.635195
xtal_39.cif,./Al13Sc3N16/35/xtal_39.cif,90.18367,-24.656086
xtal_4.cif,./Al13Sc3N16/35/xtal_4.cif,63.816154,-73.41901
xtal_43.cif,./Al13Sc3N16/35/xtal_43.cif,65.562035,15.457969
xtal_45.cif,./Al13Sc3N16/35/xtal_45.cif,99.78896,-2.960406
xtal_46.cif,./Al13Sc3N16/35/xtal_46.cif,1.1447271,-53.908737
xtal_47.cif,./Al13Sc3N16/35/xtal_47.cif,68.320076,30.550953
xtal_49.cif,./Al13Sc3N16/35/xtal_49.cif,-59.831226,-80.67909
xtal_5.cif,./Al13Sc3N16/35/xtal_5.cif,17.375008,-54.551994
xtal_51.cif,./Al13Sc3N16/35/xtal_51.cif,-35.5019,-70.261406
xtal_53.cif,./Al13Sc3N16/35/xtal_53.cif,67.75864,-29.772062
xtal_55.cif,./Al13Sc3N16/35/xtal_55.cif,19.39313,-64.605705
xtal_57.cif,./Al13Sc3N16/35/xtal_57.cif,82.15079,-42.89666
xtal_59.cif,./Al13Sc3N16/35/xtal_59.cif,92.167915,3.142447
xtal_6.cif,./Al13Sc3N16/35/xtal_6.cif,-44.70541,-79.3185
xtal_60.cif,./Al13Sc3N16/35/xtal_60.cif,-18.828403,-79.77449
xtal_61.cif,./Al13Sc3N16/35/xtal_61.cif,70.54011,-45.01483
xtal_65.cif,./Al13Sc3N16/35/xtal_65.cif,30.902473,-44.875767
xtal_66.cif,./Al13Sc3N16/35/xtal_66.cif,-80.26674,-59.660397
xtal_68.cif,./Al13Sc3N16/35/xtal_68.cif,76.393715,-30.594204
xtal_69.cif,./Al13Sc3N16/35/xtal_69.cif,-32.001682,-79.43509
xtal_7.cif,./Al13Sc3N16/35/xtal_7.cif,34.00444,-76.91693
xtal_71.cif,./Al13Sc3N16/35/xtal_71.cif,-11.362865,-25.67241
xtal_72.cif,./Al13Sc3N16/35/xtal_72.cif,-102.68994,-27.151249
xtal_74.cif,./Al13Sc3N16/35/xtal_74.cif,69.96837,-5.7134514
xtal_77.cif,./Al13Sc3N16/35/xtal_77.cif,16.318148,57.927055
xtal_8.cif,./Al13Sc3N16/35/xtal_8.cif,-17.6974,-54.74432
xtal_80.cif,./Al13Sc3N16/35/xtal_80.cif,-95.00722,-53.799614
xtal_83.cif,./Al13Sc3N16/35/xtal_83.cif,83.07435,-46.78002
xtal_84.cif,./Al13Sc3N16/35/xtal_84.cif,17.212969,-53.148308
xtal_85.cif,./Al13Sc3N16/35/xtal_85.cif,-4.275842,-75.93751
xtal_86.cif,./Al13Sc3N16/35/xtal_86.cif,-11.66497,85.317406
xtal_87.cif,./Al13Sc3N16/35/xtal_87.cif,41.788086,-17.880798
xtal_92.cif,./Al13Sc3N16/35/xtal_92.cif,92.01127,-2.809515
xtal_95.cif,./Al13Sc3N16/35/xtal_95.cif,-97.77485,-40.41975
xtal_96.cif,./Al13Sc3N16/35/xtal_96.cif,88.34707,41.243053
xtal_98.cif,./Al13Sc3N16/35/xtal_98.cif,52.772335,14.692602
xtal_1.cif,./Al13Sc3N16/38/xtal_1.cif,-1.8295732,-61.997982
xtal_10.cif,./Al13Sc3N16/38/xtal_10.cif,67.22668,-73.842865
xtal_100.cif,./Al13Sc3N16/38/xtal_100.cif,40.765965,46.97749
xtal_14.cif,./Al13Sc3N16/38/xtal_14.cif,-107.10609,1.9810374
xtal_16.cif,./Al13Sc3N16/38/xtal_16.cif,-107.09533,0.5599501
xtal_18.cif,./Al13Sc3N16/38/xtal_18.cif,78.42637,-8.865984
xtal_19.cif,./Al13Sc3N16/38/xtal_19.cif,69.441505,13.570243
xtal_2.cif,./Al13Sc3N16/38/xtal_2.cif,-15.815045,-76.4651
xtal_20.cif,./Al13Sc3N16/38/xtal_20.cif,74.82918,-23.334398
xtal_21.cif,./Al13Sc3N16/38/xtal_21.cif,67.423615,-38.913464
xtal_25.cif,./Al13Sc3N16/38/xtal_25.cif,51.967808,17.878809
xtal_26.cif,./Al13Sc3N16/38/xtal_26.cif,61.14962,-9.34098
xtal_27.cif,./Al13Sc3N16/38/xtal_27.cif,17.330744,-44.255947
xtal_30.cif,./Al13Sc3N16/38/xtal_30.cif,78.99113,22.89841
xtal_31.cif,./Al13Sc3N16/38/xtal_31.cif,8.111817,34.767258
xtal_32.cif,./Al13Sc3N16/38/xtal_32.cif,70.5493,-9.320699
xtal_33.cif,./Al13Sc3N16/38/xtal_33.cif,47.128223,-27.94306
xtal_34.cif,./Al13Sc3N16/38/xtal_34.cif,50.847893,24.784658
xtal_36.cif,./Al13Sc3N16/38/xtal_36.cif,-58.24095,-70.006516
xtal_38.cif,./Al13Sc3N16/38/xtal_38.cif,-45.113987,-55.53398
xtal_39.cif,./Al13Sc3N16/38/xtal_39.cif,31.810827,-14.415471
xtal_41.cif,./Al13Sc3N16/38/xtal_41.cif,11.30124,-34.171837
xtal_44.cif,./Al13Sc3N16/38/xtal_44.cif,72.43366,56.627644
xtal_45.cif,./Al13Sc3N16/38/xtal_45.cif,-96.24635,-40.269993
xtal_47.cif,./Al13Sc3N16/38/xtal_47.cif,39.955303,-0.79487795
xtal_48.cif,./Al13Sc3N16/38/xtal_48.cif,69.12086,54.012817
xtal_49.cif,./Al13Sc3N16/38/xtal_49.cif,72.36034,-44.65864
xtal_51.cif,./Al13Sc3N16/38/xtal_51.cif,26.929787,-22.755135
xtal_52.cif,./Al13Sc3N16/38/xtal_52.cif,43.314735,48.3322
xtal_53.cif,./Al13Sc3N16/38/xtal_53.cif,17.821068,-38.34347
xtal_57.cif,./Al13Sc3N16/38/xtal_57.cif,-98.31348,-38.003925
xtal_58.cif,./Al13Sc3N16/38/xtal_58.cif,98.83433,-9.62843
xtal_61.cif,./Al13Sc3N16/38/xtal_61.cif,98.59325,-4.612024
xtal_62.cif,./Al13Sc3N16/38/xtal_62.cif,-107.06153,3.6204536
xtal_64.cif,./Al13Sc3N16/38/xtal_64.cif,-97.74388,-38.88079
xtal_65.cif,./Al13Sc3N16/38/xtal_65.cif,-40.935352,-79.816376
xtal_66.cif,./Al13Sc3N16/38/xtal_66.cif,76.26321,20.770514
xtal_68.cif,./Al13Sc3N16/38/xtal_68.cif,-14.65895,-50.450993
xtal_7.cif,./Al13Sc3N16/38/xtal_7.cif,90.70025,20.728271
xtal_71.cif,./Al13Sc3N16/38/xtal_71.cif,-9.715368,-58.967842
xtal_72.cif,./Al13Sc3N16/38/xtal_72.cif,18.840551,14.897058
xtal_73.cif,./Al13Sc3N16/38/xtal_73.cif,-14.344239,-71.88676
xtal_74.cif,./Al13Sc3N16/38/xtal_74.cif,65.183556,-11.692143
xtal_79.cif,./Al13Sc3N16/38/xtal_79.cif,65.072426,34.740627
xtal_81.cif,./Al13Sc3N16/38/xtal_81.cif,83.69669,39.19831
xtal_87.cif,./Al13Sc3N16/38/xtal_87.cif,69.55751,-2.2346692
xtal_88.cif,./Al13Sc3N16/38/xtal_88.cif,45.362103,-0.6311128
xtal_89.cif,./Al13Sc3N16/38/xtal_89.cif,-95.645386,-52.532772
xtal_93.cif,./Al13Sc3N16/38/xtal_93.cif,-107.745926,-16.721235
xtal_96.cif,./Al13Sc3N16/38/xtal_96.cif,-41.19573,-78.40262
xtal_1.cif,./Al13Sc3N16/44/xtal_1.cif,3.0422895,-56.88555
xtal_10.cif,./Al13Sc3N16/44/xtal_10.cif,32.611595,3.565436
xtal_100.cif,./Al13Sc3N16/44/xtal_100.cif,13.263502,-75.10965
xtal_12.cif,./Al13Sc3N16/44/xtal_12.cif,-15.514083,-76.55835
xtal_13.cif,./Al13Sc3N16/44/xtal_13.cif,-33.41259,-78.080765
xtal_15.cif,./Al13Sc3N16/44/xtal_15.cif,6.854595,-63.463017
xtal_16.cif,./Al13Sc3N16/44/xtal_16.cif,73.90421,10.858998
xtal_17.cif,./Al13Sc3N16/44/xtal_17.cif,-102.65487,-33.102524
xtal_18.cif,./Al13Sc3N16/44/xtal_18.cif,74.69747,8.672951
xtal_19.cif,./Al13Sc3N16/44/xtal_19.cif,59.880398,21.583485
xtal_2.cif,./Al13Sc3N16/44/xtal_2.cif,19.931885,61.20883
xtal_23.cif,./Al13Sc3N16/44/xtal_23.cif,-66.81092,-76.71245
xtal_24.cif,./Al13Sc3N16/44/xtal_24.cif,6.722641,-63.569225
xtal_25.cif,./Al13Sc3N16/44/xtal_25.cif,0.1772046,-49.54939
xtal_27.cif,./Al13Sc3N16/44/xtal_27.cif,7.525156,-50.628727
xtal_3.cif,./Al13Sc3N16/44/xtal_3.cif,62.08714,20.445658
xtal_31.cif,./Al13Sc3N16/44/xtal_31.cif,3.4014912,71.628586
xtal_32.cif,./Al13Sc3N16/44/xtal_32.cif,-87.83138,-56.150757
xtal_33.cif,./Al13Sc3N16/44/xtal_33.cif,11.543314,-54.394463
xtal_34.cif,./Al13Sc3N16/44/xtal_34.cif,39.470036,8.739317
xtal_35.cif,./Al13Sc3N16/44/xtal_35.cif,-107.13763,3.2499557
xtal_37.cif,./Al13Sc3N16/44/xtal_37.cif,77.68698,-23.321257
xtal_39.cif,./Al13Sc3N16/44/xtal_39.cif,-7.898307,-68.22749
xtal_40.cif,./Al13Sc3N16/44/xtal_40.cif,90.13535,-5.537505
xtal_44.cif,./Al13Sc3N16/44/xtal_44.cif,-2.6036692,-53.312473
xtal_45.cif,./Al13Sc3N16/44/xtal_45.cif,69.104416,59.16602
xtal_46.cif,./Al13Sc3N16/44/xtal_46.cif,27.546618,-32.30696
xtal_47.cif,./Al13Sc3N16/44/xtal_47.cif,28.482973,-28.127735
xtal_48.cif,./Al13Sc3N16/44/xtal_48.cif,93.72199,-12.234446
xtal_5.cif,./Al13Sc3N16/44/xtal_5.cif,-12.832892,-71.46112
xtal_51.cif,./Al13Sc3N16/44/xtal_51.cif,30.618824,-32.271343
xtal_57.cif,./Al13Sc3N16/44/xtal_57.cif,15.389422,-49.62856
xtal_58.cif,./Al13Sc3N16/44/xtal_58.cif,100.15194,7.3532586
xtal_59.cif,./Al13Sc3N16/44/xtal_59.cif,-18.953514,-69.4943
xtal_6.cif,./Al13Sc3N16/44/xtal_6.cif,61.03937,-31.84004
xtal_67.cif,./Al13Sc3N16/44/xtal_67.cif,44.532345,-6.291256
xtal_70.cif,./Al13Sc3N16/44/xtal_70.cif,48.853107,-30.742552
xtal_76.cif,./Al13Sc3N16/44/xtal_76.cif,87.39286,-17.151093
xtal_77.cif,./Al13Sc3N16/44/xtal_77.cif,64.82446,-8.999567
xtal_82.cif,./Al13Sc3N16/44/xtal_82.cif,-0.2990854,-51.814625
xtal_83.cif,./Al13Sc3N16/44/xtal_83.cif,89.153595,15.247653
xtal_84.cif,./Al13Sc3N16/44/xtal_84.cif,-89.22216,-61.536205
xtal_87.cif,./Al13Sc3N16/44/xtal_87.cif,-9.747112,-36.033985
xtal_88.cif,./Al13Sc3N16/44/xtal_88.cif,50.508896,-45.90018
xtal_89.cif,./Al13Sc3N16/44/xtal_89.cif,65.22905,-4.8180313
xtal_9.cif,./Al13Sc3N16/44/xtal_9.cif,74.86366,36.19924
xtal_90.cif,./Al13Sc3N16/44/xtal_90.cif,-100.22917,-39.00774
xtal_93.cif,./Al13Sc3N16/44/xtal_93.cif,87.11004,47.47815
xtal_99.cif,./Al13Sc3N16/44/xtal_99.cif,90.549904,-3.53267
xtal_10.cif,./Al13Sc3N16/47/xtal_10.cif,-60.239693,-78.39761
xtal_100.cif,./Al13Sc3N16/47/xtal_100.cif,-21.11579,80.297
xtal_11.cif,./Al13Sc3N16/47/xtal_11.cif,34.647076,-4.278201
xtal_12.cif,./Al13Sc3N16/47/xtal_12.cif,34.374012,4.820914
xtal_15.cif,./Al13Sc3N16/47/xtal_15.cif,-7.9083285,-63.97554
xtal_17.cif,./Al13Sc3N16/47/xtal_17.cif,61.927193,-35.07654
xtal_18.cif,./Al13Sc3N16/47/xtal_18.cif,36.252853,-5.2119923
xtal_24.cif,./Al13Sc3N16/47/xtal_24.cif,65.82427,-40.956066
xtal_25.cif,./Al13Sc3N16/47/xtal_25.cif,-34.698574,-79.26659
xtal_27.cif,./Al13Sc3N16/47/xtal_27.cif,-23.938637,36.712254
xtal_28.cif,./Al13Sc3N16/47/xtal_28.cif,12.310182,21.969969
xtal_29.cif,./Al13Sc3N16/47/xtal_29.cif,-36.456738,77.844284
xtal_3.cif,./Al13Sc3N16/47/xtal_3.cif,9.797354,-25.64071
xtal_31.cif,./Al13Sc3N16/47/xtal_31.cif,34.01199,-13.517214
xtal_34.cif,./Al13Sc3N16/47/xtal_34.cif,1.5667646,-51.485516
xtal_37.cif,./Al13Sc3N16/47/xtal_37.cif,8.59021,-41.3438
xtal_4.cif,./Al13Sc3N16/47/xtal_4.cif,-94.93829,-53.16969
xtal_41.cif,./Al13Sc3N16/47/xtal_41.cif,65.386566,-40.837044
xtal_42.cif,./Al13Sc3N16/47/xtal_42.cif,47.439987,5.340793
xtal_43.cif,./Al13Sc3N16/47/xtal_43.cif,-0.55150604,-52.2556
xtal_44.cif,./Al13Sc3N16/47/xtal_44.cif,58.812634,23.419054
xtal_46.cif,./Al13Sc3N16/47/xtal_46.cif,59.674114,25.163313
xtal_47.cif,./Al13Sc3N16/47/xtal_47.cif,-61.58042,-49.26211
xtal_49.cif,./Al13Sc3N16/47/xtal_49.cif,-1.9008315,-41.217083
xtal_50.cif,./Al13Sc3N16/47/xtal_50.cif,7.149017,-64.11245
xtal_53.cif,./Al13Sc3N16/47/xtal_53.cif,69.06788,-42.77621
xtal_57.cif,./Al13Sc3N16/47/xtal_57.cif,12.53102,-7.057002
xtal_59.cif,./Al13Sc3N16/47/xtal_59.cif,15.402195,51.865143
xtal_61.cif,./Al13Sc3N16/47/xtal_61.cif,21.93875,75.16902
xtal_62.cif,./Al13Sc3N16/47/xtal_62.cif,-4.270154,-54.78224
xtal_64.cif,./Al13Sc3N16/47/xtal_64.cif,20.615484,-23.039354
xtal_66.cif,./Al13Sc3N16/47/xtal_66.cif,16.22769,-44.93249
xtal_68.cif,./Al13Sc3N16/47/xtal_68.cif,24.587503,49.388
xtal_69.cif,./Al13Sc3N16/47/xtal_69.cif,-89.537544,-51.610455
xtal_70.cif,./Al13Sc3N16/47/xtal_70.cif,32.97967,-29.345076
xtal_71.cif,./Al13Sc3N16/47/xtal_71.cif,-104.35457,-23.215925
xtal_76.cif,./Al13Sc3N16/47/xtal_76.cif,-84.236046,-60.865585
xtal_77.cif,./Al13Sc3N16/47/xtal_77.cif,-53.113476,-78.764565
xtal_79.cif,./Al13Sc3N16/47/xtal_79.cif,9.135863,1.5681766
xtal_80.cif,./Al13Sc3N16/47/xtal_80.cif,-14.075743,-63.854748
xtal_81.cif,./Al13Sc3N16/47/xtal_81.cif,70.67704,49.762405
xtal_82.cif,./Al13Sc3N16/47/xtal_82.cif,98.34588,9.65853
xtal_85.cif,./Al13Sc3N16/47/xtal_85.cif,-26.755007,-75.45578
xtal_87.cif,./Al13Sc3N16/47/xtal_87.cif,-86.75412,-57.291683
xtal_88.cif,./Al13Sc3N16/47/xtal_88.cif,-25.572853,-63.070244
xtal_89.cif,./Al13Sc3N16/47/xtal_89.cif,43.66493,6.3089128
xtal_94.cif,./Al13Sc3N16/47/xtal_94.cif,-20.997475,-72.38257
xtal_97.cif,./Al13Sc3N16/47/xtal_97.cif,39.549454,-18.123245
xtal_1.cif,./Al13Sc3N16/48/xtal_1.cif,-79.64655,-70.70196
xtal_10.cif,./Al13Sc3N16/48/xtal_10.cif,66.9293,-3.3503215
xtal_11.cif,./Al13Sc3N16/48/xtal_11.cif,37.770008,17.26779
xtal_14.cif,./Al13Sc3N16/48/xtal_14.cif,-21.688711,-72.742645
xtal_15.cif,./Al13Sc3N16/48/xtal_15.cif,-49.455788,-72.835815
xtal_16.cif,./Al13Sc3N16/48/xtal_16.cif,9.846814,-36.355534
xtal_2.cif,./Al13Sc3N16/48/xtal_2.cif,64.38358,59.054863
xtal_23.cif,./Al13Sc3N16/48/xtal_23.cif,84.899666,0.5553067
xtal_24.cif,./Al13Sc3N16/48/xtal_24.cif,70.92672,28.764517
xtal_26.cif,./Al13Sc3N16/48/xtal_26.cif,29.839212,40.63428
xtal_27.cif,./Al13Sc3N16/48/xtal_27.cif,81.5455,41.44422
xtal_29.cif,./Al13Sc3N16/48/xtal_29.cif,52.390522,-5.0357094
xtal_3.cif,./Al13Sc3N16/48/xtal_3.cif,69.3547,53.83931
xtal_30.cif,./Al13Sc3N16/48/xtal_30.cif,78.421486,31.986519
xtal_33.cif,./Al13Sc3N16/48/xtal_33.cif,6.6032534,-25.883757
xtal_37.cif,./Al13Sc3N16/48/xtal_37.cif,-102.4595,-26.730072
xtal_38.cif,./Al13Sc3N16/48/xtal_38.cif,71.47837,40.557762
xtal_39.cif,./Al13Sc3N16/48/xtal_39.cif,51.76689,3.831129
xtal_40.cif,./Al13Sc3N16/48/xtal_40.cif,38.55333,5.863208
xtal_41.cif,./Al13Sc3N16/48/xtal_41.cif,11.834179,80.32163
xtal_42.cif,./Al13Sc3N16/48/xtal_42.cif,-2.7951329,-59.749924
xtal_46.cif,./Al13Sc3N16/48/xtal_46.cif,46.908752,-19.076096
xtal_49.cif,./Al13Sc3N16/48/xtal_49.cif,0.47898614,-47.12288
xtal_5.cif,./Al13Sc3N16/48/xtal_5.cif,44.032368,57.461063
xtal_50.cif,./Al13Sc3N16/48/xtal_50.cif,-107.32189,-17.384153
xtal_51.cif,./Al13Sc3N16/48/xtal_51.cif,-19.307217,-21.71025
xtal_52.cif,./Al13Sc3N16/48/xtal_52.cif,20.606543,-38.99338
xtal_55.cif,./Al13Sc3N16/48/xtal_55.cif,6.8220816,-7.2382145
xtal_57.cif,./Al13Sc3N16/48/xtal_57.cif,43.66789,-19.36407
xtal_58.cif,./Al13Sc3N16/48/xtal_58.cif,7.503942,-48.450672
xtal_6.cif,./Al13Sc3N16/48/xtal_6.cif,14.644898,-32.17098
xtal_61.cif,./Al13Sc3N16/48/xtal_61.cif,19.277319,-23.992247
xtal_62.cif,./Al13Sc3N16/48/xtal_62.cif,62.589806,50.59366
xtal_64.cif,./Al13Sc3N16/48/xtal_64.cif,2.3792896,-46.818638
xtal_65.cif,./Al13Sc3N16/48/xtal_65.cif,8.211256,-36.45651
xtal_67.cif,./Al13Sc3N16/48/xtal_67.cif,-63.914024,-76.5312
xtal_73.cif,./Al13Sc3N16/48/xtal_73.cif,22.579905,16.340649
xtal_74.cif,./Al13Sc3N16/48/xtal_74.cif,-23.0323,-71.215805
xtal_75.cif,./Al13Sc3N16/48/xtal_75.cif,61.734043,31.779726
xtal_77.cif,./Al13Sc3N16/48/xtal_77.cif,-24.877493,-71.67858
xtal_8.cif,./Al13Sc3N16/48/xtal_8.cif,-2.8666587,-50.298687
xtal_82.cif,./Al13Sc3N16/48/xtal_82.cif,47.076134,-21.928196
xtal_84.cif,./Al13Sc3N16/48/xtal_84.cif,38.02474,-8.529556
xtal_86.cif,./Al13Sc3N16/48/xtal_86.cif,-72.28876,-71.99616
xtal_88.cif,./Al13Sc3N16/48/xtal_88.cif,-13.041554,-56.10938
xtal_92.cif,./Al13Sc3N16/48/xtal_92.cif,36.955696,3.994988
xtal_95.cif,./Al13Sc3N16/48/xtal_95.cif,22.977211,-22.339825
xtal_96.cif,./Al13Sc3N16/48/xtal_96.cif,-107.47213,-0.95148647
xtal_97.cif,./Al13Sc3N16/48/xtal_97.cif,19.73119,-31.045868
xtal_98.cif,./Al13Sc3N16/48/xtal_98.cif,59.939053,21.942768
xtal_1.cif,./Al13Sc3N16/49/xtal_1.cif,19.657728,-39.800873
xtal_10.cif,./Al13Sc3N16/49/xtal_10.cif,6.756959,3.58623
xtal_100.cif,./Al13Sc3N16/49/xtal_100.cif,-56.597626,-78.950165
xtal_12.cif,./Al13Sc3N16/49/xtal_12.cif,-10.78277,-36.984154
xtal_13.cif,./Al13Sc3N16/49/xtal_13.cif,0.2031802,-57.827045
xtal_14.cif,./Al13Sc3N16/49/xtal_14.cif,70.04279,51.292645
xtal_15.cif,./Al13Sc3N16/49/xtal_15.cif,67.347855,46.36032
xtal_16.cif,./Al13Sc3N16/49/xtal_16.cif,17.111637,62.219822
xtal_17.cif,./Al13Sc3N16/49/xtal_17.cif,56.10997,14.928106
xtal_18.cif,./Al13Sc3N16/49/xtal_18.cif,42.041214,-23.008495
xtal_2.cif,./Al13Sc3N16/49/xtal_2.cif,-2.024017,-39.46367
xtal_21.cif,./Al13Sc3N16/49/xtal_21.cif,20.683722,-12.345012
xtal_22.cif,./Al13Sc3N16/49/xtal_22.cif,54.987965,27.713947
xtal_25.cif,./Al13Sc3N16/49/xtal_25.cif,-49.368023,-78.05002
xtal_26.cif,./Al13Sc3N16/49/xtal_26.cif,23.029026,62.32711
xtal_27.cif,./Al13Sc3N16/49/xtal_27.cif,5.3910313,-41.205074
xtal_32.cif,./Al13Sc3N16/49/xtal_32.cif,22.477976,71.96829
xtal_33.cif,./Al13Sc3N16/49/xtal_33.cif,-52.010666,-78.94392
xtal_34.cif,./Al13Sc3N16/49/xtal_34.cif,-41.421192,-80.03123
xtal_35.cif,./Al13Sc3N16/49/xtal_35.cif,54.015648,5.8693166
xtal_37.cif,./Al13Sc3N16/49/xtal_37.cif,64.66933,25.937391
xtal_39.cif,./Al13Sc3N16/49/xtal_39.cif,-30.547728,-75.32574
xtal_4.cif,./Al13Sc3N16/49/xtal_4.cif,85.79865,33.89534
xtal_44.cif,./Al13Sc3N16/49/xtal_44.cif,18.484266,-18.87805
xtal_45.cif,./Al13Sc3N16/49/xtal_45.cif,14.839223,-36.634903
xtal_5.cif,./Al13Sc3N16/49/xtal_5.cif,26.876564,-21.248903
xtal_50.cif,./Al13Sc3N16/49/xtal_50.cif,-9.505353,-63.58847
xtal_54.cif,./Al13Sc3N16/49/xtal_54.cif,20.804893,-3.6354825
xtal_57.cif,./Al13Sc3N16/49/xtal_57.cif,-18.268055,-74.25684
xtal_59.cif,./Al13Sc3N16/49/xtal_59.cif,-79.54276,-70.80772
xtal_61.cif,./Al13Sc3N16/49/xtal_61.cif,-85.914154,-56.25675
xtal_62.cif,./Al13Sc3N16/49/xtal_62.cif,-21.069773,-69.018456
xtal_67.cif,./Al13Sc3N16/49/xtal_67.cif,66.575485,51.415936
xtal_68.cif,./Al13Sc3N16/49/xtal_68.cif,32.585262,4.706978
xtal_72.cif,./Al13Sc3N16/49/xtal_72.cif,14.387233,-22.246948
xtal_74.cif,./Al13Sc3N16/49/xtal_74.cif,12.75926,-44.700275
xtal_75.cif,./Al13Sc3N16/49/xtal_75.cif,66.609344,31.308128
xtal_77.cif,./Al13Sc3N16/49/xtal_77.cif,45.827766,-31.75957
xtal_79.cif,./Al13Sc3N16/49/xtal_79.cif,16.48901,-33.859165
xtal_8.cif,./Al13Sc3N16/49/xtal_8.cif,-96.37992,-45.872646
xtal_81.cif,./Al13Sc3N16/49/xtal_81.cif,19.092222,-34.766727
xtal_84.cif,./Al13Sc3N16/49/xtal_84.cif,7.1782746,34.181614
xtal_86.cif,./Al13Sc3N16/49/xtal_86.cif,4.579217,72.794
xtal_87.cif,./Al13Sc3N16/49/xtal_87.cif,57.451534,8.299194
xtal_89.cif,./Al13Sc3N16/49/xtal_89.cif,-13.393064,-65.980675
xtal_91.cif,./Al13Sc3N16/49/xtal_91.cif,14.091378,18.22507
xtal_93.cif,./Al13Sc3N16/49/xtal_93.cif,-8.92132,66.00155
xtal_94.cif,./Al13Sc3N16/49/xtal_94.cif,69.44917,37.053905
xtal_95.cif,./Al13Sc3N16/49/xtal_95.cif,-90.20368,-52.82087
xtal_96.cif,./Al13Sc3N16/49/xtal_96.cif,-100.96374,-34.58952
xtal_11.cif,./Al13Sc3N16/50/xtal_11.cif,37.20537,-21.07272
xtal_12.cif,./Al13Sc3N16/50/xtal_12.cif,-101.734085,-32.030716
xtal_15.cif,./Al13Sc3N16/50/xtal_15.cif,-0.5704585,87.968796
xtal_16.cif,./Al13Sc3N16/50/xtal_16.cif,18.117579,-26.242695
xtal_17.cif,./Al13Sc3N16/50/xtal_17.cif,5.4931965,66.24065
xtal_18.cif,./Al13Sc3N16/50/xtal_18.cif,19.686184,-29.890331
xtal_19.cif,./Al13Sc3N16/50/xtal_19.cif,70.14876,-42.508358
xtal_20.cif,./Al13Sc3N16/50/xtal_20.cif,38.147003,42.567406
xtal_21.cif,./Al13Sc3N16/50/xtal_21.cif,23.480635,39.64055
xtal_22.cif,./Al13Sc3N16/50/xtal_22.cif,-18.053713,-58.508064
xtal_25.cif,./Al13Sc3N16/50/xtal_25.cif,16.11632,62.273254
xtal_26.cif,./Al13Sc3N16/50/xtal_26.cif,39.671814,40.332314
xtal_28.cif,./Al13Sc3N16/50/xtal_28.cif,45.296364,45.445522
xtal_3.cif,./Al13Sc3N16/50/xtal_3.cif,14.072045,-33.226166
xtal_30.cif,./Al13Sc3N16/50/xtal_30.cif,-18.098146,-62.993656
xtal_33.cif,./Al13Sc3N16/50/xtal_33.cif,49.44451,42.78438
xtal_37.cif,./Al13Sc3N16/50/xtal_37.cif,-22.324987,-67.60767
xtal_40.cif,./Al13Sc3N16/50/xtal_40.cif,31.681774,-18.429619
xtal_41.cif,./Al13Sc3N16/50/xtal_41.cif,-46.937057,-78.23725
xtal_46.cif,./Al13Sc3N16/50/xtal_46.cif,-101.11117,-27.930414
xtal_48.cif,./Al13Sc3N16/50/xtal_48.cif,77.32684,50.215237
xtal_51.cif,./Al13Sc3N16/50/xtal_51.cif,-23.416248,36.713734
xtal_53.cif,./Al13Sc3N16/50/xtal_53.cif,4.4176645,-44.172363
xtal_54.cif,./Al13Sc3N16/50/xtal_54.cif,22.564703,72.19553
xtal_55.cif,./Al13Sc3N16/50/xtal_55.cif,7.222447,-47.460033
xtal_58.cif,./Al13Sc3N16/50/xtal_58.cif,42.528557,5.323004
xtal_59.cif,./Al13Sc3N16/50/xtal_59.cif,34.457664,-14.441324
xtal_6.cif,./Al13Sc3N16/50/xtal_6.cif,42.668205,3.3024216
xtal_62.cif,./Al13Sc3N16/50/xtal_62.cif,68.63514,51.928116
xtal_64.cif,./Al13Sc3N16/50/xtal_64.cif,-52.556168,-71.13466
xtal_66.cif,./Al13Sc3N16/50/xtal_66.cif,-39.872593,-73.28005
xtal_68.cif,./Al13Sc3N16/50/xtal_68.cif,68.720764,38.619724
xtal_7.cif,./Al13Sc3N16/50/xtal_7.cif,60.333042,26.549927
xtal_70.cif,./Al13Sc3N16/50/xtal_70.cif,17.205902,36.77456
xtal_71.cif,./Al13Sc3N16/50/xtal_71.cif,44.33802,35.900608
xtal_76.cif,./Al13Sc3N16/50/xtal_76.cif,-50.12112,-76.06981
xtal_8.cif,./Al13Sc3N16/50/xtal_8.cif,-93.155594,-52.59362
xtal_83.cif,./Al13Sc3N16/50/xtal_83.cif,55.26909,65.91048
xtal_84.cif,./Al13Sc3N16/50/xtal_84.cif,-32.027233,-76.58544
xtal_85.cif,./Al13Sc3N16/50/xtal_85.cif,27.09081,78.395805
xtal_86.cif,./Al13Sc3N16/50/xtal_86.cif,1.1097308,-65.88786
xtal_87.cif,./Al13Sc3N16/50/xtal_87.cif,50.8375,1.8061526
xtal_88.cif,./Al13Sc3N16/50/xtal_88.cif,-106.88676,-9.974336
xtal_89.cif,./Al13Sc3N16/50/xtal_89.cif,59.44339,16.631094
xtal_90.cif,./Al13Sc3N16/50/xtal_90.cif,30.615337,-37.71998
xtal_91.cif,./Al13Sc3N16/50/xtal_91.cif,81.5792,43.63017
xtal_92.cif,./Al13Sc3N16/50/xtal_92.cif,57.211475,24.172998
xtal_94.cif,./Al13Sc3N16/50/xtal_94.cif,-96.2158,-42.839985
xtal_96.cif,./Al13Sc3N16/50/xtal_96.cif,2.7808802,-44.74965
xtal_98.cif,./Al13Sc3N16/50/xtal_98.cif,69.97272,62.174637
xtal_10.cif,./Al13Sc3N16/51/xtal_10.cif,-106.860504,-10.605199
xtal_100.cif,./Al13Sc3N16/51/xtal_100.cif,54.361565,55.266075
xtal_13.cif,./Al13Sc3N16/51/xtal_13.cif,4.157537,-17.876799
xtal_14.cif,./Al13Sc3N16/51/xtal_14.cif,16.74588,62.182255
xtal_15.cif,./Al13Sc3N16/51/xtal_15.cif,-95.89492,-44.735123
xtal_18.cif,./Al13Sc3N16/51/xtal_18.cif,0.2349973,-40.43996
xtal_19.cif,./Al13Sc3N16/51/xtal_19.cif,76.622955,44.093605
xtal_24.cif,./Al13Sc3N16/51/xtal_24.cif,29.572273,-12.302813
xtal_25.cif,./Al13Sc3N16/51/xtal_25.cif,-0.71887326,-52.486153
xtal_27.cif,./Al13Sc3N16/51/xtal_27.cif,47.7939,-3.4117627
xtal_29.cif,./Al13Sc3N16/51/xtal_29.cif,-14.05446,-64.15842
xtal_3.cif,./Al13Sc3N16/51/xtal_3.cif,-33.92007,-78.1702
xtal_31.cif,./Al13Sc3N16/51/xtal_31.cif,-7.5298395,78.452
xtal_34.cif,./Al13Sc3N16/51/xtal_34.cif,-14.453902,-58.58878
xtal_35.cif,./Al13Sc3N16/51/xtal_35.cif,-0.7620673,-32.694897
xtal_36.cif,./Al13Sc3N16/51/xtal_36.cif,-37.544674,-80.31839
xtal_4.cif,./Al13Sc3N16/51/xtal_4.cif,55.921494,58.85078
xtal_42.cif,./Al13Sc3N16/51/xtal_42.cif,47.91982,-4.469467
xtal_44.cif,./Al13Sc3N16/51/xtal_44.cif,48.249535,18.86761
xtal_45.cif,./Al13Sc3N16/51/xtal_45.cif,0.3946081,21.903524
xtal_46.cif,./Al13Sc3N16/51/xtal_46.cif,3.9882061,-17.983294
xtal_47.cif,./Al13Sc3N16/51/xtal_47.cif,18.13584,16.257332
xtal_50.cif,./Al13Sc3N16/51/xtal_50.cif,69.77493,-1.5314097
xtal_55.cif,./Al13Sc3N16/51/xtal_55.cif,75.41495,59.073208
xtal_56.cif,./Al13Sc3N16/51/xtal_56.cif,51.760796,50.37029
xtal_57.cif,./Al13Sc3N16/51/xtal_57.cif,20.88066,62.097244
xtal_58.cif,./Al13Sc3N16/51/xtal_58.cif,7.1931925,-49.416866
xtal_6.cif,./Al13Sc3N16/51/xtal_6.cif,-48.112957,-80.79868
xtal_61.cif,./Al13Sc3N16/51/xtal_61.cif,-7.5842853,-33.917545
xtal_62.cif,./Al13Sc3N16/51/xtal_62.cif,-15.644072,-20.042236
xtal_64.cif,./Al13Sc3N16/51/xtal_64.cif,32.592495,-9.809707
xtal_65.cif,./Al13Sc3N16/51/xtal_65.cif,60.78302,13.492737
xtal_67.cif,./Al13Sc3N16/51/xtal_67.cif,20.389753,-35.85935
xtal_69.cif,./Al13Sc3N16/51/xtal_69.cif,63.158867,65.15544
xtal_7.cif,./Al13Sc3N16/51/xtal_7.cif,55.171497,56.499657
xtal_71.cif,./Al13Sc3N16/51/xtal_71.cif,41.977737,22.666883
xtal_75.cif,./Al13Sc3N16/51/xtal_75.cif,13.983084,22.359272
xtal_8.cif,./Al13Sc3N16/51/xtal_8.cif,71.88142,57.83271
xtal_80.cif,./Al13Sc3N16/51/xtal_80.cif,-24.159771,-72.428215
xtal_81.cif,./Al13Sc3N16/51/xtal_81.cif,-9.754046,-66.70581
xtal_82.cif,./Al13Sc3N16/51/xtal_82.cif,12.09829,-34.31777
xtal_83.cif,./Al13Sc3N16/51/xtal_83.cif,69.56708,35.622288
xtal_84.cif,./Al13Sc3N16/51/xtal_84.cif,-12.786949,-54.56249
xtal_88.cif,./Al13Sc3N16/51/xtal_88.cif,-96.56548,-37.831146
xtal_89.cif,./Al13Sc3N16/51/xtal_89.cif,67.316536,58.00506
xtal_92.cif,./Al13Sc3N16/51/xtal_92.cif,19.901564,-39.295883
xtal_93.cif,./Al13Sc3N16/51/xtal_93.cif,26.471556,77.34674
xtal_94.cif,./Al13Sc3N16/51/xtal_94.cif,11.624228,-13.76545
xtal_98.cif,./Al13Sc3N16/51/xtal_98.cif,43.51611,0.64928454
xtal_99.cif,./Al13Sc3N16/51/xtal_99.cif,49.819687,-2.2110374
xtal_1.cif,./Al13Sc3N16/53/xtal_1.cif,-9.7638445,32.901268
xtal_10.cif,./Al13Sc3N16/53/xtal_10.cif,40.87626,18.638382
xtal_100.cif,./Al13Sc3N16/53/xtal_100.cif,-18.548494,-67.73659
xtal_13.cif,./Al13Sc3N16/53/xtal_13.cif,9.166316,-25.00615
xtal_16.cif,./Al13Sc3N16/53/xtal_16.cif,-7.240854,-58.648518
xtal_17.cif,./Al13Sc3N16/53/xtal_17.cif,43.8665,-21.928865
xtal_18.cif,./Al13Sc3N16/53/xtal_18.cif,1.9747972,-53.678394
xtal_19.cif,./Al13Sc3N16/53/xtal_19.cif,-58.299004,-77.90056
xtal_20.cif,./Al13Sc3N16/53/xtal_20.cif,-106.92184,-13.978176
xtal_21.cif,./Al13Sc3N16/53/xtal_21.cif,67.15935,-3.5556467
xtal_23.cif,./Al13Sc3N16/53/xtal_23.cif,44.46735,-9.135708
xtal_24.cif,./Al13Sc3N16/53/xtal_24.cif,-5.5841064,-61.411568
xtal_25.cif,./Al13Sc3N16/53/xtal_25.cif,57.10868,35.88431
xtal_27.cif,./Al13Sc3N16/53/xtal_27.cif,-43.77273,19.69328
xtal_3.cif,./Al13Sc3N16/53/xtal_3.cif,31.134647,-17.256117
xtal_30.cif,./Al13Sc3N16/53/xtal_30.cif,8.745747,-35.206795
xtal_31.cif,./Al13Sc3N16/53/xtal_31.cif,37.23576,44.83152
xtal_33.cif,./Al13Sc3N16/53/xtal_33.cif,73.35038,37.047752
xtal_34.cif,./Al13Sc3N16/53/xtal_34.cif,-8.639144,-73.27096
xtal_36.cif,./Al13Sc3N16/53/xtal_36.cif,38.09859,6.0615935
xtal_37.cif,./Al13Sc3N16/53/xtal_37.cif,-103.05412,-27.313713
xtal_39.cif,./Al13Sc3N16/53/xtal_39.cif,-103.22984,-25.781511
xtal_40.cif,./Al13Sc3N16/53/xtal_40.cif,-16.54069,85.77524
xtal_42.cif,./Al13Sc3N16/53/xtal_42.cif,9.779768,81.95525
xtal_43.cif,./Al13Sc3N16/53/xtal_43.cif,18.55454,-28.946047
xtal_44.cif,./Al13Sc3N16/53/xtal_44.cif,61.07986,74.64856
xtal_46.cif,./Al13Sc3N16/53/xtal_46.cif,59.644836,27.98357
xtal_52.cif,./Al13Sc3N16/53/xtal_52.cif,-14.310687,-70.11662
xtal_53.cif,./Al13Sc3N16/53/xtal_53.cif,-13.480503,-24.487656
xtal_54.cif,./Al13Sc3N16/53/xtal_54.cif,68.417046,19.300724
xtal_55.cif,./Al13Sc3N16/53/xtal_55.cif,-56.483387,-78.26469
xtal_56.cif,./Al13Sc3N16/53/xtal_56.cif,33.833904,21.041311
xtal_58.cif,./Al13Sc3N16/53/xtal_58.cif,47.1291,3.32618
xtal_60.cif,./Al13Sc3N16/53/xtal_60.cif,-3.762166,-54.40765
xtal_62.cif,./Al13Sc3N16/53/xtal_62.cif,62.969135,46.453453
xtal_64.cif,./Al13Sc3N16/53/xtal_64.cif,72.60015,54.648468
xtal_65.cif,./Al13Sc3N16/53/xtal_65.cif,31.114946,1.898644
xtal_68.cif,./Al13Sc3N16/53/xtal_68.cif,56.198368,5.8916636
xtal_70.cif,./Al13Sc3N16/53/xtal_70.cif,21.316153,47.535183
xtal_71.cif,./Al13Sc3N16/53/xtal_71.cif,53.226315,7.7203546
xtal_74.cif,./Al13Sc3N16/53/xtal_74.cif,-94.520226,-52.737705
xtal_77.cif,./Al13Sc3N16/53/xtal_77.cif,64.80696,17.924078
xtal_79.cif,./Al13Sc3N16/53/xtal_79.cif,70.62808,-23.789185
xtal_80.cif,./Al13Sc3N16/53/xtal_80.cif,15.765609,45.34328
xtal_91.cif,./Al13Sc3N16/53/xtal_91.cif,47.761703,-9.87961
xtal_92.cif,./Al13Sc3N16/53/xtal_92.cif,-38.57886,-77.28482
xtal_94.cif,./Al13Sc3N16/53/xtal_94.cif,54.34737,-31.50249
xtal_95.cif,./Al13Sc3N16/53/xtal_95.cif,17.560307,-49.400555
xtal_96.cif,./Al13Sc3N16/53/xtal_96.cif,70.29974,70.547005
xtal_98.cif,./Al13Sc3N16/53/xtal_98.cif,91.47668,6.4248004
xtal_1.cif,./Al13Sc3N16/55/xtal_1.cif,-38.046135,-76.10613
xtal_100.cif,./Al13Sc3N16/55/xtal_100.cif,65.61088,36.446365
xtal_11.cif,./Al13Sc3N16/55/xtal_11.cif,-106.41084,-17.05893
xtal_12.cif,./Al13Sc3N16/55/xtal_12.cif,33.357906,-10.15706
xtal_13.cif,./Al13Sc3N16/55/xtal_13.cif,-14.062861,-67.59043
xtal_14.cif,./Al13Sc3N16/55/xtal_14.cif,-76.52505,-67.46501
xtal_17.cif,./Al13Sc3N16/55/xtal_17.cif,-33.029602,-61.100464
xtal_19.cif,./Al13Sc3N16/55/xtal_19.cif,27.72874,0.043218914
xtal_2.cif,./Al13Sc3N16/55/xtal_2.cif,-107.52954,-1.6779147
xtal_21.cif,./Al13Sc3N16/55/xtal_21.cif,-25.396,-71.159645
xtal_22.cif,./Al13Sc3N16/55/xtal_22.cif,-52.963158,-76.67677
xtal_23.cif,./Al13Sc3N16/55/xtal_23.cif,23.434473,64.4536
xtal_25.cif,./Al13Sc3N16/55/xtal_25.cif,34.15191,21.438189
xtal_28.cif,./Al13Sc3N16/55/xtal_28.cif,34.184994,12.7964115
xtal_30.cif,./Al13Sc3N16/55/xtal_30.cif,33.11012,20.730537
xtal_32.cif,./Al13Sc3N16/55/xtal_32.cif,43.86685,57.85028
xtal_34.cif,./Al13Sc3N16/55/xtal_34.cif,10.275055,-22.06306
xtal_35.cif,./Al13Sc3N16/55/xtal_35.cif,-31.09463,-80.73741
xtal_36.cif,./Al13Sc3N16/55/xtal_36.cif,12.056577,51.068302
xtal_37.cif,./Al13Sc3N16/55/xtal_37.cif,79.33599,38.452717
xtal_4.cif,./Al13Sc3N16/55/xtal_4.cif,45.04459,-20.791939
xtal_40.cif,./Al13Sc3N16/55/xtal_40.cif,21.746696,59.859127
xtal_43.cif,./Al13Sc3N16/55/xtal_43.cif,33.456093,-7.978699
xtal_44.cif,./Al13Sc3N16/55/xtal_44.cif,-14.931868,-28.98006
xtal_46.cif,./Al13Sc3N16/55/xtal_46.cif,31.101208,-38.141376
xtal_47.cif,./Al13Sc3N16/55/xtal_47.cif,54.987267,59.106407
xtal_48.cif,./Al13Sc3N16/55/xtal_48.cif,50.637844,-10.351944
xtal_51.cif,./Al13Sc3N16/55/xtal_51.cif,-78.85961,-70.481316
xtal_54.cif,./Al13Sc3N16/55/xtal_54.cif,9.867058,33.47508
xtal_55.cif,./Al13Sc3N16/55/xtal_55.cif,32.93009,12.994242
xtal_56.cif,./Al13Sc3N16/55/xtal_56.cif,36.77722,68.32028
xtal_57.cif,./Al13Sc3N16/55/xtal_57.cif,55.189075,41.50026
xtal_59.cif,./Al13Sc3N16/55/xtal_59.cif,-44.066574,-81.566765
xtal_6.cif,./Al13Sc3N16/55/xtal_6.cif,25.370922,82.22633
xtal_60.cif,./Al13Sc3N16/55/xtal_60.cif,80.92556,39.973656
xtal_66.cif,./Al13Sc3N16/55/xtal_66.cif,-4.7848163,-56.274452
xtal_68.cif,./Al13Sc3N16/55/xtal_68.cif,26.890907,82.9477
xtal_71.cif,./Al13Sc3N16/55/xtal_71.cif,64.37229,29.320103
xtal_73.cif,./Al13Sc3N16/55/xtal_73.cif,-84.40372,-63.36068
xtal_75.cif,./Al13Sc3N16/55/xtal_75.cif,29.02009,53.44054
xtal_8.cif,./Al13Sc3N16/55/xtal_8.cif,-23.763758,33.294598
xtal_81.cif,./Al13Sc3N16/55/xtal_81.cif,14.905441,-19.60388
xtal_84.cif,./Al13Sc3N16/55/xtal_84.cif,33.96208,51.264137
xtal_87.cif,./Al13Sc3N16/55/xtal_87.cif,26.200314,-30.822742
xtal_89.cif,./Al13Sc3N16/55/xtal_89.cif,34.378525,20.236963
xtal_9.cif,./Al13Sc3N16/55/xtal_9.cif,-11.007666,-35.268364
xtal_92.cif,./Al13Sc3N16/55/xtal_92.cif,69.2454,56.935738
xtal_93.cif,./Al13Sc3N16/55/xtal_93.cif,-45.811108,-74.336624
xtal_95.cif,./Al13Sc3N16/55/xtal_95.cif,42.723385,35.922565
xtal_97.cif,./Al13Sc3N16/55/xtal_97.cif,-9.215178,-41.480694
xtal_10.cif,./Al13Sc3N16/58/xtal_10.cif,13.156295,-33.63507
xtal_12.cif,./Al13Sc3N16/58/xtal_12.cif,60.120285,26.649078
xtal_15.cif,./Al13Sc3N16/58/xtal_15.cif,-102.46472,-26.881737
xtal_16.cif,./Al13Sc3N16/58/xtal_16.cif,28.340279,-31.773127
xtal_18.cif,./Al13Sc3N16/58/xtal_18.cif,32.995354,-7.716295
xtal_19.cif,./Al13Sc3N16/58/xtal_19.cif,30.121386,-2.5168753
xtal_2.cif,./Al13Sc3N16/58/xtal_2.cif,-19.9649,-68.744965
xtal_20.cif,./Al13Sc3N16/58/xtal_20.cif,37.171993,-3.8120074
xtal_21.cif,./Al13Sc3N16/58/xtal_21.cif,9.695947,-27.308912
xtal_22.cif,./Al13Sc3N16/58/xtal_22.cif,80.10148,38.448204
xtal_23.cif,./Al13Sc3N16/58/xtal_23.cif,17.022024,40.911785
xtal_25.cif,./Al13Sc3N16/58/xtal_25.cif,-103.845726,-22.681988
xtal_26.cif,./Al13Sc3N16/58/xtal_26.cif,45.103592,20.95732
xtal_27.cif,./Al13Sc3N16/58/xtal_27.cif,6.9737687,-42.319508
xtal_3.cif,./Al13Sc3N16/58/xtal_3.cif,-30.764965,-77.33818
xtal_30.cif,./Al13Sc3N16/58/xtal_30.cif,-100.618965,-32.762104
xtal_33.cif,./Al13Sc3N16/58/xtal_33.cif,60.347828,68.666176
xtal_34.cif,./Al13Sc3N16/58/xtal_34.cif,28.240524,-31.597666
xtal_36.cif,./Al13Sc3N16/58/xtal_36.cif,84.43426,43.4941
xtal_37.cif,./Al13Sc3N16/58/xtal_37.cif,61.305916,0.23477006
xtal_38.cif,./Al13Sc3N16/58/xtal_38.cif,-2.9607596,-40.966206
xtal_43.cif,./Al13Sc3N16/58/xtal_43.cif,-102.89758,-26.816273
xtal_45.cif,./Al13Sc3N16/58/xtal_45.cif,69.34841,-1.9321228
xtal_46.cif,./Al13Sc3N16/58/xtal_46.cif,38.6282,65.98121
xtal_50.cif,./Al13Sc3N16/58/xtal_50.cif,47.99886,66.96534
xtal_51.cif,./Al13Sc3N16/58/xtal_51.cif,-63.666946,-76.211845
xtal_54.cif,./Al13Sc3N16/58/xtal_54.cif,34.568703,-12.052823
xtal_55.cif,./Al13Sc3N16/58/xtal_55.cif,53.602806,62.285164
xtal_56.cif,./Al13Sc3N16/58/xtal_56.cif,23.340033,-25.921436
xtal_6.cif,./Al13Sc3N16/58/xtal_6.cif,0.82758623,-45.914062
xtal_63.cif,./Al13Sc3N16/58/xtal_63.cif,18.83631,-35.381535
xtal_64.cif,./Al13Sc3N16/58/xtal_64.cif,2.7947035,-44.99258
xtal_65.cif,./Al13Sc3N16/58/xtal_65.cif,6.317582,69.17151
xtal_66.cif,./Al13Sc3N16/58/xtal_66.cif,40.090584,4.8679695
xtal_68.cif,./Al13Sc3N16/58/xtal_68.cif,36.85841,-4.6791368
xtal_71.cif,./Al13Sc3N16/58/xtal_71.cif,-5.625543,-59.5389
xtal_72.cif,./Al13Sc3N16/58/xtal_72.cif,-26.817898,-73.30547
xtal_76.cif,./Al13Sc3N16/58/xtal_76.cif,39.16874,72.454765
xtal_77.cif,./Al13Sc3N16/58/xtal_77.cif,31.081928,6.2359867
xtal_78.cif,./Al13Sc3N16/58/xtal_78.cif,-89.226,-52.521713
xtal_79.cif,./Al13Sc3N16/58/xtal_79.cif,19.748264,-27.66054
xtal_80.cif,./Al13Sc3N16/58/xtal_80.cif,-28.703096,-61.475433
xtal_83.cif,./Al13Sc3N16/58/xtal_83.cif,73.750824,-40.057163
xtal_84.cif,./Al13Sc3N16/58/xtal_84.cif,33.650715,0.90876186
xtal_9.cif,./Al13Sc3N16/58/xtal_9.cif,-94.94883,-45.337864
xtal_90.cif,./Al13Sc3N16/58/xtal_90.cif,-89.713196,-53.684082
xtal_92.cif,./Al13Sc3N16/58/xtal_92.cif,86.8972,1.0280018
xtal_93.cif,./Al13Sc3N16/58/xtal_93.cif,41.85618,9.550371
xtal_94.cif,./Al13Sc3N16/58/xtal_94.cif,12.906113,-21.814999
xtal_98.cif,./Al13Sc3N16/58/xtal_98.cif,82.6496,42.452496
xtal_10.cif,./Al13Sc3N16/59/xtal_10.cif,-50.195724,-76.27065
xtal_12.cif,./Al13Sc3N16/59/xtal_12.cif,31.321457,20.031189
xtal_13.cif,./Al13Sc3N16/59/xtal_13.cif,-76.74236,-67.13077
xtal_15.cif,./Al13Sc3N16/59/xtal_15.cif,45.44621,34.171722
xtal_17.cif,./Al13Sc3N16/59/xtal_17.cif,32.428333,2.128419
xtal_19.cif,./Al13Sc3N16/59/xtal_19.cif,27.242111,-27.436228
xtal_22.cif,./Al13Sc3N16/59/xtal_22.cif,-11.008696,86.29737
xtal_23.cif,./Al13Sc3N16/59/xtal_23.cif,25.590876,-12.4931135
xtal_27.cif,./Al13Sc3N16/59/xtal_27.cif,9.613305,33.16029
xtal_3.cif,./Al13Sc3N16/59/xtal_3.cif,11.944508,80.215416
xtal_31.cif,./Al13Sc3N16/59/xtal_31.cif,51.497517,21.299702
xtal_33.cif,./Al13Sc3N16/59/xtal_33.cif,39.758938,16.609024
xtal_34.cif,./Al13Sc3N16/59/xtal_34.cif,-57.648273,-78.9162
xtal_36.cif,./Al13Sc3N16/59/xtal_36.cif,11.300666,33.05363
xtal_4.cif,./Al13Sc3N16/59/xtal_4.cif,-2.2373424,-44.517895
xtal_40.cif,./Al13Sc3N16/59/xtal_40.cif,-81.7313,-67.91607
xtal_41.cif,./Al13Sc3N16/59/xtal_41.cif,30.408733,6.6155295
xtal_46.cif,./Al13Sc3N16/59/xtal_46.cif,-16.175045,-54.216812
xtal_47.cif,./Al13Sc3N16/59/xtal_47.cif,5.208718,-40.46085
xtal_48.cif,./Al13Sc3N16/59/xtal_48.cif,38.019936,20.452671
xtal_49.cif,./Al13Sc3N16/59/xtal_49.cif,-67.97753,-77.75948
xtal_5.cif,./Al13Sc3N16/59/xtal_5.cif,44.411163,2.0532432
xtal_52.cif,./Al13Sc3N16/59/xtal_52.cif,-46.220066,-77.69848
xtal_56.cif,./Al13Sc3N16/59/xtal_56.cif,51.26103,22.306658
xtal_57.cif,./Al13Sc3N16/59/xtal_57.cif,53.173183,61.951225
xtal_61.cif,./Al13Sc3N16/59/xtal_61.cif,42.108177,18.295248
xtal_62.cif,./Al13Sc3N16/59/xtal_62.cif,52.3996,-2.6985254
xtal_63.cif,./Al13Sc3N16/59/xtal_63.cif,25.075188,-24.885603
xtal_66.cif,./Al13Sc3N16/59/xtal_66.cif,-25.902102,-72.232834
xtal_68.cif,./Al13Sc3N16/59/xtal_68.cif,70.6228,70.62457
xtal_7.cif,./Al13Sc3N16/59/xtal_7.cif,52.67322,72.72655
xtal_70.cif,./Al13Sc3N16/59/xtal_70.cif,3.0755875,74.625404
xtal_71.cif,./Al13Sc3N16/59/xtal_71.cif,-55.795937,-77.50605
xtal_72.cif,./Al13Sc3N16/59/xtal_72.cif,6.377039,-18.218296
xtal_74.cif,./Al13Sc3N16/59/xtal_74.cif,-94.89434,-51.999676
xtal_75.cif,./Al13Sc3N16/59/xtal_75.cif,-65.62358,-75.56437
xtal_77.cif,./Al13Sc3N16/59/xtal_77.cif,-3.366405,-55.13275
xtal_78.cif,./Al13Sc3N16/59/xtal_78.cif,50.294445,0.14485444
xtal_79.cif,./Al13Sc3N16/59/xtal_79.cif,19.400747,-29.118383
xtal_85.cif,./Al13Sc3N16/59/xtal_85.cif,-12.33848,-63.353825
xtal_86.cif,./Al13Sc3N16/59/xtal_86.cif,-95.49221,-46.114857
xtal_87.cif,./Al13Sc3N16/59/xtal_87.cif,26.462719,-21.324686
xtal_88.cif,./Al13Sc3N16/59/xtal_88.cif,64.51613,51.802418
xtal_89.cif,./Al13Sc3N16/59/xtal_89.cif,49.366543,-16.706818
xtal_9.cif,./Al13Sc3N16/59/xtal_9.cif,-62.75819,-80.047165
xtal_92.cif,./Al13Sc3N16/59/xtal_92.cif,24.489914,-31.0807
xtal_93.cif,./Al13Sc3N16/59/xtal_93.cif,53.970985,17.522768
xtal_94.cif,./Al13Sc3N16/59/xtal_94.cif,26.691704,-20.263918
xtal_97.cif,./Al13Sc3N16/59/xtal_97.cif,38.34746,4.177821
xtal_99.cif,./Al13Sc3N16/59/xtal_99.cif,-8.69304,-67.06844
xtal_1.cif,./Al13Sc3N16/65/xtal_1.cif,86.897575,-15.051737
xtal_10.cif,./Al13Sc3N16/65/xtal_10.cif,36.598885,5.8057914
xtal_100.cif,./Al13Sc3N16/65/xtal_100.cif,11.541271,-19.846128
xtal_11.cif,./Al13Sc3N16/65/xtal_11.cif,-2.9085097,-56.084003
xtal_12.cif,./Al13Sc3N16/65/xtal_12.cif,-39.40757,-77.60024
xtal_17.cif,./Al13Sc3N16/65/xtal_17.cif,-16.847223,-58.24801
xtal_19.cif,./Al13Sc3N16/65/xtal_19.cif,-61.319565,-76.3866
xtal_20.cif,./Al13Sc3N16/65/xtal_20.cif,-74.927086,15.670404
xtal_21.cif,./Al13Sc3N16/65/xtal_21.cif,44.041065,-6.33104
xtal_22.cif,./Al13Sc3N16/65/xtal_22.cif,-106.91484,-16.992819
xtal_24.cif,./Al13Sc3N16/65/xtal_24.cif,61.982143,17.176275
xtal_25.cif,./Al13Sc3N16/65/xtal_25.cif,54.155296,65.482315
xtal_28.cif,./Al13Sc3N16/65/xtal_28.cif,-48.069485,-20.215252
xtal_32.cif,./Al13Sc3N16/65/xtal_32.cif,14.404317,81.250435
xtal_34.cif,./Al13Sc3N16/65/xtal_34.cif,-27.529213,-73.44524
xtal_35.cif,./Al13Sc3N16/65/xtal_35.cif,6.6599007,-23.554852
xtal_37.cif,./Al13Sc3N16/65/xtal_37.cif,10.559466,-27.71369
xtal_39.cif,./Al13Sc3N16/65/xtal_39.cif,33.973736,0.68914616
xtal_4.cif,./Al13Sc3N16/65/xtal_4.cif,20.159966,-12.657197
xtal_44.cif,./Al13Sc3N16/65/xtal_44.cif,50.70084,55.733955
xtal_46.cif,./Al13Sc3N16/65/xtal_46.cif,26.984913,-1.5250436
xtal_49.cif,./Al13Sc3N16/65/xtal_49.cif,-106.99623,-9.322098
xtal_5.cif,./Al13Sc3N16/65/xtal_5.cif,34.670033,-17.25282
xtal_51.cif,./Al13Sc3N16/65/xtal_51.cif,71.149925,54.071724
xtal_53.cif,./Al13Sc3N16/65/xtal_53.cif,27.619884,-15.155719
xtal_54.cif,./Al13Sc3N16/65/xtal_54.cif,-103.90229,-22.587175
xtal_55.cif,./Al13Sc3N16/65/xtal_55.cif,-15.121061,-72.260056
xtal_56.cif,./Al13Sc3N16/65/xtal_56.cif,-86.29324,-51.303608
xtal_58.cif,./Al13Sc3N16/65/xtal_58.cif,37.61318,-22.534008
xtal_6.cif,./Al13Sc3N16/65/xtal_6.cif,-107.09004,-16.438276
xtal_60.cif,./Al13Sc3N16/65/xtal_60.cif,-27.638083,-75.2955
xtal_64.cif,./Al13Sc3N16/65/xtal_64.cif,-29.848364,-78.95601
xtal_67.cif,./Al13Sc3N16/65/xtal_67.cif,-92.60293,-51.747623
xtal_68.cif,./Al13Sc3N16/65/xtal_68.cif,62.309265,27.945107
xtal_69.cif,./Al13Sc3N16/65/xtal_69.cif,22.624722,72.45358
xtal_7.cif,./Al13Sc3N16/65/xtal_7.cif,-36.24192,-68.341736
xtal_74.cif,./Al13Sc3N16/65/xtal_74.cif,-42.911896,-76.80343
xtal_75.cif,./Al13Sc3N16/65/xtal_75.cif,33.173084,-20.380873
xtal_76.cif,./Al13Sc3N16/65/xtal_76.cif,82.90179,37.348797
xtal_79.cif,./Al13Sc3N16/65/xtal_79.cif,75.467,-45.282158
xtal_8.cif,./Al13Sc3N16/65/xtal_8.cif,-58.290546,-67.1943
xtal_81.cif,./Al13Sc3N16/65/xtal_81.cif,-64.29446,-74.52838
xtal_83.cif,./Al13Sc3N16/65/xtal_83.cif,10.416717,36.81211
xtal_87.cif,./Al13Sc3N16/65/xtal_87.cif,-44.24894,-81.85968
xtal_9.cif,./Al13Sc3N16/65/xtal_9.cif,7.417748,-5.5825825
xtal_90.cif,./Al13Sc3N16/65/xtal_90.cif,61.258743,-5.979188
xtal_92.cif,./Al13Sc3N16/65/xtal_92.cif,6.966981,-63.69482
xtal_96.cif,./Al13Sc3N16/65/xtal_96.cif,-15.278033,28.014727
xtal_97.cif,./Al13Sc3N16/65/xtal_97.cif,-36.621803,-51.516586
xtal_98.cif,./Al13Sc3N16/65/xtal_98.cif,-1.2393409,-56.73573
xtal_1.cif,./Al13Sc3N16/71/xtal_1.cif,-11.05818,25.395317
xtal_11.cif,./Al13Sc3N16/71/xtal_11.cif,41.369804,72.22423
xtal_12.cif,./Al13Sc3N16/71/xtal_12.cif,-21.912941,-67.801346
xtal_16.cif,./Al13Sc3N16/71/xtal_16.cif,40.162437,2.740069
xtal_17.cif,./Al13Sc3N16/71/xtal_17.cif,-41.70973,-80.236
xtal_18.cif,./Al13Sc3N16/71/xtal_18.cif,17.696337,-44.92477
xtal_2.cif,./Al13Sc3N16/71/xtal_2.cif,-100.66874,-35.732513
xtal_24.cif,./Al13Sc3N16/71/xtal_24.cif,45.132454,9.432609
xtal_25.cif,./Al13Sc3N16/71/xtal_25.cif,-22.656187,-8.612819
xtal_26.cif,./Al13Sc3N16/71/xtal_26.cif,18.30353,-50.11166
xtal_28.cif,./Al13Sc3N16/71/xtal_28.cif,50.373795,-2.757596
xtal_29.cif,./Al13Sc3N16/71/xtal_29.cif,-14.567849,24.166538
xtal_30.cif,./Al13Sc3N16/71/xtal_30.cif,85.895645,43.786648
xtal_31.cif,./Al13Sc3N16/71/xtal_31.cif,54.07485,59.558723
xtal_32.cif,./Al13Sc3N16/71/xtal_32.cif,-31.764091,-71.739624
xtal_33.cif,./Al13Sc3N16/71/xtal_33.cif,-41.35786,-80.325066
xtal_34.cif,./Al13Sc3N16/71/xtal_34.cif,-89.53499,-61.15517
xtal_37.cif,./Al13Sc3N16/71/xtal_37.cif,3.962884,0.0056522475
xtal_38.cif,./Al13Sc3N16/71/xtal_38.cif,10.37588,-36.631462
xtal_4.cif,./Al13Sc3N16/71/xtal_4.cif,-84.2705,-61.84775
xtal_41.cif,./Al13Sc3N16/71/xtal_41.cif,2.986512,-56.86729
xtal_44.cif,./Al13Sc3N16/71/xtal_44.cif,-31.186075,-80.534294
xtal_45.cif,./Al13Sc3N16/71/xtal_45.cif,-41.60031,-78.288864
xtal_47.cif,./Al13Sc3N16/71/xtal_47.cif,39.17835,74.127464
xtal_48.cif,./Al13Sc3N16/71/xtal_48.cif,35.15903,-22.264765
xtal_5.cif,./Al13Sc3N16/71/xtal_5.cif,-90.56317,-50.199112
xtal_53.cif,./Al13Sc3N16/71/xtal_53.cif,-52.154022,-27.899054
xtal_56.cif,./Al13Sc3N16/71/xtal_56.cif,-44.676254,-82.763664
xtal_57.cif,./Al13Sc3N16/71/xtal_57.cif,48.12465,76.07707
xtal_58.cif,./Al13Sc3N16/71/xtal_58.cif,41.3103,-7.7939405
xtal_59.cif,./Al13Sc3N16/71/xtal_59.cif,-49.958015,-75.76218
xtal_64.cif,./Al13Sc3N16/71/xtal_64.cif,52.717796,-20.278542
xtal_67.cif,./Al13Sc3N16/71/xtal_67.cif,-80.73777,-68.99589
xtal_68.cif,./Al13Sc3N16/71/xtal_68.cif,52.658302,72.62373
xtal_69.cif,./Al13Sc3N16/71/xtal_69.cif,43.512215,62.05881
xtal_7.cif,./Al13Sc3N16/71/xtal_7.cif,82.52987,45.91742
xtal_73.cif,./Al13Sc3N16/71/xtal_73.cif,53.11684,32.68522
xtal_76.cif,./Al13Sc3N16/71/xtal_76.cif,-98.54564,-38.264545
xtal_77.cif,./Al13Sc3N16/71/xtal_77.cif,18.569706,-27.52822
xtal_78.cif,./Al13Sc3N16/71/xtal_78.cif,12.97794,20.806751
xtal_79.cif,./Al13Sc3N16/71/xtal_79.cif,-75.54336,-72.41149
xtal_80.cif,./Al13Sc3N16/71/xtal_80.cif,19.982311,-4.559256
xtal_85.cif,./Al13Sc3N16/71/xtal_85.cif,0.9857438,47.015945
xtal_86.cif,./Al13Sc3N16/71/xtal_86.cif,0.5767959,46.710773
xtal_89.cif,./Al13Sc3N16/71/xtal_89.cif,39.0789,64.35999
xtal_90.cif,./Al13Sc3N16/71/xtal_90.cif,-78.03492,-69.51093
xtal_92.cif,./Al13Sc3N16/71/xtal_92.cif,57.29588,4.843749
xtal_93.cif,./Al13Sc3N16/71/xtal_93.cif,72.83263,36.843422
xtal_95.cif,./Al13Sc3N16/71/xtal_95.cif,-2.2062964,-44.50871
xtal_99.cif,./Al13Sc3N16/71/xtal_99.cif,18.974537,13.065463
xtal_10.cif,./Al13Sc3N16/75/xtal_10.cif,-15.363996,-67.36554
xtal_11.cif,./Al13Sc3N16/75/xtal_11.cif,66.50853,-8.35097
xtal_13.cif,./Al13Sc3N16/75/xtal_13.cif,65.87269,43.184093
xtal_14.cif,./Al13Sc3N16/75/xtal_14.cif,-92.41631,-41.42633
xtal_15.cif,./Al13Sc3N16/75/xtal_15.cif,10.229529,-70.43749
xtal_16.cif,./Al13Sc3N16/75/xtal_16.cif,73.56444,-28.91098
xtal_17.cif,./Al13Sc3N16/75/xtal_17.cif,4.407547,19.039204
xtal_18.cif,./Al13Sc3N16/75/xtal_18.cif,89.26846,41.31564
xtal_20.cif,./Al13Sc3N16/75/xtal_20.cif,30.556496,9.317576
xtal_21.cif,./Al13Sc3N16/75/xtal_21.cif,95.68673,-15.0378
xtal_22.cif,./Al13Sc3N16/75/xtal_22.cif,75.02999,-27.56707
xtal_23.cif,./Al13Sc3N16/75/xtal_23.cif,17.1259,-25.599342
xtal_26.cif,./Al13Sc3N16/75/xtal_26.cif,-74.25435,-71.7055
xtal_27.cif,./Al13Sc3N16/75/xtal_27.cif,-65.50927,-68.07394
xtal_30.cif,./Al13Sc3N16/75/xtal_30.cif,3.7890406,18.286285
xtal_32.cif,./Al13Sc3N16/75/xtal_32.cif,-102.31263,-30.951483
xtal_36.cif,./Al13Sc3N16/75/xtal_36.cif,85.70901,-7.42376
xtal_38.cif,./Al13Sc3N16/75/xtal_38.cif,71.129074,-52.844215
xtal_40.cif,./Al13Sc3N16/75/xtal_40.cif,80.7998,34.177025
xtal_41.cif,./Al13Sc3N16/75/xtal_41.cif,50.542427,7.4009867
xtal_42.cif,./Al13Sc3N16/75/xtal_42.cif,94.03996,-16.499851
xtal_44.cif,./Al13Sc3N16/75/xtal_44.cif,82.986496,-41.95027
xtal_47.cif,./Al13Sc3N16/75/xtal_47.cif,73.67841,-51.36968
xtal_50.cif,./Al13Sc3N16/75/xtal_50.cif,78.05675,-58.851337
xtal_52.cif,./Al13Sc3N16/75/xtal_52.cif,65.33652,-41.845142
xtal_53.cif,./Al13Sc3N16/75/xtal_53.cif,36.267185,-12.410916
xtal_58.cif,./Al13Sc3N16/75/xtal_58.cif,-53.544514,45.238094
xtal_6.cif,./Al13Sc3N16/75/xtal_6.cif,88.433556,-17.438908
xtal_60.cif,./Al13Sc3N16/75/xtal_60.cif,-54.67197,-79.604126
xtal_62.cif,./Al13Sc3N16/75/xtal_62.cif,-1.1194631,-54.29249
xtal_64.cif,./Al13Sc3N16/75/xtal_64.cif,1.6616914,-51.47363
xtal_65.cif,./Al13Sc3N16/75/xtal_65.cif,-66.11005,-67.685905
xtal_66.cif,./Al13Sc3N16/75/xtal_66.cif,76.53754,-26.234898
xtal_68.cif,./Al13Sc3N16/75/xtal_68.cif,39.09377,-22.385221
xtal_69.cif,./Al13Sc3N16/75/xtal_69.cif,95.63933,0.60737234
xtal_70.cif,./Al13Sc3N16/75/xtal_70.cif,-99.61882,-39.92658
xtal_73.cif,./Al13Sc3N16/75/xtal_73.cif,-90.86157,-52.614426
xtal_74.cif,./Al13Sc3N16/75/xtal_74.cif,-0.65205026,-53.618443
xtal_75.cif,./Al13Sc3N16/75/xtal_75.cif,31.310175,-23.62566
xtal_76.cif,./Al13Sc3N16/75/xtal_76.cif,24.080425,75.93021
xtal_8.cif,./Al13Sc3N16/75/xtal_8.cif,-104.87786,-21.967163
xtal_80.cif,./Al13Sc3N16/75/xtal_80.cif,78.19615,-27.169682
xtal_81.cif,./Al13Sc3N16/75/xtal_81.cif,30.598738,-24.852184
xtal_83.cif,./Al13Sc3N16/75/xtal_83.cif,-16.050653,24.049782
xtal_9.cif,./Al13Sc3N16/75/xtal_9.cif,4.320044,72.9106
xtal_90.cif,./Al13Sc3N16/75/xtal_90.cif,-81.21215,-64.41804
xtal_91.cif,./Al13Sc3N16/75/xtal_91.cif,26.660978,-49.68331
xtal_92.cif,./Al13Sc3N16/75/xtal_92.cif,-88.35874,-55.927643
xtal_93.cif,./Al13Sc3N16/75/xtal_93.cif,75.050705,-46.15638
xtal_97.cif,./Al13Sc3N16/75/xtal_97.cif,62.21321,33.20731
xtal_10.cif,./Al13Sc3N16/77/xtal_10.cif,32.46307,-9.4240265
xtal_100.cif,./Al13Sc3N16/77/xtal_100.cif,12.526488,-23.303606
xtal_16.cif,./Al13Sc3N16/77/xtal_16.cif,-105.88641,-18.923483
xtal_17.cif,./Al13Sc3N16/77/xtal_17.cif,53.599464,-30.73497
xtal_19.cif,./Al13Sc3N16/77/xtal_19.cif,-80.17289,-70.441154
xtal_20.cif,./Al13Sc3N16/77/xtal_20.cif,51.355526,40.302814
xtal_21.cif,./Al13Sc3N16/77/xtal_21.cif,56.966778,6.3295784
xtal_22.cif,./Al13Sc3N16/77/xtal_22.cif,-86.14905,-58.915386
xtal_23.cif,./Al13Sc3N16/77/xtal_23.cif,-102.30582,-27.975643
xtal_24.cif,./Al13Sc3N16/77/xtal_24.cif,68.625565,53.518208
xtal_25.cif,./Al13Sc3N16/77/xtal_25.cif,70.99255,-47.219307
xtal_3.cif,./Al13Sc3N16/77/xtal_3.cif,17.63239,-9.290402
xtal_31.cif,./Al13Sc3N16/77/xtal_31.cif,32.496815,6.6816554
xtal_33.cif,./Al13Sc3N16/77/xtal_33.cif,28.729282,84.139244
xtal_34.cif,./Al13Sc3N16/77/xtal_34.cif,16.70113,-47.691414
xtal_35.cif,./Al13Sc3N16/77/xtal_35.cif,68.44992,-8.707902
xtal_36.cif,./Al13Sc3N16/77/xtal_36.cif,-13.447146,-69.789764
xtal_39.cif,./Al13Sc3N16/77/xtal_39.cif,-107.14827,4.3737197
xtal_4.cif,./Al13Sc3N16/77/xtal_4.cif,64.66004,49.364216
xtal_40.cif,./Al13Sc3N16/77/xtal_40.cif,20.714647,-22.551003
xtal_42.cif,./Al13Sc3N16/77/xtal_42.cif,36.63325,-4.5313215
xtal_44.cif,./Al13Sc3N16/77/xtal_44.cif,38.443504,-4.002628
xtal_45.cif,./Al13Sc3N16/77/xtal_45.cif,67.21653,35.972427
xtal_46.cif,./Al13Sc3N16/77/xtal_46.cif,-35.24689,-77.24281
xtal_47.cif,./Al13Sc3N16/77/xtal_47.cif,60.34568,74.71154
xtal_48.cif,./Al13Sc3N16/77/xtal_48.cif,69.8084,62.92402
xtal_52.cif,./Al13Sc3N16/77/xtal_52.cif,-100.909515,-33.063324
xtal_53.cif,./Al13Sc3N16/77/xtal_53.cif,-1.6806991,-54.82462
xtal_59.cif,./Al13Sc3N16/77/xtal_59.cif,65.346115,18.297424
xtal_61.cif,./Al13Sc3N16/77/xtal_61.cif,61.511875,17.127684
xtal_64.cif,./Al13Sc3N16/77/xtal_64.cif,10.306255,-33.80407
xtal_65.cif,./Al13Sc3N16/77/xtal_65.cif,-57.40379,-69.99171
xtal_66.cif,./Al13Sc3N16/77/xtal_66.cif,2.4825115,-53.100674
xtal_68.cif,./Al13Sc3N16/77/xtal_68.cif,-2.7607727,-49.024582
xtal_7.cif,./Al13Sc3N16/77/xtal_7.cif,0.2556642,-46.08969
xtal_71.cif,./Al13Sc3N16/77/xtal_71.cif,-56.65878,-75.439575
xtal_74.cif,./Al13Sc3N16/77/xtal_74.cif,14.824301,-37.825375
xtal_75.cif,./Al13Sc3N16/77/xtal_75.cif,68.87574,42.067142
xtal_76.cif,./Al13Sc3N16/77/xtal_76.cif,6.699633,-41.529495
xtal_78.cif,./Al13Sc3N16/77/xtal_78.cif,-6.1211114,-65.74091
xtal_79.cif,./Al13Sc3N16/77/xtal_79.cif,91.76139,-13.232704
xtal_8.cif,./Al13Sc3N16/77/xtal_8.cif,3.429342,-40.397568
xtal_80.cif,./Al13Sc3N16/77/xtal_80.cif,45.061085,-7.646209
xtal_84.cif,./Al13Sc3N16/77/xtal_84.cif,-107.01069,-14.694501
xtal_85.cif,./Al13Sc3N16/77/xtal_85.cif,11.607113,-74.0486
xtal_87.cif,./Al13Sc3N16/77/xtal_87.cif,82.73046,-7.2773037
xtal_92.cif,./Al13Sc3N16/77/xtal_92.cif,50.650894,29.989706
xtal_96.cif,./Al13Sc3N16/77/xtal_96.cif,43.501907,-6.298842
xtal_10.cif,./Al13Sc3N16/79/xtal_10.cif,0.49865493,-74.70315
xtal_100.cif,./Al13Sc3N16/79/xtal_100.cif,-17.970167,-78.11703
xtal_11.cif,./Al13Sc3N16/79/xtal_11.cif,-15.329987,-67.07586
xtal_13.cif,./Al13Sc3N16/79/xtal_13.cif,26.233578,-22.30602
xtal_14.cif,./Al13Sc3N16/79/xtal_14.cif,6.432915,-41.279396
xtal_15.cif,./Al13Sc3N16/79/xtal_15.cif,9.283015,80.93626
xtal_16.cif,./Al13Sc3N16/79/xtal_16.cif,23.772722,29.172956
xtal_19.cif,./Al13Sc3N16/79/xtal_19.cif,71.25843,-46.47443
xtal_2.cif,./Al13Sc3N16/79/xtal_2.cif,79.40514,-30.95497
xtal_20.cif,./Al13Sc3N16/79/xtal_20.cif,-16.374615,-61.418472
xtal_21.cif,./Al13Sc3N16/79/xtal_21.cif,15.408678,52.515774
xtal_22.cif,./Al13Sc3N16/79/xtal_22.cif,27.123676,-1.5374497
xtal_24.cif,./Al13Sc3N16/79/xtal_24.cif,48.864727,-0.05922101
xtal_26.cif,./Al13Sc3N16/79/xtal_26.cif,-76.164734,-72.039566
xtal_28.cif,./Al13Sc3N16/79/xtal_28.cif,-52.17904,-78.11234
xtal_29.cif,./Al13Sc3N16/79/xtal_29.cif,-24.818974,-76.578
xtal_3.cif,./Al13Sc3N16/79/xtal_3.cif,71.81927,-40.40319
xtal_32.cif,./Al13Sc3N16/79/xtal_32.cif,-102.26275,-26.723595
xtal_33.cif,./Al13Sc3N16/79/xtal_33.cif,-82.436905,-67.02711
xtal_34.cif,./Al13Sc3N16/79/xtal_34.cif,2.1959376,-55.10369
xtal_36.cif,./Al13Sc3N16/79/xtal_36.cif,21.934683,-35.101795
xtal_39.cif,./Al13Sc3N16/79/xtal_39.cif,24.771523,53.889927
xtal_40.cif,./Al13Sc3N16/79/xtal_40.cif,70.6569,-39.56305
xtal_46.cif,./Al13Sc3N16/79/xtal_46.cif,53.144936,46.44505
xtal_47.cif,./Al13Sc3N16/79/xtal_47.cif,-12.572463,-23.186892
xtal_48.cif,./Al13Sc3N16/79/xtal_48.cif,46.5978,48.524567
xtal_49.cif,./Al13Sc3N16/79/xtal_49.cif,68.42345,-22.471052
xtal_5.cif,./Al13Sc3N16/79/xtal_5.cif,-12.033394,37.17676
xtal_51.cif,./Al13Sc3N16/79/xtal_51.cif,-30.571812,-61.763298
xtal_52.cif,./Al13Sc3N16/79/xtal_52.cif,-104.05218,-22.13715
xtal_54.cif,./Al13Sc3N16/79/xtal_54.cif,89.00483,2.4810834
xtal_55.cif,./Al13Sc3N16/79/xtal_55.cif,86.44297,-46.83567
xtal_6.cif,./Al13Sc3N16/79/xtal_6.cif,51.574722,-0.5263619
xtal_62.cif,./Al13Sc3N16/79/xtal_62.cif,31.308025,-23.135548
xtal_64.cif,./Al13Sc3N16/79/xtal_64.cif,35.055008,12.733098
xtal_66.cif,./Al13Sc3N16/79/xtal_66.cif,-87.81286,-62.71056
xtal_67.cif,./Al13Sc3N16/79/xtal_67.cif,71.77645,11.877845
xtal_69.cif,./Al13Sc3N16/79/xtal_69.cif,-90.19491,-61.562874
xtal_70.cif,./Al13Sc3N16/79/xtal_70.cif,80.72208,1.4096326
xtal_72.cif,./Al13Sc3N16/79/xtal_72.cif,-48.081818,-80.878525
xtal_76.cif,./Al13Sc3N16/79/xtal_76.cif,9.160769,-36.2212
xtal_77.cif,./Al13Sc3N16/79/xtal_77.cif,-45.692215,-80.24628
xtal_78.cif,./Al13Sc3N16/79/xtal_78.cif,95.034805,6.0227036
xtal_8.cif,./Al13Sc3N16/79/xtal_8.cif,53.049915,18.073591
xtal_80.cif,./Al13Sc3N16/79/xtal_80.cif,-12.890258,-57.409615
xtal_83.cif,./Al13Sc3N16/79/xtal_83.cif,-53.65386,45.184017
xtal_84.cif,./Al13Sc3N16/79/xtal_84.cif,77.337875,-23.759579
xtal_88.cif,./Al13Sc3N16/79/xtal_88.cif,76.32681,40.369923
xtal_93.cif,./Al13Sc3N16/79/xtal_93.cif,87.741356,19.757286
xtal_95.cif,./Al13Sc3N16/79/xtal_95.cif,6.626501,63.04297
xtal_100.cif,./Al13Sc3N16/81/xtal_100.cif,52.086742,68.5669
xtal_12.cif,./Al13Sc3N16/81/xtal_12.cif,85.33633,-0.38951817
xtal_13.cif,./Al13Sc3N16/81/xtal_13.cif,-2.7801492,-58.487396
xtal_14.cif,./Al13Sc3N16/81/xtal_14.cif,67.93455,-8.623947
xtal_15.cif,./Al13Sc3N16/81/xtal_15.cif,-18.017334,-63.123585
xtal_16.cif,./Al13Sc3N16/81/xtal_16.cif,30.832047,-12.819729
xtal_2.cif,./Al13Sc3N16/81/xtal_2.cif,96.50278,-11.283602
xtal_21.cif,./Al13Sc3N16/81/xtal_21.cif,81.107414,34.216007
xtal_27.cif,./Al13Sc3N16/81/xtal_27.cif,-8.942867,-67.77649
xtal_29.cif,./Al13Sc3N16/81/xtal_29.cif,-3.1054459,-53.525208
xtal_3.cif,./Al13Sc3N16/81/xtal_3.cif,91.09884,0.20587091
xtal_31.cif,./Al13Sc3N16/81/xtal_31.cif,-6.616643,-62.179993
xtal_33.cif,./Al13Sc3N16/81/xtal_33.cif,-65.29927,-77.50863
xtal_34.cif,./Al13Sc3N16/81/xtal_34.cif,71.61066,-4.825321
xtal_35.cif,./Al13Sc3N16/81/xtal_35.cif,58.855415,5.204578
xtal_36.cif,./Al13Sc3N16/81/xtal_36.cif,-45.763687,-73.80863
xtal_37.cif,./Al13Sc3N16/81/xtal_37.cif,22.114128,-53.193005
xtal_39.cif,./Al13Sc3N16/81/xtal_39.cif,75.70321,30.826614
xtal_40.cif,./Al13Sc3N16/81/xtal_40.cif,8.098437,74.530945
xtal_42.cif,./Al13Sc3N16/81/xtal_42.cif,46.884766,25.723553
xtal_43.cif,./Al13Sc3N16/81/xtal_43.cif,21.289957,-22.001762
xtal_5.cif,./Al13Sc3N16/81/xtal_5.cif,31.620552,-32.479897
xtal_51.cif,./Al13Sc3N16/81/xtal_51.cif,47.161762,-30.73139
xtal_58.cif,./Al13Sc3N16/81/xtal_58.cif,63.011456,27.017649
xtal_62.cif,./Al13Sc3N16/81/xtal_62.cif,20.350954,26.259914
xtal_63.cif,./Al13Sc3N16/81/xtal_63.cif,87.88064,16.249159
xtal_64.cif,./Al13Sc3N16/81/xtal_64.cif,3.3255093,66.55476
xtal_66.cif,./Al13Sc3N16/81/xtal_66.cif,75.76968,23.441406
xtal_68.cif,./Al13Sc3N16/81/xtal_68.cif,28.627075,-13.678623
xtal_69.cif,./Al13Sc3N16/81/xtal_69.cif,87.959785,-0.02656855
xtal_71.cif,./Al13Sc3N16/81/xtal_71.cif,16.108488,-30.719286
xtal_72.cif,./Al13Sc3N16/81/xtal_72.cif,33.060234,5.080739
xtal_74.cif,./Al13Sc3N16/81/xtal_74.cif,-88.855606,-53.440266
xtal_78.cif,./Al13Sc3N16/81/xtal_78.cif,75.34901,30.890991
xtal_79.cif,./Al13Sc3N16/81/xtal_79.cif,31.607208,-31.66303
xtal_80.cif,./Al13Sc3N16/81/xtal_80.cif,-11.400966,-25.719738
xtal_81.cif,./Al13Sc3N16/81/xtal_81.cif,-88.968285,-62.796074
xtal_83.cif,./Al13Sc3N16/81/xtal_83.cif,-84.43002,-65.44279
xtal_84.cif,./Al13Sc3N16/81/xtal_84.cif,20.23926,-24.532341
xtal_9.cif,./Al13Sc3N16/81/xtal_9.cif,36.794727,-14.662329
xtal_90.cif,./Al13Sc3N16/81/xtal_90.cif,74.20356,30.260183
xtal_91.cif,./Al13Sc3N16/81/xtal_91.cif,91.645905,-1.9380935
xtal_93.cif,./Al13Sc3N16/81/xtal_93.cif,19.265467,-40.80727
xtal_94.cif,./Al13Sc3N16/81/xtal_94.cif,-9.727061,-75.6718
xtal_96.cif,./Al13Sc3N16/81/xtal_96.cif,89.7564,-2.7921665
xtal_97.cif,./Al13Sc3N16/81/xtal_97.cif,-18.93459,-63.62473
xtal_98.cif,./Al13Sc3N16/81/xtal_98.cif,-106.017555,-20.542538
xtal_99.cif,./Al13Sc3N16/81/xtal_99.cif,22.348953,-31.206587
xtal_1.cif,./Al13Sc3N16/82/xtal_1.cif,43.756813,-20.126554
xtal_10.cif,./Al13Sc3N16/82/xtal_10.cif,13.649683,-36.898163
xtal_13.cif,./Al13Sc3N16/82/xtal_13.cif,-24.412283,-68.94308
xtal_14.cif,./Al13Sc3N16/82/xtal_14.cif,-90.74362,-55.02082
xtal_16.cif,./Al13Sc3N16/82/xtal_16.cif,-17.157885,-77.66867
xtal_17.cif,./Al13Sc3N16/82/xtal_17.cif,-46.91235,-82.04017
xtal_2.cif,./Al13Sc3N16/82/xtal_2.cif,-3.7378829,-55.77024
xtal_20.cif,./Al13Sc3N16/82/xtal_20.cif,33.118595,-33.071396
xtal_22.cif,./Al13Sc3N16/82/xtal_22.cif,-100.10334,-37.087006
xtal_24.cif,./Al13Sc3N16/82/xtal_24.cif,25.230286,-31.932638
xtal_25.cif,./Al13Sc3N16/82/xtal_25.cif,77.29559,25.707415
xtal_32.cif,./Al13Sc3N16/82/xtal_32.cif,81.61668,47.86833
xtal_36.cif,./Al13Sc3N16/82/xtal_36.cif,60.798096,28.076006
xtal_37.cif,./Al13Sc3N16/82/xtal_37.cif,19.431902,-35.43338
xtal_39.cif,./Al13Sc3N16/82/xtal_39.cif,6.3028975,42.717094
xtal_40.cif,./Al13Sc3N16/82/xtal_40.cif,-84.81294,-58.47976
xtal_41.cif,./Al13Sc3N16/82/xtal_41.cif,82.15388,20.081873
xtal_44.cif,./Al13Sc3N16/82/xtal_44.cif,63.316677,-2.2390945
xtal_45.cif,./Al13Sc3N16/82/xtal_45.cif,42.853176,-1.5440453
xtal_47.cif,./Al13Sc3N16/82/xtal_47.cif,-107.0914,-10.7185135
xtal_48.cif,./Al13Sc3N16/82/xtal_48.cif,61.360184,45.40583
xtal_52.cif,./Al13Sc3N16/82/xtal_52.cif,43.92925,-22.697681
xtal_57.cif,./Al13Sc3N16/82/xtal_57.cif,54.186165,0.07632716
xtal_59.cif,./Al13Sc3N16/82/xtal_59.cif,69.28861,-2.176155
xtal_6.cif,./Al13Sc3N16/82/xtal_6.cif,-12.278545,-57.296078
xtal_62.cif,./Al13Sc3N16/82/xtal_62.cif,73.00819,-8.267882
xtal_64.cif,./Al13Sc3N16/82/xtal_64.cif,-83.20128,-68.2912
xtal_65.cif,./Al13Sc3N16/82/xtal_65.cif,85.027794,-4.5334244
xtal_66.cif,./Al13Sc3N16/82/xtal_66.cif,-11.018397,-56.839596
xtal_67.cif,./Al13Sc3N16/82/xtal_67.cif,40.329468,2.3308725
xtal_68.cif,./Al13Sc3N16/82/xtal_68.cif,48.850246,-6.173296
xtal_7.cif,./Al13Sc3N16/82/xtal_7.cif,2.926316,-53.46169
xtal_70.cif,./Al13Sc3N16/82/xtal_70.cif,45.706318,40.222637
xtal_71.cif,./Al13Sc3N16/82/xtal_71.cif,-95.44457,-38.4495
xtal_72.cif,./Al13Sc3N16/82/xtal_72.cif,-35.48839,-79.5049
xtal_73.cif,./Al13Sc3N16/82/xtal_73.cif,80.335464,34.47278
xtal_74.cif,./Al13Sc3N16/82/xtal_74.cif,21.520693,84.21281
xtal_8.cif,./Al13Sc3N16/82/xtal_8.cif,7.3537183,-7.756592
xtal_80.cif,./Al13Sc3N16/82/xtal_80.cif,49.35415,-2.7660055
xtal_83.cif,./Al13Sc3N16/82/xtal_83.cif,-19.723541,82.4936
xtal_86.cif,./Al13Sc3N16/82/xtal_86.cif,-107.598976,-1.9381913
xtal_87.cif,./Al13Sc3N16/82/xtal_87.cif,46.15278,2.835648
xtal_89.cif,./Al13Sc3N16/82/xtal_89.cif,-29.400463,-76.703415
xtal_90.cif,./Al13Sc3N16/82/xtal_90.cif,5.744797,-24.465378
xtal_91.cif,./Al13Sc3N16/82/xtal_91.cif,-98.56393,-42.615738
xtal_92.cif,./Al13Sc3N16/82/xtal_92.cif,42.819195,4.7631707
xtal_94.cif,./Al13Sc3N16/82/xtal_94.cif,-15.276806,-29.947544
xtal_95.cif,./Al13Sc3N16/82/xtal_95.cif,51.23436,2.000793
xtal_97.cif,./Al13Sc3N16/82/xtal_97.cif,34.464752,-8.650617
xtal_98.cif,./Al13Sc3N16/82/xtal_98.cif,49.132713,26.35941
xtal_10.cif,./Al13Sc3N16/83/xtal_10.cif,-92.02715,-52.434753
xtal_13.cif,./Al13Sc3N16/83/xtal_13.cif,-16.302334,27.78034
xtal_14.cif,./Al13Sc3N16/83/xtal_14.cif,6.734003,-63.055687
xtal_15.cif,./Al13Sc3N16/83/xtal_15.cif,86.14954,0.95515084
xtal_17.cif,./Al13Sc3N16/83/xtal_17.cif,19.916708,-32.22082
xtal_18.cif,./Al13Sc3N16/83/xtal_18.cif,72.299805,19.743073
xtal_19.cif,./Al13Sc3N16/83/xtal_19.cif,-100.873375,-36.251556
xtal_2.cif,./Al13Sc3N16/83/xtal_2.cif,-55.33545,-73.44786
xtal_22.cif,./Al13Sc3N16/83/xtal_22.cif,-56.993378,-74.93009
xtal_23.cif,./Al13Sc3N16/83/xtal_23.cif,82.44418,-0.7873183
xtal_24.cif,./Al13Sc3N16/83/xtal_24.cif,-106.30632,-18.092882
xtal_27.cif,./Al13Sc3N16/83/xtal_27.cif,44.463078,58.381393
xtal_28.cif,./Al13Sc3N16/83/xtal_28.cif,13.125529,-24.441862
xtal_29.cif,./Al13Sc3N16/83/xtal_29.cif,66.491844,35.54049
xtal_30.cif,./Al13Sc3N16/83/xtal_30.cif,31.261595,-23.447025
xtal_33.cif,./Al13Sc3N16/83/xtal_33.cif,-90.22403,-53.657
xtal_34.cif,./Al13Sc3N16/83/xtal_34.cif,9.082439,-27.554155
xtal_36.cif,./Al13Sc3N16/83/xtal_36.cif,-20.113699,-30.108652
xtal_37.cif,./Al13Sc3N16/83/xtal_37.cif,24.063803,-19.347158
xtal_38.cif,./Al13Sc3N16/83/xtal_38.cif,62.319996,32.851418
xtal_4.cif,./Al13Sc3N16/83/xtal_4.cif,-78.25228,-47.05895
xtal_41.cif,./Al13Sc3N16/83/xtal_41.cif,-28.295118,3.5558395
xtal_42.cif,./Al13Sc3N16/83/xtal_42.cif,28.95245,-22.965458
xtal_43.cif,./Al13Sc3N16/83/xtal_43.cif,28.438383,-13.415072
xtal_47.cif,./Al13Sc3N16/83/xtal_47.cif,13.837187,-41.978027
xtal_50.cif,./Al13Sc3N16/83/xtal_50.cif,-39.570084,-78.27866
xtal_52.cif,./Al13Sc3N16/83/xtal_52.cif,71.43789,-26.64365
xtal_53.cif,./Al13Sc3N16/83/xtal_53.cif,24.697714,76.257324
xtal_55.cif,./Al13Sc3N16/83/xtal_55.cif,-72.08921,-73.3055
xtal_58.cif,./Al13Sc3N16/83/xtal_58.cif,-31.990978,-61.91291
xtal_6.cif,./Al13Sc3N16/83/xtal_6.cif,11.6276865,33.001812
xtal_61.cif,./Al13Sc3N16/83/xtal_61.cif,71.74085,34.907303
xtal_62.cif,./Al13Sc3N16/83/xtal_62.cif,-41.595043,67.97494
xtal_63.cif,./Al13Sc3N16/83/xtal_63.cif,38.54953,7.27557
xtal_64.cif,./Al13Sc3N16/83/xtal_64.cif,-9.580899,-66.11792
xtal_69.cif,./Al13Sc3N16/83/xtal_69.cif,26.650187,-8.695195
xtal_7.cif,./Al13Sc3N16/83/xtal_7.cif,23.361013,-8.677306
xtal_74.cif,./Al13Sc3N16/83/xtal_74.cif,-64.130875,-79.998886
xtal_75.cif,./Al13Sc3N16/83/xtal_75.cif,36.64111,-1.6813539
xtal_78.cif,./Al13Sc3N16/83/xtal_78.cif,-16.679592,25.763304
xtal_79.cif,./Al13Sc3N16/83/xtal_79.cif,33.393127,-11.907392
xtal_81.cif,./Al13Sc3N16/83/xtal_81.cif,47.471848,-29.306862
xtal_82.cif,./Al13Sc3N16/83/xtal_82.cif,56.54479,31.763124
xtal_84.cif,./Al13Sc3N16/83/xtal_84.cif,-1.2432097,11.140692
xtal_87.cif,./Al13Sc3N16/83/xtal_87.cif,72.54663,59.493515
xtal_91.cif,./Al13Sc3N16/83/xtal_91.cif,6.6134605,-25.975155
xtal_93.cif,./Al13Sc3N16/83/xtal_93.cif,24.662563,-20.027653
xtal_94.cif,./Al13Sc3N16/83/xtal_94.cif,-53.03378,46.354504
xtal_95.cif,./Al13Sc3N16/83/xtal_95.cif,36.09275,25.979599
xtal_1.cif,./Al13Sc3N16/84/xtal_1.cif,-22.894928,-75.49343
xtal_10.cif,./Al13Sc3N16/84/xtal_10.cif,4.7215996,85.60008
xtal_100.cif,./Al13Sc3N16/84/xtal_100.cif,92.59093,4.284616
xtal_11.cif,./Al13Sc3N16/84/xtal_11.cif,-33.808765,-81.42641
xtal_14.cif,./Al13Sc3N16/84/xtal_14.cif,28.130167,78.133224
xtal_15.cif,./Al13Sc3N16/84/xtal_15.cif,30.373777,2.3717828
xtal_16.cif,./Al13Sc3N16/84/xtal_16.cif,50.44034,29.06583
xtal_18.cif,./Al13Sc3N16/84/xtal_18.cif,56.473385,29.558775
xtal_2.cif,./Al13Sc3N16/84/xtal_2.cif,-107.16711,0.41016594
xtal_20.cif,./Al13Sc3N16/84/xtal_20.cif,-2.5960646,-54.799915
xtal_22.cif,./Al13Sc3N16/84/xtal_22.cif,6.6869397,-28.764133
xtal_23.cif,./Al13Sc3N16/84/xtal_23.cif,-88.68931,-59.487164
xtal_26.cif,./Al13Sc3N16/84/xtal_26.cif,28.544235,1.0932462
xtal_27.cif,./Al13Sc3N16/84/xtal_27.cif,58.38762,18.983047
xtal_28.cif,./Al13Sc3N16/84/xtal_28.cif,-84.86696,-62.821587
xtal_30.cif,./Al13Sc3N16/84/xtal_30.cif,38.036472,-0.2496109
xtal_31.cif,./Al13Sc3N16/84/xtal_31.cif,71.07014,55.55333
xtal_32.cif,./Al13Sc3N16/84/xtal_32.cif,33.844734,-5.4226027
xtal_33.cif,./Al13Sc3N16/84/xtal_33.cif,10.72586,-22.574795
xtal_34.cif,./Al13Sc3N16/84/xtal_34.cif,46.153618,-4.90141
xtal_38.cif,./Al13Sc3N16/84/xtal_38.cif,32.70038,-3.453812
xtal_41.cif,./Al13Sc3N16/84/xtal_41.cif,14.369116,84.71461
xtal_45.cif,./Al13Sc3N16/84/xtal_45.cif,30.813517,-7.9342837
xtal_47.cif,./Al13Sc3N16/84/xtal_47.cif,-55.75886,-77.47591
xtal_50.cif,./Al13Sc3N16/84/xtal_50.cif,17.893377,-44.285183
xtal_53.cif,./Al13Sc3N16/84/xtal_53.cif,43.722065,-7.9352093
xtal_54.cif,./Al13Sc3N16/84/xtal_54.cif,15.14594,-36.709946
xtal_55.cif,./Al13Sc3N16/84/xtal_55.cif,41.085335,8.443382
xtal_56.cif,./Al13Sc3N16/84/xtal_56.cif,14.438653,-38.525654
xtal_59.cif,./Al13Sc3N16/84/xtal_59.cif,22.524405,60.12256
xtal_6.cif,./Al13Sc3N16/84/xtal_6.cif,62.61694,34.8099
xtal_63.cif,./Al13Sc3N16/84/xtal_63.cif,9.247558,4.523225
xtal_65.cif,./Al13Sc3N16/84/xtal_65.cif,-104.3832,-28.967207
xtal_67.cif,./Al13Sc3N16/84/xtal_67.cif,71.24637,31.998528
xtal_69.cif,./Al13Sc3N16/84/xtal_69.cif,72.85693,41.250847
xtal_7.cif,./Al13Sc3N16/84/xtal_7.cif,40.61371,-6.09888
xtal_71.cif,./Al13Sc3N16/84/xtal_71.cif,-107.024925,-11.251302
xtal_72.cif,./Al13Sc3N16/84/xtal_72.cif,-33.568775,-74.274605
xtal_73.cif,./Al13Sc3N16/84/xtal_73.cif,16.51681,-17.78855
xtal_76.cif,./Al13Sc3N16/84/xtal_76.cif,26.11226,15.911418
xtal_77.cif,./Al13Sc3N16/84/xtal_77.cif,43.608086,-22.883549
xtal_78.cif,./Al13Sc3N16/84/xtal_78.cif,-107.0368,-9.296595
xtal_82.cif,./Al13Sc3N16/84/xtal_82.cif,-95.37456,-52.27396
xtal_85.cif,./Al13Sc3N16/84/xtal_85.cif,70.24336,35.671795
xtal_86.cif,./Al13Sc3N16/84/xtal_86.cif,76.67732,31.964357
xtal_9.cif,./Al13Sc3N16/84/xtal_9.cif,57.722908,44.632137
xtal_90.cif,./Al13Sc3N16/84/xtal_90.cif,-106.74157,-17.706804
xtal_97.cif,./Al13Sc3N16/84/xtal_97.cif,3.5304565,-47.465862
xtal_98.cif,./Al13Sc3N16/84/xtal_98.cif,-35.541954,-79.43339
xtal_99.cif,./Al13Sc3N16/84/xtal_99.cif,67.024284,36.12771
xtal_1.cif,./Al13Sc3N16/85/xtal_1.cif,-12.987934,28.011087
xtal_10.cif,./Al13Sc3N16/85/xtal_10.cif,-18.170082,-74.13047
xtal_100.cif,./Al13Sc3N16/85/xtal_100.cif,-90.54941,-50.0745
xtal_12.cif,./Al13Sc3N16/85/xtal_12.cif,-12.75504,-65.40841
xtal_13.cif,./Al13Sc3N16/85/xtal_13.cif,9.506983,-40.88016
xtal_17.cif,./Al13Sc3N16/85/xtal_17.cif,-2.4946978,-61.419476
xtal_18.cif,./Al13Sc3N16/85/xtal_18.cif,-44.254692,-76.41777
xtal_19.cif,./Al13Sc3N16/85/xtal_19.cif,-91.61528,-54.577175
xtal_2.cif,./Al13Sc3N16/85/xtal_2.cif,26.033741,14.142222
xtal_23.cif,./Al13Sc3N16/85/xtal_23.cif,18.800484,-20.936098
xtal_28.cif,./Al13Sc3N16/85/xtal_28.cif,-32.982574,-65.57885
xtal_3.cif,./Al13Sc3N16/85/xtal_3.cif,42.456226,-16.124155
xtal_30.cif,./Al13Sc3N16/85/xtal_30.cif,37.923393,-31.37415
xtal_31.cif,./Al13Sc3N16/85/xtal_31.cif,-83.10374,-58.520523
xtal_36.cif,./Al13Sc3N16/85/xtal_36.cif,31.480042,70.4283
xtal_37.cif,./Al13Sc3N16/85/xtal_37.cif,64.87815,31.734179
xtal_38.cif,./Al13Sc3N16/85/xtal_38.cif,24.309164,55.084602
xtal_39.cif,./Al13Sc3N16/85/xtal_39.cif,9.223863,-35.97768
xtal_44.cif,./Al13Sc3N16/85/xtal_44.cif,14.354165,-1.1637489
xtal_45.cif,./Al13Sc3N16/85/xtal_45.cif,-39.75776,-73.32029
xtal_46.cif,./Al13Sc3N16/85/xtal_46.cif,9.60285,-33.195557
xtal_47.cif,./Al13Sc3N16/85/xtal_47.cif,-12.0469055,-52.632572
xtal_48.cif,./Al13Sc3N16/85/xtal_48.cif,24.532278,0.50492513
xtal_49.cif,./Al13Sc3N16/85/xtal_49.cif,57.771706,32.03086
xtal_5.cif,./Al13Sc3N16/85/xtal_5.cif,50.23085,1.66741
xtal_57.cif,./Al13Sc3N16/85/xtal_57.cif,16.60697,-17.750828
xtal_58.cif,./Al13Sc3N16/85/xtal_58.cif,23.281233,-16.885578
xtal_60.cif,./Al13Sc3N16/85/xtal_60.cif,35.623905,-13.678071
xtal_61.cif,./Al13Sc3N16/85/xtal_61.cif,23.055756,77.24129
xtal_64.cif,./Al13Sc3N16/85/xtal_64.cif,53.92436,32.91052
xtal_68.cif,./Al13Sc3N16/85/xtal_68.cif,27.620522,29.563984
xtal_7.cif,./Al13Sc3N16/85/xtal_7.cif,-26.754534,-78.01388
xtal_70.cif,./Al13Sc3N16/85/xtal_70.cif,-4.552828,-45.845272
xtal_72.cif,./Al13Sc3N16/85/xtal_72.cif,40.65072,11.8757105
xtal_74.cif,./Al13Sc3N16/85/xtal_74.cif,34.024628,22.391493
xtal_75.cif,./Al13Sc3N16/85/xtal_75.cif,79.14195,38.39708
xtal_76.cif,./Al13Sc3N16/85/xtal_76.cif,-75.82729,-71.20953
xtal_81.cif,./Al13Sc3N16/85/xtal_81.cif,-1.9700811,-41.89595
xtal_82.cif,./Al13Sc3N16/85/xtal_82.cif,-6.079466,79.865746
xtal_85.cif,./Al13Sc3N16/85/xtal_85.cif,49.93798,3.1060827
xtal_86.cif,./Al13Sc3N16/85/xtal_86.cif,43.267284,48.438717
xtal_9.cif,./Al13Sc3N16/85/xtal_9.cif,6.390947,-41.869766
xtal_90.cif,./Al13Sc3N16/85/xtal_90.cif,67.30562,48.49903
xtal_92.cif,./Al13Sc3N16/85/xtal_92.cif,-27.091206,-71.3224
xtal_94.cif,./Al13Sc3N16/85/xtal_94.cif,-35.329933,-79.38844
xtal_96.cif,./Al13Sc3N16/85/xtal_96.cif,-75.22978,-73.01139
xtal_97.cif,./Al13Sc3N16/85/xtal_97.cif,-107.03394,-12.548845
xtal_99.cif,./Al13Sc3N16/85/xtal_99.cif,39.156708,25.396322
xtal_100.cif,./Al13Sc3N16/86/xtal_100.cif,29.824787,-2.6507876
xtal_11.cif,./Al13Sc3N16/86/xtal_11.cif,18.405123,66.26939
xtal_12.cif,./Al13Sc3N16/86/xtal_12.cif,-101.28903,-32.620586
xtal_14.cif,./Al13Sc3N16/86/xtal_14.cif,-11.159902,-58.085686
xtal_16.cif,./Al13Sc3N16/86/xtal_16.cif,-11.301461,-59.73558
xtal_17.cif,./Al13Sc3N16/86/xtal_17.cif,-48.73333,-76.54242
xtal_18.cif,./Al13Sc3N16/86/xtal_18.cif,22.599884,-25.642134
xtal_19.cif,./Al13Sc3N16/86/xtal_19.cif,-10.902565,-65.25367
xtal_21.cif,./Al13Sc3N16/86/xtal_21.cif,-7.5559773,-70.810425
xtal_22.cif,./Al13Sc3N16/86/xtal_22.cif,57.463997,35.746666
xtal_24.cif,./Al13Sc3N16/86/xtal_24.cif,-90.78643,-56.88721
xtal_28.cif,./Al13Sc3N16/86/xtal_28.cif,70.02671,61.064854
xtal_29.cif,./Al13Sc3N16/86/xtal_29.cif,61.526062,32.205986
xtal_3.cif,./Al13Sc3N16/86/xtal_3.cif,80.723045,1.3719625
xtal_30.cif,./Al13Sc3N16/86/xtal_30.cif,0.9619813,-2.3860939
xtal_31.cif,./Al13Sc3N16/86/xtal_31.cif,53.603897,17.648764
xtal_32.cif,./Al13Sc3N16/86/xtal_32.cif,-22.848818,-74.76027
xtal_33.cif,./Al13Sc3N16/86/xtal_33.cif,28.550833,1.1274484
xtal_35.cif,./Al13Sc3N16/86/xtal_35.cif,45.9077,-22.921074
xtal_38.cif,./Al13Sc3N16/86/xtal_38.cif,-30.19167,-70.33766
xtal_4.cif,./Al13Sc3N16/86/xtal_4.cif,63.672935,55.707268
xtal_42.cif,./Al13Sc3N16/86/xtal_42.cif,12.791974,-24.41336
xtal_44.cif,./Al13Sc3N16/86/xtal_44.cif,-19.434826,-68.43178
xtal_47.cif,./Al13Sc3N16/86/xtal_47.cif,12.851644,-24.261292
xtal_48.cif,./Al13Sc3N16/86/xtal_48.cif,75.15383,8.898485
xtal_53.cif,./Al13Sc3N16/86/xtal_53.cif,19.473513,-27.188265
xtal_54.cif,./Al13Sc3N16/86/xtal_54.cif,-8.532871,-58.023094
xtal_56.cif,./Al13Sc3N16/86/xtal_56.cif,-36.924618,-79.360245
xtal_58.cif,./Al13Sc3N16/86/xtal_58.cif,4.463829,-8.094521
xtal_59.cif,./Al13Sc3N16/86/xtal_59.cif,-11.745054,36.95959
xtal_6.cif,./Al13Sc3N16/86/xtal_6.cif,20.801273,-52.306473
xtal_62.cif,./Al13Sc3N16/86/xtal_62.cif,-89.585365,-58.30238
xtal_63.cif,./Al13Sc3N16/86/xtal_63.cif,-78.682526,-72.212265
xtal_64.cif,./Al13Sc3N16/86/xtal_64.cif,-91.09538,-49.314793
xtal_66.cif,./Al13Sc3N16/86/xtal_66.cif,-4.467242,-53.42298
xtal_68.cif,./Al13Sc3N16/86/xtal_68.cif,61.962734,20.751398
xtal_70.cif,./Al13Sc3N16/86/xtal_70.cif,-1.3420202,-45.16946
xtal_72.cif,./Al13Sc3N16/86/xtal_72.cif,71.93813,50.65072
xtal_74.cif,./Al13Sc3N16/86/xtal_74.cif,12.801106,-46.040714
xtal_76.cif,./Al13Sc3N16/86/xtal_76.cif,6.8967566,-35.736954
xtal_77.cif,./Al13Sc3N16/86/xtal_77.cif,23.917908,-26.458961
xtal_79.cif,./Al13Sc3N16/86/xtal_79.cif,-84.751144,-61.135902
xtal_80.cif,./Al13Sc3N16/86/xtal_80.cif,-57.684715,-79.195366
xtal_81.cif,./Al13Sc3N16/86/xtal_81.cif,28.492044,6.6828403
xtal_83.cif,./Al13Sc3N16/86/xtal_83.cif,31.609333,80.302124
xtal_9.cif,./Al13Sc3N16/86/xtal_9.cif,55.086796,79.732254
xtal_92.cif,./Al13Sc3N16/86/xtal_92.cif,26.230904,-24.720453
xtal_96.cif,./Al13Sc3N16/86/xtal_96.cif,58.296158,47.094368
xtal_98.cif,./Al13Sc3N16/86/xtal_98.cif,-90.282394,-55.619396
xtal_99.cif,./Al13Sc3N16/86/xtal_99.cif,38.90582,-8.656167
xtal_100.cif,./Al13Sc3N16/87/xtal_100.cif,42.45314,3.2111368
xtal_11.cif,./Al13Sc3N16/87/xtal_11.cif,32.06196,17.880932
xtal_14.cif,./Al13Sc3N16/87/xtal_14.cif,-15.926728,-33.21648
xtal_15.cif,./Al13Sc3N16/87/xtal_15.cif,48.406864,2.241989
xtal_16.cif,./Al13Sc3N16/87/xtal_16.cif,-77.18892,-69.78581
xtal_17.cif,./Al13Sc3N16/87/xtal_17.cif,-4.7003226,-44.56566
xtal_18.cif,./Al13Sc3N16/87/xtal_18.cif,8.345728,-6.00167
xtal_19.cif,./Al13Sc3N16/87/xtal_19.cif,10.129435,-25.979038
xtal_2.cif,./Al13Sc3N16/87/xtal_2.cif,-7.6011066,-56.56093
xtal_21.cif,./Al13Sc3N16/87/xtal_21.cif,22.545387,8.2540245
xtal_22.cif,./Al13Sc3N16/87/xtal_22.cif,36.812862,-14.921442
xtal_24.cif,./Al13Sc3N16/87/xtal_24.cif,-16.628412,-23.334532
xtal_25.cif,./Al13Sc3N16/87/xtal_25.cif,-23.823847,-45.084576
xtal_26.cif,./Al13Sc3N16/87/xtal_26.cif,-35.102722,-79.84039
xtal_27.cif,./Al13Sc3N16/87/xtal_27.cif,40.192017,68.31418
xtal_28.cif,./Al13Sc3N16/87/xtal_28.cif,-73.05078,9.558784
xtal_3.cif,./Al13Sc3N16/87/xtal_3.cif,-11.819129,0.7167872
xtal_31.cif,./Al13Sc3N16/87/xtal_31.cif,53.605343,79.12509
xtal_37.cif,./Al13Sc3N16/87/xtal_37.cif,71.13733,61.37317
xtal_38.cif,./Al13Sc3N16/87/xtal_38.cif,-40.557907,-67.82552
xtal_39.cif,./Al13Sc3N16/87/xtal_39.cif,-61.299957,-79.97665
xtal_4.cif,./Al13Sc3N16/87/xtal_4.cif,29.299437,2.7972584
xtal_42.cif,./Al13Sc3N16/87/xtal_42.cif,26.135803,-30.856146
xtal_43.cif,./Al13Sc3N16/87/xtal_43.cif,3.8244898,-46.3219
xtal_45.cif,./Al13Sc3N16/87/xtal_45.cif,-2.947156,6.1465
xtal_47.cif,./Al13Sc3N16/87/xtal_47.cif,-91.104385,-46.67018
xtal_48.cif,./Al13Sc3N16/87/xtal_48.cif,62.700783,-8.345365
xtal_52.cif,./Al13Sc3N16/87/xtal_52.cif,14.642798,-24.212843
xtal_54.cif,./Al13Sc3N16/87/xtal_54.cif,50.076572,37.207645
xtal_56.cif,./Al13Sc3N16/87/xtal_56.cif,61.05128,26.631538
xtal_58.cif,./Al13Sc3N16/87/xtal_58.cif,22.608011,-63.063442
xtal_59.cif,./Al13Sc3N16/87/xtal_59.cif,2.173899,-40.29758
xtal_6.cif,./Al13Sc3N16/87/xtal_6.cif,-88.05524,-60.62108
xtal_61.cif,./Al13Sc3N16/87/xtal_61.cif,80.79856,34.168137
xtal_67.cif,./Al13Sc3N16/87/xtal_67.cif,-16.09087,-32.6855
xtal_7.cif,./Al13Sc3N16/87/xtal_7.cif,-2.9184418,-48.920376
xtal_71.cif,./Al13Sc3N16/87/xtal_71.cif,-0.27363154,-45.779472
xtal_72.cif,./Al13Sc3N16/87/xtal_72.cif,-103.57245,-20.067152
xtal_74.cif,./Al13Sc3N16/87/xtal_74.cif,-8.817154,-32.88889
xtal_77.cif,./Al13Sc3N16/87/xtal_77.cif,64.10323,36.78929
xtal_79.cif,./Al13Sc3N16/87/xtal_79.cif,-55.838173,-78.10089
xtal_8.cif,./Al13Sc3N16/87/xtal_8.cif,-104.873856,-22.039505
xtal_84.cif,./Al13Sc3N16/87/xtal_84.cif,-9.194568,-69.946686
xtal_89.cif,./Al13Sc3N16/87/xtal_89.cif,30.624615,-6.8085356
xtal_9.cif,./Al13Sc3N16/87/xtal_9.cif,-11.074781,88.629845
xtal_90.cif,./Al13Sc3N16/87/xtal_90.cif,18.993322,-34.112793
xtal_94.cif,./Al13Sc3N16/87/xtal_94.cif,-62.050014,-77.53092
xtal_95.cif,./Al13Sc3N16/87/xtal_95.cif,-101.18524,-33.095566
xtal_96.cif,./Al13Sc3N16/87/xtal_96.cif,18.735998,28.25009
xtal_99.cif,./Al13Sc3N16/87/xtal_99.cif,14.33108,53.968933
xtal_10.cif,./Al13Sc3N16/89/xtal_10.cif,21.638979,-30.58483
xtal_100.cif,./Al13Sc3N16/89/xtal_100.cif,46.66553,26.888144
xtal_11.cif,./Al13Sc3N16/89/xtal_11.cif,66.06224,33.255886
xtal_13.cif,./Al13Sc3N16/89/xtal_13.cif,18.765781,-27.46102
xtal_14.cif,./Al13Sc3N16/89/xtal_14.cif,-31.236526,-81.838875
xtal_17.cif,./Al13Sc3N16/89/xtal_17.cif,-70.70974,-27.5252
xtal_18.cif,./Al13Sc3N16/89/xtal_18.cif,-28.686531,-80.38857
xtal_19.cif,./Al13Sc3N16/89/xtal_19.cif,76.90668,-24.913652
xtal_20.cif,./Al13Sc3N16/89/xtal_20.cif,9.666093,-34.605526
xtal_21.cif,./Al13Sc3N16/89/xtal_21.cif,-52.937412,-78.33448
xtal_23.cif,./Al13Sc3N16/89/xtal_23.cif,33.651848,6.985898
xtal_24.cif,./Al13Sc3N16/89/xtal_24.cif,1.2097579,-53.39758
xtal_34.cif,./Al13Sc3N16/89/xtal_34.cif,57.84577,-70.8409
xtal_35.cif,./Al13Sc3N16/89/xtal_35.cif,-44.98008,-78.150024
xtal_36.cif,./Al13Sc3N16/89/xtal_36.cif,23.008217,18.460922
xtal_39.cif,./Al13Sc3N16/89/xtal_39.cif,-24.659664,26.959898
xtal_4.cif,./Al13Sc3N16/89/xtal_4.cif,31.569963,-25.451775
xtal_41.cif,./Al13Sc3N16/89/xtal_41.cif,88.28772,41.266605
xtal_42.cif,./Al13Sc3N16/89/xtal_42.cif,69.97436,-23.827433
xtal_49.cif,./Al13Sc3N16/89/xtal_49.cif,17.075983,53.67892
xtal_50.cif,./Al13Sc3N16/89/xtal_50.cif,47.078156,-24.545134
xtal_51.cif,./Al13Sc3N16/89/xtal_51.cif,-22.896,-68.07141
xtal_52.cif,./Al13Sc3N16/89/xtal_52.cif,-53.261,42.193623
xtal_53.cif,./Al13Sc3N16/89/xtal_53.cif,9.529289,-34.08479
xtal_55.cif,./Al13Sc3N16/89/xtal_55.cif,-13.949177,-65.29766
xtal_57.cif,./Al13Sc3N16/89/xtal_57.cif,22.49448,56.74972
xtal_58.cif,./Al13Sc3N16/89/xtal_58.cif,17.205063,-52.071106
xtal_59.cif,./Al13Sc3N16/89/xtal_59.cif,-67.43834,14.039032
xtal_6.cif,./Al13Sc3N16/89/xtal_6.cif,79.88092,-7.889328
xtal_60.cif,./Al13Sc3N16/89/xtal_60.cif,6.835951,67.02069
xtal_67.cif,./Al13Sc3N16/89/xtal_67.cif,-55.930614,-72.78087
xtal_68.cif,./Al13Sc3N16/89/xtal_68.cif,55.793385,26.76798
xtal_71.cif,./Al13Sc3N16/89/xtal_71.cif,62.805416,48.884853
xtal_73.cif,./Al13Sc3N16/89/xtal_73.cif,-23.149792,32.43946
xtal_74.cif,./Al13Sc3N16/89/xtal_74.cif,37.689575,15.244688
xtal_75.cif,./Al13Sc3N16/89/xtal_75.cif,53.363514,59.759037
xtal_76.cif,./Al13Sc3N16/89/xtal_76.cif,-96.592026,-36.45237
xtal_77.cif,./Al13Sc3N16/89/xtal_77.cif,47.970997,-6.257524
xtal_78.cif,./Al13Sc3N16/89/xtal_78.cif,88.540855,41.285965
xtal_81.cif,./Al13Sc3N16/89/xtal_81.cif,-39.189453,44.261665
xtal_82.cif,./Al13Sc3N16/89/xtal_82.cif,61.721054,18.614025
xtal_83.cif,./Al13Sc3N16/89/xtal_83.cif,23.903713,-15.08594
xtal_84.cif,./Al13Sc3N16/89/xtal_84.cif,2.0605829,21.716322
xtal_85.cif,./Al13Sc3N16/89/xtal_85.cif,-53.004566,-1.819235
xtal_87.cif,./Al13Sc3N16/89/xtal_87.cif,-107.444984,-0.6026054
xtal_95.cif,./Al13Sc3N16/89/xtal_95.cif,-87.36089,-63.56603
xtal_96.cif,./Al13Sc3N16/89/xtal_96.cif,-55.807484,-76.87728
xtal_1.cif,./Al13Sc3N16/90/xtal_1.cif,73.08038,59.92752
xtal_10.cif,./Al13Sc3N16/90/xtal_10.cif,-16.60475,-58.16167
xtal_12.cif,./Al13Sc3N16/90/xtal_12.cif,-30.10847,-75.23249
xtal_17.cif,./Al13Sc3N16/90/xtal_17.cif,37.463905,11.220146
xtal_2.cif,./Al13Sc3N16/90/xtal_2.cif,18.464045,59.84876
xtal_20.cif,./Al13Sc3N16/90/xtal_20.cif,68.77832,64.88146
xtal_22.cif,./Al13Sc3N16/90/xtal_22.cif,11.474107,-7.553424
xtal_23.cif,./Al13Sc3N16/90/xtal_23.cif,-21.0845,-69.1688
xtal_24.cif,./Al13Sc3N16/90/xtal_24.cif,33.813828,-4.887216
xtal_25.cif,./Al13Sc3N16/90/xtal_25.cif,43.50407,62.106594
xtal_26.cif,./Al13Sc3N16/90/xtal_26.cif,-10.621073,25.581953
xtal_27.cif,./Al13Sc3N16/90/xtal_27.cif,8.208735,-44.19781
xtal_3.cif,./Al13Sc3N16/90/xtal_3.cif,32.229004,-6.1255217
xtal_30.cif,./Al13Sc3N16/90/xtal_30.cif,52.14897,2.3081071
xtal_32.cif,./Al13Sc3N16/90/xtal_32.cif,-51.427086,-79.76562
xtal_34.cif,./Al13Sc3N16/90/xtal_34.cif,1.678162,-27.855068
xtal_36.cif,./Al13Sc3N16/90/xtal_36.cif,38.588642,11.113715
xtal_37.cif,./Al13Sc3N16/90/xtal_37.cif,14.681561,-39.632088
xtal_38.cif,./Al13Sc3N16/90/xtal_38.cif,47.111458,44.75486
xtal_4.cif,./Al13Sc3N16/90/xtal_4.cif,67.03675,-3.289044
xtal_44.cif,./Al13Sc3N16/90/xtal_44.cif,-25.230402,-70.67887
xtal_49.cif,./Al13Sc3N16/90/xtal_49.cif,16.597755,-25.40418
xtal_53.cif,./Al13Sc3N16/90/xtal_53.cif,-90.23119,-54.646576
xtal_54.cif,./Al13Sc3N16/90/xtal_54.cif,25.473665,76.72064
xtal_56.cif,./Al13Sc3N16/90/xtal_56.cif,18.808617,-25.287264
xtal_59.cif,./Al13Sc3N16/90/xtal_59.cif,23.649855,-29.551943
xtal_61.cif,./Al13Sc3N16/90/xtal_61.cif,5.832121,-37.335117
xtal_63.cif,./Al13Sc3N16/90/xtal_63.cif,57.518925,30.366041
xtal_65.cif,./Al13Sc3N16/90/xtal_65.cif,-106.379684,-23.438723
xtal_67.cif,./Al13Sc3N16/90/xtal_67.cif,-35.026306,-70.917076
xtal_68.cif,./Al13Sc3N16/90/xtal_68.cif,69.72176,63.264545
xtal_7.cif,./Al13Sc3N16/90/xtal_7.cif,51.540768,33.508614
xtal_73.cif,./Al13Sc3N16/90/xtal_73.cif,52.44721,-2.7773128
xtal_74.cif,./Al13Sc3N16/90/xtal_74.cif,10.556462,-0.22898977
xtal_75.cif,./Al13Sc3N16/90/xtal_75.cif,46.39236,22.063297
xtal_76.cif,./Al13Sc3N16/90/xtal_76.cif,9.8314,-28.526344
xtal_79.cif,./Al13Sc3N16/90/xtal_79.cif,58.687016,40.68072
xtal_81.cif,./Al13Sc3N16/90/xtal_81.cif,15.560965,55.261154
xtal_82.cif,./Al13Sc3N16/90/xtal_82.cif,-6.5098796,-55.564785
xtal_83.cif,./Al13Sc3N16/90/xtal_83.cif,-78.476204,-65.84354
xtal_84.cif,./Al13Sc3N16/90/xtal_84.cif,22.758936,-22.014254
xtal_88.cif,./Al13Sc3N16/90/xtal_88.cif,-90.04648,-52.00311
xtal_91.cif,./Al13Sc3N16/90/xtal_91.cif,24.752535,-23.104513
xtal_93.cif,./Al13Sc3N16/90/xtal_93.cif,-26.797455,-64.76799
xtal_94.cif,./Al13Sc3N16/90/xtal_94.cif,-94.44229,-47.12662
xtal_96.cif,./Al13Sc3N16/90/xtal_96.cif,73.3256,40.435154
xtal_98.cif,./Al13Sc3N16/90/xtal_98.cif,-14.933532,27.464808
xtal_99.cif,./Al13Sc3N16/90/xtal_99.cif,-0.8786132,-45.309704
xtal_1.cif,./Al13Sc3N16/93/xtal_1.cif,44.971577,63.743362
xtal_12.cif,./Al13Sc3N16/93/xtal_12.cif,-32.8791,-74.64551
xtal_13.cif,./Al13Sc3N16/93/xtal_13.cif,40.008015,6.530134
xtal_14.cif,./Al13Sc3N16/93/xtal_14.cif,45.534412,35.750828
xtal_15.cif,./Al13Sc3N16/93/xtal_15.cif,-5.9034066,-55.255043
xtal_20.cif,./Al13Sc3N16/93/xtal_20.cif,25.497917,48.501453
xtal_24.cif,./Al13Sc3N16/93/xtal_24.cif,43.386547,-19.388838
xtal_25.cif,./Al13Sc3N16/93/xtal_25.cif,-107.801994,-11.408549
xtal_27.cif,./Al13Sc3N16/93/xtal_27.cif,35.965023,-4.7201447
xtal_28.cif,./Al13Sc3N16/93/xtal_28.cif,-5.726397,-61.744843
xtal_29.cif,./Al13Sc3N16/93/xtal_29.cif,50.17301,49.858727
xtal_3.cif,./Al13Sc3N16/93/xtal_3.cif,-26.330908,-72.45165
xtal_35.cif,./Al13Sc3N16/93/xtal_35.cif,-79.48322,-70.72761
xtal_39.cif,./Al13Sc3N16/93/xtal_39.cif,19.114721,42.08197
xtal_40.cif,./Al13Sc3N16/93/xtal_40.cif,-50.010696,-77.700424
xtal_41.cif,./Al13Sc3N16/93/xtal_41.cif,-99.49412,-38.1151
xtal_47.cif,./Al13Sc3N16/93/xtal_47.cif,-21.498976,-69.715355
xtal_48.cif,./Al13Sc3N16/93/xtal_48.cif,64.79494,38.12062
xtal_5.cif,./Al13Sc3N16/93/xtal_5.cif,53.91268,20.266464
xtal_50.cif,./Al13Sc3N16/93/xtal_50.cif,58.686863,35.090534
xtal_51.cif,./Al13Sc3N16/93/xtal_51.cif,71.3236,41.692604
xtal_54.cif,./Al13Sc3N16/93/xtal_54.cif,23.688824,-26.014639
xtal_55.cif,./Al13Sc3N16/93/xtal_55.cif,-38.269722,-76.53116
xtal_60.cif,./Al13Sc3N16/93/xtal_60.cif,32.70887,-9.853592
xtal_61.cif,./Al13Sc3N16/93/xtal_61.cif,-23.203295,-71.16308
xtal_63.cif,./Al13Sc3N16/93/xtal_63.cif,7.3757257,-0.51831037
xtal_66.cif,./Al13Sc3N16/93/xtal_66.cif,45.646305,0.3436647
xtal_67.cif,./Al13Sc3N16/93/xtal_67.cif,67.87746,35.600758
xtal_69.cif,./Al13Sc3N16/93/xtal_69.cif,54.29833,30.973368
xtal_7.cif,./Al13Sc3N16/93/xtal_7.cif,20.691,-33.431812
xtal_73.cif,./Al13Sc3N16/93/xtal_73.cif,65.1191,48.639122
xtal_77.cif,./Al13Sc3N16/93/xtal_77.cif,49.824604,3.4063594
xtal_80.cif,./Al13Sc3N16/93/xtal_80.cif,68.13423,38.168213
xtal_81.cif,./Al13Sc3N16/93/xtal_81.cif,-16.137861,25.698866
xtal_82.cif,./Al13Sc3N16/93/xtal_82.cif,7.2766933,-48.20366
xtal_83.cif,./Al13Sc3N16/93/xtal_83.cif,33.933804,20.963652
xtal_84.cif,./Al13Sc3N16/93/xtal_84.cif,13.30531,41.01437
xtal_85.cif,./Al13Sc3N16/93/xtal_85.cif,71.96975,-25.380653
xtal_88.cif,./Al13Sc3N16/93/xtal_88.cif,70.6515,59.286648
xtal_89.cif,./Al13Sc3N16/93/xtal_89.cif,-32.136707,-75.48867
xtal_9.cif,./Al13Sc3N16/93/xtal_9.cif,46.014217,9.483234
xtal_90.cif,./Al13Sc3N16/93/xtal_90.cif,3.214618,-42.568565
xtal_92.cif,./Al13Sc3N16/93/xtal_92.cif,73.07714,40.82787
xtal_96.cif,./Al13Sc3N16/93/xtal_96.cif,-21.22532,-74.06688
xtal_97.cif,./Al13Sc3N16/93/xtal_97.cif,21.711699,-27.746504
xtal_98.cif,./Al13Sc3N16/93/xtal_98.cif,35.03097,-10.270703
xtal_99.cif,./Al13Sc3N16/93/xtal_99.cif,13.914438,-13.0149555
xtal_1.cif,./Al13Sc3N16/94/xtal_1.cif,68.48101,45.754227
xtal_100.cif,./Al13Sc3N16/94/xtal_100.cif,-21.93079,-64.377914
xtal_11.cif,./Al13Sc3N16/94/xtal_11.cif,36.810863,46.193035
xtal_12.cif,./Al13Sc3N16/94/xtal_12.cif,23.064734,-18.19759
xtal_13.cif,./Al13Sc3N16/94/xtal_13.cif,-76.07221,-64.59611
xtal_15.cif,./Al13Sc3N16/94/xtal_15.cif,49.904568,17.092493
xtal_17.cif,./Al13Sc3N16/94/xtal_17.cif,-12.439032,-70.74273
xtal_19.cif,./Al13Sc3N16/94/xtal_19.cif,-10.30509,-62.32188
xtal_2.cif,./Al13Sc3N16/94/xtal_2.cif,67.64268,49.914448
xtal_20.cif,./Al13Sc3N16/94/xtal_20.cif,-102.83093,-26.641012
xtal_22.cif,./Al13Sc3N16/94/xtal_22.cif,42.661404,4.918262
xtal_23.cif,./Al13Sc3N16/94/xtal_23.cif,15.217997,-35.868176
xtal_24.cif,./Al13Sc3N16/94/xtal_24.cif,10.024866,-33.665943
xtal_25.cif,./Al13Sc3N16/94/xtal_25.cif,24.990988,-20.188383
xtal_26.cif,./Al13Sc3N16/94/xtal_26.cif,39.33272,-4.5106273
xtal_27.cif,./Al13Sc3N16/94/xtal_27.cif,66.53729,47.87117
xtal_28.cif,./Al13Sc3N16/94/xtal_28.cif,58.885616,31.787004
xtal_29.cif,./Al13Sc3N16/94/xtal_29.cif,23.76815,19.666311
xtal_31.cif,./Al13Sc3N16/94/xtal_31.cif,58.39782,32.218327
xtal_32.cif,./Al13Sc3N16/94/xtal_32.cif,21.891275,-22.223673
xtal_33.cif,./Al13Sc3N16/94/xtal_33.cif,45.731445,0.52579266
xtal_34.cif,./Al13Sc3N16/94/xtal_34.cif,69.3718,61.694023
xtal_36.cif,./Al13Sc3N16/94/xtal_36.cif,23.21766,48.118412
xtal_4.cif,./Al13Sc3N16/94/xtal_4.cif,23.376556,-26.116335
xtal_42.cif,./Al13Sc3N16/94/xtal_42.cif,-79.001396,-71.53057
xtal_43.cif,./Al13Sc3N16/94/xtal_43.cif,0.6670268,-45.66379
xtal_44.cif,./Al13Sc3N16/94/xtal_44.cif,33.161224,-8.256453
xtal_46.cif,./Al13Sc3N16/94/xtal_46.cif,-9.963946,-64.71412
xtal_47.cif,./Al13Sc3N16/94/xtal_47.cif,40.59299,-21.479881
xtal_5.cif,./Al13Sc3N16/94/xtal_5.cif,62.465252,-2.6925452
xtal_55.cif,./Al13Sc3N16/94/xtal_55.cif,-80.669556,-71.00628
xtal_56.cif,./Al13Sc3N16/94/xtal_56.cif,18.463345,58.228783
xtal_57.cif,./Al13Sc3N16/94/xtal_57.cif,18.877115,-34.645866
xtal_59.cif,./Al13Sc3N16/94/xtal_59.cif,59.18032,34.67494
xtal_6.cif,./Al13Sc3N16/94/xtal_6.cif,-13.638374,-64.31233
xtal_60.cif,./Al13Sc3N16/94/xtal_60.cif,1.024797,-45.458145
xtal_62.cif,./Al13Sc3N16/94/xtal_62.cif,-14.890913,22.032187
xtal_66.cif,./Al13Sc3N16/94/xtal_66.cif,-24.023954,6.902357
xtal_67.cif,./Al13Sc3N16/94/xtal_67.cif,-14.236181,-64.382324
xtal_7.cif,./Al13Sc3N16/94/xtal_7.cif,-35.52577,-68.552124
xtal_71.cif,./Al13Sc3N16/94/xtal_71.cif,43.37961,-22.248888
xtal_73.cif,./Al13Sc3N16/94/xtal_73.cif,43.827824,12.238706
xtal_75.cif,./Al13Sc3N16/94/xtal_75.cif,-64.34594,-79.67437
xtal_77.cif,./Al13Sc3N16/94/xtal_77.cif,44.111294,18.658148
xtal_8.cif,./Al13Sc3N16/94/xtal_8.cif,22.953983,30.405352
xtal_86.cif,./Al13Sc3N16/94/xtal_86.cif,31.521698,24.833395
xtal_88.cif,./Al13Sc3N16/94/xtal_88.cif,-22.504734,-75.7798
xtal_89.cif,./Al13Sc3N16/94/xtal_89.cif,35.14871,-4.7658176
xtal_93.cif,./Al13Sc3N16/94/xtal_93.cif,-25.045774,-69.74762
xtal_98.cif,./Al13Sc3N16/94/xtal_98.cif,-63.685802,-80.2283
xtal_1.cif,./Al13Sc3N16/97/xtal_1.cif,53.422165,79.81702
xtal_10.cif,./Al13Sc3N16/97/xtal_10.cif,17.408127,-32.403286
xtal_100.cif,./Al13Sc3N16/97/xtal_100.cif,54.50118,70.8518
xtal_12.cif,./Al13Sc3N16/97/xtal_12.cif,-5.827454,27.551687
xtal_13.cif,./Al13Sc3N16/97/xtal_13.cif,12.575017,49.698566
xtal_15.cif,./Al13Sc3N16/97/xtal_15.cif,33.41191,20.82723
xtal_17.cif,./Al13Sc3N16/97/xtal_17.cif,-106.902466,-9.07819
xtal_18.cif,./Al13Sc3N16/97/xtal_18.cif,12.744922,-44.960014
xtal_2.cif,./Al13Sc3N16/97/xtal_2.cif,48.38108,8.223518
xtal_20.cif,./Al13Sc3N16/97/xtal_20.cif,47.900043,4.62202
xtal_22.cif,./Al13Sc3N16/97/xtal_22.cif,51.168724,-60.211548
xtal_23.cif,./Al13Sc3N16/97/xtal_23.cif,28.601536,-33.53199
xtal_26.cif,./Al13Sc3N16/97/xtal_26.cif,-58.78683,-79.16346
xtal_27.cif,./Al13Sc3N16/97/xtal_27.cif,-14.20377,29.183517
xtal_28.cif,./Al13Sc3N16/97/xtal_28.cif,-47.153545,-77.74895
xtal_29.cif,./Al13Sc3N16/97/xtal_29.cif,-95.27314,-51.4507
xtal_3.cif,./Al13Sc3N16/97/xtal_3.cif,3.26686,47.01559
xtal_31.cif,./Al13Sc3N16/97/xtal_31.cif,76.46944,-30.591646
xtal_32.cif,./Al13Sc3N16/97/xtal_32.cif,15.730595,-17.327553
xtal_33.cif,./Al13Sc3N16/97/xtal_33.cif,17.800833,-26.812222
xtal_36.cif,./Al13Sc3N16/97/xtal_36.cif,26.374067,-25.158237
xtal_37.cif,./Al13Sc3N16/97/xtal_37.cif,34.905712,-6.386608
xtal_41.cif,./Al13Sc3N16/97/xtal_41.cif,39.84238,-0.90084314
xtal_42.cif,./Al13Sc3N16/97/xtal_42.cif,64.74313,53.6849
xtal_44.cif,./Al13Sc3N16/97/xtal_44.cif,-3.4497843,-2.854628
xtal_50.cif,./Al13Sc3N16/97/xtal_50.cif,-45.665245,-24.571112
xtal_52.cif,./Al13Sc3N16/97/xtal_52.cif,33.288387,21.972754
xtal_53.cif,./Al13Sc3N16/97/xtal_53.cif,-35.76262,-80.36555
xtal_54.cif,./Al13Sc3N16/97/xtal_54.cif,11.496513,62.205654
xtal_55.cif,./Al13Sc3N16/97/xtal_55.cif,-4.009328,-52.878872
xtal_56.cif,./Al13Sc3N16/97/xtal_56.cif,-28.658215,-64.65408
xtal_57.cif,./Al13Sc3N16/97/xtal_57.cif,37.28749,-11.570616
xtal_59.cif,./Al13Sc3N16/97/xtal_59.cif,46.588474,-1.0161252
xtal_62.cif,./Al13Sc3N16/97/xtal_62.cif,72.99457,39.30973
xtal_63.cif,./Al13Sc3N16/97/xtal_63.cif,-90.31005,-51.12255
xtal_66.cif,./Al13Sc3N16/97/xtal_66.cif,-17.586363,-61.05015
xtal_68.cif,./Al13Sc3N16/97/xtal_68.cif,72.22042,61.226
xtal_70.cif,./Al13Sc3N16/97/xtal_70.cif,69.786736,35.7666
xtal_72.cif,./Al13Sc3N16/97/xtal_72.cif,-56.700832,-79.777145
xtal_73.cif,./Al13Sc3N16/97/xtal_73.cif,70.05774,51.19019
xtal_74.cif,./Al13Sc3N16/97/xtal_74.cif,-76.78137,-70.248955
xtal_81.cif,./Al13Sc3N16/97/xtal_81.cif,-85.81221,-55.971653
xtal_82.cif,./Al13Sc3N16/97/xtal_82.cif,-18.620691,-31.340164
xtal_88.cif,./Al13Sc3N16/97/xtal_88.cif,-14.481227,-61.958538
xtal_9.cif,./Al13Sc3N16/97/xtal_9.cif,50.09968,-2.8304303
xtal_91.cif,./Al13Sc3N16/97/xtal_91.cif,-46.610485,-73.61447
xtal_95.cif,./Al13Sc3N16/97/xtal_95.cif,50.203827,-11.223983
xtal_98.cif,./Al13Sc3N16/97/xtal_98.cif,65.28923,39.578487
xtal_11.cif,./Al13Sc3N16/99/xtal_11.cif,77.2596,19.145145
xtal_13.cif,./Al13Sc3N16/99/xtal_13.cif,48.58975,49.22636
xtal_14.cif,./Al13Sc3N16/99/xtal_14.cif,34.380867,-27.127785
xtal_16.cif,./Al13Sc3N16/99/xtal_16.cif,35.71051,2.3864176
xtal_17.cif,./Al13Sc3N16/99/xtal_17.cif,-77.13897,-71.767075
xtal_20.cif,./Al13Sc3N16/99/xtal_20.cif,-64.5491,-77.441246
xtal_21.cif,./Al13Sc3N16/99/xtal_21.cif,9.755998,-68.71877
xtal_23.cif,./Al13Sc3N16/99/xtal_23.cif,89.36203,-0.94231504
xtal_25.cif,./Al13Sc3N16/99/xtal_25.cif,95.44605,-18.214304
xtal_26.cif,./Al13Sc3N16/99/xtal_26.cif,60.741653,-35.759605
xtal_29.cif,./Al13Sc3N16/99/xtal_29.cif,-58.04097,-71.93563
xtal_30.cif,./Al13Sc3N16/99/xtal_30.cif,70.62403,-1.3097289
xtal_32.cif,./Al13Sc3N16/99/xtal_32.cif,47.82812,-29.333231
xtal_34.cif,./Al13Sc3N16/99/xtal_34.cif,-62.206177,-78.451866
xtal_35.cif,./Al13Sc3N16/99/xtal_35.cif,80.70515,5.3170285
xtal_39.cif,./Al13Sc3N16/99/xtal_39.cif,78.25077,35.89731
xtal_40.cif,./Al13Sc3N16/99/xtal_40.cif,78.57943,-32.084763
xtal_43.cif,./Al13Sc3N16/99/xtal_43.cif,99.21914,-14.921464
xtal_44.cif,./Al13Sc3N16/99/xtal_44.cif,77.71772,-26.167467
xtal_46.cif,./Al13Sc3N16/99/xtal_46.cif,33.329998,-18.845364
xtal_47.cif,./Al13Sc3N16/99/xtal_47.cif,49.71691,-38.310715
xtal_48.cif,./Al13Sc3N16/99/xtal_48.cif,59.97934,22.588049
xtal_50.cif,./Al13Sc3N16/99/xtal_50.cif,31.997278,-27.69172
xtal_51.cif,./Al13Sc3N16/99/xtal_51.cif,-19.158073,-75.20056
xtal_52.cif,./Al13Sc3N16/99/xtal_52.cif,11.402342,-70.34486
xtal_53.cif,./Al13Sc3N16/99/xtal_53.cif,5.755099,-42.563457
xtal_54.cif,./Al13Sc3N16/99/xtal_54.cif,-63.70831,-75.81078
xtal_55.cif,./Al13Sc3N16/99/xtal_55.cif,59.174828,5.621347
xtal_56.cif,./Al13Sc3N16/99/xtal_56.cif,48.75448,0.4792957
xtal_6.cif,./Al13Sc3N16/99/xtal_6.cif,44.95617,-35.082165
xtal_60.cif,./Al13Sc3N16/99/xtal_60.cif,-32.01982,-61.591064
xtal_62.cif,./Al13Sc3N16/99/xtal_62.cif,90.64838,-38.305077
xtal_66.cif,./Al13Sc3N16/99/xtal_66.cif,68.83877,-22.470495
xtal_71.cif,./Al13Sc3N16/99/xtal_71.cif,5.4928584,-62.87626
xtal_73.cif,./Al13Sc3N16/99/xtal_73.cif,76.19033,-40.07769
xtal_77.cif,./Al13Sc3N16/99/xtal_77.cif,39.253338,64.926025
xtal_78.cif,./Al13Sc3N16/99/xtal_78.cif,7.6339726,42.605865
xtal_82.cif,./Al13Sc3N16/99/xtal_82.cif,-51.17857,-78.13536
xtal_83.cif,./Al13Sc3N16/99/xtal_83.cif,78.55919,-41.72335
xtal_84.cif,./Al13Sc3N16/99/xtal_84.cif,33.39963,-29.857777
xtal_9.cif,./Al13Sc3N16/99/xtal_9.cif,21.229046,-47.430378
xtal_91.cif,./Al13Sc3N16/99/xtal_91.cif,-16.525002,-67.23234
xtal_94.cif,./Al13Sc3N16/99/xtal_94.cif,80.36385,46.016113
xtal_95.cif,./Al13Sc3N16/99/xtal_95.cif,-108.28659,-9.922641
xtal_96.cif,./Al13Sc3N16/99/xtal_96.cif,92.395035,-2.8070133
xtal_97.cif,./Al13Sc3N16/99/xtal_97.cif,31.47447,74.80291
xtal_99.cif,./Al13Sc3N16/99/xtal_99.cif,64.78871,44.776016
xtal_10.cif,./Al13Sc3N16/100/xtal_10.cif,28.679996,-27.376686
xtal_100.cif,./Al13Sc3N16/100/xtal_100.cif,93.62233,-20.098526
xtal_12.cif,./Al13Sc3N16/100/xtal_12.cif,-39.677563,-77.046486
xtal_24.cif,./Al13Sc3N16/100/xtal_24.cif,5.1047964,-42.62664
xtal_29.cif,./Al13Sc3N16/100/xtal_29.cif,-28.122885,-78.218
xtal_3.cif,./Al13Sc3N16/100/xtal_3.cif,68.75174,-19.543268
xtal_31.cif,./Al13Sc3N16/100/xtal_31.cif,-91.470116,-54.254005
xtal_33.cif,./Al13Sc3N16/100/xtal_33.cif,72.19459,-45.209816
xtal_36.cif,./Al13Sc3N16/100/xtal_36.cif,16.05662,-68.81624
xtal_37.cif,./Al13Sc3N16/100/xtal_37.cif,-4.9547462,-62.988167
xtal_38.cif,./Al13Sc3N16/100/xtal_38.cif,-12.176709,-74.5319
xtal_39.cif,./Al13Sc3N16/100/xtal_39.cif,65.23982,-9.952339
xtal_4.cif,./Al13Sc3N16/100/xtal_4.cif,71.01038,58.432
xtal_42.cif,./Al13Sc3N16/100/xtal_42.cif,66.54644,13.5523815
xtal_43.cif,./Al13Sc3N16/100/xtal_43.cif,38.178127,-4.014853
xtal_44.cif,./Al13Sc3N16/100/xtal_44.cif,-18.36309,21.511753
xtal_47.cif,./Al13Sc3N16/100/xtal_47.cif,94.26574,4.940535
xtal_5.cif,./Al13Sc3N16/100/xtal_5.cif,73.658516,-29.074793
xtal_50.cif,./Al13Sc3N16/100/xtal_50.cif,-108.06809,-13.736614
xtal_52.cif,./Al13Sc3N16/100/xtal_52.cif,6.8678765,-66.45963
xtal_53.cif,./Al13Sc3N16/100/xtal_53.cif,3.1481116,-59.0499
xtal_55.cif,./Al13Sc3N16/100/xtal_55.cif,-35.482056,-73.05629
xtal_56.cif,./Al13Sc3N16/100/xtal_56.cif,-105.280876,-11.281447
xtal_57.cif,./Al13Sc3N16/100/xtal_57.cif,54.613293,11.697354
xtal_58.cif,./Al13Sc3N16/100/xtal_58.cif,23.45561,-15.094512
xtal_6.cif,./Al13Sc3N16/100/xtal_6.cif,4.079279,43.20074
xtal_61.cif,./Al13Sc3N16/100/xtal_61.cif,48.41161,-31.136288
xtal_63.cif,./Al13Sc3N16/100/xtal_63.cif,86.55399,-3.0844905
xtal_64.cif,./Al13Sc3N16/100/xtal_64.cif,51.957954,-72.47212
xtal_66.cif,./Al13Sc3N16/100/xtal_66.cif,78.74355,-51.949417
xtal_68.cif,./Al13Sc3N16/100/xtal_68.cif,76.80179,52.8942
xtal_71.cif,./Al13Sc3N16/100/xtal_71.cif,-64.9296,-69.80774
xtal_72.cif,./Al13Sc3N16/100/xtal_72.cif,-101.06821,-31.70463
xtal_77.cif,./Al13Sc3N16/100/xtal_77.cif,81.72331,-0.91049635
xtal_79.cif,./Al13Sc3N16/100/xtal_79.cif,62.32153,22.268755
xtal_81.cif,./Al13Sc3N16/100/xtal_81.cif,20.750317,-47.722992
xtal_86.cif,./Al13Sc3N16/100/xtal_86.cif,35.74955,-8.550523
xtal_87.cif,./Al13Sc3N16/100/xtal_87.cif,19.98422,-24.723425
xtal_88.cif,./Al13Sc3N16/100/xtal_88.cif,-88.67881,-62.638645
xtal_9.cif,./Al13Sc3N16/100/xtal_9.cif,68.56866,-22.065773
xtal_91.cif,./Al13Sc3N16/100/xtal_91.cif,95.95185,-14.909413
xtal_92.cif,./Al13Sc3N16/100/xtal_92.cif,81.55501,43.40622
xtal_95.cif,./Al13Sc3N16/100/xtal_95.cif,35.86995,-46.6237
xtal_96.cif,./Al13Sc3N16/100/xtal_96.cif,86.66121,-32.10493
xtal_97.cif,./Al13Sc3N16/100/xtal_97.cif,-62.32455,-71.30505
xtal_99.cif,./Al13Sc3N16/100/xtal_99.cif,-20.155268,-62.790634
xtal_1.cif,./Al13Sc3N16/101/xtal_1.cif,64.04553,29.83133
xtal_10.cif,./Al13Sc3N16/101/xtal_10.cif,-106.05746,-16.914078
xtal_11.cif,./Al13Sc3N16/101/xtal_11.cif,-57.79042,-70.293816
xtal_12.cif,./Al13Sc3N16/101/xtal_12.cif,11.198271,-45.06977
xtal_14.cif,./Al13Sc3N16/101/xtal_14.cif,53.364597,19.584742
xtal_16.cif,./Al13Sc3N16/101/xtal_16.cif,21.63944,72.91965
xtal_22.cif,./Al13Sc3N16/101/xtal_22.cif,-33.897144,-74.23659
xtal_23.cif,./Al13Sc3N16/101/xtal_23.cif,30.247341,69.66898
xtal_26.cif,./Al13Sc3N16/101/xtal_26.cif,-49.503555,-79.746185
xtal_29.cif,./Al13Sc3N16/101/xtal_29.cif,18.999859,30.425367
xtal_30.cif,./Al13Sc3N16/101/xtal_30.cif,76.108025,36.97552
xtal_31.cif,./Al13Sc3N16/101/xtal_31.cif,15.778265,-35.282833
xtal_32.cif,./Al13Sc3N16/101/xtal_32.cif,-84.389084,-63.003487
xtal_33.cif,./Al13Sc3N16/101/xtal_33.cif,-32.176807,-39.214233
xtal_34.cif,./Al13Sc3N16/101/xtal_34.cif,66.537796,-2.7898474
xtal_36.cif,./Al13Sc3N16/101/xtal_36.cif,-100.91269,-36.345734
xtal_37.cif,./Al13Sc3N16/101/xtal_37.cif,48.48618,22.701
xtal_38.cif,./Al13Sc3N16/101/xtal_38.cif,89.60925,-35.851223
xtal_4.cif,./Al13Sc3N16/101/xtal_4.cif,2.235792,-50.602474
xtal_42.cif,./Al13Sc3N16/101/xtal_42.cif,52.336704,-18.555134
xtal_47.cif,./Al13Sc3N16/101/xtal_47.cif,71.86715,65.54002
xtal_5.cif,./Al13Sc3N16/101/xtal_5.cif,48.132435,19.214043
xtal_50.cif,./Al13Sc3N16/101/xtal_50.cif,-98.415215,-36.085583
xtal_51.cif,./Al13Sc3N16/101/xtal_51.cif,42.850826,19.973743
xtal_52.cif,./Al13Sc3N16/101/xtal_52.cif,75.35094,12.793848
xtal_53.cif,./Al13Sc3N16/101/xtal_53.cif,16.914648,-52.233547
xtal_56.cif,./Al13Sc3N16/101/xtal_56.cif,63.45352,17.1829
xtal_57.cif,./Al13Sc3N16/101/xtal_57.cif,15.390771,-51.38029
xtal_58.cif,./Al13Sc3N16/101/xtal_58.cif,30.02804,-27.681349
xtal_6.cif,./Al13Sc3N16/101/xtal_6.cif,-9.909319,89.19172
xtal_60.cif,./Al13Sc3N16/101/xtal_60.cif,29.80564,-4.9359627
xtal_61.cif,./Al13Sc3N16/101/xtal_61.cif,21.373222,55.77576
xtal_63.cif,./Al13Sc3N16/101/xtal_63.cif,-90.946495,-54.562473
xtal_65.cif,./Al13Sc3N16/101/xtal_65.cif,55.474304,-0.19395697
xtal_68.cif,./Al13Sc3N16/101/xtal_68.cif,64.20318,45.450825
xtal_72.cif,./Al13Sc3N16/101/xtal_72.cif,32.33936,-17.973028
xtal_74.cif,./Al13Sc3N16/101/xtal_74.cif,70.45456,-9.17392
xtal_75.cif,./Al13Sc3N16/101/xtal_75.cif,54.095627,-70.10235
xtal_77.cif,./Al13Sc3N16/101/xtal_77.cif,90.0095,3.267897
xtal_80.cif,./Al13Sc3N16/101/xtal_80.cif,54.00633,-8.617583
xtal_81.cif,./Al13Sc3N16/101/xtal_81.cif,-15.559989,-28.10946
xtal_84.cif,./Al13Sc3N16/101/xtal_84.cif,1.0972966,-46.714184
xtal_86.cif,./Al13Sc3N16/101/xtal_86.cif,-107.279884,0.031223366
xtal_89.cif,./Al13Sc3N16/101/xtal_89.cif,-35.98671,-73.35976
xtal_94.cif,./Al13Sc3N16/101/xtal_94.cif,-29.999062,-74.61409
xtal_95.cif,./Al13Sc3N16/101/xtal_95.cif,-85.6836,-61.154743
xtal_96.cif,./Al13Sc3N16/101/xtal_96.cif,23.92338,2.0192955
xtal_98.cif,./Al13Sc3N16/101/xtal_98.cif,15.148181,-44.500874
xtal_99.cif,./Al13Sc3N16/101/xtal_99.cif,14.605024,-47.123608
xtal_1.cif,./Al13Sc3N16/102/xtal_1.cif,84.979225,-0.2389389
xtal_10.cif,./Al13Sc3N16/102/xtal_10.cif,75.83871,42.72699
xtal_11.cif,./Al13Sc3N16/102/xtal_11.cif,11.064898,-25.53432
xtal_14.cif,./Al13Sc3N16/102/xtal_14.cif,65.11672,-4.2670126
xtal_16.cif,./Al13Sc3N16/102/xtal_16.cif,-50.499134,-81.09975
xtal_20.cif,./Al13Sc3N16/102/xtal_20.cif,-35.094124,-31.801353
xtal_23.cif,./Al13Sc3N16/102/xtal_23.cif,47.738388,-4.1096635
xtal_26.cif,./Al13Sc3N16/102/xtal_26.cif,82.474686,35.99845
xtal_27.cif,./Al13Sc3N16/102/xtal_27.cif,89.702034,-53.78727
xtal_29.cif,./Al13Sc3N16/102/xtal_29.cif,84.34172,43.112377
xtal_3.cif,./Al13Sc3N16/102/xtal_3.cif,16.266665,-26.24076
xtal_30.cif,./Al13Sc3N16/102/xtal_30.cif,39.098423,66.59417
xtal_33.cif,./Al13Sc3N16/102/xtal_33.cif,59.91982,41.808598
xtal_34.cif,./Al13Sc3N16/102/xtal_34.cif,-36.999527,-78.90132
xtal_35.cif,./Al13Sc3N16/102/xtal_35.cif,-4.461552,-59.516018
xtal_36.cif,./Al13Sc3N16/102/xtal_36.cif,20.493462,-51.249332
xtal_37.cif,./Al13Sc3N16/102/xtal_37.cif,-88.66494,-61.604717
xtal_39.cif,./Al13Sc3N16/102/xtal_39.cif,-50.525032,-78.24324
xtal_40.cif,./Al13Sc3N16/102/xtal_40.cif,24.472696,-19.314089
xtal_41.cif,./Al13Sc3N16/102/xtal_41.cif,1.2962,-57.6444
xtal_42.cif,./Al13Sc3N16/102/xtal_42.cif,57.447556,-22.790888
xtal_44.cif,./Al13Sc3N16/102/xtal_44.cif,41.545494,-20.421694
xtal_45.cif,./Al13Sc3N16/102/xtal_45.cif,-49.361095,-76.70102
xtal_46.cif,./Al13Sc3N16/102/xtal_46.cif,-11.613637,-75.58356
xtal_48.cif,./Al13Sc3N16/102/xtal_48.cif,85.95414,12.679645
xtal_49.cif,./Al13Sc3N16/102/xtal_49.cif,48.916042,-30.22062
xtal_50.cif,./Al13Sc3N16/102/xtal_50.cif,82.129196,41.892803
xtal_55.cif,./Al13Sc3N16/102/xtal_55.cif,19.918447,13.06383
xtal_58.cif,./Al13Sc3N16/102/xtal_58.cif,-0.8944931,-66.592026
xtal_60.cif,./Al13Sc3N16/102/xtal_60.cif,68.81796,-2.8313005
xtal_61.cif,./Al13Sc3N16/102/xtal_61.cif,34.95444,61.036007
xtal_62.cif,./Al13Sc3N16/102/xtal_62.cif,-65.68769,-68.867355
xtal_63.cif,./Al13Sc3N16/102/xtal_63.cif,62.01079,9.2334795
xtal_64.cif,./Al13Sc3N16/102/xtal_64.cif,73.53613,-39.790504
xtal_68.cif,./Al13Sc3N16/102/xtal_68.cif,-107.52489,-1.7609667
xtal_69.cif,./Al13Sc3N16/102/xtal_69.cif,44.054577,-10.740356
xtal_70.cif,./Al13Sc3N16/102/xtal_70.cif,-11.010722,-57.66977
xtal_78.cif,./Al13Sc3N16/102/xtal_78.cif,-12.158235,-63.39258
xtal_79.cif,./Al13Sc3N16/102/xtal_79.cif,50.600346,65.108185
xtal_80.cif,./Al13Sc3N16/102/xtal_80.cif,6.7262325,-51.340385
xtal_83.cif,./Al13Sc3N16/102/xtal_83.cif,46.224014,-31.440796
xtal_86.cif,./Al13Sc3N16/102/xtal_86.cif,62.539555,17.0667
xtal_9.cif,./Al13Sc3N16/102/xtal_9.cif,45.20907,-7.7235146
xtal_91.cif,./Al13Sc3N16/102/xtal_91.cif,63.188396,-7.865861
xtal_92.cif,./Al13Sc3N16/102/xtal_92.cif,7.4423876,-48.821396
xtal_94.cif,./Al13Sc3N16/102/xtal_94.cif,-75.6518,-71.97445
xtal_95.cif,./Al13Sc3N16/102/xtal_95.cif,63.62254,21.77925
xtal_96.cif,./Al13Sc3N16/102/xtal_96.cif,34.67223,-10.392201
xtal_98.cif,./Al13Sc3N16/102/xtal_98.cif,14.833645,53.72199
xtal_10.cif,./Al13Sc3N16/103/xtal_10.cif,-97.74864,-42.35672
xtal_11.cif,./Al13Sc3N16/103/xtal_11.cif,39.51773,8.943594
xtal_12.cif,./Al13Sc3N16/103/xtal_12.cif,-89.94427,-53.667637
xtal_13.cif,./Al13Sc3N16/103/xtal_13.cif,-38.683617,-78.18857
xtal_15.cif,./Al13Sc3N16/103/xtal_15.cif,-37.428772,-78.38563
xtal_16.cif,./Al13Sc3N16/103/xtal_16.cif,31.196999,-20.234556
xtal_17.cif,./Al13Sc3N16/103/xtal_17.cif,85.08013,-58.909847
xtal_18.cif,./Al13Sc3N16/103/xtal_18.cif,-2.5505478,-78.239365
xtal_19.cif,./Al13Sc3N16/103/xtal_19.cif,79.21061,-22.917816
xtal_21.cif,./Al13Sc3N16/103/xtal_21.cif,69.03074,59.004433
xtal_22.cif,./Al13Sc3N16/103/xtal_22.cif,27.015713,-28.439026
xtal_25.cif,./Al13Sc3N16/103/xtal_25.cif,18.047104,-7.9750533
xtal_30.cif,./Al13Sc3N16/103/xtal_30.cif,25.910793,74.173744
xtal_31.cif,./Al13Sc3N16/103/xtal_31.cif,72.534004,-43.138382
xtal_34.cif,./Al13Sc3N16/103/xtal_34.cif,69.718895,-66.09726
xtal_40.cif,./Al13Sc3N16/103/xtal_40.cif,-106.422646,-2.329203
xtal_42.cif,./Al13Sc3N16/103/xtal_42.cif,-54.79875,-76.567085
xtal_44.cif,./Al13Sc3N16/103/xtal_44.cif,-89.2098,-61.35736
xtal_46.cif,./Al13Sc3N16/103/xtal_46.cif,-74.98331,15.705491
xtal_47.cif,./Al13Sc3N16/103/xtal_47.cif,-88.941635,-58.116123
xtal_50.cif,./Al13Sc3N16/103/xtal_50.cif,20.809175,14.994842
xtal_51.cif,./Al13Sc3N16/103/xtal_51.cif,-5.9743257,-46.54424
xtal_55.cif,./Al13Sc3N16/103/xtal_55.cif,-6.1411104,-65.86857
xtal_56.cif,./Al13Sc3N16/103/xtal_56.cif,71.24397,40.493546
xtal_57.cif,./Al13Sc3N16/103/xtal_57.cif,-30.405874,-75.0195
xtal_61.cif,./Al13Sc3N16/103/xtal_61.cif,-101.08765,-33.476288
xtal_62.cif,./Al13Sc3N16/103/xtal_62.cif,40.32712,-21.48458
xtal_64.cif,./Al13Sc3N16/103/xtal_64.cif,33.385128,77.65748
xtal_65.cif,./Al13Sc3N16/103/xtal_65.cif,-90.257256,-62.395374
xtal_66.cif,./Al13Sc3N16/103/xtal_66.cif,-16.105364,-71.27642
xtal_67.cif,./Al13Sc3N16/103/xtal_67.cif,50.767548,-2.7402546
xtal_69.cif,./Al13Sc3N16/103/xtal_69.cif,-43.54225,-72.59288
xtal_7.cif,./Al13Sc3N16/103/xtal_7.cif,46.6513,-2.7752905
xtal_73.cif,./Al13Sc3N16/103/xtal_73.cif,77.809,-40.543297
xtal_75.cif,./Al13Sc3N16/103/xtal_75.cif,-5.4596014,-75.85175
xtal_78.cif,./Al13Sc3N16/103/xtal_78.cif,63.02524,31.450762
xtal_8.cif,./Al13Sc3N16/103/xtal_8.cif,16.24374,-26.35766
xtal_81.cif,./Al13Sc3N16/103/xtal_81.cif,34.402596,-18.636473
xtal_84.cif,./Al13Sc3N16/103/xtal_84.cif,-25.256985,-70.67365
xtal_85.cif,./Al13Sc3N16/103/xtal_85.cif,70.09176,-4.6683846
xtal_86.cif,./Al13Sc3N16/103/xtal_86.cif,88.48312,0.86313474
xtal_88.cif,./Al13Sc3N16/103/xtal_88.cif,-10.853933,-67.57137
xtal_90.cif,./Al13Sc3N16/103/xtal_90.cif,-1.362204,-39.769688
xtal_91.cif,./Al13Sc3N16/103/xtal_91.cif,40.966892,-22.086687
xtal_92.cif,./Al13Sc3N16/103/xtal_92.cif,95.175125,-7.532248
xtal_93.cif,./Al13Sc3N16/103/xtal_93.cif,57.225544,16.30022
xtal_94.cif,./Al13Sc3N16/103/xtal_94.cif,28.237425,-27.802937
xtal_95.cif,./Al13Sc3N16/103/xtal_95.cif,43.664173,-6.9756193
xtal_96.cif,./Al13Sc3N16/103/xtal_96.cif,31.16547,-25.074757
xtal_97.cif,./Al13Sc3N16/103/xtal_97.cif,-25.192308,-70.694984
xtal_1.cif,./Al13Sc3N16/104/xtal_1.cif,-107.34988,4.0521064
xtal_10.cif,./Al13Sc3N16/104/xtal_10.cif,61.156406,21.572878
xtal_11.cif,./Al13Sc3N16/104/xtal_11.cif,-48.278126,-74.57809
xtal_12.cif,./Al13Sc3N16/104/xtal_12.cif,47.19748,-39.437237
xtal_14.cif,./Al13Sc3N16/104/xtal_14.cif,73.3824,43.948376
xtal_16.cif,./Al13Sc3N16/104/xtal_16.cif,-14.571581,-66.32832
xtal_17.cif,./Al13Sc3N16/104/xtal_17.cif,87.317604,-47.206207
xtal_18.cif,./Al13Sc3N16/104/xtal_18.cif,0.96470916,-2.439706
xtal_20.cif,./Al13Sc3N16/104/xtal_20.cif,66.08715,-41.612408
xtal_22.cif,./Al13Sc3N16/104/xtal_22.cif,-16.364712,23.327412
xtal_23.cif,./Al13Sc3N16/104/xtal_23.cif,77.61927,31.935186
xtal_25.cif,./Al13Sc3N16/104/xtal_25.cif,20.023682,29.734318
xtal_26.cif,./Al13Sc3N16/104/xtal_26.cif,19.47071,62.568325
xtal_28.cif,./Al13Sc3N16/104/xtal_28.cif,17.055138,-16.046091
xtal_32.cif,./Al13Sc3N16/104/xtal_32.cif,49.98021,17.084824
xtal_33.cif,./Al13Sc3N16/104/xtal_33.cif,-15.305361,-69.53976
xtal_37.cif,./Al13Sc3N16/104/xtal_37.cif,77.470375,-30.615873
xtal_39.cif,./Al13Sc3N16/104/xtal_39.cif,-63.03864,-75.584404
xtal_4.cif,./Al13Sc3N16/104/xtal_4.cif,93.40024,-12.047118
xtal_41.cif,./Al13Sc3N16/104/xtal_41.cif,93.5432,-14.178813
xtal_42.cif,./Al13Sc3N16/104/xtal_42.cif,17.100248,-3.8652284
xtal_43.cif,./Al13Sc3N16/104/xtal_43.cif,-43.996117,17.068436
xtal_47.cif,./Al13Sc3N16/104/xtal_47.cif,46.204056,9.536848
xtal_5.cif,./Al13Sc3N16/104/xtal_5.cif,-7.638744,-68.3275
xtal_52.cif,./Al13Sc3N16/104/xtal_52.cif,6.5169187,-51.55012
xtal_53.cif,./Al13Sc3N16/104/xtal_53.cif,-12.140474,-74.35814
xtal_54.cif,./Al13Sc3N16/104/xtal_54.cif,-50.970024,38.77886
xtal_56.cif,./Al13Sc3N16/104/xtal_56.cif,-91.08522,-42.112114
xtal_57.cif,./Al13Sc3N16/104/xtal_57.cif,55.710686,17.643291
xtal_58.cif,./Al13Sc3N16/104/xtal_58.cif,55.03591,24.04788
xtal_6.cif,./Al13Sc3N16/104/xtal_6.cif,-36.218628,-80.20072
xtal_60.cif,./Al13Sc3N16/104/xtal_60.cif,-58.241207,30.585096
xtal_61.cif,./Al13Sc3N16/104/xtal_61.cif,80.245,-52.17805
xtal_62.cif,./Al13Sc3N16/104/xtal_62.cif,-106.18843,-1.1547091
xtal_63.cif,./Al13Sc3N16/104/xtal_63.cif,-49.4623,-78.41907
xtal_65.cif,./Al13Sc3N16/104/xtal_65.cif,66.613884,47.85476
xtal_66.cif,./Al13Sc3N16/104/xtal_66.cif,-92.01917,-41.49835
xtal_69.cif,./Al13Sc3N16/104/xtal_69.cif,36.395206,-62.870293
xtal_70.cif,./Al13Sc3N16/104/xtal_70.cif,31.882765,-6.1588755
xtal_73.cif,./Al13Sc3N16/104/xtal_73.cif,78.513084,-1.8261142
xtal_74.cif,./Al13Sc3N16/104/xtal_74.cif,-61.03376,-78.43063
xtal_77.cif,./Al13Sc3N16/104/xtal_77.cif,93.41939,-48.73458
xtal_79.cif,./Al13Sc3N16/104/xtal_79.cif,71.81604,-23.720356
xtal_81.cif,./Al13Sc3N16/104/xtal_81.cif,15.147872,-10.046443
xtal_85.cif,./Al13Sc3N16/104/xtal_85.cif,-81.85477,-65.38376
xtal_90.cif,./Al13Sc3N16/104/xtal_90.cif,-3.2598455,-53.6003
xtal_91.cif,./Al13Sc3N16/104/xtal_91.cif,52.920345,-18.163975
xtal_92.cif,./Al13Sc3N16/104/xtal_92.cif,25.84297,-27.222258
xtal_95.cif,./Al13Sc3N16/104/xtal_95.cif,-90.662224,-55.586884
xtal_97.cif,./Al13Sc3N16/104/xtal_97.cif,8.051605,-51.815247
xtal_1.cif,./Al13Sc3N16/105/xtal_1.cif,23.213757,-13.211025
xtal_10.cif,./Al13Sc3N16/105/xtal_10.cif,-52.17775,-47.556023
xtal_100.cif,./Al13Sc3N16/105/xtal_100.cif,34.74216,-12.208982
xtal_12.cif,./Al13Sc3N16/105/xtal_12.cif,65.20276,-0.2634173
xtal_15.cif,./Al13Sc3N16/105/xtal_15.cif,21.978779,-53.350235
xtal_16.cif,./Al13Sc3N16/105/xtal_16.cif,0.68400204,-57.850143
xtal_19.cif,./Al13Sc3N16/105/xtal_19.cif,-86.10593,-51.84631
xtal_20.cif,./Al13Sc3N16/105/xtal_20.cif,72.40057,20.193352
xtal_21.cif,./Al13Sc3N16/105/xtal_21.cif,41.647625,6.045407
xtal_22.cif,./Al13Sc3N16/105/xtal_22.cif,-40.447617,-78.549355
xtal_26.cif,./Al13Sc3N16/105/xtal_26.cif,-78.01159,-68.86944
xtal_27.cif,./Al13Sc3N16/105/xtal_27.cif,-104.63405,-25.397614
xtal_28.cif,./Al13Sc3N16/105/xtal_28.cif,-11.326551,-24.15736
xtal_29.cif,./Al13Sc3N16/105/xtal_29.cif,-20.003761,-69.88446
xtal_31.cif,./Al13Sc3N16/105/xtal_31.cif,63.46299,34.40527
xtal_32.cif,./Al13Sc3N16/105/xtal_32.cif,29.681501,-16.445465
xtal_33.cif,./Al13Sc3N16/105/xtal_33.cif,46.18922,-0.32577693
xtal_34.cif,./Al13Sc3N16/105/xtal_34.cif,60.579697,2.0451841
xtal_35.cif,./Al13Sc3N16/105/xtal_35.cif,58.54245,56.493828
xtal_36.cif,./Al13Sc3N16/105/xtal_36.cif,30.94215,3.580523
xtal_41.cif,./Al13Sc3N16/105/xtal_41.cif,67.77831,53.338646
xtal_42.cif,./Al13Sc3N16/105/xtal_42.cif,-55.95916,-72.73819
xtal_43.cif,./Al13Sc3N16/105/xtal_43.cif,-106.16939,-16.17292
xtal_49.cif,./Al13Sc3N16/105/xtal_49.cif,77.65469,-41.302002
xtal_5.cif,./Al13Sc3N16/105/xtal_5.cif,65.178635,18.339876
xtal_54.cif,./Al13Sc3N16/105/xtal_54.cif,82.13734,34.481
xtal_56.cif,./Al13Sc3N16/105/xtal_56.cif,78.315796,-41.461487
xtal_58.cif,./Al13Sc3N16/105/xtal_58.cif,-88.8958,-58.18065
xtal_60.cif,./Al13Sc3N16/105/xtal_60.cif,24.2516,-27.4422
xtal_61.cif,./Al13Sc3N16/105/xtal_61.cif,15.793787,52.613407
xtal_64.cif,./Al13Sc3N16/105/xtal_64.cif,18.110733,-18.580755
xtal_65.cif,./Al13Sc3N16/105/xtal_65.cif,79.79012,12.172267
xtal_66.cif,./Al13Sc3N16/105/xtal_66.cif,-40.87118,-78.957466
xtal_69.cif,./Al13Sc3N16/105/xtal_69.cif,55.30151,18.550684
xtal_71.cif,./Al13Sc3N16/105/xtal_71.cif,-96.89235,-42.444702
xtal_72.cif,./Al13Sc3N16/105/xtal_72.cif,12.57959,-31.075125
xtal_74.cif,./Al13Sc3N16/105/xtal_74.cif,51.7059,67.07784
xtal_80.cif,./Al13Sc3N16/105/xtal_80.cif,3.2135687,18.672634
xtal_81.cif,./Al13Sc3N16/105/xtal_81.cif,44.60775,0.2062507
xtal_82.cif,./Al13Sc3N16/105/xtal_82.cif,65.69217,13.5222225
xtal_84.cif,./Al13Sc3N16/105/xtal_84.cif,-22.833076,-63.18836
xtal_86.cif,./Al13Sc3N16/105/xtal_86.cif,66.43591,35.02248
xtal_87.cif,./Al13Sc3N16/105/xtal_87.cif,-57.82757,-78.91256
xtal_9.cif,./Al13Sc3N16/105/xtal_9.cif,-90.50255,-60.978153
xtal_92.cif,./Al13Sc3N16/105/xtal_92.cif,-14.435764,-55.93513
xtal_94.cif,./Al13Sc3N16/105/xtal_94.cif,75.32615,-24.509012
xtal_96.cif,./Al13Sc3N16/105/xtal_96.cif,55.417995,41.234013
xtal_97.cif,./Al13Sc3N16/105/xtal_97.cif,55.420006,17.403059
xtal_10.cif,./Al13Sc3N16/107/xtal_10.cif,5.5388627,-46.41227
xtal_100.cif,./Al13Sc3N16/107/xtal_100.cif,-1.142435,-55.86291
xtal_12.cif,./Al13Sc3N16/107/xtal_12.cif,-104.94066,-18.4778
xtal_13.cif,./Al13Sc3N16/107/xtal_13.cif,-77.77886,-70.67667
xtal_14.cif,./Al13Sc3N16/107/xtal_14.cif,30.445707,-20.995129
xtal_16.cif,./Al13Sc3N16/107/xtal_16.cif,71.597206,46.611504
xtal_19.cif,./Al13Sc3N16/107/xtal_19.cif,40.880157,-23.421694
xtal_20.cif,./Al13Sc3N16/107/xtal_20.cif,43.51874,62.05631
xtal_21.cif,./Al13Sc3N16/107/xtal_21.cif,83.15565,-45.677757
xtal_22.cif,./Al13Sc3N16/107/xtal_22.cif,-13.102939,-24.289497
xtal_23.cif,./Al13Sc3N16/107/xtal_23.cif,61.531063,20.492226
xtal_25.cif,./Al13Sc3N16/107/xtal_25.cif,82.151726,-42.53631
xtal_26.cif,./Al13Sc3N16/107/xtal_26.cif,80.58997,48.202156
xtal_27.cif,./Al13Sc3N16/107/xtal_27.cif,-1.0129592,-57.016808
xtal_29.cif,./Al13Sc3N16/107/xtal_29.cif,-18.096533,-78.620834
xtal_31.cif,./Al13Sc3N16/107/xtal_31.cif,-20.797207,-75.6832
xtal_32.cif,./Al13Sc3N16/107/xtal_32.cif,-98.1577,-26.121504
xtal_33.cif,./Al13Sc3N16/107/xtal_33.cif,81.95382,31.840448
xtal_34.cif,./Al13Sc3N16/107/xtal_34.cif,-104.92507,-28.47067
xtal_35.cif,./Al13Sc3N16/107/xtal_35.cif,3.0805917,-59.961933
xtal_37.cif,./Al13Sc3N16/107/xtal_37.cif,92.268486,-2.9981382
xtal_41.cif,./Al13Sc3N16/107/xtal_41.cif,28.728731,-31.486233
xtal_45.cif,./Al13Sc3N16/107/xtal_45.cif,76.81298,-51.815197
xtal_47.cif,./Al13Sc3N16/107/xtal_47.cif,-20.736296,-64.480446
xtal_48.cif,./Al13Sc3N16/107/xtal_48.cif,-88.453735,-56.39681
xtal_49.cif,./Al13Sc3N16/107/xtal_49.cif,17.89802,-48.88146
xtal_51.cif,./Al13Sc3N16/107/xtal_51.cif,59.59931,41.883255
xtal_53.cif,./Al13Sc3N16/107/xtal_53.cif,60.088604,-3.9086392
xtal_54.cif,./Al13Sc3N16/107/xtal_54.cif,18.209534,-25.637373
xtal_56.cif,./Al13Sc3N16/107/xtal_56.cif,-110.30805,-8.177096
xtal_57.cif,./Al13Sc3N16/107/xtal_57.cif,79.05892,-28.863197
xtal_60.cif,./Al13Sc3N16/107/xtal_60.cif,-41.791336,-73.99012
xtal_61.cif,./Al13Sc3N16/107/xtal_61.cif,30.106564,-23.953613
xtal_62.cif,./Al13Sc3N16/107/xtal_62.cif,6.753219,-7.9014306
xtal_63.cif,./Al13Sc3N16/107/xtal_63.cif,85.78382,-42.800667
xtal_65.cif,./Al13Sc3N16/107/xtal_65.cif,-90.049934,-49.730453
xtal_66.cif,./Al13Sc3N16/107/xtal_66.cif,-90.18965,-57.821083
xtal_70.cif,./Al13Sc3N16/107/xtal_70.cif,-107.148735,0.62907237
xtal_71.cif,./Al13Sc3N16/107/xtal_71.cif,-3.5039396,-56.191273
xtal_74.cif,./Al13Sc3N16/107/xtal_74.cif,30.197016,-39.872128
xtal_8.cif,./Al13Sc3N16/107/xtal_8.cif,44.584072,-8.632063
xtal_81.cif,./Al13Sc3N16/107/xtal_81.cif,-22.923798,-63.984535
xtal_83.cif,./Al13Sc3N16/107/xtal_83.cif,23.644804,-26.639147
xtal_85.cif,./Al13Sc3N16/107/xtal_85.cif,56.931995,46.975273
xtal_87.cif,./Al13Sc3N16/107/xtal_87.cif,45.609665,29.017462
xtal_9.cif,./Al13Sc3N16/107/xtal_9.cif,45.581497,84.30815
xtal_93.cif,./Al13Sc3N16/107/xtal_93.cif,16.24548,-26.180422
xtal_94.cif,./Al13Sc3N16/107/xtal_94.cif,82.940834,-41.772045
xtal_95.cif,./Al13Sc3N16/107/xtal_95.cif,53.505943,-29.856707
xtal_99.cif,./Al13Sc3N16/107/xtal_99.cif,80.44967,-43.451515
xtal_11.cif,./Al13Sc3N16/111/xtal_11.cif,74.41692,52.611
xtal_14.cif,./Al13Sc3N16/111/xtal_14.cif,0.2803403,-38.733738
xtal_16.cif,./Al13Sc3N16/111/xtal_16.cif,43.545918,-36.433968
xtal_17.cif,./Al13Sc3N16/111/xtal_17.cif,46.95361,-23.299162
xtal_19.cif,./Al13Sc3N16/111/xtal_19.cif,30.989197,-18.308884
xtal_2.cif,./Al13Sc3N16/111/xtal_2.cif,43.304123,16.622932
xtal_22.cif,./Al13Sc3N16/111/xtal_22.cif,52.15129,28.623518
xtal_23.cif,./Al13Sc3N16/111/xtal_23.cif,96.13556,-11.744064
xtal_26.cif,./Al13Sc3N16/111/xtal_26.cif,68.80449,7.6091485
xtal_27.cif,./Al13Sc3N16/111/xtal_27.cif,-49.674156,-82.29638
xtal_28.cif,./Al13Sc3N16/111/xtal_28.cif,73.535614,2.78057
xtal_3.cif,./Al13Sc3N16/111/xtal_3.cif,-98.71423,-43.945797
xtal_31.cif,./Al13Sc3N16/111/xtal_31.cif,-63.27322,-78.92826
xtal_32.cif,./Al13Sc3N16/111/xtal_32.cif,46.36268,23.889454
xtal_33.cif,./Al13Sc3N16/111/xtal_33.cif,39.86938,-19.191336
xtal_38.cif,./Al13Sc3N16/111/xtal_38.cif,13.050329,69.06841
xtal_39.cif,./Al13Sc3N16/111/xtal_39.cif,-18.050764,-78.45469
xtal_41.cif,./Al13Sc3N16/111/xtal_41.cif,-0.16872649,27.827164
xtal_42.cif,./Al13Sc3N16/111/xtal_42.cif,-7.6470804,-61.94318
xtal_43.cif,./Al13Sc3N16/111/xtal_43.cif,60.368767,2.2483156
xtal_44.cif,./Al13Sc3N16/111/xtal_44.cif,42.353256,-16.185047
xtal_47.cif,./Al13Sc3N16/111/xtal_47.cif,1.6776384,-50.35914
xtal_49.cif,./Al13Sc3N16/111/xtal_49.cif,88.191414,-8.487707
xtal_51.cif,./Al13Sc3N16/111/xtal_51.cif,-6.9754114,-58.328915
xtal_52.cif,./Al13Sc3N16/111/xtal_52.cif,30.133505,-39.143547
xtal_54.cif,./Al13Sc3N16/111/xtal_54.cif,-64.46142,-78.75057
xtal_58.cif,./Al13Sc3N16/111/xtal_58.cif,-96.778076,-46.25518
xtal_59.cif,./Al13Sc3N16/111/xtal_59.cif,31.408613,-12.43412
xtal_60.cif,./Al13Sc3N16/111/xtal_60.cif,15.509267,-52.346355
xtal_61.cif,./Al13Sc3N16/111/xtal_61.cif,-98.42856,-40.61127
xtal_67.cif,./Al13Sc3N16/111/xtal_67.cif,34.573887,69.983505
xtal_68.cif,./Al13Sc3N16/111/xtal_68.cif,-89.410576,-57.785805
xtal_72.cif,./Al13Sc3N16/111/xtal_72.cif,79.379875,21.875034
xtal_75.cif,./Al13Sc3N16/111/xtal_75.cif,54.994663,-26.562616
xtal_76.cif,./Al13Sc3N16/111/xtal_76.cif,-1.0964835,-59.388203
xtal_78.cif,./Al13Sc3N16/111/xtal_78.cif,43.91517,-6.3587527
xtal_79.cif,./Al13Sc3N16/111/xtal_79.cif,1.2966751,-32.32767
xtal_81.cif,./Al13Sc3N16/111/xtal_81.cif,31.604923,-31.001158
xtal_82.cif,./Al13Sc3N16/111/xtal_82.cif,-26.053675,-73.96927
xtal_85.cif,./Al13Sc3N16/111/xtal_85.cif,38.527363,-8.17757
xtal_88.cif,./Al13Sc3N16/111/xtal_88.cif,11.420096,-32.0898
xtal_89.cif,./Al13Sc3N16/111/xtal_89.cif,-82.983955,-46.216705
xtal_92.cif,./Al13Sc3N16/111/xtal_92.cif,-11.682836,-59.016453
xtal_93.cif,./Al13Sc3N16/111/xtal_93.cif,87.904106,-8.642341
xtal_94.cif,./Al13Sc3N16/111/xtal_94.cif,20.786922,56.456776
xtal_95.cif,./Al13Sc3N16/111/xtal_95.cif,4.7926006,18.689903
xtal_96.cif,./Al13Sc3N16/111/xtal_96.cif,-17.005894,27.18921
xtal_1.cif,./Al13Sc3N16/112/xtal_1.cif,-94.64914,-48.01263
xtal_100.cif,./Al13Sc3N16/112/xtal_100.cif,-50.08368,-78.302
xtal_12.cif,./Al13Sc3N16/112/xtal_12.cif,56.183804,26.330564
xtal_13.cif,./Al13Sc3N16/112/xtal_13.cif,-33.825882,-74.39877
xtal_21.cif,./Al13Sc3N16/112/xtal_21.cif,46.020676,-1.1943656
xtal_22.cif,./Al13Sc3N16/112/xtal_22.cif,24.915693,30.599293
xtal_23.cif,./Al13Sc3N16/112/xtal_23.cif,47.967537,-6.25388
xtal_27.cif,./Al13Sc3N16/112/xtal_27.cif,45.005997,2.5502071
xtal_28.cif,./Al13Sc3N16/112/xtal_28.cif,-95.510544,-46.35273
xtal_3.cif,./Al13Sc3N16/112/xtal_3.cif,25.265387,-5.5070724
xtal_30.cif,./Al13Sc3N16/112/xtal_30.cif,33.48573,-17.219053
xtal_31.cif,./Al13Sc3N16/112/xtal_31.cif,44.177803,20.435467
xtal_32.cif,./Al13Sc3N16/112/xtal_32.cif,91.840935,-2.4949355
xtal_35.cif,./Al13Sc3N16/112/xtal_35.cif,-104.643135,-22.318468
xtal_39.cif,./Al13Sc3N16/112/xtal_39.cif,-0.5110265,75.48625
xtal_40.cif,./Al13Sc3N16/112/xtal_40.cif,-38.26606,-76.68203
xtal_42.cif,./Al13Sc3N16/112/xtal_42.cif,-52.60001,-78.560715
xtal_43.cif,./Al13Sc3N16/112/xtal_43.cif,61.39362,0.16477029
xtal_50.cif,./Al13Sc3N16/112/xtal_50.cif,42.9189,20.869808
xtal_51.cif,./Al13Sc3N16/112/xtal_51.cif,73.85281,37.083035
xtal_52.cif,./Al13Sc3N16/112/xtal_52.cif,35.405087,-12.334122
xtal_54.cif,./Al13Sc3N16/112/xtal_54.cif,31.72473,6.2437153
xtal_55.cif,./Al13Sc3N16/112/xtal_55.cif,85.76998,-7.5021214
xtal_57.cif,./Al13Sc3N16/112/xtal_57.cif,80.861885,40.9247
xtal_58.cif,./Al13Sc3N16/112/xtal_58.cif,-48.768047,-78.905495
xtal_6.cif,./Al13Sc3N16/112/xtal_6.cif,54.61224,67.34008
xtal_60.cif,./Al13Sc3N16/112/xtal_60.cif,61.815655,34.75379
xtal_61.cif,./Al13Sc3N16/112/xtal_61.cif,-84.422066,-63.753544
xtal_62.cif,./Al13Sc3N16/112/xtal_62.cif,20.213121,-51.580536
xtal_63.cif,./Al13Sc3N16/112/xtal_63.cif,30.042955,-2.1778002
xtal_66.cif,./Al13Sc3N16/112/xtal_66.cif,-5.78552,-62.339607
xtal_67.cif,./Al13Sc3N16/112/xtal_67.cif,-13.849752,-67.58342
xtal_69.cif,./Al13Sc3N16/112/xtal_69.cif,67.820015,60.216637
xtal_70.cif,./Al13Sc3N16/112/xtal_70.cif,37.890667,-5.312827
xtal_71.cif,./Al13Sc3N16/112/xtal_71.cif,19.612709,-26.878399
xtal_72.cif,./Al13Sc3N16/112/xtal_72.cif,47.914032,-31.628447
xtal_73.cif,./Al13Sc3N16/112/xtal_73.cif,62.633366,19.392864
xtal_74.cif,./Al13Sc3N16/112/xtal_74.cif,-8.783375,-59.589577
xtal_78.cif,./Al13Sc3N16/112/xtal_78.cif,-61.24138,-78.3412
xtal_8.cif,./Al13Sc3N16/112/xtal_8.cif,2.4454865,-45.19941
xtal_80.cif,./Al13Sc3N16/112/xtal_80.cif,-17.437101,-60.515236
xtal_82.cif,./Al13Sc3N16/112/xtal_82.cif,-9.018894,-46.836376
xtal_84.cif,./Al13Sc3N16/112/xtal_84.cif,7.279538,-35.570744
xtal_86.cif,./Al13Sc3N16/112/xtal_86.cif,3.254608,-44.625084
xtal_90.cif,./Al13Sc3N16/112/xtal_90.cif,38.85661,16.413654
xtal_94.cif,./Al13Sc3N16/112/xtal_94.cif,11.371634,48.819153
xtal_96.cif,./Al13Sc3N16/112/xtal_96.cif,68.48974,24.334988
xtal_97.cif,./Al13Sc3N16/112/xtal_97.cif,-9.924416,-61.856792
xtal_1.cif,./Al13Sc3N16/113/xtal_1.cif,63.97036,29.748146
xtal_100.cif,./Al13Sc3N16/113/xtal_100.cif,41.482754,-20.908564
xtal_11.cif,./Al13Sc3N16/113/xtal_11.cif,36.850227,20.33106
xtal_13.cif,./Al13Sc3N16/113/xtal_13.cif,39.036335,3.674633
xtal_14.cif,./Al13Sc3N16/113/xtal_14.cif,0.5013631,-57.188263
xtal_15.cif,./Al13Sc3N16/113/xtal_15.cif,9.335473,-25.64153
xtal_16.cif,./Al13Sc3N16/113/xtal_16.cif,83.68647,-1.0954605
xtal_17.cif,./Al13Sc3N16/113/xtal_17.cif,93.74641,6.538914
xtal_18.cif,./Al13Sc3N16/113/xtal_18.cif,22.925116,-23.350758
xtal_19.cif,./Al13Sc3N16/113/xtal_19.cif,66.365906,45.304993
xtal_2.cif,./Al13Sc3N16/113/xtal_2.cif,19.103188,-26.023464
xtal_21.cif,./Al13Sc3N16/113/xtal_21.cif,9.306311,89.00819
xtal_23.cif,./Al13Sc3N16/113/xtal_23.cif,56.56636,68.16287
xtal_25.cif,./Al13Sc3N16/113/xtal_25.cif,-80.396576,-59.655315
xtal_26.cif,./Al13Sc3N16/113/xtal_26.cif,-10.883952,-38.150616
xtal_27.cif,./Al13Sc3N16/113/xtal_27.cif,57.565926,17.531366
xtal_28.cif,./Al13Sc3N16/113/xtal_28.cif,78.24374,36.194756
xtal_29.cif,./Al13Sc3N16/113/xtal_29.cif,47.402946,33.34934
xtal_33.cif,./Al13Sc3N16/113/xtal_33.cif,26.737904,-1.5862963
xtal_36.cif,./Al13Sc3N16/113/xtal_36.cif,-34.035843,-75.479385
xtal_37.cif,./Al13Sc3N16/113/xtal_37.cif,44.596867,-20.108269
xtal_38.cif,./Al13Sc3N16/113/xtal_38.cif,24.882341,-32.19331
xtal_4.cif,./Al13Sc3N16/113/xtal_4.cif,-44.30514,-81.70981
xtal_40.cif,./Al13Sc3N16/113/xtal_40.cif,87.560135,16.335773
xtal_43.cif,./Al13Sc3N16/113/xtal_43.cif,42.234627,-1.0997527
xtal_46.cif,./Al13Sc3N16/113/xtal_46.cif,5.8033757,-37.34946
xtal_49.cif,./Al13Sc3N16/113/xtal_49.cif,-5.138561,-44.529827
xtal_5.cif,./Al13Sc3N16/113/xtal_5.cif,-11.668198,-57.94373
xtal_52.cif,./Al13Sc3N16/113/xtal_52.cif,23.049883,53.18408
xtal_53.cif,./Al13Sc3N16/113/xtal_53.cif,0.20771913,-54.489372
xtal_54.cif,./Al13Sc3N16/113/xtal_54.cif,62.324093,-7.212296
xtal_64.cif,./Al13Sc3N16/113/xtal_64.cif,-9.59073,-63.28664
xtal_65.cif,./Al13Sc3N16/113/xtal_65.cif,-96.49005,-37.35991
xtal_67.cif,./Al13Sc3N16/113/xtal_67.cif,-8.011258,-62.210987
xtal_69.cif,./Al13Sc3N16/113/xtal_69.cif,45.027035,-20.215988
xtal_71.cif,./Al13Sc3N16/113/xtal_71.cif,26.916525,77.16262
xtal_72.cif,./Al13Sc3N16/113/xtal_72.cif,25.579582,14.22852
xtal_77.cif,./Al13Sc3N16/113/xtal_77.cif,76.18786,8.429372
xtal_79.cif,./Al13Sc3N16/113/xtal_79.cif,75.472694,59.538116
xtal_85.cif,./Al13Sc3N16/113/xtal_85.cif,41.631477,-19.768553
xtal_87.cif,./Al13Sc3N16/113/xtal_87.cif,32.54122,-20.922808
xtal_88.cif,./Al13Sc3N16/113/xtal_88.cif,-64.92979,-75.28839
xtal_9.cif,./Al13Sc3N16/113/xtal_9.cif,-84.043045,-66.73596
xtal_90.cif,./Al13Sc3N16/113/xtal_90.cif,-12.621023,-62.435024
xtal_92.cif,./Al13Sc3N16/113/xtal_92.cif,20.803425,61.34232
xtal_93.cif,./Al13Sc3N16/113/xtal_93.cif,0.3732193,-47.537956
xtal_96.cif,./Al13Sc3N16/113/xtal_96.cif,25.421795,55.183846
xtal_97.cif,./Al13Sc3N16/113/xtal_97.cif,-9.8692665,89.508064
xtal_10.cif,./Al13Sc3N16/114/xtal_10.cif,80.84326,-8.961735
xtal_11.cif,./Al13Sc3N16/114/xtal_11.cif,-16.95758,-57.092793
xtal_12.cif,./Al13Sc3N16/114/xtal_12.cif,-5.7070603,9.210794
xtal_13.cif,./Al13Sc3N16/114/xtal_13.cif,38.28077,-1.3221442
xtal_14.cif,./Al13Sc3N16/114/xtal_14.cif,-26.427498,-73.593
xtal_16.cif,./Al13Sc3N16/114/xtal_16.cif,6.7420306,-38.70286
xtal_17.cif,./Al13Sc3N16/114/xtal_17.cif,13.669488,-0.9208563
xtal_2.cif,./Al13Sc3N16/114/xtal_2.cif,-2.2799788,70.01406
xtal_20.cif,./Al13Sc3N16/114/xtal_20.cif,46.864536,36.52775
xtal_24.cif,./Al13Sc3N16/114/xtal_24.cif,-16.252552,-32.29447
xtal_28.cif,./Al13Sc3N16/114/xtal_28.cif,3.5025792,-42.70412
xtal_29.cif,./Al13Sc3N16/114/xtal_29.cif,-25.515787,-70.30845
xtal_3.cif,./Al13Sc3N16/114/xtal_3.cif,49.118153,75.567924
xtal_34.cif,./Al13Sc3N16/114/xtal_34.cif,-15.734079,-75.9565
xtal_36.cif,./Al13Sc3N16/114/xtal_36.cif,44.43306,75.24918
xtal_4.cif,./Al13Sc3N16/114/xtal_4.cif,-98.442184,-36.99422
xtal_41.cif,./Al13Sc3N16/114/xtal_41.cif,-12.944454,-63.911655
xtal_42.cif,./Al13Sc3N16/114/xtal_42.cif,31.897736,-30.710737
xtal_43.cif,./Al13Sc3N16/114/xtal_43.cif,42.808285,45.315536
xtal_44.cif,./Al13Sc3N16/114/xtal_44.cif,79.61053,33.194008
xtal_45.cif,./Al13Sc3N16/114/xtal_45.cif,22.526503,28.519659
xtal_46.cif,./Al13Sc3N16/114/xtal_46.cif,22.6658,56.599834
xtal_47.cif,./Al13Sc3N16/114/xtal_47.cif,-17.369589,-60.35386
xtal_48.cif,./Al13Sc3N16/114/xtal_48.cif,-88.12855,-60.951668
xtal_5.cif,./Al13Sc3N16/114/xtal_5.cif,-35.744102,-68.30566
xtal_50.cif,./Al13Sc3N16/114/xtal_50.cif,72.373474,20.131006
xtal_51.cif,./Al13Sc3N16/114/xtal_51.cif,-21.48388,-57.933285
xtal_53.cif,./Al13Sc3N16/114/xtal_53.cif,18.374472,12.6728735
xtal_57.cif,./Al13Sc3N16/114/xtal_57.cif,25.46319,55.343876
xtal_58.cif,./Al13Sc3N16/114/xtal_58.cif,22.744213,64.34806
xtal_6.cif,./Al13Sc3N16/114/xtal_6.cif,9.383381,-31.245817
xtal_60.cif,./Al13Sc3N16/114/xtal_60.cif,-49.31224,-81.80222
xtal_61.cif,./Al13Sc3N16/114/xtal_61.cif,75.961395,44.400043
xtal_62.cif,./Al13Sc3N16/114/xtal_62.cif,-104.6404,-20.488558
xtal_64.cif,./Al13Sc3N16/114/xtal_64.cif,84.899765,41.28562
xtal_66.cif,./Al13Sc3N16/114/xtal_66.cif,10.718456,-41.92636
xtal_68.cif,./Al13Sc3N16/114/xtal_68.cif,29.033491,-44.469654
xtal_69.cif,./Al13Sc3N16/114/xtal_69.cif,71.31094,57.103607
xtal_71.cif,./Al13Sc3N16/114/xtal_71.cif,18.438398,-14.404738
xtal_72.cif,./Al13Sc3N16/114/xtal_72.cif,-14.289719,-50.055668
xtal_74.cif,./Al13Sc3N16/114/xtal_74.cif,-5.3340325,-44.512356
xtal_82.cif,./Al13Sc3N16/114/xtal_82.cif,42.039215,48.39908
xtal_84.cif,./Al13Sc3N16/114/xtal_84.cif,82.8678,-6.007492
xtal_88.cif,./Al13Sc3N16/114/xtal_88.cif,53.169254,12.443144
xtal_92.cif,./Al13Sc3N16/114/xtal_92.cif,-1.9784939,-41.58531
xtal_93.cif,./Al13Sc3N16/114/xtal_93.cif,32.305214,-14.4600115
xtal_95.cif,./Al13Sc3N16/114/xtal_95.cif,14.971929,-19.475704
xtal_98.cif,./Al13Sc3N16/114/xtal_98.cif,53.559166,18.733747
xtal_99.cif,./Al13Sc3N16/114/xtal_99.cif,14.359762,-43.640453
xtal_10.cif,./Al13Sc3N16/115/xtal_10.cif,-94.224266,-52.8897
xtal_100.cif,./Al13Sc3N16/115/xtal_100.cif,41.74162,2.8267512
xtal_11.cif,./Al13Sc3N16/115/xtal_11.cif,33.37974,-43.635193
xtal_12.cif,./Al13Sc3N16/115/xtal_12.cif,26.878832,-24.485357
xtal_13.cif,./Al13Sc3N16/115/xtal_13.cif,-50.516163,-75.73588
xtal_15.cif,./Al13Sc3N16/115/xtal_15.cif,34.07323,10.936894
xtal_16.cif,./Al13Sc3N16/115/xtal_16.cif,25.455824,-4.0071077
xtal_17.cif,./Al13Sc3N16/115/xtal_17.cif,-81.87302,-63.392105
xtal_18.cif,./Al13Sc3N16/115/xtal_18.cif,27.112732,-5.2279396
xtal_21.cif,./Al13Sc3N16/115/xtal_21.cif,50.52816,-17.605587
xtal_22.cif,./Al13Sc3N16/115/xtal_22.cif,36.725,-5.7836905
xtal_26.cif,./Al13Sc3N16/115/xtal_26.cif,-76.221596,-67.65684
xtal_3.cif,./Al13Sc3N16/115/xtal_3.cif,52.38726,2.2034457
xtal_30.cif,./Al13Sc3N16/115/xtal_30.cif,20.002375,-51.43078
xtal_33.cif,./Al13Sc3N16/115/xtal_33.cif,-24.444319,-79.03316
xtal_34.cif,./Al13Sc3N16/115/xtal_34.cif,68.86222,8.008426
xtal_44.cif,./Al13Sc3N16/115/xtal_44.cif,49.51223,26.247288
xtal_45.cif,./Al13Sc3N16/115/xtal_45.cif,-15.447593,-5.7480073
xtal_46.cif,./Al13Sc3N16/115/xtal_46.cif,-101.59441,-36.83279
xtal_47.cif,./Al13Sc3N16/115/xtal_47.cif,31.516842,68.31281
xtal_49.cif,./Al13Sc3N16/115/xtal_49.cif,89.05346,-2.4593067
xtal_5.cif,./Al13Sc3N16/115/xtal_5.cif,79.60098,30.992275
xtal_55.cif,./Al13Sc3N16/115/xtal_55.cif,-14.604389,-56.04499
xtal_56.cif,./Al13Sc3N16/115/xtal_56.cif,40.150784,68.52078
xtal_58.cif,./Al13Sc3N16/115/xtal_58.cif,23.051025,-32.229435
xtal_59.cif,./Al13Sc3N16/115/xtal_59.cif,59.363533,-20.330324
xtal_6.cif,./Al13Sc3N16/115/xtal_6.cif,74.631744,35.865734
xtal_61.cif,./Al13Sc3N16/115/xtal_61.cif,9.990254,45.3579
xtal_63.cif,./Al13Sc3N16/115/xtal_63.cif,14.706529,-44.502834
xtal_65.cif,./Al13Sc3N16/115/xtal_65.cif,29.411219,-38.74564
xtal_66.cif,./Al13Sc3N16/115/xtal_66.cif,10.31245,-44.104507
xtal_68.cif,./Al13Sc3N16/115/xtal_68.cif,-21.662418,-74.18939
xtal_7.cif,./Al13Sc3N16/115/xtal_7.cif,22.101976,-43.647953
xtal_74.cif,./Al13Sc3N16/115/xtal_74.cif,-55.981606,-78.020355
xtal_76.cif,./Al13Sc3N16/115/xtal_76.cif,-94.66097,-48.216347
xtal_8.cif,./Al13Sc3N16/115/xtal_8.cif,-9.747257,-71.53504
xtal_80.cif,./Al13Sc3N16/115/xtal_80.cif,21.577822,75.0696
xtal_81.cif,./Al13Sc3N16/115/xtal_81.cif,-50.08168,35.96351
xtal_84.cif,./Al13Sc3N16/115/xtal_84.cif,-75.16675,-33.718113
xtal_85.cif,./Al13Sc3N16/115/xtal_85.cif,38.005306,10.115722
xtal_86.cif,./Al13Sc3N16/115/xtal_86.cif,91.77138,4.0422626
xtal_92.cif,./Al13Sc3N16/115/xtal_92.cif,28.647123,-3.732211
xtal_95.cif,./Al13Sc3N16/115/xtal_95.cif,-15.937267,-76.55245
xtal_99.cif,./Al13Sc3N16/115/xtal_99.cif,68.23092,-22.439632
xtal_1.cif,./Al13Sc3N16/116/xtal_1.cif,74.78763,48.287724
xtal_11.cif,./Al13Sc3N16/116/xtal_11.cif,-31.458607,-80.53035
xtal_12.cif,./Al13Sc3N16/116/xtal_12.cif,-21.272442,-68.81732
xtal_19.cif,./Al13Sc3N16/116/xtal_19.cif,71.29977,53.43865
xtal_22.cif,./Al13Sc3N16/116/xtal_22.cif,14.746153,57.487442
xtal_24.cif,./Al13Sc3N16/116/xtal_24.cif,76.93613,5.469257
xtal_25.cif,./Al13Sc3N16/116/xtal_25.cif,71.89429,-23.739763
xtal_27.cif,./Al13Sc3N16/116/xtal_27.cif,8.176024,-40.138226
xtal_28.cif,./Al13Sc3N16/116/xtal_28.cif,1.3044616,-47.461445
xtal_29.cif,./Al13Sc3N16/116/xtal_29.cif,30.928822,1.1607168
xtal_3.cif,./Al13Sc3N16/116/xtal_3.cif,10.015415,-44.18231
xtal_31.cif,./Al13Sc3N16/116/xtal_31.cif,39.985413,-9.131898
xtal_33.cif,./Al13Sc3N16/116/xtal_33.cif,29.645222,-24.34434
xtal_34.cif,./Al13Sc3N16/116/xtal_34.cif,-7.5561914,-54.342766
xtal_36.cif,./Al13Sc3N16/116/xtal_36.cif,18.549698,-34.16299
xtal_38.cif,./Al13Sc3N16/116/xtal_38.cif,31.552523,-32.547832
xtal_41.cif,./Al13Sc3N16/116/xtal_41.cif,-59.01824,-77.95792
xtal_42.cif,./Al13Sc3N16/116/xtal_42.cif,27.623081,-15.3068285
xtal_44.cif,./Al13Sc3N16/116/xtal_44.cif,-89.55937,-56.42303
xtal_45.cif,./Al13Sc3N16/116/xtal_45.cif,-101.53887,-33.37601
xtal_47.cif,./Al13Sc3N16/116/xtal_47.cif,73.357,56.568077
xtal_48.cif,./Al13Sc3N16/116/xtal_48.cif,-10.755654,-58.224354
xtal_49.cif,./Al13Sc3N16/116/xtal_49.cif,29.213278,-30.768972
xtal_50.cif,./Al13Sc3N16/116/xtal_50.cif,-104.11952,-23.169056
xtal_51.cif,./Al13Sc3N16/116/xtal_51.cif,-13.327972,-63.828503
xtal_52.cif,./Al13Sc3N16/116/xtal_52.cif,21.220755,56.130283
xtal_53.cif,./Al13Sc3N16/116/xtal_53.cif,21.965424,-43.69009
xtal_54.cif,./Al13Sc3N16/116/xtal_54.cif,12.967935,72.9452
xtal_55.cif,./Al13Sc3N16/116/xtal_55.cif,-97.32835,-43.153267
xtal_58.cif,./Al13Sc3N16/116/xtal_58.cif,-40.67102,-67.73107
xtal_6.cif,./Al13Sc3N16/116/xtal_6.cif,-101.01727,-29.84549
xtal_62.cif,./Al13Sc3N16/116/xtal_62.cif,22.596811,58.922314
xtal_65.cif,./Al13Sc3N16/116/xtal_65.cif,-81.68233,-67.08826
xtal_66.cif,./Al13Sc3N16/116/xtal_66.cif,43.998005,6.1878653
xtal_67.cif,./Al13Sc3N16/116/xtal_67.cif,-11.486089,-57.6796
xtal_69.cif,./Al13Sc3N16/116/xtal_69.cif,-36.78343,-73.402176
xtal_7.cif,./Al13Sc3N16/116/xtal_7.cif,30.39942,72.57201
xtal_70.cif,./Al13Sc3N16/116/xtal_70.cif,22.823978,28.738213
xtal_71.cif,./Al13Sc3N16/116/xtal_71.cif,63.267746,16.881554
xtal_72.cif,./Al13Sc3N16/116/xtal_72.cif,70.68216,52.57069
xtal_73.cif,./Al13Sc3N16/116/xtal_73.cif,-5.6561685,9.226679
xtal_74.cif,./Al13Sc3N16/116/xtal_74.cif,52.76991,49.583534
xtal_75.cif,./Al13Sc3N16/116/xtal_75.cif,6.46369,-33.360977
xtal_79.cif,./Al13Sc3N16/116/xtal_79.cif,47.549347,45.892292
xtal_80.cif,./Al13Sc3N16/116/xtal_80.cif,24.924433,-26.398468
xtal_84.cif,./Al13Sc3N16/116/xtal_84.cif,39.833267,11.493338
xtal_89.cif,./Al13Sc3N16/116/xtal_89.cif,13.478215,-35.786495
xtal_93.cif,./Al13Sc3N16/116/xtal_93.cif,80.7283,41.973053
xtal_94.cif,./Al13Sc3N16/116/xtal_94.cif,-54.065205,-78.209305
xtal_99.cif,./Al13Sc3N16/116/xtal_99.cif,-39.652267,-43.395657
xtal_1.cif,./Al13Sc3N16/117/xtal_1.cif,-82.928665,-68.06268
xtal_10.cif,./Al13Sc3N16/117/xtal_10.cif,20.795328,14.561775
xtal_11.cif,./Al13Sc3N16/117/xtal_11.cif,26.500395,-26.163044
xtal_13.cif,./Al13Sc3N16/117/xtal_13.cif,12.752765,-11.947306
xtal_14.cif,./Al13Sc3N16/117/xtal_14.cif,28.255465,83.85764
xtal_16.cif,./Al13Sc3N16/117/xtal_16.cif,5.608465,-23.08313
xtal_2.cif,./Al13Sc3N16/117/xtal_2.cif,69.58032,57.747643
xtal_22.cif,./Al13Sc3N16/117/xtal_22.cif,63.568554,46.866413
xtal_24.cif,./Al13Sc3N16/117/xtal_24.cif,51.104588,26.59151
xtal_26.cif,./Al13Sc3N16/117/xtal_26.cif,48.006268,9.724772
xtal_27.cif,./Al13Sc3N16/117/xtal_27.cif,71.81855,-25.450935
xtal_28.cif,./Al13Sc3N16/117/xtal_28.cif,58.18123,44.53411
xtal_3.cif,./Al13Sc3N16/117/xtal_3.cif,44.555332,13.6764765
xtal_30.cif,./Al13Sc3N16/117/xtal_30.cif,80.98194,-4.917058
xtal_38.cif,./Al13Sc3N16/117/xtal_38.cif,24.270575,-28.683256
xtal_40.cif,./Al13Sc3N16/117/xtal_40.cif,18.700012,28.279793
xtal_51.cif,./Al13Sc3N16/117/xtal_51.cif,13.718904,-5.6875687
xtal_52.cif,./Al13Sc3N16/117/xtal_52.cif,-7.117351,-57.885025
xtal_53.cif,./Al13Sc3N16/117/xtal_53.cif,-103.28237,-25.587914
xtal_54.cif,./Al13Sc3N16/117/xtal_54.cif,-22.738941,-68.20651
xtal_55.cif,./Al13Sc3N16/117/xtal_55.cif,37.602917,21.613617
xtal_56.cif,./Al13Sc3N16/117/xtal_56.cif,28.857342,-4.9618635
xtal_57.cif,./Al13Sc3N16/117/xtal_57.cif,62.58384,47.53543
xtal_59.cif,./Al13Sc3N16/117/xtal_59.cif,19.765045,-35.40708
xtal_6.cif,./Al13Sc3N16/117/xtal_6.cif,-26.03094,-71.65182
xtal_60.cif,./Al13Sc3N16/117/xtal_60.cif,-106.90965,0.8475565
xtal_64.cif,./Al13Sc3N16/117/xtal_64.cif,1.9219571,-45.686363
xtal_65.cif,./Al13Sc3N16/117/xtal_65.cif,38.74676,65.40099
xtal_66.cif,./Al13Sc3N16/117/xtal_66.cif,-45.16492,-83.35698
xtal_67.cif,./Al13Sc3N16/117/xtal_67.cif,-84.61428,-63.19964
xtal_68.cif,./Al13Sc3N16/117/xtal_68.cif,32.545082,-3.4698381
xtal_70.cif,./Al13Sc3N16/117/xtal_70.cif,68.22696,49.631996
xtal_71.cif,./Al13Sc3N16/117/xtal_71.cif,-45.548927,-75.27193
xtal_72.cif,./Al13Sc3N16/117/xtal_72.cif,19.833658,-52.396374
xtal_73.cif,./Al13Sc3N16/117/xtal_73.cif,-37.21334,-81.43027
xtal_76.cif,./Al13Sc3N16/117/xtal_76.cif,-2.9865053,6.3412323
xtal_77.cif,./Al13Sc3N16/117/xtal_77.cif,-37.59275,-77.91353
xtal_8.cif,./Al13Sc3N16/117/xtal_8.cif,45.878998,9.474353
xtal_82.cif,./Al13Sc3N16/117/xtal_82.cif,60.49455,46.924957
xtal_84.cif,./Al13Sc3N16/117/xtal_84.cif,75.72957,56.075798
xtal_85.cif,./Al13Sc3N16/117/xtal_85.cif,15.257361,-45.538723
xtal_9.cif,./Al13Sc3N16/117/xtal_9.cif,19.283442,30.340216
xtal_90.cif,./Al13Sc3N16/117/xtal_90.cif,22.161139,-28.143091
xtal_91.cif,./Al13Sc3N16/117/xtal_91.cif,25.442982,49.74113
xtal_93.cif,./Al13Sc3N16/117/xtal_93.cif,-9.8279,88.92874
xtal_94.cif,./Al13Sc3N16/117/xtal_94.cif,-68.55315,11.77851
xtal_96.cif,./Al13Sc3N16/117/xtal_96.cif,81.82515,33.18261
xtal_99.cif,./Al13Sc3N16/117/xtal_99.cif,30.682478,-15.750217
xtal_100.cif,./Al13Sc3N16/118/xtal_100.cif,68.9936,51.369053
xtal_12.cif,./Al13Sc3N16/118/xtal_12.cif,40.024567,5.2926054
xtal_14.cif,./Al13Sc3N16/118/xtal_14.cif,20.1005,-56.286488
xtal_17.cif,./Al13Sc3N16/118/xtal_17.cif,39.495876,30.16245
xtal_18.cif,./Al13Sc3N16/118/xtal_18.cif,-107.085556,4.0526767
xtal_19.cif,./Al13Sc3N16/118/xtal_19.cif,-81.725655,-65.8515
xtal_20.cif,./Al13Sc3N16/118/xtal_20.cif,-57.72974,-78.43135
xtal_24.cif,./Al13Sc3N16/118/xtal_24.cif,-1.6367152,-53.39421
xtal_25.cif,./Al13Sc3N16/118/xtal_25.cif,41.29751,10.005545
xtal_28.cif,./Al13Sc3N16/118/xtal_28.cif,-9.668135,33.97176
xtal_32.cif,./Al13Sc3N16/118/xtal_32.cif,21.041151,-4.1798053
xtal_33.cif,./Al13Sc3N16/118/xtal_33.cif,30.641294,66.449135
xtal_39.cif,./Al13Sc3N16/118/xtal_39.cif,39.079586,-22.946598
xtal_4.cif,./Al13Sc3N16/118/xtal_4.cif,-17.35486,-77.74004
xtal_41.cif,./Al13Sc3N16/118/xtal_41.cif,31.056898,-11.868251
xtal_47.cif,./Al13Sc3N16/118/xtal_47.cif,-102.31337,-33.11787
xtal_48.cif,./Al13Sc3N16/118/xtal_48.cif,39.194214,25.55668
xtal_49.cif,./Al13Sc3N16/118/xtal_49.cif,96.04812,-16.12233
xtal_5.cif,./Al13Sc3N16/118/xtal_5.cif,-55.11012,-69.0792
xtal_50.cif,./Al13Sc3N16/118/xtal_50.cif,-28.957487,-73.727
xtal_52.cif,./Al13Sc3N16/118/xtal_52.cif,-100.329865,-33.801086
xtal_54.cif,./Al13Sc3N16/118/xtal_54.cif,-90.17168,-61.621624
xtal_56.cif,./Al13Sc3N16/118/xtal_56.cif,20.333502,-49.72695
xtal_57.cif,./Al13Sc3N16/118/xtal_57.cif,-26.632124,-71.67521
xtal_58.cif,./Al13Sc3N16/118/xtal_58.cif,23.60644,-30.264042
xtal_59.cif,./Al13Sc3N16/118/xtal_59.cif,74.75627,56.472744
xtal_60.cif,./Al13Sc3N16/118/xtal_60.cif,57.127922,29.956226
xtal_61.cif,./Al13Sc3N16/118/xtal_61.cif,51.24217,-40.026127
xtal_65.cif,./Al13Sc3N16/118/xtal_65.cif,18.824837,-50.400665
xtal_67.cif,./Al13Sc3N16/118/xtal_67.cif,40.513294,31.786745
xtal_68.cif,./Al13Sc3N16/118/xtal_68.cif,42.43636,-2.6232712
xtal_71.cif,./Al13Sc3N16/118/xtal_71.cif,-70.689415,17.987122
xtal_73.cif,./Al13Sc3N16/118/xtal_73.cif,68.73033,46.98651
xtal_75.cif,./Al13Sc3N16/118/xtal_75.cif,-39.161495,-78.26393
xtal_76.cif,./Al13Sc3N16/118/xtal_76.cif,-98.120636,-37.309296
xtal_77.cif,./Al13Sc3N16/118/xtal_77.cif,-3.0917015,-53.978195
xtal_8.cif,./Al13Sc3N16/118/xtal_8.cif,77.37326,30.185474
xtal_81.cif,./Al13Sc3N16/118/xtal_81.cif,-3.2116046,-56.738354
xtal_82.cif,./Al13Sc3N16/118/xtal_82.cif,19.31103,62.321102
xtal_83.cif,./Al13Sc3N16/118/xtal_83.cif,-13.367407,-57.154446
xtal_85.cif,./Al13Sc3N16/118/xtal_85.cif,-39.09877,44.396915
xtal_86.cif,./Al13Sc3N16/118/xtal_86.cif,16.222305,-45.089844
xtal_87.cif,./Al13Sc3N16/118/xtal_87.cif,-0.6537908,-45.232555
xtal_89.cif,./Al13Sc3N16/118/xtal_89.cif,13.416463,69.464615
xtal_9.cif,./Al13Sc3N16/118/xtal_9.cif,44.451557,-21.090807
xtal_92.cif,./Al13Sc3N16/118/xtal_92.cif,72.367584,61.1349
xtal_95.cif,./Al13Sc3N16/118/xtal_95.cif,-94.97436,-45.2821
xtal_10.cif,./Al13Sc3N16/119/xtal_10.cif,-103.34852,-8.356476
xtal_100.cif,./Al13Sc3N16/119/xtal_100.cif,-6.4971867,-50.226025
xtal_12.cif,./Al13Sc3N16/119/xtal_12.cif,27.830683,29.46269
xtal_13.cif,./Al13Sc3N16/119/xtal_13.cif,82.25786,-0.8766797
xtal_15.cif,./Al13Sc3N16/119/xtal_15.cif,56.598618,17.787699
xtal_16.cif,./Al13Sc3N16/119/xtal_16.cif,-57.28578,-79.28785
xtal_17.cif,./Al13Sc3N16/119/xtal_17.cif,23.758121,2.3657007
xtal_19.cif,./Al13Sc3N16/119/xtal_19.cif,-11.81689,-54.68543
xtal_2.cif,./Al13Sc3N16/119/xtal_2.cif,-82.53255,-62.609352
xtal_21.cif,./Al13Sc3N16/119/xtal_21.cif,1.2427827,-22.05338
xtal_23.cif,./Al13Sc3N16/119/xtal_23.cif,72.38225,19.890928
xtal_24.cif,./Al13Sc3N16/119/xtal_24.cif,44.10333,-20.235483
xtal_25.cif,./Al13Sc3N16/119/xtal_25.cif,69.94945,60.372734
xtal_26.cif,./Al13Sc3N16/119/xtal_26.cif,-14.405039,-72.21264
xtal_27.cif,./Al13Sc3N16/119/xtal_27.cif,73.64714,41.263916
xtal_29.cif,./Al13Sc3N16/119/xtal_29.cif,61.38895,33.679592
xtal_31.cif,./Al13Sc3N16/119/xtal_31.cif,51.31141,78.080574
xtal_33.cif,./Al13Sc3N16/119/xtal_33.cif,-45.757923,-24.384344
xtal_36.cif,./Al13Sc3N16/119/xtal_36.cif,11.553732,-32.744625
xtal_37.cif,./Al13Sc3N16/119/xtal_37.cif,-63.89791,-80.14075
xtal_40.cif,./Al13Sc3N16/119/xtal_40.cif,64.98695,49.24603
xtal_41.cif,./Al13Sc3N16/119/xtal_41.cif,67.906784,-68.495575
xtal_42.cif,./Al13Sc3N16/119/xtal_42.cif,48.834515,-28.351315
xtal_44.cif,./Al13Sc3N16/119/xtal_44.cif,21.359505,-29.704208
xtal_45.cif,./Al13Sc3N16/119/xtal_45.cif,16.50364,-33.826397
xtal_46.cif,./Al13Sc3N16/119/xtal_46.cif,48.21173,75.91644
xtal_48.cif,./Al13Sc3N16/119/xtal_48.cif,53.386826,41.910442
xtal_5.cif,./Al13Sc3N16/119/xtal_5.cif,-39.332874,-76.4115
xtal_52.cif,./Al13Sc3N16/119/xtal_52.cif,85.671394,-0.9519761
xtal_53.cif,./Al13Sc3N16/119/xtal_53.cif,18.071964,-28.494373
xtal_55.cif,./Al13Sc3N16/119/xtal_55.cif,29.422745,-33.399364
xtal_57.cif,./Al13Sc3N16/119/xtal_57.cif,79.8299,-5.166255
xtal_58.cif,./Al13Sc3N16/119/xtal_58.cif,64.4624,31.160873
xtal_6.cif,./Al13Sc3N16/119/xtal_6.cif,55.93386,22.15696
xtal_60.cif,./Al13Sc3N16/119/xtal_60.cif,3.7350159,-37.76525
xtal_62.cif,./Al13Sc3N16/119/xtal_62.cif,59.925,4.320566
xtal_63.cif,./Al13Sc3N16/119/xtal_63.cif,79.32523,-3.4148593
xtal_67.cif,./Al13Sc3N16/119/xtal_67.cif,18.06682,22.413404
xtal_72.cif,./Al13Sc3N16/119/xtal_72.cif,49.04949,7.6294746
xtal_73.cif,./Al13Sc3N16/119/xtal_73.cif,18.549404,-31.669647
xtal_76.cif,./Al13Sc3N16/119/xtal_76.cif,-80.410065,-69.23203
xtal_78.cif,./Al13Sc3N16/119/xtal_78.cif,59.189297,40.498894
xtal_8.cif,./Al13Sc3N16/119/xtal_8.cif,29.224543,-1.9061949
xtal_80.cif,./Al13Sc3N16/119/xtal_80.cif,75.32954,58.91367
xtal_86.cif,./Al13Sc3N16/119/xtal_86.cif,10.829261,-0.49250495
xtal_89.cif,./Al13Sc3N16/119/xtal_89.cif,-15.646241,-53.879444
xtal_90.cif,./Al13Sc3N16/119/xtal_90.cif,-31.99824,-82.44802
xtal_91.cif,./Al13Sc3N16/119/xtal_91.cif,-82.814285,-68.243454
xtal_93.cif,./Al13Sc3N16/119/xtal_93.cif,18.6483,60.68458
xtal_99.cif,./Al13Sc3N16/119/xtal_99.cif,23.942257,-64.07878
xtal_1.cif,./Al13Sc3N16/121/xtal_1.cif,27.868279,-19.938278
xtal_10.cif,./Al13Sc3N16/121/xtal_10.cif,-41.1984,-73.63418
xtal_12.cif,./Al13Sc3N16/121/xtal_12.cif,-85.31195,-61.032406
xtal_14.cif,./Al13Sc3N16/121/xtal_14.cif,36.54286,46.418816
xtal_17.cif,./Al13Sc3N16/121/xtal_17.cif,1.2445976,-46.81627
xtal_18.cif,./Al13Sc3N16/121/xtal_18.cif,-14.293758,77.65607
xtal_19.cif,./Al13Sc3N16/121/xtal_19.cif,-16.76923,-71.213936
xtal_2.cif,./Al13Sc3N16/121/xtal_2.cif,17.392418,-16.116613
xtal_22.cif,./Al13Sc3N16/121/xtal_22.cif,-77.33332,-69.37519
xtal_25.cif,./Al13Sc3N16/121/xtal_25.cif,-105.09603,-27.439335
xtal_29.cif,./Al13Sc3N16/121/xtal_29.cif,-23.82909,-72.80323
xtal_3.cif,./Al13Sc3N16/121/xtal_3.cif,-83.53957,-46.96132
xtal_31.cif,./Al13Sc3N16/121/xtal_31.cif,72.03008,5.6511087
xtal_32.cif,./Al13Sc3N16/121/xtal_32.cif,59.410015,29.774258
xtal_34.cif,./Al13Sc3N16/121/xtal_34.cif,-48.17787,-75.27224
xtal_35.cif,./Al13Sc3N16/121/xtal_35.cif,-52.03806,-77.59994
xtal_37.cif,./Al13Sc3N16/121/xtal_37.cif,44.166935,48.72877
xtal_39.cif,./Al13Sc3N16/121/xtal_39.cif,-7.134428,-43.360867
xtal_4.cif,./Al13Sc3N16/121/xtal_4.cif,-0.008793131,-36.78012
xtal_42.cif,./Al13Sc3N16/121/xtal_42.cif,-11.492832,-35.94922
xtal_43.cif,./Al13Sc3N16/121/xtal_43.cif,-35.476425,8.984106
xtal_44.cif,./Al13Sc3N16/121/xtal_44.cif,79.56307,-8.349141
xtal_45.cif,./Al13Sc3N16/121/xtal_45.cif,-33.042408,-65.416954
xtal_46.cif,./Al13Sc3N16/121/xtal_46.cif,13.478751,-32.917095
xtal_47.cif,./Al13Sc3N16/121/xtal_47.cif,38.57236,-22.30473
xtal_50.cif,./Al13Sc3N16/121/xtal_50.cif,-105.41046,-22.427383
xtal_51.cif,./Al13Sc3N16/121/xtal_51.cif,2.2559803,68.575714
xtal_52.cif,./Al13Sc3N16/121/xtal_52.cif,8.200574,25.57798
xtal_56.cif,./Al13Sc3N16/121/xtal_56.cif,27.894123,-24.216745
xtal_6.cif,./Al13Sc3N16/121/xtal_6.cif,81.73604,45.36399
xtal_60.cif,./Al13Sc3N16/121/xtal_60.cif,-16.581314,-60.06083
xtal_65.cif,./Al13Sc3N16/121/xtal_65.cif,41.66272,12.887089
xtal_66.cif,./Al13Sc3N16/121/xtal_66.cif,31.020529,88.77999
xtal_67.cif,./Al13Sc3N16/121/xtal_67.cif,-101.35795,-36.017864
xtal_68.cif,./Al13Sc3N16/121/xtal_68.cif,15.807616,-32.98711
xtal_69.cif,./Al13Sc3N16/121/xtal_69.cif,-29.722685,-76.44951
xtal_72.cif,./Al13Sc3N16/121/xtal_72.cif,81.819984,32.057888
xtal_73.cif,./Al13Sc3N16/121/xtal_73.cif,-98.46366,-36.379204
xtal_76.cif,./Al13Sc3N16/121/xtal_76.cif,96.880585,-10.932637
xtal_79.cif,./Al13Sc3N16/121/xtal_79.cif,34.20114,-16.918861
xtal_8.cif,./Al13Sc3N16/121/xtal_8.cif,75.150406,-2.7340257
xtal_80.cif,./Al13Sc3N16/121/xtal_80.cif,51.30516,-10.613835
xtal_81.cif,./Al13Sc3N16/121/xtal_81.cif,68.28753,49.724686
xtal_88.cif,./Al13Sc3N16/121/xtal_88.cif,78.57707,-3.665783
xtal_89.cif,./Al13Sc3N16/121/xtal_89.cif,93.735535,10.284023
xtal_9.cif,./Al13Sc3N16/121/xtal_9.cif,39.70092,-38.26724
xtal_90.cif,./Al13Sc3N16/121/xtal_90.cif,-98.25994,-36.15417
xtal_91.cif,./Al13Sc3N16/121/xtal_91.cif,-74.51099,-75.0915
xtal_94.cif,./Al13Sc3N16/121/xtal_94.cif,11.718003,20.761482
xtal_96.cif,./Al13Sc3N16/121/xtal_96.cif,52.56159,-1.3401551
xtal_11.cif,./Al13Sc3N16/123/xtal_11.cif,64.803566,-41.778095
xtal_13.cif,./Al13Sc3N16/123/xtal_13.cif,-58.451317,-75.94676
xtal_14.cif,./Al13Sc3N16/123/xtal_14.cif,75.80084,29.320995
xtal_16.cif,./Al13Sc3N16/123/xtal_16.cif,-46.823563,-41.145298
xtal_18.cif,./Al13Sc3N16/123/xtal_18.cif,41.89064,8.974277
xtal_19.cif,./Al13Sc3N16/123/xtal_19.cif,60.739964,26.600029
xtal_2.cif,./Al13Sc3N16/123/xtal_2.cif,87.269104,-13.611914
xtal_24.cif,./Al13Sc3N16/123/xtal_24.cif,33.761948,60.011494
xtal_27.cif,./Al13Sc3N16/123/xtal_27.cif,54.51067,20.539993
xtal_29.cif,./Al13Sc3N16/123/xtal_29.cif,20.485283,-37.3067
xtal_3.cif,./Al13Sc3N16/123/xtal_3.cif,10.345003,-21.97302
xtal_30.cif,./Al13Sc3N16/123/xtal_30.cif,-25.533054,-74.651215
xtal_32.cif,./Al13Sc3N16/123/xtal_32.cif,-14.603094,-24.554045
xtal_33.cif,./Al13Sc3N16/123/xtal_33.cif,-105.268394,-21.288454
xtal_34.cif,./Al13Sc3N16/123/xtal_34.cif,-81.01703,-68.50626
xtal_35.cif,./Al13Sc3N16/123/xtal_35.cif,-55.59284,75.414024
xtal_37.cif,./Al13Sc3N16/123/xtal_37.cif,43.304657,63.925354
xtal_39.cif,./Al13Sc3N16/123/xtal_39.cif,0.77746916,-51.06667
xtal_4.cif,./Al13Sc3N16/123/xtal_4.cif,65.656105,-40.58849
xtal_48.cif,./Al13Sc3N16/123/xtal_48.cif,52.44787,16.191326
xtal_52.cif,./Al13Sc3N16/123/xtal_52.cif,24.004782,69.70709
xtal_53.cif,./Al13Sc3N16/123/xtal_53.cif,-65.46149,-73.59559
xtal_54.cif,./Al13Sc3N16/123/xtal_54.cif,7.051581,-49.96422
xtal_55.cif,./Al13Sc3N16/123/xtal_55.cif,-32.675808,-29.974342
xtal_56.cif,./Al13Sc3N16/123/xtal_56.cif,-13.823977,81.61629
xtal_58.cif,./Al13Sc3N16/123/xtal_58.cif,3.8039675,-37.660286
xtal_62.cif,./Al13Sc3N16/123/xtal_62.cif,14.036475,-41.601265
xtal_63.cif,./Al13Sc3N16/123/xtal_63.cif,-77.92537,-70.33391
xtal_64.cif,./Al13Sc3N16/123/xtal_64.cif,-85.87193,-56.176723
xtal_65.cif,./Al13Sc3N16/123/xtal_65.cif,8.803231,-47.46376
xtal_66.cif,./Al13Sc3N16/123/xtal_66.cif,13.261649,17.158726
xtal_68.cif,./Al13Sc3N16/123/xtal_68.cif,29.15683,-13.895737
xtal_71.cif,./Al13Sc3N16/123/xtal_71.cif,43.011246,-15.98822
xtal_73.cif,./Al13Sc3N16/123/xtal_73.cif,16.642403,16.049131
xtal_74.cif,./Al13Sc3N16/123/xtal_74.cif,61.356888,37.972057
xtal_75.cif,./Al13Sc3N16/123/xtal_75.cif,-15.652199,-75.94073
xtal_78.cif,./Al13Sc3N16/123/xtal_78.cif,-79.608025,-40.358505
xtal_79.cif,./Al13Sc3N16/123/xtal_79.cif,41.064198,71.61918
xtal_8.cif,./Al13Sc3N16/123/xtal_8.cif,-4.6433873,58.481487
xtal_81.cif,./Al13Sc3N16/123/xtal_81.cif,32.382935,-14.310322
xtal_84.cif,./Al13Sc3N16/123/xtal_84.cif,-38.57649,-36.893806
xtal_85.cif,./Al13Sc3N16/123/xtal_85.cif,-24.623087,-78.56209
xtal_86.cif,./Al13Sc3N16/123/xtal_86.cif,25.169127,52.953327
xtal_88.cif,./Al13Sc3N16/123/xtal_88.cif,42.458664,-19.5951
xtal_90.cif,./Al13Sc3N16/123/xtal_90.cif,-106.47922,-10.471435
xtal_97.cif,./Al13Sc3N16/123/xtal_97.cif,-34.065926,-77.93865
xtal_100.cif,./Al13Sc3N16/124/xtal_100.cif,12.579671,83.74653
xtal_11.cif,./Al13Sc3N16/124/xtal_11.cif,2.926059,66.047
xtal_13.cif,./Al13Sc3N16/124/xtal_13.cif,65.29567,-40.303055
xtal_16.cif,./Al13Sc3N16/124/xtal_16.cif,-39.616585,-76.62523
xtal_17.cif,./Al13Sc3N16/124/xtal_17.cif,43.779007,-8.044565
xtal_18.cif,./Al13Sc3N16/124/xtal_18.cif,-30.573553,-74.75583
xtal_19.cif,./Al13Sc3N16/124/xtal_19.cif,-0.71788615,24.21292
xtal_2.cif,./Al13Sc3N16/124/xtal_2.cif,30.84177,9.979639
xtal_20.cif,./Al13Sc3N16/124/xtal_20.cif,30.881315,-8.917565
xtal_21.cif,./Al13Sc3N16/124/xtal_21.cif,1.6671375,-54.74782
xtal_22.cif,./Al13Sc3N16/124/xtal_22.cif,67.33574,39.24145
xtal_27.cif,./Al13Sc3N16/124/xtal_27.cif,59.589397,2.507837
xtal_28.cif,./Al13Sc3N16/124/xtal_28.cif,-10.190749,-39.94413
xtal_30.cif,./Al13Sc3N16/124/xtal_30.cif,16.11184,29.977743
xtal_34.cif,./Al13Sc3N16/124/xtal_34.cif,37.45416,-11.244792
xtal_35.cif,./Al13Sc3N16/124/xtal_35.cif,40.814354,4.214868
xtal_42.cif,./Al13Sc3N16/124/xtal_42.cif,-85.227295,-59.878082
xtal_43.cif,./Al13Sc3N16/124/xtal_43.cif,18.799934,-20.175144
xtal_45.cif,./Al13Sc3N16/124/xtal_45.cif,45.025806,-21.827942
xtal_46.cif,./Al13Sc3N16/124/xtal_46.cif,-107.6553,-2.6149104
xtal_47.cif,./Al13Sc3N16/124/xtal_47.cif,60.81219,20.07406
xtal_48.cif,./Al13Sc3N16/124/xtal_48.cif,19.34431,12.31191
xtal_5.cif,./Al13Sc3N16/124/xtal_5.cif,19.760275,-38.871048
xtal_50.cif,./Al13Sc3N16/124/xtal_50.cif,-9.185869,27.976254
xtal_51.cif,./Al13Sc3N16/124/xtal_51.cif,17.37223,-17.089054
xtal_55.cif,./Al13Sc3N16/124/xtal_55.cif,-89.87252,-53.52282
xtal_57.cif,./Al13Sc3N16/124/xtal_57.cif,-44.605186,19.864044
xtal_58.cif,./Al13Sc3N16/124/xtal_58.cif,37.96296,66.29486
xtal_59.cif,./Al13Sc3N16/124/xtal_59.cif,-33.788353,-73.64049
xtal_6.cif,./Al13Sc3N16/124/xtal_6.cif,65.28211,28.797089
xtal_62.cif,./Al13Sc3N16/124/xtal_62.cif,-32.030083,-4.953165
xtal_68.cif,./Al13Sc3N16/124/xtal_68.cif,63.094917,32.11312
xtal_7.cif,./Al13Sc3N16/124/xtal_7.cif,-58.42746,-75.84092
xtal_71.cif,./Al13Sc3N16/124/xtal_71.cif,-7.5680814,-70.91126
xtal_72.cif,./Al13Sc3N16/124/xtal_72.cif,-47.08356,-76.573265
xtal_75.cif,./Al13Sc3N16/124/xtal_75.cif,-53.462585,45.361435
xtal_77.cif,./Al13Sc3N16/124/xtal_77.cif,62.533585,28.006369
xtal_78.cif,./Al13Sc3N16/124/xtal_78.cif,-78.05109,-66.946396
xtal_79.cif,./Al13Sc3N16/124/xtal_79.cif,-11.874606,37.2865
xtal_8.cif,./Al13Sc3N16/124/xtal_8.cif,34.368053,-18.780354
xtal_83.cif,./Al13Sc3N16/124/xtal_83.cif,-61.916832,-78.2318
xtal_84.cif,./Al13Sc3N16/124/xtal_84.cif,18.15788,12.985063
xtal_85.cif,./Al13Sc3N16/124/xtal_85.cif,64.79144,50.05273
xtal_86.cif,./Al13Sc3N16/124/xtal_86.cif,26.740757,65.938034
xtal_88.cif,./Al13Sc3N16/124/xtal_88.cif,-62.992416,-76.166336
xtal_91.cif,./Al13Sc3N16/124/xtal_91.cif,-43.784214,15.281094
xtal_93.cif,./Al13Sc3N16/124/xtal_93.cif,-46.234016,-76.308395
xtal_94.cif,./Al13Sc3N16/124/xtal_94.cif,63.379337,48.228218
xtal_96.cif,./Al13Sc3N16/124/xtal_96.cif,0.9288295,-53.95673
xtal_99.cif,./Al13Sc3N16/124/xtal_99.cif,59.80574,31.702713
xtal_10.cif,./Al13Sc3N16/125/xtal_10.cif,57.88514,32.45985
xtal_100.cif,./Al13Sc3N16/125/xtal_100.cif,-7.816773,-37.19325
xtal_11.cif,./Al13Sc3N16/125/xtal_11.cif,-0.71188235,-36.09407
xtal_14.cif,./Al13Sc3N16/125/xtal_14.cif,29.59605,-28.540485
xtal_16.cif,./Al13Sc3N16/125/xtal_16.cif,-41.31484,-73.02466
xtal_18.cif,./Al13Sc3N16/125/xtal_18.cif,-75.92323,-65.64653
xtal_19.cif,./Al13Sc3N16/125/xtal_19.cif,-36.685104,79.19842
xtal_20.cif,./Al13Sc3N16/125/xtal_20.cif,71.93964,50.76474
xtal_24.cif,./Al13Sc3N16/125/xtal_24.cif,45.16833,1.9600066
xtal_25.cif,./Al13Sc3N16/125/xtal_25.cif,-65.576584,-73.488205
xtal_28.cif,./Al13Sc3N16/125/xtal_28.cif,13.09767,20.841576
xtal_31.cif,./Al13Sc3N16/125/xtal_31.cif,26.782946,23.770771
xtal_36.cif,./Al13Sc3N16/125/xtal_36.cif,-64.82589,-72.43784
xtal_38.cif,./Al13Sc3N16/125/xtal_38.cif,1.2195129,43.610653
xtal_39.cif,./Al13Sc3N16/125/xtal_39.cif,-4.1130033,-53.004707
xtal_4.cif,./Al13Sc3N16/125/xtal_4.cif,-76.3994,-71.8749
xtal_40.cif,./Al13Sc3N16/125/xtal_40.cif,63.817265,16.969196
xtal_42.cif,./Al13Sc3N16/125/xtal_42.cif,66.310455,50.65613
xtal_43.cif,./Al13Sc3N16/125/xtal_43.cif,60.025597,68.490204
xtal_44.cif,./Al13Sc3N16/125/xtal_44.cif,41.233437,-7.9710984
xtal_47.cif,./Al13Sc3N16/125/xtal_47.cif,2.7577586,75.80368
xtal_48.cif,./Al13Sc3N16/125/xtal_48.cif,-15.407289,-36.749283
xtal_49.cif,./Al13Sc3N16/125/xtal_49.cif,25.663254,17.682829
xtal_5.cif,./Al13Sc3N16/125/xtal_5.cif,-30.532078,-75.56668
xtal_50.cif,./Al13Sc3N16/125/xtal_50.cif,21.215261,76.65563
xtal_55.cif,./Al13Sc3N16/125/xtal_55.cif,6.25093,-23.157005
xtal_56.cif,./Al13Sc3N16/125/xtal_56.cif,38.26166,-20.146706
xtal_58.cif,./Al13Sc3N16/125/xtal_58.cif,-86.08404,-59.54684
xtal_59.cif,./Al13Sc3N16/125/xtal_59.cif,43.49925,62.093704
xtal_6.cif,./Al13Sc3N16/125/xtal_6.cif,-32.13671,-80.362495
xtal_60.cif,./Al13Sc3N16/125/xtal_60.cif,-18.294575,-63.31275
xtal_61.cif,./Al13Sc3N16/125/xtal_61.cif,11.435465,-31.66249
xtal_62.cif,./Al13Sc3N16/125/xtal_62.cif,-8.991847,-44.646156
xtal_63.cif,./Al13Sc3N16/125/xtal_63.cif,33.611744,-12.006489
xtal_64.cif,./Al13Sc3N16/125/xtal_64.cif,68.138565,17.23725
xtal_65.cif,./Al13Sc3N16/125/xtal_65.cif,-16.32685,-31.12123
xtal_70.cif,./Al13Sc3N16/125/xtal_70.cif,9.255726,-37.221806
xtal_72.cif,./Al13Sc3N16/125/xtal_72.cif,22.883677,16.589039
xtal_76.cif,./Al13Sc3N16/125/xtal_76.cif,30.207865,-8.811804
xtal_77.cif,./Al13Sc3N16/125/xtal_77.cif,38.12687,17.192646
xtal_79.cif,./Al13Sc3N16/125/xtal_79.cif,45.269394,2.9748313
xtal_8.cif,./Al13Sc3N16/125/xtal_8.cif,61.921505,21.395119
xtal_89.cif,./Al13Sc3N16/125/xtal_89.cif,22.410025,18.281954
xtal_91.cif,./Al13Sc3N16/125/xtal_91.cif,50.118,49.715054
xtal_93.cif,./Al13Sc3N16/125/xtal_93.cif,-107.637535,6.1128263
xtal_98.cif,./Al13Sc3N16/125/xtal_98.cif,69.621216,-43.050648
xtal_1.cif,./Al13Sc3N16/126/xtal_1.cif,23.499153,18.77153
xtal_10.cif,./Al13Sc3N16/126/xtal_10.cif,-54.084965,46.282265
xtal_100.cif,./Al13Sc3N16/126/xtal_100.cif,-45.004948,-75.395386
xtal_11.cif,./Al13Sc3N16/126/xtal_11.cif,66.27571,56.74628
xtal_15.cif,./Al13Sc3N16/126/xtal_15.cif,-8.964937,56.38141
xtal_18.cif,./Al13Sc3N16/126/xtal_18.cif,16.427158,79.0667
xtal_19.cif,./Al13Sc3N16/126/xtal_19.cif,31.779392,-1.2574667
xtal_24.cif,./Al13Sc3N16/126/xtal_24.cif,18.547752,-15.573533
xtal_25.cif,./Al13Sc3N16/126/xtal_25.cif,-33.820835,-68.69705
xtal_27.cif,./Al13Sc3N16/126/xtal_27.cif,83.66886,39.923477
xtal_29.cif,./Al13Sc3N16/126/xtal_29.cif,40.585003,-0.9668025
xtal_3.cif,./Al13Sc3N16/126/xtal_3.cif,14.812064,52.090855
xtal_31.cif,./Al13Sc3N16/126/xtal_31.cif,-91.3686,-46.36403
xtal_32.cif,./Al13Sc3N16/126/xtal_32.cif,-22.188967,23.20101
xtal_33.cif,./Al13Sc3N16/126/xtal_33.cif,47.349712,26.692049
xtal_39.cif,./Al13Sc3N16/126/xtal_39.cif,-5.969417,-55.444496
xtal_40.cif,./Al13Sc3N16/126/xtal_40.cif,-14.061371,-21.732868
xtal_42.cif,./Al13Sc3N16/126/xtal_42.cif,-96.281624,-40.311043
xtal_43.cif,./Al13Sc3N16/126/xtal_43.cif,-93.85254,-26.357952
xtal_45.cif,./Al13Sc3N16/126/xtal_45.cif,16.625856,48.784737
xtal_46.cif,./Al13Sc3N16/126/xtal_46.cif,-75.282776,-70.161514
xtal_47.cif,./Al13Sc3N16/126/xtal_47.cif,-25.566433,22.296625
xtal_48.cif,./Al13Sc3N16/126/xtal_48.cif,6.738558,-41.21004
xtal_49.cif,./Al13Sc3N16/126/xtal_49.cif,-49.969776,-74.6059
xtal_51.cif,./Al13Sc3N16/126/xtal_51.cif,-89.98755,-60.733856
xtal_52.cif,./Al13Sc3N16/126/xtal_52.cif,15.508639,-27.755955
xtal_54.cif,./Al13Sc3N16/126/xtal_54.cif,19.93998,-34.72319
xtal_55.cif,./Al13Sc3N16/126/xtal_55.cif,48.488094,30.698812
xtal_57.cif,./Al13Sc3N16/126/xtal_57.cif,19.331879,13.189582
xtal_60.cif,./Al13Sc3N16/126/xtal_60.cif,0.7783041,52.526775
xtal_63.cif,./Al13Sc3N16/126/xtal_63.cif,68.69215,34.6887
xtal_64.cif,./Al13Sc3N16/126/xtal_64.cif,11.102415,-34.745388
xtal_65.cif,./Al13Sc3N16/126/xtal_65.cif,12.41203,83.67384
xtal_7.cif,./Al13Sc3N16/126/xtal_7.cif,63.476936,24.503916
xtal_72.cif,./Al13Sc3N16/126/xtal_72.cif,74.515724,30.477747
xtal_74.cif,./Al13Sc3N16/126/xtal_74.cif,44.53657,7.7151504
xtal_76.cif,./Al13Sc3N16/126/xtal_76.cif,19.204409,-31.041914
xtal_78.cif,./Al13Sc3N16/126/xtal_78.cif,4.2636433,19.035294
xtal_8.cif,./Al13Sc3N16/126/xtal_8.cif,81.4843,40.112232
xtal_80.cif,./Al13Sc3N16/126/xtal_80.cif,-17.88993,21.334684
xtal_81.cif,./Al13Sc3N16/126/xtal_81.cif,-13.130869,-56.435783
xtal_82.cif,./Al13Sc3N16/126/xtal_82.cif,-7.2178473,-59.23169
xtal_86.cif,./Al13Sc3N16/126/xtal_86.cif,14.435714,-13.395619
xtal_87.cif,./Al13Sc3N16/126/xtal_87.cif,-11.659591,-1.0722773
xtal_89.cif,./Al13Sc3N16/126/xtal_89.cif,33.166595,9.836916
xtal_9.cif,./Al13Sc3N16/126/xtal_9.cif,-78.54262,-67.44765
xtal_90.cif,./Al13Sc3N16/126/xtal_90.cif,-39.446255,-68.04146
xtal_91.cif,./Al13Sc3N16/126/xtal_91.cif,-90.68726,-58.031296
xtal_94.cif,./Al13Sc3N16/126/xtal_94.cif,-17.005886,-21.817331
xtal_98.cif,./Al13Sc3N16/126/xtal_98.cif,0.34597626,59.597538
xtal_1.cif,./Al13Sc3N16/127/xtal_1.cif,-21.475468,-64.95533
xtal_10.cif,./Al13Sc3N16/127/xtal_10.cif,-12.862475,27.048399
xtal_13.cif,./Al13Sc3N16/127/xtal_13.cif,-2.8363278,12.853641
xtal_15.cif,./Al13Sc3N16/127/xtal_15.cif,-76.6726,-65.05289
xtal_17.cif,./Al13Sc3N16/127/xtal_17.cif,32.399742,67.69416
xtal_18.cif,./Al13Sc3N16/127/xtal_18.cif,-16.378962,-71.27188
xtal_20.cif,./Al13Sc3N16/127/xtal_20.cif,35.425068,-6.380966
xtal_22.cif,./Al13Sc3N16/127/xtal_22.cif,29.771801,-14.864347
xtal_24.cif,./Al13Sc3N16/127/xtal_24.cif,18.81449,-33.863148
xtal_26.cif,./Al13Sc3N16/127/xtal_26.cif,63.564953,31.153788
xtal_27.cif,./Al13Sc3N16/127/xtal_27.cif,-106.82607,-11.097122
xtal_28.cif,./Al13Sc3N16/127/xtal_28.cif,17.04059,58.916706
xtal_29.cif,./Al13Sc3N16/127/xtal_29.cif,-107.4532,4.1909995
xtal_30.cif,./Al13Sc3N16/127/xtal_30.cif,-102.822914,-26.249823
xtal_32.cif,./Al13Sc3N16/127/xtal_32.cif,-11.27687,67.92104
xtal_34.cif,./Al13Sc3N16/127/xtal_34.cif,-0.7943408,-47.649914
xtal_35.cif,./Al13Sc3N16/127/xtal_35.cif,-21.875444,-18.120024
xtal_4.cif,./Al13Sc3N16/127/xtal_4.cif,14.489363,-34.526466
xtal_40.cif,./Al13Sc3N16/127/xtal_40.cif,58.33349,47.383034
xtal_45.cif,./Al13Sc3N16/127/xtal_45.cif,32.206593,-11.281964
xtal_47.cif,./Al13Sc3N16/127/xtal_47.cif,22.418287,16.084238
xtal_49.cif,./Al13Sc3N16/127/xtal_49.cif,-18.900229,-79.233795
xtal_52.cif,./Al13Sc3N16/127/xtal_52.cif,13.665552,85.31239
xtal_56.cif,./Al13Sc3N16/127/xtal_56.cif,-44.50019,-76.157135
xtal_61.cif,./Al13Sc3N16/127/xtal_61.cif,26.230877,-15.038118
xtal_62.cif,./Al13Sc3N16/127/xtal_62.cif,-94.98162,-43.802673
xtal_66.cif,./Al13Sc3N16/127/xtal_66.cif,-48.479614,52.730972
xtal_67.cif,./Al13Sc3N16/127/xtal_67.cif,-76.52274,-70.09888
xtal_68.cif,./Al13Sc3N16/127/xtal_68.cif,48.557125,67.10744
xtal_69.cif,./Al13Sc3N16/127/xtal_69.cif,-61.34858,-76.374466
xtal_7.cif,./Al13Sc3N16/127/xtal_7.cif,44.058384,38.98489
xtal_70.cif,./Al13Sc3N16/127/xtal_70.cif,0.13274923,52.01633
xtal_72.cif,./Al13Sc3N16/127/xtal_72.cif,41.70944,11.439081
xtal_73.cif,./Al13Sc3N16/127/xtal_73.cif,32.260143,3.0887113
xtal_74.cif,./Al13Sc3N16/127/xtal_74.cif,18.82793,42.243122
xtal_76.cif,./Al13Sc3N16/127/xtal_76.cif,31.97632,67.81492
xtal_8.cif,./Al13Sc3N16/127/xtal_8.cif,-45.25634,-76.250175
xtal_81.cif,./Al13Sc3N16/127/xtal_81.cif,63.132027,-15.811881
xtal_88.cif,./Al13Sc3N16/127/xtal_88.cif,84.46294,0.12515463
xtal_89.cif,./Al13Sc3N16/127/xtal_89.cif,14.834356,-34.73168
xtal_90.cif,./Al13Sc3N16/127/xtal_90.cif,44.37367,-10.111172
xtal_91.cif,./Al13Sc3N16/127/xtal_91.cif,-42.76815,-78.89594
xtal_92.cif,./Al13Sc3N16/127/xtal_92.cif,50.750355,5.054934
xtal_93.cif,./Al13Sc3N16/127/xtal_93.cif,25.22913,-29.092878
xtal_94.cif,./Al13Sc3N16/127/xtal_94.cif,14.366185,20.796936
xtal_96.cif,./Al13Sc3N16/127/xtal_96.cif,-64.31664,-76.08715
xtal_99.cif,./Al13Sc3N16/127/xtal_99.cif,-38.996746,-76.35225
xtal_13.cif,./Al13Sc3N16/128/xtal_13.cif,-25.89397,-61.6903
xtal_15.cif,./Al13Sc3N16/128/xtal_15.cif,-34.579124,-73.49451
xtal_16.cif,./Al13Sc3N16/128/xtal_16.cif,-43.128952,32.306946
xtal_17.cif,./Al13Sc3N16/128/xtal_17.cif,-76.2801,-65.151794
xtal_19.cif,./Al13Sc3N16/128/xtal_19.cif,24.43558,-19.291964
xtal_2.cif,./Al13Sc3N16/128/xtal_2.cif,47.864193,81.824295
xtal_23.cif,./Al13Sc3N16/128/xtal_23.cif,12.761508,-13.049834
xtal_26.cif,./Al13Sc3N16/128/xtal_26.cif,45.411133,38.904217
xtal_28.cif,./Al13Sc3N16/128/xtal_28.cif,-39.442738,-77.17813
xtal_3.cif,./Al13Sc3N16/128/xtal_3.cif,70.18695,55.386833
xtal_31.cif,./Al13Sc3N16/128/xtal_31.cif,-107.58566,-1.5908082
xtal_32.cif,./Al13Sc3N16/128/xtal_32.cif,-43.52067,29.569574
xtal_34.cif,./Al13Sc3N16/128/xtal_34.cif,24.742943,-5.7452335
xtal_35.cif,./Al13Sc3N16/128/xtal_35.cif,28.630655,-17.77086
xtal_37.cif,./Al13Sc3N16/128/xtal_37.cif,-7.9904857,2.1111023
xtal_39.cif,./Al13Sc3N16/128/xtal_39.cif,-35.485043,-81.2013
xtal_40.cif,./Al13Sc3N16/128/xtal_40.cif,-88.94156,-60.535576
xtal_41.cif,./Al13Sc3N16/128/xtal_41.cif,-14.231746,21.041723
xtal_42.cif,./Al13Sc3N16/128/xtal_42.cif,16.575733,-46.27522
xtal_43.cif,./Al13Sc3N16/128/xtal_43.cif,53.657627,70.60261
xtal_45.cif,./Al13Sc3N16/128/xtal_45.cif,30.100382,-21.207016
xtal_46.cif,./Al13Sc3N16/128/xtal_46.cif,14.440992,72.11913
xtal_47.cif,./Al13Sc3N16/128/xtal_47.cif,-74.33703,11.129723
xtal_48.cif,./Al13Sc3N16/128/xtal_48.cif,-15.835318,-26.998657
xtal_49.cif,./Al13Sc3N16/128/xtal_49.cif,44.8324,45.754246
xtal_50.cif,./Al13Sc3N16/128/xtal_50.cif,0.103680365,-36.663277
xtal_51.cif,./Al13Sc3N16/128/xtal_51.cif,26.951487,66.02478
xtal_52.cif,./Al13Sc3N16/128/xtal_52.cif,73.289444,36.403435
xtal_54.cif,./Al13Sc3N16/128/xtal_54.cif,72.196365,56.220203
xtal_58.cif,./Al13Sc3N16/128/xtal_58.cif,-52.315464,-71.44168
xtal_6.cif,./Al13Sc3N16/128/xtal_6.cif,8.273815,-43.345848
xtal_62.cif,./Al13Sc3N16/128/xtal_62.cif,6.2463202,-18.00167
xtal_64.cif,./Al13Sc3N16/128/xtal_64.cif,37.418262,20.60227
xtal_66.cif,./Al13Sc3N16/128/xtal_66.cif,47.371025,9.825418
xtal_69.cif,./Al13Sc3N16/128/xtal_69.cif,76.0315,44.561333
xtal_7.cif,./Al13Sc3N16/128/xtal_7.cif,76.186714,28.776579
xtal_70.cif,./Al13Sc3N16/128/xtal_70.cif,44.235466,33.41531
xtal_71.cif,./Al13Sc3N16/128/xtal_71.cif,40.46552,18.017906
xtal_73.cif,./Al13Sc3N16/128/xtal_73.cif,22.888683,56.20356
xtal_74.cif,./Al13Sc3N16/128/xtal_74.cif,7.3184056,-43.24281
xtal_77.cif,./Al13Sc3N16/128/xtal_77.cif,-103.58697,-24.799793
xtal_79.cif,./Al13Sc3N16/128/xtal_79.cif,-100.7485,-35.42733
xtal_8.cif,./Al13Sc3N16/128/xtal_8.cif,-28.707151,-59.448296
xtal_80.cif,./Al13Sc3N16/128/xtal_80.cif,-59.972786,-79.55686
xtal_87.cif,./Al13Sc3N16/128/xtal_87.cif,12.177672,-37.360046
xtal_89.cif,./Al13Sc3N16/128/xtal_89.cif,37.789997,58.832497
xtal_9.cif,./Al13Sc3N16/128/xtal_9.cif,54.729984,66.02954
xtal_90.cif,./Al13Sc3N16/128/xtal_90.cif,-11.093596,-64.546745
xtal_95.cif,./Al13Sc3N16/128/xtal_95.cif,-45.25869,-31.486313
xtal_13.cif,./Al13Sc3N16/129/xtal_13.cif,50.781784,-16.210913
xtal_14.cif,./Al13Sc3N16/129/xtal_14.cif,64.66504,25.95923
xtal_16.cif,./Al13Sc3N16/129/xtal_16.cif,-24.382183,24.711874
xtal_2.cif,./Al13Sc3N16/129/xtal_2.cif,49.156857,14.331176
xtal_20.cif,./Al13Sc3N16/129/xtal_20.cif,66.53702,51.050102
xtal_21.cif,./Al13Sc3N16/129/xtal_21.cif,66.295906,41.544888
xtal_23.cif,./Al13Sc3N16/129/xtal_23.cif,22.166822,-11.275088
xtal_24.cif,./Al13Sc3N16/129/xtal_24.cif,52.745804,35.256817
xtal_25.cif,./Al13Sc3N16/129/xtal_25.cif,37.94697,70.98601
xtal_27.cif,./Al13Sc3N16/129/xtal_27.cif,86.21388,-5.4288836
xtal_28.cif,./Al13Sc3N16/129/xtal_28.cif,61.24201,23.123774
xtal_29.cif,./Al13Sc3N16/129/xtal_29.cif,88.04094,5.810406
xtal_30.cif,./Al13Sc3N16/129/xtal_30.cif,-62.987427,-78.93688
xtal_31.cif,./Al13Sc3N16/129/xtal_31.cif,14.377095,20.99899
xtal_34.cif,./Al13Sc3N16/129/xtal_34.cif,8.569977,-25.895813
xtal_39.cif,./Al13Sc3N16/129/xtal_39.cif,-107.33006,-0.4177269
xtal_4.cif,./Al13Sc3N16/129/xtal_4.cif,33.24586,-6.3129706
xtal_40.cif,./Al13Sc3N16/129/xtal_40.cif,-46.61344,-77.860725
xtal_41.cif,./Al13Sc3N16/129/xtal_41.cif,15.711446,50.927166
xtal_42.cif,./Al13Sc3N16/129/xtal_42.cif,-29.000109,-73.648445
xtal_45.cif,./Al13Sc3N16/129/xtal_45.cif,-98.34689,-34.427856
xtal_46.cif,./Al13Sc3N16/129/xtal_46.cif,23.139269,-13.058247
xtal_48.cif,./Al13Sc3N16/129/xtal_48.cif,27.927988,-31.933626
xtal_49.cif,./Al13Sc3N16/129/xtal_49.cif,73.19445,40.23815
xtal_5.cif,./Al13Sc3N16/129/xtal_5.cif,3.4407537,-44.33286
xtal_51.cif,./Al13Sc3N16/129/xtal_51.cif,48.449062,51.514076
xtal_53.cif,./Al13Sc3N16/129/xtal_53.cif,62.878963,20.965103
xtal_54.cif,./Al13Sc3N16/129/xtal_54.cif,-14.071281,-55.60747
xtal_55.cif,./Al13Sc3N16/129/xtal_55.cif,-78.19254,-69.09799
xtal_57.cif,./Al13Sc3N16/129/xtal_57.cif,55.585255,26.395874
xtal_58.cif,./Al13Sc3N16/129/xtal_58.cif,47.471752,22.32243
xtal_60.cif,./Al13Sc3N16/129/xtal_60.cif,-5.7904015,-35.407204
xtal_63.cif,./Al13Sc3N16/129/xtal_63.cif,77.26817,39.5832
xtal_64.cif,./Al13Sc3N16/129/xtal_64.cif,69.325745,0.67217034
xtal_71.cif,./Al13Sc3N16/129/xtal_71.cif,54.55032,18.98546
xtal_74.cif,./Al13Sc3N16/129/xtal_74.cif,-17.619703,-64.13217
xtal_77.cif,./Al13Sc3N16/129/xtal_77.cif,-64.98929,-75.5278
xtal_80.cif,./Al13Sc3N16/129/xtal_80.cif,-102.039856,-27.696177
xtal_83.cif,./Al13Sc3N16/129/xtal_83.cif,31.42582,-7.26773
xtal_86.cif,./Al13Sc3N16/129/xtal_86.cif,-16.626965,-54.388435
xtal_88.cif,./Al13Sc3N16/129/xtal_88.cif,31.327833,5.582993
xtal_89.cif,./Al13Sc3N16/129/xtal_89.cif,-29.718584,-61.846046
xtal_90.cif,./Al13Sc3N16/129/xtal_90.cif,78.06559,32.533497
xtal_93.cif,./Al13Sc3N16/129/xtal_93.cif,44.434784,11.472386
xtal_94.cif,./Al13Sc3N16/129/xtal_94.cif,-19.538128,-68.38385
xtal_95.cif,./Al13Sc3N16/129/xtal_95.cif,-21.187685,-70.27274
xtal_98.cif,./Al13Sc3N16/129/xtal_98.cif,-13.719237,4.577586
xtal_10.cif,./Al13Sc3N16/131/xtal_10.cif,-106.48866,-15.7479
xtal_100.cif,./Al13Sc3N16/131/xtal_100.cif,-4.1545057,-52.529957
xtal_11.cif,./Al13Sc3N16/131/xtal_11.cif,-94.211784,-55.869198
xtal_12.cif,./Al13Sc3N16/131/xtal_12.cif,41.440716,24.748577
xtal_14.cif,./Al13Sc3N16/131/xtal_14.cif,64.22771,31.613419
xtal_15.cif,./Al13Sc3N16/131/xtal_15.cif,-15.202758,25.65596
xtal_16.cif,./Al13Sc3N16/131/xtal_16.cif,72.91013,41.82602
xtal_2.cif,./Al13Sc3N16/131/xtal_2.cif,-0.9728512,-56.7297
xtal_22.cif,./Al13Sc3N16/131/xtal_22.cif,18.672127,-14.965566
xtal_24.cif,./Al13Sc3N16/131/xtal_24.cif,27.569328,18.246141
xtal_27.cif,./Al13Sc3N16/131/xtal_27.cif,56.105892,14.872663
xtal_28.cif,./Al13Sc3N16/131/xtal_28.cif,55.89007,15.347016
xtal_30.cif,./Al13Sc3N16/131/xtal_30.cif,29.955492,77.26839
xtal_32.cif,./Al13Sc3N16/131/xtal_32.cif,-85.28824,-36.517155
xtal_33.cif,./Al13Sc3N16/131/xtal_33.cif,-45.009876,-82.955444
xtal_34.cif,./Al13Sc3N16/131/xtal_34.cif,-0.22573483,-58.561344
xtal_36.cif,./Al13Sc3N16/131/xtal_36.cif,1.6982802,-53.65488
xtal_40.cif,./Al13Sc3N16/131/xtal_40.cif,38.427757,-1.569974
xtal_41.cif,./Al13Sc3N16/131/xtal_41.cif,0.7085292,-42.059387
xtal_42.cif,./Al13Sc3N16/131/xtal_42.cif,-39.34993,-68.11351
xtal_46.cif,./Al13Sc3N16/131/xtal_46.cif,52.154865,20.490501
xtal_48.cif,./Al13Sc3N16/131/xtal_48.cif,-45.192715,-55.416027
xtal_49.cif,./Al13Sc3N16/131/xtal_49.cif,-5.5833044,-38.88484
xtal_50.cif,./Al13Sc3N16/131/xtal_50.cif,-88.30149,-62.87504
xtal_51.cif,./Al13Sc3N16/131/xtal_51.cif,40.001686,-1.1094835
xtal_52.cif,./Al13Sc3N16/131/xtal_52.cif,8.877263,86.74423
xtal_53.cif,./Al13Sc3N16/131/xtal_53.cif,7.847789,1.2080859
xtal_55.cif,./Al13Sc3N16/131/xtal_55.cif,-98.31044,-34.489918
xtal_57.cif,./Al13Sc3N16/131/xtal_57.cif,43.985672,5.918335
xtal_58.cif,./Al13Sc3N16/131/xtal_58.cif,-16.268234,28.317274
xtal_60.cif,./Al13Sc3N16/131/xtal_60.cif,-107.2277,-10.309386
xtal_61.cif,./Al13Sc3N16/131/xtal_61.cif,-16.277967,38.840862
xtal_64.cif,./Al13Sc3N16/131/xtal_64.cif,7.148537,-40.860207
xtal_68.cif,./Al13Sc3N16/131/xtal_68.cif,-99.79995,-38.61136
xtal_69.cif,./Al13Sc3N16/131/xtal_69.cif,-83.33324,-67.53777
xtal_70.cif,./Al13Sc3N16/131/xtal_70.cif,46.95869,47.309353
xtal_72.cif,./Al13Sc3N16/131/xtal_72.cif,-106.88602,-14.957637
xtal_78.cif,./Al13Sc3N16/131/xtal_78.cif,-17.763447,-74.54439
xtal_8.cif,./Al13Sc3N16/131/xtal_8.cif,8.744945,-47.126865
xtal_82.cif,./Al13Sc3N16/131/xtal_82.cif,17.527,-24.748075
xtal_83.cif,./Al13Sc3N16/131/xtal_83.cif,-31.757801,-79.3939
xtal_85.cif,./Al13Sc3N16/131/xtal_85.cif,37.674614,-16.66948
xtal_9.cif,./Al13Sc3N16/131/xtal_9.cif,2.9980228,38.62288
xtal_93.cif,./Al13Sc3N16/131/xtal_93.cif,68.67508,43.15923
xtal_94.cif,./Al13Sc3N16/131/xtal_94.cif,21.615988,75.19474
xtal_95.cif,./Al13Sc3N16/131/xtal_95.cif,-34.64448,-68.990456
xtal_98.cif,./Al13Sc3N16/131/xtal_98.cif,-30.432993,-61.686874
xtal_99.cif,./Al13Sc3N16/131/xtal_99.cif,-16.046879,-54.19975
xtal_10.cif,./Al13Sc3N16/132/xtal_10.cif,64.64007,53.998444
xtal_11.cif,./Al13Sc3N16/132/xtal_11.cif,28.685406,-33.09889
xtal_13.cif,./Al13Sc3N16/132/xtal_13.cif,55.158047,41.143757
xtal_14.cif,./Al13Sc3N16/132/xtal_14.cif,64.509766,45.39929
xtal_15.cif,./Al13Sc3N16/132/xtal_15.cif,-5.572256,-52.987324
xtal_18.cif,./Al13Sc3N16/132/xtal_18.cif,20.389511,-42.48112
xtal_19.cif,./Al13Sc3N16/132/xtal_19.cif,-2.3727267,-61.80581
xtal_2.cif,./Al13Sc3N16/132/xtal_2.cif,29.663052,-28.66314
xtal_22.cif,./Al13Sc3N16/132/xtal_22.cif,-96.86996,-43.481762
xtal_23.cif,./Al13Sc3N16/132/xtal_23.cif,32.721203,-14.273819
xtal_25.cif,./Al13Sc3N16/132/xtal_25.cif,55.354275,13.822017
xtal_27.cif,./Al13Sc3N16/132/xtal_27.cif,2.5493317,-48.680275
xtal_29.cif,./Al13Sc3N16/132/xtal_29.cif,32.61247,6.0555496
xtal_31.cif,./Al13Sc3N16/132/xtal_31.cif,-46.780087,-74.28339
xtal_33.cif,./Al13Sc3N16/132/xtal_33.cif,-14.379463,-56.012432
xtal_34.cif,./Al13Sc3N16/132/xtal_34.cif,34.114033,-15.771311
xtal_37.cif,./Al13Sc3N16/132/xtal_37.cif,41.482826,2.6587822
xtal_38.cif,./Al13Sc3N16/132/xtal_38.cif,19.083284,50.898304
xtal_39.cif,./Al13Sc3N16/132/xtal_39.cif,-97.232254,-45.321533
xtal_40.cif,./Al13Sc3N16/132/xtal_40.cif,44.098423,17.340715
xtal_49.cif,./Al13Sc3N16/132/xtal_49.cif,91.83865,-2.0520687
xtal_50.cif,./Al13Sc3N16/132/xtal_50.cif,30.004107,-15.311186
xtal_52.cif,./Al13Sc3N16/132/xtal_52.cif,30.517027,-3.032726
xtal_53.cif,./Al13Sc3N16/132/xtal_53.cif,55.61414,28.106215
xtal_54.cif,./Al13Sc3N16/132/xtal_54.cif,64.724144,34.801365
xtal_55.cif,./Al13Sc3N16/132/xtal_55.cif,-62.876083,-78.28049
xtal_56.cif,./Al13Sc3N16/132/xtal_56.cif,53.001953,20.999592
xtal_57.cif,./Al13Sc3N16/132/xtal_57.cif,-52.68775,37.40028
xtal_6.cif,./Al13Sc3N16/132/xtal_6.cif,21.65881,64.33124
xtal_60.cif,./Al13Sc3N16/132/xtal_60.cif,64.30418,47.094128
xtal_66.cif,./Al13Sc3N16/132/xtal_66.cif,-27.63756,-72.56184
xtal_67.cif,./Al13Sc3N16/132/xtal_67.cif,-87.82253,-30.035763
xtal_69.cif,./Al13Sc3N16/132/xtal_69.cif,-5.451889,-75.80988
xtal_71.cif,./Al13Sc3N16/132/xtal_71.cif,-14.517624,29.076094
xtal_73.cif,./Al13Sc3N16/132/xtal_73.cif,57.775673,17.363499
xtal_76.cif,./Al13Sc3N16/132/xtal_76.cif,-0.7099737,-36.104706
xtal_78.cif,./Al13Sc3N16/132/xtal_78.cif,66.60468,51.77597
xtal_79.cif,./Al13Sc3N16/132/xtal_79.cif,19.162262,-3.8767214
xtal_81.cif,./Al13Sc3N16/132/xtal_81.cif,-45.257175,-31.471899
xtal_84.cif,./Al13Sc3N16/132/xtal_84.cif,41.59706,5.2485533
xtal_85.cif,./Al13Sc3N16/132/xtal_85.cif,-2.096331,-44.639877
xtal_86.cif,./Al13Sc3N16/132/xtal_86.cif,-5.704289,-62.387825
xtal_89.cif,./Al13Sc3N16/132/xtal_89.cif,-30.113941,-78.790474
xtal_9.cif,./Al13Sc3N16/132/xtal_9.cif,-88.55494,-58.304276
xtal_91.cif,./Al13Sc3N16/132/xtal_91.cif,14.712997,34.75307
xtal_93.cif,./Al13Sc3N16/132/xtal_93.cif,-4.1731772,-55.30355
xtal_94.cif,./Al13Sc3N16/132/xtal_94.cif,33.870544,3.5766695
xtal_95.cif,./Al13Sc3N16/132/xtal_95.cif,29.925255,-31.068039
xtal_96.cif,./Al13Sc3N16/132/xtal_96.cif,47.366264,-0.6714108
xtal_97.cif,./Al13Sc3N16/132/xtal_97.cif,29.830976,-13.441726
xtal_100.cif,./Al13Sc3N16/134/xtal_100.cif,18.885775,61.213512
xtal_11.cif,./Al13Sc3N16/134/xtal_11.cif,39.303024,6.7274795
xtal_16.cif,./Al13Sc3N16/134/xtal_16.cif,12.764478,-46.05307
xtal_17.cif,./Al13Sc3N16/134/xtal_17.cif,83.27906,33.709175
xtal_18.cif,./Al13Sc3N16/134/xtal_18.cif,53.7685,61.20671
xtal_19.cif,./Al13Sc3N16/134/xtal_19.cif,7.702119,81.83485
xtal_23.cif,./Al13Sc3N16/134/xtal_23.cif,-85.09238,-62.094566
xtal_24.cif,./Al13Sc3N16/134/xtal_24.cif,27.38157,18.13313
xtal_26.cif,./Al13Sc3N16/134/xtal_26.cif,75.80826,23.991611
xtal_27.cif,./Al13Sc3N16/134/xtal_27.cif,-1.6733919,-39.630543
xtal_28.cif,./Al13Sc3N16/134/xtal_28.cif,-95.668884,-42.714344
xtal_3.cif,./Al13Sc3N16/134/xtal_3.cif,47.352093,24.786285
xtal_30.cif,./Al13Sc3N16/134/xtal_30.cif,-37.366867,-79.53804
xtal_32.cif,./Al13Sc3N16/134/xtal_32.cif,19.911718,-16.032442
xtal_35.cif,./Al13Sc3N16/134/xtal_35.cif,54.25532,16.054714
xtal_4.cif,./Al13Sc3N16/134/xtal_4.cif,-81.71796,-67.47553
xtal_40.cif,./Al13Sc3N16/134/xtal_40.cif,-45.65499,6.90503
xtal_41.cif,./Al13Sc3N16/134/xtal_41.cif,-106.9617,-9.027837
xtal_42.cif,./Al13Sc3N16/134/xtal_42.cif,-63.52721,-78.19646
xtal_43.cif,./Al13Sc3N16/134/xtal_43.cif,1.4399205,-70.096275
xtal_47.cif,./Al13Sc3N16/134/xtal_47.cif,18.682323,-30.079187
xtal_51.cif,./Al13Sc3N16/134/xtal_51.cif,-96.994225,-36.77334
xtal_53.cif,./Al13Sc3N16/134/xtal_53.cif,-34.99115,10.936662
xtal_55.cif,./Al13Sc3N16/134/xtal_55.cif,-2.2040038,-44.764008
xtal_57.cif,./Al13Sc3N16/134/xtal_57.cif,14.512382,-44.85646
xtal_58.cif,./Al13Sc3N16/134/xtal_58.cif,-49.03012,-79.5834
xtal_59.cif,./Al13Sc3N16/134/xtal_59.cif,63.631123,26.65706
xtal_60.cif,./Al13Sc3N16/134/xtal_60.cif,55.20048,79.487175
xtal_62.cif,./Al13Sc3N16/134/xtal_62.cif,43.841286,7.049218
xtal_63.cif,./Al13Sc3N16/134/xtal_63.cif,0.42290595,-55.462475
xtal_64.cif,./Al13Sc3N16/134/xtal_64.cif,37.930256,66.40283
xtal_66.cif,./Al13Sc3N16/134/xtal_66.cif,-46.058174,-75.61377
xtal_67.cif,./Al13Sc3N16/134/xtal_67.cif,53.83301,22.060247
xtal_68.cif,./Al13Sc3N16/134/xtal_68.cif,-36.46595,-68.006
xtal_7.cif,./Al13Sc3N16/134/xtal_7.cif,37.898354,0.22127777
xtal_73.cif,./Al13Sc3N16/134/xtal_73.cif,34.323616,47.218674
xtal_74.cif,./Al13Sc3N16/134/xtal_74.cif,45.924965,37.93602
xtal_75.cif,./Al13Sc3N16/134/xtal_75.cif,80.69965,46.405098
xtal_76.cif,./Al13Sc3N16/134/xtal_76.cif,58.081173,19.405872
xtal_77.cif,./Al13Sc3N16/134/xtal_77.cif,3.0418894,-42.459183
xtal_79.cif,./Al13Sc3N16/134/xtal_79.cif,26.69728,-23.613607
xtal_81.cif,./Al13Sc3N16/134/xtal_81.cif,40.517197,-9.157539
xtal_82.cif,./Al13Sc3N16/134/xtal_82.cif,47.763233,-21.792854
xtal_85.cif,./Al13Sc3N16/134/xtal_85.cif,26.82897,22.570211
xtal_88.cif,./Al13Sc3N16/134/xtal_88.cif,43.08149,4.450997
xtal_89.cif,./Al13Sc3N16/134/xtal_89.cif,-16.150784,28.5064
xtal_92.cif,./Al13Sc3N16/134/xtal_92.cif,-11.928401,-68.94454
xtal_94.cif,./Al13Sc3N16/134/xtal_94.cif,20.784092,11.898748
xtal_97.cif,./Al13Sc3N16/134/xtal_97.cif,21.595423,-26.3014
xtal_98.cif,./Al13Sc3N16/134/xtal_98.cif,19.817377,55.36574
xtal_1.cif,./Al13Sc3N16/136/xtal_1.cif,-35.67694,-62.192493
xtal_10.cif,./Al13Sc3N16/136/xtal_10.cif,26.616953,-33.562496
xtal_13.cif,./Al13Sc3N16/136/xtal_13.cif,68.81063,47.0652
xtal_14.cif,./Al13Sc3N16/136/xtal_14.cif,55.01135,19.384655
xtal_15.cif,./Al13Sc3N16/136/xtal_15.cif,-25.884144,-76.38395
xtal_17.cif,./Al13Sc3N16/136/xtal_17.cif,46.035496,-23.500679
xtal_19.cif,./Al13Sc3N16/136/xtal_19.cif,-12.402255,21.389305
xtal_2.cif,./Al13Sc3N16/136/xtal_2.cif,-13.447154,20.333286
xtal_22.cif,./Al13Sc3N16/136/xtal_22.cif,-97.23832,-43.271072
xtal_23.cif,./Al13Sc3N16/136/xtal_23.cif,51.08984,44.33876
xtal_25.cif,./Al13Sc3N16/136/xtal_25.cif,-75.685036,-71.98925
xtal_26.cif,./Al13Sc3N16/136/xtal_26.cif,44.90042,3.4338982
xtal_28.cif,./Al13Sc3N16/136/xtal_28.cif,35.049767,-15.276566
xtal_29.cif,./Al13Sc3N16/136/xtal_29.cif,66.94568,32.059174
xtal_30.cif,./Al13Sc3N16/136/xtal_30.cif,4.490918,-45.458412
xtal_31.cif,./Al13Sc3N16/136/xtal_31.cif,8.49129,-43.706165
xtal_33.cif,./Al13Sc3N16/136/xtal_33.cif,-98.540054,-36.954067
xtal_35.cif,./Al13Sc3N16/136/xtal_35.cif,56.025856,29.385977
xtal_36.cif,./Al13Sc3N16/136/xtal_36.cif,-48.883995,-76.42283
xtal_39.cif,./Al13Sc3N16/136/xtal_39.cif,19.021566,-31.270765
xtal_40.cif,./Al13Sc3N16/136/xtal_40.cif,28.515245,-25.740032
xtal_42.cif,./Al13Sc3N16/136/xtal_42.cif,22.88011,18.367992
xtal_48.cif,./Al13Sc3N16/136/xtal_48.cif,-27.22428,-64.47762
xtal_49.cif,./Al13Sc3N16/136/xtal_49.cif,54.127716,17.762808
xtal_53.cif,./Al13Sc3N16/136/xtal_53.cif,63.0174,29.672295
xtal_55.cif,./Al13Sc3N16/136/xtal_55.cif,-78.7933,-72.38673
xtal_57.cif,./Al13Sc3N16/136/xtal_57.cif,19.02804,-29.285929
xtal_63.cif,./Al13Sc3N16/136/xtal_63.cif,27.245659,82.372284
xtal_64.cif,./Al13Sc3N16/136/xtal_64.cif,56.00549,15.177981
xtal_65.cif,./Al13Sc3N16/136/xtal_65.cif,-106.34164,-11.914716
xtal_66.cif,./Al13Sc3N16/136/xtal_66.cif,-11.046933,86.34314
xtal_67.cif,./Al13Sc3N16/136/xtal_67.cif,51.57471,48.496635
xtal_68.cif,./Al13Sc3N16/136/xtal_68.cif,53.457077,80.796074
xtal_69.cif,./Al13Sc3N16/136/xtal_69.cif,55.02792,21.333256
xtal_70.cif,./Al13Sc3N16/136/xtal_70.cif,-49.083855,-79.76371
xtal_72.cif,./Al13Sc3N16/136/xtal_72.cif,9.824808,-25.547054
xtal_75.cif,./Al13Sc3N16/136/xtal_75.cif,-31.005201,-78.17835
xtal_77.cif,./Al13Sc3N16/136/xtal_77.cif,54.3401,43.416428
xtal_79.cif,./Al13Sc3N16/136/xtal_79.cif,4.625277,69.15958
xtal_82.cif,./Al13Sc3N16/136/xtal_82.cif,1.379413,52.791794
xtal_83.cif,./Al13Sc3N16/136/xtal_83.cif,-97.131195,-41.72104
xtal_86.cif,./Al13Sc3N16/136/xtal_86.cif,34.700375,70.04579
xtal_9.cif,./Al13Sc3N16/136/xtal_9.cif,28.497202,73.67502
xtal_91.cif,./Al13Sc3N16/136/xtal_91.cif,17.406778,52.939037
xtal_92.cif,./Al13Sc3N16/136/xtal_92.cif,72.80741,36.80961
xtal_93.cif,./Al13Sc3N16/136/xtal_93.cif,33.603325,-20.712643
xtal_95.cif,./Al13Sc3N16/136/xtal_95.cif,4.106517,-42.23303
xtal_96.cif,./Al13Sc3N16/136/xtal_96.cif,71.604355,55.906303
xtal_98.cif,./Al13Sc3N16/136/xtal_98.cif,70.1575,36.6408
xtal_99.cif,./Al13Sc3N16/136/xtal_99.cif,8.910956,-13.549759
xtal_10.cif,./Al13Sc3N16/137/xtal_10.cif,-42.64172,-76.89345
xtal_12.cif,./Al13Sc3N16/137/xtal_12.cif,43.48565,13.2011595
xtal_13.cif,./Al13Sc3N16/137/xtal_13.cif,35.26122,-14.446665
xtal_15.cif,./Al13Sc3N16/137/xtal_15.cif,55.308277,33.37336
xtal_16.cif,./Al13Sc3N16/137/xtal_16.cif,-32.741394,-73.552124
xtal_18.cif,./Al13Sc3N16/137/xtal_18.cif,13.18868,-12.123826
xtal_19.cif,./Al13Sc3N16/137/xtal_19.cif,23.577599,-30.287954
xtal_2.cif,./Al13Sc3N16/137/xtal_2.cif,-37.148182,-67.66599
xtal_21.cif,./Al13Sc3N16/137/xtal_21.cif,37.36499,-13.900396
xtal_23.cif,./Al13Sc3N16/137/xtal_23.cif,42.597748,35.66801
xtal_24.cif,./Al13Sc3N16/137/xtal_24.cif,51.89884,16.696596
xtal_25.cif,./Al13Sc3N16/137/xtal_25.cif,80.17388,48.411446
xtal_27.cif,./Al13Sc3N16/137/xtal_27.cif,51.819424,-0.01874763
xtal_29.cif,./Al13Sc3N16/137/xtal_29.cif,23.419523,0.33307096
xtal_30.cif,./Al13Sc3N16/137/xtal_30.cif,-12.710939,-30.036053
xtal_31.cif,./Al13Sc3N16/137/xtal_31.cif,0.97602266,-45.182453
xtal_34.cif,./Al13Sc3N16/137/xtal_34.cif,-45.485325,78.40712
xtal_36.cif,./Al13Sc3N16/137/xtal_36.cif,41.760395,71.971146
xtal_37.cif,./Al13Sc3N16/137/xtal_37.cif,30.963697,9.976289
xtal_4.cif,./Al13Sc3N16/137/xtal_4.cif,38.182003,3.9746947
xtal_40.cif,./Al13Sc3N16/137/xtal_40.cif,-12.280523,63.119656
xtal_43.cif,./Al13Sc3N16/137/xtal_43.cif,-84.120415,-59.254616
xtal_45.cif,./Al13Sc3N16/137/xtal_45.cif,-1.6532276,-57.898937
xtal_50.cif,./Al13Sc3N16/137/xtal_50.cif,-8.666894,56.40846
xtal_51.cif,./Al13Sc3N16/137/xtal_51.cif,-84.59515,-62.19938
xtal_52.cif,./Al13Sc3N16/137/xtal_52.cif,22.637203,-22.7998
xtal_54.cif,./Al13Sc3N16/137/xtal_54.cif,-27.30693,-72.1943
xtal_60.cif,./Al13Sc3N16/137/xtal_60.cif,-49.005642,38.17409
xtal_63.cif,./Al13Sc3N16/137/xtal_63.cif,0.7356984,-53.966393
xtal_65.cif,./Al13Sc3N16/137/xtal_65.cif,28.60332,-29.678133
xtal_66.cif,./Al13Sc3N16/137/xtal_66.cif,46.378723,33.319885
xtal_68.cif,./Al13Sc3N16/137/xtal_68.cif,14.342893,-44.931114
xtal_70.cif,./Al13Sc3N16/137/xtal_70.cif,-21.714474,-68.76288
xtal_73.cif,./Al13Sc3N16/137/xtal_73.cif,29.428766,-7.171772
xtal_75.cif,./Al13Sc3N16/137/xtal_75.cif,-102.38145,-17.232632
xtal_76.cif,./Al13Sc3N16/137/xtal_76.cif,-98.83307,-39.126976
xtal_78.cif,./Al13Sc3N16/137/xtal_78.cif,-17.314957,-59.7475
xtal_8.cif,./Al13Sc3N16/137/xtal_8.cif,47.609436,0.8441264
xtal_82.cif,./Al13Sc3N16/137/xtal_82.cif,57.84239,46.907875
xtal_85.cif,./Al13Sc3N16/137/xtal_85.cif,22.763567,73.853386
xtal_87.cif,./Al13Sc3N16/137/xtal_87.cif,-18.808125,-30.184149
xtal_88.cif,./Al13Sc3N16/137/xtal_88.cif,-28.493242,-73.372116
xtal_9.cif,./Al13Sc3N16/137/xtal_9.cif,-4.830459,-63.104313
xtal_90.cif,./Al13Sc3N16/137/xtal_90.cif,3.7857354,48.52955
xtal_91.cif,./Al13Sc3N16/137/xtal_91.cif,22.691603,16.310293
xtal_93.cif,./Al13Sc3N16/137/xtal_93.cif,43.777267,19.691631
xtal_94.cif,./Al13Sc3N16/137/xtal_94.cif,48.836567,0.881631
xtal_96.cif,./Al13Sc3N16/137/xtal_96.cif,-18.303343,-54.508778
xtal_97.cif,./Al13Sc3N16/137/xtal_97.cif,51.5786,57.666893
xtal_99.cif,./Al13Sc3N16/137/xtal_99.cif,59.9059,31.605581
xtal_10.cif,./Al13Sc3N16/139/xtal_10.cif,-92.77816,-52.28901
xtal_100.cif,./Al13Sc3N16/139/xtal_100.cif,-105.128654,-20.962927
xtal_12.cif,./Al13Sc3N16/139/xtal_12.cif,17.383364,-31.211372
xtal_13.cif,./Al13Sc3N16/139/xtal_13.cif,18.8098,38.67134
xtal_14.cif,./Al13Sc3N16/139/xtal_14.cif,36.93416,3.9769156
xtal_19.cif,./Al13Sc3N16/139/xtal_19.cif,18.956894,-49.10918
xtal_2.cif,./Al13Sc3N16/139/xtal_2.cif,-12.226962,84.92466
xtal_20.cif,./Al13Sc3N16/139/xtal_20.cif,-106.281624,5.76068
xtal_22.cif,./Al13Sc3N16/139/xtal_22.cif,42.644184,68.89924
xtal_23.cif,./Al13Sc3N16/139/xtal_23.cif,71.695045,48.286823
xtal_26.cif,./Al13Sc3N16/139/xtal_26.cif,-18.539894,-22.168007
xtal_28.cif,./Al13Sc3N16/139/xtal_28.cif,65.635445,31.15096
xtal_3.cif,./Al13Sc3N16/139/xtal_3.cif,32.229267,61.136227
xtal_30.cif,./Al13Sc3N16/139/xtal_30.cif,29.177698,-25.895355
xtal_31.cif,./Al13Sc3N16/139/xtal_31.cif,-76.247375,-68.14219
xtal_33.cif,./Al13Sc3N16/139/xtal_33.cif,-47.042725,-41.492313
xtal_34.cif,./Al13Sc3N16/139/xtal_34.cif,-9.023575,-9.604001
xtal_35.cif,./Al13Sc3N16/139/xtal_35.cif,-37.62734,-80.91228
xtal_36.cif,./Al13Sc3N16/139/xtal_36.cif,32.941933,13.491743
xtal_39.cif,./Al13Sc3N16/139/xtal_39.cif,-90.62639,-50.07695
xtal_42.cif,./Al13Sc3N16/139/xtal_42.cif,31.80076,73.07314
xtal_43.cif,./Al13Sc3N16/139/xtal_43.cif,11.458208,-9.6613
xtal_44.cif,./Al13Sc3N16/139/xtal_44.cif,65.64343,-4.2064962
xtal_45.cif,./Al13Sc3N16/139/xtal_45.cif,28.729845,-39.10823
xtal_46.cif,./Al13Sc3N16/139/xtal_46.cif,20.805296,-32.32227
xtal_47.cif,./Al13Sc3N16/139/xtal_47.cif,-3.3809009,73.01629
xtal_49.cif,./Al13Sc3N16/139/xtal_49.cif,-66.29622,-74.17082
xtal_50.cif,./Al13Sc3N16/139/xtal_50.cif,2.2544782,-51.63725
xtal_55.cif,./Al13Sc3N16/139/xtal_55.cif,-7.2507052,79.475426
xtal_57.cif,./Al13Sc3N16/139/xtal_57.cif,-73.82537,-45.752773
xtal_6.cif,./Al13Sc3N16/139/xtal_6.cif,-71.59971,36.029884
xtal_61.cif,./Al13Sc3N16/139/xtal_61.cif,-95.85415,-36.907265
xtal_62.cif,./Al13Sc3N16/139/xtal_62.cif,38.185177,7.0846376
xtal_63.cif,./Al13Sc3N16/139/xtal_63.cif,17.220686,38.945835
xtal_64.cif,./Al13Sc3N16/139/xtal_64.cif,16.981586,-35.352993
xtal_68.cif,./Al13Sc3N16/139/xtal_68.cif,44.643658,-19.590582
xtal_69.cif,./Al13Sc3N16/139/xtal_69.cif,-16.939579,-58.009106
xtal_70.cif,./Al13Sc3N16/139/xtal_70.cif,17.134556,53.3195
xtal_72.cif,./Al13Sc3N16/139/xtal_72.cif,2.4617634,49.026764
xtal_74.cif,./Al13Sc3N16/139/xtal_74.cif,15.788797,-37.30613
xtal_78.cif,./Al13Sc3N16/139/xtal_78.cif,-2.8013666,11.365016
xtal_82.cif,./Al13Sc3N16/139/xtal_82.cif,-67.814415,-73.959496
xtal_83.cif,./Al13Sc3N16/139/xtal_83.cif,-6.8164973,-59.5526
xtal_84.cif,./Al13Sc3N16/139/xtal_84.cif,38.619938,80.943344
xtal_90.cif,./Al13Sc3N16/139/xtal_90.cif,49.963963,3.5145793
xtal_91.cif,./Al13Sc3N16/139/xtal_91.cif,-71.26666,25.264402
xtal_94.cif,./Al13Sc3N16/139/xtal_94.cif,-99.47365,-36.550995
xtal_95.cif,./Al13Sc3N16/139/xtal_95.cif,10.503041,33.506054
xtal_98.cif,./Al13Sc3N16/139/xtal_98.cif,-105.0376,-23.889206
xtal_10.cif,./Al13Sc3N16/143/xtal_10.cif,13.756474,-49.1095
xtal_100.cif,./Al13Sc3N16/143/xtal_100.cif,-7.8638544,76.89945
xtal_11.cif,./Al13Sc3N16/143/xtal_11.cif,-49.692215,-82.38172
xtal_13.cif,./Al13Sc3N16/143/xtal_13.cif,62.391052,43.69077
xtal_14.cif,./Al13Sc3N16/143/xtal_14.cif,-102.10757,-23.907007
xtal_15.cif,./Al13Sc3N16/143/xtal_15.cif,35.541954,-42.802685
xtal_16.cif,./Al13Sc3N16/143/xtal_16.cif,10.134654,-70.55119
xtal_17.cif,./Al13Sc3N16/143/xtal_17.cif,32.221012,-26.204128
xtal_18.cif,./Al13Sc3N16/143/xtal_18.cif,51.433605,6.932244
xtal_21.cif,./Al13Sc3N16/143/xtal_21.cif,-11.960312,-74.88427
xtal_25.cif,./Al13Sc3N16/143/xtal_25.cif,-5.810907,-66.92267
xtal_31.cif,./Al13Sc3N16/143/xtal_31.cif,95.56247,-11.649406
xtal_32.cif,./Al13Sc3N16/143/xtal_32.cif,28.12619,-36.97553
xtal_33.cif,./Al13Sc3N16/143/xtal_33.cif,37.24732,-4.3880277
xtal_35.cif,./Al13Sc3N16/143/xtal_35.cif,37.159008,-57.34517
xtal_36.cif,./Al13Sc3N16/143/xtal_36.cif,-67.02508,-51.01717
xtal_39.cif,./Al13Sc3N16/143/xtal_39.cif,-43.439335,-79.75031
xtal_4.cif,./Al13Sc3N16/143/xtal_4.cif,16.576902,-46.511
xtal_40.cif,./Al13Sc3N16/143/xtal_40.cif,-18.825808,-74.72948
xtal_41.cif,./Al13Sc3N16/143/xtal_41.cif,76.993805,-3.0055766
xtal_42.cif,./Al13Sc3N16/143/xtal_42.cif,51.288124,2.604743
xtal_43.cif,./Al13Sc3N16/143/xtal_43.cif,4.638571,-43.940544
xtal_44.cif,./Al13Sc3N16/143/xtal_44.cif,49.501984,-25.796595
xtal_51.cif,./Al13Sc3N16/143/xtal_51.cif,35.63919,-73.04781
xtal_55.cif,./Al13Sc3N16/143/xtal_55.cif,89.331276,-16.386732
xtal_57.cif,./Al13Sc3N16/143/xtal_57.cif,90.01279,-37.230473
xtal_59.cif,./Al13Sc3N16/143/xtal_59.cif,7.8309073,-41.652462
xtal_62.cif,./Al13Sc3N16/143/xtal_62.cif,3.8022587,-47.136574
xtal_64.cif,./Al13Sc3N16/143/xtal_64.cif,89.37381,-38.73054
xtal_65.cif,./Al13Sc3N16/143/xtal_65.cif,-91.5926,-59.37648
xtal_67.cif,./Al13Sc3N16/143/xtal_67.cif,-3.4072068,-57.96056
xtal_68.cif,./Al13Sc3N16/143/xtal_68.cif,-54.85378,-74.14424
xtal_71.cif,./Al13Sc3N16/143/xtal_71.cif,83.194786,35.1974
xtal_75.cif,./Al13Sc3N16/143/xtal_75.cif,86.38907,-5.061881
xtal_77.cif,./Al13Sc3N16/143/xtal_77.cif,-98.734215,-40.73232
xtal_80.cif,./Al13Sc3N16/143/xtal_80.cif,62.66201,-72.93062
xtal_81.cif,./Al13Sc3N16/143/xtal_81.cif,54.87824,-69.67849
xtal_84.cif,./Al13Sc3N16/143/xtal_84.cif,36.06539,-72.52898
xtal_85.cif,./Al13Sc3N16/143/xtal_85.cif,70.68517,-46.936626
xtal_86.cif,./Al13Sc3N16/143/xtal_86.cif,-61.791645,-74.32813
xtal_87.cif,./Al13Sc3N16/143/xtal_87.cif,-91.62231,-58.145794
xtal_90.cif,./Al13Sc3N16/143/xtal_90.cif,-27.519512,-74.82433
xtal_91.cif,./Al13Sc3N16/143/xtal_91.cif,3.7865057,18.439667
xtal_92.cif,./Al13Sc3N16/143/xtal_92.cif,0.92885983,-32.11633
xtal_96.cif,./Al13Sc3N16/143/xtal_96.cif,66.07282,33.454605
xtal_97.cif,./Al13Sc3N16/143/xtal_97.cif,16.672258,-70.64516
xtal_98.cif,./Al13Sc3N16/143/xtal_98.cif,71.164215,-41.85548
xtal_1.cif,./Al13Sc3N16/147/xtal_1.cif,53.640614,7.96719
xtal_100.cif,./Al13Sc3N16/147/xtal_100.cif,29.36912,-33.604645
xtal_12.cif,./Al13Sc3N16/147/xtal_12.cif,46.281113,38.03981
xtal_15.cif,./Al13Sc3N16/147/xtal_15.cif,71.32456,56.014683
xtal_19.cif,./Al13Sc3N16/147/xtal_19.cif,-8.815792,-67.976746
xtal_20.cif,./Al13Sc3N16/147/xtal_20.cif,-19.601084,-68.643105
xtal_22.cif,./Al13Sc3N16/147/xtal_22.cif,19.479465,-25.435005
xtal_23.cif,./Al13Sc3N16/147/xtal_23.cif,-12.19794,-35.25672
xtal_25.cif,./Al13Sc3N16/147/xtal_25.cif,14.131285,52.152122
xtal_29.cif,./Al13Sc3N16/147/xtal_29.cif,12.881749,-6.5492387
xtal_30.cif,./Al13Sc3N16/147/xtal_30.cif,19.678421,-44.879566
xtal_32.cif,./Al13Sc3N16/147/xtal_32.cif,40.4045,18.413563
xtal_34.cif,./Al13Sc3N16/147/xtal_34.cif,43.761597,19.764957
xtal_38.cif,./Al13Sc3N16/147/xtal_38.cif,-2.0604794,-40.947655
xtal_40.cif,./Al13Sc3N16/147/xtal_40.cif,-50.551567,-78.38748
xtal_42.cif,./Al13Sc3N16/147/xtal_42.cif,4.091585,-41.245853
xtal_46.cif,./Al13Sc3N16/147/xtal_46.cif,-85.48549,-62.941994
xtal_47.cif,./Al13Sc3N16/147/xtal_47.cif,-105.16467,-20.252522
xtal_49.cif,./Al13Sc3N16/147/xtal_49.cif,-29.632366,78.0396
xtal_51.cif,./Al13Sc3N16/147/xtal_51.cif,-95.799675,-37.825886
xtal_52.cif,./Al13Sc3N16/147/xtal_52.cif,41.253155,0.37416202
xtal_55.cif,./Al13Sc3N16/147/xtal_55.cif,-18.204288,-63.281303
xtal_57.cif,./Al13Sc3N16/147/xtal_57.cif,27.11739,-5.5158205
xtal_58.cif,./Al13Sc3N16/147/xtal_58.cif,51.58056,-18.154587
xtal_6.cif,./Al13Sc3N16/147/xtal_6.cif,32.605667,-5.803516
xtal_61.cif,./Al13Sc3N16/147/xtal_61.cif,33.90669,2.647203
xtal_63.cif,./Al13Sc3N16/147/xtal_63.cif,76.66698,7.767607
xtal_65.cif,./Al13Sc3N16/147/xtal_65.cif,3.127146,-44.093548
xtal_67.cif,./Al13Sc3N16/147/xtal_67.cif,8.6364155,-40.140446
xtal_68.cif,./Al13Sc3N16/147/xtal_68.cif,-54.570118,-53.026722
xtal_7.cif,./Al13Sc3N16/147/xtal_7.cif,-37.187016,-84.49977
xtal_73.cif,./Al13Sc3N16/147/xtal_73.cif,32.07715,24.570019
xtal_75.cif,./Al13Sc3N16/147/xtal_75.cif,-10.751002,-59.58399
xtal_77.cif,./Al13Sc3N16/147/xtal_77.cif,-107.19142,-10.077721
xtal_79.cif,./Al13Sc3N16/147/xtal_79.cif,62.5702,-38.898834
xtal_8.cif,./Al13Sc3N16/147/xtal_8.cif,18.071207,-2.6238987
xtal_80.cif,./Al13Sc3N16/147/xtal_80.cif,28.406433,51.417183
xtal_83.cif,./Al13Sc3N16/147/xtal_83.cif,-101.57479,-31.847078
xtal_86.cif,./Al13Sc3N16/147/xtal_86.cif,-101.68233,-31.660225
xtal_89.cif,./Al13Sc3N16/147/xtal_89.cif,19.51743,-26.143246
xtal_91.cif,./Al13Sc3N16/147/xtal_91.cif,-16.210009,25.510572
xtal_92.cif,./Al13Sc3N16/147/xtal_92.cif,-81.17581,-67.77332
xtal_93.cif,./Al13Sc3N16/147/xtal_93.cif,29.219158,2.3921947
xtal_94.cif,./Al13Sc3N16/147/xtal_94.cif,71.52034,-40.64286
xtal_95.cif,./Al13Sc3N16/147/xtal_95.cif,-75.66752,-73.69458
xtal_97.cif,./Al13Sc3N16/147/xtal_97.cif,9.627738,-16.90776
xtal_98.cif,./Al13Sc3N16/147/xtal_98.cif,31.877193,8.1016035
xtal_10.cif,./Al13Sc3N16/149/xtal_10.cif,-95.119316,-46.931637
xtal_11.cif,./Al13Sc3N16/149/xtal_11.cif,61.13009,-5.510893
xtal_12.cif,./Al13Sc3N16/149/xtal_12.cif,21.466,-29.509346
xtal_13.cif,./Al13Sc3N16/149/xtal_13.cif,3.4072652,-18.446888
xtal_14.cif,./Al13Sc3N16/149/xtal_14.cif,27.5628,-29.94954
xtal_16.cif,./Al13Sc3N16/149/xtal_16.cif,-24.704912,-73.56786
xtal_18.cif,./Al13Sc3N16/149/xtal_18.cif,41.710236,3.4405458
xtal_2.cif,./Al13Sc3N16/149/xtal_2.cif,-89.73848,-51.15486
xtal_20.cif,./Al13Sc3N16/149/xtal_20.cif,-86.14435,-52.90381
xtal_22.cif,./Al13Sc3N16/149/xtal_22.cif,45.386456,-50.22812
xtal_23.cif,./Al13Sc3N16/149/xtal_23.cif,9.851112,-70.57894
xtal_26.cif,./Al13Sc3N16/149/xtal_26.cif,30.19156,-37.88004
xtal_27.cif,./Al13Sc3N16/149/xtal_27.cif,64.254745,14.312019
xtal_28.cif,./Al13Sc3N16/149/xtal_28.cif,-25.070866,-69.51194
xtal_29.cif,./Al13Sc3N16/149/xtal_29.cif,13.479407,-37.718636
xtal_3.cif,./Al13Sc3N16/149/xtal_3.cif,32.356983,-27.719414
xtal_31.cif,./Al13Sc3N16/149/xtal_31.cif,28.714006,-21.44127
xtal_34.cif,./Al13Sc3N16/149/xtal_34.cif,32.095016,0.6721599
xtal_37.cif,./Al13Sc3N16/149/xtal_37.cif,66.67597,-8.476851
xtal_38.cif,./Al13Sc3N16/149/xtal_38.cif,69.457985,0.43620825
xtal_4.cif,./Al13Sc3N16/149/xtal_4.cif,-19.323078,-72.896255
xtal_40.cif,./Al13Sc3N16/149/xtal_40.cif,71.01953,37.55884
xtal_41.cif,./Al13Sc3N16/149/xtal_41.cif,-82.885025,-59.844418
xtal_43.cif,./Al13Sc3N16/149/xtal_43.cif,88.10796,13.475854
xtal_49.cif,./Al13Sc3N16/149/xtal_49.cif,52.83213,-67.5391
xtal_5.cif,./Al13Sc3N16/149/xtal_5.cif,47.367302,-23.74964
xtal_55.cif,./Al13Sc3N16/149/xtal_55.cif,71.294075,31.989107
xtal_60.cif,./Al13Sc3N16/149/xtal_60.cif,-48.356316,-79.84474
xtal_61.cif,./Al13Sc3N16/149/xtal_61.cif,26.40929,23.8759
xtal_62.cif,./Al13Sc3N16/149/xtal_62.cif,-41.319984,-72.86111
xtal_63.cif,./Al13Sc3N16/149/xtal_63.cif,49.421658,26.26232
xtal_64.cif,./Al13Sc3N16/149/xtal_64.cif,30.032219,-16.64752
xtal_65.cif,./Al13Sc3N16/149/xtal_65.cif,85.12478,17.551756
xtal_66.cif,./Al13Sc3N16/149/xtal_66.cif,55.486805,1.4572918
xtal_68.cif,./Al13Sc3N16/149/xtal_68.cif,42.84778,3.5392962
xtal_69.cif,./Al13Sc3N16/149/xtal_69.cif,66.521774,17.291595
xtal_7.cif,./Al13Sc3N16/149/xtal_7.cif,-10.7228,-71.06626
xtal_74.cif,./Al13Sc3N16/149/xtal_74.cif,44.196747,-39.891487
xtal_75.cif,./Al13Sc3N16/149/xtal_75.cif,76.23489,-26.461908
xtal_78.cif,./Al13Sc3N16/149/xtal_78.cif,25.052921,67.303505
xtal_81.cif,./Al13Sc3N16/149/xtal_81.cif,16.85256,-71.19408
xtal_86.cif,./Al13Sc3N16/149/xtal_86.cif,73.974075,40.408165
xtal_87.cif,./Al13Sc3N16/149/xtal_87.cif,-26.022013,-72.381485
xtal_90.cif,./Al13Sc3N16/149/xtal_90.cif,29.385624,66.8873
xtal_91.cif,./Al13Sc3N16/149/xtal_91.cif,28.031437,11.037575
xtal_92.cif,./Al13Sc3N16/149/xtal_92.cif,84.13119,42.128716
xtal_99.cif,./Al13Sc3N16/149/xtal_99.cif,75.43227,10.288471
xtal_100.cif,./Al13Sc3N16/150/xtal_100.cif,-104.697334,-28.789074
xtal_11.cif,./Al13Sc3N16/150/xtal_11.cif,-91.15341,-57.318054
xtal_12.cif,./Al13Sc3N16/150/xtal_12.cif,23.344847,-30.327435
xtal_15.cif,./Al13Sc3N16/150/xtal_15.cif,30.195011,-1.7326437
xtal_16.cif,./Al13Sc3N16/150/xtal_16.cif,62.585266,-36.334885
xtal_17.cif,./Al13Sc3N16/150/xtal_17.cif,48.758488,-26.557653
xtal_2.cif,./Al13Sc3N16/150/xtal_2.cif,76.058266,44.63073
xtal_22.cif,./Al13Sc3N16/150/xtal_22.cif,-1.2049181,-62.931797
xtal_23.cif,./Al13Sc3N16/150/xtal_23.cif,58.08277,31.707174
xtal_25.cif,./Al13Sc3N16/150/xtal_25.cif,94.1765,5.1216955
xtal_29.cif,./Al13Sc3N16/150/xtal_29.cif,-104.850914,-22.133844
xtal_32.cif,./Al13Sc3N16/150/xtal_32.cif,-6.786882,28.091425
xtal_34.cif,./Al13Sc3N16/150/xtal_34.cif,-73.46362,21.9989
xtal_36.cif,./Al13Sc3N16/150/xtal_36.cif,0.51594806,-33.22002
xtal_40.cif,./Al13Sc3N16/150/xtal_40.cif,49.231884,-10.100742
xtal_42.cif,./Al13Sc3N16/150/xtal_42.cif,61.815685,34.003254
xtal_44.cif,./Al13Sc3N16/150/xtal_44.cif,48.116043,1.9041334
xtal_45.cif,./Al13Sc3N16/150/xtal_45.cif,-57.8581,-80.475426
xtal_46.cif,./Al13Sc3N16/150/xtal_46.cif,-41.54505,-76.68289
xtal_47.cif,./Al13Sc3N16/150/xtal_47.cif,-59.280064,-73.86752
xtal_49.cif,./Al13Sc3N16/150/xtal_49.cif,48.569386,-3.0433788
xtal_52.cif,./Al13Sc3N16/150/xtal_52.cif,-49.453236,-65.84094
xtal_53.cif,./Al13Sc3N16/150/xtal_53.cif,54.17743,21.142588
xtal_55.cif,./Al13Sc3N16/150/xtal_55.cif,3.9674408,-44.545193
xtal_56.cif,./Al13Sc3N16/150/xtal_56.cif,-58.325584,-79.060486
xtal_57.cif,./Al13Sc3N16/150/xtal_57.cif,-12.479228,-75.56488
xtal_58.cif,./Al13Sc3N16/150/xtal_58.cif,55.065193,67.44769
xtal_61.cif,./Al13Sc3N16/150/xtal_61.cif,-21.749367,40.01951
xtal_62.cif,./Al13Sc3N16/150/xtal_62.cif,-14.923325,-79.632034
xtal_65.cif,./Al13Sc3N16/150/xtal_65.cif,11.768503,-39.159416
xtal_67.cif,./Al13Sc3N16/150/xtal_67.cif,-56.274334,-72.3685
xtal_71.cif,./Al13Sc3N16/150/xtal_71.cif,46.97258,-2.1791093
xtal_74.cif,./Al13Sc3N16/150/xtal_74.cif,-35.942005,-76.406906
xtal_75.cif,./Al13Sc3N16/150/xtal_75.cif,85.6649,-3.7096348
xtal_77.cif,./Al13Sc3N16/150/xtal_77.cif,31.997505,-86.9448
xtal_78.cif,./Al13Sc3N16/150/xtal_78.cif,-21.108074,-70.34971
xtal_79.cif,./Al13Sc3N16/150/xtal_79.cif,21.431517,-36.12195
xtal_8.cif,./Al13Sc3N16/150/xtal_8.cif,69.38477,30.403526
xtal_84.cif,./Al13Sc3N16/150/xtal_84.cif,69.62674,-45.179497
xtal_85.cif,./Al13Sc3N16/150/xtal_85.cif,80.44251,-8.610656
xtal_86.cif,./Al13Sc3N16/150/xtal_86.cif,-3.4074547,-52.974964
xtal_87.cif,./Al13Sc3N16/150/xtal_87.cif,81.20177,19.576616
xtal_88.cif,./Al13Sc3N16/150/xtal_88.cif,50.386353,-46.678864
xtal_89.cif,./Al13Sc3N16/150/xtal_89.cif,-50.085182,47.70738
xtal_90.cif,./Al13Sc3N16/150/xtal_90.cif,31.373026,88.831436
xtal_93.cif,./Al13Sc3N16/150/xtal_93.cif,3.6577175,18.89078
xtal_94.cif,./Al13Sc3N16/150/xtal_94.cif,37.560417,65.83378
xtal_99.cif,./Al13Sc3N16/150/xtal_99.cif,17.817345,-33.629242
xtal_1.cif,./Al13Sc3N16/156/xtal_1.cif,28.140028,-51.11184
xtal_100.cif,./Al13Sc3N16/156/xtal_100.cif,-98.88752,-48.369984
xtal_14.cif,./Al13Sc3N16/156/xtal_14.cif,-36.721184,-81.76284
xtal_16.cif,./Al13Sc3N16/156/xtal_16.cif,-107.146675,-18.810007
xtal_17.cif,./Al13Sc3N16/156/xtal_17.cif,-4.352286,-77.69965
xtal_18.cif,./Al13Sc3N16/156/xtal_18.cif,-48.310978,-78.24829
xtal_20.cif,./Al13Sc3N16/156/xtal_20.cif,68.78558,-40.117077
xtal_21.cif,./Al13Sc3N16/156/xtal_21.cif,58.367157,18.688072
xtal_22.cif,./Al13Sc3N16/156/xtal_22.cif,-106.83351,-23.289703
xtal_25.cif,./Al13Sc3N16/156/xtal_25.cif,67.090126,-38.847694
xtal_27.cif,./Al13Sc3N16/156/xtal_27.cif,71.082504,-48.39831
xtal_28.cif,./Al13Sc3N16/156/xtal_28.cif,90.87715,4.633089
xtal_29.cif,./Al13Sc3N16/156/xtal_29.cif,77.45111,-40.748596
xtal_3.cif,./Al13Sc3N16/156/xtal_3.cif,90.220894,-11.698943
xtal_32.cif,./Al13Sc3N16/156/xtal_32.cif,24.941483,-64.60602
xtal_33.cif,./Al13Sc3N16/156/xtal_33.cif,91.017975,-13.02586
xtal_34.cif,./Al13Sc3N16/156/xtal_34.cif,-101.58477,-29.545248
xtal_35.cif,./Al13Sc3N16/156/xtal_35.cif,84.69646,-7.368704
xtal_38.cif,./Al13Sc3N16/156/xtal_38.cif,43.486465,-70.88871
xtal_4.cif,./Al13Sc3N16/156/xtal_4.cif,20.560429,-37.116943
xtal_40.cif,./Al13Sc3N16/156/xtal_40.cif,66.24868,-19.33094
xtal_42.cif,./Al13Sc3N16/156/xtal_42.cif,86.5251,-39.711758
xtal_45.cif,./Al13Sc3N16/156/xtal_45.cif,-11.161326,-55.48262
xtal_47.cif,./Al13Sc3N16/156/xtal_47.cif,89.61136,15.154211
xtal_48.cif,./Al13Sc3N16/156/xtal_48.cif,46.823093,-32.639717
xtal_50.cif,./Al13Sc3N16/156/xtal_50.cif,-18.934998,-79.439606
xtal_51.cif,./Al13Sc3N16/156/xtal_51.cif,21.414318,-40.232124
xtal_54.cif,./Al13Sc3N16/156/xtal_54.cif,10.828756,-52.850594
xtal_60.cif,./Al13Sc3N16/156/xtal_60.cif,-65.394196,-78.667595
xtal_61.cif,./Al13Sc3N16/156/xtal_61.cif,75.27425,-46.265064
xtal_62.cif,./Al13Sc3N16/156/xtal_62.cif,82.30701,-42.766857
xtal_64.cif,./Al13Sc3N16/156/xtal_64.cif,11.537772,48.978825
xtal_75.cif,./Al13Sc3N16/156/xtal_75.cif,13.519906,-49.047756
xtal_77.cif,./Al13Sc3N16/156/xtal_77.cif,72.819336,-49.409634
xtal_82.cif,./Al13Sc3N16/156/xtal_82.cif,54.717957,-28.193298
xtal_83.cif,./Al13Sc3N16/156/xtal_83.cif,-81.83976,-63.54518
xtal_84.cif,./Al13Sc3N16/156/xtal_84.cif,47.644215,-30.397226
xtal_86.cif,./Al13Sc3N16/156/xtal_86.cif,33.3435,-16.286976
xtal_88.cif,./Al13Sc3N16/156/xtal_88.cif,-4.0558567,-57.315598
xtal_89.cif,./Al13Sc3N16/156/xtal_89.cif,82.08536,33.021084
xtal_9.cif,./Al13Sc3N16/156/xtal_9.cif,77.35907,-51.115246
xtal_91.cif,./Al13Sc3N16/156/xtal_91.cif,65.03965,-41.462635
xtal_92.cif,./Al13Sc3N16/156/xtal_92.cif,76.958176,-58.98613
xtal_93.cif,./Al13Sc3N16/156/xtal_93.cif,61.421978,24.427753
xtal_94.cif,./Al13Sc3N16/156/xtal_94.cif,41.30368,-21.48822
xtal_95.cif,./Al13Sc3N16/156/xtal_95.cif,52.22913,7.2652173
xtal_97.cif,./Al13Sc3N16/156/xtal_97.cif,98.52377,-4.3225846
xtal_10.cif,./Al13Sc3N16/157/xtal_10.cif,70.68197,-47.76163
xtal_100.cif,./Al13Sc3N16/157/xtal_100.cif,79.8273,-24.354937
xtal_11.cif,./Al13Sc3N16/157/xtal_11.cif,-44.98038,-78.97847
xtal_12.cif,./Al13Sc3N16/157/xtal_12.cif,71.21554,-49.72995
xtal_15.cif,./Al13Sc3N16/157/xtal_15.cif,-93.5832,-41.34646
xtal_17.cif,./Al13Sc3N16/157/xtal_17.cif,48.578968,-76.55913
xtal_23.cif,./Al13Sc3N16/157/xtal_23.cif,35.217545,-63.011086
xtal_26.cif,./Al13Sc3N16/157/xtal_26.cif,56.999447,-70.23376
xtal_29.cif,./Al13Sc3N16/157/xtal_29.cif,51.58373,-69.586395
xtal_31.cif,./Al13Sc3N16/157/xtal_31.cif,52.776188,-20.629074
xtal_33.cif,./Al13Sc3N16/157/xtal_33.cif,-49.665398,-79.37071
xtal_34.cif,./Al13Sc3N16/157/xtal_34.cif,-96.20247,-37.60587
xtal_35.cif,./Al13Sc3N16/157/xtal_35.cif,-10.5335655,-76.779335
xtal_36.cif,./Al13Sc3N16/157/xtal_36.cif,73.77317,-76.30181
xtal_37.cif,./Al13Sc3N16/157/xtal_37.cif,74.300804,1.7902092
xtal_39.cif,./Al13Sc3N16/157/xtal_39.cif,18.752089,-50.70853
xtal_4.cif,./Al13Sc3N16/157/xtal_4.cif,-84.29156,-63.302147
xtal_43.cif,./Al13Sc3N16/157/xtal_43.cif,59.77827,-20.362633
xtal_48.cif,./Al13Sc3N16/157/xtal_48.cif,8.807998,-38.165485
xtal_51.cif,./Al13Sc3N16/157/xtal_51.cif,50.44663,-43.231544
xtal_52.cif,./Al13Sc3N16/157/xtal_52.cif,-89.01093,-57.22198
xtal_54.cif,./Al13Sc3N16/157/xtal_54.cif,76.80257,-42.364277
xtal_56.cif,./Al13Sc3N16/157/xtal_56.cif,31.136639,-38.488216
xtal_57.cif,./Al13Sc3N16/157/xtal_57.cif,-65.67163,-68.86229
xtal_58.cif,./Al13Sc3N16/157/xtal_58.cif,76.35675,-43.088512
xtal_59.cif,./Al13Sc3N16/157/xtal_59.cif,-12.153728,-74.39691
xtal_6.cif,./Al13Sc3N16/157/xtal_6.cif,-15.906609,-60.927303
xtal_61.cif,./Al13Sc3N16/157/xtal_61.cif,-103.81315,-32.106968
xtal_63.cif,./Al13Sc3N16/157/xtal_63.cif,69.39788,-3.8635972
xtal_64.cif,./Al13Sc3N16/157/xtal_64.cif,-52.434544,13.581128
xtal_66.cif,./Al13Sc3N16/157/xtal_66.cif,85.32064,-58.14345
xtal_67.cif,./Al13Sc3N16/157/xtal_67.cif,84.14703,-53.15351
xtal_7.cif,./Al13Sc3N16/157/xtal_7.cif,-28.357615,-75.06335
xtal_70.cif,./Al13Sc3N16/157/xtal_70.cif,76.259766,59.44633
xtal_73.cif,./Al13Sc3N16/157/xtal_73.cif,61.85667,-35.180916
xtal_74.cif,./Al13Sc3N16/157/xtal_74.cif,69.08949,-22.57851
xtal_8.cif,./Al13Sc3N16/157/xtal_8.cif,72.22554,-49.11613
xtal_81.cif,./Al13Sc3N16/157/xtal_81.cif,28.94048,-38.149815
xtal_82.cif,./Al13Sc3N16/157/xtal_82.cif,68.58082,6.5816193
xtal_84.cif,./Al13Sc3N16/157/xtal_84.cif,91.56394,17.759865
xtal_87.cif,./Al13Sc3N16/157/xtal_87.cif,50.276245,-18.893667
xtal_88.cif,./Al13Sc3N16/157/xtal_88.cif,15.744297,-51.073505
xtal_89.cif,./Al13Sc3N16/157/xtal_89.cif,10.02974,-44.477276
xtal_95.cif,./Al13Sc3N16/157/xtal_95.cif,-56.821236,-64.77267
xtal_99.cif,./Al13Sc3N16/157/xtal_99.cif,51.269802,-70.117744
xtal_11.cif,./Al13Sc3N16/158/xtal_11.cif,89.50721,14.726994
xtal_13.cif,./Al13Sc3N16/158/xtal_13.cif,-24.541573,-74.49483
xtal_14.cif,./Al13Sc3N16/158/xtal_14.cif,31.310768,-32.73262
xtal_15.cif,./Al13Sc3N16/158/xtal_15.cif,72.642586,-25.128487
xtal_16.cif,./Al13Sc3N16/158/xtal_16.cif,15.270778,-45.855183
xtal_17.cif,./Al13Sc3N16/158/xtal_17.cif,-97.11475,-46.482807
xtal_18.cif,./Al13Sc3N16/158/xtal_18.cif,70.85384,37.2109
xtal_20.cif,./Al13Sc3N16/158/xtal_20.cif,-39.580917,-73.44399
xtal_22.cif,./Al13Sc3N16/158/xtal_22.cif,77.14878,5.410293
xtal_23.cif,./Al13Sc3N16/158/xtal_23.cif,50.65328,7.3745213
xtal_24.cif,./Al13Sc3N16/158/xtal_24.cif,89.18291,27.026054
xtal_25.cif,./Al13Sc3N16/158/xtal_25.cif,48.002426,19.168999
xtal_28.cif,./Al13Sc3N16/158/xtal_28.cif,36.378704,-12.784241
xtal_29.cif,./Al13Sc3N16/158/xtal_29.cif,-21.499483,-78.81774
xtal_3.cif,./Al13Sc3N16/158/xtal_3.cif,30.404835,-14.03154
xtal_30.cif,./Al13Sc3N16/158/xtal_30.cif,79.03834,-52.444042
xtal_31.cif,./Al13Sc3N16/158/xtal_31.cif,57.45968,7.733504
xtal_32.cif,./Al13Sc3N16/158/xtal_32.cif,3.2516704,52.35976
xtal_33.cif,./Al13Sc3N16/158/xtal_33.cif,45.822296,-31.335117
xtal_34.cif,./Al13Sc3N16/158/xtal_34.cif,-103.10732,-33.340324
xtal_36.cif,./Al13Sc3N16/158/xtal_36.cif,9.970217,-69.01895
xtal_38.cif,./Al13Sc3N16/158/xtal_38.cif,35.146152,-22.23879
xtal_39.cif,./Al13Sc3N16/158/xtal_39.cif,-2.6022854,-58.511444
xtal_41.cif,./Al13Sc3N16/158/xtal_41.cif,-1.8699883,-45.87911
xtal_44.cif,./Al13Sc3N16/158/xtal_44.cif,81.10213,-4.814824
xtal_45.cif,./Al13Sc3N16/158/xtal_45.cif,70.78829,-46.185673
xtal_46.cif,./Al13Sc3N16/158/xtal_46.cif,28.257006,77.18126
xtal_47.cif,./Al13Sc3N16/158/xtal_47.cif,17.62379,-52.688805
xtal_5.cif,./Al13Sc3N16/158/xtal_5.cif,47.17767,-31.07949
xtal_51.cif,./Al13Sc3N16/158/xtal_51.cif,1.3909178,66.354675
xtal_52.cif,./Al13Sc3N16/158/xtal_52.cif,66.9005,-40.75958
xtal_53.cif,./Al13Sc3N16/158/xtal_53.cif,-36.425472,-77.18836
xtal_56.cif,./Al13Sc3N16/158/xtal_56.cif,30.085346,-12.584311
xtal_6.cif,./Al13Sc3N16/158/xtal_6.cif,-101.50224,-32.54863
xtal_62.cif,./Al13Sc3N16/158/xtal_62.cif,95.49575,-14.736937
xtal_64.cif,./Al13Sc3N16/158/xtal_64.cif,59.502285,40.454475
xtal_68.cif,./Al13Sc3N16/158/xtal_68.cif,91.60285,0.46047607
xtal_72.cif,./Al13Sc3N16/158/xtal_72.cif,55.394424,1.205007
xtal_79.cif,./Al13Sc3N16/158/xtal_79.cif,48.211475,-29.837555
xtal_8.cif,./Al13Sc3N16/158/xtal_8.cif,20.389826,-50.95448
xtal_81.cif,./Al13Sc3N16/158/xtal_81.cif,45.047424,24.526745
xtal_83.cif,./Al13Sc3N16/158/xtal_83.cif,73.9912,44.450954
xtal_85.cif,./Al13Sc3N16/158/xtal_85.cif,49.821613,-19.384058
xtal_87.cif,./Al13Sc3N16/158/xtal_87.cif,-14.756112,-69.530426
xtal_91.cif,./Al13Sc3N16/158/xtal_91.cif,26.3717,-49.37392
xtal_95.cif,./Al13Sc3N16/158/xtal_95.cif,-20.153006,-68.65662
xtal_97.cif,./Al13Sc3N16/158/xtal_97.cif,-35.34053,-80.32694
xtal_98.cif,./Al13Sc3N16/158/xtal_98.cif,59.477283,4.8679733
xtal_1.cif,./Al13Sc3N16/159/xtal_1.cif,70.977776,-46.284893
xtal_10.cif,./Al13Sc3N16/159/xtal_10.cif,-89.799965,-47.14836
xtal_11.cif,./Al13Sc3N16/159/xtal_11.cif,79.865654,-8.157464
xtal_14.cif,./Al13Sc3N16/159/xtal_14.cif,-46.67463,17.316751
xtal_17.cif,./Al13Sc3N16/159/xtal_17.cif,-17.84038,-67.723495
xtal_18.cif,./Al13Sc3N16/159/xtal_18.cif,-61.14025,-74.21059
xtal_2.cif,./Al13Sc3N16/159/xtal_2.cif,33.86259,-77.19221
xtal_20.cif,./Al13Sc3N16/159/xtal_20.cif,-90.10701,-52.764038
xtal_21.cif,./Al13Sc3N16/159/xtal_21.cif,78.112946,33.554306
xtal_22.cif,./Al13Sc3N16/159/xtal_22.cif,94.41056,-13.541308
xtal_23.cif,./Al13Sc3N16/159/xtal_23.cif,0.40221357,-71.4592
xtal_24.cif,./Al13Sc3N16/159/xtal_24.cif,70.67926,47.821968
xtal_25.cif,./Al13Sc3N16/159/xtal_25.cif,19.748562,-49.77161
xtal_27.cif,./Al13Sc3N16/159/xtal_27.cif,64.69828,-4.3600087
xtal_30.cif,./Al13Sc3N16/159/xtal_30.cif,-97.36631,-41.001434
xtal_33.cif,./Al13Sc3N16/159/xtal_33.cif,-10.581552,-58.37876
xtal_34.cif,./Al13Sc3N16/159/xtal_34.cif,82.71171,45.52976
xtal_35.cif,./Al13Sc3N16/159/xtal_35.cif,-102.59122,-33.26337
xtal_37.cif,./Al13Sc3N16/159/xtal_37.cif,16.39849,-51.527992
xtal_38.cif,./Al13Sc3N16/159/xtal_38.cif,-25.5191,-71.67819
xtal_4.cif,./Al13Sc3N16/159/xtal_4.cif,52.904327,-26.27837
xtal_41.cif,./Al13Sc3N16/159/xtal_41.cif,28.503271,-29.666294
xtal_42.cif,./Al13Sc3N16/159/xtal_42.cif,72.553856,45.588005
xtal_43.cif,./Al13Sc3N16/159/xtal_43.cif,80.07802,-7.8329372
xtal_45.cif,./Al13Sc3N16/159/xtal_45.cif,-45.761345,-75.98503
xtal_46.cif,./Al13Sc3N16/159/xtal_46.cif,-9.636516,-71.13875
xtal_47.cif,./Al13Sc3N16/159/xtal_47.cif,65.25156,48.462143
xtal_55.cif,./Al13Sc3N16/159/xtal_55.cif,89.21904,16.521864
xtal_59.cif,./Al13Sc3N16/159/xtal_59.cif,9.821591,45.148445
xtal_61.cif,./Al13Sc3N16/159/xtal_61.cif,25.31183,-30.912407
xtal_62.cif,./Al13Sc3N16/159/xtal_62.cif,-86.271065,-52.983112
xtal_63.cif,./Al13Sc3N16/159/xtal_63.cif,89.462585,-11.669094
xtal_65.cif,./Al13Sc3N16/159/xtal_65.cif,35.057884,-28.9726
xtal_68.cif,./Al13Sc3N16/159/xtal_68.cif,9.470767,-36.49702
xtal_69.cif,./Al13Sc3N16/159/xtal_69.cif,93.75484,-15.259076
xtal_70.cif,./Al13Sc3N16/159/xtal_70.cif,31.607658,-13.790371
xtal_72.cif,./Al13Sc3N16/159/xtal_72.cif,64.91117,28.446386
xtal_73.cif,./Al13Sc3N16/159/xtal_73.cif,-27.177853,-79.41926
xtal_75.cif,./Al13Sc3N16/159/xtal_75.cif,59.030758,31.75268
xtal_76.cif,./Al13Sc3N16/159/xtal_76.cif,85.22258,-40.268112
xtal_79.cif,./Al13Sc3N16/159/xtal_79.cif,84.533394,41.347023
xtal_81.cif,./Al13Sc3N16/159/xtal_81.cif,0.35630077,-42.266235
xtal_83.cif,./Al13Sc3N16/159/xtal_83.cif,-31.482346,-76.23791
xtal_86.cif,./Al13Sc3N16/159/xtal_86.cif,61.023735,-35.494984
xtal_93.cif,./Al13Sc3N16/159/xtal_93.cif,90.75921,-12.776663
xtal_96.cif,./Al13Sc3N16/159/xtal_96.cif,3.2767024,-59.14579
xtal_98.cif,./Al13Sc3N16/159/xtal_98.cif,35.766117,-19.037188
xtal_99.cif,./Al13Sc3N16/159/xtal_99.cif,96.67996,-4.4647403
xtal_12.cif,./Al13Sc3N16/162/xtal_12.cif,19.469143,-49.931484
xtal_15.cif,./Al13Sc3N16/162/xtal_15.cif,-8.092641,-53.729076
xtal_18.cif,./Al13Sc3N16/162/xtal_18.cif,-41.567585,-74.14903
xtal_19.cif,./Al13Sc3N16/162/xtal_19.cif,33.888145,3.467664
xtal_20.cif,./Al13Sc3N16/162/xtal_20.cif,31.819242,55.589916
xtal_24.cif,./Al13Sc3N16/162/xtal_24.cif,37.64382,46.782814
xtal_29.cif,./Al13Sc3N16/162/xtal_29.cif,-106.9444,-15.606651
xtal_30.cif,./Al13Sc3N16/162/xtal_30.cif,96.74045,-13.7507
xtal_32.cif,./Al13Sc3N16/162/xtal_32.cif,-31.086847,-75.62385
xtal_34.cif,./Al13Sc3N16/162/xtal_34.cif,50.752098,-20.478308
xtal_35.cif,./Al13Sc3N16/162/xtal_35.cif,46.483307,29.860653
xtal_36.cif,./Al13Sc3N16/162/xtal_36.cif,-70.394806,-27.655962
xtal_37.cif,./Al13Sc3N16/162/xtal_37.cif,71.25629,-26.73206
xtal_39.cif,./Al13Sc3N16/162/xtal_39.cif,-8.284827,-75.04477
xtal_44.cif,./Al13Sc3N16/162/xtal_44.cif,27.48211,-19.806206
xtal_47.cif,./Al13Sc3N16/162/xtal_47.cif,35.417572,59.316223
xtal_48.cif,./Al13Sc3N16/162/xtal_48.cif,-77.205864,-73.678474
xtal_5.cif,./Al13Sc3N16/162/xtal_5.cif,38.484207,-7.702636
xtal_50.cif,./Al13Sc3N16/162/xtal_50.cif,-53.54641,-27.217882
xtal_53.cif,./Al13Sc3N16/162/xtal_53.cif,62.986412,17.067999
xtal_54.cif,./Al13Sc3N16/162/xtal_54.cif,43.55931,72.92273
xtal_58.cif,./Al13Sc3N16/162/xtal_58.cif,26.678366,5.5273957
xtal_59.cif,./Al13Sc3N16/162/xtal_59.cif,61.067955,-39.666534
xtal_60.cif,./Al13Sc3N16/162/xtal_60.cif,3.4314528,18.659376
xtal_61.cif,./Al13Sc3N16/162/xtal_61.cif,-12.089,-75.86706
xtal_62.cif,./Al13Sc3N16/162/xtal_62.cif,-25.198414,-72.31183
xtal_65.cif,./Al13Sc3N16/162/xtal_65.cif,32.648956,-28.069036
xtal_69.cif,./Al13Sc3N16/162/xtal_69.cif,82.51023,-40.776844
xtal_7.cif,./Al13Sc3N16/162/xtal_7.cif,-96.482864,-36.733265
xtal_70.cif,./Al13Sc3N16/162/xtal_70.cif,63.380505,32.096973
xtal_71.cif,./Al13Sc3N16/162/xtal_71.cif,70.90421,-2.407854
xtal_72.cif,./Al13Sc3N16/162/xtal_72.cif,59.85914,31.535507
xtal_77.cif,./Al13Sc3N16/162/xtal_77.cif,33.60071,-3.4112687
xtal_80.cif,./Al13Sc3N16/162/xtal_80.cif,-77.87305,-70.10015
xtal_83.cif,./Al13Sc3N16/162/xtal_83.cif,-4.6168623,-59.305775
xtal_85.cif,./Al13Sc3N16/162/xtal_85.cif,-17.931019,-7.532244
xtal_88.cif,./Al13Sc3N16/162/xtal_88.cif,-11.487994,-36.10032
xtal_89.cif,./Al13Sc3N16/162/xtal_89.cif,66.16553,35.279663
xtal_9.cif,./Al13Sc3N16/162/xtal_9.cif,49.490868,23.48157
xtal_92.cif,./Al13Sc3N16/162/xtal_92.cif,0.82680523,-32.363354
xtal_96.cif,./Al13Sc3N16/162/xtal_96.cif,33.094406,-28.043913
xtal_97.cif,./Al13Sc3N16/162/xtal_97.cif,18.321775,41.334938
xtal_98.cif,./Al13Sc3N16/162/xtal_98.cif,-12.542508,-23.37045
xtal_1.cif,./Al13Sc3N16/163/xtal_1.cif,-52.443996,-71.26194
xtal_10.cif,./Al13Sc3N16/163/xtal_10.cif,-88.164856,-61.931152
xtal_12.cif,./Al13Sc3N16/163/xtal_12.cif,22.97411,77.18272
xtal_13.cif,./Al13Sc3N16/163/xtal_13.cif,19.931576,-20.707392
xtal_14.cif,./Al13Sc3N16/163/xtal_14.cif,-107.01618,-9.400102
xtal_17.cif,./Al13Sc3N16/163/xtal_17.cif,-0.8643294,-32.383614
xtal_18.cif,./Al13Sc3N16/163/xtal_18.cif,37.80702,44.974426
xtal_20.cif,./Al13Sc3N16/163/xtal_20.cif,53.463284,3.4578404
xtal_21.cif,./Al13Sc3N16/163/xtal_21.cif,15.459272,61.379356
xtal_23.cif,./Al13Sc3N16/163/xtal_23.cif,39.33169,-21.882517
xtal_24.cif,./Al13Sc3N16/163/xtal_24.cif,49.726833,-0.07121987
xtal_27.cif,./Al13Sc3N16/163/xtal_27.cif,-11.1084795,-59.662983
xtal_28.cif,./Al13Sc3N16/163/xtal_28.cif,32.505287,7.58992
xtal_29.cif,./Al13Sc3N16/163/xtal_29.cif,54.994503,48.290817
xtal_3.cif,./Al13Sc3N16/163/xtal_3.cif,34.616207,67.980896
xtal_30.cif,./Al13Sc3N16/163/xtal_30.cif,11.488172,62.216248
xtal_33.cif,./Al13Sc3N16/163/xtal_33.cif,0.3307289,60.025906
xtal_36.cif,./Al13Sc3N16/163/xtal_36.cif,41.28339,-2.116886
xtal_39.cif,./Al13Sc3N16/163/xtal_39.cif,25.323774,50.037857
xtal_40.cif,./Al13Sc3N16/163/xtal_40.cif,91.98911,-2.894189
xtal_42.cif,./Al13Sc3N16/163/xtal_42.cif,-26.05607,-71.57566
xtal_44.cif,./Al13Sc3N16/163/xtal_44.cif,6.151259,-40.023808
xtal_46.cif,./Al13Sc3N16/163/xtal_46.cif,79.23565,38.460068
xtal_48.cif,./Al13Sc3N16/163/xtal_48.cif,26.488194,4.0185485
xtal_50.cif,./Al13Sc3N16/163/xtal_50.cif,50.02717,1.8810601
xtal_51.cif,./Al13Sc3N16/163/xtal_51.cif,14.917647,31.07858
xtal_52.cif,./Al13Sc3N16/163/xtal_52.cif,26.906734,22.433104
xtal_53.cif,./Al13Sc3N16/163/xtal_53.cif,25.77272,-25.06266
xtal_55.cif,./Al13Sc3N16/163/xtal_55.cif,33.253464,4.4473515
xtal_59.cif,./Al13Sc3N16/163/xtal_59.cif,67.267395,21.94271
xtal_60.cif,./Al13Sc3N16/163/xtal_60.cif,38.92714,4.029354
xtal_62.cif,./Al13Sc3N16/163/xtal_62.cif,12.653857,40.69274
xtal_66.cif,./Al13Sc3N16/163/xtal_66.cif,13.717091,-12.92242
xtal_69.cif,./Al13Sc3N16/163/xtal_69.cif,26.850399,52.126274
xtal_70.cif,./Al13Sc3N16/163/xtal_70.cif,22.845055,55.647648
xtal_73.cif,./Al13Sc3N16/163/xtal_73.cif,-19.812817,-65.626724
xtal_74.cif,./Al13Sc3N16/163/xtal_74.cif,20.099127,-3.1913385
xtal_75.cif,./Al13Sc3N16/163/xtal_75.cif,66.7134,53.576538
xtal_79.cif,./Al13Sc3N16/163/xtal_79.cif,-25.176752,-72.46578
xtal_81.cif,./Al13Sc3N16/163/xtal_81.cif,-29.787714,-61.99195
xtal_82.cif,./Al13Sc3N16/163/xtal_82.cif,-107.277985,-0.04336875
xtal_83.cif,./Al13Sc3N16/163/xtal_83.cif,-101.46281,-30.587265
xtal_85.cif,./Al13Sc3N16/163/xtal_85.cif,-60.52535,-77.38905
xtal_86.cif,./Al13Sc3N16/163/xtal_86.cif,44.08708,-17.712101
xtal_89.cif,./Al13Sc3N16/163/xtal_89.cif,10.075426,-35.804306
xtal_9.cif,./Al13Sc3N16/163/xtal_9.cif,9.061714,44.576405
xtal_98.cif,./Al13Sc3N16/163/xtal_98.cif,-34.48382,-34.39177
xtal_99.cif,./Al13Sc3N16/163/xtal_99.cif,64.146675,36.565517
xtal_1.cif,./Al13Sc3N16/164/xtal_1.cif,25.89138,-32.82891
xtal_13.cif,./Al13Sc3N16/164/xtal_13.cif,23.753693,-7.7514234
xtal_14.cif,./Al13Sc3N16/164/xtal_14.cif,36.319912,-15.44694
xtal_16.cif,./Al13Sc3N16/164/xtal_16.cif,18.47612,7.287467
xtal_17.cif,./Al13Sc3N16/164/xtal_17.cif,-48.849846,-78.036644
xtal_18.cif,./Al13Sc3N16/164/xtal_18.cif,34.249325,-26.913265
xtal_19.cif,./Al13Sc3N16/164/xtal_19.cif,49.941963,35.750534
xtal_22.cif,./Al13Sc3N16/164/xtal_22.cif,22.077557,-22.141376
xtal_24.cif,./Al13Sc3N16/164/xtal_24.cif,32.417652,-19.716776
xtal_25.cif,./Al13Sc3N16/164/xtal_25.cif,61.05684,49.840996
xtal_27.cif,./Al13Sc3N16/164/xtal_27.cif,55.54974,19.948051
xtal_3.cif,./Al13Sc3N16/164/xtal_3.cif,42.676834,8.747557
xtal_31.cif,./Al13Sc3N16/164/xtal_31.cif,35.572746,-2.908694
xtal_32.cif,./Al13Sc3N16/164/xtal_32.cif,-73.30934,9.709841
xtal_34.cif,./Al13Sc3N16/164/xtal_34.cif,-21.472258,-69.45131
xtal_37.cif,./Al13Sc3N16/164/xtal_37.cif,43.04939,8.251817
xtal_38.cif,./Al13Sc3N16/164/xtal_38.cif,80.074295,-6.2224483
xtal_43.cif,./Al13Sc3N16/164/xtal_43.cif,34.495148,68.21101
xtal_44.cif,./Al13Sc3N16/164/xtal_44.cif,61.177753,39.97045
xtal_48.cif,./Al13Sc3N16/164/xtal_48.cif,-35.650417,-79.498184
xtal_49.cif,./Al13Sc3N16/164/xtal_49.cif,-106.88901,-13.726312
xtal_50.cif,./Al13Sc3N16/164/xtal_50.cif,-64.51505,-78.598305
xtal_53.cif,./Al13Sc3N16/164/xtal_53.cif,44.74778,23.892206
xtal_54.cif,./Al13Sc3N16/164/xtal_54.cif,66.581276,47.59822
xtal_56.cif,./Al13Sc3N16/164/xtal_56.cif,23.429916,-17.220592
xtal_57.cif,./Al13Sc3N16/164/xtal_57.cif,47.773106,-23.871122
xtal_63.cif,./Al13Sc3N16/164/xtal_63.cif,32.43159,-27.781591
xtal_65.cif,./Al13Sc3N16/164/xtal_65.cif,64.91306,-10.261938
xtal_67.cif,./Al13Sc3N16/164/xtal_67.cif,43.887188,-35.9224
xtal_68.cif,./Al13Sc3N16/164/xtal_68.cif,-9.428277,-63.623837
xtal_69.cif,./Al13Sc3N16/164/xtal_69.cif,43.245735,48.31559
xtal_70.cif,./Al13Sc3N16/164/xtal_70.cif,-78.32187,-66.184525
xtal_73.cif,./Al13Sc3N16/164/xtal_73.cif,-10.624015,-37.759228
xtal_76.cif,./Al13Sc3N16/164/xtal_76.cif,-79.58957,-68.757095
xtal_79.cif,./Al13Sc3N16/164/xtal_79.cif,1.1021303,-69.05806
xtal_83.cif,./Al13Sc3N16/164/xtal_83.cif,31.086494,75.840065
xtal_84.cif,./Al13Sc3N16/164/xtal_84.cif,-8.528722,15.266375
xtal_87.cif,./Al13Sc3N16/164/xtal_87.cif,38.32143,-22.336224
xtal_88.cif,./Al13Sc3N16/164/xtal_88.cif,68.21605,6.966269
xtal_89.cif,./Al13Sc3N16/164/xtal_89.cif,53.820633,1.0481596
xtal_9.cif,./Al13Sc3N16/164/xtal_9.cif,-25.027235,-73.69991
xtal_92.cif,./Al13Sc3N16/164/xtal_92.cif,67.755936,-40.93759
xtal_93.cif,./Al13Sc3N16/164/xtal_93.cif,31.13121,5.1409154
xtal_95.cif,./Al13Sc3N16/164/xtal_95.cif,46.652225,20.423191
xtal_98.cif,./Al13Sc3N16/164/xtal_98.cif,7.860994,-50.051956
xtal_99.cif,./Al13Sc3N16/164/xtal_99.cif,-68.03805,12.531483
xtal_12.cif,./Al13Sc3N16/165/xtal_12.cif,20.916563,-38.628345
xtal_13.cif,./Al13Sc3N16/165/xtal_13.cif,26.715107,-23.3967
xtal_15.cif,./Al13Sc3N16/165/xtal_15.cif,-48.22511,-78.556725
xtal_18.cif,./Al13Sc3N16/165/xtal_18.cif,-85.14274,-61.542797
xtal_2.cif,./Al13Sc3N16/165/xtal_2.cif,-68.503006,11.904499
xtal_20.cif,./Al13Sc3N16/165/xtal_20.cif,54.13769,15.917321
xtal_21.cif,./Al13Sc3N16/165/xtal_21.cif,-3.3688307,-56.071037
xtal_23.cif,./Al13Sc3N16/165/xtal_23.cif,16.170061,83.58005
xtal_26.cif,./Al13Sc3N16/165/xtal_26.cif,6.737274,-44.105972
xtal_27.cif,./Al13Sc3N16/165/xtal_27.cif,-88.684006,-57.39283
xtal_30.cif,./Al13Sc3N16/165/xtal_30.cif,-107.62492,-2.5162919
xtal_31.cif,./Al13Sc3N16/165/xtal_31.cif,23.516878,76.11452
xtal_33.cif,./Al13Sc3N16/165/xtal_33.cif,-94.79025,-48.10859
xtal_35.cif,./Al13Sc3N16/165/xtal_35.cif,64.05576,36.477776
xtal_36.cif,./Al13Sc3N16/165/xtal_36.cif,17.274424,-29.750889
xtal_37.cif,./Al13Sc3N16/165/xtal_37.cif,-24.84726,-68.99504
xtal_38.cif,./Al13Sc3N16/165/xtal_38.cif,-21.779152,-74.50126
xtal_40.cif,./Al13Sc3N16/165/xtal_40.cif,3.897493,6.0371847
xtal_43.cif,./Al13Sc3N16/165/xtal_43.cif,-30.901617,-73.57047
xtal_45.cif,./Al13Sc3N16/165/xtal_45.cif,60.270935,63.008583
xtal_46.cif,./Al13Sc3N16/165/xtal_46.cif,-5.492169,62.769897
xtal_48.cif,./Al13Sc3N16/165/xtal_48.cif,64.89857,51.424088
xtal_49.cif,./Al13Sc3N16/165/xtal_49.cif,-10.122383,-62.188625
xtal_5.cif,./Al13Sc3N16/165/xtal_5.cif,30.423107,-2.9489748
xtal_50.cif,./Al13Sc3N16/165/xtal_50.cif,52.18412,-0.118511036
xtal_51.cif,./Al13Sc3N16/165/xtal_51.cif,27.163343,-22.651264
xtal_52.cif,./Al13Sc3N16/165/xtal_52.cif,-3.2914734,-53.518185
xtal_54.cif,./Al13Sc3N16/165/xtal_54.cif,1.5947844,22.41349
xtal_57.cif,./Al13Sc3N16/165/xtal_57.cif,49.277817,0.88163143
xtal_6.cif,./Al13Sc3N16/165/xtal_6.cif,63.179977,37.71962
xtal_60.cif,./Al13Sc3N16/165/xtal_60.cif,26.847849,-21.67308
xtal_61.cif,./Al13Sc3N16/165/xtal_61.cif,22.60988,61.7194
xtal_62.cif,./Al13Sc3N16/165/xtal_62.cif,8.653143,-35.62655
xtal_63.cif,./Al13Sc3N16/165/xtal_63.cif,9.919867,-13.236294
xtal_64.cif,./Al13Sc3N16/165/xtal_64.cif,3.8967876,68.03728
xtal_72.cif,./Al13Sc3N16/165/xtal_72.cif,-107.09593,4.042477
xtal_74.cif,./Al13Sc3N16/165/xtal_74.cif,46.958805,39.507107
xtal_77.cif,./Al13Sc3N16/165/xtal_77.cif,-8.512445,16.10847
xtal_79.cif,./Al13Sc3N16/165/xtal_79.cif,44.56897,20.978836
xtal_80.cif,./Al13Sc3N16/165/xtal_80.cif,15.132705,61.347546
xtal_82.cif,./Al13Sc3N16/165/xtal_82.cif,48.219753,13.739455
xtal_83.cif,./Al13Sc3N16/165/xtal_83.cif,-12.147484,-37.784233
xtal_85.cif,./Al13Sc3N16/165/xtal_85.cif,-34.397537,-74.91094
xtal_91.cif,./Al13Sc3N16/165/xtal_91.cif,39.560158,-1.5909706
xtal_92.cif,./Al13Sc3N16/165/xtal_92.cif,-9.381472,-37.553623
xtal_95.cif,./Al13Sc3N16/165/xtal_95.cif,9.526185,-27.76044
xtal_96.cif,./Al13Sc3N16/165/xtal_96.cif,-94.55901,-52.78806
xtal_98.cif,./Al13Sc3N16/165/xtal_98.cif,22.19745,-62.873055
xtal_99.cif,./Al13Sc3N16/165/xtal_99.cif,3.9000711,68.50631
xtal_10.cif,./Al13Sc3N16/168/xtal_10.cif,25.496735,56.978657
xtal_100.cif,./Al13Sc3N16/168/xtal_100.cif,74.47255,-3.844482
xtal_12.cif,./Al13Sc3N16/168/xtal_12.cif,78.84078,-50.13726
xtal_13.cif,./Al13Sc3N16/168/xtal_13.cif,-21.086702,-70.62943
xtal_14.cif,./Al13Sc3N16/168/xtal_14.cif,-86.19155,-60.90831
xtal_17.cif,./Al13Sc3N16/168/xtal_17.cif,9.704425,-69.74969
xtal_2.cif,./Al13Sc3N16/168/xtal_2.cif,-87.09979,-52.02421
xtal_21.cif,./Al13Sc3N16/168/xtal_21.cif,53.136425,-60.04905
xtal_22.cif,./Al13Sc3N16/168/xtal_22.cif,95.581955,-0.019144611
xtal_23.cif,./Al13Sc3N16/168/xtal_23.cif,-91.16111,-41.83202
xtal_25.cif,./Al13Sc3N16/168/xtal_25.cif,78.96142,-58.990875
xtal_26.cif,./Al13Sc3N16/168/xtal_26.cif,-21.411385,-58.086674
xtal_28.cif,./Al13Sc3N16/168/xtal_28.cif,5.8482933,-44.889908
xtal_29.cif,./Al13Sc3N16/168/xtal_29.cif,68.6407,-19.538206
xtal_31.cif,./Al13Sc3N16/168/xtal_31.cif,-96.55514,-40.835182
xtal_33.cif,./Al13Sc3N16/168/xtal_33.cif,88.36438,-17.344
xtal_34.cif,./Al13Sc3N16/168/xtal_34.cif,-86.29535,-50.90613
xtal_38.cif,./Al13Sc3N16/168/xtal_38.cif,79.96972,-28.71367
xtal_4.cif,./Al13Sc3N16/168/xtal_4.cif,59.403263,-5.2729473
xtal_41.cif,./Al13Sc3N16/168/xtal_41.cif,-1.3723937,-53.32838
xtal_42.cif,./Al13Sc3N16/168/xtal_42.cif,-107.05955,1.6064824
xtal_46.cif,./Al13Sc3N16/168/xtal_46.cif,79.45321,-28.597311
xtal_49.cif,./Al13Sc3N16/168/xtal_49.cif,68.99387,-23.966654
xtal_5.cif,./Al13Sc3N16/168/xtal_5.cif,69.00567,-24.031492
xtal_51.cif,./Al13Sc3N16/168/xtal_51.cif,-101.5403,-26.891275
xtal_52.cif,./Al13Sc3N16/168/xtal_52.cif,55.45635,14.01912
xtal_54.cif,./Al13Sc3N16/168/xtal_54.cif,-1.6244638,-74.84369
xtal_57.cif,./Al13Sc3N16/168/xtal_57.cif,62.315956,-83.1973
xtal_58.cif,./Al13Sc3N16/168/xtal_58.cif,69.23952,44.76851
xtal_6.cif,./Al13Sc3N16/168/xtal_6.cif,9.148604,-45.04116
xtal_63.cif,./Al13Sc3N16/168/xtal_63.cif,24.587055,-5.6267323
xtal_64.cif,./Al13Sc3N16/168/xtal_64.cif,50.356327,-21.295904
xtal_65.cif,./Al13Sc3N16/168/xtal_65.cif,-106.13417,-16.483303
xtal_69.cif,./Al13Sc3N16/168/xtal_69.cif,53.742973,79.86628
xtal_7.cif,./Al13Sc3N16/168/xtal_7.cif,-77.74297,-72.98445
xtal_70.cif,./Al13Sc3N16/168/xtal_70.cif,78.53926,-53.242607
xtal_71.cif,./Al13Sc3N16/168/xtal_71.cif,-55.651913,-77.7433
xtal_75.cif,./Al13Sc3N16/168/xtal_75.cif,14.426791,-46.981236
xtal_8.cif,./Al13Sc3N16/168/xtal_8.cif,93.89543,-19.601948
xtal_80.cif,./Al13Sc3N16/168/xtal_80.cif,48.404224,15.601259
xtal_81.cif,./Al13Sc3N16/168/xtal_81.cif,78.677216,-52.858746
xtal_82.cif,./Al13Sc3N16/168/xtal_82.cif,90.18539,-36.553337
xtal_84.cif,./Al13Sc3N16/168/xtal_84.cif,21.008205,-53.119427
xtal_87.cif,./Al13Sc3N16/168/xtal_87.cif,24.554157,-51.019604
xtal_88.cif,./Al13Sc3N16/168/xtal_88.cif,63.74747,-73.66942
xtal_90.cif,./Al13Sc3N16/168/xtal_90.cif,39.533165,8.607367
xtal_99.cif,./Al13Sc3N16/168/xtal_99.cif,71.190605,-43.12102
xtal_11.cif,./Al13Sc3N16/173/xtal_11.cif,33.840466,22.028013
xtal_13.cif,./Al13Sc3N16/173/xtal_13.cif,96.86171,-4.7026167
xtal_14.cif,./Al13Sc3N16/173/xtal_14.cif,-5.112387,-59.979733
xtal_16.cif,./Al13Sc3N16/173/xtal_16.cif,-44.156334,-78.26172
xtal_17.cif,./Al13Sc3N16/173/xtal_17.cif,71.68787,-22.621395
xtal_18.cif,./Al13Sc3N16/173/xtal_18.cif,-10.560172,-69.191376
xtal_19.cif,./Al13Sc3N16/173/xtal_19.cif,17.460564,-17.873955
xtal_21.cif,./Al13Sc3N16/173/xtal_21.cif,-62.990692,-78.22323
xtal_22.cif,./Al13Sc3N16/173/xtal_22.cif,-24.952261,-69.25752
xtal_26.cif,./Al13Sc3N16/173/xtal_26.cif,53.532215,22.186613
xtal_27.cif,./Al13Sc3N16/173/xtal_27.cif,78.783714,-54.688667
xtal_28.cif,./Al13Sc3N16/173/xtal_28.cif,92.290085,-2.8642137
xtal_3.cif,./Al13Sc3N16/173/xtal_3.cif,-0.98241776,-43.71144
xtal_31.cif,./Al13Sc3N16/173/xtal_31.cif,27.508661,29.360035
xtal_35.cif,./Al13Sc3N16/173/xtal_35.cif,15.774531,52.404488
xtal_36.cif,./Al13Sc3N16/173/xtal_36.cif,-0.75022346,-56.956406
xtal_42.cif,./Al13Sc3N16/173/xtal_42.cif,7.959474,-51.714214
xtal_43.cif,./Al13Sc3N16/173/xtal_43.cif,-96.11014,-42.309372
xtal_45.cif,./Al13Sc3N16/173/xtal_45.cif,-6.1821475,-74.90155
xtal_49.cif,./Al13Sc3N16/173/xtal_49.cif,31.821018,-49.843746
xtal_52.cif,./Al13Sc3N16/173/xtal_52.cif,69.465706,-41.64858
xtal_53.cif,./Al13Sc3N16/173/xtal_53.cif,36.830463,-29.758709
xtal_54.cif,./Al13Sc3N16/173/xtal_54.cif,-72.47872,-73.307625
xtal_55.cif,./Al13Sc3N16/173/xtal_55.cif,44.962017,2.9696653
xtal_56.cif,./Al13Sc3N16/173/xtal_56.cif,13.646019,-36.041473
xtal_57.cif,./Al13Sc3N16/173/xtal_57.cif,-92.117584,-52.48274
xtal_58.cif,./Al13Sc3N16/173/xtal_58.cif,69.39235,-38.71313
xtal_60.cif,./Al13Sc3N16/173/xtal_60.cif,96.11134,-34.60962
xtal_62.cif,./Al13Sc3N16/173/xtal_62.cif,-12.676399,-71.40967
xtal_63.cif,./Al13Sc3N16/173/xtal_63.cif,15.443711,-36.12154
xtal_65.cif,./Al13Sc3N16/173/xtal_65.cif,1.5851874,-50.17763
xtal_67.cif,./Al13Sc3N16/173/xtal_67.cif,83.9676,-7.877735
xtal_69.cif,./Al13Sc3N16/173/xtal_69.cif,80.21943,-57.65465
xtal_71.cif,./Al13Sc3N16/173/xtal_71.cif,-2.6029377,-56.1577
xtal_72.cif,./Al13Sc3N16/173/xtal_72.cif,25.02798,5.2342963
xtal_74.cif,./Al13Sc3N16/173/xtal_74.cif,77.23539,-5.726008
xtal_78.cif,./Al13Sc3N16/173/xtal_78.cif,56.06889,28.830631
xtal_79.cif,./Al13Sc3N16/173/xtal_79.cif,50.275963,36.163136
xtal_8.cif,./Al13Sc3N16/173/xtal_8.cif,77.765945,30.54723
xtal_80.cif,./Al13Sc3N16/173/xtal_80.cif,-85.960205,-60.18882
xtal_82.cif,./Al13Sc3N16/173/xtal_82.cif,-17.898487,-64.22811
xtal_83.cif,./Al13Sc3N16/173/xtal_83.cif,77.48687,-5.752656
xtal_84.cif,./Al13Sc3N16/173/xtal_84.cif,49.74017,-2.59437
xtal_86.cif,./Al13Sc3N16/173/xtal_86.cif,0.60399616,-46.518883
xtal_87.cif,./Al13Sc3N16/173/xtal_87.cif,63.435783,-39.62704
xtal_9.cif,./Al13Sc3N16/173/xtal_9.cif,70.89458,-47.273285
xtal_91.cif,./Al13Sc3N16/173/xtal_91.cif,88.52835,-17.405945
xtal_99.cif,./Al13Sc3N16/173/xtal_99.cif,76.807884,-58.08829
xtal_1.cif,./Al13Sc3N16/174/xtal_1.cif,-23.231085,-73.65999
xtal_100.cif,./Al13Sc3N16/174/xtal_100.cif,9.28119,-36.803745
xtal_12.cif,./Al13Sc3N16/174/xtal_12.cif,-57.472107,-74.80745
xtal_14.cif,./Al13Sc3N16/174/xtal_14.cif,28.122122,51.71632
xtal_15.cif,./Al13Sc3N16/174/xtal_15.cif,73.422935,31.083118
xtal_19.cif,./Al13Sc3N16/174/xtal_19.cif,66.359505,-2.5969813
xtal_20.cif,./Al13Sc3N16/174/xtal_20.cif,-39.227856,-76.55446
xtal_21.cif,./Al13Sc3N16/174/xtal_21.cif,-18.157106,-74.315285
xtal_22.cif,./Al13Sc3N16/174/xtal_22.cif,-71.06231,-71.677765
xtal_23.cif,./Al13Sc3N16/174/xtal_23.cif,-106.04036,-9.990319
xtal_24.cif,./Al13Sc3N16/174/xtal_24.cif,21.22606,-53.139652
xtal_27.cif,./Al13Sc3N16/174/xtal_27.cif,22.903791,-16.359976
xtal_28.cif,./Al13Sc3N16/174/xtal_28.cif,80.159546,-3.7917662
xtal_29.cif,./Al13Sc3N16/174/xtal_29.cif,54.758904,-69.33604
xtal_32.cif,./Al13Sc3N16/174/xtal_32.cif,-101.55352,-29.007826
xtal_34.cif,./Al13Sc3N16/174/xtal_34.cif,-9.623082,-75.79191
xtal_35.cif,./Al13Sc3N16/174/xtal_35.cif,-12.312611,78.71565
xtal_37.cif,./Al13Sc3N16/174/xtal_37.cif,62.92727,28.29522
xtal_38.cif,./Al13Sc3N16/174/xtal_38.cif,67.96083,-9.165274
xtal_41.cif,./Al13Sc3N16/174/xtal_41.cif,81.18323,-2.66072
xtal_42.cif,./Al13Sc3N16/174/xtal_42.cif,83.0628,1.8871651
xtal_44.cif,./Al13Sc3N16/174/xtal_44.cif,93.00609,-10.913273
xtal_45.cif,./Al13Sc3N16/174/xtal_45.cif,-1.9481366,-39.449036
xtal_48.cif,./Al13Sc3N16/174/xtal_48.cif,-107.04245,4.4583645
xtal_49.cif,./Al13Sc3N16/174/xtal_49.cif,22.042517,-21.760979
xtal_5.cif,./Al13Sc3N16/174/xtal_5.cif,8.446643,34.791695
xtal_53.cif,./Al13Sc3N16/174/xtal_53.cif,57.90004,2.0411801
xtal_55.cif,./Al13Sc3N16/174/xtal_55.cif,11.506734,-32.723904
xtal_56.cif,./Al13Sc3N16/174/xtal_56.cif,50.79087,-16.054873
xtal_57.cif,./Al13Sc3N16/174/xtal_57.cif,90.405235,-5.142785
xtal_6.cif,./Al13Sc3N16/174/xtal_6.cif,3.728624,72.96907
xtal_60.cif,./Al13Sc3N16/174/xtal_60.cif,-72.595535,11.117047
xtal_63.cif,./Al13Sc3N16/174/xtal_63.cif,-54.911167,-65.66284
xtal_65.cif,./Al13Sc3N16/174/xtal_65.cif,61.372303,34.02578
xtal_68.cif,./Al13Sc3N16/174/xtal_68.cif,86.59678,5.50049
xtal_7.cif,./Al13Sc3N16/174/xtal_7.cif,86.83194,-2.5774174
xtal_71.cif,./Al13Sc3N16/174/xtal_71.cif,-70.80115,26.815025
xtal_76.cif,./Al13Sc3N16/174/xtal_76.cif,-98.27693,-40.866776
xtal_77.cif,./Al13Sc3N16/174/xtal_77.cif,-22.613548,-71.59948
xtal_8.cif,./Al13Sc3N16/174/xtal_8.cif,83.63515,40.55093
xtal_80.cif,./Al13Sc3N16/174/xtal_80.cif,1.7344447,-60.431717
xtal_87.cif,./Al13Sc3N16/174/xtal_87.cif,65.030365,-4.1471624
xtal_88.cif,./Al13Sc3N16/174/xtal_88.cif,-97.21972,-45.0893
xtal_90.cif,./Al13Sc3N16/174/xtal_90.cif,-62.446037,-76.802795
xtal_92.cif,./Al13Sc3N16/174/xtal_92.cif,-31.68083,-78.69747
xtal_96.cif,./Al13Sc3N16/174/xtal_96.cif,-15.678516,-65.03844
xtal_97.cif,./Al13Sc3N16/174/xtal_97.cif,-93.06876,-38.6116
xtal_99.cif,./Al13Sc3N16/174/xtal_99.cif,-11.168178,-25.87266
xtal_10.cif,./Al13Sc3N16/175/xtal_10.cif,-28.382233,-59.620308
xtal_11.cif,./Al13Sc3N16/175/xtal_11.cif,-31.67078,-59.65546
xtal_12.cif,./Al13Sc3N16/175/xtal_12.cif,-4.1759963,-54.70332
xtal_15.cif,./Al13Sc3N16/175/xtal_15.cif,52.521053,9.114212
xtal_16.cif,./Al13Sc3N16/175/xtal_16.cif,73.1738,20.998547
xtal_17.cif,./Al13Sc3N16/175/xtal_17.cif,-22.048195,-58.259964
xtal_18.cif,./Al13Sc3N16/175/xtal_18.cif,2.7828906,3.2056983
xtal_2.cif,./Al13Sc3N16/175/xtal_2.cif,-27.256624,-66.35681
xtal_21.cif,./Al13Sc3N16/175/xtal_21.cif,31.74984,-2.0647175
xtal_22.cif,./Al13Sc3N16/175/xtal_22.cif,31.4699,-5.233985
xtal_24.cif,./Al13Sc3N16/175/xtal_24.cif,-82.47773,-63.54579
xtal_25.cif,./Al13Sc3N16/175/xtal_25.cif,17.82035,40.511295
xtal_28.cif,./Al13Sc3N16/175/xtal_28.cif,0.7884305,-32.371323
xtal_3.cif,./Al13Sc3N16/175/xtal_3.cif,69.975914,36.104546
xtal_30.cif,./Al13Sc3N16/175/xtal_30.cif,-79.91033,-59.7644
xtal_33.cif,./Al13Sc3N16/175/xtal_33.cif,-32.124416,44.35036
xtal_35.cif,./Al13Sc3N16/175/xtal_35.cif,70.122406,68.35244
xtal_37.cif,./Al13Sc3N16/175/xtal_37.cif,70.10124,64.91077
xtal_39.cif,./Al13Sc3N16/175/xtal_39.cif,-1.324511,72.82008
xtal_40.cif,./Al13Sc3N16/175/xtal_40.cif,-90.25929,-61.98412
xtal_41.cif,./Al13Sc3N16/175/xtal_41.cif,-3.762181,-34.027462
xtal_42.cif,./Al13Sc3N16/175/xtal_42.cif,-54.69835,-73.90829
xtal_43.cif,./Al13Sc3N16/175/xtal_43.cif,-92.94602,-50.942284
xtal_47.cif,./Al13Sc3N16/175/xtal_47.cif,47.601765,25.855587
xtal_49.cif,./Al13Sc3N16/175/xtal_49.cif,-57.44963,14.328519
xtal_51.cif,./Al13Sc3N16/175/xtal_51.cif,46.908466,-0.10605282
xtal_52.cif,./Al13Sc3N16/175/xtal_52.cif,-15.796208,-77.21098
xtal_53.cif,./Al13Sc3N16/175/xtal_53.cif,49.589108,23.668005
xtal_58.cif,./Al13Sc3N16/175/xtal_58.cif,17.239275,-35.210857
xtal_60.cif,./Al13Sc3N16/175/xtal_60.cif,-51.701073,15.56716
xtal_61.cif,./Al13Sc3N16/175/xtal_61.cif,77.9714,-43.30071
xtal_62.cif,./Al13Sc3N16/175/xtal_62.cif,-1.5968038,3.7281075
xtal_63.cif,./Al13Sc3N16/175/xtal_63.cif,13.578737,-31.76888
xtal_66.cif,./Al13Sc3N16/175/xtal_66.cif,45.682167,-9.882449
xtal_67.cif,./Al13Sc3N16/175/xtal_67.cif,-9.527006,31.28865
xtal_68.cif,./Al13Sc3N16/175/xtal_68.cif,30.53455,4.602478
xtal_69.cif,./Al13Sc3N16/175/xtal_69.cif,-107.03708,-17.69478
xtal_78.cif,./Al13Sc3N16/175/xtal_78.cif,-94.47059,-44.809216
xtal_81.cif,./Al13Sc3N16/175/xtal_81.cif,-27.777283,2.936451
xtal_83.cif,./Al13Sc3N16/175/xtal_83.cif,22.320375,-18.685907
xtal_87.cif,./Al13Sc3N16/175/xtal_87.cif,0.4965093,-32.280304
xtal_89.cif,./Al13Sc3N16/175/xtal_89.cif,2.7443504,52.43444
xtal_9.cif,./Al13Sc3N16/175/xtal_9.cif,93.92866,-11.51394
xtal_90.cif,./Al13Sc3N16/175/xtal_90.cif,10.098473,33.516605
xtal_91.cif,./Al13Sc3N16/175/xtal_91.cif,4.9852114,-32.292828
xtal_93.cif,./Al13Sc3N16/175/xtal_93.cif,79.77897,44.912476
xtal_97.cif,./Al13Sc3N16/175/xtal_97.cif,1.8308471,-70.10773
xtal_10.cif,./Al13Sc3N16/176/xtal_10.cif,32.83267,6.027853
xtal_100.cif,./Al13Sc3N16/176/xtal_100.cif,-105.23346,-16.13697
xtal_13.cif,./Al13Sc3N16/176/xtal_13.cif,-30.405115,-75.71397
xtal_14.cif,./Al13Sc3N16/176/xtal_14.cif,-63.5594,-76.50806
xtal_16.cif,./Al13Sc3N16/176/xtal_16.cif,-49.233738,-76.953636
xtal_17.cif,./Al13Sc3N16/176/xtal_17.cif,40.906754,9.414536
xtal_19.cif,./Al13Sc3N16/176/xtal_19.cif,45.199635,2.1034894
xtal_20.cif,./Al13Sc3N16/176/xtal_20.cif,-10.426613,-58.29769
xtal_27.cif,./Al13Sc3N16/176/xtal_27.cif,50.502487,66.18659
xtal_30.cif,./Al13Sc3N16/176/xtal_30.cif,35.415817,-3.050665
xtal_31.cif,./Al13Sc3N16/176/xtal_31.cif,-46.639656,-69.323105
xtal_32.cif,./Al13Sc3N16/176/xtal_32.cif,68.610306,6.4704733
xtal_33.cif,./Al13Sc3N16/176/xtal_33.cif,26.221838,-18.282387
xtal_34.cif,./Al13Sc3N16/176/xtal_34.cif,8.869669,-0.42508247
xtal_35.cif,./Al13Sc3N16/176/xtal_35.cif,72.24803,41.176315
xtal_36.cif,./Al13Sc3N16/176/xtal_36.cif,46.812008,26.27212
xtal_4.cif,./Al13Sc3N16/176/xtal_4.cif,38.466873,5.944278
xtal_40.cif,./Al13Sc3N16/176/xtal_40.cif,14.802276,-12.47768
xtal_41.cif,./Al13Sc3N16/176/xtal_41.cif,79.53046,31.63996
xtal_42.cif,./Al13Sc3N16/176/xtal_42.cif,53.80031,32.281796
xtal_43.cif,./Al13Sc3N16/176/xtal_43.cif,-76.055466,-64.69718
xtal_45.cif,./Al13Sc3N16/176/xtal_45.cif,29.814587,-13.652387
xtal_46.cif,./Al13Sc3N16/176/xtal_46.cif,-94.09542,-47.968506
xtal_48.cif,./Al13Sc3N16/176/xtal_48.cif,-14.275232,-62.68458
xtal_5.cif,./Al13Sc3N16/176/xtal_5.cif,24.592987,22.092829
xtal_50.cif,./Al13Sc3N16/176/xtal_50.cif,34.937614,-5.4528203
xtal_56.cif,./Al13Sc3N16/176/xtal_56.cif,28.626842,-5.0086055
xtal_57.cif,./Al13Sc3N16/176/xtal_57.cif,44.500946,-9.4178295
xtal_6.cif,./Al13Sc3N16/176/xtal_6.cif,33.79571,9.126674
xtal_65.cif,./Al13Sc3N16/176/xtal_65.cif,-14.112305,-67.96758
xtal_66.cif,./Al13Sc3N16/176/xtal_66.cif,-5.018976,-54.418243
xtal_67.cif,./Al13Sc3N16/176/xtal_67.cif,-107.13682,3.304518
xtal_68.cif,./Al13Sc3N16/176/xtal_68.cif,4.750946,-41.651833
xtal_69.cif,./Al13Sc3N16/176/xtal_69.cif,40.602165,4.009332
xtal_7.cif,./Al13Sc3N16/176/xtal_7.cif,38.067593,-9.189091
xtal_70.cif,./Al13Sc3N16/176/xtal_70.cif,-17.447895,78.945816
xtal_72.cif,./Al13Sc3N16/176/xtal_72.cif,-59.48231,-79.4222
xtal_74.cif,./Al13Sc3N16/176/xtal_74.cif,-76.32192,-65.28992
xtal_75.cif,./Al13Sc3N16/176/xtal_75.cif,16.3302,50.99054
xtal_77.cif,./Al13Sc3N16/176/xtal_77.cif,56.54712,31.456665
xtal_78.cif,./Al13Sc3N16/176/xtal_78.cif,13.160053,40.98485
xtal_79.cif,./Al13Sc3N16/176/xtal_79.cif,-75.20669,-69.8089
xtal_81.cif,./Al13Sc3N16/176/xtal_81.cif,14.8965845,-15.062947
xtal_83.cif,./Al13Sc3N16/176/xtal_83.cif,-57.347065,-76.50264
xtal_84.cif,./Al13Sc3N16/176/xtal_84.cif,58.41286,67.227684
xtal_89.cif,./Al13Sc3N16/176/xtal_89.cif,-10.414352,-60.42166
xtal_91.cif,./Al13Sc3N16/176/xtal_91.cif,-13.018796,-63.432335
xtal_94.cif,./Al13Sc3N16/176/xtal_94.cif,67.15844,50.313095
xtal_95.cif,./Al13Sc3N16/176/xtal_95.cif,-57.89626,-78.17156
xtal_96.cif,./Al13Sc3N16/176/xtal_96.cif,22.186623,61.110893
xtal_15.cif,./Al13Sc3N16/177/xtal_15.cif,68.65039,-19.481268
xtal_18.cif,./Al13Sc3N16/177/xtal_18.cif,-66.08136,-74.35104
xtal_23.cif,./Al13Sc3N16/177/xtal_23.cif,95.08364,3.252057
xtal_24.cif,./Al13Sc3N16/177/xtal_24.cif,46.933537,-0.09254395
xtal_25.cif,./Al13Sc3N16/177/xtal_25.cif,-12.428309,-65.01108
xtal_29.cif,./Al13Sc3N16/177/xtal_29.cif,22.262745,60.771824
xtal_3.cif,./Al13Sc3N16/177/xtal_3.cif,4.4427233,49.31171
xtal_30.cif,./Al13Sc3N16/177/xtal_30.cif,-9.3980055,-43.958714
xtal_32.cif,./Al13Sc3N16/177/xtal_32.cif,48.102036,-26.385405
xtal_33.cif,./Al13Sc3N16/177/xtal_33.cif,1.8540217,-44.736923
xtal_34.cif,./Al13Sc3N16/177/xtal_34.cif,67.4379,-8.573922
xtal_35.cif,./Al13Sc3N16/177/xtal_35.cif,-20.19338,90.49674
xtal_36.cif,./Al13Sc3N16/177/xtal_36.cif,-101.037796,-35.90662
xtal_4.cif,./Al13Sc3N16/177/xtal_4.cif,-54.82584,30.17406
xtal_41.cif,./Al13Sc3N16/177/xtal_41.cif,47.807446,-4.364379
xtal_45.cif,./Al13Sc3N16/177/xtal_45.cif,7.0159903,-45.922024
xtal_5.cif,./Al13Sc3N16/177/xtal_5.cif,34.53287,-3.1820102
xtal_50.cif,./Al13Sc3N16/177/xtal_50.cif,44.24039,60.915127
xtal_51.cif,./Al13Sc3N16/177/xtal_51.cif,-9.611059,-75.84673
xtal_53.cif,./Al13Sc3N16/177/xtal_53.cif,48.554188,59.348515
xtal_55.cif,./Al13Sc3N16/177/xtal_55.cif,-97.833565,-41.464085
xtal_56.cif,./Al13Sc3N16/177/xtal_56.cif,-56.279404,11.124342
xtal_61.cif,./Al13Sc3N16/177/xtal_61.cif,-92.35966,-54.471134
xtal_62.cif,./Al13Sc3N16/177/xtal_62.cif,12.270045,-33.49839
xtal_65.cif,./Al13Sc3N16/177/xtal_65.cif,-25.49095,-75.22509
xtal_66.cif,./Al13Sc3N16/177/xtal_66.cif,28.265583,-49.398045
xtal_67.cif,./Al13Sc3N16/177/xtal_67.cif,62.278305,-6.955318
xtal_68.cif,./Al13Sc3N16/177/xtal_68.cif,20.224031,-51.97476
xtal_71.cif,./Al13Sc3N16/177/xtal_71.cif,13.50723,-20.368834
xtal_73.cif,./Al13Sc3N16/177/xtal_73.cif,21.326448,-39.983543
xtal_74.cif,./Al13Sc3N16/177/xtal_74.cif,62.980404,53.804268
xtal_76.cif,./Al13Sc3N16/177/xtal_76.cif,-88.308556,-58.82437
xtal_77.cif,./Al13Sc3N16/177/xtal_77.cif,-11.588941,-34.0051
xtal_78.cif,./Al13Sc3N16/177/xtal_78.cif,-80.731865,16.816404
xtal_79.cif,./Al13Sc3N16/177/xtal_79.cif,-4.4125795,-62.302654
xtal_80.cif,./Al13Sc3N16/177/xtal_80.cif,-52.665928,-78.272835
xtal_82.cif,./Al13Sc3N16/177/xtal_82.cif,19.294333,-51.256187
xtal_83.cif,./Al13Sc3N16/177/xtal_83.cif,55.729916,20.528988
xtal_85.cif,./Al13Sc3N16/177/xtal_85.cif,73.996635,-4.6697145
xtal_86.cif,./Al13Sc3N16/177/xtal_86.cif,64.60295,45.81176
xtal_88.cif,./Al13Sc3N16/177/xtal_88.cif,83.37777,-36.114025
xtal_90.cif,./Al13Sc3N16/177/xtal_90.cif,-77.344345,15.310379
xtal_91.cif,./Al13Sc3N16/177/xtal_91.cif,-98.792076,-44.881706
xtal_92.cif,./Al13Sc3N16/177/xtal_92.cif,-9.984461,-70.34195
xtal_93.cif,./Al13Sc3N16/177/xtal_93.cif,18.45083,-34.802174
xtal_96.cif,./Al13Sc3N16/177/xtal_96.cif,30.448792,-20.775337
xtal_97.cif,./Al13Sc3N16/177/xtal_97.cif,18.357819,-29.50448
xtal_98.cif,./Al13Sc3N16/177/xtal_98.cif,-3.0277495,-49.281967
xtal_1.cif,./Al13Sc3N16/182/xtal_1.cif,-45.470413,-78.68501
xtal_100.cif,./Al13Sc3N16/182/xtal_100.cif,-64.59103,-75.41521
xtal_18.cif,./Al13Sc3N16/182/xtal_18.cif,-79.97253,-70.05928
xtal_2.cif,./Al13Sc3N16/182/xtal_2.cif,54.644344,56.778957
xtal_21.cif,./Al13Sc3N16/182/xtal_21.cif,-29.77801,-75.31989
xtal_25.cif,./Al13Sc3N16/182/xtal_25.cif,41.74181,5.015434
xtal_27.cif,./Al13Sc3N16/182/xtal_27.cif,14.145473,85.057465
xtal_30.cif,./Al13Sc3N16/182/xtal_30.cif,19.444555,-25.845795
xtal_31.cif,./Al13Sc3N16/182/xtal_31.cif,-21.480984,-57.797592
xtal_32.cif,./Al13Sc3N16/182/xtal_32.cif,-32.942955,-77.120865
xtal_33.cif,./Al13Sc3N16/182/xtal_33.cif,-9.097149,-57.603413
xtal_35.cif,./Al13Sc3N16/182/xtal_35.cif,41.873066,18.599398
xtal_37.cif,./Al13Sc3N16/182/xtal_37.cif,48.70925,0.6406359
xtal_38.cif,./Al13Sc3N16/182/xtal_38.cif,53.789337,18.617615
xtal_4.cif,./Al13Sc3N16/182/xtal_4.cif,-106.71563,-14.641821
xtal_40.cif,./Al13Sc3N16/182/xtal_40.cif,83.01414,44.00434
xtal_42.cif,./Al13Sc3N16/182/xtal_42.cif,8.222329,-34.26223
xtal_43.cif,./Al13Sc3N16/182/xtal_43.cif,-83.18069,-68.65505
xtal_46.cif,./Al13Sc3N16/182/xtal_46.cif,-43.486084,-74.984474
xtal_49.cif,./Al13Sc3N16/182/xtal_49.cif,-86.96463,-62.911488
xtal_5.cif,./Al13Sc3N16/182/xtal_5.cif,84.886856,0.03615471
xtal_50.cif,./Al13Sc3N16/182/xtal_50.cif,14.91002,-14.989954
xtal_51.cif,./Al13Sc3N16/182/xtal_51.cif,-63.49248,-76.93229
xtal_52.cif,./Al13Sc3N16/182/xtal_52.cif,22.924736,62.13432
xtal_54.cif,./Al13Sc3N16/182/xtal_54.cif,60.064594,31.744783
xtal_56.cif,./Al13Sc3N16/182/xtal_56.cif,42.11151,7.3264
xtal_57.cif,./Al13Sc3N16/182/xtal_57.cif,-51.219887,7.4338436
xtal_58.cif,./Al13Sc3N16/182/xtal_58.cif,-92.65999,-51.78985
xtal_59.cif,./Al13Sc3N16/182/xtal_59.cif,-15.701769,-75.49245
xtal_62.cif,./Al13Sc3N16/182/xtal_62.cif,68.39285,50.10281
xtal_65.cif,./Al13Sc3N16/182/xtal_65.cif,6.1089587,-24.825758
xtal_69.cif,./Al13Sc3N16/182/xtal_69.cif,70.46112,-2.4689882
xtal_71.cif,./Al13Sc3N16/182/xtal_71.cif,-45.393593,-82.36183
xtal_72.cif,./Al13Sc3N16/182/xtal_72.cif,71.89508,57.47827
xtal_75.cif,./Al13Sc3N16/182/xtal_75.cif,8.4589,-15.386025
xtal_76.cif,./Al13Sc3N16/182/xtal_76.cif,-10.33922,-57.266613
xtal_78.cif,./Al13Sc3N16/182/xtal_78.cif,48.29075,-29.862877
xtal_80.cif,./Al13Sc3N16/182/xtal_80.cif,60.272526,74.84809
xtal_81.cif,./Al13Sc3N16/182/xtal_81.cif,6.4127274,-35.312057
xtal_83.cif,./Al13Sc3N16/182/xtal_83.cif,47.04611,0.046017163
xtal_85.cif,./Al13Sc3N16/182/xtal_85.cif,33.834927,7.2855577
xtal_86.cif,./Al13Sc3N16/182/xtal_86.cif,24.15756,-26.235357
xtal_87.cif,./Al13Sc3N16/182/xtal_87.cif,57.805843,42.062283
xtal_88.cif,./Al13Sc3N16/182/xtal_88.cif,12.141529,-26.97035
xtal_9.cif,./Al13Sc3N16/182/xtal_9.cif,31.985493,21.12672
xtal_90.cif,./Al13Sc3N16/182/xtal_90.cif,50.190693,41.400555
xtal_91.cif,./Al13Sc3N16/182/xtal_91.cif,-49.507534,-78.80612
xtal_95.cif,./Al13Sc3N16/182/xtal_95.cif,64.550385,53.694695
xtal_98.cif,./Al13Sc3N16/182/xtal_98.cif,64.207535,22.980604
xtal_1.cif,./Al13Sc3N16/183/xtal_1.cif,80.13943,31.663048
xtal_10.cif,./Al13Sc3N16/183/xtal_10.cif,-9.396856,-64.9087
xtal_100.cif,./Al13Sc3N16/183/xtal_100.cif,43.180634,-9.753581
xtal_12.cif,./Al13Sc3N16/183/xtal_12.cif,7.885391,-66.296295
xtal_13.cif,./Al13Sc3N16/183/xtal_13.cif,41.095276,-3.400534
xtal_14.cif,./Al13Sc3N16/183/xtal_14.cif,77.62791,-25.95445
xtal_15.cif,./Al13Sc3N16/183/xtal_15.cif,52.74564,-26.135443
xtal_17.cif,./Al13Sc3N16/183/xtal_17.cif,-1.4447293,-62.245815
xtal_19.cif,./Al13Sc3N16/183/xtal_19.cif,70.39253,-43.910614
xtal_2.cif,./Al13Sc3N16/183/xtal_2.cif,-18.696571,73.64054
xtal_29.cif,./Al13Sc3N16/183/xtal_29.cif,1.0860183,-55.346977
xtal_3.cif,./Al13Sc3N16/183/xtal_3.cif,-0.80558586,54.428947
xtal_30.cif,./Al13Sc3N16/183/xtal_30.cif,41.058636,10.169507
xtal_31.cif,./Al13Sc3N16/183/xtal_31.cif,66.110596,-41.408096
xtal_33.cif,./Al13Sc3N16/183/xtal_33.cif,79.46228,-57.535057
xtal_36.cif,./Al13Sc3N16/183/xtal_36.cif,18.325378,-49.397938
xtal_39.cif,./Al13Sc3N16/183/xtal_39.cif,18.064737,17.123173
xtal_4.cif,./Al13Sc3N16/183/xtal_4.cif,75.70955,6.235683
xtal_43.cif,./Al13Sc3N16/183/xtal_43.cif,-14.121773,-68.799614
xtal_46.cif,./Al13Sc3N16/183/xtal_46.cif,89.4165,-8.630433
xtal_53.cif,./Al13Sc3N16/183/xtal_53.cif,-85.25618,-59.37554
xtal_54.cif,./Al13Sc3N16/183/xtal_54.cif,40.38506,-2.8678806
xtal_57.cif,./Al13Sc3N16/183/xtal_57.cif,66.497,-78.20188
xtal_59.cif,./Al13Sc3N16/183/xtal_59.cif,64.99927,-41.88896
xtal_6.cif,./Al13Sc3N16/183/xtal_6.cif,66.4798,41.867756
xtal_60.cif,./Al13Sc3N16/183/xtal_60.cif,16.364618,50.94434
xtal_62.cif,./Al13Sc3N16/183/xtal_62.cif,32.212364,-11.417118
xtal_64.cif,./Al13Sc3N16/183/xtal_64.cif,72.594215,-51.974472
xtal_65.cif,./Al13Sc3N16/183/xtal_65.cif,8.362053,-48.93624
xtal_70.cif,./Al13Sc3N16/183/xtal_70.cif,-2.5965898,-77.88119
xtal_73.cif,./Al13Sc3N16/183/xtal_73.cif,74.68993,-25.102978
xtal_74.cif,./Al13Sc3N16/183/xtal_74.cif,82.817856,2.3071723
xtal_75.cif,./Al13Sc3N16/183/xtal_75.cif,-104.95732,-23.795408
xtal_78.cif,./Al13Sc3N16/183/xtal_78.cif,-65.11652,-73.40694
xtal_81.cif,./Al13Sc3N16/183/xtal_81.cif,-18.20662,-78.56582
xtal_83.cif,./Al13Sc3N16/183/xtal_83.cif,30.389774,-13.031183
xtal_85.cif,./Al13Sc3N16/183/xtal_85.cif,16.635363,-71.31293
xtal_86.cif,./Al13Sc3N16/183/xtal_86.cif,-110.27222,-8.246262
xtal_88.cif,./Al13Sc3N16/183/xtal_88.cif,2.9272723,-44.72978
xtal_9.cif,./Al13Sc3N16/183/xtal_9.cif,44.445415,-35.640953
xtal_90.cif,./Al13Sc3N16/183/xtal_90.cif,55.23438,21.44406
xtal_92.cif,./Al13Sc3N16/183/xtal_92.cif,62.533302,48.214214
xtal_97.cif,./Al13Sc3N16/183/xtal_97.cif,-77.36264,-73.84811
xtal_98.cif,./Al13Sc3N16/183/xtal_98.cif,-5.892845,-57.096657
xtal_1.cif,./Al13Sc3N16/184/xtal_1.cif,91.39166,-12.363505
xtal_10.cif,./Al13Sc3N16/184/xtal_10.cif,-106.91449,-11.138696
xtal_11.cif,./Al13Sc3N16/184/xtal_11.cif,32.822403,-89.06405
xtal_12.cif,./Al13Sc3N16/184/xtal_12.cif,74.049225,-25.424843
xtal_13.cif,./Al13Sc3N16/184/xtal_13.cif,54.42186,67.142365
xtal_14.cif,./Al13Sc3N16/184/xtal_14.cif,61.624844,3.0433428
xtal_16.cif,./Al13Sc3N16/184/xtal_16.cif,19.79936,-24.403704
xtal_17.cif,./Al13Sc3N16/184/xtal_17.cif,82.50146,-42.994465
xtal_2.cif,./Al13Sc3N16/184/xtal_2.cif,83.03361,3.650426
xtal_20.cif,./Al13Sc3N16/184/xtal_20.cif,-4.8529215,-77.50339
xtal_21.cif,./Al13Sc3N16/184/xtal_21.cif,67.89645,30.572454
xtal_24.cif,./Al13Sc3N16/184/xtal_24.cif,31.690716,-87.54129
xtal_25.cif,./Al13Sc3N16/184/xtal_25.cif,40.25669,-16.297594
xtal_27.cif,./Al13Sc3N16/184/xtal_27.cif,-26.780972,-56.055115
xtal_29.cif,./Al13Sc3N16/184/xtal_29.cif,79.1274,-25.57117
xtal_31.cif,./Al13Sc3N16/184/xtal_31.cif,45.67187,2.3863363
xtal_33.cif,./Al13Sc3N16/184/xtal_33.cif,49.446327,-74.2131
xtal_37.cif,./Al13Sc3N16/184/xtal_37.cif,83.94686,-24.85458
xtal_4.cif,./Al13Sc3N16/184/xtal_4.cif,8.472242,-48.93651
xtal_40.cif,./Al13Sc3N16/184/xtal_40.cif,86.7838,-59.17756
xtal_41.cif,./Al13Sc3N16/184/xtal_41.cif,27.229887,5.7288747
xtal_42.cif,./Al13Sc3N16/184/xtal_42.cif,-65.014755,-67.9966
xtal_44.cif,./Al13Sc3N16/184/xtal_44.cif,29.095312,-14.804367
xtal_45.cif,./Al13Sc3N16/184/xtal_45.cif,69.48204,-6.911305
xtal_48.cif,./Al13Sc3N16/184/xtal_48.cif,-10.185689,-58.186184
xtal_49.cif,./Al13Sc3N16/184/xtal_49.cif,-2.8872163,-77.1736
xtal_5.cif,./Al13Sc3N16/184/xtal_5.cif,-110.216194,-8.275074
xtal_50.cif,./Al13Sc3N16/184/xtal_50.cif,4.055567,-40.085983
xtal_51.cif,./Al13Sc3N16/184/xtal_51.cif,61.631924,18.685299
xtal_55.cif,./Al13Sc3N16/184/xtal_55.cif,79.28928,-51.23106
xtal_58.cif,./Al13Sc3N16/184/xtal_58.cif,-30.729382,-75.4201
xtal_60.cif,./Al13Sc3N16/184/xtal_60.cif,23.404852,-63.57776
xtal_61.cif,./Al13Sc3N16/184/xtal_61.cif,-107.23345,0.14563963
xtal_63.cif,./Al13Sc3N16/184/xtal_63.cif,35.9369,-0.005229869
xtal_66.cif,./Al13Sc3N16/184/xtal_66.cif,67.93531,-9.870357
xtal_68.cif,./Al13Sc3N16/184/xtal_68.cif,96.33596,-14.4548645
xtal_7.cif,./Al13Sc3N16/184/xtal_7.cif,77.91937,-26.095556
xtal_71.cif,./Al13Sc3N16/184/xtal_71.cif,71.79181,-52.20776
xtal_74.cif,./Al13Sc3N16/184/xtal_74.cif,-65.01724,-69.73247
xtal_75.cif,./Al13Sc3N16/184/xtal_75.cif,87.095116,-6.537647
xtal_76.cif,./Al13Sc3N16/184/xtal_76.cif,48.400482,13.873066
xtal_77.cif,./Al13Sc3N16/184/xtal_77.cif,40.0565,10.778925
xtal_79.cif,./Al13Sc3N16/184/xtal_79.cif,87.64097,-28.316177
xtal_8.cif,./Al13Sc3N16/184/xtal_8.cif,-86.11867,-50.964634
xtal_81.cif,./Al13Sc3N16/184/xtal_81.cif,71.14354,-49.615643
xtal_85.cif,./Al13Sc3N16/184/xtal_85.cif,-82.50357,-67.891014
xtal_86.cif,./Al13Sc3N16/184/xtal_86.cif,34.868477,47.362263
xtal_9.cif,./Al13Sc3N16/184/xtal_9.cif,76.51186,-57.729507
xtal_92.cif,./Al13Sc3N16/184/xtal_92.cif,-17.929111,-62.622044
xtal_99.cif,./Al13Sc3N16/184/xtal_99.cif,66.93607,-36.260952
xtal_10.cif,./Al13Sc3N16/185/xtal_10.cif,-107.08053,-18.778095
xtal_13.cif,./Al13Sc3N16/185/xtal_13.cif,0.277386,-38.54466
xtal_16.cif,./Al13Sc3N16/185/xtal_16.cif,-54.820614,-79.60042
xtal_17.cif,./Al13Sc3N16/185/xtal_17.cif,38.981472,-0.93525314
xtal_19.cif,./Al13Sc3N16/185/xtal_19.cif,-24.769934,-71.55425
xtal_20.cif,./Al13Sc3N16/185/xtal_20.cif,36.215622,-15.8329315
xtal_21.cif,./Al13Sc3N16/185/xtal_21.cif,-106.70374,-14.587471
xtal_22.cif,./Al13Sc3N16/185/xtal_22.cif,16.374943,-77.91455
xtal_24.cif,./Al13Sc3N16/185/xtal_24.cif,15.648028,-33.083927
xtal_25.cif,./Al13Sc3N16/185/xtal_25.cif,3.7329,-73.12455
xtal_28.cif,./Al13Sc3N16/185/xtal_28.cif,19.248363,-28.24361
xtal_29.cif,./Al13Sc3N16/185/xtal_29.cif,57.683388,25.189163
xtal_3.cif,./Al13Sc3N16/185/xtal_3.cif,-45.542603,-78.98831
xtal_30.cif,./Al13Sc3N16/185/xtal_30.cif,-6.8829374,-53.18117
xtal_31.cif,./Al13Sc3N16/185/xtal_31.cif,-102.996544,-27.228506
xtal_32.cif,./Al13Sc3N16/185/xtal_32.cif,1.8869852,-74.88085
xtal_33.cif,./Al13Sc3N16/185/xtal_33.cif,34.707085,-5.032588
xtal_34.cif,./Al13Sc3N16/185/xtal_34.cif,-53.503098,-77.193436
xtal_35.cif,./Al13Sc3N16/185/xtal_35.cif,10.973822,-33.816357
xtal_37.cif,./Al13Sc3N16/185/xtal_37.cif,22.313318,-25.64245
xtal_4.cif,./Al13Sc3N16/185/xtal_4.cif,-106.92279,-11.439882
xtal_42.cif,./Al13Sc3N16/185/xtal_42.cif,69.46292,-53.204803
xtal_44.cif,./Al13Sc3N16/185/xtal_44.cif,6.708948,-40.47941
xtal_45.cif,./Al13Sc3N16/185/xtal_45.cif,-24.843044,-74.876564
xtal_46.cif,./Al13Sc3N16/185/xtal_46.cif,94.59341,-19.966515
xtal_47.cif,./Al13Sc3N16/185/xtal_47.cif,-84.219925,-63.25653
xtal_51.cif,./Al13Sc3N16/185/xtal_51.cif,78.33724,-33.0797
xtal_53.cif,./Al13Sc3N16/185/xtal_53.cif,0.0025292116,-75.706696
xtal_55.cif,./Al13Sc3N16/185/xtal_55.cif,66.93641,-36.20611
xtal_57.cif,./Al13Sc3N16/185/xtal_57.cif,18.761774,-44.443153
xtal_58.cif,./Al13Sc3N16/185/xtal_58.cif,79.34777,-51.657932
xtal_59.cif,./Al13Sc3N16/185/xtal_59.cif,10.2465,-7.259092
xtal_6.cif,./Al13Sc3N16/185/xtal_6.cif,86.59116,18.825302
xtal_65.cif,./Al13Sc3N16/185/xtal_65.cif,39.57234,-1.4827176
xtal_66.cif,./Al13Sc3N16/185/xtal_66.cif,1.6118586,11.833023
xtal_67.cif,./Al13Sc3N16/185/xtal_67.cif,37.159626,-6.865493
xtal_68.cif,./Al13Sc3N16/185/xtal_68.cif,36.372147,-73.58924
xtal_73.cif,./Al13Sc3N16/185/xtal_73.cif,-49.066826,-78.15299
xtal_76.cif,./Al13Sc3N16/185/xtal_76.cif,-0.5265221,-74.710884
xtal_83.cif,./Al13Sc3N16/185/xtal_83.cif,-5.5550985,-76.00744
xtal_84.cif,./Al13Sc3N16/185/xtal_84.cif,52.330414,50.10296
xtal_89.cif,./Al13Sc3N16/185/xtal_89.cif,6.69192,76.698586
xtal_9.cif,./Al13Sc3N16/185/xtal_9.cif,26.179932,55.12755
xtal_90.cif,./Al13Sc3N16/185/xtal_90.cif,-65.2367,-60.860275
xtal_91.cif,./Al13Sc3N16/185/xtal_91.cif,70.15665,49.36933
xtal_93.cif,./Al13Sc3N16/185/xtal_93.cif,-36.651947,-81.05179
xtal_94.cif,./Al13Sc3N16/185/xtal_94.cif,68.87005,53.58848
xtal_95.cif,./Al13Sc3N16/185/xtal_95.cif,64.37789,-33.982643
xtal_96.cif,./Al13Sc3N16/185/xtal_96.cif,62.705902,-38.95668
xtal_97.cif,./Al13Sc3N16/185/xtal_97.cif,14.994303,-45.162006
xtal_100.cif,./Al13Sc3N16/186/xtal_100.cif,-62.15668,-71.20144
xtal_12.cif,./Al13Sc3N16/186/xtal_12.cif,10.967622,-52.922306
xtal_14.cif,./Al13Sc3N16/186/xtal_14.cif,4.1788826,-73.25859
xtal_16.cif,./Al13Sc3N16/186/xtal_16.cif,-6.090372,-65.606384
xtal_17.cif,./Al13Sc3N16/186/xtal_17.cif,61.78891,-7.5296626
xtal_18.cif,./Al13Sc3N16/186/xtal_18.cif,52.2998,20.679829
xtal_20.cif,./Al13Sc3N16/186/xtal_20.cif,54.680233,18.072351
xtal_22.cif,./Al13Sc3N16/186/xtal_22.cif,47.05292,-1.7647017
xtal_23.cif,./Al13Sc3N16/186/xtal_23.cif,7.572792,-49.20811
xtal_24.cif,./Al13Sc3N16/186/xtal_24.cif,10.092804,-51.631695
xtal_26.cif,./Al13Sc3N16/186/xtal_26.cif,14.621564,-36.055614
xtal_3.cif,./Al13Sc3N16/186/xtal_3.cif,43.2936,-5.725025
xtal_31.cif,./Al13Sc3N16/186/xtal_31.cif,24.659046,-6.23819
xtal_32.cif,./Al13Sc3N16/186/xtal_32.cif,58.60481,39.074886
xtal_34.cif,./Al13Sc3N16/186/xtal_34.cif,99.67581,-3.7212377
xtal_35.cif,./Al13Sc3N16/186/xtal_35.cif,16.62151,58.455315
xtal_36.cif,./Al13Sc3N16/186/xtal_36.cif,-4.3089585,-74.90677
xtal_37.cif,./Al13Sc3N16/186/xtal_37.cif,25.648743,51.24154
xtal_38.cif,./Al13Sc3N16/186/xtal_38.cif,31.283522,-27.385864
xtal_39.cif,./Al13Sc3N16/186/xtal_39.cif,79.01146,47.209408
xtal_4.cif,./Al13Sc3N16/186/xtal_4.cif,-1.1009235,-41.609943
xtal_40.cif,./Al13Sc3N16/186/xtal_40.cif,-80.401955,-59.556248
xtal_41.cif,./Al13Sc3N16/186/xtal_41.cif,-7.66279,-52.29883
xtal_42.cif,./Al13Sc3N16/186/xtal_42.cif,29.513191,-3.300507
xtal_43.cif,./Al13Sc3N16/186/xtal_43.cif,91.325806,-53.14212
xtal_47.cif,./Al13Sc3N16/186/xtal_47.cif,63.70843,41.439045
xtal_49.cif,./Al13Sc3N16/186/xtal_49.cif,61.226448,-9.339076
xtal_52.cif,./Al13Sc3N16/186/xtal_52.cif,-41.635162,-73.89807
xtal_53.cif,./Al13Sc3N16/186/xtal_53.cif,91.984055,-15.609308
xtal_57.cif,./Al13Sc3N16/186/xtal_57.cif,95.9008,-17.444998
xtal_58.cif,./Al13Sc3N16/186/xtal_58.cif,-88.61596,-58.18201
xtal_59.cif,./Al13Sc3N16/186/xtal_59.cif,-4.317089,-59.57713
xtal_62.cif,./Al13Sc3N16/186/xtal_62.cif,-9.148059,-34.589806
xtal_65.cif,./Al13Sc3N16/186/xtal_65.cif,45.678146,4.5934987
xtal_67.cif,./Al13Sc3N16/186/xtal_67.cif,21.75268,-27.775986
xtal_68.cif,./Al13Sc3N16/186/xtal_68.cif,-25.10431,-71.96634
xtal_69.cif,./Al13Sc3N16/186/xtal_69.cif,53.515278,22.260952
xtal_7.cif,./Al13Sc3N16/186/xtal_7.cif,-103.7134,-29.135044
xtal_74.cif,./Al13Sc3N16/186/xtal_74.cif,76.27431,-43.0947
xtal_75.cif,./Al13Sc3N16/186/xtal_75.cif,-11.079857,-64.30809
xtal_76.cif,./Al13Sc3N16/186/xtal_76.cif,4.697044,-45.655315
xtal_77.cif,./Al13Sc3N16/186/xtal_77.cif,30.171568,-4.3030057
xtal_80.cif,./Al13Sc3N16/186/xtal_80.cif,32.065914,6.4303174
xtal_81.cif,./Al13Sc3N16/186/xtal_81.cif,31.486368,-18.606007
xtal_91.cif,./Al13Sc3N16/186/xtal_91.cif,93.89816,6.1402245
xtal_92.cif,./Al13Sc3N16/186/xtal_92.cif,93.041275,4.2200265
xtal_93.cif,./Al13Sc3N16/186/xtal_93.cif,-105.0002,-22.690355
xtal_95.cif,./Al13Sc3N16/186/xtal_95.cif,-0.06768622,-71.960686
xtal_97.cif,./Al13Sc3N16/186/xtal_97.cif,-78.59224,-70.664894
xtal_1.cif,./Al13Sc3N16/187/xtal_1.cif,-74.59582,-58.892967
xtal_10.cif,./Al13Sc3N16/187/xtal_10.cif,22.638292,-20.826721
xtal_11.cif,./Al13Sc3N16/187/xtal_11.cif,10.781191,-52.454117
xtal_13.cif,./Al13Sc3N16/187/xtal_13.cif,-80.215706,-66.26002
xtal_14.cif,./Al13Sc3N16/187/xtal_14.cif,93.78118,6.4953375
xtal_16.cif,./Al13Sc3N16/187/xtal_16.cif,-42.626476,-79.90644
xtal_18.cif,./Al13Sc3N16/187/xtal_18.cif,85.585304,12.934396
xtal_19.cif,./Al13Sc3N16/187/xtal_19.cif,42.78805,-6.0642624
xtal_22.cif,./Al13Sc3N16/187/xtal_22.cif,79.76998,-3.6900434
xtal_23.cif,./Al13Sc3N16/187/xtal_23.cif,-16.792522,-61.526764
xtal_27.cif,./Al13Sc3N16/187/xtal_27.cif,-102.53431,-32.71912
xtal_28.cif,./Al13Sc3N16/187/xtal_28.cif,38.12557,-63.777218
xtal_3.cif,./Al13Sc3N16/187/xtal_3.cif,45.480225,-22.834269
xtal_30.cif,./Al13Sc3N16/187/xtal_30.cif,3.289494,52.37653
xtal_32.cif,./Al13Sc3N16/187/xtal_32.cif,72.865715,46.99767
xtal_33.cif,./Al13Sc3N16/187/xtal_33.cif,24.139252,-64.19407
xtal_36.cif,./Al13Sc3N16/187/xtal_36.cif,-18.417458,-68.63063
xtal_37.cif,./Al13Sc3N16/187/xtal_37.cif,16.670498,-70.21081
xtal_38.cif,./Al13Sc3N16/187/xtal_38.cif,1.2737068,-65.70404
xtal_39.cif,./Al13Sc3N16/187/xtal_39.cif,-57.49989,67.69993
xtal_4.cif,./Al13Sc3N16/187/xtal_4.cif,34.281075,20.469557
xtal_44.cif,./Al13Sc3N16/187/xtal_44.cif,1.0444771,-46.911057
xtal_50.cif,./Al13Sc3N16/187/xtal_50.cif,-4.9186106,-62.195904
xtal_51.cif,./Al13Sc3N16/187/xtal_51.cif,18.003593,-54.084366
xtal_52.cif,./Al13Sc3N16/187/xtal_52.cif,43.980854,28.64323
xtal_54.cif,./Al13Sc3N16/187/xtal_54.cif,14.707548,-22.995844
xtal_57.cif,./Al13Sc3N16/187/xtal_57.cif,-82.65047,-64.7691
xtal_60.cif,./Al13Sc3N16/187/xtal_60.cif,49.054943,-29.441792
xtal_61.cif,./Al13Sc3N16/187/xtal_61.cif,30.140318,77.11926
xtal_62.cif,./Al13Sc3N16/187/xtal_62.cif,48.72908,-56.307686
xtal_63.cif,./Al13Sc3N16/187/xtal_63.cif,66.142265,28.703497
xtal_69.cif,./Al13Sc3N16/187/xtal_69.cif,-6.573027,-60.106087
xtal_7.cif,./Al13Sc3N16/187/xtal_7.cif,-36.08251,-82.371155
xtal_71.cif,./Al13Sc3N16/187/xtal_71.cif,2.4274857,-49.281723
xtal_72.cif,./Al13Sc3N16/187/xtal_72.cif,14.338947,-39.907787
xtal_74.cif,./Al13Sc3N16/187/xtal_74.cif,53.81825,33.461056
xtal_75.cif,./Al13Sc3N16/187/xtal_75.cif,24.278553,-25.891506
xtal_78.cif,./Al13Sc3N16/187/xtal_78.cif,61.797295,-8.229425
xtal_82.cif,./Al13Sc3N16/187/xtal_82.cif,-35.254288,-78.2484
xtal_83.cif,./Al13Sc3N16/187/xtal_83.cif,-106.01659,-14.6532
xtal_86.cif,./Al13Sc3N16/187/xtal_86.cif,46.420574,-20.010918
xtal_87.cif,./Al13Sc3N16/187/xtal_87.cif,-16.421347,-77.8267
xtal_88.cif,./Al13Sc3N16/187/xtal_88.cif,56.679623,-11.496269
xtal_9.cif,./Al13Sc3N16/187/xtal_9.cif,-106.353645,-17.27182
xtal_92.cif,./Al13Sc3N16/187/xtal_92.cif,98.59553,-4.488824
xtal_95.cif,./Al13Sc3N16/187/xtal_95.cif,-1.3292228,-62.051186
xtal_96.cif,./Al13Sc3N16/187/xtal_96.cif,18.136568,22.768663
xtal_1.cif,./Al13Sc3N16/188/xtal_1.cif,59.574833,78.39454
xtal_10.cif,./Al13Sc3N16/188/xtal_10.cif,43.100765,-1.3627459
xtal_100.cif,./Al13Sc3N16/188/xtal_100.cif,-61.707355,40.934772
xtal_13.cif,./Al13Sc3N16/188/xtal_13.cif,-57.293167,-78.11847
xtal_15.cif,./Al13Sc3N16/188/xtal_15.cif,36.95881,-63.662045
xtal_16.cif,./Al13Sc3N16/188/xtal_16.cif,49.301506,7.707441
xtal_17.cif,./Al13Sc3N16/188/xtal_17.cif,23.849062,-67.12478
xtal_2.cif,./Al13Sc3N16/188/xtal_2.cif,53.284496,0.4936511
xtal_20.cif,./Al13Sc3N16/188/xtal_20.cif,61.42641,-74.15888
xtal_21.cif,./Al13Sc3N16/188/xtal_21.cif,80.860886,19.686588
xtal_27.cif,./Al13Sc3N16/188/xtal_27.cif,-71.68614,-71.77493
xtal_29.cif,./Al13Sc3N16/188/xtal_29.cif,51.5622,-50.540493
xtal_3.cif,./Al13Sc3N16/188/xtal_3.cif,-82.12403,-68.62081
xtal_30.cif,./Al13Sc3N16/188/xtal_30.cif,14.089602,-36.534985
xtal_32.cif,./Al13Sc3N16/188/xtal_32.cif,29.277088,-28.98591
xtal_35.cif,./Al13Sc3N16/188/xtal_35.cif,-56.973118,-71.77564
xtal_36.cif,./Al13Sc3N16/188/xtal_36.cif,96.45386,-16.199986
xtal_37.cif,./Al13Sc3N16/188/xtal_37.cif,-33.589268,-81.64713
xtal_40.cif,./Al13Sc3N16/188/xtal_40.cif,32.83938,-32.272865
xtal_41.cif,./Al13Sc3N16/188/xtal_41.cif,52.63453,-38.920013
xtal_43.cif,./Al13Sc3N16/188/xtal_43.cif,30.168713,-25.274189
xtal_44.cif,./Al13Sc3N16/188/xtal_44.cif,-37.342518,-78.05207
xtal_46.cif,./Al13Sc3N16/188/xtal_46.cif,-82.92989,-68.40973
xtal_47.cif,./Al13Sc3N16/188/xtal_47.cif,54.540646,19.716602
xtal_49.cif,./Al13Sc3N16/188/xtal_49.cif,-26.684984,-77.41971
xtal_50.cif,./Al13Sc3N16/188/xtal_50.cif,-1.4048287,-40.87413
xtal_53.cif,./Al13Sc3N16/188/xtal_53.cif,88.54229,18.768892
xtal_57.cif,./Al13Sc3N16/188/xtal_57.cif,7.777924,-66.37237
xtal_59.cif,./Al13Sc3N16/188/xtal_59.cif,94.86195,6.3952723
xtal_62.cif,./Al13Sc3N16/188/xtal_62.cif,33.645855,-20.92431
xtal_63.cif,./Al13Sc3N16/188/xtal_63.cif,71.5288,56.059017
xtal_64.cif,./Al13Sc3N16/188/xtal_64.cif,69.81663,0.40283754
xtal_65.cif,./Al13Sc3N16/188/xtal_65.cif,57.749783,19.854834
xtal_66.cif,./Al13Sc3N16/188/xtal_66.cif,72.76543,54.763577
xtal_72.cif,./Al13Sc3N16/188/xtal_72.cif,27.229168,-31.564905
xtal_75.cif,./Al13Sc3N16/188/xtal_75.cif,9.866038,-34.8153
xtal_76.cif,./Al13Sc3N16/188/xtal_76.cif,-70.84542,-27.36254
xtal_77.cif,./Al13Sc3N16/188/xtal_77.cif,-103.04043,-33.20854
xtal_79.cif,./Al13Sc3N16/188/xtal_79.cif,69.91709,35.943913
xtal_81.cif,./Al13Sc3N16/188/xtal_81.cif,46.371166,-23.01009
xtal_82.cif,./Al13Sc3N16/188/xtal_82.cif,-81.57532,-66.84229
xtal_90.cif,./Al13Sc3N16/188/xtal_90.cif,74.012436,37.086414
xtal_91.cif,./Al13Sc3N16/188/xtal_91.cif,-3.432948,82.98624
xtal_92.cif,./Al13Sc3N16/188/xtal_92.cif,36.99583,-71.818855
xtal_94.cif,./Al13Sc3N16/188/xtal_94.cif,64.85298,31.798878
xtal_96.cif,./Al13Sc3N16/188/xtal_96.cif,46.992455,3.3838882
xtal_97.cif,./Al13Sc3N16/188/xtal_97.cif,65.43653,-40.727863
xtal_98.cif,./Al13Sc3N16/188/xtal_98.cif,17.374334,-30.88768
xtal_1.cif,./Al13Sc3N16/189/xtal_1.cif,-8.933144,-57.05935
xtal_100.cif,./Al13Sc3N16/189/xtal_100.cif,17.893625,-50.547955
xtal_11.cif,./Al13Sc3N16/189/xtal_11.cif,69.98616,-22.84629
xtal_13.cif,./Al13Sc3N16/189/xtal_13.cif,20.573503,56.669315
xtal_14.cif,./Al13Sc3N16/189/xtal_14.cif,73.57043,34.920788
xtal_15.cif,./Al13Sc3N16/189/xtal_15.cif,-95.012695,-52.203957
xtal_19.cif,./Al13Sc3N16/189/xtal_19.cif,95.33841,3.4100683
xtal_21.cif,./Al13Sc3N16/189/xtal_21.cif,79.91487,-2.6594763
xtal_22.cif,./Al13Sc3N16/189/xtal_22.cif,-82.39348,-64.45635
xtal_23.cif,./Al13Sc3N16/189/xtal_23.cif,-27.322588,-77.00205
xtal_24.cif,./Al13Sc3N16/189/xtal_24.cif,67.35803,54.605106
xtal_26.cif,./Al13Sc3N16/189/xtal_26.cif,73.11257,59.520103
xtal_28.cif,./Al13Sc3N16/189/xtal_28.cif,-15.284727,-72.37415
xtal_29.cif,./Al13Sc3N16/189/xtal_29.cif,46.762814,-27.582474
xtal_3.cif,./Al13Sc3N16/189/xtal_3.cif,40.619503,-66.993286
xtal_30.cif,./Al13Sc3N16/189/xtal_30.cif,4.9559717,10.748972
xtal_32.cif,./Al13Sc3N16/189/xtal_32.cif,89.459465,17.551102
xtal_4.cif,./Al13Sc3N16/189/xtal_4.cif,49.636345,19.118034
xtal_40.cif,./Al13Sc3N16/189/xtal_40.cif,-50.82255,-51.122215
xtal_47.cif,./Al13Sc3N16/189/xtal_47.cif,-35.64603,-79.33082
xtal_48.cif,./Al13Sc3N16/189/xtal_48.cif,-39.126858,83.982895
xtal_49.cif,./Al13Sc3N16/189/xtal_49.cif,-32.061817,-74.33102
xtal_50.cif,./Al13Sc3N16/189/xtal_50.cif,-14.747906,-28.708944
xtal_53.cif,./Al13Sc3N16/189/xtal_53.cif,5.3757386,-23.041378
xtal_57.cif,./Al13Sc3N16/189/xtal_57.cif,-53.318977,49.39027
xtal_58.cif,./Al13Sc3N16/189/xtal_58.cif,35.110775,19.519888
xtal_6.cif,./Al13Sc3N16/189/xtal_6.cif,30.486652,0.61841834
xtal_60.cif,./Al13Sc3N16/189/xtal_60.cif,-80.51804,-68.07758
xtal_62.cif,./Al13Sc3N16/189/xtal_62.cif,-6.8567767,-53.223682
xtal_64.cif,./Al13Sc3N16/189/xtal_64.cif,-94.978836,-44.598183
xtal_66.cif,./Al13Sc3N16/189/xtal_66.cif,79.97136,-24.5462
xtal_69.cif,./Al13Sc3N16/189/xtal_69.cif,-2.7957137,-61.31643
xtal_71.cif,./Al13Sc3N16/189/xtal_71.cif,76.53536,38.620495
xtal_72.cif,./Al13Sc3N16/189/xtal_72.cif,10.044375,-68.866516
xtal_74.cif,./Al13Sc3N16/189/xtal_74.cif,-2.5195987,70.99009
xtal_76.cif,./Al13Sc3N16/189/xtal_76.cif,67.62591,31.563864
xtal_77.cif,./Al13Sc3N16/189/xtal_77.cif,86.85555,-2.529366
xtal_78.cif,./Al13Sc3N16/189/xtal_78.cif,-85.113235,-63.807095
xtal_79.cif,./Al13Sc3N16/189/xtal_79.cif,6.2356615,-22.552177
xtal_8.cif,./Al13Sc3N16/189/xtal_8.cif,8.332507,-48.255806
xtal_80.cif,./Al13Sc3N16/189/xtal_80.cif,44.915756,-19.031816
xtal_82.cif,./Al13Sc3N16/189/xtal_82.cif,93.635056,-19.222101
xtal_85.cif,./Al13Sc3N16/189/xtal_85.cif,40.953423,-8.793985
xtal_86.cif,./Al13Sc3N16/189/xtal_86.cif,55.060627,-30.794737
xtal_9.cif,./Al13Sc3N16/189/xtal_9.cif,92.35461,-17.973734
xtal_90.cif,./Al13Sc3N16/189/xtal_90.cif,-53.021652,-29.80771
xtal_97.cif,./Al13Sc3N16/189/xtal_97.cif,-7.1213503,79.00975
xtal_99.cif,./Al13Sc3N16/189/xtal_99.cif,-11.5377865,-24.166092
xtal_1.cif,./Al13Sc3N16/190/xtal_1.cif,50.596024,-72.306366
xtal_10.cif,./Al13Sc3N16/190/xtal_10.cif,-12.049489,-62.89197
xtal_100.cif,./Al13Sc3N16/190/xtal_100.cif,-24.31222,-71.46199
xtal_11.cif,./Al13Sc3N16/190/xtal_11.cif,-0.5043247,-32.409557
xtal_13.cif,./Al13Sc3N16/190/xtal_13.cif,94.85838,2.3510032
xtal_14.cif,./Al13Sc3N16/190/xtal_14.cif,47.08877,-34.60799
xtal_15.cif,./Al13Sc3N16/190/xtal_15.cif,-90.59182,-58.064198
xtal_17.cif,./Al13Sc3N16/190/xtal_17.cif,16.67234,-33.48241
xtal_18.cif,./Al13Sc3N16/190/xtal_18.cif,1.7647967,68.46233
xtal_2.cif,./Al13Sc3N16/190/xtal_2.cif,-23.557167,-76.65437
xtal_21.cif,./Al13Sc3N16/190/xtal_21.cif,-96.234474,-44.620922
xtal_25.cif,./Al13Sc3N16/190/xtal_25.cif,-20.243198,32.72347
xtal_27.cif,./Al13Sc3N16/190/xtal_27.cif,31.583885,67.70475
xtal_28.cif,./Al13Sc3N16/190/xtal_28.cif,-32.012943,-62.10719
xtal_29.cif,./Al13Sc3N16/190/xtal_29.cif,67.54633,28.680191
xtal_31.cif,./Al13Sc3N16/190/xtal_31.cif,69.85869,62.106197
xtal_33.cif,./Al13Sc3N16/190/xtal_33.cif,12.7144,35.83648
xtal_37.cif,./Al13Sc3N16/190/xtal_37.cif,94.49048,-19.426113
xtal_38.cif,./Al13Sc3N16/190/xtal_38.cif,30.027634,-24.518038
xtal_40.cif,./Al13Sc3N16/190/xtal_40.cif,31.812586,-14.83251
xtal_41.cif,./Al13Sc3N16/190/xtal_41.cif,9.669018,-40.180298
xtal_47.cif,./Al13Sc3N16/190/xtal_47.cif,67.80007,-9.501657
xtal_5.cif,./Al13Sc3N16/190/xtal_5.cif,25.400724,74.19488
xtal_50.cif,./Al13Sc3N16/190/xtal_50.cif,-9.089465,4.2578015
xtal_51.cif,./Al13Sc3N16/190/xtal_51.cif,66.621506,37.35761
xtal_52.cif,./Al13Sc3N16/190/xtal_52.cif,35.478302,-13.764019
xtal_53.cif,./Al13Sc3N16/190/xtal_53.cif,-62.78901,-74.21088
xtal_55.cif,./Al13Sc3N16/190/xtal_55.cif,23.825062,55.76615
xtal_56.cif,./Al13Sc3N16/190/xtal_56.cif,31.729723,-32.084717
xtal_57.cif,./Al13Sc3N16/190/xtal_57.cif,48.72846,-4.4773026
xtal_59.cif,./Al13Sc3N16/190/xtal_59.cif,-105.66879,-18.496906
xtal_60.cif,./Al13Sc3N16/190/xtal_60.cif,48.691315,23.171303
xtal_63.cif,./Al13Sc3N16/190/xtal_63.cif,21.888985,-42.205666
xtal_68.cif,./Al13Sc3N16/190/xtal_68.cif,12.952318,-45.797363
xtal_7.cif,./Al13Sc3N16/190/xtal_7.cif,7.5059185,66.90356
xtal_70.cif,./Al13Sc3N16/190/xtal_70.cif,14.88741,-23.381447
xtal_71.cif,./Al13Sc3N16/190/xtal_71.cif,0.293735,46.641838
xtal_74.cif,./Al13Sc3N16/190/xtal_74.cif,85.84441,-6.311447
xtal_75.cif,./Al13Sc3N16/190/xtal_75.cif,54.86949,-1.0651305
xtal_76.cif,./Al13Sc3N16/190/xtal_76.cif,38.945713,-8.654093
xtal_77.cif,./Al13Sc3N16/190/xtal_77.cif,-107.02241,-12.133227
xtal_8.cif,./Al13Sc3N16/190/xtal_8.cif,63.295357,-7.5558157
xtal_82.cif,./Al13Sc3N16/190/xtal_82.cif,33.647614,74.47083
xtal_85.cif,./Al13Sc3N16/190/xtal_85.cif,54.73525,39.41899
xtal_87.cif,./Al13Sc3N16/190/xtal_87.cif,-54.554867,-77.45008
xtal_91.cif,./Al13Sc3N16/190/xtal_91.cif,-9.5665045,-70.5914
xtal_93.cif,./Al13Sc3N16/190/xtal_93.cif,48.548313,-56.176422
xtal_94.cif,./Al13Sc3N16/190/xtal_94.cif,-107.37383,-16.290184
xtal_95.cif,./Al13Sc3N16/190/xtal_95.cif,-56.547676,-77.54253
xtal_10.cif,./Al13Sc3N16/191/xtal_10.cif,51.662632,33.33317
xtal_12.cif,./Al13Sc3N16/191/xtal_12.cif,35.241856,-23.729948
xtal_13.cif,./Al13Sc3N16/191/xtal_13.cif,55.513752,33.219303
xtal_14.cif,./Al13Sc3N16/191/xtal_14.cif,42.82142,11.690629
xtal_17.cif,./Al13Sc3N16/191/xtal_17.cif,11.383403,-31.053164
xtal_19.cif,./Al13Sc3N16/191/xtal_19.cif,90.14743,-36.87516
xtal_21.cif,./Al13Sc3N16/191/xtal_21.cif,57.873344,27.127611
xtal_22.cif,./Al13Sc3N16/191/xtal_22.cif,30.805498,-37.805088
xtal_23.cif,./Al13Sc3N16/191/xtal_23.cif,-31.781498,-80.02667
xtal_25.cif,./Al13Sc3N16/191/xtal_25.cif,63.246822,17.810612
xtal_3.cif,./Al13Sc3N16/191/xtal_3.cif,-0.3506924,-72.11517
xtal_30.cif,./Al13Sc3N16/191/xtal_30.cif,-19.477285,-70.19469
xtal_32.cif,./Al13Sc3N16/191/xtal_32.cif,4.132253,-73.19639
xtal_33.cif,./Al13Sc3N16/191/xtal_33.cif,52.082108,32.25912
xtal_34.cif,./Al13Sc3N16/191/xtal_34.cif,-103.15807,-38.071438
xtal_35.cif,./Al13Sc3N16/191/xtal_35.cif,-91.73989,-50.949352
xtal_37.cif,./Al13Sc3N16/191/xtal_37.cif,51.261986,26.609192
xtal_4.cif,./Al13Sc3N16/191/xtal_4.cif,-72.72447,-73.15304
xtal_46.cif,./Al13Sc3N16/191/xtal_46.cif,64.27484,-38.640182
xtal_47.cif,./Al13Sc3N16/191/xtal_47.cif,-56.147663,43.772564
xtal_5.cif,./Al13Sc3N16/191/xtal_5.cif,-32.35447,-73.60412
xtal_50.cif,./Al13Sc3N16/191/xtal_50.cif,0.6837766,-33.573837
xtal_51.cif,./Al13Sc3N16/191/xtal_51.cif,72.18344,53.216476
xtal_52.cif,./Al13Sc3N16/191/xtal_52.cif,18.859482,-14.39633
xtal_53.cif,./Al13Sc3N16/191/xtal_53.cif,90.989395,-11.208872
xtal_54.cif,./Al13Sc3N16/191/xtal_54.cif,26.338223,51.60129
xtal_57.cif,./Al13Sc3N16/191/xtal_57.cif,-59.166294,-75.82252
xtal_58.cif,./Al13Sc3N16/191/xtal_58.cif,68.18128,-2.695841
xtal_59.cif,./Al13Sc3N16/191/xtal_59.cif,-34.907593,-78.00491
xtal_6.cif,./Al13Sc3N16/191/xtal_6.cif,-13.565498,-70.11247
xtal_64.cif,./Al13Sc3N16/191/xtal_64.cif,-100.820816,-35.963005
xtal_66.cif,./Al13Sc3N16/191/xtal_66.cif,-60.188675,-77.74586
xtal_67.cif,./Al13Sc3N16/191/xtal_67.cif,-1.1288667,67.98814
xtal_68.cif,./Al13Sc3N16/191/xtal_68.cif,-28.68385,-73.47901
xtal_69.cif,./Al13Sc3N16/191/xtal_69.cif,-77.867455,65.261856
xtal_70.cif,./Al13Sc3N16/191/xtal_70.cif,-48.175144,89.89208
xtal_74.cif,./Al13Sc3N16/191/xtal_74.cif,-107.663795,-10.265691
xtal_75.cif,./Al13Sc3N16/191/xtal_75.cif,-19.028257,-8.273187
xtal_76.cif,./Al13Sc3N16/191/xtal_76.cif,6.103225,40.1526
xtal_79.cif,./Al13Sc3N16/191/xtal_79.cif,68.32761,-23.357357
xtal_8.cif,./Al13Sc3N16/191/xtal_8.cif,-36.115932,-76.816376
xtal_81.cif,./Al13Sc3N16/191/xtal_81.cif,-13.131511,-67.42143
xtal_84.cif,./Al13Sc3N16/191/xtal_84.cif,70.6221,-23.323725
xtal_88.cif,./Al13Sc3N16/191/xtal_88.cif,-85.6973,-52.22909
xtal_89.cif,./Al13Sc3N16/191/xtal_89.cif,-70.53765,17.963734
xtal_92.cif,./Al13Sc3N16/191/xtal_92.cif,35.85092,-12.4506645
xtal_97.cif,./Al13Sc3N16/191/xtal_97.cif,-107.54174,-1.5341966
xtal_10.cif,./Al13Sc3N16/192/xtal_10.cif,-7.6045327,76.993546
xtal_100.cif,./Al13Sc3N16/192/xtal_100.cif,70.52174,-43.019028
xtal_11.cif,./Al13Sc3N16/192/xtal_11.cif,5.3445454,-22.907585
xtal_12.cif,./Al13Sc3N16/192/xtal_12.cif,8.691418,38.930317
xtal_13.cif,./Al13Sc3N16/192/xtal_13.cif,-2.380597,39.05689
xtal_14.cif,./Al13Sc3N16/192/xtal_14.cif,41.613796,-11.7714615
xtal_18.cif,./Al13Sc3N16/192/xtal_18.cif,6.5982165,-49.693325
xtal_19.cif,./Al13Sc3N16/192/xtal_19.cif,67.49396,50.279682
xtal_2.cif,./Al13Sc3N16/192/xtal_2.cif,42.879784,35.85386
xtal_20.cif,./Al13Sc3N16/192/xtal_20.cif,2.929418,-45.61023
xtal_21.cif,./Al13Sc3N16/192/xtal_21.cif,-13.906846,-64.633514
xtal_22.cif,./Al13Sc3N16/192/xtal_22.cif,-3.3819656,3.7870808
xtal_23.cif,./Al13Sc3N16/192/xtal_23.cif,-34.454872,-76.75352
xtal_24.cif,./Al13Sc3N16/192/xtal_24.cif,-43.813744,15.407945
xtal_25.cif,./Al13Sc3N16/192/xtal_25.cif,26.609623,-30.673845
xtal_29.cif,./Al13Sc3N16/192/xtal_29.cif,75.72188,-18.187193
xtal_3.cif,./Al13Sc3N16/192/xtal_3.cif,-45.472157,-78.87543
xtal_31.cif,./Al13Sc3N16/192/xtal_31.cif,54.18954,-0.24748088
xtal_32.cif,./Al13Sc3N16/192/xtal_32.cif,32.982113,-19.326763
xtal_35.cif,./Al13Sc3N16/192/xtal_35.cif,-27.436012,7.16723
xtal_36.cif,./Al13Sc3N16/192/xtal_36.cif,-31.614944,-59.481205
xtal_39.cif,./Al13Sc3N16/192/xtal_39.cif,42.440475,10.759137
xtal_43.cif,./Al13Sc3N16/192/xtal_43.cif,52.058067,18.267733
xtal_44.cif,./Al13Sc3N16/192/xtal_44.cif,-43.520725,-74.98948
xtal_46.cif,./Al13Sc3N16/192/xtal_46.cif,56.544487,6.4440327
xtal_47.cif,./Al13Sc3N16/192/xtal_47.cif,-37.42437,42.661125
xtal_5.cif,./Al13Sc3N16/192/xtal_5.cif,4.2279806,48.981815
xtal_51.cif,./Al13Sc3N16/192/xtal_51.cif,27.73754,-61.801292
xtal_52.cif,./Al13Sc3N16/192/xtal_52.cif,-23.208225,7.089409
xtal_53.cif,./Al13Sc3N16/192/xtal_53.cif,-65.48684,-77.12055
xtal_55.cif,./Al13Sc3N16/192/xtal_55.cif,-87.80468,-44.56524
xtal_6.cif,./Al13Sc3N16/192/xtal_6.cif,-46.662334,-76.42894
xtal_62.cif,./Al13Sc3N16/192/xtal_62.cif,58.610615,25.631706
xtal_65.cif,./Al13Sc3N16/192/xtal_65.cif,0.40960315,-32.984562
xtal_69.cif,./Al13Sc3N16/192/xtal_69.cif,9.475935,-40.126366
xtal_73.cif,./Al13Sc3N16/192/xtal_73.cif,26.677303,-34.207134
xtal_74.cif,./Al13Sc3N16/192/xtal_74.cif,-101.82788,-28.606503
xtal_75.cif,./Al13Sc3N16/192/xtal_75.cif,4.3479424,-47.535633
xtal_77.cif,./Al13Sc3N16/192/xtal_77.cif,16.927563,50.39034
xtal_79.cif,./Al13Sc3N16/192/xtal_79.cif,-101.75913,-29.126627
xtal_8.cif,./Al13Sc3N16/192/xtal_8.cif,38.509254,71.179054
xtal_81.cif,./Al13Sc3N16/192/xtal_81.cif,67.86678,22.009398
xtal_82.cif,./Al13Sc3N16/192/xtal_82.cif,-50.10746,39.664803
xtal_84.cif,./Al13Sc3N16/192/xtal_84.cif,47.47256,25.08101
xtal_87.cif,./Al13Sc3N16/192/xtal_87.cif,-52.2637,-79.14178
xtal_89.cif,./Al13Sc3N16/192/xtal_89.cif,-95.41815,-37.267902
xtal_92.cif,./Al13Sc3N16/192/xtal_92.cif,28.106293,-5.310946
xtal_93.cif,./Al13Sc3N16/192/xtal_93.cif,11.044527,-21.548788
xtal_95.cif,./Al13Sc3N16/192/xtal_95.cif,-31.986343,-4.918977
xtal_96.cif,./Al13Sc3N16/192/xtal_96.cif,-1.1099974,68.02349
xtal_1.cif,./Al13Sc3N16/193/xtal_1.cif,54.57502,66.85925
xtal_100.cif,./Al13Sc3N16/193/xtal_100.cif,-94.12836,-52.240524
xtal_11.cif,./Al13Sc3N16/193/xtal_11.cif,-14.657937,-70.08823
xtal_12.cif,./Al13Sc3N16/193/xtal_12.cif,3.6062949,71.32629
xtal_20.cif,./Al13Sc3N16/193/xtal_20.cif,-42.522114,-31.49658
xtal_21.cif,./Al13Sc3N16/193/xtal_21.cif,36.644085,68.03384
xtal_22.cif,./Al13Sc3N16/193/xtal_22.cif,-51.468395,56.426407
xtal_23.cif,./Al13Sc3N16/193/xtal_23.cif,-66.14232,-41.972824
xtal_25.cif,./Al13Sc3N16/193/xtal_25.cif,54.570095,20.035048
xtal_26.cif,./Al13Sc3N16/193/xtal_26.cif,78.54786,-30.948212
xtal_28.cif,./Al13Sc3N16/193/xtal_28.cif,-94.969986,-45.197544
xtal_3.cif,./Al13Sc3N16/193/xtal_3.cif,61.652428,61.888046
xtal_30.cif,./Al13Sc3N16/193/xtal_30.cif,-93.19869,-49.755455
xtal_34.cif,./Al13Sc3N16/193/xtal_34.cif,23.212809,-13.270105
xtal_35.cif,./Al13Sc3N16/193/xtal_35.cif,-39.91738,-75.62052
xtal_36.cif,./Al13Sc3N16/193/xtal_36.cif,15.150681,57.353016
xtal_37.cif,./Al13Sc3N16/193/xtal_37.cif,43.573765,4.9963737
xtal_4.cif,./Al13Sc3N16/193/xtal_4.cif,-0.3551206,-30.25679
xtal_40.cif,./Al13Sc3N16/193/xtal_40.cif,45.771877,4.856009
xtal_42.cif,./Al13Sc3N16/193/xtal_42.cif,-37.562637,-81.68845
xtal_45.cif,./Al13Sc3N16/193/xtal_45.cif,4.678839,-32.314316
xtal_48.cif,./Al13Sc3N16/193/xtal_48.cif,55.94161,22.341074
xtal_49.cif,./Al13Sc3N16/193/xtal_49.cif,19.197847,-8.792053
xtal_50.cif,./Al13Sc3N16/193/xtal_50.cif,-1.299668,53.676712
xtal_55.cif,./Al13Sc3N16/193/xtal_55.cif,-97.60165,-24.395237
xtal_56.cif,./Al13Sc3N16/193/xtal_56.cif,-86.244026,-52.929394
xtal_57.cif,./Al13Sc3N16/193/xtal_57.cif,-61.058086,56.75115
xtal_6.cif,./Al13Sc3N16/193/xtal_6.cif,56.38489,6.4838066
xtal_61.cif,./Al13Sc3N16/193/xtal_61.cif,-17.356897,-74.70182
xtal_62.cif,./Al13Sc3N16/193/xtal_62.cif,-37.35413,-79.09527
xtal_64.cif,./Al13Sc3N16/193/xtal_64.cif,36.723602,-12.592431
xtal_66.cif,./Al13Sc3N16/193/xtal_66.cif,-8.0427475,82.10145
xtal_69.cif,./Al13Sc3N16/193/xtal_69.cif,42.708824,77.797874
xtal_73.cif,./Al13Sc3N16/193/xtal_73.cif,32.62248,2.3814447
xtal_74.cif,./Al13Sc3N16/193/xtal_74.cif,-12.382446,27.429543
xtal_75.cif,./Al13Sc3N16/193/xtal_75.cif,2.208572,-54.78759
xtal_79.cif,./Al13Sc3N16/193/xtal_79.cif,15.559258,-37.635284
xtal_81.cif,./Al13Sc3N16/193/xtal_81.cif,-4.0161614,-45.724514
xtal_82.cif,./Al13Sc3N16/193/xtal_82.cif,5.150931,-22.85593
xtal_85.cif,./Al13Sc3N16/193/xtal_85.cif,-27.442638,-64.08079
xtal_86.cif,./Al13Sc3N16/193/xtal_86.cif,19.388046,-16.80143
xtal_88.cif,./Al13Sc3N16/193/xtal_88.cif,13.650378,-36.14702
xtal_89.cif,./Al13Sc3N16/193/xtal_89.cif,-94.98023,-48.678974
xtal_9.cif,./Al13Sc3N16/193/xtal_9.cif,-23.10904,-63.054096
xtal_90.cif,./Al13Sc3N16/193/xtal_90.cif,35.09887,-14.152002
xtal_93.cif,./Al13Sc3N16/193/xtal_93.cif,16.435907,66.42619
xtal_94.cif,./Al13Sc3N16/193/xtal_94.cif,-86.35939,-59.585556
xtal_97.cif,./Al13Sc3N16/193/xtal_97.cif,91.07334,2.7056081
xtal_99.cif,./Al13Sc3N16/193/xtal_99.cif,68.91406,45.545208
xtal_1.cif,./Al13Sc3N16/194/xtal_1.cif,9.560605,-17.093702
xtal_10.cif,./Al13Sc3N16/194/xtal_10.cif,15.9288025,34.24457
xtal_100.cif,./Al13Sc3N16/194/xtal_100.cif,73.236275,46.495052
xtal_11.cif,./Al13Sc3N16/194/xtal_11.cif,-31.893732,-73.401436
xtal_12.cif,./Al13Sc3N16/194/xtal_12.cif,12.70639,-41.156307
xtal_13.cif,./Al13Sc3N16/194/xtal_13.cif,41.59036,-11.744235
xtal_15.cif,./Al13Sc3N16/194/xtal_15.cif,47.564068,-34.453915
xtal_17.cif,./Al13Sc3N16/194/xtal_17.cif,-36.34916,-77.98064
xtal_19.cif,./Al13Sc3N16/194/xtal_19.cif,29.145035,-7.5559916
xtal_2.cif,./Al13Sc3N16/194/xtal_2.cif,21.791512,-27.911966
xtal_21.cif,./Al13Sc3N16/194/xtal_21.cif,56.537136,50.56172
xtal_22.cif,./Al13Sc3N16/194/xtal_22.cif,40.190266,56.27545
xtal_27.cif,./Al13Sc3N16/194/xtal_27.cif,-21.562593,-58.132065
xtal_28.cif,./Al13Sc3N16/194/xtal_28.cif,57.048565,46.70385
xtal_30.cif,./Al13Sc3N16/194/xtal_30.cif,-48.275547,-76.309746
xtal_34.cif,./Al13Sc3N16/194/xtal_34.cif,14.370843,20.19135
xtal_36.cif,./Al13Sc3N16/194/xtal_36.cif,72.378784,56.13025
xtal_38.cif,./Al13Sc3N16/194/xtal_38.cif,56.487286,31.366457
xtal_4.cif,./Al13Sc3N16/194/xtal_4.cif,14.628548,-12.691738
xtal_40.cif,./Al13Sc3N16/194/xtal_40.cif,41.84236,-21.278355
xtal_41.cif,./Al13Sc3N16/194/xtal_41.cif,2.7148905,-18.043457
xtal_48.cif,./Al13Sc3N16/194/xtal_48.cif,14.322706,19.634825
xtal_49.cif,./Al13Sc3N16/194/xtal_49.cif,-3.2563162,-45.36674
xtal_5.cif,./Al13Sc3N16/194/xtal_5.cif,67.824745,60.09686
xtal_50.cif,./Al13Sc3N16/194/xtal_50.cif,-49.8065,-80.162506
xtal_51.cif,./Al13Sc3N16/194/xtal_51.cif,69.71318,-47.509186
xtal_57.cif,./Al13Sc3N16/194/xtal_57.cif,-10.966633,-7.2004085
xtal_58.cif,./Al13Sc3N16/194/xtal_58.cif,-10.098911,-64.51442
xtal_6.cif,./Al13Sc3N16/194/xtal_6.cif,21.845724,-40.248135
xtal_60.cif,./Al13Sc3N16/194/xtal_60.cif,-93.12312,-50.685738
xtal_63.cif,./Al13Sc3N16/194/xtal_63.cif,49.554962,1.1545075
xtal_64.cif,./Al13Sc3N16/194/xtal_64.cif,60.663464,23.196959
xtal_65.cif,./Al13Sc3N16/194/xtal_65.cif,10.775961,-34.08272
xtal_66.cif,./Al13Sc3N16/194/xtal_66.cif,10.633125,-28.637802
xtal_70.cif,./Al13Sc3N16/194/xtal_70.cif,37.857338,2.0863216
xtal_80.cif,./Al13Sc3N16/194/xtal_80.cif,32.55227,2.4300246
xtal_81.cif,./Al13Sc3N16/194/xtal_81.cif,-74.12912,11.108138
xtal_84.cif,./Al13Sc3N16/194/xtal_84.cif,43.143463,-9.634744
xtal_87.cif,./Al13Sc3N16/194/xtal_87.cif,19.307495,0.5632676
xtal_88.cif,./Al13Sc3N16/194/xtal_88.cif,56.25354,26.270363
xtal_89.cif,./Al13Sc3N16/194/xtal_89.cif,-15.89026,-67.15696
xtal_9.cif,./Al13Sc3N16/194/xtal_9.cif,-31.479404,-76.815956
xtal_91.cif,./Al13Sc3N16/194/xtal_91.cif,-32.546566,-70.48582
xtal_93.cif,./Al13Sc3N16/194/xtal_93.cif,-21.563244,-58.158516
xtal_94.cif,./Al13Sc3N16/194/xtal_94.cif,8.855562,-33.041866
xtal_96.cif,./Al13Sc3N16/194/xtal_96.cif,-107.17156,3.403912
xtal_10.cif,./Al13Sc3N16/195/xtal_10.cif,52.707573,-9.220165
xtal_12.cif,./Al13Sc3N16/195/xtal_12.cif,33.792316,-26.735065
xtal_13.cif,./Al13Sc3N16/195/xtal_13.cif,61.898144,36.207844
xtal_14.cif,./Al13Sc3N16/195/xtal_14.cif,-22.173763,68.93451
xtal_16.cif,./Al13Sc3N16/195/xtal_16.cif,63.774517,-8.75522
xtal_18.cif,./Al13Sc3N16/195/xtal_18.cif,-48.109585,-80.852516
xtal_2.cif,./Al13Sc3N16/195/xtal_2.cif,69.450516,-82.41815
xtal_20.cif,./Al13Sc3N16/195/xtal_20.cif,53.066414,-25.690462
xtal_21.cif,./Al13Sc3N16/195/xtal_21.cif,16.759138,-45.613422
xtal_22.cif,./Al13Sc3N16/195/xtal_22.cif,45.745373,-23.009104
xtal_23.cif,./Al13Sc3N16/195/xtal_23.cif,75.43548,42.068222
xtal_24.cif,./Al13Sc3N16/195/xtal_24.cif,-56.22772,82.33537
xtal_25.cif,./Al13Sc3N16/195/xtal_25.cif,49.336834,-31.278357
xtal_27.cif,./Al13Sc3N16/195/xtal_27.cif,-4.652807,-62.339077
xtal_31.cif,./Al13Sc3N16/195/xtal_31.cif,-59.9756,-76.311005
xtal_34.cif,./Al13Sc3N16/195/xtal_34.cif,69.453,-82.45641
xtal_35.cif,./Al13Sc3N16/195/xtal_35.cif,50.62012,20.778532
xtal_38.cif,./Al13Sc3N16/195/xtal_38.cif,-106.99686,-10.858131
xtal_4.cif,./Al13Sc3N16/195/xtal_4.cif,49.960785,-10.974725
xtal_40.cif,./Al13Sc3N16/195/xtal_40.cif,25.8594,-32.97531
xtal_41.cif,./Al13Sc3N16/195/xtal_41.cif,-6.704486,-62.019905
xtal_44.cif,./Al13Sc3N16/195/xtal_44.cif,95.8408,-12.208663
xtal_46.cif,./Al13Sc3N16/195/xtal_46.cif,-89.56584,-47.153366
xtal_47.cif,./Al13Sc3N16/195/xtal_47.cif,74.3214,12.263921
xtal_51.cif,./Al13Sc3N16/195/xtal_51.cif,57.100838,-66.70647
xtal_55.cif,./Al13Sc3N16/195/xtal_55.cif,42.25421,-22.514517
xtal_56.cif,./Al13Sc3N16/195/xtal_56.cif,77.44164,30.488745
xtal_57.cif,./Al13Sc3N16/195/xtal_57.cif,33.974205,-77.274055
xtal_58.cif,./Al13Sc3N16/195/xtal_58.cif,23.127554,84.48533
xtal_6.cif,./Al13Sc3N16/195/xtal_6.cif,-64.61402,-74.43879
xtal_60.cif,./Al13Sc3N16/195/xtal_60.cif,49.852432,39.906265
xtal_64.cif,./Al13Sc3N16/195/xtal_64.cif,-21.815434,-74.899216
xtal_66.cif,./Al13Sc3N16/195/xtal_66.cif,79.41806,45.382023
xtal_67.cif,./Al13Sc3N16/195/xtal_67.cif,51.68244,-39.47757
xtal_68.cif,./Al13Sc3N16/195/xtal_68.cif,-107.1542,3.2895982
xtal_75.cif,./Al13Sc3N16/195/xtal_75.cif,58.86161,-21.299675
xtal_77.cif,./Al13Sc3N16/195/xtal_77.cif,-12.675701,-69.74392
xtal_78.cif,./Al13Sc3N16/195/xtal_78.cif,-12.059714,-25.96283
xtal_79.cif,./Al13Sc3N16/195/xtal_79.cif,36.326267,-46.698746
xtal_8.cif,./Al13Sc3N16/195/xtal_8.cif,51.507736,-75.55959
xtal_83.cif,./Al13Sc3N16/195/xtal_83.cif,7.5520144,-66.414604
xtal_84.cif,./Al13Sc3N16/195/xtal_84.cif,-58.10523,-55.26684
xtal_85.cif,./Al13Sc3N16/195/xtal_85.cif,100.66259,-1.8234216
xtal_86.cif,./Al13Sc3N16/195/xtal_86.cif,20.87793,-59.42357
xtal_88.cif,./Al13Sc3N16/195/xtal_88.cif,21.094528,-21.355282
xtal_91.cif,./Al13Sc3N16/195/xtal_91.cif,27.079847,-46.133606
xtal_94.cif,./Al13Sc3N16/195/xtal_94.cif,22.738314,-34.535416
xtal_97.cif,./Al13Sc3N16/195/xtal_97.cif,-3.4145052,-57.06851
xtal_98.cif,./Al13Sc3N16/195/xtal_98.cif,54.222717,33.76124
xtal_99.cif,./Al13Sc3N16/195/xtal_99.cif,-36.28661,-71.98
xtal_1.cif,./Al13Sc3N16/197/xtal_1.cif,22.68015,-95.214516
xtal_10.cif,./Al13Sc3N16/197/xtal_10.cif,83.37707,1.1241796
xtal_100.cif,./Al13Sc3N16/197/xtal_100.cif,66.27381,67.91326
xtal_13.cif,./Al13Sc3N16/197/xtal_13.cif,-11.60736,-61.48955
xtal_15.cif,./Al13Sc3N16/197/xtal_15.cif,22.91268,-95.412796
xtal_19.cif,./Al13Sc3N16/197/xtal_19.cif,43.830505,-12.603216
xtal_20.cif,./Al13Sc3N16/197/xtal_20.cif,3.0254488,-59.871723
xtal_24.cif,./Al13Sc3N16/197/xtal_24.cif,23.354177,-95.797
xtal_25.cif,./Al13Sc3N16/197/xtal_25.cif,-10.917747,59.258163
xtal_29.cif,./Al13Sc3N16/197/xtal_29.cif,38.022163,-30.977402
xtal_3.cif,./Al13Sc3N16/197/xtal_3.cif,68.55267,-38.950825
xtal_40.cif,./Al13Sc3N16/197/xtal_40.cif,-90.23594,-63.217632
xtal_41.cif,./Al13Sc3N16/197/xtal_41.cif,-45.87938,-69.491905
xtal_42.cif,./Al13Sc3N16/197/xtal_42.cif,-42.799442,87.87399
xtal_43.cif,./Al13Sc3N16/197/xtal_43.cif,41.971577,-28.927176
xtal_45.cif,./Al13Sc3N16/197/xtal_45.cif,100.94751,-1.7339278
xtal_48.cif,./Al13Sc3N16/197/xtal_48.cif,2.6160913,-60.08386
xtal_49.cif,./Al13Sc3N16/197/xtal_49.cif,51.77635,0.0768544
xtal_5.cif,./Al13Sc3N16/197/xtal_5.cif,-29.160446,-71.400085
xtal_52.cif,./Al13Sc3N16/197/xtal_52.cif,-107.06757,3.95701
xtal_53.cif,./Al13Sc3N16/197/xtal_53.cif,27.429132,-30.042105
xtal_56.cif,./Al13Sc3N16/197/xtal_56.cif,80.73324,31.247955
xtal_57.cif,./Al13Sc3N16/197/xtal_57.cif,81.090385,28.008978
xtal_6.cif,./Al13Sc3N16/197/xtal_6.cif,75.38451,12.879254
xtal_60.cif,./Al13Sc3N16/197/xtal_60.cif,7.7495623,-29.81549
xtal_63.cif,./Al13Sc3N16/197/xtal_63.cif,23.102879,-95.58468
xtal_64.cif,./Al13Sc3N16/197/xtal_64.cif,81.11412,27.951504
xtal_65.cif,./Al13Sc3N16/197/xtal_65.cif,-73.57296,75.73202
xtal_67.cif,./Al13Sc3N16/197/xtal_67.cif,23.027227,-95.51245
xtal_69.cif,./Al13Sc3N16/197/xtal_69.cif,22.622602,-95.16287
xtal_7.cif,./Al13Sc3N16/197/xtal_7.cif,22.83082,-95.34202
xtal_70.cif,./Al13Sc3N16/197/xtal_70.cif,-13.62463,-47.98845
xtal_71.cif,./Al13Sc3N16/197/xtal_71.cif,-100.07895,-37.493233
xtal_73.cif,./Al13Sc3N16/197/xtal_73.cif,-85.73891,-59.959892
xtal_75.cif,./Al13Sc3N16/197/xtal_75.cif,30.067434,-32.287716
xtal_79.cif,./Al13Sc3N16/197/xtal_79.cif,8.850246,-40.569237
xtal_80.cif,./Al13Sc3N16/197/xtal_80.cif,-42.792267,87.79629
xtal_81.cif,./Al13Sc3N16/197/xtal_81.cif,73.23149,32.414906
xtal_84.cif,./Al13Sc3N16/197/xtal_84.cif,76.819756,7.5011535
xtal_85.cif,./Al13Sc3N16/197/xtal_85.cif,25.831722,-15.185723
xtal_86.cif,./Al13Sc3N16/197/xtal_86.cif,74.25576,54.488705
xtal_9.cif,./Al13Sc3N16/197/xtal_9.cif,44.07974,13.549576
xtal_90.cif,./Al13Sc3N16/197/xtal_90.cif,24.454935,22.586054
xtal_91.cif,./Al13Sc3N16/197/xtal_91.cif,-46.923447,-67.91377
xtal_92.cif,./Al13Sc3N16/197/xtal_92.cif,43.79076,-12.621459
xtal_93.cif,./Al13Sc3N16/197/xtal_93.cif,-106.47382,-21.037521
xtal_94.cif,./Al13Sc3N16/197/xtal_94.cif,55.920853,18.123308
xtal_95.cif,./Al13Sc3N16/197/xtal_95.cif,-3.7587788,-52.49615
xtal_97.cif,./Al13Sc3N16/197/xtal_97.cif,-101.67792,-35.437435
xtal_99.cif,./Al13Sc3N16/197/xtal_99.cif,12.327438,-35.419495
xtal_100.cif,./Al13Sc3N16/200/xtal_100.cif,50.016922,36.143646
xtal_14.cif,./Al13Sc3N16/200/xtal_14.cif,41.91261,68.43304
xtal_15.cif,./Al13Sc3N16/200/xtal_15.cif,71.46753,22.207985
xtal_19.cif,./Al13Sc3N16/200/xtal_19.cif,-8.972143,-23.68483
xtal_20.cif,./Al13Sc3N16/200/xtal_20.cif,-17.415077,6.7840524
xtal_22.cif,./Al13Sc3N16/200/xtal_22.cif,18.675272,-50.7517
xtal_23.cif,./Al13Sc3N16/200/xtal_23.cif,-20.881985,-74.37445
xtal_24.cif,./Al13Sc3N16/200/xtal_24.cif,-36.23256,-67.04201
xtal_26.cif,./Al13Sc3N16/200/xtal_26.cif,9.2408285,-30.901255
xtal_27.cif,./Al13Sc3N16/200/xtal_27.cif,18.22527,-15.80214
xtal_28.cif,./Al13Sc3N16/200/xtal_28.cif,70.0136,-8.081995
xtal_29.cif,./Al13Sc3N16/200/xtal_29.cif,-98.121735,-41.815918
xtal_3.cif,./Al13Sc3N16/200/xtal_3.cif,55.12785,48.682056
xtal_30.cif,./Al13Sc3N16/200/xtal_30.cif,64.704384,14.11225
xtal_32.cif,./Al13Sc3N16/200/xtal_32.cif,-49.065544,-52.71638
xtal_35.cif,./Al13Sc3N16/200/xtal_35.cif,-100.34758,-25.985714
xtal_36.cif,./Al13Sc3N16/200/xtal_36.cif,-82.13033,-64.04423
xtal_37.cif,./Al13Sc3N16/200/xtal_37.cif,18.018343,84.731384
xtal_39.cif,./Al13Sc3N16/200/xtal_39.cif,-35.32077,32.03363
xtal_4.cif,./Al13Sc3N16/200/xtal_4.cif,70.38979,-5.6482096
xtal_40.cif,./Al13Sc3N16/200/xtal_40.cif,12.223935,-21.140385
xtal_41.cif,./Al13Sc3N16/200/xtal_41.cif,57.847908,2.0119765
xtal_42.cif,./Al13Sc3N16/200/xtal_42.cif,5.161396,24.921385
xtal_44.cif,./Al13Sc3N16/200/xtal_44.cif,31.589071,-4.3707027
xtal_45.cif,./Al13Sc3N16/200/xtal_45.cif,9.978775,81.78716
xtal_47.cif,./Al13Sc3N16/200/xtal_47.cif,-46.87126,-41.13115
xtal_48.cif,./Al13Sc3N16/200/xtal_48.cif,-106.7958,-11.757315
xtal_49.cif,./Al13Sc3N16/200/xtal_49.cif,5.041992,24.648493
xtal_53.cif,./Al13Sc3N16/200/xtal_53.cif,12.607878,-30.7148
xtal_54.cif,./Al13Sc3N16/200/xtal_54.cif,69.33723,-38.84067
xtal_55.cif,./Al13Sc3N16/200/xtal_55.cif,-9.941724,-63.719715
xtal_56.cif,./Al13Sc3N16/200/xtal_56.cif,-19.661163,82.52214
xtal_62.cif,./Al13Sc3N16/200/xtal_62.cif,-77.38309,-72.39618
xtal_63.cif,./Al13Sc3N16/200/xtal_63.cif,20.894964,17.496525
xtal_67.cif,./Al13Sc3N16/200/xtal_67.cif,-58.448162,-75.63685
xtal_70.cif,./Al13Sc3N16/200/xtal_70.cif,48.926174,41.14464
xtal_72.cif,./Al13Sc3N16/200/xtal_72.cif,-16.983082,21.993011
xtal_76.cif,./Al13Sc3N16/200/xtal_76.cif,-57.11435,-78.55612
xtal_77.cif,./Al13Sc3N16/200/xtal_77.cif,-97.41618,-39.806274
xtal_79.cif,./Al13Sc3N16/200/xtal_79.cif,64.04622,23.217451
xtal_80.cif,./Al13Sc3N16/200/xtal_80.cif,-9.490965,66.6158
xtal_81.cif,./Al13Sc3N16/200/xtal_81.cif,10.608038,-27.898342
xtal_82.cif,./Al13Sc3N16/200/xtal_82.cif,61.295235,54.542076
xtal_83.cif,./Al13Sc3N16/200/xtal_83.cif,51.76248,-39.44199
xtal_85.cif,./Al13Sc3N16/200/xtal_85.cif,6.7614717,82.12639
xtal_86.cif,./Al13Sc3N16/200/xtal_86.cif,1.4383883,-40.12443
xtal_88.cif,./Al13Sc3N16/200/xtal_88.cif,33.58001,-26.4592
xtal_95.cif,./Al13Sc3N16/200/xtal_95.cif,19.280573,-23.027773
xtal_96.cif,./Al13Sc3N16/200/xtal_96.cif,-36.313698,-77.57036
xtal_99.cif,./Al13Sc3N16/200/xtal_99.cif,48.055748,49.20196
xtal_1.cif,./Al13Sc3N16/201/xtal_1.cif,-10.722725,-23.484762
xtal_100.cif,./Al13Sc3N16/201/xtal_100.cif,-31.01526,-72.09584
xtal_11.cif,./Al13Sc3N16/201/xtal_11.cif,15.236219,-26.042755
xtal_13.cif,./Al13Sc3N16/201/xtal_13.cif,18.040432,-51.169693
xtal_14.cif,./Al13Sc3N16/201/xtal_14.cif,47.328423,44.192898
xtal_15.cif,./Al13Sc3N16/201/xtal_15.cif,59.957912,53.502934
xtal_16.cif,./Al13Sc3N16/201/xtal_16.cif,60.65975,55.506313
xtal_17.cif,./Al13Sc3N16/201/xtal_17.cif,-31.89851,-71.90448
xtal_18.cif,./Al13Sc3N16/201/xtal_18.cif,-20.703953,16.33175
xtal_19.cif,./Al13Sc3N16/201/xtal_19.cif,-59.128624,-77.02038
xtal_2.cif,./Al13Sc3N16/201/xtal_2.cif,-32.011135,-71.9176
xtal_20.cif,./Al13Sc3N16/201/xtal_20.cif,40.18493,18.60306
xtal_22.cif,./Al13Sc3N16/201/xtal_22.cif,50.800446,65.74971
xtal_24.cif,./Al13Sc3N16/201/xtal_24.cif,23.70174,-6.613078
xtal_27.cif,./Al13Sc3N16/201/xtal_27.cif,67.91307,63.653824
xtal_29.cif,./Al13Sc3N16/201/xtal_29.cif,31.146297,73.72707
xtal_32.cif,./Al13Sc3N16/201/xtal_32.cif,10.501466,85.4363
xtal_34.cif,./Al13Sc3N16/201/xtal_34.cif,-98.16662,-42.164856
xtal_35.cif,./Al13Sc3N16/201/xtal_35.cif,-5.6654944,-50.780098
xtal_36.cif,./Al13Sc3N16/201/xtal_36.cif,13.781283,-12.700605
xtal_38.cif,./Al13Sc3N16/201/xtal_38.cif,34.713673,89.665215
xtal_40.cif,./Al13Sc3N16/201/xtal_40.cif,65.940254,36.34808
xtal_42.cif,./Al13Sc3N16/201/xtal_42.cif,-0.8478097,22.295187
xtal_43.cif,./Al13Sc3N16/201/xtal_43.cif,-83.486534,-46.92128
xtal_44.cif,./Al13Sc3N16/201/xtal_44.cif,30.911135,5.8924446
xtal_45.cif,./Al13Sc3N16/201/xtal_45.cif,61.37329,53.82322
xtal_5.cif,./Al13Sc3N16/201/xtal_5.cif,11.054746,83.62472
xtal_51.cif,./Al13Sc3N16/201/xtal_51.cif,43.45954,-36.430996
xtal_54.cif,./Al13Sc3N16/201/xtal_54.cif,-49.808594,-75.44453
xtal_55.cif,./Al13Sc3N16/201/xtal_55.cif,-33.569687,-73.33084
xtal_59.cif,./Al13Sc3N16/201/xtal_59.cif,65.2492,50.593647
xtal_61.cif,./Al13Sc3N16/201/xtal_61.cif,66.57095,68.03909
xtal_62.cif,./Al13Sc3N16/201/xtal_62.cif,-22.96327,-76.28345
xtal_63.cif,./Al13Sc3N16/201/xtal_63.cif,-0.72281665,22.902843
xtal_66.cif,./Al13Sc3N16/201/xtal_66.cif,-83.9829,-58.82097
xtal_68.cif,./Al13Sc3N16/201/xtal_68.cif,57.42374,53.284935
xtal_69.cif,./Al13Sc3N16/201/xtal_69.cif,-92.21892,-54.50456
xtal_7.cif,./Al13Sc3N16/201/xtal_7.cif,-8.301252,-53.235565
xtal_70.cif,./Al13Sc3N16/201/xtal_70.cif,29.599094,87.01292
xtal_74.cif,./Al13Sc3N16/201/xtal_74.cif,32.590733,13.839602
xtal_77.cif,./Al13Sc3N16/201/xtal_77.cif,43.406624,15.906513
xtal_81.cif,./Al13Sc3N16/201/xtal_81.cif,-8.6221075,58.438225
xtal_82.cif,./Al13Sc3N16/201/xtal_82.cif,50.100533,39.50554
xtal_84.cif,./Al13Sc3N16/201/xtal_84.cif,6.738075,-30.065586
xtal_85.cif,./Al13Sc3N16/201/xtal_85.cif,-95.72648,-26.023771
xtal_86.cif,./Al13Sc3N16/201/xtal_86.cif,-78.90605,-70.901794
xtal_88.cif,./Al13Sc3N16/201/xtal_88.cif,44.082188,67.312775
xtal_93.cif,./Al13Sc3N16/201/xtal_93.cif,10.09849,-16.058352
xtal_94.cif,./Al13Sc3N16/201/xtal_94.cif,33.180706,13.060903
xtal_98.cif,./Al13Sc3N16/201/xtal_98.cif,31.998327,7.2065434
xtal_1.cif,./Al13Sc3N16/204/xtal_1.cif,-98.188126,-41.023083
xtal_12.cif,./Al13Sc3N16/204/xtal_12.cif,34.735294,89.69339
xtal_13.cif,./Al13Sc3N16/204/xtal_13.cif,40.308342,18.562551
xtal_14.cif,./Al13Sc3N16/204/xtal_14.cif,-82.90881,-70.86461
xtal_16.cif,./Al13Sc3N16/204/xtal_16.cif,-3.8029103,-51.23471
xtal_17.cif,./Al13Sc3N16/204/xtal_17.cif,65.82472,56.704323
xtal_18.cif,./Al13Sc3N16/204/xtal_18.cif,-74.074585,-69.35365
xtal_19.cif,./Al13Sc3N16/204/xtal_19.cif,10.210014,-31.178072
xtal_2.cif,./Al13Sc3N16/204/xtal_2.cif,9.493027,-31.48828
xtal_24.cif,./Al13Sc3N16/204/xtal_24.cif,-10.5372505,-61.368263
xtal_25.cif,./Al13Sc3N16/204/xtal_25.cif,-82.89653,-70.890015
xtal_29.cif,./Al13Sc3N16/204/xtal_29.cif,30.114153,-8.239878
xtal_3.cif,./Al13Sc3N16/204/xtal_3.cif,-86.85646,-61.886833
xtal_30.cif,./Al13Sc3N16/204/xtal_30.cif,-94.71709,-51.951965
xtal_31.cif,./Al13Sc3N16/204/xtal_31.cif,-107.89222,-14.442824
xtal_32.cif,./Al13Sc3N16/204/xtal_32.cif,-3.8812604,-51.291744
xtal_33.cif,./Al13Sc3N16/204/xtal_33.cif,66.83641,30.772038
xtal_34.cif,./Al13Sc3N16/204/xtal_34.cif,10.570871,-31.21013
xtal_35.cif,./Al13Sc3N16/204/xtal_35.cif,84.345314,-0.017625906
xtal_37.cif,./Al13Sc3N16/204/xtal_37.cif,20.214842,-32.016678
xtal_46.cif,./Al13Sc3N16/204/xtal_46.cif,9.915211,-15.682933
xtal_47.cif,./Al13Sc3N16/204/xtal_47.cif,63.46541,52.517147
xtal_49.cif,./Al13Sc3N16/204/xtal_49.cif,-89.253174,-50.584915
xtal_53.cif,./Al13Sc3N16/204/xtal_53.cif,39.890755,21.025414
xtal_54.cif,./Al13Sc3N16/204/xtal_54.cif,56.370815,39.930534
xtal_56.cif,./Al13Sc3N16/204/xtal_56.cif,89.28149,-2.6039395
xtal_57.cif,./Al13Sc3N16/204/xtal_57.cif,59.999996,53.533142
xtal_58.cif,./Al13Sc3N16/204/xtal_58.cif,68.725266,64.542915
xtal_6.cif,./Al13Sc3N16/204/xtal_6.cif,-45.72137,-82.65519
xtal_64.cif,./Al13Sc3N16/204/xtal_64.cif,50.023952,37.08272
xtal_65.cif,./Al13Sc3N16/204/xtal_65.cif,-11.656317,-61.46391
xtal_66.cif,./Al13Sc3N16/204/xtal_66.cif,-45.724323,-82.286964
xtal_69.cif,./Al13Sc3N16/204/xtal_69.cif,-4.167616,-29.983326
xtal_70.cif,./Al13Sc3N16/204/xtal_70.cif,51.905426,0.6094287
xtal_71.cif,./Al13Sc3N16/204/xtal_71.cif,24.235243,-6.818742
xtal_72.cif,./Al13Sc3N16/204/xtal_72.cif,-14.256282,-64.00388
xtal_74.cif,./Al13Sc3N16/204/xtal_74.cif,76.138054,2.454589
xtal_78.cif,./Al13Sc3N16/204/xtal_78.cif,24.248821,-6.8164306
xtal_8.cif,./Al13Sc3N16/204/xtal_8.cif,12.785307,-28.704618
xtal_83.cif,./Al13Sc3N16/204/xtal_83.cif,50.3491,-21.786993
xtal_84.cif,./Al13Sc3N16/204/xtal_84.cif,-83.96184,-58.746704
xtal_88.cif,./Al13Sc3N16/204/xtal_88.cif,7.375579,11.352737
xtal_89.cif,./Al13Sc3N16/204/xtal_89.cif,-11.367335,-61.22227
xtal_9.cif,./Al13Sc3N16/204/xtal_9.cif,91.49168,18.24488
xtal_90.cif,./Al13Sc3N16/204/xtal_90.cif,56.982784,41.09181
xtal_91.cif,./Al13Sc3N16/204/xtal_91.cif,49.762726,1.6066046
xtal_93.cif,./Al13Sc3N16/204/xtal_93.cif,-46.346214,-69.89854
xtal_96.cif,./Al13Sc3N16/204/xtal_96.cif,84.61744,42.363487
xtal_98.cif,./Al13Sc3N16/204/xtal_98.cif,8.756305,-15.226783
xtal_99.cif,./Al13Sc3N16/204/xtal_99.cif,-103.80338,-24.003153
xtal_10.cif,./Al13Sc3N16/207/xtal_10.cif,-28.33008,-64.716774
xtal_13.cif,./Al13Sc3N16/207/xtal_13.cif,39.110218,-6.4264235
xtal_14.cif,./Al13Sc3N16/207/xtal_14.cif,61.082638,53.95235
xtal_15.cif,./Al13Sc3N16/207/xtal_15.cif,-15.253661,-29.95347
xtal_16.cif,./Al13Sc3N16/207/xtal_16.cif,-14.475049,-62.01422
xtal_18.cif,./Al13Sc3N16/207/xtal_18.cif,-33.066074,-36.483532
xtal_2.cif,./Al13Sc3N16/207/xtal_2.cif,-58.45777,83.317406
xtal_23.cif,./Al13Sc3N16/207/xtal_23.cif,5.136696,24.428743
xtal_24.cif,./Al13Sc3N16/207/xtal_24.cif,50.243675,37.858173
xtal_27.cif,./Al13Sc3N16/207/xtal_27.cif,-22.812147,-49.774403
xtal_30.cif,./Al13Sc3N16/207/xtal_30.cif,-31.723389,24.93691
xtal_32.cif,./Al13Sc3N16/207/xtal_32.cif,12.098347,84.49755
xtal_33.cif,./Al13Sc3N16/207/xtal_33.cif,31.524218,74.84938
xtal_36.cif,./Al13Sc3N16/207/xtal_36.cif,-19.457037,54.5405
xtal_37.cif,./Al13Sc3N16/207/xtal_37.cif,-3.9078581,-2.634917
xtal_43.cif,./Al13Sc3N16/207/xtal_43.cif,41.777813,29.65765
xtal_44.cif,./Al13Sc3N16/207/xtal_44.cif,-31.725344,24.932224
xtal_45.cif,./Al13Sc3N16/207/xtal_45.cif,-33.769337,-79.382744
xtal_46.cif,./Al13Sc3N16/207/xtal_46.cif,65.30829,-9.59679
xtal_47.cif,./Al13Sc3N16/207/xtal_47.cif,6.198078,90.13646
xtal_5.cif,./Al13Sc3N16/207/xtal_5.cif,56.628445,76.60532
xtal_52.cif,./Al13Sc3N16/207/xtal_52.cif,-96.3203,-51.99664
xtal_53.cif,./Al13Sc3N16/207/xtal_53.cif,23.191833,12.674921
xtal_54.cif,./Al13Sc3N16/207/xtal_54.cif,-98.34113,-43.967182
xtal_56.cif,./Al13Sc3N16/207/xtal_56.cif,-11.657252,-69.49467
xtal_58.cif,./Al13Sc3N16/207/xtal_58.cif,9.874382,-13.260437
xtal_59.cif,./Al13Sc3N16/207/xtal_59.cif,-23.116741,24.324165
xtal_6.cif,./Al13Sc3N16/207/xtal_6.cif,-9.196033,-46.694996
xtal_60.cif,./Al13Sc3N16/207/xtal_60.cif,4.110066,-31.046268
xtal_61.cif,./Al13Sc3N16/207/xtal_61.cif,25.217146,8.331665
xtal_62.cif,./Al13Sc3N16/207/xtal_62.cif,1.0484879,-45.320946
xtal_63.cif,./Al13Sc3N16/207/xtal_63.cif,-23.78864,-61.41599
xtal_66.cif,./Al13Sc3N16/207/xtal_66.cif,79.12353,44.958782
xtal_7.cif,./Al13Sc3N16/207/xtal_7.cif,6.1814737,90.05711
xtal_71.cif,./Al13Sc3N16/207/xtal_71.cif,-85.40567,-61.067207
xtal_73.cif,./Al13Sc3N16/207/xtal_73.cif,-48.74725,6.0631633
xtal_74.cif,./Al13Sc3N16/207/xtal_74.cif,-104.04712,-24.870264
xtal_76.cif,./Al13Sc3N16/207/xtal_76.cif,42.683933,19.847431
xtal_79.cif,./Al13Sc3N16/207/xtal_79.cif,-15.401422,21.254608
xtal_8.cif,./Al13Sc3N16/207/xtal_8.cif,-88.19623,-60.32594
xtal_83.cif,./Al13Sc3N16/207/xtal_83.cif,37.366547,23.026394
xtal_84.cif,./Al13Sc3N16/207/xtal_84.cif,-19.81864,19.311008
xtal_86.cif,./Al13Sc3N16/207/xtal_86.cif,-17.943287,6.5000257
xtal_88.cif,./Al13Sc3N16/207/xtal_88.cif,46.586212,26.351007
xtal_89.cif,./Al13Sc3N16/207/xtal_89.cif,57.083084,41.049923
xtal_93.cif,./Al13Sc3N16/207/xtal_93.cif,-2.5903778,-49.98086
xtal_94.cif,./Al13Sc3N16/207/xtal_94.cif,-63.297195,87.967766
xtal_96.cif,./Al13Sc3N16/207/xtal_96.cif,-86.06201,-53.11988
xtal_98.cif,./Al13Sc3N16/207/xtal_98.cif,-107.15777,0.5839541
xtal_99.cif,./Al13Sc3N16/207/xtal_99.cif,-10.683341,-6.4096055
xtal_1.cif,./Al13Sc3N16/208/xtal_1.cif,53.172688,46.55085
xtal_10.cif,./Al13Sc3N16/208/xtal_10.cif,-105.74177,-11.232107
xtal_12.cif,./Al13Sc3N16/208/xtal_12.cif,12.875591,-29.653189
xtal_13.cif,./Al13Sc3N16/208/xtal_13.cif,-85.2444,-60.758324
xtal_15.cif,./Al13Sc3N16/208/xtal_15.cif,-6.84314,-59.742645
xtal_16.cif,./Al13Sc3N16/208/xtal_16.cif,83.4127,0.33510405
xtal_17.cif,./Al13Sc3N16/208/xtal_17.cif,3.2222314,-59.39279
xtal_19.cif,./Al13Sc3N16/208/xtal_19.cif,43.784294,68.65602
xtal_20.cif,./Al13Sc3N16/208/xtal_20.cif,-107.226395,-10.502779
xtal_28.cif,./Al13Sc3N16/208/xtal_28.cif,-68.41133,-74.79933
xtal_29.cif,./Al13Sc3N16/208/xtal_29.cif,-35.990944,-78.46592
xtal_30.cif,./Al13Sc3N16/208/xtal_30.cif,67.25918,-3.5664198
xtal_31.cif,./Al13Sc3N16/208/xtal_31.cif,58.27233,67.14393
xtal_35.cif,./Al13Sc3N16/208/xtal_35.cif,68.98139,67.002335
xtal_37.cif,./Al13Sc3N16/208/xtal_37.cif,-23.341574,-49.392365
xtal_38.cif,./Al13Sc3N16/208/xtal_38.cif,13.819863,-4.7825785
xtal_39.cif,./Al13Sc3N16/208/xtal_39.cif,27.479841,-31.039614
xtal_41.cif,./Al13Sc3N16/208/xtal_41.cif,-94.816925,-47.294872
xtal_44.cif,./Al13Sc3N16/208/xtal_44.cif,-12.125642,-44.535366
xtal_46.cif,./Al13Sc3N16/208/xtal_46.cif,11.741196,-9.765656
xtal_48.cif,./Al13Sc3N16/208/xtal_48.cif,49.88188,1.8478899
xtal_49.cif,./Al13Sc3N16/208/xtal_49.cif,66.56762,61.053127
xtal_5.cif,./Al13Sc3N16/208/xtal_5.cif,45.23765,-21.25817
xtal_51.cif,./Al13Sc3N16/208/xtal_51.cif,36.20251,-5.3318167
xtal_53.cif,./Al13Sc3N16/208/xtal_53.cif,69.697205,64.961334
xtal_62.cif,./Al13Sc3N16/208/xtal_62.cif,64.56885,-3.5139458
xtal_63.cif,./Al13Sc3N16/208/xtal_63.cif,85.3636,0.10083761
xtal_65.cif,./Al13Sc3N16/208/xtal_65.cif,67.5905,64.49034
xtal_66.cif,./Al13Sc3N16/208/xtal_66.cif,-25.337317,-69.496826
xtal_67.cif,./Al13Sc3N16/208/xtal_67.cif,48.95326,-26.18354
xtal_7.cif,./Al13Sc3N16/208/xtal_7.cif,-15.121903,-61.864323
xtal_70.cif,./Al13Sc3N16/208/xtal_70.cif,27.023987,-20.072302
xtal_71.cif,./Al13Sc3N16/208/xtal_71.cif,-16.809027,-19.39997
xtal_72.cif,./Al13Sc3N16/208/xtal_72.cif,-96.1413,-37.34951
xtal_76.cif,./Al13Sc3N16/208/xtal_76.cif,54.1258,48.86907
xtal_79.cif,./Al13Sc3N16/208/xtal_79.cif,-6.281325,-43.837635
xtal_81.cif,./Al13Sc3N16/208/xtal_81.cif,51.61176,38.451706
xtal_82.cif,./Al13Sc3N16/208/xtal_82.cif,67.53584,35.10082
xtal_83.cif,./Al13Sc3N16/208/xtal_83.cif,13.933233,-4.8102436
xtal_85.cif,./Al13Sc3N16/208/xtal_85.cif,82.170334,40.61177
xtal_87.cif,./Al13Sc3N16/208/xtal_87.cif,10.387529,-29.765577
xtal_89.cif,./Al13Sc3N16/208/xtal_89.cif,7.5261416,-29.826208
xtal_9.cif,./Al13Sc3N16/208/xtal_9.cif,-81.24209,-68.02696
xtal_90.cif,./Al13Sc3N16/208/xtal_90.cif,43.437107,25.66516
xtal_91.cif,./Al13Sc3N16/208/xtal_91.cif,46.63565,27.832373
xtal_92.cif,./Al13Sc3N16/208/xtal_92.cif,19.077953,-4.2350006
xtal_94.cif,./Al13Sc3N16/208/xtal_94.cif,57.10215,51.53852
xtal_95.cif,./Al13Sc3N16/208/xtal_95.cif,63.220284,-7.3261113
xtal_98.cif,./Al13Sc3N16/208/xtal_98.cif,19.346952,-32.81655
xtal_99.cif,./Al13Sc3N16/208/xtal_99.cif,-103.0864,-10.420338
xtal_1.cif,./Al13Sc3N16/211/xtal_1.cif,46.356754,27.500889
xtal_10.cif,./Al13Sc3N16/211/xtal_10.cif,5.4615164,-29.069473
xtal_100.cif,./Al13Sc3N16/211/xtal_100.cif,-51.570614,-1.3883797
xtal_11.cif,./Al13Sc3N16/211/xtal_11.cif,-28.449776,17.453993
xtal_12.cif,./Al13Sc3N16/211/xtal_12.cif,46.22874,43.169727
xtal_14.cif,./Al13Sc3N16/211/xtal_14.cif,-28.93742,-71.27269
xtal_17.cif,./Al13Sc3N16/211/xtal_17.cif,55.37214,48.003216
xtal_20.cif,./Al13Sc3N16/211/xtal_20.cif,38.114166,10.51151
xtal_21.cif,./Al13Sc3N16/211/xtal_21.cif,8.519201,-15.70319
xtal_23.cif,./Al13Sc3N16/211/xtal_23.cif,-106.89111,-14.514376
xtal_24.cif,./Al13Sc3N16/211/xtal_24.cif,-73.89608,-69.633125
xtal_26.cif,./Al13Sc3N16/211/xtal_26.cif,-20.493217,-48.100166
xtal_27.cif,./Al13Sc3N16/211/xtal_27.cif,52.538155,37.278522
xtal_30.cif,./Al13Sc3N16/211/xtal_30.cif,-65.72774,-46.033806
xtal_33.cif,./Al13Sc3N16/211/xtal_33.cif,-102.41597,-20.359669
xtal_34.cif,./Al13Sc3N16/211/xtal_34.cif,62.288963,50.53451
xtal_35.cif,./Al13Sc3N16/211/xtal_35.cif,55.236275,48.00665
xtal_38.cif,./Al13Sc3N16/211/xtal_38.cif,14.601949,-26.367529
xtal_4.cif,./Al13Sc3N16/211/xtal_4.cif,33.07305,8.428181
xtal_40.cif,./Al13Sc3N16/211/xtal_40.cif,-13.219054,-64.422485
xtal_43.cif,./Al13Sc3N16/211/xtal_43.cif,-68.01806,-73.76044
xtal_44.cif,./Al13Sc3N16/211/xtal_44.cif,-2.2849076,-35.427998
xtal_45.cif,./Al13Sc3N16/211/xtal_45.cif,-48.258045,8.0763855
xtal_47.cif,./Al13Sc3N16/211/xtal_47.cif,25.505428,8.505462
xtal_48.cif,./Al13Sc3N16/211/xtal_48.cif,-97.16375,-41.498577
xtal_49.cif,./Al13Sc3N16/211/xtal_49.cif,-84.52678,-58.163292
xtal_51.cif,./Al13Sc3N16/211/xtal_51.cif,50.12087,37.47509
xtal_52.cif,./Al13Sc3N16/211/xtal_52.cif,-106.07786,-23.324507
xtal_57.cif,./Al13Sc3N16/211/xtal_57.cif,-25.840717,16.58201
xtal_58.cif,./Al13Sc3N16/211/xtal_58.cif,42.174603,22.664747
xtal_59.cif,./Al13Sc3N16/211/xtal_59.cif,69.22419,38.83411
xtal_61.cif,./Al13Sc3N16/211/xtal_61.cif,-28.208723,18.683567
xtal_63.cif,./Al13Sc3N16/211/xtal_63.cif,-7.663608,-56.607265
xtal_68.cif,./Al13Sc3N16/211/xtal_68.cif,20.460234,-0.8286838
xtal_7.cif,./Al13Sc3N16/211/xtal_7.cif,6.9436426,-31.572426
xtal_74.cif,./Al13Sc3N16/211/xtal_74.cif,21.038004,-17.973526
xtal_77.cif,./Al13Sc3N16/211/xtal_77.cif,-17.836138,-56.26019
xtal_80.cif,./Al13Sc3N16/211/xtal_80.cif,57.681343,53.348873
xtal_81.cif,./Al13Sc3N16/211/xtal_81.cif,-22.478434,-63.11551
xtal_83.cif,./Al13Sc3N16/211/xtal_83.cif,81.88336,33.084652
xtal_84.cif,./Al13Sc3N16/211/xtal_84.cif,-10.064886,4.707877
xtal_85.cif,./Al13Sc3N16/211/xtal_85.cif,-48.25175,8.07515
xtal_88.cif,./Al13Sc3N16/211/xtal_88.cif,-5.6316514,-40.163376
xtal_89.cif,./Al13Sc3N16/211/xtal_89.cif,-106.8703,-1.4052395
xtal_94.cif,./Al13Sc3N16/211/xtal_94.cif,-80.50824,-46.274693
xtal_95.cif,./Al13Sc3N16/211/xtal_95.cif,32.162403,10.37184
xtal_96.cif,./Al13Sc3N16/211/xtal_96.cif,-28.574081,15.613628
xtal_97.cif,./Al13Sc3N16/211/xtal_97.cif,58.87869,52.109528
xtal_98.cif,./Al13Sc3N16/211/xtal_98.cif,-47.147186,-68.00538
xtal_99.cif,./Al13Sc3N16/211/xtal_99.cif,-46.502995,-69.16046
xtal_1.cif,./Al13Sc3N16/215/xtal_1.cif,-94.86022,-47.547527
xtal_10.cif,./Al13Sc3N16/215/xtal_10.cif,-64.22478,80.57739
xtal_11.cif,./Al13Sc3N16/215/xtal_11.cif,-93.06767,-53.45191
xtal_12.cif,./Al13Sc3N16/215/xtal_12.cif,-29.93068,59.48305
xtal_13.cif,./Al13Sc3N16/215/xtal_13.cif,-45.03021,-75.555534
xtal_15.cif,./Al13Sc3N16/215/xtal_15.cif,7.436103,-66.40795
xtal_16.cif,./Al13Sc3N16/215/xtal_16.cif,16.021318,-52.13689
xtal_17.cif,./Al13Sc3N16/215/xtal_17.cif,60.58964,6.9677033
xtal_19.cif,./Al13Sc3N16/215/xtal_19.cif,90.91113,3.621865
xtal_2.cif,./Al13Sc3N16/215/xtal_2.cif,30.284986,-12.530193
xtal_21.cif,./Al13Sc3N16/215/xtal_21.cif,31.237856,-23.47398
xtal_24.cif,./Al13Sc3N16/215/xtal_24.cif,-35.34847,-31.954647
xtal_27.cif,./Al13Sc3N16/215/xtal_27.cif,-69.35294,-59.2308
xtal_29.cif,./Al13Sc3N16/215/xtal_29.cif,64.01697,20.293316
xtal_31.cif,./Al13Sc3N16/215/xtal_31.cif,75.3745,58.839046
xtal_32.cif,./Al13Sc3N16/215/xtal_32.cif,-45.07595,-79.326744
xtal_33.cif,./Al13Sc3N16/215/xtal_33.cif,75.2241,41.038784
xtal_35.cif,./Al13Sc3N16/215/xtal_35.cif,50.89582,-72.47179
xtal_37.cif,./Al13Sc3N16/215/xtal_37.cif,45.67216,-50.80763
xtal_4.cif,./Al13Sc3N16/215/xtal_4.cif,74.90258,18.784958
xtal_42.cif,./Al13Sc3N16/215/xtal_42.cif,-57.970184,83.2403
xtal_43.cif,./Al13Sc3N16/215/xtal_43.cif,-28.400518,-77.73313
xtal_44.cif,./Al13Sc3N16/215/xtal_44.cif,70.74049,-85.18181
xtal_46.cif,./Al13Sc3N16/215/xtal_46.cif,49.989037,-84.94106
xtal_49.cif,./Al13Sc3N16/215/xtal_49.cif,-61.220074,-59.27646
xtal_50.cif,./Al13Sc3N16/215/xtal_50.cif,41.54142,83.48642
xtal_51.cif,./Al13Sc3N16/215/xtal_51.cif,80.8012,-4.6944513
xtal_53.cif,./Al13Sc3N16/215/xtal_53.cif,43.680477,-39.965153
xtal_58.cif,./Al13Sc3N16/215/xtal_58.cif,77.30884,50.226406
xtal_6.cif,./Al13Sc3N16/215/xtal_6.cif,24.13479,-26.591463
xtal_60.cif,./Al13Sc3N16/215/xtal_60.cif,88.11631,0.37863666
xtal_65.cif,./Al13Sc3N16/215/xtal_65.cif,54.361217,0.21110925
xtal_66.cif,./Al13Sc3N16/215/xtal_66.cif,70.429405,-83.04882
xtal_68.cif,./Al13Sc3N16/215/xtal_68.cif,57.67011,-70.542694
xtal_75.cif,./Al13Sc3N16/215/xtal_75.cif,-91.43913,-59.184887
xtal_76.cif,./Al13Sc3N16/215/xtal_76.cif,64.29682,35.02928
xtal_77.cif,./Al13Sc3N16/215/xtal_77.cif,57.976734,-27.75865
xtal_80.cif,./Al13Sc3N16/215/xtal_80.cif,15.752762,-90.34396
xtal_81.cif,./Al13Sc3N16/215/xtal_81.cif,32.991955,-86.73539
xtal_83.cif,./Al13Sc3N16/215/xtal_83.cif,59.29493,-75.40487
xtal_84.cif,./Al13Sc3N16/215/xtal_84.cif,55.912468,-31.365301
xtal_86.cif,./Al13Sc3N16/215/xtal_86.cif,-61.13889,82.62904
xtal_87.cif,./Al13Sc3N16/215/xtal_87.cif,15.931231,-44.50972
xtal_88.cif,./Al13Sc3N16/215/xtal_88.cif,47.635967,-56.95931
xtal_89.cif,./Al13Sc3N16/215/xtal_89.cif,-102.04636,-11.017493
xtal_9.cif,./Al13Sc3N16/215/xtal_9.cif,26.037695,-68.21598
xtal_90.cif,./Al13Sc3N16/215/xtal_90.cif,43.914906,-20.430147
xtal_93.cif,./Al13Sc3N16/215/xtal_93.cif,95.8336,-14.662461
xtal_96.cif,./Al13Sc3N16/215/xtal_96.cif,-8.411184,-59.20936
xtal_99.cif,./Al13Sc3N16/215/xtal_99.cif,-91.63677,-38.53831
xtal_100.cif,./Al13Sc3N16/217/xtal_100.cif,59.537487,5.9465203
xtal_11.cif,./Al13Sc3N16/217/xtal_11.cif,-65.61677,-74.755806
xtal_12.cif,./Al13Sc3N16/217/xtal_12.cif,53.317467,18.86183
xtal_13.cif,./Al13Sc3N16/217/xtal_13.cif,14.43509,-26.429932
xtal_14.cif,./Al13Sc3N16/217/xtal_14.cif,79.36635,44.5584
xtal_17.cif,./Al13Sc3N16/217/xtal_17.cif,67.46989,32.489155
xtal_18.cif,./Al13Sc3N16/217/xtal_18.cif,-99.43431,-2.3601978
xtal_19.cif,./Al13Sc3N16/217/xtal_19.cif,45.276817,-30.914312
xtal_2.cif,./Al13Sc3N16/217/xtal_2.cif,83.54825,39.71127
xtal_21.cif,./Al13Sc3N16/217/xtal_21.cif,-107.20419,-17.46164
xtal_22.cif,./Al13Sc3N16/217/xtal_22.cif,-13.4748955,-69.12727
xtal_23.cif,./Al13Sc3N16/217/xtal_23.cif,57.39377,-71.9689
xtal_26.cif,./Al13Sc3N16/217/xtal_26.cif,18.192438,-49.110558
xtal_28.cif,./Al13Sc3N16/217/xtal_28.cif,-107.569046,-1.71788
xtal_29.cif,./Al13Sc3N16/217/xtal_29.cif,23.11602,-95.59331
xtal_33.cif,./Al13Sc3N16/217/xtal_33.cif,43.12968,-27.797428
xtal_34.cif,./Al13Sc3N16/217/xtal_34.cif,19.358072,-21.392864
xtal_35.cif,./Al13Sc3N16/217/xtal_35.cif,85.0917,-3.0629838
xtal_38.cif,./Al13Sc3N16/217/xtal_38.cif,11.641965,-40.104
xtal_43.cif,./Al13Sc3N16/217/xtal_43.cif,2.9175286,-59.907585
xtal_44.cif,./Al13Sc3N16/217/xtal_44.cif,-64.24487,-10.026187
xtal_46.cif,./Al13Sc3N16/217/xtal_46.cif,84.56563,42.507633
xtal_47.cif,./Al13Sc3N16/217/xtal_47.cif,81.82595,38.73997
xtal_48.cif,./Al13Sc3N16/217/xtal_48.cif,-22.124842,-72.95997
xtal_5.cif,./Al13Sc3N16/217/xtal_5.cif,-65.4446,-75.192566
xtal_50.cif,./Al13Sc3N16/217/xtal_50.cif,-23.923553,-65.8298
xtal_51.cif,./Al13Sc3N16/217/xtal_51.cif,-95.540405,-45.949665
xtal_52.cif,./Al13Sc3N16/217/xtal_52.cif,44.944454,-18.990816
xtal_54.cif,./Al13Sc3N16/217/xtal_54.cif,43.471233,-1.3003541
xtal_56.cif,./Al13Sc3N16/217/xtal_56.cif,-64.339745,-8.938092
xtal_61.cif,./Al13Sc3N16/217/xtal_61.cif,-25.82224,16.406235
xtal_63.cif,./Al13Sc3N16/217/xtal_63.cif,51.355537,16.81086
xtal_65.cif,./Al13Sc3N16/217/xtal_65.cif,-43.352947,-12.677677
xtal_66.cif,./Al13Sc3N16/217/xtal_66.cif,81.09307,27.995583
xtal_67.cif,./Al13Sc3N16/217/xtal_67.cif,-23.755585,-74.7365
xtal_69.cif,./Al13Sc3N16/217/xtal_69.cif,-41.247406,31.5253
xtal_7.cif,./Al13Sc3N16/217/xtal_7.cif,25.876507,-15.235238
xtal_70.cif,./Al13Sc3N16/217/xtal_70.cif,-9.268544,-68.24643
xtal_71.cif,./Al13Sc3N16/217/xtal_71.cif,-108.0251,6.350488
xtal_73.cif,./Al13Sc3N16/217/xtal_73.cif,100.55647,-1.9403484
xtal_74.cif,./Al13Sc3N16/217/xtal_74.cif,-46.279167,-70.015236
xtal_77.cif,./Al13Sc3N16/217/xtal_77.cif,15.342623,-90.312805
xtal_78.cif,./Al13Sc3N16/217/xtal_78.cif,56.4978,78.48163
xtal_8.cif,./Al13Sc3N16/217/xtal_8.cif,70.684044,63.763214
xtal_83.cif,./Al13Sc3N16/217/xtal_83.cif,-98.34547,-39.739697
xtal_86.cif,./Al13Sc3N16/217/xtal_86.cif,-0.24918166,-58.461067
xtal_87.cif,./Al13Sc3N16/217/xtal_87.cif,-64.351555,-8.827633
xtal_89.cif,./Al13Sc3N16/217/xtal_89.cif,-86.44982,-47.96927
xtal_9.cif,./Al13Sc3N16/217/xtal_9.cif,-60.775253,-76.86295
xtal_91.cif,./Al13Sc3N16/217/xtal_91.cif,32.64772,-16.215
xtal_1.cif,./Al13Sc3N16/218/xtal_1.cif,60.10866,1.6042953
xtal_100.cif,./Al13Sc3N16/218/xtal_100.cif,-34.212086,82.871605
xtal_11.cif,./Al13Sc3N16/218/xtal_11.cif,-98.82856,-43.13473
xtal_13.cif,./Al13Sc3N16/218/xtal_13.cif,-57.32459,-74.69944
xtal_14.cif,./Al13Sc3N16/218/xtal_14.cif,-34.273186,82.81833
xtal_15.cif,./Al13Sc3N16/218/xtal_15.cif,15.887713,-44.615696
xtal_2.cif,./Al13Sc3N16/218/xtal_2.cif,20.315758,-35.052998
xtal_20.cif,./Al13Sc3N16/218/xtal_20.cif,54.903137,-6.6992297
xtal_21.cif,./Al13Sc3N16/218/xtal_21.cif,22.99797,-95.486084
xtal_22.cif,./Al13Sc3N16/218/xtal_22.cif,-77.48683,-69.77829
xtal_26.cif,./Al13Sc3N16/218/xtal_26.cif,21.564844,19.477581
xtal_27.cif,./Al13Sc3N16/218/xtal_27.cif,67.80808,65.73084
xtal_28.cif,./Al13Sc3N16/218/xtal_28.cif,11.376688,-24.144148
xtal_30.cif,./Al13Sc3N16/218/xtal_30.cif,-25.110626,-53.20745
xtal_33.cif,./Al13Sc3N16/218/xtal_33.cif,-1.4587637,-54.00222
xtal_34.cif,./Al13Sc3N16/218/xtal_34.cif,-25.764687,22.16882
xtal_37.cif,./Al13Sc3N16/218/xtal_37.cif,-34.21935,81.91104
xtal_39.cif,./Al13Sc3N16/218/xtal_39.cif,27.921444,-11.782829
xtal_41.cif,./Al13Sc3N16/218/xtal_41.cif,22.603077,-95.14596
xtal_42.cif,./Al13Sc3N16/218/xtal_42.cif,96.560684,-17.65585
xtal_44.cif,./Al13Sc3N16/218/xtal_44.cif,-12.93028,-67.98184
xtal_47.cif,./Al13Sc3N16/218/xtal_47.cif,73.5452,21.993635
xtal_51.cif,./Al13Sc3N16/218/xtal_51.cif,27.659279,-30.505041
xtal_56.cif,./Al13Sc3N16/218/xtal_56.cif,100.68025,-1.844635
xtal_57.cif,./Al13Sc3N16/218/xtal_57.cif,29.7566,73.6995
xtal_58.cif,./Al13Sc3N16/218/xtal_58.cif,-13.696819,91.14236
xtal_59.cif,./Al13Sc3N16/218/xtal_59.cif,31.598547,-12.950085
xtal_60.cif,./Al13Sc3N16/218/xtal_60.cif,23.047308,-95.531746
xtal_67.cif,./Al13Sc3N16/218/xtal_67.cif,76.77482,11.210754
xtal_69.cif,./Al13Sc3N16/218/xtal_69.cif,68.57225,35.938847
xtal_7.cif,./Al13Sc3N16/218/xtal_7.cif,-74.44432,-75.204285
xtal_72.cif,./Al13Sc3N16/218/xtal_72.cif,85.39344,-1.4591429
xtal_73.cif,./Al13Sc3N16/218/xtal_73.cif,58.02476,27.060965
xtal_74.cif,./Al13Sc3N16/218/xtal_74.cif,-98.23487,-38.193024
xtal_75.cif,./Al13Sc3N16/218/xtal_75.cif,-52.131668,-81.290596
xtal_77.cif,./Al13Sc3N16/218/xtal_77.cif,2.963289,-59.782284
xtal_79.cif,./Al13Sc3N16/218/xtal_79.cif,62.05693,36.120678
xtal_8.cif,./Al13Sc3N16/218/xtal_8.cif,25.340248,-31.17879
xtal_82.cif,./Al13Sc3N16/218/xtal_82.cif,-8.063521,89.70882
xtal_84.cif,./Al13Sc3N16/218/xtal_84.cif,48.09044,9.202531
xtal_86.cif,./Al13Sc3N16/218/xtal_86.cif,22.44532,-35.088257
xtal_87.cif,./Al13Sc3N16/218/xtal_87.cif,38.50956,5.3003583
xtal_88.cif,./Al13Sc3N16/218/xtal_88.cif,-13.581839,91.148155
xtal_89.cif,./Al13Sc3N16/218/xtal_89.cif,46.21165,-50.09535
xtal_9.cif,./Al13Sc3N16/218/xtal_9.cif,-20.286089,-74.202866
xtal_90.cif,./Al13Sc3N16/218/xtal_90.cif,53.700726,19.910885
xtal_91.cif,./Al13Sc3N16/218/xtal_91.cif,-57.197205,-69.17885
xtal_94.cif,./Al13Sc3N16/218/xtal_94.cif,25.675516,-40.38773
xtal_96.cif,./Al13Sc3N16/218/xtal_96.cif,21.639177,19.558681
xtal_97.cif,./Al13Sc3N16/218/xtal_97.cif,2.9779594,-8.799967
xtal_10.cif,./Al13Sc3N16/221/xtal_10.cif,-73.03284,-72.08758
xtal_11.cif,./Al13Sc3N16/221/xtal_11.cif,57.22065,74.22622
xtal_13.cif,./Al13Sc3N16/221/xtal_13.cif,-18.011707,-65.94708
xtal_14.cif,./Al13Sc3N16/221/xtal_14.cif,62.680122,49.13816
xtal_17.cif,./Al13Sc3N16/221/xtal_17.cif,70.01246,-4.567242
xtal_18.cif,./Al13Sc3N16/221/xtal_18.cif,-30.426271,-73.05065
xtal_20.cif,./Al13Sc3N16/221/xtal_20.cif,11.0607195,-27.849407
xtal_24.cif,./Al13Sc3N16/221/xtal_24.cif,6.763104,-66.24465
xtal_25.cif,./Al13Sc3N16/221/xtal_25.cif,6.3341117,-59.56835
xtal_26.cif,./Al13Sc3N16/221/xtal_26.cif,-98.69216,-38.009106
xtal_27.cif,./Al13Sc3N16/221/xtal_27.cif,-26.403492,-77.85097
xtal_3.cif,./Al13Sc3N16/221/xtal_3.cif,22.874222,27.248148
xtal_30.cif,./Al13Sc3N16/221/xtal_30.cif,-22.771313,-76.06577
xtal_32.cif,./Al13Sc3N16/221/xtal_32.cif,22.784245,28.668743
xtal_36.cif,./Al13Sc3N16/221/xtal_36.cif,-58.820004,-77.22471
xtal_38.cif,./Al13Sc3N16/221/xtal_38.cif,49.9972,36.00002
xtal_39.cif,./Al13Sc3N16/221/xtal_39.cif,49.129173,67.73464
xtal_4.cif,./Al13Sc3N16/221/xtal_4.cif,21.562973,20.519896
xtal_40.cif,./Al13Sc3N16/221/xtal_40.cif,-16.20529,28.245844
xtal_42.cif,./Al13Sc3N16/221/xtal_42.cif,56.781025,77.19299
xtal_43.cif,./Al13Sc3N16/221/xtal_43.cif,60.159145,4.1039023
xtal_44.cif,./Al13Sc3N16/221/xtal_44.cif,-101.03642,-21.009352
xtal_47.cif,./Al13Sc3N16/221/xtal_47.cif,-49.566097,-49.12349
xtal_48.cif,./Al13Sc3N16/221/xtal_48.cif,21.681684,31.316845
xtal_49.cif,./Al13Sc3N16/221/xtal_49.cif,24.752848,19.928093
xtal_5.cif,./Al13Sc3N16/221/xtal_5.cif,-32.962307,-39.11295
xtal_51.cif,./Al13Sc3N16/221/xtal_51.cif,22.03221,-44.10374
xtal_54.cif,./Al13Sc3N16/221/xtal_54.cif,36.16829,42.923794
xtal_55.cif,./Al13Sc3N16/221/xtal_55.cif,-90.31597,-55.24778
xtal_57.cif,./Al13Sc3N16/221/xtal_57.cif,38.106377,11.751463
xtal_59.cif,./Al13Sc3N16/221/xtal_59.cif,-14.023999,4.6913877
xtal_6.cif,./Al13Sc3N16/221/xtal_6.cif,-27.810452,57.56855
xtal_60.cif,./Al13Sc3N16/221/xtal_60.cif,20.794374,-0.26470667
xtal_61.cif,./Al13Sc3N16/221/xtal_61.cif,-28.909538,40.961536
xtal_63.cif,./Al13Sc3N16/221/xtal_63.cif,-56.140846,76.03376
xtal_64.cif,./Al13Sc3N16/221/xtal_64.cif,-27.313362,-75.63626
xtal_66.cif,./Al13Sc3N16/221/xtal_66.cif,71.38369,-42.91697
xtal_67.cif,./Al13Sc3N16/221/xtal_67.cif,22.203459,-62.73001
xtal_69.cif,./Al13Sc3N16/221/xtal_69.cif,-103.92682,-24.50362
xtal_7.cif,./Al13Sc3N16/221/xtal_7.cif,55.368374,48.874763
xtal_71.cif,./Al13Sc3N16/221/xtal_71.cif,11.898639,-51.976604
xtal_75.cif,./Al13Sc3N16/221/xtal_75.cif,22.975203,16.297436
xtal_77.cif,./Al13Sc3N16/221/xtal_77.cif,29.732548,7.174451
xtal_8.cif,./Al13Sc3N16/221/xtal_8.cif,-94.81215,-22.307264
xtal_82.cif,./Al13Sc3N16/221/xtal_82.cif,-47.30987,-79.31435
xtal_84.cif,./Al13Sc3N16/221/xtal_84.cif,56.580135,76.62003
xtal_87.cif,./Al13Sc3N16/221/xtal_87.cif,58.15796,39.40935
xtal_88.cif,./Al13Sc3N16/221/xtal_88.cif,30.29031,25.921541
xtal_89.cif,./Al13Sc3N16/221/xtal_89.cif,26.941275,-34.747738
xtal_93.cif,./Al13Sc3N16/221/xtal_93.cif,30.981125,85.67983
xtal_10.cif,./Al13Sc3N16/222/xtal_10.cif,19.18191,-23.359318
xtal_11.cif,./Al13Sc3N16/222/xtal_11.cif,-14.133932,-67.69739
xtal_13.cif,./Al13Sc3N16/222/xtal_13.cif,-64.13052,-79.169235
xtal_14.cif,./Al13Sc3N16/222/xtal_14.cif,-24.75894,60.959717
xtal_18.cif,./Al13Sc3N16/222/xtal_18.cif,34.73467,7.0185156
xtal_19.cif,./Al13Sc3N16/222/xtal_19.cif,35.885715,5.468353
xtal_2.cif,./Al13Sc3N16/222/xtal_2.cif,25.376823,8.367086
xtal_20.cif,./Al13Sc3N16/222/xtal_20.cif,15.428532,-51.722515
xtal_21.cif,./Al13Sc3N16/222/xtal_21.cif,2.0790899,-40.876305
xtal_22.cif,./Al13Sc3N16/222/xtal_22.cif,-4.5607524,-29.983227
xtal_25.cif,./Al13Sc3N16/222/xtal_25.cif,-103.97304,-23.52006
xtal_29.cif,./Al13Sc3N16/222/xtal_29.cif,40.145897,-5.595735
xtal_3.cif,./Al13Sc3N16/222/xtal_3.cif,-9.3011465,5.1827526
xtal_34.cif,./Al13Sc3N16/222/xtal_34.cif,43.5677,82.45926
xtal_36.cif,./Al13Sc3N16/222/xtal_36.cif,49.51808,35.464054
xtal_37.cif,./Al13Sc3N16/222/xtal_37.cif,11.213545,-20.12545
xtal_4.cif,./Al13Sc3N16/222/xtal_4.cif,30.930098,6.539764
xtal_41.cif,./Al13Sc3N16/222/xtal_41.cif,-23.019823,-75.64117
xtal_44.cif,./Al13Sc3N16/222/xtal_44.cif,33.3514,9.375706
xtal_45.cif,./Al13Sc3N16/222/xtal_45.cif,6.4333773,-34.327423
xtal_47.cif,./Al13Sc3N16/222/xtal_47.cif,46.238365,27.136932
xtal_49.cif,./Al13Sc3N16/222/xtal_49.cif,-9.002199,8.569662
xtal_5.cif,./Al13Sc3N16/222/xtal_5.cif,-83.80935,-58.807755
xtal_53.cif,./Al13Sc3N16/222/xtal_53.cif,31.532223,86.04008
xtal_56.cif,./Al13Sc3N16/222/xtal_56.cif,44.03239,81.84058
xtal_58.cif,./Al13Sc3N16/222/xtal_58.cif,53.69315,36.091656
xtal_59.cif,./Al13Sc3N16/222/xtal_59.cif,-4.5566325,-29.955029
xtal_6.cif,./Al13Sc3N16/222/xtal_6.cif,-63.92704,-76.37483
xtal_60.cif,./Al13Sc3N16/222/xtal_60.cif,-102.38105,-28.26077
xtal_61.cif,./Al13Sc3N16/222/xtal_61.cif,18.967777,-23.612133
xtal_62.cif,./Al13Sc3N16/222/xtal_62.cif,19.953264,-22.486988
xtal_64.cif,./Al13Sc3N16/222/xtal_64.cif,-16.299938,-66.32849
xtal_65.cif,./Al13Sc3N16/222/xtal_65.cif,43.868965,82.03468
xtal_68.cif,./Al13Sc3N16/222/xtal_68.cif,33.30586,8.759949
xtal_7.cif,./Al13Sc3N16/222/xtal_7.cif,-87.80486,-56.45278
xtal_70.cif,./Al13Sc3N16/222/xtal_70.cif,21.381449,20.808842
xtal_71.cif,./Al13Sc3N16/222/xtal_71.cif,-49.485123,-79.051025
xtal_73.cif,./Al13Sc3N16/222/xtal_73.cif,45.060013,83.57569
xtal_74.cif,./Al13Sc3N16/222/xtal_74.cif,-98.819534,-38.79871
xtal_76.cif,./Al13Sc3N16/222/xtal_76.cif,6.4401894,-34.313267
xtal_77.cif,./Al13Sc3N16/222/xtal_77.cif,38.915443,89.05171
xtal_8.cif,./Al13Sc3N16/222/xtal_8.cif,-42.346836,-76.33321
xtal_81.cif,./Al13Sc3N16/222/xtal_81.cif,57.34452,53.352413
xtal_82.cif,./Al13Sc3N16/222/xtal_82.cif,21.343975,20.728664
xtal_87.cif,./Al13Sc3N16/222/xtal_87.cif,31.456411,86.046844
xtal_89.cif,./Al13Sc3N16/222/xtal_89.cif,46.44706,27.855717
xtal_90.cif,./Al13Sc3N16/222/xtal_90.cif,53.691227,36.702568
xtal_93.cif,./Al13Sc3N16/222/xtal_93.cif,25.832783,8.231757
xtal_95.cif,./Al13Sc3N16/222/xtal_95.cif,70.85678,37.198517
xtal_96.cif,./Al13Sc3N16/222/xtal_96.cif,14.427441,-26.417576
xtal_1.cif,./Al13Sc3N16/223/xtal_1.cif,53.048634,45.007397
xtal_10.cif,./Al13Sc3N16/223/xtal_10.cif,-18.50814,30.517912
xtal_100.cif,./Al13Sc3N16/223/xtal_100.cif,58.50743,6.8766737
xtal_12.cif,./Al13Sc3N16/223/xtal_12.cif,-28.216423,16.867352
xtal_16.cif,./Al13Sc3N16/223/xtal_16.cif,-48.57774,6.26748
xtal_19.cif,./Al13Sc3N16/223/xtal_19.cif,27.852268,-30.211609
xtal_2.cif,./Al13Sc3N16/223/xtal_2.cif,-23.421858,59.87835
xtal_20.cif,./Al13Sc3N16/223/xtal_20.cif,-30.253756,-76.52877
xtal_21.cif,./Al13Sc3N16/223/xtal_21.cif,19.825829,-35.417526
xtal_22.cif,./Al13Sc3N16/223/xtal_22.cif,-101.18774,-28.291903
xtal_23.cif,./Al13Sc3N16/223/xtal_23.cif,38.585705,-22.44084
xtal_24.cif,./Al13Sc3N16/223/xtal_24.cif,14.392227,-26.423744
xtal_25.cif,./Al13Sc3N16/223/xtal_25.cif,-52.278454,-28.048756
xtal_30.cif,./Al13Sc3N16/223/xtal_30.cif,17.803919,-23.511145
xtal_31.cif,./Al13Sc3N16/223/xtal_31.cif,55.614704,39.70009
xtal_36.cif,./Al13Sc3N16/223/xtal_36.cif,61.320827,55.995167
xtal_37.cif,./Al13Sc3N16/223/xtal_37.cif,34.658745,6.442984
xtal_39.cif,./Al13Sc3N16/223/xtal_39.cif,-24.398962,19.075417
xtal_41.cif,./Al13Sc3N16/223/xtal_41.cif,29.59238,9.9028
xtal_42.cif,./Al13Sc3N16/223/xtal_42.cif,2.7647784,-43.71865
xtal_44.cif,./Al13Sc3N16/223/xtal_44.cif,-52.159157,-53.01414
xtal_47.cif,./Al13Sc3N16/223/xtal_47.cif,-89.37773,-47.192703
xtal_48.cif,./Al13Sc3N16/223/xtal_48.cif,4.090322,-30.909664
xtal_49.cif,./Al13Sc3N16/223/xtal_49.cif,-107.12223,4.5918255
xtal_5.cif,./Al13Sc3N16/223/xtal_5.cif,15.469214,-44.420204
xtal_50.cif,./Al13Sc3N16/223/xtal_50.cif,29.822659,-9.285984
xtal_52.cif,./Al13Sc3N16/223/xtal_52.cif,1.4731312,-27.991175
xtal_53.cif,./Al13Sc3N16/223/xtal_53.cif,43.311905,16.031633
xtal_55.cif,./Al13Sc3N16/223/xtal_55.cif,-7.9174957,-45.84193
xtal_56.cif,./Al13Sc3N16/223/xtal_56.cif,-105.41513,-3.9397252
xtal_57.cif,./Al13Sc3N16/223/xtal_57.cif,-107.12364,-11.333032
xtal_61.cif,./Al13Sc3N16/223/xtal_61.cif,22.141962,8.849096
xtal_62.cif,./Al13Sc3N16/223/xtal_62.cif,69.221016,64.11292
xtal_64.cif,./Al13Sc3N16/223/xtal_64.cif,49.670616,40.991844
xtal_65.cif,./Al13Sc3N16/223/xtal_65.cif,69.09533,64.55592
xtal_69.cif,./Al13Sc3N16/223/xtal_69.cif,-54.16219,-2.0193627
xtal_78.cif,./Al13Sc3N16/223/xtal_78.cif,42.89978,78.303
xtal_79.cif,./Al13Sc3N16/223/xtal_79.cif,68.621506,35.679043
xtal_81.cif,./Al13Sc3N16/223/xtal_81.cif,65.61031,60.663887
xtal_82.cif,./Al13Sc3N16/223/xtal_82.cif,40.108845,21.079847
xtal_83.cif,./Al13Sc3N16/223/xtal_83.cif,-16.804451,48.96142
xtal_84.cif,./Al13Sc3N16/223/xtal_84.cif,-29.998184,-45.783993
xtal_85.cif,./Al13Sc3N16/223/xtal_85.cif,-23.006882,-75.62081
xtal_88.cif,./Al13Sc3N16/223/xtal_88.cif,-63.619427,-77.20444
xtal_89.cif,./Al13Sc3N16/223/xtal_89.cif,15.895538,-45.6318
xtal_90.cif,./Al13Sc3N16/223/xtal_90.cif,15.442912,-27.560297
xtal_92.cif,./Al13Sc3N16/223/xtal_92.cif,-26.040487,20.64066
xtal_93.cif,./Al13Sc3N16/223/xtal_93.cif,-48.340954,6.4871273
xtal_96.cif,./Al13Sc3N16/223/xtal_96.cif,25.109438,8.346333
xtal_97.cif,./Al13Sc3N16/223/xtal_97.cif,-48.324818,6.5409784
xtal_10.cif,./Al13Sc3N16/224/xtal_10.cif,-46.998226,-68.93366
xtal_12.cif,./Al13Sc3N16/224/xtal_12.cif,-19.232641,-27.063807
xtal_13.cif,./Al13Sc3N16/224/xtal_13.cif,-27.048092,18.486902
xtal_14.cif,./Al13Sc3N16/224/xtal_14.cif,15.233132,-19.531086
xtal_19.cif,./Al13Sc3N16/224/xtal_19.cif,18.95413,-19.026804
xtal_2.cif,./Al13Sc3N16/224/xtal_2.cif,55.261368,79.73143
xtal_20.cif,./Al13Sc3N16/224/xtal_20.cif,85.38862,13.086233
xtal_23.cif,./Al13Sc3N16/224/xtal_23.cif,7.378095,11.46343
xtal_25.cif,./Al13Sc3N16/224/xtal_25.cif,-101.37056,-29.306293
xtal_26.cif,./Al13Sc3N16/224/xtal_26.cif,-5.9103036,-50.955055
xtal_28.cif,./Al13Sc3N16/224/xtal_28.cif,9.8697195,-15.227863
xtal_29.cif,./Al13Sc3N16/224/xtal_29.cif,14.735516,-44.57487
xtal_32.cif,./Al13Sc3N16/224/xtal_32.cif,37.80459,46.900543
xtal_33.cif,./Al13Sc3N16/224/xtal_33.cif,-30.011429,-45.789856
xtal_36.cif,./Al13Sc3N16/224/xtal_36.cif,46.97099,-20.70421
xtal_37.cif,./Al13Sc3N16/224/xtal_37.cif,30.651226,9.449928
xtal_38.cif,./Al13Sc3N16/224/xtal_38.cif,29.653269,73.64286
xtal_39.cif,./Al13Sc3N16/224/xtal_39.cif,-106.855675,-13.375486
xtal_4.cif,./Al13Sc3N16/224/xtal_4.cif,51.21122,66.96587
xtal_40.cif,./Al13Sc3N16/224/xtal_40.cif,37.455616,-9.84311
xtal_44.cif,./Al13Sc3N16/224/xtal_44.cif,37.263077,8.180723
xtal_45.cif,./Al13Sc3N16/224/xtal_45.cif,-0.8940316,-58.139896
xtal_46.cif,./Al13Sc3N16/224/xtal_46.cif,40.39193,18.58025
xtal_47.cif,./Al13Sc3N16/224/xtal_47.cif,-51.623844,-44.616325
xtal_48.cif,./Al13Sc3N16/224/xtal_48.cif,-46.174286,-82.8428
xtal_51.cif,./Al13Sc3N16/224/xtal_51.cif,48.128677,72.158066
xtal_52.cif,./Al13Sc3N16/224/xtal_52.cif,-61.252247,-76.77867
xtal_54.cif,./Al13Sc3N16/224/xtal_54.cif,75.50652,56.105713
xtal_56.cif,./Al13Sc3N16/224/xtal_56.cif,-27.231525,18.706223
xtal_57.cif,./Al13Sc3N16/224/xtal_57.cif,-43.5983,-81.356575
xtal_58.cif,./Al13Sc3N16/224/xtal_58.cif,21.255165,-17.976475
xtal_60.cif,./Al13Sc3N16/224/xtal_60.cif,53.717587,37.36495
xtal_67.cif,./Al13Sc3N16/224/xtal_67.cif,-86.16408,-60.417923
xtal_69.cif,./Al13Sc3N16/224/xtal_69.cif,41.723515,20.10876
xtal_72.cif,./Al13Sc3N16/224/xtal_72.cif,53.689713,37.326256
xtal_75.cif,./Al13Sc3N16/224/xtal_75.cif,38.092075,-15.5360775
xtal_77.cif,./Al13Sc3N16/224/xtal_77.cif,-51.235977,-51.634624
xtal_79.cif,./Al13Sc3N16/224/xtal_79.cif,38.726017,66.26064
xtal_80.cif,./Al13Sc3N16/224/xtal_80.cif,65.05607,49.72167
xtal_81.cif,./Al13Sc3N16/224/xtal_81.cif,-17.270859,-69.3401
xtal_83.cif,./Al13Sc3N16/224/xtal_83.cif,10.530124,-39.15142
xtal_84.cif,./Al13Sc3N16/224/xtal_84.cif,14.052602,85.15168
xtal_86.cif,./Al13Sc3N16/224/xtal_86.cif,44.851257,25.23479
xtal_91.cif,./Al13Sc3N16/224/xtal_91.cif,35.49476,-18.978579
xtal_92.cif,./Al13Sc3N16/224/xtal_92.cif,67.16119,30.68295
xtal_93.cif,./Al13Sc3N16/224/xtal_93.cif,31.190294,-2.7652106
xtal_94.cif,./Al13Sc3N16/224/xtal_94.cif,-51.402607,-7.918566
xtal_95.cif,./Al13Sc3N16/224/xtal_95.cif,28.574144,6.746628
xtal_96.cif,./Al13Sc3N16/224/xtal_96.cif,81.63509,43.637894
xtal_97.cif,./Al13Sc3N16/224/xtal_97.cif,16.319403,-20.779303
xtal_1.cif,./Al13Sc3N16/229/xtal_1.cif,19.014357,-4.7790627
xtal_100.cif,./Al13Sc3N16/229/xtal_100.cif,53.517174,18.491463
xtal_12.cif,./Al13Sc3N16/229/xtal_12.cif,-58.07694,-81.31705
xtal_13.cif,./Al13Sc3N16/229/xtal_13.cif,51.219326,44.047173
xtal_14.cif,./Al13Sc3N16/229/xtal_14.cif,-86.75921,-61.856377
xtal_15.cif,./Al13Sc3N16/229/xtal_15.cif,-49.441177,-76.73041
xtal_17.cif,./Al13Sc3N16/229/xtal_17.cif,43.599625,82.40892
xtal_18.cif,./Al13Sc3N16/229/xtal_18.cif,52.54156,67.129196
xtal_19.cif,./Al13Sc3N16/229/xtal_19.cif,44.119667,81.75473
xtal_20.cif,./Al13Sc3N16/229/xtal_20.cif,-8.4858675,-55.43212
xtal_22.cif,./Al13Sc3N16/229/xtal_22.cif,-97.89571,-45.086094
xtal_25.cif,./Al13Sc3N16/229/xtal_25.cif,-106.395386,-17.792511
xtal_29.cif,./Al13Sc3N16/229/xtal_29.cif,-16.830267,-40.700695
xtal_30.cif,./Al13Sc3N16/229/xtal_30.cif,-10.921991,-58.846016
xtal_31.cif,./Al13Sc3N16/229/xtal_31.cif,-10.059122,-62.0498
xtal_32.cif,./Al13Sc3N16/229/xtal_32.cif,24.158976,-26.0661
xtal_35.cif,./Al13Sc3N16/229/xtal_35.cif,46.007748,43.064293
xtal_39.cif,./Al13Sc3N16/229/xtal_39.cif,53.77439,35.84596
xtal_40.cif,./Al13Sc3N16/229/xtal_40.cif,33.356213,9.638972
xtal_41.cif,./Al13Sc3N16/229/xtal_41.cif,-54.33783,-78.297165
xtal_45.cif,./Al13Sc3N16/229/xtal_45.cif,84.586685,42.559067
xtal_46.cif,./Al13Sc3N16/229/xtal_46.cif,18.484116,-50.820213
xtal_47.cif,./Al13Sc3N16/229/xtal_47.cif,63.17649,54.902695
xtal_48.cif,./Al13Sc3N16/229/xtal_48.cif,53.13226,19.727451
xtal_50.cif,./Al13Sc3N16/229/xtal_50.cif,32.57389,7.5493674
xtal_51.cif,./Al13Sc3N16/229/xtal_51.cif,32.639164,9.825743
xtal_52.cif,./Al13Sc3N16/229/xtal_52.cif,25.475218,8.464016
xtal_55.cif,./Al13Sc3N16/229/xtal_55.cif,30.778845,-7.740442
xtal_66.cif,./Al13Sc3N16/229/xtal_66.cif,46.410442,27.69818
xtal_68.cif,./Al13Sc3N16/229/xtal_68.cif,-4.5911007,-29.824705
xtal_7.cif,./Al13Sc3N16/229/xtal_7.cif,17.21771,20.294397
xtal_71.cif,./Al13Sc3N16/229/xtal_71.cif,-82.7636,-65.32006
xtal_72.cif,./Al13Sc3N16/229/xtal_72.cif,-107.223755,0.2959267
xtal_73.cif,./Al13Sc3N16/229/xtal_73.cif,8.72796,-15.270646
xtal_74.cif,./Al13Sc3N16/229/xtal_74.cif,50.372887,80.768425
xtal_75.cif,./Al13Sc3N16/229/xtal_75.cif,33.180298,8.393797
xtal_80.cif,./Al13Sc3N16/229/xtal_80.cif,-63.824165,-78.93526
xtal_81.cif,./Al13Sc3N16/229/xtal_81.cif,2.462836,-53.35358
xtal_82.cif,./Al13Sc3N16/229/xtal_82.cif,-46.084507,-68.98921
xtal_83.cif,./Al13Sc3N16/229/xtal_83.cif,-28.91065,-71.2614
xtal_84.cif,./Al13Sc3N16/229/xtal_84.cif,34.68872,6.803882
xtal_85.cif,./Al13Sc3N16/229/xtal_85.cif,65.40177,-4.8666825
xtal_86.cif,./Al13Sc3N16/229/xtal_86.cif,6.3902774,-34.40968
xtal_87.cif,./Al13Sc3N16/229/xtal_87.cif,12.017656,-30.261105
xtal_9.cif,./Al13Sc3N16/229/xtal_9.cif,31.122597,-7.102109
xtal_90.cif,./Al13Sc3N16/229/xtal_90.cif,36.010914,5.7461534
xtal_91.cif,./Al13Sc3N16/229/xtal_91.cif,44.470165,58.646038
xtal_93.cif,./Al13Sc3N16/229/xtal_93.cif,19.75554,-22.683508
xtal_95.cif,./Al13Sc3N16/229/xtal_95.cif,-38.674488,10.470923
xtal_98.cif,./Al13Sc3N16/229/xtal_98.cif,50.54293,-17.605965
